scenario,policy,metric,n,mean,ci95_low,ci95_high
sens-s2-est-x0.5,fifo+first_fit+none,J,10,2.064850163,0.833659611,3.296040714
sens-s2-est-x0.5,fifo+first_fit+none,J_slowdown,10,0.7937884242,0.2372147831,1.350362065
sens-s2-est-x0.5,fifo+first_fit+none,J_wait,10,0.8872833202,0.3923899639,1.382176676
sens-s2-est-x0.5,fifo+first_fit+none,J_waste,10,0.04904450109,0.04371482898,0.05437417321
sens-s2-est-x0.5,fifo+first_fit+none,J_slo,10,0.3043530977,0.09687279003,0.5118334054
sens-s2-est-x0.5,fifo+first_fit+none,J_fairness,10,0.03038081941,0.002194836578,0.05856680225
sens-s2-est-x0.5,fifo+first_fit+none,wait_mean,10,4956.559616,431.2768419,9481.842389
sens-s2-est-x0.5,fifo+first_fit+none,wait_p95,10,11250.906,4975.572626,17526.23937
sens-s2-est-x0.5,fifo+first_fit+none,wait_p99,10,12942.0681,6459.021854,19425.11435
sens-s2-est-x0.5,fifo+first_fit+none,jct_mean,10,7603.864557,2972.612944,12235.11617
sens-s2-est-x0.5,fifo+first_fit+none,jct_p95,10,16210.1534,9948.592118,22471.71468
sens-s2-est-x0.5,fifo+first_fit+none,bsld_mean,10,9.227392719,2.267748361,16.18703708
sens-s2-est-x0.5,fifo+first_fit+none,bsld_p95,10,34.7167439,10.37471022,59.05877758
sens-s2-est-x0.5,fifo+first_fit+none,bsld_p99,10,81.48015969,28.51811177,134.4422076
sens-s2-est-x0.5,fifo+first_fit+none,wflow_mean,10,9.227392719,2.267748361,16.18703708
sens-s2-est-x0.5,fifo+first_fit+none,wflow_sum_all,10,18231.95144,5481.986651,30981.91623
sens-s2-est-x0.5,fifo+first_fit+none,large_wait_mean,10,5264.082945,632.6052496,9895.560639
sens-s2-est-x0.5,fifo+first_fit+none,large_wait_p95,10,11508.1103,5194.998138,17821.22246
sens-s2-est-x0.5,fifo+first_fit+none,utilization,10,0.7837507253,0.7577839549,0.8097174956
sens-s2-est-x0.5,fifo+first_fit+none,frag_blocked_frac,10,0.5951876906,0.4479008503,0.742474531
sens-s2-est-x0.5,fifo+first_fit+none,stranded_frac,10,0.1974532685,0.1616662815,0.2332402555
sens-s2-est-x0.5,fifo+first_fit+none,goodput_ratio,10,0.9509554989,0.9456258268,0.956285171
sens-s2-est-x0.5,fifo+first_fit+none,wasted_gpu_hours,10,244.5142653,185.0538902,303.9746404
sens-s2-est-x0.5,fifo+first_fit+none,lost_gpu_hours,10,0,0,0
sens-s2-est-x0.5,fifo+first_fit+none,overhead_gpu_hours,10,0,0,0
sens-s2-est-x0.5,fifo+first_fit+none,topology_gpu_hours,10,244.5141512,185.053778,303.9745244
sens-s2-est-x0.5,fifo+first_fit+none,slack_gpu_hours,10,0.0001141414142,0.0001050739404,0.000123208888
sens-s2-est-x0.5,fifo+first_fit+none,preemptions,10,0,0,0
sens-s2-est-x0.5,fifo+first_fit+none,failure_kills,10,0,0,0
sens-s2-est-x0.5,fifo+first_fit+none,node_downtime_gpu_hours,10,0,0,0
sens-s2-est-x0.5,fifo+first_fit+none,jain_bsld,10,0.9696191806,0.9414331977,0.9978051634
sens-s2-est-x0.5,fifo+first_fit+none,tenant_worst_best_ratio,10,1.52974334,1.224748293,1.834738388
sens-s2-est-x0.5,fifo+first_fit+none,slo_attainment,10,0.6956469023,0.4881665946,0.90312721
sens-s2-est-x0.5,fifo+first_fit+none,makespan,10,250540.8851,197604.3927,303477.3775
sens-s2-est-x0.5,fifo+first_fit+none,reservations,10,0,0,0
sens-s2-est-x0.5,fifo+first_fit+none,broken_reservations,10,0,0,0
sens-s2-est-x0.5,fifo+first_fit+none,tenant_t0_bsld_mean,10,9.927476332,1.826075142,18.02887752
sens-s2-est-x0.5,fifo+first_fit+none,tenant_t0_bsld_p95,10,40.69776075,6.039683174,75.35583832
sens-s2-est-x0.5,fifo+first_fit+none,tenant_t1_bsld_mean,10,8.820038498,1.962948992,15.677128
sens-s2-est-x0.5,fifo+first_fit+none,tenant_t1_bsld_p95,10,31.32352412,9.134015076,53.51303315
sens-s2-est-x0.5,fifo+first_fit+none,tenant_t2_bsld_mean,10,8.447831696,2.982509893,13.9131535
sens-s2-est-x0.5,fifo+first_fit+none,tenant_t2_bsld_p95,10,33.51027376,13.83928386,53.18126367
sens-s2-est-x0.5,fifo+first_fit+none,tenant_t3_bsld_mean,10,9.474279386,2.648734109,16.29982466
sens-s2-est-x0.5,fifo+first_fit+none,tenant_t3_bsld_p95,10,33.34361079,14.91477188,51.7724497
sens-s2-est-x0.5,fifo+first_fit+none,prio_1_wait_p95,10,11294.5066,4993.211564,17595.80164
sens-s2-est-x0.5,fifo+first_fit+none,prio_1_bsld_p95,10,35.83697842,9.106700711,62.56725613
sens-s2-est-x0.5,fifo+first_fit+none,prio_8_wait_p95,10,10955.4051,4848.078112,17062.73209
sens-s2-est-x0.5,shortest_estimate+topology_aware+conservative,J,10,0.1830482766,0.09192152717,0.2741750261
sens-s2-est-x0.5,shortest_estimate+topology_aware+conservative,J_slowdown,10,0.04062252468,0.03249334747,0.04875170188
sens-s2-est-x0.5,shortest_estimate+topology_aware+conservative,J_wait,10,0.09136428975,0.02066187323,0.1620667063
sens-s2-est-x0.5,shortest_estimate+topology_aware+conservative,J_waste,10,0.03445520422,0.0271464799,0.04176392854
sens-s2-est-x0.5,shortest_estimate+topology_aware+conservative,J_slo,10,0.01516931773,0.007238542726,0.02310009273
sens-s2-est-x0.5,shortest_estimate+topology_aware+conservative,J_fairness,10,0.001436940252,0.0004476372301,0.002426243274
sens-s2-est-x0.5,shortest_estimate+topology_aware+conservative,wait_mean,10,235.7417926,52.47206051,419.0115246
sens-s2-est-x0.5,shortest_estimate+topology_aware+conservative,wait_p95,10,1158.515,261.9961271,2055.033873
sens-s2-est-x0.5,shortest_estimate+topology_aware+conservative,wait_p99,10,4688.1021,1292.32019,8083.88401
sens-s2-est-x0.5,shortest_estimate+topology_aware+conservative,jct_mean,10,2870.356281,2333.18024,3407.532323
sens-s2-est-x0.5,shortest_estimate+topology_aware+conservative,jct_p95,10,10102.644,7868.786433,12336.50157
sens-s2-est-x0.5,shortest_estimate+topology_aware+conservative,bsld_mean,10,1.153355305,1.091849363,1.214861248
sens-s2-est-x0.5,shortest_estimate+topology_aware+conservative,bsld_p95,10,1.776646954,1.421113219,2.132180689
sens-s2-est-x0.5,shortest_estimate+topology_aware+conservative,bsld_p99,10,3.845626351,2.93294448,4.758308223
sens-s2-est-x0.5,shortest_estimate+topology_aware+conservative,wflow_mean,10,1.153355305,1.091849363,1.214861248
sens-s2-est-x0.5,shortest_estimate+topology_aware+conservative,wflow_sum_all,10,2293.032989,2177.772605,2408.293373
sens-s2-est-x0.5,shortest_estimate+topology_aware+conservative,large_wait_mean,10,906.9380306,198.7270617,1615.149
sens-s2-est-x0.5,shortest_estimate+topology_aware+conservative,large_wait_p95,10,4257.1941,1209.756446,7304.631754
sens-s2-est-x0.5,shortest_estimate+topology_aware+conservative,utilization,10,0.7917146247,0.7474648047,0.8359644448
sens-s2-est-x0.5,shortest_estimate+topology_aware+conservative,frag_blocked_frac,10,0.2342979087,0.1593436986,0.3092521188
sens-s2-est-x0.5,shortest_estimate+topology_aware+conservative,stranded_frac,10,0.132828719,0.1016666335,0.1639908045
sens-s2-est-x0.5,shortest_estimate+topology_aware+conservative,goodput_ratio,10,0.9655447958,0.9582360715,0.9728535201
sens-s2-est-x0.5,shortest_estimate+topology_aware+conservative,wasted_gpu_hours,10,172.577474,111.11397,234.040978
sens-s2-est-x0.5,shortest_estimate+topology_aware+conservative,lost_gpu_hours,10,0,0,0
sens-s2-est-x0.5,shortest_estimate+topology_aware+conservative,overhead_gpu_hours,10,0,0,0
sens-s2-est-x0.5,shortest_estimate+topology_aware+conservative,topology_gpu_hours,10,172.5773979,111.113902,234.0408939
sens-s2-est-x0.5,shortest_estimate+topology_aware+conservative,slack_gpu_hours,10,7.608080811e-05,6.433667114e-05,8.782494507e-05
sens-s2-est-x0.5,shortest_estimate+topology_aware+conservative,preemptions,10,0,0,0
sens-s2-est-x0.5,shortest_estimate+topology_aware+conservative,failure_kills,10,0,0,0
sens-s2-est-x0.5,shortest_estimate+topology_aware+conservative,node_downtime_gpu_hours,10,0,0,0
sens-s2-est-x0.5,shortest_estimate+topology_aware+conservative,jain_bsld,10,0.9985630597,0.9975737567,0.9995523628
sens-s2-est-x0.5,shortest_estimate+topology_aware+conservative,tenant_worst_best_ratio,10,1.091997865,1.055964727,1.128031002
sens-s2-est-x0.5,shortest_estimate+topology_aware+conservative,slo_attainment,10,0.9848306823,0.9768999073,0.9927614573
sens-s2-est-x0.5,shortest_estimate+topology_aware+conservative,makespan,10,248230.0994,194308.1852,302152.0136
sens-s2-est-x0.5,shortest_estimate+topology_aware+conservative,reservations,10,283.8,181.6016689,385.9983311
sens-s2-est-x0.5,shortest_estimate+topology_aware+conservative,broken_reservations,10,219.9,134.6911126,305.1088874
sens-s2-est-x0.5,shortest_estimate+topology_aware+conservative,tenant_t0_bsld_mean,10,1.150299779,1.093583062,1.207016496
sens-s2-est-x0.5,shortest_estimate+topology_aware+conservative,tenant_t0_bsld_p95,10,1.812403591,1.51849678,2.106310402
sens-s2-est-x0.5,shortest_estimate+topology_aware+conservative,tenant_t1_bsld_mean,10,1.147520368,1.070598788,1.224441947
sens-s2-est-x0.5,shortest_estimate+topology_aware+conservative,tenant_t1_bsld_p95,10,1.825014574,1.390850535,2.259178612
sens-s2-est-x0.5,shortest_estimate+topology_aware+conservative,tenant_t2_bsld_mean,10,1.165560217,1.093451533,1.237668901
sens-s2-est-x0.5,shortest_estimate+topology_aware+conservative,tenant_t2_bsld_p95,10,1.84259874,1.436511006,2.248686474
sens-s2-est-x0.5,shortest_estimate+topology_aware+conservative,tenant_t3_bsld_mean,10,1.16067353,1.088246622,1.233100439
sens-s2-est-x0.5,shortest_estimate+topology_aware+conservative,tenant_t3_bsld_p95,10,1.832285037,1.420269492,2.244300582
sens-s2-est-x0.5,shortest_estimate+topology_aware+conservative,prio_1_wait_p95,10,1158.8548,226.5879908,2091.121609
sens-s2-est-x0.5,shortest_estimate+topology_aware+conservative,prio_1_bsld_p95,10,1.763304798,1.371959928,2.154649668
sens-s2-est-x0.5,shortest_estimate+topology_aware+conservative,prio_8_wait_p95,10,1000.3097,527.4537301,1473.16567
sens-s2-est-x0.5,shortest_estimate+topology_aware+easy,J,10,0.1750695394,0.1006717735,0.2494673053
sens-s2-est-x0.5,shortest_estimate+topology_aware+easy,J_slowdown,10,0.04124940332,0.03314698379,0.04935182286
sens-s2-est-x0.5,shortest_estimate+topology_aware+easy,J_wait,10,0.08028996923,0.02736114523,0.1332187932
sens-s2-est-x0.5,shortest_estimate+topology_aware+easy,J_waste,10,0.03546609801,0.02725757733,0.04367461869
sens-s2-est-x0.5,shortest_estimate+topology_aware+easy,J_slo,10,0.01557597888,0.006290710621,0.02486124714
sens-s2-est-x0.5,shortest_estimate+topology_aware+easy,J_fairness,10,0.002488089984,0.0006327404863,0.004343439481
sens-s2-est-x0.5,shortest_estimate+topology_aware+easy,wait_mean,10,230.0412369,83.6001124,376.4823613
sens-s2-est-x0.5,shortest_estimate+topology_aware+easy,wait_p95,10,1018.0907,346.9440551,1689.237345
sens-s2-est-x0.5,shortest_estimate+topology_aware+easy,wait_p99,10,4786.6373,1720.774834,7852.499766
sens-s2-est-x0.5,shortest_estimate+topology_aware+easy,jct_mean,10,2865.109084,2339.916503,3390.301664
sens-s2-est-x0.5,shortest_estimate+topology_aware+easy,jct_p95,10,10008.2902,7836.968641,12179.61176
sens-s2-est-x0.5,shortest_estimate+topology_aware+easy,bsld_mean,10,1.160623191,1.103328433,1.217917949
sens-s2-est-x0.5,shortest_estimate+topology_aware+easy,bsld_p95,10,1.804063813,1.449700338,2.158427287
sens-s2-est-x0.5,shortest_estimate+topology_aware+easy,bsld_p99,10,4.098316266,3.17666986,5.019962672
sens-s2-est-x0.5,shortest_estimate+topology_aware+easy,wflow_mean,10,1.160623191,1.103328433,1.217917949
sens-s2-est-x0.5,shortest_estimate+topology_aware+easy,wflow_sum_all,10,2320.506835,2190.080194,2450.933476
sens-s2-est-x0.5,shortest_estimate+topology_aware+easy,large_wait_mean,10,954.84803,321.1818723,1588.514188
sens-s2-est-x0.5,shortest_estimate+topology_aware+easy,large_wait_p95,10,4597.0326,1617.881795,7576.183405
sens-s2-est-x0.5,shortest_estimate+topology_aware+easy,utilization,10,0.7901642784,0.7496175864,0.8307109704
sens-s2-est-x0.5,shortest_estimate+topology_aware+easy,frag_blocked_frac,10,0.2499573028,0.1531914829,0.3467231227
sens-s2-est-x0.5,shortest_estimate+topology_aware+easy,stranded_frac,10,0.1362777595,0.1016337855,0.1709217335
sens-s2-est-x0.5,shortest_estimate+topology_aware+easy,goodput_ratio,10,0.964533902,0.9563253813,0.9727424227
sens-s2-est-x0.5,shortest_estimate+topology_aware+easy,wasted_gpu_hours,10,174.7924702,115.7670619,233.8178786
sens-s2-est-x0.5,shortest_estimate+topology_aware+easy,lost_gpu_hours,10,0,0,0
sens-s2-est-x0.5,shortest_estimate+topology_aware+easy,overhead_gpu_hours,10,0,0,0
sens-s2-est-x0.5,shortest_estimate+topology_aware+easy,topology_gpu_hours,10,174.7923929,115.7669924,233.8177934
sens-s2-est-x0.5,shortest_estimate+topology_aware+easy,slack_gpu_hours,10,7.730909093e-05,6.434085174e-05,9.027733013e-05
sens-s2-est-x0.5,shortest_estimate+topology_aware+easy,preemptions,10,0,0,0
sens-s2-est-x0.5,shortest_estimate+topology_aware+easy,failure_kills,10,0,0,0
sens-s2-est-x0.5,shortest_estimate+topology_aware+easy,node_downtime_gpu_hours,10,0,0,0
sens-s2-est-x0.5,shortest_estimate+topology_aware+easy,jain_bsld,10,0.99751191,0.9956565605,0.9993672595
sens-s2-est-x0.5,shortest_estimate+topology_aware+easy,tenant_worst_best_ratio,10,1.121789195,1.072241669,1.171336721
sens-s2-est-x0.5,shortest_estimate+topology_aware+easy,slo_attainment,10,0.9844240211,0.9751387529,0.9937092894
sens-s2-est-x0.5,shortest_estimate+topology_aware+easy,makespan,10,246711.8225,193441.9478,299981.6972
sens-s2-est-x0.5,shortest_estimate+topology_aware+easy,reservations,10,180.8,137.9531004,223.6468996
sens-s2-est-x0.5,shortest_estimate+topology_aware+easy,broken_reservations,10,144.3,105.8033547,182.7966453
sens-s2-est-x0.5,shortest_estimate+topology_aware+easy,tenant_t0_bsld_mean,10,1.16618458,1.113601206,1.218767955
sens-s2-est-x0.5,shortest_estimate+topology_aware+easy,tenant_t0_bsld_p95,10,1.838434279,1.507603181,2.169265378
sens-s2-est-x0.5,shortest_estimate+topology_aware+easy,tenant_t1_bsld_mean,10,1.142719202,1.081747331,1.203691073
sens-s2-est-x0.5,shortest_estimate+topology_aware+easy,tenant_t1_bsld_p95,10,1.72589217,1.377501375,2.074282965
sens-s2-est-x0.5,shortest_estimate+topology_aware+easy,tenant_t2_bsld_mean,10,1.175583454,1.086396714,1.264770193
sens-s2-est-x0.5,shortest_estimate+topology_aware+easy,tenant_t2_bsld_p95,10,1.850374356,1.41134346,2.289405251
sens-s2-est-x0.5,shortest_estimate+topology_aware+easy,tenant_t3_bsld_mean,10,1.162251272,1.067340554,1.25716199
sens-s2-est-x0.5,shortest_estimate+topology_aware+easy,tenant_t3_bsld_p95,10,1.98296516,1.449667591,2.516262728
sens-s2-est-x0.5,shortest_estimate+topology_aware+easy,prio_1_wait_p95,10,972.3331,425.6207794,1519.045421
sens-s2-est-x0.5,shortest_estimate+topology_aware+easy,prio_1_bsld_p95,10,1.77277712,1.430136681,2.115417559
sens-s2-est-x0.5,shortest_estimate+topology_aware+easy,prio_8_wait_p95,10,965.3777,481.3836722,1449.371728
sens-s2-est-x0.5,shortest_estimate+topology_aware+easy_oracle,J,10,0.1691579868,0.1031514282,0.2351645454
sens-s2-est-x0.5,shortest_estimate+topology_aware+easy_oracle,J_slowdown,10,0.04069590721,0.03322882395,0.04816299048
sens-s2-est-x0.5,shortest_estimate+topology_aware+easy_oracle,J_wait,10,0.07772039072,0.03092008544,0.124520696
sens-s2-est-x0.5,shortest_estimate+topology_aware+easy_oracle,J_waste,10,0.03486735758,0.02625336875,0.0434813464
sens-s2-est-x0.5,shortest_estimate+topology_aware+easy_oracle,J_slo,10,0.01455708896,0.006236649673,0.02287752824
sens-s2-est-x0.5,shortest_estimate+topology_aware+easy_oracle,J_fairness,10,0.001317242327,0.0005221928052,0.002112291849
sens-s2-est-x0.5,shortest_estimate+topology_aware+easy_oracle,wait_mean,10,220.0883566,81.34339172,358.8333215
sens-s2-est-x0.5,shortest_estimate+topology_aware+easy_oracle,wait_p95,10,985.508,392.0720326,1578.943967
sens-s2-est-x0.5,shortest_estimate+topology_aware+easy_oracle,wait_p99,10,4721.6867,1909.976648,7533.396752
sens-s2-est-x0.5,shortest_estimate+topology_aware+easy_oracle,jct_mean,10,2855.038244,2330.310372,3379.766116
sens-s2-est-x0.5,shortest_estimate+topology_aware+easy_oracle,jct_p95,10,9976.6997,7817.441974,12135.95743
sens-s2-est-x0.5,shortest_estimate+topology_aware+easy_oracle,bsld_mean,10,1.150068948,1.094942685,1.205195211
sens-s2-est-x0.5,shortest_estimate+topology_aware+easy_oracle,bsld_p95,10,1.779856377,1.45327966,2.106433093
sens-s2-est-x0.5,shortest_estimate+topology_aware+easy_oracle,bsld_p99,10,3.719732021,3.030817077,4.408646965
sens-s2-est-x0.5,shortest_estimate+topology_aware+easy_oracle,wflow_mean,10,1.150068948,1.094942685,1.205195211
sens-s2-est-x0.5,shortest_estimate+topology_aware+easy_oracle,wflow_sum_all,10,2295.482615,2177.713519,2413.25171
sens-s2-est-x0.5,shortest_estimate+topology_aware+easy_oracle,large_wait_mean,10,884.8844619,321.7517968,1448.017127
sens-s2-est-x0.5,shortest_estimate+topology_aware+easy_oracle,large_wait_p95,10,4456.4945,1717.04791,7195.94109
sens-s2-est-x0.5,shortest_estimate+topology_aware+easy_oracle,utilization,10,0.7920339255,0.7471404379,0.8369274131
sens-s2-est-x0.5,shortest_estimate+topology_aware+easy_oracle,frag_blocked_frac,10,0.2374236463,0.1655031925,0.3093441001
sens-s2-est-x0.5,shortest_estimate+topology_aware+easy_oracle,stranded_frac,10,0.136989509,0.10398604,0.1699929779
sens-s2-est-x0.5,shortest_estimate+topology_aware+easy_oracle,goodput_ratio,10,0.9651326424,0.9565186536,0.9737466313
sens-s2-est-x0.5,shortest_estimate+topology_aware+easy_oracle,wasted_gpu_hours,10,170.9802827,110.641187,231.3193783
sens-s2-est-x0.5,shortest_estimate+topology_aware+easy_oracle,lost_gpu_hours,10,0,0,0
sens-s2-est-x0.5,shortest_estimate+topology_aware+easy_oracle,overhead_gpu_hours,10,0,0,0
sens-s2-est-x0.5,shortest_estimate+topology_aware+easy_oracle,topology_gpu_hours,10,170.9802055,110.6411164,231.3192945
sens-s2-est-x0.5,shortest_estimate+topology_aware+easy_oracle,slack_gpu_hours,10,7.721212124e-05,6.446475327e-05,8.995948921e-05
sens-s2-est-x0.5,shortest_estimate+topology_aware+easy_oracle,preemptions,10,0,0,0
sens-s2-est-x0.5,shortest_estimate+topology_aware+easy_oracle,failure_kills,10,0,0,0
sens-s2-est-x0.5,shortest_estimate+topology_aware+easy_oracle,node_downtime_gpu_hours,10,0,0,0
sens-s2-est-x0.5,shortest_estimate+topology_aware+easy_oracle,jain_bsld,10,0.9986827577,0.9978877082,0.9994778072
sens-s2-est-x0.5,shortest_estimate+topology_aware+easy_oracle,tenant_worst_best_ratio,10,1.091257187,1.059827633,1.122686741
sens-s2-est-x0.5,shortest_estimate+topology_aware+easy_oracle,slo_attainment,10,0.985442911,0.9771224718,0.9937633503
sens-s2-est-x0.5,shortest_estimate+topology_aware+easy_oracle,makespan,10,248223.231,194308.602,302137.86
sens-s2-est-x0.5,shortest_estimate+topology_aware+easy_oracle,reservations,10,193.1,138.5507329,247.6492671
sens-s2-est-x0.5,shortest_estimate+topology_aware+easy_oracle,broken_reservations,10,46.3,28.60610007,63.99389993
sens-s2-est-x0.5,shortest_estimate+topology_aware+easy_oracle,tenant_t0_bsld_mean,10,1.149816115,1.101160961,1.198471268
sens-s2-est-x0.5,shortest_estimate+topology_aware+easy_oracle,tenant_t0_bsld_p95,10,1.794657921,1.530644839,2.058671002
sens-s2-est-x0.5,shortest_estimate+topology_aware+easy_oracle,tenant_t1_bsld_mean,10,1.143882074,1.0760935,1.211670647
sens-s2-est-x0.5,shortest_estimate+topology_aware+easy_oracle,tenant_t1_bsld_p95,10,1.755435691,1.371595178,2.139276204
sens-s2-est-x0.5,shortest_estimate+topology_aware+easy_oracle,tenant_t2_bsld_mean,10,1.153059152,1.085726803,1.220391502
sens-s2-est-x0.5,shortest_estimate+topology_aware+easy_oracle,tenant_t2_bsld_p95,10,1.80806245,1.440930211,2.175194688
sens-s2-est-x0.5,shortest_estimate+topology_aware+easy_oracle,tenant_t3_bsld_mean,10,1.164554167,1.089938234,1.2391701
sens-s2-est-x0.5,shortest_estimate+topology_aware+easy_oracle,tenant_t3_bsld_p95,10,1.981900633,1.524585579,2.439215687
sens-s2-est-x0.5,shortest_estimate+topology_aware+easy_oracle,prio_1_wait_p95,10,1010.1838,424.1059112,1596.261689
sens-s2-est-x0.5,shortest_estimate+topology_aware+easy_oracle,prio_1_bsld_p95,10,1.738624651,1.427935287,2.049314015
sens-s2-est-x0.5,shortest_estimate+topology_aware+easy_oracle,prio_8_wait_p95,10,824.0152,511.0523841,1136.978016
sens-s2-est-x0.5,shortest_estimate+topology_aware+easy_predicted,J,10,0.1840469049,0.1025815756,0.2655122341
sens-s2-est-x0.5,shortest_estimate+topology_aware+easy_predicted,J_slowdown,10,0.04299420093,0.03361695328,0.05237144857
sens-s2-est-x0.5,shortest_estimate+topology_aware+easy_predicted,J_wait,10,0.08640422335,0.02576102929,0.1470474174
sens-s2-est-x0.5,shortest_estimate+topology_aware+easy_predicted,J_waste,10,0.03669371218,0.02897561196,0.04441181239
sens-s2-est-x0.5,shortest_estimate+topology_aware+easy_predicted,J_slo,10,0.0163548618,0.007468735276,0.02524098833
sens-s2-est-x0.5,shortest_estimate+topology_aware+easy_predicted,J_fairness,10,0.001599906641,0.0009089164889,0.002290896793
sens-s2-est-x0.5,shortest_estimate+topology_aware+easy_predicted,wait_mean,10,246.6188046,95.93833887,397.2992704
sens-s2-est-x0.5,shortest_estimate+topology_aware+easy_predicted,wait_p95,10,1095.6205,326.6543081,1864.586692
sens-s2-est-x0.5,shortest_estimate+topology_aware+easy_predicted,wait_p99,10,4850.3808,2249.394491,7451.367109
sens-s2-est-x0.5,shortest_estimate+topology_aware+easy_predicted,jct_mean,10,2882.758577,2366.096232,3399.420923
sens-s2-est-x0.5,shortest_estimate+topology_aware+easy_predicted,jct_p95,10,10008.2628,7807.817816,12208.70778
sens-s2-est-x0.5,shortest_estimate+topology_aware+easy_predicted,bsld_mean,10,1.166687661,1.102938494,1.230436828
sens-s2-est-x0.5,shortest_estimate+topology_aware+easy_predicted,bsld_p95,10,1.880373431,1.470254695,2.290492167
sens-s2-est-x0.5,shortest_estimate+topology_aware+easy_predicted,bsld_p99,10,4.160049535,3.266318066,5.053781003
sens-s2-est-x0.5,shortest_estimate+topology_aware+easy_predicted,wflow_mean,10,1.166687661,1.102938494,1.230436828
sens-s2-est-x0.5,shortest_estimate+topology_aware+easy_predicted,wflow_sum_all,10,2324.835408,2184.110764,2465.560052
sens-s2-est-x0.5,shortest_estimate+topology_aware+easy_predicted,large_wait_mean,10,1016.124034,401.7058258,1630.542243
sens-s2-est-x0.5,shortest_estimate+topology_aware+easy_predicted,large_wait_p95,10,4433.6544,2237.866283,6629.442517
sens-s2-est-x0.5,shortest_estimate+topology_aware+easy_predicted,utilization,10,0.7917364077,0.7490855528,0.8343872625
sens-s2-est-x0.5,shortest_estimate+topology_aware+easy_predicted,frag_blocked_frac,10,0.2554108882,0.1839423317,0.3268794447
sens-s2-est-x0.5,shortest_estimate+topology_aware+easy_predicted,stranded_frac,10,0.1373979082,0.1075526412,0.1672431751
sens-s2-est-x0.5,shortest_estimate+topology_aware+easy_predicted,goodput_ratio,10,0.9633062878,0.9555881876,0.971024388
sens-s2-est-x0.5,shortest_estimate+topology_aware+easy_predicted,wasted_gpu_hours,10,186.4175262,119.3186466,253.5164059
sens-s2-est-x0.5,shortest_estimate+topology_aware+easy_predicted,lost_gpu_hours,10,0,0,0
sens-s2-est-x0.5,shortest_estimate+topology_aware+easy_predicted,overhead_gpu_hours,10,0,0,0
sens-s2-est-x0.5,shortest_estimate+topology_aware+easy_predicted,topology_gpu_hours,10,186.4174478,119.3185769,253.5163187
sens-s2-est-x0.5,shortest_estimate+topology_aware+easy_predicted,slack_gpu_hours,10,7.842828286e-05,6.626841447e-05,9.058815124e-05
sens-s2-est-x0.5,shortest_estimate+topology_aware+easy_predicted,preemptions,10,0,0,0
sens-s2-est-x0.5,shortest_estimate+topology_aware+easy_predicted,failure_kills,10,0,0,0
sens-s2-est-x0.5,shortest_estimate+topology_aware+easy_predicted,node_downtime_gpu_hours,10,0,0,0
sens-s2-est-x0.5,shortest_estimate+topology_aware+easy_predicted,jain_bsld,10,0.9984000934,0.9977091032,0.9990910835
sens-s2-est-x0.5,shortest_estimate+topology_aware+easy_predicted,tenant_worst_best_ratio,10,1.102119136,1.080726137,1.123512135
sens-s2-est-x0.5,shortest_estimate+topology_aware+easy_predicted,slo_attainment,10,0.9836451382,0.9747590117,0.9925312647
sens-s2-est-x0.5,shortest_estimate+topology_aware+easy_predicted,makespan,10,249229.5527,194755.3521,303703.7533
sens-s2-est-x0.5,shortest_estimate+topology_aware+easy_predicted,reservations,10,191.3,139.1142901,243.4857099
sens-s2-est-x0.5,shortest_estimate+topology_aware+easy_predicted,broken_reservations,10,161.1,115.4098384,206.7901616
sens-s2-est-x0.5,shortest_estimate+topology_aware+easy_predicted,tenant_t0_bsld_mean,10,1.181489819,1.115684305,1.247295332
sens-s2-est-x0.5,shortest_estimate+topology_aware+easy_predicted,tenant_t0_bsld_p95,10,1.960142877,1.550980252,2.369305502
sens-s2-est-x0.5,shortest_estimate+topology_aware+easy_predicted,tenant_t1_bsld_mean,10,1.1477026,1.079975885,1.215429316
sens-s2-est-x0.5,shortest_estimate+topology_aware+easy_predicted,tenant_t1_bsld_p95,10,1.813853079,1.43470409,2.193002068
sens-s2-est-x0.5,shortest_estimate+topology_aware+easy_predicted,tenant_t2_bsld_mean,10,1.154920265,1.085962562,1.223877968
sens-s2-est-x0.5,shortest_estimate+topology_aware+easy_predicted,tenant_t2_bsld_p95,10,1.824158484,1.441433485,2.206883482
sens-s2-est-x0.5,shortest_estimate+topology_aware+easy_predicted,tenant_t3_bsld_mean,10,1.188723094,1.099428748,1.27801744
sens-s2-est-x0.5,shortest_estimate+topology_aware+easy_predicted,tenant_t3_bsld_p95,10,2.010346204,1.484908795,2.535783614
sens-s2-est-x0.5,shortest_estimate+topology_aware+easy_predicted,prio_1_wait_p95,10,1030.1644,385.9817006,1674.347099
sens-s2-est-x0.5,shortest_estimate+topology_aware+easy_predicted,prio_1_bsld_p95,10,1.908329947,1.456045493,2.3606144
sens-s2-est-x0.5,shortest_estimate+topology_aware+easy_predicted,prio_8_wait_p95,10,1242.6998,403.9213934,2081.478207
sens-s2-est-x0.5,shortest_estimate+topology_aware+none,J,10,0.3653325151,0.2084596366,0.5222053936
sens-s2-est-x0.5,shortest_estimate+topology_aware+none,J_slowdown,10,0.05411846599,0.04441026854,0.06382666344
sens-s2-est-x0.5,shortest_estimate+topology_aware+none,J_wait,10,0.2370559771,0.113299387,0.3608125672
sens-s2-est-x0.5,shortest_estimate+topology_aware+none,J_waste,10,0.035644222,0.02827027054,0.04301817346
sens-s2-est-x0.5,shortest_estimate+topology_aware+none,J_slo,10,0.03682654971,0.01732315888,0.05632994054
sens-s2-est-x0.5,shortest_estimate+topology_aware+none,J_fairness,10,0.001687300325,2.070070289e-05,0.003353899947
sens-s2-est-x0.5,shortest_estimate+topology_aware+none,wait_mean,10,580.280534,225.2881226,935.2729454
sens-s2-est-x0.5,shortest_estimate+topology_aware+none,wait_p95,10,3005.9108,1436.655828,4575.165772
sens-s2-est-x0.5,shortest_estimate+topology_aware+none,wait_p99,10,8166.0943,3687.806267,12644.38233
sens-s2-est-x0.5,shortest_estimate+topology_aware+none,jct_mean,10,3214.864175,2564.733313,3864.995037
sens-s2-est-x0.5,shortest_estimate+topology_aware+none,jct_p95,10,11620.0418,8562.179828,14677.90377
sens-s2-est-x0.5,shortest_estimate+topology_aware+none,bsld_mean,10,1.269021907,1.161970628,1.376073185
sens-s2-est-x0.5,shortest_estimate+topology_aware+none,bsld_p95,10,2.36689887,1.942305874,2.791491865
sens-s2-est-x0.5,shortest_estimate+topology_aware+none,bsld_p99,10,4.306569911,3.543833351,5.069306471
sens-s2-est-x0.5,shortest_estimate+topology_aware+none,wflow_mean,10,1.269021907,1.161970628,1.376073185
sens-s2-est-x0.5,shortest_estimate+topology_aware+none,wflow_sum_all,10,2510.154039,2310.300376,2710.007701
sens-s2-est-x0.5,shortest_estimate+topology_aware+none,large_wait_mean,10,911.1852661,376.2347481,1446.135784
sens-s2-est-x0.5,shortest_estimate+topology_aware+none,large_wait_p95,10,3936.3034,2097.123284,5775.483516
sens-s2-est-x0.5,shortest_estimate+topology_aware+none,utilization,10,0.7886425523,0.7484977007,0.8287874038
sens-s2-est-x0.5,shortest_estimate+topology_aware+none,frag_blocked_frac,10,0.3357624725,0.2137536699,0.4577712751
sens-s2-est-x0.5,shortest_estimate+topology_aware+none,stranded_frac,10,0.1493307413,0.1125675979,0.1860938848
sens-s2-est-x0.5,shortest_estimate+topology_aware+none,goodput_ratio,10,0.964355778,0.9569818265,0.9717297295
sens-s2-est-x0.5,shortest_estimate+topology_aware+none,wasted_gpu_hours,10,179.1198969,117.9232347,240.3165591
sens-s2-est-x0.5,shortest_estimate+topology_aware+none,lost_gpu_hours,10,0,0,0
sens-s2-est-x0.5,shortest_estimate+topology_aware+none,overhead_gpu_hours,10,0,0,0
sens-s2-est-x0.5,shortest_estimate+topology_aware+none,topology_gpu_hours,10,179.1198153,117.9231624,240.3164681
sens-s2-est-x0.5,shortest_estimate+topology_aware+none,slack_gpu_hours,10,8.162424245e-05,6.881039272e-05,9.443809219e-05
sens-s2-est-x0.5,shortest_estimate+topology_aware+none,preemptions,10,0,0,0
sens-s2-est-x0.5,shortest_estimate+topology_aware+none,failure_kills,10,0,0,0
sens-s2-est-x0.5,shortest_estimate+topology_aware+none,node_downtime_gpu_hours,10,0,0,0
sens-s2-est-x0.5,shortest_estimate+topology_aware+none,jain_bsld,10,0.9983126997,0.9966461001,0.9999792993
sens-s2-est-x0.5,shortest_estimate+topology_aware+none,tenant_worst_best_ratio,10,1.093206249,1.037466096,1.148946402
sens-s2-est-x0.5,shortest_estimate+topology_aware+none,slo_attainment,10,0.9631734503,0.9436700595,0.9826768411
sens-s2-est-x0.5,shortest_estimate+topology_aware+none,makespan,10,251368.8053,198028.9677,304708.6429
sens-s2-est-x0.5,shortest_estimate+topology_aware+none,reservations,10,0,0,0
sens-s2-est-x0.5,shortest_estimate+topology_aware+none,broken_reservations,10,0,0,0
sens-s2-est-x0.5,shortest_estimate+topology_aware+none,tenant_t0_bsld_mean,10,1.271047232,1.174151866,1.367942599
sens-s2-est-x0.5,shortest_estimate+topology_aware+none,tenant_t0_bsld_p95,10,2.404480064,2.02857048,2.780389649
sens-s2-est-x0.5,shortest_estimate+topology_aware+none,tenant_t1_bsld_mean,10,1.248550003,1.142054561,1.355045445
sens-s2-est-x0.5,shortest_estimate+topology_aware+none,tenant_t1_bsld_p95,10,2.276686375,1.828739008,2.724633741
sens-s2-est-x0.5,shortest_estimate+topology_aware+none,tenant_t2_bsld_mean,10,1.286548648,1.15156632,1.421530976
sens-s2-est-x0.5,shortest_estimate+topology_aware+none,tenant_t2_bsld_p95,10,2.502510639,2.00095601,3.004065267
sens-s2-est-x0.5,shortest_estimate+topology_aware+none,tenant_t3_bsld_mean,10,1.284143677,1.155577714,1.41270964
sens-s2-est-x0.5,shortest_estimate+topology_aware+none,tenant_t3_bsld_p95,10,2.427605472,1.967971944,2.887239
sens-s2-est-x0.5,shortest_estimate+topology_aware+none,prio_1_wait_p95,10,3211.2105,1460.710994,4961.710006
sens-s2-est-x0.5,shortest_estimate+topology_aware+none,prio_1_bsld_p95,10,2.409660726,1.989159298,2.830162154
sens-s2-est-x0.5,shortest_estimate+topology_aware+none,prio_8_wait_p95,10,2809.37,1148.025543,4470.714457
sens-s2-est-x2,fifo+first_fit+none,J,10,2.064850163,0.833659611,3.296040714
sens-s2-est-x2,fifo+first_fit+none,J_slowdown,10,0.7937884242,0.2372147831,1.350362065
sens-s2-est-x2,fifo+first_fit+none,J_wait,10,0.8872833202,0.3923899639,1.382176676
sens-s2-est-x2,fifo+first_fit+none,J_waste,10,0.04904450109,0.04371482898,0.05437417321
sens-s2-est-x2,fifo+first_fit+none,J_slo,10,0.3043530977,0.09687279003,0.5118334054
sens-s2-est-x2,fifo+first_fit+none,J_fairness,10,0.03038081941,0.002194836578,0.05856680225
sens-s2-est-x2,fifo+first_fit+none,wait_mean,10,4956.559616,431.2768419,9481.842389
sens-s2-est-x2,fifo+first_fit+none,wait_p95,10,11250.906,4975.572626,17526.23937
sens-s2-est-x2,fifo+first_fit+none,wait_p99,10,12942.0681,6459.021854,19425.11435
sens-s2-est-x2,fifo+first_fit+none,jct_mean,10,7603.864557,2972.612944,12235.11617
sens-s2-est-x2,fifo+first_fit+none,jct_p95,10,16210.1534,9948.592118,22471.71468
sens-s2-est-x2,fifo+first_fit+none,bsld_mean,10,9.227392719,2.267748361,16.18703708
sens-s2-est-x2,fifo+first_fit+none,bsld_p95,10,34.7167439,10.37471022,59.05877758
sens-s2-est-x2,fifo+first_fit+none,bsld_p99,10,81.48015969,28.51811177,134.4422076
sens-s2-est-x2,fifo+first_fit+none,wflow_mean,10,9.227392719,2.267748361,16.18703708
sens-s2-est-x2,fifo+first_fit+none,wflow_sum_all,10,18231.95144,5481.986651,30981.91623
sens-s2-est-x2,fifo+first_fit+none,large_wait_mean,10,5264.082945,632.6052496,9895.560639
sens-s2-est-x2,fifo+first_fit+none,large_wait_p95,10,11508.1103,5194.998138,17821.22246
sens-s2-est-x2,fifo+first_fit+none,utilization,10,0.7837507253,0.7577839549,0.8097174956
sens-s2-est-x2,fifo+first_fit+none,frag_blocked_frac,10,0.5951876906,0.4479008503,0.742474531
sens-s2-est-x2,fifo+first_fit+none,stranded_frac,10,0.1974532685,0.1616662815,0.2332402555
sens-s2-est-x2,fifo+first_fit+none,goodput_ratio,10,0.9509554989,0.9456258268,0.956285171
sens-s2-est-x2,fifo+first_fit+none,wasted_gpu_hours,10,244.5142653,185.0538902,303.9746404
sens-s2-est-x2,fifo+first_fit+none,lost_gpu_hours,10,0,0,0
sens-s2-est-x2,fifo+first_fit+none,overhead_gpu_hours,10,0,0,0
sens-s2-est-x2,fifo+first_fit+none,topology_gpu_hours,10,244.5141512,185.053778,303.9745244
sens-s2-est-x2,fifo+first_fit+none,slack_gpu_hours,10,0.0001141414142,0.0001050739404,0.000123208888
sens-s2-est-x2,fifo+first_fit+none,preemptions,10,0,0,0
sens-s2-est-x2,fifo+first_fit+none,failure_kills,10,0,0,0
sens-s2-est-x2,fifo+first_fit+none,node_downtime_gpu_hours,10,0,0,0
sens-s2-est-x2,fifo+first_fit+none,jain_bsld,10,0.9696191806,0.9414331977,0.9978051634
sens-s2-est-x2,fifo+first_fit+none,tenant_worst_best_ratio,10,1.52974334,1.224748293,1.834738388
sens-s2-est-x2,fifo+first_fit+none,slo_attainment,10,0.6956469023,0.4881665946,0.90312721
sens-s2-est-x2,fifo+first_fit+none,makespan,10,250540.8851,197604.3927,303477.3775
sens-s2-est-x2,fifo+first_fit+none,reservations,10,0,0,0
sens-s2-est-x2,fifo+first_fit+none,broken_reservations,10,0,0,0
sens-s2-est-x2,fifo+first_fit+none,tenant_t0_bsld_mean,10,9.927476332,1.826075142,18.02887752
sens-s2-est-x2,fifo+first_fit+none,tenant_t0_bsld_p95,10,40.69776075,6.039683174,75.35583832
sens-s2-est-x2,fifo+first_fit+none,tenant_t1_bsld_mean,10,8.820038498,1.962948992,15.677128
sens-s2-est-x2,fifo+first_fit+none,tenant_t1_bsld_p95,10,31.32352412,9.134015076,53.51303315
sens-s2-est-x2,fifo+first_fit+none,tenant_t2_bsld_mean,10,8.447831696,2.982509893,13.9131535
sens-s2-est-x2,fifo+first_fit+none,tenant_t2_bsld_p95,10,33.51027376,13.83928386,53.18126367
sens-s2-est-x2,fifo+first_fit+none,tenant_t3_bsld_mean,10,9.474279386,2.648734109,16.29982466
sens-s2-est-x2,fifo+first_fit+none,tenant_t3_bsld_p95,10,33.34361079,14.91477188,51.7724497
sens-s2-est-x2,fifo+first_fit+none,prio_1_wait_p95,10,11294.5066,4993.211564,17595.80164
sens-s2-est-x2,fifo+first_fit+none,prio_1_bsld_p95,10,35.83697842,9.106700711,62.56725613
sens-s2-est-x2,fifo+first_fit+none,prio_8_wait_p95,10,10955.4051,4848.078112,17062.73209
sens-s2-est-x2,shortest_estimate+topology_aware+conservative,J,10,0.2000405821,0.08224482455,0.3178363396
sens-s2-est-x2,shortest_estimate+topology_aware+conservative,J_slowdown,10,0.04517913024,0.03165063565,0.05870762484
sens-s2-est-x2,shortest_estimate+topology_aware+conservative,J_wait,10,0.1019403442,0.01091906295,0.1929616254
sens-s2-est-x2,shortest_estimate+topology_aware+conservative,J_waste,10,0.03197077487,0.02722880218,0.03671274756
sens-s2-est-x2,shortest_estimate+topology_aware+conservative,J_slo,10,0.01909838152,0.006516565099,0.03168019794
sens-s2-est-x2,shortest_estimate+topology_aware+conservative,J_fairness,10,0.001851951267,0.0007541590105,0.002949743524
sens-s2-est-x2,shortest_estimate+topology_aware+conservative,wait_mean,10,291.990208,42.65030693,541.3301091
sens-s2-est-x2,shortest_estimate+topology_aware+conservative,wait_p95,10,1292.6212,138.4556073,2446.786793
sens-s2-est-x2,shortest_estimate+topology_aware+conservative,wait_p99,10,6162.1656,1371.30442,10953.02678
sens-s2-est-x2,shortest_estimate+topology_aware+conservative,jct_mean,10,2924.598521,2361.243362,3487.95368
sens-s2-est-x2,shortest_estimate+topology_aware+conservative,jct_p95,10,10333.7993,7890.474086,12777.12451
sens-s2-est-x2,shortest_estimate+topology_aware+conservative,bsld_mean,10,1.209147047,1.110191637,1.308102458
sens-s2-est-x2,shortest_estimate+topology_aware+conservative,bsld_p95,10,1.975932435,1.384256785,2.567608086
sens-s2-est-x2,shortest_estimate+topology_aware+conservative,bsld_p99,10,5.067953541,3.401519968,6.734387114
sens-s2-est-x2,shortest_estimate+topology_aware+conservative,wflow_mean,10,1.209147047,1.110191637,1.308102458
sens-s2-est-x2,shortest_estimate+topology_aware+conservative,wflow_sum_all,10,2395.998627,2216.017369,2575.979885
sens-s2-est-x2,shortest_estimate+topology_aware+conservative,large_wait_mean,10,1063.057972,279.1782302,1846.937713
sens-s2-est-x2,shortest_estimate+topology_aware+conservative,large_wait_p95,10,5586.6051,1447.522594,9725.687606
sens-s2-est-x2,shortest_estimate+topology_aware+conservative,utilization,10,0.7895290268,0.7464431958,0.8326148577
sens-s2-est-x2,shortest_estimate+topology_aware+conservative,frag_blocked_frac,10,0.2384761888,0.1519789105,0.324973467
sens-s2-est-x2,shortest_estimate+topology_aware+conservative,stranded_frac,10,0.1288699282,0.09786330529,0.159876551
sens-s2-est-x2,shortest_estimate+topology_aware+conservative,goodput_ratio,10,0.9680292251,0.9632872524,0.9727711978
sens-s2-est-x2,shortest_estimate+topology_aware+conservative,wasted_gpu_hours,10,154.0886669,119.9025413,188.2747925
sens-s2-est-x2,shortest_estimate+topology_aware+conservative,lost_gpu_hours,10,0,0,0
sens-s2-est-x2,shortest_estimate+topology_aware+conservative,overhead_gpu_hours,10,0,0,0
sens-s2-est-x2,shortest_estimate+topology_aware+conservative,topology_gpu_hours,10,154.0885952,119.9024741,188.2747163
sens-s2-est-x2,shortest_estimate+topology_aware+conservative,slack_gpu_hours,10,7.167272729e-05,6.201052155e-05,8.133493304e-05
sens-s2-est-x2,shortest_estimate+topology_aware+conservative,preemptions,10,0,0,0
sens-s2-est-x2,shortest_estimate+topology_aware+conservative,failure_kills,10,0,0,0
sens-s2-est-x2,shortest_estimate+topology_aware+conservative,node_downtime_gpu_hours,10,0,0,0
sens-s2-est-x2,shortest_estimate+topology_aware+conservative,jain_bsld,10,0.9981480487,0.9970502565,0.999245841
sens-s2-est-x2,shortest_estimate+topology_aware+conservative,tenant_worst_best_ratio,10,1.100320499,1.069159675,1.131481322
sens-s2-est-x2,shortest_estimate+topology_aware+conservative,slo_attainment,10,0.9809016185,0.9683198021,0.9934834349
sens-s2-est-x2,shortest_estimate+topology_aware+conservative,makespan,10,247196.7328,193471.1736,300922.292
sens-s2-est-x2,shortest_estimate+topology_aware+conservative,reservations,10,275.4,175.8095746,374.9904254
sens-s2-est-x2,shortest_estimate+topology_aware+conservative,broken_reservations,10,247.4,155.8820189,338.9179811
sens-s2-est-x2,shortest_estimate+topology_aware+conservative,tenant_t0_bsld_mean,10,1.220065522,1.126263065,1.31386798
sens-s2-est-x2,shortest_estimate+topology_aware+conservative,tenant_t0_bsld_p95,10,1.981895529,1.431388589,2.532402468
sens-s2-est-x2,shortest_estimate+topology_aware+conservative,tenant_t1_bsld_mean,10,1.205012802,1.087303648,1.322721957
sens-s2-est-x2,shortest_estimate+topology_aware+conservative,tenant_t1_bsld_p95,10,1.994905059,1.346375597,2.643434522
sens-s2-est-x2,shortest_estimate+topology_aware+conservative,tenant_t2_bsld_mean,10,1.184123982,1.086719475,1.281528488
sens-s2-est-x2,shortest_estimate+topology_aware+conservative,tenant_t2_bsld_p95,10,1.885792933,1.326384343,2.445201523
sens-s2-est-x2,shortest_estimate+topology_aware+conservative,tenant_t3_bsld_mean,10,1.229267379,1.096873167,1.361661591
sens-s2-est-x2,shortest_estimate+topology_aware+conservative,tenant_t3_bsld_p95,10,2.289497395,1.466889329,3.112105462
sens-s2-est-x2,shortest_estimate+topology_aware+conservative,prio_1_wait_p95,10,1207.0182,189.6141407,2224.422259
sens-s2-est-x2,shortest_estimate+topology_aware+conservative,prio_1_bsld_p95,10,1.94169421,1.363980039,2.51940838
sens-s2-est-x2,shortest_estimate+topology_aware+conservative,prio_8_wait_p95,10,1890.2272,-161.0261322,3941.480532
sens-s2-est-x2,shortest_estimate+topology_aware+easy,J,10,0.2003991336,0.07992547925,0.320872788
sens-s2-est-x2,shortest_estimate+topology_aware+easy,J_slowdown,10,0.04544289554,0.03175691066,0.05912888042
sens-s2-est-x2,shortest_estimate+topology_aware+easy,J_wait,10,0.1031322601,0.009827627294,0.1964368929
sens-s2-est-x2,shortest_estimate+topology_aware+easy,J_waste,10,0.03270953751,0.0247074773,0.04071159772
sens-s2-est-x2,shortest_estimate+topology_aware+easy,J_slo,10,0.017349012,0.007262005112,0.02743601889
sens-s2-est-x2,shortest_estimate+topology_aware+easy,J_fairness,10,0.001765428491,0.0003046039597,0.003226253023
sens-s2-est-x2,shortest_estimate+topology_aware+easy,wait_mean,10,315.6208308,40.72303277,590.5186289
sens-s2-est-x2,shortest_estimate+topology_aware+easy,wait_p95,10,1307.7349,124.6160143,2490.853786
sens-s2-est-x2,shortest_estimate+topology_aware+easy,wait_p99,10,7328.0727,482.2661758,14173.87922
sens-s2-est-x2,shortest_estimate+topology_aware+easy,jct_mean,10,2948.753893,2383.346365,3514.161422
sens-s2-est-x2,shortest_estimate+topology_aware+easy,jct_p95,10,10306.8769,7879.944041,12733.80976
sens-s2-est-x2,shortest_estimate+topology_aware+easy,bsld_mean,10,1.228414646,1.105726119,1.351103172
sens-s2-est-x2,shortest_estimate+topology_aware+easy,bsld_p95,10,1.987468346,1.388904777,2.586031915
sens-s2-est-x2,shortest_estimate+topology_aware+easy,bsld_p99,10,5.698513155,3.295445488,8.101580821
sens-s2-est-x2,shortest_estimate+topology_aware+easy,wflow_mean,10,1.228414646,1.105726119,1.351103172
sens-s2-est-x2,shortest_estimate+topology_aware+easy,wflow_sum_all,10,2453.095518,2187.006964,2719.184073
sens-s2-est-x2,shortest_estimate+topology_aware+easy,large_wait_mean,10,1338.468319,132.5989995,2544.337639
sens-s2-est-x2,shortest_estimate+topology_aware+easy,large_wait_p95,10,6757.4166,286.5056775,13228.32752
sens-s2-est-x2,shortest_estimate+topology_aware+easy,utilization,10,0.7876883821,0.7464448722,0.828931892
sens-s2-est-x2,shortest_estimate+topology_aware+easy,frag_blocked_frac,10,0.2628832239,0.1623231423,0.3634433054
sens-s2-est-x2,shortest_estimate+topology_aware+easy,stranded_frac,10,0.1329841999,0.09860866934,0.1673597305
sens-s2-est-x2,shortest_estimate+topology_aware+easy,goodput_ratio,10,0.9672904625,0.9592884023,0.9752925227
sens-s2-est-x2,shortest_estimate+topology_aware+easy,wasted_gpu_hours,10,157.2168398,107.4037186,207.0299609
sens-s2-est-x2,shortest_estimate+topology_aware+easy,lost_gpu_hours,10,0,0,0
sens-s2-est-x2,shortest_estimate+topology_aware+easy,overhead_gpu_hours,10,0,0,0
sens-s2-est-x2,shortest_estimate+topology_aware+easy,topology_gpu_hours,10,157.2167643,107.40365,207.0298785
sens-s2-est-x2,shortest_estimate+topology_aware+easy,slack_gpu_hours,10,7.549090911e-05,6.243962768e-05,8.854219054e-05
sens-s2-est-x2,shortest_estimate+topology_aware+easy,preemptions,10,0,0,0
sens-s2-est-x2,shortest_estimate+topology_aware+easy,failure_kills,10,0,0,0
sens-s2-est-x2,shortest_estimate+topology_aware+easy,node_downtime_gpu_hours,10,0,0,0
sens-s2-est-x2,shortest_estimate+topology_aware+easy,jain_bsld,10,0.9982345715,0.996773747,0.999695396
sens-s2-est-x2,shortest_estimate+topology_aware+easy,tenant_worst_best_ratio,10,1.109879885,1.067198677,1.152561093
sens-s2-est-x2,shortest_estimate+topology_aware+easy,slo_attainment,10,0.982650988,0.9725639811,0.9927379949
sens-s2-est-x2,shortest_estimate+topology_aware+easy,makespan,10,246399.7118,192400.2786,300399.145
sens-s2-est-x2,shortest_estimate+topology_aware+easy,reservations,10,170.7,127.6317251,213.7682749
sens-s2-est-x2,shortest_estimate+topology_aware+easy,broken_reservations,10,155.9,114.8731051,196.9268949
sens-s2-est-x2,shortest_estimate+topology_aware+easy,tenant_t0_bsld_mean,10,1.233246282,1.112411154,1.354081411
sens-s2-est-x2,shortest_estimate+topology_aware+easy,tenant_t0_bsld_p95,10,2.094271224,1.418856489,2.769685959
sens-s2-est-x2,shortest_estimate+topology_aware+easy,tenant_t1_bsld_mean,10,1.222967313,1.079296809,1.366637818
sens-s2-est-x2,shortest_estimate+topology_aware+easy,tenant_t1_bsld_p95,10,1.97337034,1.353138805,2.593601875
sens-s2-est-x2,shortest_estimate+topology_aware+easy,tenant_t2_bsld_mean,10,1.219201972,1.105979508,1.332424437
sens-s2-est-x2,shortest_estimate+topology_aware+easy,tenant_t2_bsld_p95,10,2.023304831,1.39713837,2.649471292
sens-s2-est-x2,shortest_estimate+topology_aware+easy,tenant_t3_bsld_mean,10,1.246518017,1.114627815,1.378408219
sens-s2-est-x2,shortest_estimate+topology_aware+easy,tenant_t3_bsld_p95,10,2.137599248,1.574260505,2.70093799
sens-s2-est-x2,shortest_estimate+topology_aware+easy,prio_1_wait_p95,10,1309.0491,117.9893773,2500.108823
sens-s2-est-x2,shortest_estimate+topology_aware+easy,prio_1_bsld_p95,10,2.045395733,1.29322076,2.797570706
sens-s2-est-x2,shortest_estimate+topology_aware+easy,prio_8_wait_p95,10,1007.3672,331.0527095,1683.68169
sens-s2-est-x2,shortest_estimate+topology_aware+easy_oracle,J,10,0.1729799157,0.08748679765,0.2584730337
sens-s2-est-x2,shortest_estimate+topology_aware+easy_oracle,J_slowdown,10,0.04286589055,0.03214830207,0.05358347902
sens-s2-est-x2,shortest_estimate+topology_aware+easy_oracle,J_wait,10,0.07967017485,0.01764483286,0.1416955168
sens-s2-est-x2,shortest_estimate+topology_aware+easy_oracle,J_waste,10,0.03322702687,0.02428346459,0.04217058915
sens-s2-est-x2,shortest_estimate+topology_aware+easy_oracle,J_slo,10,0.01529673181,0.006417328521,0.02417613509
sens-s2-est-x2,shortest_estimate+topology_aware+easy_oracle,J_fairness,10,0.001920091623,0.0004314079022,0.003408775344
sens-s2-est-x2,shortest_estimate+topology_aware+easy_oracle,wait_mean,10,251.0505251,56.25248513,445.8485651
sens-s2-est-x2,shortest_estimate+topology_aware+easy_oracle,wait_p95,10,1010.2316,223.7395333,1796.723667
sens-s2-est-x2,shortest_estimate+topology_aware+easy_oracle,wait_p99,10,5666.8111,941.8227053,10391.79949
sens-s2-est-x2,shortest_estimate+topology_aware+easy_oracle,jct_mean,10,2884.930337,2353.075375,3416.785299
sens-s2-est-x2,shortest_estimate+topology_aware+easy_oracle,jct_p95,10,10159.9006,7919.556906,12400.24429
sens-s2-est-x2,shortest_estimate+topology_aware+easy_oracle,bsld_mean,10,1.177562635,1.101801456,1.253323815
sens-s2-est-x2,shortest_estimate+topology_aware+easy_oracle,bsld_p95,10,1.874761711,1.406022481,2.34350094
sens-s2-est-x2,shortest_estimate+topology_aware+easy_oracle,bsld_p99,10,4.5086227,3.315755097,5.701490303
sens-s2-est-x2,shortest_estimate+topology_aware+easy_oracle,wflow_mean,10,1.177562635,1.101801456,1.253323815
sens-s2-est-x2,shortest_estimate+topology_aware+easy_oracle,wflow_sum_all,10,2346.678238,2189.250663,2504.105813
sens-s2-est-x2,shortest_estimate+topology_aware+easy_oracle,large_wait_mean,10,1019.647976,206.8975787,1832.398374
sens-s2-est-x2,shortest_estimate+topology_aware+easy_oracle,large_wait_p95,10,5350.8976,570.5061794,10131.28902
sens-s2-est-x2,shortest_estimate+topology_aware+easy_oracle,utilization,10,0.7913497113,0.7467117238,0.8359876989
sens-s2-est-x2,shortest_estimate+topology_aware+easy_oracle,frag_blocked_frac,10,0.2494094528,0.1682200049,0.3305989006
sens-s2-est-x2,shortest_estimate+topology_aware+easy_oracle,stranded_frac,10,0.1374142529,0.1027488829,0.1720796228
sens-s2-est-x2,shortest_estimate+topology_aware+easy_oracle,goodput_ratio,10,0.9667729731,0.9578294108,0.9757165354
sens-s2-est-x2,shortest_estimate+topology_aware+easy_oracle,wasted_gpu_hours,10,160.0250949,99.92144321,220.1287466
sens-s2-est-x2,shortest_estimate+topology_aware+easy_oracle,lost_gpu_hours,10,0,0,0
sens-s2-est-x2,shortest_estimate+topology_aware+easy_oracle,overhead_gpu_hours,10,0,0,0
sens-s2-est-x2,shortest_estimate+topology_aware+easy_oracle,topology_gpu_hours,10,160.0250188,99.92137509,220.1286625
sens-s2-est-x2,shortest_estimate+topology_aware+easy_oracle,slack_gpu_hours,10,7.60808081e-05,6.403968188e-05,8.812193432e-05
sens-s2-est-x2,shortest_estimate+topology_aware+easy_oracle,preemptions,10,0,0,0
sens-s2-est-x2,shortest_estimate+topology_aware+easy_oracle,failure_kills,10,0,0,0
sens-s2-est-x2,shortest_estimate+topology_aware+easy_oracle,node_downtime_gpu_hours,10,0,0,0
sens-s2-est-x2,shortest_estimate+topology_aware+easy_oracle,jain_bsld,10,0.9980799084,0.9965912247,0.9995685921
sens-s2-est-x2,shortest_estimate+topology_aware+easy_oracle,tenant_worst_best_ratio,10,1.10522657,1.063018103,1.147435036
sens-s2-est-x2,shortest_estimate+topology_aware+easy_oracle,slo_attainment,10,0.9847032682,0.9758238649,0.9935826715
sens-s2-est-x2,shortest_estimate+topology_aware+easy_oracle,makespan,10,246842.4903,192457.7079,301227.2727
sens-s2-est-x2,shortest_estimate+topology_aware+easy_oracle,reservations,10,185.8,134.5191152,237.0808848
sens-s2-est-x2,shortest_estimate+topology_aware+easy_oracle,broken_reservations,10,47,29.75872778,64.24127222
sens-s2-est-x2,shortest_estimate+topology_aware+easy_oracle,tenant_t0_bsld_mean,10,1.181218213,1.103392682,1.259043745
sens-s2-est-x2,shortest_estimate+topology_aware+easy_oracle,tenant_t0_bsld_p95,10,1.872520672,1.440785272,2.304256071
sens-s2-est-x2,shortest_estimate+topology_aware+easy_oracle,tenant_t1_bsld_mean,10,1.176551367,1.079879515,1.273223218
sens-s2-est-x2,shortest_estimate+topology_aware+easy_oracle,tenant_t1_bsld_p95,10,1.873981015,1.306053888,2.441908141
sens-s2-est-x2,shortest_estimate+topology_aware+easy_oracle,tenant_t2_bsld_mean,10,1.168472068,1.094302298,1.242641839
sens-s2-est-x2,shortest_estimate+topology_aware+easy_oracle,tenant_t2_bsld_p95,10,1.826563683,1.391118897,2.262008469
sens-s2-est-x2,shortest_estimate+topology_aware+easy_oracle,tenant_t3_bsld_mean,10,1.185735986,1.089431266,1.282040706
sens-s2-est-x2,shortest_estimate+topology_aware+easy_oracle,tenant_t3_bsld_p95,10,2.169820469,1.645900086,2.693740853
sens-s2-est-x2,shortest_estimate+topology_aware+easy_oracle,prio_1_wait_p95,10,998.3626,243.5325333,1753.192667
sens-s2-est-x2,shortest_estimate+topology_aware+easy_oracle,prio_1_bsld_p95,10,1.859643722,1.375997577,2.343289866
sens-s2-est-x2,shortest_estimate+topology_aware+easy_oracle,prio_8_wait_p95,10,884.9203,432.6596436,1337.180956
sens-s2-est-x2,shortest_estimate+topology_aware+easy_predicted,J,10,0.2099012746,0.0821901626,0.3376123867
sens-s2-est-x2,shortest_estimate+topology_aware+easy_predicted,J_slowdown,10,0.04759950073,0.03201026137,0.06318874009
sens-s2-est-x2,shortest_estimate+topology_aware+easy_predicted,J_wait,10,0.1070821195,0.00897349181,0.2051907471
sens-s2-est-x2,shortest_estimate+topology_aware+easy_predicted,J_waste,10,0.03386206486,0.02678235436,0.04094177535
sens-s2-est-x2,shortest_estimate+topology_aware+easy_predicted,J_slo,10,0.01905497559,0.008274166235,0.02983578494
sens-s2-est-x2,shortest_estimate+topology_aware+easy_predicted,J_fairness,10,0.002302614003,0.001594219244,0.003011008763
sens-s2-est-x2,shortest_estimate+topology_aware+easy_predicted,wait_mean,10,322.7285553,46.21691783,599.2401928
sens-s2-est-x2,shortest_estimate+topology_aware+easy_predicted,wait_p95,10,1357.8198,113.7854286,2601.854171
sens-s2-est-x2,shortest_estimate+topology_aware+easy_predicted,wait_p99,10,7055.9388,1253.937043,12857.94056
sens-s2-est-x2,shortest_estimate+topology_aware+easy_predicted,jct_mean,10,2957.109483,2383.211849,3531.007118
sens-s2-est-x2,shortest_estimate+topology_aware+easy_predicted,jct_p95,10,10349.0067,7886.612299,12811.4011
sens-s2-est-x2,shortest_estimate+topology_aware+easy_predicted,bsld_mean,10,1.231275581,1.122631832,1.33991933
sens-s2-est-x2,shortest_estimate+topology_aware+easy_predicted,bsld_p95,10,2.08178858,1.3999852,2.76359196
sens-s2-est-x2,shortest_estimate+topology_aware+easy_predicted,bsld_p99,10,5.640810537,3.505506965,7.77611411
sens-s2-est-x2,shortest_estimate+topology_aware+easy_predicted,wflow_mean,10,1.231275581,1.122631832,1.33991933
sens-s2-est-x2,shortest_estimate+topology_aware+easy_predicted,wflow_sum_all,10,2458.397673,2216.950604,2699.844741
sens-s2-est-x2,shortest_estimate+topology_aware+easy_predicted,large_wait_mean,10,1370.761005,160.8213836,2580.700626
sens-s2-est-x2,shortest_estimate+topology_aware+easy_predicted,large_wait_p95,10,6820.16,1038.696954,12601.62305
sens-s2-est-x2,shortest_estimate+topology_aware+easy_predicted,utilization,10,0.7880060813,0.7477700534,0.8282421092
sens-s2-est-x2,shortest_estimate+topology_aware+easy_predicted,frag_blocked_frac,10,0.2856538555,0.1818800098,0.3894277013
sens-s2-est-x2,shortest_estimate+topology_aware+easy_predicted,stranded_frac,10,0.1387601839,0.1043523709,0.1731679969
sens-s2-est-x2,shortest_estimate+topology_aware+easy_predicted,goodput_ratio,10,0.9661379351,0.9590582246,0.9732176456
sens-s2-est-x2,shortest_estimate+topology_aware+easy_predicted,wasted_gpu_hours,10,166.3447053,112.8776387,219.811772
sens-s2-est-x2,shortest_estimate+topology_aware+easy_predicted,lost_gpu_hours,10,0,0,0
sens-s2-est-x2,shortest_estimate+topology_aware+easy_predicted,overhead_gpu_hours,10,0,0,0
sens-s2-est-x2,shortest_estimate+topology_aware+easy_predicted,topology_gpu_hours,10,166.3446295,112.8775697,219.8116892
sens-s2-est-x2,shortest_estimate+topology_aware+easy_predicted,slack_gpu_hours,10,7.587070709e-05,6.4599291e-05,8.714212319e-05
sens-s2-est-x2,shortest_estimate+topology_aware+easy_predicted,preemptions,10,0,0,0
sens-s2-est-x2,shortest_estimate+topology_aware+easy_predicted,failure_kills,10,0,0,0
sens-s2-est-x2,shortest_estimate+topology_aware+easy_predicted,node_downtime_gpu_hours,10,0,0,0
sens-s2-est-x2,shortest_estimate+topology_aware+easy_predicted,jain_bsld,10,0.997697386,0.9969889912,0.9984057808
sens-s2-est-x2,shortest_estimate+topology_aware+easy_predicted,tenant_worst_best_ratio,10,1.126091867,1.105205983,1.146977752
sens-s2-est-x2,shortest_estimate+topology_aware+easy_predicted,slo_attainment,10,0.9809450244,0.9701642151,0.9917258338
sens-s2-est-x2,shortest_estimate+topology_aware+easy_predicted,makespan,10,247402.8452,193739.3058,301066.3846
sens-s2-est-x2,shortest_estimate+topology_aware+easy_predicted,reservations,10,176,133.0137226,218.9862774
sens-s2-est-x2,shortest_estimate+topology_aware+easy_predicted,broken_reservations,10,166.9,125.3895017,208.4104983
sens-s2-est-x2,shortest_estimate+topology_aware+easy_predicted,tenant_t0_bsld_mean,10,1.237357203,1.131595601,1.343118804
sens-s2-est-x2,shortest_estimate+topology_aware+easy_predicted,tenant_t0_bsld_p95,10,2.138332339,1.476727662,2.799937017
sens-s2-est-x2,shortest_estimate+topology_aware+easy_predicted,tenant_t1_bsld_mean,10,1.234480466,1.102318277,1.366642655
sens-s2-est-x2,shortest_estimate+topology_aware+easy_predicted,tenant_t1_bsld_p95,10,2.041768572,1.391618332,2.691918812
sens-s2-est-x2,shortest_estimate+topology_aware+easy_predicted,tenant_t2_bsld_mean,10,1.212115079,1.115741964,1.308488194
sens-s2-est-x2,shortest_estimate+topology_aware+easy_predicted,tenant_t2_bsld_p95,10,2.166400294,1.423360612,2.909439976
sens-s2-est-x2,shortest_estimate+topology_aware+easy_predicted,tenant_t3_bsld_mean,10,1.236107191,1.092363487,1.379850895
sens-s2-est-x2,shortest_estimate+topology_aware+easy_predicted,tenant_t3_bsld_p95,10,2.258613768,1.484045766,3.033181771
sens-s2-est-x2,shortest_estimate+topology_aware+easy_predicted,prio_1_wait_p95,10,1319.9977,180.6474676,2459.347932
sens-s2-est-x2,shortest_estimate+topology_aware+easy_predicted,prio_1_bsld_p95,10,2.016433529,1.362567867,2.670299191
sens-s2-est-x2,shortest_estimate+topology_aware+easy_predicted,prio_8_wait_p95,10,1272.7635,513.3135311,2032.213469
sens-s2-est-x2,shortest_estimate+topology_aware+none,J,10,0.4932422157,0.214922213,0.7715622184
sens-s2-est-x2,shortest_estimate+topology_aware+none,J_slowdown,10,0.07403022528,0.0505747785,0.09748567206
sens-s2-est-x2,shortest_estimate+topology_aware+none,J_wait,10,0.3292342857,0.1085373981,0.5499311732
sens-s2-est-x2,shortest_estimate+topology_aware+none,J_waste,10,0.03651803016,0.0281015614,0.04493449891
sens-s2-est-x2,shortest_estimate+topology_aware+none,J_slo,10,0.0502714013,0.02081811977,0.07972468282
sens-s2-est-x2,shortest_estimate+topology_aware+none,J_fairness,10,0.003188273278,0.0009567524008,0.005419794155
sens-s2-est-x2,shortest_estimate+topology_aware+none,wait_mean,10,804.9017627,229.7359128,1380.067613
sens-s2-est-x2,shortest_estimate+topology_aware+none,wait_p95,10,4174.7477,1376.272985,6973.222415
sens-s2-est-x2,shortest_estimate+topology_aware+none,wait_p99,10,11228.4752,4229.675537,18227.27486
sens-s2-est-x2,shortest_estimate+topology_aware+none,jct_mean,10,3439.954525,2657.791062,4222.117987
sens-s2-est-x2,shortest_estimate+topology_aware+none,jct_p95,10,12152.3782,9009.636402,15295.12
sens-s2-est-x2,shortest_estimate+topology_aware+none,bsld_mean,10,1.447967633,1.226344107,1.669591158
sens-s2-est-x2,shortest_estimate+topology_aware+none,bsld_p95,10,3.237749876,2.21191388,4.263585872
sens-s2-est-x2,shortest_estimate+topology_aware+none,bsld_p99,10,7.207712873,4.76620228,9.649223467
sens-s2-est-x2,shortest_estimate+topology_aware+none,wflow_mean,10,1.447967633,1.226344107,1.669591158
sens-s2-est-x2,shortest_estimate+topology_aware+none,wflow_sum_all,10,2877.543632,2441.635546,3313.451719
sens-s2-est-x2,shortest_estimate+topology_aware+none,large_wait_mean,10,1228.414193,345.5290526,2111.299333
sens-s2-est-x2,shortest_estimate+topology_aware+none,large_wait_p95,10,5626.1876,1790.55351,9461.82169
sens-s2-est-x2,shortest_estimate+topology_aware+none,utilization,10,0.7871489328,0.7491591159,0.8251387497
sens-s2-est-x2,shortest_estimate+topology_aware+none,frag_blocked_frac,10,0.3753304657,0.2523327799,0.4983281515
sens-s2-est-x2,shortest_estimate+topology_aware+none,stranded_frac,10,0.1543704502,0.1187623501,0.1899785504
sens-s2-est-x2,shortest_estimate+topology_aware+none,goodput_ratio,10,0.9634819698,0.9550655011,0.9718984386
sens-s2-est-x2,shortest_estimate+topology_aware+none,wasted_gpu_hours,10,182.5086756,120.0545787,244.9627724
sens-s2-est-x2,shortest_estimate+topology_aware+none,lost_gpu_hours,10,0,0,0
sens-s2-est-x2,shortest_estimate+topology_aware+none,overhead_gpu_hours,10,0,0,0
sens-s2-est-x2,shortest_estimate+topology_aware+none,topology_gpu_hours,10,182.5085946,120.0545074,244.9626818
sens-s2-est-x2,shortest_estimate+topology_aware+none,slack_gpu_hours,10,8.093333336e-05,6.678609953e-05,9.508056719e-05
sens-s2-est-x2,shortest_estimate+topology_aware+none,preemptions,10,0,0,0
sens-s2-est-x2,shortest_estimate+topology_aware+none,failure_kills,10,0,0,0
sens-s2-est-x2,shortest_estimate+topology_aware+none,node_downtime_gpu_hours,10,0,0,0
sens-s2-est-x2,shortest_estimate+topology_aware+none,jain_bsld,10,0.9968117267,0.9945802058,0.9990432476
sens-s2-est-x2,shortest_estimate+topology_aware+none,tenant_worst_best_ratio,10,1.139064168,1.079087855,1.199040481
sens-s2-est-x2,shortest_estimate+topology_aware+none,slo_attainment,10,0.9497285987,0.9202753172,0.9791818802
sens-s2-est-x2,shortest_estimate+topology_aware+none,makespan,10,251485.9604,197461.3638,305510.557
sens-s2-est-x2,shortest_estimate+topology_aware+none,reservations,10,0,0,0
sens-s2-est-x2,shortest_estimate+topology_aware+none,broken_reservations,10,0,0,0
sens-s2-est-x2,shortest_estimate+topology_aware+none,tenant_t0_bsld_mean,10,1.461090093,1.245771278,1.676408907
sens-s2-est-x2,shortest_estimate+topology_aware+none,tenant_t0_bsld_p95,10,3.322445577,2.313747998,4.331143156
sens-s2-est-x2,shortest_estimate+topology_aware+none,tenant_t1_bsld_mean,10,1.432973656,1.197399909,1.668547403
sens-s2-est-x2,shortest_estimate+topology_aware+none,tenant_t1_bsld_p95,10,3.231333192,2.078634949,4.384031434
sens-s2-est-x2,shortest_estimate+topology_aware+none,tenant_t2_bsld_mean,10,1.431329483,1.194395586,1.66826338
sens-s2-est-x2,shortest_estimate+topology_aware+none,tenant_t2_bsld_p95,10,3.315613804,2.307491609,4.323735999
sens-s2-est-x2,shortest_estimate+topology_aware+none,tenant_t3_bsld_mean,10,1.47412508,1.23637316,1.711877
sens-s2-est-x2,shortest_estimate+topology_aware+none,tenant_t3_bsld_p95,10,3.58766567,2.411385966,4.763945374
sens-s2-est-x2,shortest_estimate+topology_aware+none,prio_1_wait_p95,10,4178.6071,1645.429682,6711.784518
sens-s2-est-x2,shortest_estimate+topology_aware+none,prio_1_bsld_p95,10,3.344475964,2.243668562,4.445283366
sens-s2-est-x2,shortest_estimate+topology_aware+none,prio_8_wait_p95,10,4355.4186,1247.233989,7463.603211
sens-s2-load-m10,fifo+first_fit+none,J,10,0.8745037389,0.2891459144,1.459861563
sens-s2-load-m10,fifo+first_fit+none,J_slowdown,10,0.2732587027,0.06680688151,0.4797105238
sens-s2-load-m10,fifo+first_fit+none,J_wait,10,0.4317530447,0.1441468805,0.7193592089
sens-s2-load-m10,fifo+first_fit+none,J_waste,10,0.04526172724,0.03849263161,0.05203082287
sens-s2-load-m10,fifo+first_fit+none,J_slo,10,0.1110188502,-0.003830415633,0.2258681161
sens-s2-load-m10,fifo+first_fit+none,J_fairness,10,0.01321141409,0.004976852937,0.02144597524
sens-s2-load-m10,fifo+first_fit+none,wait_mean,10,1450.994973,39.96854775,2862.021398
sens-s2-load-m10,fifo+first_fit+none,wait_p95,10,5474.7033,1827.807382,9121.599218
sens-s2-load-m10,fifo+first_fit+none,wait_p99,10,6876.1217,3061.107626,10691.13577
sens-s2-load-m10,fifo+first_fit+none,jct_mean,10,4095.804892,2484.463238,5707.146547
sens-s2-load-m10,fifo+first_fit+none,jct_p95,10,11471.5625,7993.235076,14949.88992
sens-s2-load-m10,fifo+first_fit+none,bsld_mean,10,3.301530523,1.186069977,5.416991069
sens-s2-load-m10,fifo+first_fit+none,bsld_p95,10,11.95110953,2.921833231,20.98038582
sens-s2-load-m10,fifo+first_fit+none,bsld_p99,10,30.57389234,9.862360061,51.28542463
sens-s2-load-m10,fifo+first_fit+none,wflow_mean,10,3.301530523,1.186069977,5.416991069
sens-s2-load-m10,fifo+first_fit+none,wflow_sum_all,10,6661.310091,2881.144764,10441.47542
sens-s2-load-m10,fifo+first_fit+none,large_wait_mean,10,1570.081796,183.1420205,2957.021571
sens-s2-load-m10,fifo+first_fit+none,large_wait_p95,10,5729.5678,2096.289784,9362.845816
sens-s2-load-m10,fifo+first_fit+none,utilization,10,0.705097484,0.6630762123,0.7471187557
sens-s2-load-m10,fifo+first_fit+none,frag_blocked_frac,10,0.3101173338,0.1753542607,0.444880407
sens-s2-load-m10,fifo+first_fit+none,stranded_frac,10,0.1295581108,0.09859965797,0.1605165636
sens-s2-load-m10,fifo+first_fit+none,goodput_ratio,10,0.9547382728,0.9479691771,0.9615073684
sens-s2-load-m10,fifo+first_fit+none,wasted_gpu_hours,10,228.4913284,163.3399962,293.6426607
sens-s2-load-m10,fifo+first_fit+none,lost_gpu_hours,10,0,0,0
sens-s2-load-m10,fifo+first_fit+none,overhead_gpu_hours,10,0,0,0
sens-s2-load-m10,fifo+first_fit+none,topology_gpu_hours,10,228.4912224,163.3398913,293.6425536
sens-s2-load-m10,fifo+first_fit+none,slack_gpu_hours,10,0.0001060040404,9.763393615e-05,0.0001143741447
sens-s2-load-m10,fifo+first_fit+none,preemptions,10,0,0,0
sens-s2-load-m10,fifo+first_fit+none,failure_kills,10,0,0,0
sens-s2-load-m10,fifo+first_fit+none,node_downtime_gpu_hours,10,0,0,0
sens-s2-load-m10,fifo+first_fit+none,jain_bsld,10,0.9867885859,0.9785540248,0.9950231471
sens-s2-load-m10,fifo+first_fit+none,tenant_worst_best_ratio,10,1.334137101,1.182336013,1.48593819
sens-s2-load-m10,fifo+first_fit+none,slo_attainment,10,0.8889811498,0.7741318839,1.003830416
sens-s2-load-m10,fifo+first_fit+none,makespan,10,275120.5352,216405.9631,333835.1073
sens-s2-load-m10,fifo+first_fit+none,reservations,10,0,0,0
sens-s2-load-m10,fifo+first_fit+none,broken_reservations,10,0,0,0
sens-s2-load-m10,fifo+first_fit+none,tenant_t0_bsld_mean,10,3.560546851,0.9183975715,6.202696131
sens-s2-load-m10,fifo+first_fit+none,tenant_t0_bsld_p95,10,14.37990755,0.8311625762,27.92865253
sens-s2-load-m10,fifo+first_fit+none,tenant_t1_bsld_mean,10,3.156161935,1.215073793,5.097250076
sens-s2-load-m10,fifo+first_fit+none,tenant_t1_bsld_p95,10,11.36127321,2.962693238,19.75985318
sens-s2-load-m10,fifo+first_fit+none,tenant_t2_bsld_mean,10,3.060225632,1.487096676,4.633354587
sens-s2-load-m10,fifo+first_fit+none,tenant_t2_bsld_p95,10,11.32536568,4.400639653,18.2500917
sens-s2-load-m10,fifo+first_fit+none,tenant_t3_bsld_mean,10,3.248042999,1.301345174,5.194740823
sens-s2-load-m10,fifo+first_fit+none,tenant_t3_bsld_p95,10,11.54495669,4.182760012,18.90715336
sens-s2-load-m10,fifo+first_fit+none,prio_1_wait_p95,10,5525.8735,1856.603486,9195.143514
sens-s2-load-m10,fifo+first_fit+none,prio_1_bsld_p95,10,12.07139771,3.327201969,20.81559345
sens-s2-load-m10,fifo+first_fit+none,prio_8_wait_p95,10,5206.162,1790.175165,8622.148835
sens-s2-load-m10,shortest_estimate+topology_aware+conservative,J,10,0.09766271351,0.05209271552,0.1432327115
sens-s2-load-m10,shortest_estimate+topology_aware+conservative,J_slowdown,10,0.03070360193,0.0257792513,0.03562795257
sens-s2-load-m10,shortest_estimate+topology_aware+conservative,J_wait,10,0.03389331518,0.003764645927,0.06402198443
sens-s2-load-m10,shortest_estimate+topology_aware+conservative,J_waste,10,0.02541140412,0.01663778606,0.03418502219
sens-s2-load-m10,shortest_estimate+topology_aware+conservative,J_slo,10,0.006881165664,0.00266258019,0.01109975114
sens-s2-load-m10,shortest_estimate+topology_aware+conservative,J_fairness,10,0.0007732266159,0.0001934733511,0.001352979881
sens-s2-load-m10,shortest_estimate+topology_aware+conservative,wait_mean,10,104.0572602,43.07261127,165.0419091
sens-s2-load-m10,shortest_estimate+topology_aware+conservative,wait_p95,10,429.7731,47.73636164,811.8098384
sens-s2-load-m10,shortest_estimate+topology_aware+conservative,wait_p99,10,2299.4549,1323.045927,3275.863873
sens-s2-load-m10,shortest_estimate+topology_aware+conservative,jct_mean,10,2732.954568,2223.754416,3242.154721
sens-s2-load-m10,shortest_estimate+topology_aware+conservative,jct_p95,10,9448.0343,7383.130557,11512.93804
sens-s2-load-m10,shortest_estimate+topology_aware+conservative,bsld_mean,10,1.091808527,1.048303456,1.135313598
sens-s2-load-m10,shortest_estimate+topology_aware+conservative,bsld_p95,10,1.34283778,1.127468779,1.55820678
sens-s2-load-m10,shortest_estimate+topology_aware+conservative,bsld_p99,10,3.11523887,2.354282545,3.876195194
sens-s2-load-m10,shortest_estimate+topology_aware+conservative,wflow_mean,10,1.091808527,1.048303456,1.135313598
sens-s2-load-m10,shortest_estimate+topology_aware+conservative,wflow_sum_all,10,2200.696968,2105.600025,2295.793912
sens-s2-load-m10,shortest_estimate+topology_aware+conservative,large_wait_mean,10,408.2482986,165.1438729,651.3527243
sens-s2-load-m10,shortest_estimate+topology_aware+conservative,large_wait_p95,10,2162.8694,1189.215984,3136.522816
sens-s2-load-m10,shortest_estimate+topology_aware+conservative,utilization,10,0.6930696938,0.6507308921,0.7354084955
sens-s2-load-m10,shortest_estimate+topology_aware+conservative,frag_blocked_frac,10,0.1201683378,0.08113444404,0.1592022316
sens-s2-load-m10,shortest_estimate+topology_aware+conservative,stranded_frac,10,0.08814176751,0.07496083769,0.1013226973
sens-s2-load-m10,shortest_estimate+topology_aware+conservative,goodput_ratio,10,0.9745885959,0.9658149778,0.9833622139
sens-s2-load-m10,shortest_estimate+topology_aware+conservative,wasted_gpu_hours,10,126.0908033,68.51392126,183.6676854
sens-s2-load-m10,shortest_estimate+topology_aware+conservative,lost_gpu_hours,10,0,0,0
sens-s2-load-m10,shortest_estimate+topology_aware+conservative,overhead_gpu_hours,10,0,0,0
sens-s2-load-m10,shortest_estimate+topology_aware+conservative,topology_gpu_hours,10,126.0907446,68.51387084,183.6676184
sens-s2-load-m10,shortest_estimate+topology_aware+conservative,slack_gpu_hours,10,5.870707073e-05,4.503221758e-05,7.238192387e-05
sens-s2-load-m10,shortest_estimate+topology_aware+conservative,preemptions,10,0,0,0
sens-s2-load-m10,shortest_estimate+topology_aware+conservative,failure_kills,10,0,0,0
sens-s2-load-m10,shortest_estimate+topology_aware+conservative,node_downtime_gpu_hours,10,0,0,0
sens-s2-load-m10,shortest_estimate+topology_aware+conservative,jain_bsld,10,0.9992267734,0.9986470201,0.9998065266
sens-s2-load-m10,shortest_estimate+topology_aware+conservative,tenant_worst_best_ratio,10,1.064454079,1.041081254,1.087826904
sens-s2-load-m10,shortest_estimate+topology_aware+conservative,slo_attainment,10,0.9931188343,0.9889002489,0.9973374198
sens-s2-load-m10,shortest_estimate+topology_aware+conservative,makespan,10,275363.2052,216592.4488,334133.9616
sens-s2-load-m10,shortest_estimate+topology_aware+conservative,reservations,10,155.3,96.65037922,213.9496208
sens-s2-load-m10,shortest_estimate+topology_aware+conservative,broken_reservations,10,129.4,78.11867168,180.6813283
sens-s2-load-m10,shortest_estimate+topology_aware+conservative,tenant_t0_bsld_mean,10,1.095965911,1.042790122,1.149141701
sens-s2-load-m10,shortest_estimate+topology_aware+conservative,tenant_t0_bsld_p95,10,1.38876436,1.127431794,1.650096925
sens-s2-load-m10,shortest_estimate+topology_aware+conservative,tenant_t1_bsld_mean,10,1.096161203,1.044415958,1.147906448
sens-s2-load-m10,shortest_estimate+topology_aware+conservative,tenant_t1_bsld_p95,10,1.341853651,1.116476856,1.567230447
sens-s2-load-m10,shortest_estimate+topology_aware+conservative,tenant_t2_bsld_mean,10,1.077458299,1.040024601,1.114891997
sens-s2-load-m10,shortest_estimate+topology_aware+conservative,tenant_t2_bsld_p95,10,1.305174013,1.107212979,1.503135047
sens-s2-load-m10,shortest_estimate+topology_aware+conservative,tenant_t3_bsld_mean,10,1.091799104,1.052604645,1.130993562
sens-s2-load-m10,shortest_estimate+topology_aware+conservative,tenant_t3_bsld_p95,10,1.477024623,1.224663122,1.729386125
sens-s2-load-m10,shortest_estimate+topology_aware+conservative,prio_1_wait_p95,10,437.1504,63.09401698,811.206783
sens-s2-load-m10,shortest_estimate+topology_aware+conservative,prio_1_bsld_p95,10,1.3962023,1.094708515,1.697696085
sens-s2-load-m10,shortest_estimate+topology_aware+conservative,prio_8_wait_p95,10,428.7298,120.5376018,736.9219982
sens-s2-load-m10,shortest_estimate+topology_aware+easy,J,10,0.09236051171,0.04994037217,0.1347806513
sens-s2-load-m10,shortest_estimate+topology_aware+easy,J_slowdown,10,0.03021019123,0.02530477156,0.0351156109
sens-s2-load-m10,shortest_estimate+topology_aware+easy,J_wait,10,0.02954236508,0.002942959381,0.05614177077
sens-s2-load-m10,shortest_estimate+topology_aware+easy,J_waste,10,0.02507430961,0.01568947835,0.03445914086
sens-s2-load-m10,shortest_estimate+topology_aware+easy,J_slo,10,0.006900212477,0.003479947336,0.01032047762
sens-s2-load-m10,shortest_estimate+topology_aware+easy,J_fairness,10,0.000633433321,0.0002587052114,0.001008161431
sens-s2-load-m10,shortest_estimate+topology_aware+easy,wait_mean,10,102.9282461,39.37710822,166.479384
sens-s2-load-m10,shortest_estimate+topology_aware+easy,wait_p95,10,374.6023,37.31723408,711.8873659
sens-s2-load-m10,shortest_estimate+topology_aware+easy,wait_p99,10,2403.8283,1147.391081,3660.265519
sens-s2-load-m10,shortest_estimate+topology_aware+easy,jct_mean,10,2731.765549,2225.931161,3237.599937
sens-s2-load-m10,shortest_estimate+topology_aware+easy,jct_p95,10,9436.3885,7366.733036,11506.04396
sens-s2-load-m10,shortest_estimate+topology_aware+easy,bsld_mean,10,1.088171151,1.050363447,1.125978855
sens-s2-load-m10,shortest_estimate+topology_aware+easy,bsld_p95,10,1.32125821,1.106717164,1.535799255
sens-s2-load-m10,shortest_estimate+topology_aware+easy,bsld_p99,10,3.093179461,2.314270804,3.872088118
sens-s2-load-m10,shortest_estimate+topology_aware+easy,wflow_mean,10,1.088171151,1.050363447,1.125978855
sens-s2-load-m10,shortest_estimate+topology_aware+easy,wflow_sum_all,10,2202.166579,2111.540897,2292.792261
sens-s2-load-m10,shortest_estimate+topology_aware+easy,large_wait_mean,10,429.0545368,157.0790689,701.0300046
sens-s2-load-m10,shortest_estimate+topology_aware+easy,large_wait_p95,10,2168.1624,922.6928785,3413.631921
sens-s2-load-m10,shortest_estimate+topology_aware+easy,utilization,10,0.6927345397,0.6504828089,0.7349862706
sens-s2-load-m10,shortest_estimate+topology_aware+easy,frag_blocked_frac,10,0.1178321051,0.0742539342,0.161410276
sens-s2-load-m10,shortest_estimate+topology_aware+easy,stranded_frac,10,0.08716950542,0.07255670015,0.1017823107
sens-s2-load-m10,shortest_estimate+topology_aware+easy,goodput_ratio,10,0.9749256904,0.9655408591,0.9843105216
sens-s2-load-m10,shortest_estimate+topology_aware+easy,wasted_gpu_hours,10,124.3976691,63.64084732,185.1544909
sens-s2-load-m10,shortest_estimate+topology_aware+easy,lost_gpu_hours,10,0,0,0
sens-s2-load-m10,shortest_estimate+topology_aware+easy,overhead_gpu_hours,10,0,0,0
sens-s2-load-m10,shortest_estimate+topology_aware+easy,topology_gpu_hours,10,124.397614,63.64080187,185.1544262
sens-s2-load-m10,shortest_estimate+topology_aware+easy,slack_gpu_hours,10,5.50868687e-05,4.171860851e-05,6.84551289e-05
sens-s2-load-m10,shortest_estimate+topology_aware+easy,preemptions,10,0,0,0
sens-s2-load-m10,shortest_estimate+topology_aware+easy,failure_kills,10,0,0,0
sens-s2-load-m10,shortest_estimate+topology_aware+easy,node_downtime_gpu_hours,10,0,0,0
sens-s2-load-m10,shortest_estimate+topology_aware+easy,jain_bsld,10,0.9993665667,0.9989918386,0.9997412948
sens-s2-load-m10,shortest_estimate+topology_aware+easy,tenant_worst_best_ratio,10,1.058190438,1.038629699,1.077751176
sens-s2-load-m10,shortest_estimate+topology_aware+easy,slo_attainment,10,0.9930997875,0.9896795224,0.9965200527
sens-s2-load-m10,shortest_estimate+topology_aware+easy,makespan,10,273623.3435,214886.7401,332359.9469
sens-s2-load-m10,shortest_estimate+topology_aware+easy,reservations,10,110,77.84516904,142.154831
sens-s2-load-m10,shortest_estimate+topology_aware+easy,broken_reservations,10,92,62.56296916,121.4370308
sens-s2-load-m10,shortest_estimate+topology_aware+easy,tenant_t0_bsld_mean,10,1.086230904,1.051208942,1.121252865
sens-s2-load-m10,shortest_estimate+topology_aware+easy,tenant_t0_bsld_p95,10,1.336846848,1.157873701,1.515819995
sens-s2-load-m10,shortest_estimate+topology_aware+easy,tenant_t1_bsld_mean,10,1.094804583,1.047886271,1.141722896
sens-s2-load-m10,shortest_estimate+topology_aware+easy,tenant_t1_bsld_p95,10,1.302692547,1.081934038,1.523451056
sens-s2-load-m10,shortest_estimate+topology_aware+easy,tenant_t2_bsld_mean,10,1.077527149,1.029128192,1.125926105
sens-s2-load-m10,shortest_estimate+topology_aware+easy,tenant_t2_bsld_p95,10,1.338093862,1.07486112,1.601326603
sens-s2-load-m10,shortest_estimate+topology_aware+easy,tenant_t3_bsld_mean,10,1.096581094,1.056825683,1.136336505
sens-s2-load-m10,shortest_estimate+topology_aware+easy,tenant_t3_bsld_p95,10,1.47656262,1.177396705,1.775728536
sens-s2-load-m10,shortest_estimate+topology_aware+easy,prio_1_wait_p95,10,362.2479,58.58017473,665.9156253
sens-s2-load-m10,shortest_estimate+topology_aware+easy,prio_1_bsld_p95,10,1.338194971,1.074348919,1.602041023
sens-s2-load-m10,shortest_estimate+topology_aware+easy,prio_8_wait_p95,10,407.0842,104.4191992,709.7492008
sens-s2-load-m10,shortest_estimate+topology_aware+easy_oracle,J,10,0.09627955269,0.05951003088,0.1330490745
sens-s2-load-m10,shortest_estimate+topology_aware+easy_oracle,J_slowdown,10,0.03107149409,0.02662105039,0.03552193778
sens-s2-load-m10,shortest_estimate+topology_aware+easy_oracle,J_wait,10,0.03002616762,0.007131391596,0.05292094365
sens-s2-load-m10,shortest_estimate+topology_aware+easy_oracle,J_waste,10,0.02749915348,0.01878056405,0.0362177429
sens-s2-load-m10,shortest_estimate+topology_aware+easy_oracle,J_slo,10,0.00664676472,0.003705133826,0.009588395613
sens-s2-load-m10,shortest_estimate+topology_aware+easy_oracle,J_fairness,10,0.001035972783,-1.633758937e-05,0.002088283155
sens-s2-load-m10,shortest_estimate+topology_aware+easy_oracle,wait_mean,10,101.1478485,45.68225222,156.6134448
sens-s2-load-m10,shortest_estimate+topology_aware+easy_oracle,wait_p95,10,380.737,90.42727917,671.0467208
sens-s2-load-m10,shortest_estimate+topology_aware+easy_oracle,wait_p99,10,2345.8204,1281.003412,3410.637388
sens-s2-load-m10,shortest_estimate+topology_aware+easy_oracle,jct_mean,10,2731.266407,2228.089104,3234.443711
sens-s2-load-m10,shortest_estimate+topology_aware+easy_oracle,jct_p95,10,9528.0551,7432.049017,11624.06118
sens-s2-load-m10,shortest_estimate+topology_aware+easy_oracle,bsld_mean,10,1.087753881,1.05098379,1.124523973
sens-s2-load-m10,shortest_estimate+topology_aware+easy_oracle,bsld_p95,10,1.358927732,1.164285294,1.55357017
sens-s2-load-m10,shortest_estimate+topology_aware+easy_oracle,bsld_p99,10,2.997290322,2.310329036,3.684251608
sens-s2-load-m10,shortest_estimate+topology_aware+easy_oracle,wflow_mean,10,1.087753881,1.05098379,1.124523973
sens-s2-load-m10,shortest_estimate+topology_aware+easy_oracle,wflow_sum_all,10,2190.620912,2105.816911,2275.424912
sens-s2-load-m10,shortest_estimate+topology_aware+easy_oracle,large_wait_mean,10,407.3678143,181.6633217,633.0723069
sens-s2-load-m10,shortest_estimate+topology_aware+easy_oracle,large_wait_p95,10,2153.3454,1064.195605,3242.495195
sens-s2-load-m10,shortest_estimate+topology_aware+easy_oracle,utilization,10,0.69450431,0.6525442505,0.7364643696
sens-s2-load-m10,shortest_estimate+topology_aware+easy_oracle,frag_blocked_frac,10,0.1214233511,0.07992817754,0.1629185247
sens-s2-load-m10,shortest_estimate+topology_aware+easy_oracle,stranded_frac,10,0.09104488967,0.07683192879,0.1052578505
sens-s2-load-m10,shortest_estimate+topology_aware+easy_oracle,goodput_ratio,10,0.9725008465,0.9637822571,0.9812194359
sens-s2-load-m10,shortest_estimate+topology_aware+easy_oracle,wasted_gpu_hours,10,133.8741002,75.61436239,192.133838
sens-s2-load-m10,shortest_estimate+topology_aware+easy_oracle,lost_gpu_hours,10,0,0,0
sens-s2-load-m10,shortest_estimate+topology_aware+easy_oracle,overhead_gpu_hours,10,0,0,0
sens-s2-load-m10,shortest_estimate+topology_aware+easy_oracle,topology_gpu_hours,10,133.8740364,75.61430652,192.1337663
sens-s2-load-m10,shortest_estimate+topology_aware+easy_oracle,slack_gpu_hours,10,6.382626265e-05,5.239874837e-05,7.525377692e-05
sens-s2-load-m10,shortest_estimate+topology_aware+easy_oracle,preemptions,10,0,0,0
sens-s2-load-m10,shortest_estimate+topology_aware+easy_oracle,failure_kills,10,0,0,0
sens-s2-load-m10,shortest_estimate+topology_aware+easy_oracle,node_downtime_gpu_hours,10,0,0,0
sens-s2-load-m10,shortest_estimate+topology_aware+easy_oracle,jain_bsld,10,0.9989640272,0.9979117168,1.000016338
sens-s2-load-m10,shortest_estimate+topology_aware+easy_oracle,tenant_worst_best_ratio,10,1.071171066,1.033368027,1.108974104
sens-s2-load-m10,shortest_estimate+topology_aware+easy_oracle,slo_attainment,10,0.9933532353,0.9904116044,0.9962948662
sens-s2-load-m10,shortest_estimate+topology_aware+easy_oracle,makespan,10,274344.6105,215857.9528,332831.2682
sens-s2-load-m10,shortest_estimate+topology_aware+easy_oracle,reservations,10,114,78.29898378,149.7010162
sens-s2-load-m10,shortest_estimate+topology_aware+easy_oracle,broken_reservations,10,26.3,17.00922999,35.59077001
sens-s2-load-m10,shortest_estimate+topology_aware+easy_oracle,tenant_t0_bsld_mean,10,1.089510455,1.051129276,1.127891634
sens-s2-load-m10,shortest_estimate+topology_aware+easy_oracle,tenant_t0_bsld_p95,10,1.39397669,1.173025211,1.614928169
sens-s2-load-m10,shortest_estimate+topology_aware+easy_oracle,tenant_t1_bsld_mean,10,1.0914741,1.042378393,1.140569806
sens-s2-load-m10,shortest_estimate+topology_aware+easy_oracle,tenant_t1_bsld_p95,10,1.327788327,1.085881982,1.569694672
sens-s2-load-m10,shortest_estimate+topology_aware+easy_oracle,tenant_t2_bsld_mean,10,1.072388292,1.039722633,1.10505395
sens-s2-load-m10,shortest_estimate+topology_aware+easy_oracle,tenant_t2_bsld_p95,10,1.359065034,1.152525177,1.56560489
sens-s2-load-m10,shortest_estimate+topology_aware+easy_oracle,tenant_t3_bsld_mean,10,1.100060608,1.044352354,1.155768862
sens-s2-load-m10,shortest_estimate+topology_aware+easy_oracle,tenant_t3_bsld_p95,10,1.498479444,1.115789782,1.881169106
sens-s2-load-m10,shortest_estimate+topology_aware+easy_oracle,prio_1_wait_p95,10,380.1594,80.86738573,679.4514143
sens-s2-load-m10,shortest_estimate+topology_aware+easy_oracle,prio_1_bsld_p95,10,1.361167804,1.127451689,1.59488392
sens-s2-load-m10,shortest_estimate+topology_aware+easy_oracle,prio_8_wait_p95,10,343.3704,153.2026453,533.5381547
sens-s2-load-m10,shortest_estimate+topology_aware+easy_predicted,J,10,0.08744645073,0.05463795884,0.1202549426
sens-s2-load-m10,shortest_estimate+topology_aware+easy_predicted,J_slowdown,10,0.02986557345,0.02592299713,0.03380814978
sens-s2-load-m10,shortest_estimate+topology_aware+easy_predicted,J_wait,10,0.0253116657,0.006419211572,0.04420411983
sens-s2-load-m10,shortest_estimate+topology_aware+easy_predicted,J_waste,10,0.02491939921,0.01543231672,0.0344064817
sens-s2-load-m10,shortest_estimate+topology_aware+easy_predicted,J_slo,10,0.006641103253,0.004169652399,0.009112554107
sens-s2-load-m10,shortest_estimate+topology_aware+easy_predicted,J_fairness,10,0.0007087091172,5.529844056e-05,0.001362119794
sens-s2-load-m10,shortest_estimate+topology_aware+easy_predicted,wait_mean,10,99.90798681,46.50036132,153.3156123
sens-s2-load-m10,shortest_estimate+topology_aware+easy_predicted,wait_p95,10,320.9563,81.39671325,560.5158867
sens-s2-load-m10,shortest_estimate+topology_aware+easy_predicted,wait_p99,10,2421.9285,1232.30014,3611.55686
sens-s2-load-m10,shortest_estimate+topology_aware+easy_predicted,jct_mean,10,2729.051664,2227.164585,3230.938744
sens-s2-load-m10,shortest_estimate+topology_aware+easy_predicted,jct_p95,10,9478.5359,7440.898991,11516.17281
sens-s2-load-m10,shortest_estimate+topology_aware+easy_predicted,bsld_mean,10,1.085616427,1.054928412,1.116304442
sens-s2-load-m10,shortest_estimate+topology_aware+easy_predicted,bsld_p95,10,1.306186174,1.133755576,1.478616772
sens-s2-load-m10,shortest_estimate+topology_aware+easy_predicted,bsld_p99,10,3.115367586,2.43052994,3.800205232
sens-s2-load-m10,shortest_estimate+topology_aware+easy_predicted,wflow_mean,10,1.085616427,1.054928412,1.116304442
sens-s2-load-m10,shortest_estimate+topology_aware+easy_predicted,wflow_sum_all,10,2196.895794,2115.420541,2278.371047
sens-s2-load-m10,shortest_estimate+topology_aware+easy_predicted,large_wait_mean,10,421.5423874,187.4766237,655.6081512
sens-s2-load-m10,shortest_estimate+topology_aware+easy_predicted,large_wait_p95,10,2261.2713,1079.764293,3442.778307
sens-s2-load-m10,shortest_estimate+topology_aware+easy_predicted,utilization,10,0.692766765,0.6501232111,0.7354103189
sens-s2-load-m10,shortest_estimate+topology_aware+easy_predicted,frag_blocked_frac,10,0.1263085015,0.08396985344,0.1686471496
sens-s2-load-m10,shortest_estimate+topology_aware+easy_predicted,stranded_frac,10,0.08874985922,0.07263698843,0.10486273
sens-s2-load-m10,shortest_estimate+topology_aware+easy_predicted,goodput_ratio,10,0.9750806008,0.9655935183,0.9845676833
sens-s2-load-m10,shortest_estimate+topology_aware+easy_predicted,wasted_gpu_hours,10,123.7480176,63.92263928,183.5733958
sens-s2-load-m10,shortest_estimate+topology_aware+easy_predicted,lost_gpu_hours,10,0,0,0
sens-s2-load-m10,shortest_estimate+topology_aware+easy_predicted,overhead_gpu_hours,10,0,0,0
sens-s2-load-m10,shortest_estimate+topology_aware+easy_predicted,topology_gpu_hours,10,123.7479605,63.9225921,183.5733289
sens-s2-load-m10,shortest_estimate+topology_aware+easy_predicted,slack_gpu_hours,10,5.704646466e-05,4.370028042e-05,7.039264891e-05
sens-s2-load-m10,shortest_estimate+topology_aware+easy_predicted,preemptions,10,0,0,0
sens-s2-load-m10,shortest_estimate+topology_aware+easy_predicted,failure_kills,10,0,0,0
sens-s2-load-m10,shortest_estimate+topology_aware+easy_predicted,node_downtime_gpu_hours,10,0,0,0
sens-s2-load-m10,shortest_estimate+topology_aware+easy_predicted,jain_bsld,10,0.9992912909,0.9986378802,0.9999447016
sens-s2-load-m10,shortest_estimate+topology_aware+easy_predicted,tenant_worst_best_ratio,10,1.060683049,1.03470894,1.086657157
sens-s2-load-m10,shortest_estimate+topology_aware+easy_predicted,slo_attainment,10,0.9933588967,0.9908874459,0.9958303476
sens-s2-load-m10,shortest_estimate+topology_aware+easy_predicted,makespan,10,273211.4828,214272.6558,332150.3098
sens-s2-load-m10,shortest_estimate+topology_aware+easy_predicted,reservations,10,106.6,77.22832857,135.9716714
sens-s2-load-m10,shortest_estimate+topology_aware+easy_predicted,broken_reservations,10,93.6,67.46971826,119.7302817
sens-s2-load-m10,shortest_estimate+topology_aware+easy_predicted,tenant_t0_bsld_mean,10,1.0818939,1.055154301,1.1086335
sens-s2-load-m10,shortest_estimate+topology_aware+easy_predicted,tenant_t0_bsld_p95,10,1.311279086,1.173721926,1.448836247
sens-s2-load-m10,shortest_estimate+topology_aware+easy_predicted,tenant_t1_bsld_mean,10,1.090009532,1.048636502,1.131382562
sens-s2-load-m10,shortest_estimate+topology_aware+easy_predicted,tenant_t1_bsld_p95,10,1.28357723,1.083022809,1.484131651
sens-s2-load-m10,shortest_estimate+topology_aware+easy_predicted,tenant_t2_bsld_mean,10,1.077711836,1.03973207,1.115691602
sens-s2-load-m10,shortest_estimate+topology_aware+easy_predicted,tenant_t2_bsld_p95,10,1.271721572,1.11551298,1.427930163
sens-s2-load-m10,shortest_estimate+topology_aware+easy_predicted,tenant_t3_bsld_mean,10,1.103595193,1.057440762,1.149749624
sens-s2-load-m10,shortest_estimate+topology_aware+easy_predicted,tenant_t3_bsld_p95,10,1.512667627,1.170370902,1.854964351
sens-s2-load-m10,shortest_estimate+topology_aware+easy_predicted,prio_1_wait_p95,10,326.5208,75.67749004,577.36411
sens-s2-load-m10,shortest_estimate+topology_aware+easy_predicted,prio_1_bsld_p95,10,1.295194466,1.088181537,1.502207395
sens-s2-load-m10,shortest_estimate+topology_aware+easy_predicted,prio_8_wait_p95,10,274.4405,65.00160085,483.8793991
sens-s2-load-m10,shortest_estimate+topology_aware+none,J,10,0.2093279095,0.1104431972,0.3082126219
sens-s2-load-m10,shortest_estimate+topology_aware+none,J_slowdown,10,0.04237892586,0.03185859989,0.05289925182
sens-s2-load-m10,shortest_estimate+topology_aware+none,J_wait,10,0.1211149091,0.04891176893,0.1933180492
sens-s2-load-m10,shortest_estimate+topology_aware+none,J_waste,10,0.02725388364,0.02018180142,0.03432596586
sens-s2-load-m10,shortest_estimate+topology_aware+none,J_slo,10,0.01716507764,0.00715914069,0.02717101458
sens-s2-load-m10,shortest_estimate+topology_aware+none,J_fairness,10,0.001415113304,4.660674313e-05,0.002783619864
sens-s2-load-m10,shortest_estimate+topology_aware+none,wait_mean,10,286.7434089,97.49136083,475.995457
sens-s2-load-m10,shortest_estimate+topology_aware+none,wait_p95,10,1535.758,620.2096918,2451.306308
sens-s2-load-m10,shortest_estimate+topology_aware+none,wait_p99,10,5506.166,2550.193348,8462.138652
sens-s2-load-m10,shortest_estimate+topology_aware+none,jct_mean,10,2916.693644,2354.862556,3478.524731
sens-s2-load-m10,shortest_estimate+topology_aware+none,jct_p95,10,10165.6119,7960.856586,12370.36721
sens-s2-load-m10,shortest_estimate+topology_aware+none,bsld_mean,10,1.162096307,1.077931316,1.246261297
sens-s2-load-m10,shortest_estimate+topology_aware+none,bsld_p95,10,1.85346406,1.393352208,2.313575912
sens-s2-load-m10,shortest_estimate+topology_aware+none,bsld_p99,10,4.085018484,2.822736328,5.347300639
sens-s2-load-m10,shortest_estimate+topology_aware+none,wflow_mean,10,1.162096307,1.077931316,1.246261297
sens-s2-load-m10,shortest_estimate+topology_aware+none,wflow_sum_all,10,2348.254567,2158.337571,2538.171562
sens-s2-load-m10,shortest_estimate+topology_aware+none,large_wait_mean,10,441.0619677,170.9547686,711.1691669
sens-s2-load-m10,shortest_estimate+topology_aware+none,large_wait_p95,10,2467.2911,1197.644916,3736.937284
sens-s2-load-m10,shortest_estimate+topology_aware+none,utilization,10,0.6938619374,0.6514339297,0.7362899452
sens-s2-load-m10,shortest_estimate+topology_aware+none,frag_blocked_frac,10,0.1756737059,0.1108828608,0.2404645511
sens-s2-load-m10,shortest_estimate+topology_aware+none,stranded_frac,10,0.09750228025,0.0811280399,0.1138765206
sens-s2-load-m10,shortest_estimate+topology_aware+none,goodput_ratio,10,0.9727461164,0.9656740341,0.9798181986
sens-s2-load-m10,shortest_estimate+topology_aware+none,wasted_gpu_hours,10,135.3770751,81.98677078,188.7673794
sens-s2-load-m10,shortest_estimate+topology_aware+none,lost_gpu_hours,10,0,0,0
sens-s2-load-m10,shortest_estimate+topology_aware+none,overhead_gpu_hours,10,0,0,0
sens-s2-load-m10,shortest_estimate+topology_aware+none,topology_gpu_hours,10,135.3770119,81.98671246,188.7673114
sens-s2-load-m10,shortest_estimate+topology_aware+none,slack_gpu_hours,10,6.31838384e-05,5.348614949e-05,7.288152732e-05
sens-s2-load-m10,shortest_estimate+topology_aware+none,preemptions,10,0,0,0
sens-s2-load-m10,shortest_estimate+topology_aware+none,failure_kills,10,0,0,0
sens-s2-load-m10,shortest_estimate+topology_aware+none,node_downtime_gpu_hours,10,0,0,0
sens-s2-load-m10,shortest_estimate+topology_aware+none,jain_bsld,10,0.9985848867,0.9972163801,0.9999533933
sens-s2-load-m10,shortest_estimate+topology_aware+none,tenant_worst_best_ratio,10,1.083257446,1.034178771,1.132336122
sens-s2-load-m10,shortest_estimate+topology_aware+none,slo_attainment,10,0.9828349224,0.9728289854,0.9928408593
sens-s2-load-m10,shortest_estimate+topology_aware+none,makespan,10,275227.5617,216896.77,333558.3534
sens-s2-load-m10,shortest_estimate+topology_aware+none,reservations,10,0,0,0
sens-s2-load-m10,shortest_estimate+topology_aware+none,broken_reservations,10,0,0,0
sens-s2-load-m10,shortest_estimate+topology_aware+none,tenant_t0_bsld_mean,10,1.171039959,1.079464667,1.262615252
sens-s2-load-m10,shortest_estimate+topology_aware+none,tenant_t0_bsld_p95,10,1.880297592,1.415892731,2.344702454
sens-s2-load-m10,shortest_estimate+topology_aware+none,tenant_t1_bsld_mean,10,1.152734404,1.077102672,1.228366136
sens-s2-load-m10,shortest_estimate+topology_aware+none,tenant_t1_bsld_p95,10,1.86761221,1.441200686,2.294023733
sens-s2-load-m10,shortest_estimate+topology_aware+none,tenant_t2_bsld_mean,10,1.150121852,1.049391487,1.250852217
sens-s2-load-m10,shortest_estimate+topology_aware+none,tenant_t2_bsld_p95,10,1.806928376,1.304341516,2.309515237
sens-s2-load-m10,shortest_estimate+topology_aware+none,tenant_t3_bsld_mean,10,1.176341731,1.091335552,1.26134791
sens-s2-load-m10,shortest_estimate+topology_aware+none,tenant_t3_bsld_p95,10,2.09176059,1.509071951,2.674449229
sens-s2-load-m10,shortest_estimate+topology_aware+none,prio_1_wait_p95,10,1604.7913,656.7302208,2552.852379
sens-s2-load-m10,shortest_estimate+topology_aware+none,prio_1_bsld_p95,10,1.875697319,1.385848163,2.365546474
sens-s2-load-m10,shortest_estimate+topology_aware+none,prio_8_wait_p95,10,1679.4161,365.1933282,2993.638872
sens-s2-load-p10,fifo+first_fit+none,J,10,4.225266284,2.402166096,6.048366472
sens-s2-load-p10,fifo+first_fit+none,J_slowdown,10,1.819928385,0.9018815664,2.737975203
sens-s2-load-p10,fifo+first_fit+none,J_wait,10,1.717852469,0.9376034933,2.498101445
sens-s2-load-p10,fifo+first_fit+none,J_waste,10,0.05070377036,0.04373087653,0.0576766642
sens-s2-load-p10,fifo+first_fit+none,J_slo,10,0.5902718241,0.383018876,0.7975247723
sens-s2-load-p10,fifo+first_fit+none,J_fairness,10,0.04650983557,0.009822136789,0.08319753436
sens-s2-load-p10,fifo+first_fit+none,wait_mean,10,11511.54163,4254.054954,18769.02831
sens-s2-load-p10,fifo+first_fit+none,wait_p95,10,21782.6665,11888.9745,31676.3585
sens-s2-load-p10,fifo+first_fit+none,wait_p99,10,23766.7241,13487.2712,34046.177
sens-s2-load-p10,fifo+first_fit+none,jct_mean,10,14159.96662,6799.579905,21520.35334
sens-s2-load-p10,fifo+first_fit+none,jct_p95,10,26048.6757,16168.68597,35928.66543
sens-s2-load-p10,fifo+first_fit+none,bsld_mean,10,20.51814464,9.379929577,31.65635969
sens-s2-load-p10,fifo+first_fit+none,bsld_p95,10,79.59550142,39.44425292,119.7467499
sens-s2-load-p10,fifo+first_fit+none,bsld_p99,10,173.7081038,91.89390187,255.5223057
sens-s2-load-p10,fifo+first_fit+none,wflow_mean,10,20.51814464,9.379929577,31.65635969
sens-s2-load-p10,fifo+first_fit+none,wflow_sum_all,10,41033.06305,19954.28434,62111.84177
sens-s2-load-p10,fifo+first_fit+none,large_wait_mean,10,11951.12605,4509.259338,19392.99276
sens-s2-load-p10,fifo+first_fit+none,large_wait_p95,10,22153.1353,12144.29474,32161.97586
sens-s2-load-p10,fifo+first_fit+none,utilization,10,0.8183554344,0.8048616244,0.8318492443
sens-s2-load-p10,fifo+first_fit+none,frag_blocked_frac,10,0.7979013382,0.7574965397,0.8383061366
sens-s2-load-p10,fifo+first_fit+none,stranded_frac,10,0.2394612727,0.2253108815,0.2536116638
sens-s2-load-p10,fifo+first_fit+none,goodput_ratio,10,0.9492962296,0.9423233358,0.9562691235
sens-s2-load-p10,fifo+first_fit+none,wasted_gpu_hours,10,256.3336771,186.4259924,326.2413618
sens-s2-load-p10,fifo+first_fit+none,lost_gpu_hours,10,0,0,0
sens-s2-load-p10,fifo+first_fit+none,overhead_gpu_hours,10,0,0,0
sens-s2-load-p10,fifo+first_fit+none,topology_gpu_hours,10,256.3335567,186.4258754,326.241238
sens-s2-load-p10,fifo+first_fit+none,slack_gpu_hours,10,0.0001204,0.0001128069828,0.0001279930173
sens-s2-load-p10,fifo+first_fit+none,preemptions,10,0,0,0
sens-s2-load-p10,fifo+first_fit+none,failure_kills,10,0,0,0
sens-s2-load-p10,fifo+first_fit+none,node_downtime_gpu_hours,10,0,0,0
sens-s2-load-p10,fifo+first_fit+none,jain_bsld,10,0.9534901644,0.9168024656,0.9901778632
sens-s2-load-p10,fifo+first_fit+none,tenant_worst_best_ratio,10,1.740142581,1.394157952,2.086127209
sens-s2-load-p10,fifo+first_fit+none,slo_attainment,10,0.4097281759,0.2024752277,0.616981124
sens-s2-load-p10,fifo+first_fit+none,makespan,10,239968.4033,190288.6655,289648.1411
sens-s2-load-p10,fifo+first_fit+none,reservations,10,0,0,0
sens-s2-load-p10,fifo+first_fit+none,broken_reservations,10,0,0,0
sens-s2-load-p10,fifo+first_fit+none,tenant_t0_bsld_mean,10,22.14414989,9.293057518,34.99524226
sens-s2-load-p10,fifo+first_fit+none,tenant_t0_bsld_p95,10,93.24432854,38.58885977,147.8997973
sens-s2-load-p10,fifo+first_fit+none,tenant_t1_bsld_mean,10,19.46471831,7.829374944,31.10006169
sens-s2-load-p10,fifo+first_fit+none,tenant_t1_bsld_p95,10,70.70745181,32.74014682,108.6747568
sens-s2-load-p10,fifo+first_fit+none,tenant_t2_bsld_mean,10,18.86201164,9.468251196,28.25577209
sens-s2-load-p10,fifo+first_fit+none,tenant_t2_bsld_p95,10,72.9321863,36.72492482,109.1394478
sens-s2-load-p10,fifo+first_fit+none,tenant_t3_bsld_mean,10,21.1112638,10.09465579,32.12787181
sens-s2-load-p10,fifo+first_fit+none,tenant_t3_bsld_p95,10,72.31226,43.40531111,101.2192089
sens-s2-load-p10,fifo+first_fit+none,prio_1_wait_p95,10,21896.7128,11907.62778,31885.79782
sens-s2-load-p10,fifo+first_fit+none,prio_1_bsld_p95,10,81.5543207,37.70032426,125.4083171
sens-s2-load-p10,fifo+first_fit+none,prio_8_wait_p95,10,21573.4267,11868.62396,31278.22944
sens-s2-load-p10,shortest_estimate+topology_aware+conservative,J,10,0.2808734339,0.2184026507,0.3433442172
sens-s2-load-p10,shortest_estimate+topology_aware+conservative,J_slowdown,10,0.05572172295,0.04911383784,0.06232960807
sens-s2-load-p10,shortest_estimate+topology_aware+conservative,J_wait,10,0.1547559564,0.106813632,0.2026982808
sens-s2-load-p10,shortest_estimate+topology_aware+conservative,J_waste,10,0.04037099131,0.03403819362,0.04670378899
sens-s2-load-p10,shortest_estimate+topology_aware+conservative,J_slo,10,0.02683193932,0.01926854349,0.03439533515
sens-s2-load-p10,shortest_estimate+topology_aware+conservative,J_fairness,10,0.003192823935,0.001354531084,0.005031116786
sens-s2-load-p10,shortest_estimate+topology_aware+conservative,wait_mean,10,479.4687451,300.4199933,658.5174968
sens-s2-load-p10,shortest_estimate+topology_aware+conservative,wait_p95,10,1962.3323,1354.415333,2570.249267
sens-s2-load-p10,shortest_estimate+topology_aware+conservative,wait_p99,10,8776.2378,5769.472491,11783.00311
sens-s2-load-p10,shortest_estimate+topology_aware+conservative,jct_mean,10,3117.964252,2589.795128,3646.133375
sens-s2-load-p10,shortest_estimate+topology_aware+conservative,jct_p95,10,10788.7454,8591.891604,12985.5992
sens-s2-load-p10,shortest_estimate+topology_aware+conservative,bsld_mean,10,1.273496288,1.220666786,1.326325789
sens-s2-load-p10,shortest_estimate+topology_aware+conservative,bsld_p95,10,2.437018135,2.14801889,2.72601738
sens-s2-load-p10,shortest_estimate+topology_aware+conservative,bsld_p99,10,5.711468427,4.724132432,6.698804421
sens-s2-load-p10,shortest_estimate+topology_aware+conservative,wflow_mean,10,1.273496288,1.220666786,1.326325789
sens-s2-load-p10,shortest_estimate+topology_aware+conservative,wflow_sum_all,10,2548.522877,2411.671691,2685.374063
sens-s2-load-p10,shortest_estimate+topology_aware+conservative,large_wait_mean,10,1917.592771,1195.56334,2639.622201
sens-s2-load-p10,shortest_estimate+topology_aware+conservative,large_wait_p95,10,8193.1159,5312.540028,11073.69177
sens-s2-load-p10,shortest_estimate+topology_aware+conservative,utilization,10,0.8617642583,0.8382898007,0.8852387159
sens-s2-load-p10,shortest_estimate+topology_aware+conservative,frag_blocked_frac,10,0.3914879775,0.3235770628,0.4593988921
sens-s2-load-p10,shortest_estimate+topology_aware+conservative,stranded_frac,10,0.1845240809,0.157516357,0.2115318048
sens-s2-load-p10,shortest_estimate+topology_aware+conservative,goodput_ratio,10,0.9596290087,0.953296211,0.9659618064
sens-s2-load-p10,shortest_estimate+topology_aware+conservative,wasted_gpu_hours,10,198.3015816,145.2078097,251.3953534
sens-s2-load-p10,shortest_estimate+topology_aware+conservative,lost_gpu_hours,10,0,0,0
sens-s2-load-p10,shortest_estimate+topology_aware+conservative,overhead_gpu_hours,10,0,0,0
sens-s2-load-p10,shortest_estimate+topology_aware+conservative,topology_gpu_hours,10,198.3014904,145.2077183,251.3952624
sens-s2-load-p10,shortest_estimate+topology_aware+conservative,slack_gpu_hours,10,9.118787882e-05,8.605999674e-05,9.631576089e-05
sens-s2-load-p10,shortest_estimate+topology_aware+conservative,preemptions,10,0,0,0
sens-s2-load-p10,shortest_estimate+topology_aware+conservative,failure_kills,10,0,0,0
sens-s2-load-p10,shortest_estimate+topology_aware+conservative,node_downtime_gpu_hours,10,0,0,0
sens-s2-load-p10,shortest_estimate+topology_aware+conservative,jain_bsld,10,0.9968071761,0.9949688832,0.9986454689
sens-s2-load-p10,shortest_estimate+topology_aware+conservative,tenant_worst_best_ratio,10,1.13856833,1.093196113,1.183940548
sens-s2-load-p10,shortest_estimate+topology_aware+conservative,slo_attainment,10,0.9731680607,0.9656046649,0.9807314565
sens-s2-load-p10,shortest_estimate+topology_aware+conservative,makespan,10,232137.4518,179170.9038,285103.9998
sens-s2-load-p10,shortest_estimate+topology_aware+conservative,reservations,10,418.4,348.132027,488.667973
sens-s2-load-p10,shortest_estimate+topology_aware+conservative,broken_reservations,10,358.3,295.9083275,420.6916725
sens-s2-load-p10,shortest_estimate+topology_aware+conservative,tenant_t0_bsld_mean,10,1.272294716,1.219993857,1.324595575
sens-s2-load-p10,shortest_estimate+topology_aware+conservative,tenant_t0_bsld_p95,10,2.53692304,2.26067502,2.813171061
sens-s2-load-p10,shortest_estimate+topology_aware+conservative,tenant_t1_bsld_mean,10,1.277688351,1.194500869,1.360875833
sens-s2-load-p10,shortest_estimate+topology_aware+conservative,tenant_t1_bsld_p95,10,2.479567962,2.092443541,2.866692382
sens-s2-load-p10,shortest_estimate+topology_aware+conservative,tenant_t2_bsld_mean,10,1.258565944,1.189506246,1.327625642
sens-s2-load-p10,shortest_estimate+topology_aware+conservative,tenant_t2_bsld_p95,10,2.304325329,1.974803085,2.633847573
sens-s2-load-p10,shortest_estimate+topology_aware+conservative,tenant_t3_bsld_mean,10,1.298962859,1.190711511,1.407214206
sens-s2-load-p10,shortest_estimate+topology_aware+conservative,tenant_t3_bsld_p95,10,2.660943616,2.074470856,3.247416377
sens-s2-load-p10,shortest_estimate+topology_aware+conservative,prio_1_wait_p95,10,1906.6983,1345.260096,2468.136504
sens-s2-load-p10,shortest_estimate+topology_aware+conservative,prio_1_bsld_p95,10,2.418868688,2.120602959,2.717134416
sens-s2-load-p10,shortest_estimate+topology_aware+conservative,prio_8_wait_p95,10,2077.8135,994.032235,3161.594765
sens-s2-load-p10,shortest_estimate+topology_aware+easy,J,10,0.2961742428,0.2225120321,0.3698364535
sens-s2-load-p10,shortest_estimate+topology_aware+easy,J_slowdown,10,0.05919623616,0.04908872269,0.06930374963
sens-s2-load-p10,shortest_estimate+topology_aware+easy,J_wait,10,0.1602932231,0.109345157,0.2112412893
sens-s2-load-p10,shortest_estimate+topology_aware+easy,J_waste,10,0.04334155467,0.03646591921,0.05021719013
sens-s2-load-p10,shortest_estimate+topology_aware+easy,J_slo,10,0.03028913563,0.02086545755,0.0397128137
sens-s2-load-p10,shortest_estimate+topology_aware+easy,J_fairness,10,0.003054093222,0.001128637248,0.004979549196
sens-s2-load-p10,shortest_estimate+topology_aware+easy,wait_mean,10,538.2987719,305.5261334,771.0714103
sens-s2-load-p10,shortest_estimate+topology_aware+easy,wait_p95,10,2032.5458,1386.515507,2678.576093
sens-s2-load-p10,shortest_estimate+topology_aware+easy,wait_p99,10,11748.8942,5626.258084,17871.53032
sens-s2-load-p10,shortest_estimate+topology_aware+easy,jct_mean,10,3179.66749,2659.855155,3699.479824
sens-s2-load-p10,shortest_estimate+topology_aware+easy,jct_p95,10,10927.4599,8628.741295,13226.17851
sens-s2-load-p10,shortest_estimate+topology_aware+easy,bsld_mean,10,1.305596467,1.219558875,1.391634058
sens-s2-load-p10,shortest_estimate+topology_aware+easy,bsld_p95,10,2.588977753,2.146920467,3.031035039
sens-s2-load-p10,shortest_estimate+topology_aware+easy,bsld_p99,10,6.477558322,4.857728064,8.09738858
sens-s2-load-p10,shortest_estimate+topology_aware+easy,wflow_mean,10,1.305596467,1.219558875,1.391634058
sens-s2-load-p10,shortest_estimate+topology_aware+easy,wflow_sum_all,10,2579.285527,2413.164975,2745.40608
sens-s2-load-p10,shortest_estimate+topology_aware+easy,large_wait_mean,10,2231.081204,1293.246317,3168.916091
sens-s2-load-p10,shortest_estimate+topology_aware+easy,large_wait_p95,10,10862.0265,5647.837692,16076.21531
sens-s2-load-p10,shortest_estimate+topology_aware+easy,utilization,10,0.8601020909,0.835642402,0.8845617798
sens-s2-load-p10,shortest_estimate+topology_aware+easy,frag_blocked_frac,10,0.4061574969,0.3422105842,0.4701044096
sens-s2-load-p10,shortest_estimate+topology_aware+easy,stranded_frac,10,0.189671015,0.162050832,0.217291198
sens-s2-load-p10,shortest_estimate+topology_aware+easy,goodput_ratio,10,0.9566584453,0.9497828099,0.9635340808
sens-s2-load-p10,shortest_estimate+topology_aware+easy,wasted_gpu_hours,10,214.4235424,157.2471699,271.5999149
sens-s2-load-p10,shortest_estimate+topology_aware+easy,lost_gpu_hours,10,0,0,0
sens-s2-load-p10,shortest_estimate+topology_aware+easy,overhead_gpu_hours,10,0,0,0
sens-s2-load-p10,shortest_estimate+topology_aware+easy,topology_gpu_hours,10,214.4234498,157.2470794,271.5998201
sens-s2-load-p10,shortest_estimate+topology_aware+easy,slack_gpu_hours,10,9.268282832e-05,8.506683891e-05,0.0001002988177
sens-s2-load-p10,shortest_estimate+topology_aware+easy,preemptions,10,0,0,0
sens-s2-load-p10,shortest_estimate+topology_aware+easy,failure_kills,10,0,0,0
sens-s2-load-p10,shortest_estimate+topology_aware+easy,node_downtime_gpu_hours,10,0,0,0
sens-s2-load-p10,shortest_estimate+topology_aware+easy,jain_bsld,10,0.9969459068,0.9950204508,0.9988713628
sens-s2-load-p10,shortest_estimate+topology_aware+easy,tenant_worst_best_ratio,10,1.140558371,1.092258137,1.188858606
sens-s2-load-p10,shortest_estimate+topology_aware+easy,slo_attainment,10,0.9697108644,0.9602871863,0.9791345424
sens-s2-load-p10,shortest_estimate+topology_aware+easy,makespan,10,233358.7981,180916.1834,285801.4128
sens-s2-load-p10,shortest_estimate+topology_aware+easy,reservations,10,256.3,225.0653879,287.5346121
sens-s2-load-p10,shortest_estimate+topology_aware+easy,broken_reservations,10,220.1,186.0280947,254.1719053
sens-s2-load-p10,shortest_estimate+topology_aware+easy,tenant_t0_bsld_mean,10,1.317143792,1.235808792,1.398478793
sens-s2-load-p10,shortest_estimate+topology_aware+easy,tenant_t0_bsld_p95,10,2.702134404,2.313475152,3.090793656
sens-s2-load-p10,shortest_estimate+topology_aware+easy,tenant_t1_bsld_mean,10,1.308153453,1.192966444,1.423340462
sens-s2-load-p10,shortest_estimate+topology_aware+easy,tenant_t1_bsld_p95,10,2.62040419,2.061903361,3.17890502
sens-s2-load-p10,shortest_estimate+topology_aware+easy,tenant_t2_bsld_mean,10,1.284488896,1.193755088,1.375222704
sens-s2-load-p10,shortest_estimate+topology_aware+easy,tenant_t2_bsld_p95,10,2.423941242,1.978057782,2.869824701
sens-s2-load-p10,shortest_estimate+topology_aware+easy,tenant_t3_bsld_mean,10,1.297553541,1.156714763,1.43839232
sens-s2-load-p10,shortest_estimate+topology_aware+easy,tenant_t3_bsld_p95,10,3.012698003,1.911998957,4.113397049
sens-s2-load-p10,shortest_estimate+topology_aware+easy,prio_1_wait_p95,10,2021.0945,1495.46275,2546.72625
sens-s2-load-p10,shortest_estimate+topology_aware+easy,prio_1_bsld_p95,10,2.526638555,2.132740842,2.920536267
sens-s2-load-p10,shortest_estimate+topology_aware+easy,prio_8_wait_p95,10,2716.8787,890.0207036,4543.736696
sens-s2-load-p10,shortest_estimate+topology_aware+easy_oracle,J,10,0.2619096063,0.2017114475,0.3221077651
sens-s2-load-p10,shortest_estimate+topology_aware+easy_oracle,J_slowdown,10,0.05659898906,0.04854227687,0.06465570126
sens-s2-load-p10,shortest_estimate+topology_aware+easy_oracle,J_wait,10,0.1379392694,0.09520795262,0.1806705863
sens-s2-load-p10,shortest_estimate+topology_aware+easy_oracle,J_waste,10,0.04012852133,0.03383215496,0.04642488771
sens-s2-load-p10,shortest_estimate+topology_aware+easy_oracle,J_slo,10,0.02576742053,0.01813260924,0.03340223182
sens-s2-load-p10,shortest_estimate+topology_aware+easy_oracle,J_fairness,10,0.001475405947,0.0004407715922,0.002510040302
sens-s2-load-p10,shortest_estimate+topology_aware+easy_oracle,wait_mean,10,475.0986862,274.0332897,676.1640826
sens-s2-load-p10,shortest_estimate+topology_aware+easy_oracle,wait_p95,10,1749.0938,1207.25331,2290.93429
sens-s2-load-p10,shortest_estimate+topology_aware+easy_oracle,wait_p99,10,10019.2322,5392.187331,14646.27707
sens-s2-load-p10,shortest_estimate+topology_aware+easy_oracle,jct_mean,10,3114.280402,2596.092054,3632.46875
sens-s2-load-p10,shortest_estimate+topology_aware+easy_oracle,jct_p95,10,10708.519,8528.934515,12888.10349
sens-s2-load-p10,shortest_estimate+topology_aware+easy_oracle,bsld_mean,10,1.268156438,1.1998191,1.336493776
sens-s2-load-p10,shortest_estimate+topology_aware+easy_oracle,bsld_p95,10,2.475385819,2.123021378,2.827750259
sens-s2-load-p10,shortest_estimate+topology_aware+easy_oracle,bsld_p99,10,5.456830796,4.382408204,6.531253388
sens-s2-load-p10,shortest_estimate+topology_aware+easy_oracle,wflow_mean,10,1.268156438,1.1998191,1.336493776
sens-s2-load-p10,shortest_estimate+topology_aware+easy_oracle,wflow_sum_all,10,2519.848359,2374.268742,2665.427976
sens-s2-load-p10,shortest_estimate+topology_aware+easy_oracle,large_wait_mean,10,1958.29943,1137.799953,2778.798907
sens-s2-load-p10,shortest_estimate+topology_aware+easy_oracle,large_wait_p95,10,8966.7225,5176.05549,12757.38951
sens-s2-load-p10,shortest_estimate+topology_aware+easy_oracle,utilization,10,0.8638215399,0.8385691241,0.8890739557
sens-s2-load-p10,shortest_estimate+topology_aware+easy_oracle,frag_blocked_frac,10,0.387991716,0.3110872647,0.4648961673
sens-s2-load-p10,shortest_estimate+topology_aware+easy_oracle,stranded_frac,10,0.1937592078,0.1613120599,0.2262063556
sens-s2-load-p10,shortest_estimate+topology_aware+easy_oracle,goodput_ratio,10,0.9598714787,0.9535751123,0.966167845
sens-s2-load-p10,shortest_estimate+topology_aware+easy_oracle,wasted_gpu_hours,10,196.4348673,148.3014326,244.5683021
sens-s2-load-p10,shortest_estimate+topology_aware+easy_oracle,lost_gpu_hours,10,0,0,0
sens-s2-load-p10,shortest_estimate+topology_aware+easy_oracle,overhead_gpu_hours,10,0,0,0
sens-s2-load-p10,shortest_estimate+topology_aware+easy_oracle,topology_gpu_hours,10,196.4347765,148.3013438,244.5682093
sens-s2-load-p10,shortest_estimate+topology_aware+easy_oracle,slack_gpu_hours,10,9.081212124e-05,8.433258919e-05,9.729165329e-05
sens-s2-load-p10,shortest_estimate+topology_aware+easy_oracle,preemptions,10,0,0,0
sens-s2-load-p10,shortest_estimate+topology_aware+easy_oracle,failure_kills,10,0,0,0
sens-s2-load-p10,shortest_estimate+topology_aware+easy_oracle,node_downtime_gpu_hours,10,0,0,0
sens-s2-load-p10,shortest_estimate+topology_aware+easy_oracle,jain_bsld,10,0.9985245941,0.9974899597,0.9995592284
sens-s2-load-p10,shortest_estimate+topology_aware+easy_oracle,tenant_worst_best_ratio,10,1.094335459,1.060574159,1.128096758
sens-s2-load-p10,shortest_estimate+topology_aware+easy_oracle,slo_attainment,10,0.9742325795,0.9665977682,0.9818673908
sens-s2-load-p10,shortest_estimate+topology_aware+easy_oracle,makespan,10,232987.0271,182905.1346,283068.9196
sens-s2-load-p10,shortest_estimate+topology_aware+easy_oracle,reservations,10,270.1,233.9110627,306.2889373
sens-s2-load-p10,shortest_estimate+topology_aware+easy_oracle,broken_reservations,10,74.6,61.39137816,87.80862184
sens-s2-load-p10,shortest_estimate+topology_aware+easy_oracle,tenant_t0_bsld_mean,10,1.285150034,1.200322308,1.36997776
sens-s2-load-p10,shortest_estimate+topology_aware+easy_oracle,tenant_t0_bsld_p95,10,2.627117907,2.253987108,3.000248706
sens-s2-load-p10,shortest_estimate+topology_aware+easy_oracle,tenant_t1_bsld_mean,10,1.261752748,1.184858096,1.338647401
sens-s2-load-p10,shortest_estimate+topology_aware+easy_oracle,tenant_t1_bsld_p95,10,2.460094581,2.063542675,2.856646487
sens-s2-load-p10,shortest_estimate+topology_aware+easy_oracle,tenant_t2_bsld_mean,10,1.242094694,1.180712654,1.303476733
sens-s2-load-p10,shortest_estimate+topology_aware+easy_oracle,tenant_t2_bsld_p95,10,2.277628119,1.899288494,2.655967743
sens-s2-load-p10,shortest_estimate+topology_aware+easy_oracle,tenant_t3_bsld_mean,10,1.273452331,1.199008206,1.347896456
sens-s2-load-p10,shortest_estimate+topology_aware+easy_oracle,tenant_t3_bsld_p95,10,2.668480093,2.186307041,3.150653145
sens-s2-load-p10,shortest_estimate+topology_aware+easy_oracle,prio_1_wait_p95,10,1694.0089,1243.042465,2144.975335
sens-s2-load-p10,shortest_estimate+topology_aware+easy_oracle,prio_1_bsld_p95,10,2.495931672,2.11248725,2.879376095
sens-s2-load-p10,shortest_estimate+topology_aware+easy_oracle,prio_8_wait_p95,10,2038.8599,1124.185395,2953.534405
sens-s2-load-p10,shortest_estimate+topology_aware+easy_predicted,J,10,0.273308572,0.1972559625,0.3493611814
sens-s2-load-p10,shortest_estimate+topology_aware+easy_predicted,J_slowdown,10,0.05706626342,0.04836266502,0.06576986182
sens-s2-load-p10,shortest_estimate+topology_aware+easy_predicted,J_wait,10,0.1433050716,0.08907757657,0.1975325667
sens-s2-load-p10,shortest_estimate+topology_aware+easy_predicted,J_waste,10,0.0417091537,0.03437167661,0.04904663079
sens-s2-load-p10,shortest_estimate+topology_aware+easy_predicted,J_slo,10,0.0289766875,0.01920806937,0.03874530563
sens-s2-load-p10,shortest_estimate+topology_aware+easy_predicted,J_fairness,10,0.002251395719,0.0007905334186,0.00371225802
sens-s2-load-p10,shortest_estimate+topology_aware+easy_predicted,wait_mean,10,529.9671761,283.1923306,776.7420217
sens-s2-load-p10,shortest_estimate+topology_aware+easy_predicted,wait_p95,10,1817.1331,1129.519081,2504.747119
sens-s2-load-p10,shortest_estimate+topology_aware+easy_predicted,wait_p99,10,11317.3995,4964.468717,17670.33028
sens-s2-load-p10,shortest_estimate+topology_aware+easy_predicted,jct_mean,10,3170.344909,2638.200429,3702.489389
sens-s2-load-p10,shortest_estimate+topology_aware+easy_predicted,jct_p95,10,10757.5964,8536.288756,12978.90404
sens-s2-load-p10,shortest_estimate+topology_aware+easy_predicted,bsld_mean,10,1.285824097,1.202968771,1.368679423
sens-s2-load-p10,shortest_estimate+topology_aware+easy_predicted,bsld_p95,10,2.495822302,2.115165962,2.876478643
sens-s2-load-p10,shortest_estimate+topology_aware+easy_predicted,bsld_p99,10,6.064513143,4.769943766,7.35908252
sens-s2-load-p10,shortest_estimate+topology_aware+easy_predicted,wflow_mean,10,1.285824097,1.202968771,1.368679423
sens-s2-load-p10,shortest_estimate+topology_aware+easy_predicted,wflow_sum_all,10,2573.871868,2409.665425,2738.078311
sens-s2-load-p10,shortest_estimate+topology_aware+easy_predicted,large_wait_mean,10,2249.900526,1207.450195,3292.350856
sens-s2-load-p10,shortest_estimate+topology_aware+easy_predicted,large_wait_p95,10,10283.4092,4847.248061,15719.57034
sens-s2-load-p10,shortest_estimate+topology_aware+easy_predicted,utilization,10,0.8533831956,0.8319663102,0.8748000809
sens-s2-load-p10,shortest_estimate+topology_aware+easy_predicted,frag_blocked_frac,10,0.4201444084,0.3500988632,0.4901899535
sens-s2-load-p10,shortest_estimate+topology_aware+easy_predicted,stranded_frac,10,0.1894291155,0.1642976387,0.2145605922
sens-s2-load-p10,shortest_estimate+topology_aware+easy_predicted,goodput_ratio,10,0.9582908463,0.9509533692,0.9656283234
sens-s2-load-p10,shortest_estimate+topology_aware+easy_predicted,wasted_gpu_hours,10,204.6366702,147.1727217,262.1006188
sens-s2-load-p10,shortest_estimate+topology_aware+easy_predicted,lost_gpu_hours,10,0,0,0
sens-s2-load-p10,shortest_estimate+topology_aware+easy_predicted,overhead_gpu_hours,10,0,0,0
sens-s2-load-p10,shortest_estimate+topology_aware+easy_predicted,topology_gpu_hours,10,204.6365808,147.1726341,262.1005275
sens-s2-load-p10,shortest_estimate+topology_aware+easy_predicted,slack_gpu_hours,10,8.942222225e-05,8.236431792e-05,9.648012658e-05
sens-s2-load-p10,shortest_estimate+topology_aware+easy_predicted,preemptions,10,0,0,0
sens-s2-load-p10,shortest_estimate+topology_aware+easy_predicted,failure_kills,10,0,0,0
sens-s2-load-p10,shortest_estimate+topology_aware+easy_predicted,node_downtime_gpu_hours,10,0,0,0
sens-s2-load-p10,shortest_estimate+topology_aware+easy_predicted,jain_bsld,10,0.9977486043,0.996287742,0.9992094666
sens-s2-load-p10,shortest_estimate+topology_aware+easy_predicted,tenant_worst_best_ratio,10,1.117733822,1.068843598,1.166624046
sens-s2-load-p10,shortest_estimate+topology_aware+easy_predicted,slo_attainment,10,0.9710233125,0.9612546944,0.9807919306
sens-s2-load-p10,shortest_estimate+topology_aware+easy_predicted,makespan,10,236906.6524,184855.1664,288958.1384
sens-s2-load-p10,shortest_estimate+topology_aware+easy_predicted,reservations,10,239.8,207.6084093,271.9915907
sens-s2-load-p10,shortest_estimate+topology_aware+easy_predicted,broken_reservations,10,214.2,183.0077409,245.3922591
sens-s2-load-p10,shortest_estimate+topology_aware+easy_predicted,tenant_t0_bsld_mean,10,1.302409832,1.203625522,1.401194141
sens-s2-load-p10,shortest_estimate+topology_aware+easy_predicted,tenant_t0_bsld_p95,10,2.578468368,2.139073652,3.017863084
sens-s2-load-p10,shortest_estimate+topology_aware+easy_predicted,tenant_t1_bsld_mean,10,1.280100173,1.189547421,1.370652926
sens-s2-load-p10,shortest_estimate+topology_aware+easy_predicted,tenant_t1_bsld_p95,10,2.437414725,2.047617107,2.827212343
sens-s2-load-p10,shortest_estimate+topology_aware+easy_predicted,tenant_t2_bsld_mean,10,1.267402281,1.184069134,1.350735428
sens-s2-load-p10,shortest_estimate+topology_aware+easy_predicted,tenant_t2_bsld_p95,10,2.445206697,2.018121964,2.87229143
sens-s2-load-p10,shortest_estimate+topology_aware+easy_predicted,tenant_t3_bsld_mean,10,1.275131974,1.161988289,1.388275659
sens-s2-load-p10,shortest_estimate+topology_aware+easy_predicted,tenant_t3_bsld_p95,10,2.871648596,1.740679553,4.002617639
sens-s2-load-p10,shortest_estimate+topology_aware+easy_predicted,prio_1_wait_p95,10,1717.2483,1140.245145,2294.251455
sens-s2-load-p10,shortest_estimate+topology_aware+easy_predicted,prio_1_bsld_p95,10,2.383937735,2.03343098,2.734444489
sens-s2-load-p10,shortest_estimate+topology_aware+easy_predicted,prio_8_wait_p95,10,1935.9683,1204.899688,2667.036912
sens-s2-load-p10,shortest_estimate+topology_aware+none,J,10,0.7551133622,0.5302427532,0.9799839712
sens-s2-load-p10,shortest_estimate+topology_aware+none,J_slowdown,10,0.0858524752,0.07102865208,0.1006762983
sens-s2-load-p10,shortest_estimate+topology_aware+none,J_wait,10,0.5427888642,0.3545769397,0.7310007886
sens-s2-load-p10,shortest_estimate+topology_aware+none,J_waste,10,0.0377091779,0.03343659937,0.04198175642
sens-s2-load-p10,shortest_estimate+topology_aware+none,J_slo,10,0.08543427983,0.06363490311,0.1072336566
sens-s2-load-p10,shortest_estimate+topology_aware+none,J_fairness,10,0.003328565133,0.0005524654858,0.006104664779
sens-s2-load-p10,shortest_estimate+topology_aware+none,wait_mean,10,1623.711964,985.8331316,2261.590797
sens-s2-load-p10,shortest_estimate+topology_aware+none,wait_p95,10,6882.6567,4496.096937,9269.216463
sens-s2-load-p10,shortest_estimate+topology_aware+none,wait_p99,10,28320.8399,15026.27208,41615.40772
sens-s2-load-p10,shortest_estimate+topology_aware+none,jct_mean,10,4260.678587,3487.581953,5033.775221
sens-s2-load-p10,shortest_estimate+topology_aware+none,jct_p95,10,15448.3871,12387.25554,18509.51866
sens-s2-load-p10,shortest_estimate+topology_aware+none,bsld_mean,10,1.582359004,1.438512414,1.726205593
sens-s2-load-p10,shortest_estimate+topology_aware+none,bsld_p95,10,3.75480204,3.106474532,4.403129548
sens-s2-load-p10,shortest_estimate+topology_aware+none,bsld_p99,10,7.293536469,5.941942445,8.645130493
sens-s2-load-p10,shortest_estimate+topology_aware+none,wflow_mean,10,1.582359004,1.438512414,1.726205593
sens-s2-load-p10,shortest_estimate+topology_aware+none,wflow_sum_all,10,3116.982043,2821.045261,3412.918825
sens-s2-load-p10,shortest_estimate+topology_aware+none,large_wait_mean,10,2065.603233,1359.008444,2772.198021
sens-s2-load-p10,shortest_estimate+topology_aware+none,large_wait_p95,10,7762.8127,5794.195906,9731.429494
sens-s2-load-p10,shortest_estimate+topology_aware+none,utilization,10,0.8434204175,0.8243145273,0.8625263078
sens-s2-load-p10,shortest_estimate+topology_aware+none,frag_blocked_frac,10,0.5830439234,0.5059058867,0.66018196
sens-s2-load-p10,shortest_estimate+topology_aware+none,stranded_frac,10,0.2118169514,0.1869092541,0.2367246487
sens-s2-load-p10,shortest_estimate+topology_aware+none,goodput_ratio,10,0.9622908221,0.9580182436,0.9665634006
sens-s2-load-p10,shortest_estimate+topology_aware+none,wasted_gpu_hours,10,188.3619038,138.6968835,238.0269241
sens-s2-load-p10,shortest_estimate+topology_aware+none,lost_gpu_hours,10,0,0,0
sens-s2-load-p10,shortest_estimate+topology_aware+none,overhead_gpu_hours,10,0,0,0
sens-s2-load-p10,shortest_estimate+topology_aware+none,topology_gpu_hours,10,188.3618144,138.6967977,238.0268312
sens-s2-load-p10,shortest_estimate+topology_aware+none,slack_gpu_hours,10,8.934141417e-05,8.432303238e-05,9.435979597e-05
sens-s2-load-p10,shortest_estimate+topology_aware+none,preemptions,10,0,0,0
sens-s2-load-p10,shortest_estimate+topology_aware+none,failure_kills,10,0,0,0
sens-s2-load-p10,shortest_estimate+topology_aware+none,node_downtime_gpu_hours,10,0,0,0
sens-s2-load-p10,shortest_estimate+topology_aware+none,jain_bsld,10,0.9966714349,0.9938953352,0.9994475345
sens-s2-load-p10,shortest_estimate+topology_aware+none,tenant_worst_best_ratio,10,1.141306654,1.086671302,1.195942005
sens-s2-load-p10,shortest_estimate+topology_aware+none,slo_attainment,10,0.9145657202,0.8927663434,0.9363650969
sens-s2-load-p10,shortest_estimate+topology_aware+none,makespan,10,246485.5088,198072.4227,294898.5949
sens-s2-load-p10,shortest_estimate+topology_aware+none,reservations,10,0,0,0
sens-s2-load-p10,shortest_estimate+topology_aware+none,broken_reservations,10,0,0,0
sens-s2-load-p10,shortest_estimate+topology_aware+none,tenant_t0_bsld_mean,10,1.618994127,1.450829747,1.787158507
sens-s2-load-p10,shortest_estimate+topology_aware+none,tenant_t0_bsld_p95,10,3.985556329,3.18419968,4.786912978
sens-s2-load-p10,shortest_estimate+topology_aware+none,tenant_t1_bsld_mean,10,1.546167212,1.422160096,1.670174329
sens-s2-load-p10,shortest_estimate+topology_aware+none,tenant_t1_bsld_p95,10,3.673819581,3.072801867,4.274837295
sens-s2-load-p10,shortest_estimate+topology_aware+none,tenant_t2_bsld_mean,10,1.530799806,1.405554299,1.656045314
sens-s2-load-p10,shortest_estimate+topology_aware+none,tenant_t2_bsld_p95,10,3.387649786,2.850607561,3.924692012
sens-s2-load-p10,shortest_estimate+topology_aware+none,tenant_t3_bsld_mean,10,1.644553637,1.426203318,1.862903956
sens-s2-load-p10,shortest_estimate+topology_aware+none,tenant_t3_bsld_p95,10,4.070139101,2.787553232,5.35272497
sens-s2-load-p10,shortest_estimate+topology_aware+none,prio_1_wait_p95,10,7236.9065,4565.517433,9908.295567
sens-s2-load-p10,shortest_estimate+topology_aware+none,prio_1_bsld_p95,10,3.654598669,3.035075197,4.27412214
sens-s2-load-p10,shortest_estimate+topology_aware+none,prio_8_wait_p95,10,7869.9605,5373.801582,10366.11942
sens-s2-topo-x0.5,fifo+first_fit+none,J,10,1.787426401,0.7067070832,2.868145719
sens-s2-topo-x0.5,fifo+first_fit+none,J_slowdown,10,0.6781791685,0.1772701965,1.179088141
sens-s2-topo-x0.5,fifo+first_fit+none,J_wait,10,0.7806933786,0.3637685839,1.197618173
sens-s2-topo-x0.5,fifo+first_fit+none,J_waste,10,0.02461580196,0.02150831771,0.0277232862
sens-s2-topo-x0.5,fifo+first_fit+none,J_slo,10,0.276075697,0.06701551689,0.4851358771
sens-s2-topo-x0.5,fifo+first_fit+none,J_fairness,10,0.02786235492,0.003200190163,0.05252451967
sens-s2-topo-x0.5,fifo+first_fit+none,wait_mean,10,4201.07919,273.0685388,8129.089842
sens-s2-topo-x0.5,fifo+first_fit+none,wait_p95,10,9899.3271,4612.648576,15186.00562
sens-s2-topo-x0.5,fifo+first_fit+none,wait_p99,10,11200.4469,5717.812552,16683.08125
sens-s2-topo-x0.5,fifo+first_fit+none,jct_mean,10,6832.459892,2794.121811,10870.79797
sens-s2-topo-x0.5,fifo+first_fit+none,jct_p95,10,15035.7683,9574.055618,20497.48098
sens-s2-topo-x0.5,fifo+first_fit+none,bsld_mean,10,7.915773269,1.873528843,13.95801769
sens-s2-topo-x0.5,fifo+first_fit+none,bsld_p95,10,29.6605138,7.753002973,51.56802463
sens-s2-topo-x0.5,fifo+first_fit+none,bsld_p99,10,72.98186074,22.95395453,123.009767
sens-s2-topo-x0.5,fifo+first_fit+none,wflow_mean,10,7.915773269,1.873528843,13.95801769
sens-s2-topo-x0.5,fifo+first_fit+none,wflow_sum_all,10,15429.48132,4666.456561,26192.50608
sens-s2-topo-x0.5,fifo+first_fit+none,large_wait_mean,10,4454.879829,487.9335536,8421.826104
sens-s2-topo-x0.5,fifo+first_fit+none,large_wait_p95,10,10075.8357,4755.157796,15396.5136
sens-s2-topo-x0.5,fifo+first_fit+none,utilization,10,0.7707889949,0.7402207537,0.8013572361
sens-s2-topo-x0.5,fifo+first_fit+none,frag_blocked_frac,10,0.5461646937,0.3887250945,0.703604293
sens-s2-topo-x0.5,fifo+first_fit+none,stranded_frac,10,0.1888132323,0.1516144231,0.2260120415
sens-s2-topo-x0.5,fifo+first_fit+none,goodput_ratio,10,0.975384198,0.9722767138,0.9784916823
sens-s2-topo-x0.5,fifo+first_fit+none,wasted_gpu_hours,10,120.4610271,89.20898178,151.7130724
sens-s2-topo-x0.5,fifo+first_fit+none,lost_gpu_hours,10,0,0,0
sens-s2-topo-x0.5,fifo+first_fit+none,overhead_gpu_hours,10,0,0,0
sens-s2-topo-x0.5,fifo+first_fit+none,topology_gpu_hours,10,120.4608804,89.20883726,151.7129236
sens-s2-topo-x0.5,fifo+first_fit+none,slack_gpu_hours,10,0.0001466737213,0.0001306719329,0.0001626755097
sens-s2-topo-x0.5,fifo+first_fit+none,preemptions,10,0,0,0
sens-s2-topo-x0.5,fifo+first_fit+none,failure_kills,10,0,0,0
sens-s2-topo-x0.5,fifo+first_fit+none,node_downtime_gpu_hours,10,0,0,0
sens-s2-topo-x0.5,fifo+first_fit+none,jain_bsld,10,0.9721376451,0.9474754803,0.9967998098
sens-s2-topo-x0.5,fifo+first_fit+none,tenant_worst_best_ratio,10,1.502214662,1.216001746,1.788427578
sens-s2-topo-x0.5,fifo+first_fit+none,slo_attainment,10,0.723924303,0.5148641229,0.9329844831
sens-s2-topo-x0.5,fifo+first_fit+none,makespan,10,248925.3534,196222.2399,301628.4669
sens-s2-topo-x0.5,fifo+first_fit+none,reservations,10,0,0,0
sens-s2-topo-x0.5,fifo+first_fit+none,broken_reservations,10,0,0,0
sens-s2-topo-x0.5,fifo+first_fit+none,tenant_t0_bsld_mean,10,8.483361356,1.380756382,15.58596633
sens-s2-topo-x0.5,fifo+first_fit+none,tenant_t0_bsld_p95,10,35.98769437,3.530994569,68.44439418
sens-s2-topo-x0.5,fifo+first_fit+none,tenant_t1_bsld_mean,10,7.587088549,1.719393708,13.45478339
sens-s2-topo-x0.5,fifo+first_fit+none,tenant_t1_bsld_p95,10,26.46982317,6.916237826,46.02340851
sens-s2-topo-x0.5,fifo+first_fit+none,tenant_t2_bsld_mean,10,7.317054747,2.561441842,12.07266765
sens-s2-topo-x0.5,fifo+first_fit+none,tenant_t2_bsld_p95,10,28.72011712,11.41317163,46.02706262
sens-s2-topo-x0.5,fifo+first_fit+none,tenant_t3_bsld_mean,10,8.042633895,2.189543226,13.89572456
sens-s2-topo-x0.5,fifo+first_fit+none,tenant_t3_bsld_p95,10,27.31114872,11.61717844,43.00511901
sens-s2-topo-x0.5,fifo+first_fit+none,prio_1_wait_p95,10,10056.0298,4746.262212,15365.79739
sens-s2-topo-x0.5,fifo+first_fit+none,prio_1_bsld_p95,10,31.54946044,6.929350672,56.16957021
sens-s2-topo-x0.5,fifo+first_fit+none,prio_8_wait_p95,10,9694.9077,4496.654027,14893.16137
sens-s2-topo-x0.5,shortest_estimate+topology_aware+conservative,J,10,0.1496032834,0.0732151342,0.2259914325
sens-s2-topo-x0.5,shortest_estimate+topology_aware+conservative,J_slowdown,10,0.03819145551,0.02981841044,0.04656450058
sens-s2-topo-x0.5,shortest_estimate+topology_aware+conservative,J_wait,10,0.07838561824,0.02273915114,0.1340320853
sens-s2-topo-x0.5,shortest_estimate+topology_aware+conservative,J_waste,10,0.01664465133,0.01229484368,0.02099445899
sens-s2-topo-x0.5,shortest_estimate+topology_aware+conservative,J_slo,10,0.01497901101,0.005751821665,0.02420620035
sens-s2-topo-x0.5,shortest_estimate+topology_aware+conservative,J_fairness,10,0.001402547281,0.0006142674324,0.00219082713
sens-s2-topo-x0.5,shortest_estimate+topology_aware+conservative,wait_mean,10,211.3413594,52.8829763,369.7997426
sens-s2-topo-x0.5,shortest_estimate+topology_aware+conservative,wait_p95,10,993.9432,288.3363704,1699.55003
sens-s2-topo-x0.5,shortest_estimate+topology_aware+conservative,wait_p99,10,4485.92,1230.122613,7741.717387
sens-s2-topo-x0.5,shortest_estimate+topology_aware+conservative,jct_mean,10,2836.412967,2308.838487,3363.987447
sens-s2-topo-x0.5,shortest_estimate+topology_aware+conservative,jct_p95,10,9858.7764,7674.640217,12042.91258
sens-s2-topo-x0.5,shortest_estimate+topology_aware+conservative,bsld_mean,10,1.150645583,1.084604673,1.216686493
sens-s2-topo-x0.5,shortest_estimate+topology_aware+conservative,bsld_p95,10,1.670322897,1.304123475,2.036522318
sens-s2-topo-x0.5,shortest_estimate+topology_aware+conservative,bsld_p99,10,4.030362135,2.880436969,5.180287302
sens-s2-topo-x0.5,shortest_estimate+topology_aware+conservative,wflow_mean,10,1.150645583,1.084604673,1.216686493
sens-s2-topo-x0.5,shortest_estimate+topology_aware+conservative,wflow_sum_all,10,2286.3478,2163.800752,2408.894848
sens-s2-topo-x0.5,shortest_estimate+topology_aware+conservative,large_wait_mean,10,838.1522033,213.2264416,1463.077965
sens-s2-topo-x0.5,shortest_estimate+topology_aware+conservative,large_wait_p95,10,4304.3344,1046.328223,7562.340577
sens-s2-topo-x0.5,shortest_estimate+topology_aware+conservative,utilization,10,0.7813573345,0.7359897489,0.8267249201
sens-s2-topo-x0.5,shortest_estimate+topology_aware+conservative,frag_blocked_frac,10,0.2139574019,0.1415403107,0.286374493
sens-s2-topo-x0.5,shortest_estimate+topology_aware+conservative,stranded_frac,10,0.1281279047,0.09798273586,0.1582730736
sens-s2-topo-x0.5,shortest_estimate+topology_aware+conservative,goodput_ratio,10,0.9833553487,0.979005541,0.9877051563
sens-s2-topo-x0.5,shortest_estimate+topology_aware+conservative,wasted_gpu_hours,10,79.809604,50.78545285,108.8337551
sens-s2-topo-x0.5,shortest_estimate+topology_aware+conservative,lost_gpu_hours,10,0,0,0
sens-s2-topo-x0.5,shortest_estimate+topology_aware+conservative,overhead_gpu_hours,10,0,0,0
sens-s2-topo-x0.5,shortest_estimate+topology_aware+conservative,topology_gpu_hours,10,79.80951054,50.78536841,108.8336527
sens-s2-topo-x0.5,shortest_estimate+topology_aware+conservative,slack_gpu_hours,10,9.346031742e-05,7.620818084e-05,0.000110712454
sens-s2-topo-x0.5,shortest_estimate+topology_aware+conservative,preemptions,10,0,0,0
sens-s2-topo-x0.5,shortest_estimate+topology_aware+conservative,failure_kills,10,0,0,0
sens-s2-topo-x0.5,shortest_estimate+topology_aware+conservative,node_downtime_gpu_hours,10,0,0,0
sens-s2-topo-x0.5,shortest_estimate+topology_aware+conservative,jain_bsld,10,0.9985974527,0.9978091729,0.9993857326
sens-s2-topo-x0.5,shortest_estimate+topology_aware+conservative,tenant_worst_best_ratio,10,1.092483468,1.062423188,1.122543748
sens-s2-topo-x0.5,shortest_estimate+topology_aware+conservative,slo_attainment,10,0.985020989,0.9757937996,0.9942481783
sens-s2-topo-x0.5,shortest_estimate+topology_aware+conservative,makespan,10,246427.9887,193115.1611,299740.8163
sens-s2-topo-x0.5,shortest_estimate+topology_aware+conservative,reservations,10,252.9,156.62877,349.17123
sens-s2-topo-x0.5,shortest_estimate+topology_aware+conservative,broken_reservations,10,212.1,126.5574509,297.6425491
sens-s2-topo-x0.5,shortest_estimate+topology_aware+conservative,tenant_t0_bsld_mean,10,1.155323086,1.082313996,1.228332177
sens-s2-topo-x0.5,shortest_estimate+topology_aware+conservative,tenant_t0_bsld_p95,10,1.73677461,1.354582073,2.118967147
sens-s2-topo-x0.5,shortest_estimate+topology_aware+conservative,tenant_t1_bsld_mean,10,1.146283646,1.071458867,1.221108425
sens-s2-topo-x0.5,shortest_estimate+topology_aware+conservative,tenant_t1_bsld_p95,10,1.647904629,1.238023573,2.057785686
sens-s2-topo-x0.5,shortest_estimate+topology_aware+conservative,tenant_t2_bsld_mean,10,1.147851048,1.079394507,1.216307589
sens-s2-topo-x0.5,shortest_estimate+topology_aware+conservative,tenant_t2_bsld_p95,10,1.737680256,1.3303923,2.144968212
sens-s2-topo-x0.5,shortest_estimate+topology_aware+conservative,tenant_t3_bsld_mean,10,1.151129027,1.076650548,1.225607505
sens-s2-topo-x0.5,shortest_estimate+topology_aware+conservative,tenant_t3_bsld_p95,10,1.768557837,1.419496542,2.117619131
sens-s2-topo-x0.5,shortest_estimate+topology_aware+conservative,prio_1_wait_p95,10,950.7957,304.1235429,1597.467857
sens-s2-topo-x0.5,shortest_estimate+topology_aware+conservative,prio_1_bsld_p95,10,1.649762646,1.279722886,2.019802406
sens-s2-topo-x0.5,shortest_estimate+topology_aware+conservative,prio_8_wait_p95,10,1028.6004,376.27401,1680.92679
sens-s2-topo-x0.5,shortest_estimate+topology_aware+easy,J,10,0.1504679032,0.07568438346,0.225251423
sens-s2-topo-x0.5,shortest_estimate+topology_aware+easy,J_slowdown,10,0.04013266865,0.03153647721,0.0487288601
sens-s2-topo-x0.5,shortest_estimate+topology_aware+easy,J_wait,10,0.07739100247,0.02200836234,0.1327736426
sens-s2-topo-x0.5,shortest_estimate+topology_aware+easy,J_waste,10,0.01679638935,0.0120761779,0.0215166008
sens-s2-topo-x0.5,shortest_estimate+topology_aware+easy,J_slo,10,0.01429265677,0.006100423106,0.02248489043
sens-s2-topo-x0.5,shortest_estimate+topology_aware+easy,J_fairness,10,0.001855185972,0.0008817976884,0.002828574255
sens-s2-topo-x0.5,shortest_estimate+topology_aware+easy,wait_mean,10,221.976436,65.90002954,378.0528425
sens-s2-topo-x0.5,shortest_estimate+topology_aware+easy,wait_p95,10,981.3313,279.069842,1683.592758
sens-s2-topo-x0.5,shortest_estimate+topology_aware+easy,wait_p99,10,4979.1984,1557.253505,8401.143295
sens-s2-topo-x0.5,shortest_estimate+topology_aware+easy,jct_mean,10,2847.418154,2318.650932,3376.185377
sens-s2-topo-x0.5,shortest_estimate+topology_aware+easy,jct_p95,10,9919.8066,7720.195154,12119.41805
sens-s2-topo-x0.5,shortest_estimate+topology_aware+easy,bsld_mean,10,1.160865493,1.095830545,1.225900442
sens-s2-topo-x0.5,shortest_estimate+topology_aware+easy,bsld_p95,10,1.755222849,1.379264007,2.131181691
sens-s2-topo-x0.5,shortest_estimate+topology_aware+easy,bsld_p99,10,4.12410201,3.075768244,5.172435775
sens-s2-topo-x0.5,shortest_estimate+topology_aware+easy,wflow_mean,10,1.160865493,1.095830545,1.225900442
sens-s2-topo-x0.5,shortest_estimate+topology_aware+easy,wflow_sum_all,10,2307.734998,2189.495861,2425.974134
sens-s2-topo-x0.5,shortest_estimate+topology_aware+easy,large_wait_mean,10,917.1837137,267.5583386,1566.809089
sens-s2-topo-x0.5,shortest_estimate+topology_aware+easy,large_wait_p95,10,4760.2716,1375.245171,8145.298029
sens-s2-topo-x0.5,shortest_estimate+topology_aware+easy,utilization,10,0.7817015324,0.736318098,0.8270849668
sens-s2-topo-x0.5,shortest_estimate+topology_aware+easy,frag_blocked_frac,10,0.2295926887,0.1493382618,0.3098471155
sens-s2-topo-x0.5,shortest_estimate+topology_aware+easy,stranded_frac,10,0.1323553952,0.09828986408,0.1664209264
sens-s2-topo-x0.5,shortest_estimate+topology_aware+easy,goodput_ratio,10,0.9832036106,0.9784833992,0.9879238221
sens-s2-topo-x0.5,shortest_estimate+topology_aware+easy,wasted_gpu_hours,10,79.37269956,50.92630416,107.819095
sens-s2-topo-x0.5,shortest_estimate+topology_aware+easy,lost_gpu_hours,10,0,0,0
sens-s2-topo-x0.5,shortest_estimate+topology_aware+easy,overhead_gpu_hours,10,0,0,0
sens-s2-topo-x0.5,shortest_estimate+topology_aware+easy,topology_gpu_hours,10,79.37260325,50.92621546,107.818991
sens-s2-topo-x0.5,shortest_estimate+topology_aware+easy,slack_gpu_hours,10,9.63104056e-05,8.006149744e-05,0.0001125593138
sens-s2-topo-x0.5,shortest_estimate+topology_aware+easy,preemptions,10,0,0,0
sens-s2-topo-x0.5,shortest_estimate+topology_aware+easy,failure_kills,10,0,0,0
sens-s2-topo-x0.5,shortest_estimate+topology_aware+easy,node_downtime_gpu_hours,10,0,0,0
sens-s2-topo-x0.5,shortest_estimate+topology_aware+easy,jain_bsld,10,0.998144814,0.9971714257,0.9991182023
sens-s2-topo-x0.5,shortest_estimate+topology_aware+easy,tenant_worst_best_ratio,10,1.107156219,1.073583609,1.14072883
sens-s2-topo-x0.5,shortest_estimate+topology_aware+easy,slo_attainment,10,0.9857073432,0.9775151096,0.9938995769
sens-s2-topo-x0.5,shortest_estimate+topology_aware+easy,makespan,10,245408.2141,192622.3442,298194.084
sens-s2-topo-x0.5,shortest_estimate+topology_aware+easy,reservations,10,175,125.2576838,224.7423162
sens-s2-topo-x0.5,shortest_estimate+topology_aware+easy,broken_reservations,10,147.6,104.1804614,191.0195386
sens-s2-topo-x0.5,shortest_estimate+topology_aware+easy,tenant_t0_bsld_mean,10,1.162059593,1.098244842,1.225874344
sens-s2-topo-x0.5,shortest_estimate+topology_aware+easy,tenant_t0_bsld_p95,10,1.743762786,1.360059034,2.127466537
sens-s2-topo-x0.5,shortest_estimate+topology_aware+easy,tenant_t1_bsld_mean,10,1.158729205,1.077201862,1.240256548
sens-s2-topo-x0.5,shortest_estimate+topology_aware+easy,tenant_t1_bsld_p95,10,1.823592133,1.372611584,2.274572682
sens-s2-topo-x0.5,shortest_estimate+topology_aware+easy,tenant_t2_bsld_mean,10,1.157431907,1.083333879,1.231529936
sens-s2-topo-x0.5,shortest_estimate+topology_aware+easy,tenant_t2_bsld_p95,10,1.746885002,1.335273631,2.158496374
sens-s2-topo-x0.5,shortest_estimate+topology_aware+easy,tenant_t3_bsld_mean,10,1.169804982,1.084990402,1.254619563
sens-s2-topo-x0.5,shortest_estimate+topology_aware+easy,tenant_t3_bsld_p95,10,1.99654084,1.526101389,2.466980292
sens-s2-topo-x0.5,shortest_estimate+topology_aware+easy,prio_1_wait_p95,10,984.2501,193.0574192,1775.442781
sens-s2-topo-x0.5,shortest_estimate+topology_aware+easy,prio_1_bsld_p95,10,1.74536428,1.308948519,2.18178004
sens-s2-topo-x0.5,shortest_estimate+topology_aware+easy,prio_8_wait_p95,10,1006.8891,534.3887057,1479.389494
sens-s2-topo-x0.5,shortest_estimate+topology_aware+easy_oracle,J,10,0.138325558,0.08239446153,0.1942566545
sens-s2-topo-x0.5,shortest_estimate+topology_aware+easy_oracle,J_slowdown,10,0.03873344099,0.03163403381,0.04583284817
sens-s2-topo-x0.5,shortest_estimate+topology_aware+easy_oracle,J_wait,10,0.06997653739,0.02946887489,0.1104841999
sens-s2-topo-x0.5,shortest_estimate+topology_aware+easy_oracle,J_waste,10,0.01666822241,0.01248733258,0.02084911224
sens-s2-topo-x0.5,shortest_estimate+topology_aware+easy_oracle,J_slo,10,0.01161475309,0.00613482388,0.01709468231
sens-s2-topo-x0.5,shortest_estimate+topology_aware+easy_oracle,J_fairness,10,0.001332604114,0.0003113753575,0.002353832871
sens-s2-topo-x0.5,shortest_estimate+topology_aware+easy_oracle,wait_mean,10,188.9300717,74.67347127,303.1866721
sens-s2-topo-x0.5,shortest_estimate+topology_aware+easy_oracle,wait_p95,10,887.3146,373.6704317,1400.958768
sens-s2-topo-x0.5,shortest_estimate+topology_aware+easy_oracle,wait_p99,10,4006.3535,1600.575074,6412.131926
sens-s2-topo-x0.5,shortest_estimate+topology_aware+easy_oracle,jct_mean,10,2814.140756,2305.803078,3322.478435
sens-s2-topo-x0.5,shortest_estimate+topology_aware+easy_oracle,jct_p95,10,9676.5611,7630.304623,11722.81758
sens-s2-topo-x0.5,shortest_estimate+topology_aware+easy_oracle,bsld_mean,10,1.140483943,1.086792127,1.19417576
sens-s2-topo-x0.5,shortest_estimate+topology_aware+easy_oracle,bsld_p95,10,1.69402691,1.383530695,2.004523124
sens-s2-topo-x0.5,shortest_estimate+topology_aware+easy_oracle,bsld_p99,10,3.670529941,2.881545948,4.459513933
sens-s2-topo-x0.5,shortest_estimate+topology_aware+easy_oracle,wflow_mean,10,1.140483943,1.086792127,1.19417576
sens-s2-topo-x0.5,shortest_estimate+topology_aware+easy_oracle,wflow_sum_all,10,2278.198214,2158.767796,2397.628632
sens-s2-topo-x0.5,shortest_estimate+topology_aware+easy_oracle,large_wait_mean,10,749.4481122,295.8561077,1203.040117
sens-s2-topo-x0.5,shortest_estimate+topology_aware+easy_oracle,large_wait_p95,10,3465.4495,1671.242596,5259.656404
sens-s2-topo-x0.5,shortest_estimate+topology_aware+easy_oracle,utilization,10,0.7801317533,0.7366460524,0.8236174543
sens-s2-topo-x0.5,shortest_estimate+topology_aware+easy_oracle,frag_blocked_frac,10,0.2233629899,0.1456936478,0.3010323321
sens-s2-topo-x0.5,shortest_estimate+topology_aware+easy_oracle,stranded_frac,10,0.1277348954,0.09809852989,0.1573712608
sens-s2-topo-x0.5,shortest_estimate+topology_aware+easy_oracle,goodput_ratio,10,0.9833317776,0.9791508878,0.9875126674
sens-s2-topo-x0.5,shortest_estimate+topology_aware+easy_oracle,wasted_gpu_hours,10,80.61635511,51.47401795,109.7586923
sens-s2-topo-x0.5,shortest_estimate+topology_aware+easy_oracle,lost_gpu_hours,10,0,0,0
sens-s2-topo-x0.5,shortest_estimate+topology_aware+easy_oracle,overhead_gpu_hours,10,0,0,0
sens-s2-topo-x0.5,shortest_estimate+topology_aware+easy_oracle,topology_gpu_hours,10,80.61625707,51.47392541,109.7585887
sens-s2-topo-x0.5,shortest_estimate+topology_aware+easy_oracle,slack_gpu_hours,10,9.803880066e-05,8.244082979e-05,0.0001136367715
sens-s2-topo-x0.5,shortest_estimate+topology_aware+easy_oracle,preemptions,10,0,0,0
sens-s2-topo-x0.5,shortest_estimate+topology_aware+easy_oracle,failure_kills,10,0,0,0
sens-s2-topo-x0.5,shortest_estimate+topology_aware+easy_oracle,node_downtime_gpu_hours,10,0,0,0
sens-s2-topo-x0.5,shortest_estimate+topology_aware+easy_oracle,jain_bsld,10,0.9986673959,0.9976461671,0.9996886246
sens-s2-topo-x0.5,shortest_estimate+topology_aware+easy_oracle,tenant_worst_best_ratio,10,1.088259846,1.053932992,1.122586701
sens-s2-topo-x0.5,shortest_estimate+topology_aware+easy_oracle,slo_attainment,10,0.9883852469,0.9829053177,0.9938651761
sens-s2-topo-x0.5,shortest_estimate+topology_aware+easy_oracle,makespan,10,248016.9815,194122.7058,301911.2572
sens-s2-topo-x0.5,shortest_estimate+topology_aware+easy_oracle,reservations,10,180.6,133.9702881,227.2297119
sens-s2-topo-x0.5,shortest_estimate+topology_aware+easy_oracle,broken_reservations,10,45.9,28.41492501,63.38507499
sens-s2-topo-x0.5,shortest_estimate+topology_aware+easy_oracle,tenant_t0_bsld_mean,10,1.142524193,1.098766034,1.186282352
sens-s2-topo-x0.5,shortest_estimate+topology_aware+easy_oracle,tenant_t0_bsld_p95,10,1.711897884,1.495909788,1.92788598
sens-s2-topo-x0.5,shortest_estimate+topology_aware+easy_oracle,tenant_t1_bsld_mean,10,1.142037903,1.06665987,1.217415936
sens-s2-topo-x0.5,shortest_estimate+topology_aware+easy_oracle,tenant_t1_bsld_p95,10,1.725969962,1.349065593,2.10287433
sens-s2-topo-x0.5,shortest_estimate+topology_aware+easy_oracle,tenant_t2_bsld_mean,10,1.133820304,1.078734289,1.18890632
sens-s2-topo-x0.5,shortest_estimate+topology_aware+easy_oracle,tenant_t2_bsld_p95,10,1.711157507,1.334501402,2.087813613
sens-s2-topo-x0.5,shortest_estimate+topology_aware+easy_oracle,tenant_t3_bsld_mean,10,1.140913582,1.058874606,1.222952557
sens-s2-topo-x0.5,shortest_estimate+topology_aware+easy_oracle,tenant_t3_bsld_p95,10,1.796504421,1.287399117,2.305609726
sens-s2-topo-x0.5,shortest_estimate+topology_aware+easy_oracle,prio_1_wait_p95,10,928.5499,354.1734677,1502.926332
sens-s2-topo-x0.5,shortest_estimate+topology_aware+easy_oracle,prio_1_bsld_p95,10,1.712216117,1.404500423,2.019931811
sens-s2-topo-x0.5,shortest_estimate+topology_aware+easy_oracle,prio_8_wait_p95,10,797.2404,501.8770665,1092.603733
sens-s2-topo-x0.5,shortest_estimate+topology_aware+easy_predicted,J,10,0.1688850136,0.06290840573,0.2748616216
sens-s2-topo-x0.5,shortest_estimate+topology_aware+easy_predicted,J_slowdown,10,0.04241202486,0.02986791728,0.05495613244
sens-s2-topo-x0.5,shortest_estimate+topology_aware+easy_predicted,J_wait,10,0.0912442835,0.01246157283,0.1700269942
sens-s2-topo-x0.5,shortest_estimate+topology_aware+easy_predicted,J_waste,10,0.01681187276,0.01188378106,0.02173996446
sens-s2-topo-x0.5,shortest_estimate+topology_aware+easy_predicted,J_slo,10,0.01714792753,0.005282950668,0.0290129044
sens-s2-topo-x0.5,shortest_estimate+topology_aware+easy_predicted,J_fairness,10,0.001268904988,0.0006117682222,0.001926041754
sens-s2-topo-x0.5,shortest_estimate+topology_aware+easy_predicted,wait_mean,10,241.4226876,60.9871165,421.8582586
sens-s2-topo-x0.5,shortest_estimate+topology_aware+easy_predicted,wait_p95,10,1156.9933,158.0148994,2155.971701
sens-s2-topo-x0.5,shortest_estimate+topology_aware+easy_predicted,wait_p99,10,4974.6194,1533.761655,8415.477145
sens-s2-topo-x0.5,shortest_estimate+topology_aware+easy_predicted,jct_mean,10,2867.114253,2337.532557,3396.69595
sens-s2-topo-x0.5,shortest_estimate+topology_aware+easy_predicted,jct_p95,10,9983.6952,7803.611115,12163.77928
sens-s2-topo-x0.5,shortest_estimate+topology_aware+easy_predicted,bsld_mean,10,1.171700234,1.083100979,1.26029949
sens-s2-topo-x0.5,shortest_estimate+topology_aware+easy_predicted,bsld_p95,10,1.854911662,1.306288683,2.403534642
sens-s2-topo-x0.5,shortest_estimate+topology_aware+easy_predicted,bsld_p99,10,4.359041163,2.888819285,5.82926304
sens-s2-topo-x0.5,shortest_estimate+topology_aware+easy_predicted,wflow_mean,10,1.171700234,1.083100979,1.26029949
sens-s2-topo-x0.5,shortest_estimate+topology_aware+easy_predicted,wflow_sum_all,10,2319.634139,2162.772208,2476.496071
sens-s2-topo-x0.5,shortest_estimate+topology_aware+easy_predicted,large_wait_mean,10,1002.712478,253.3201027,1752.104854
sens-s2-topo-x0.5,shortest_estimate+topology_aware+easy_predicted,large_wait_p95,10,4717.4929,1443.387146,7991.598654
sens-s2-topo-x0.5,shortest_estimate+topology_aware+easy_predicted,utilization,10,0.7788332975,0.7363285412,0.8213380539
sens-s2-topo-x0.5,shortest_estimate+topology_aware+easy_predicted,frag_blocked_frac,10,0.2382262941,0.1561035288,0.3203490594
sens-s2-topo-x0.5,shortest_estimate+topology_aware+easy_predicted,stranded_frac,10,0.1334110195,0.1035908275,0.1632312115
sens-s2-topo-x0.5,shortest_estimate+topology_aware+easy_predicted,goodput_ratio,10,0.9831881272,0.9782600355,0.9881162189
sens-s2-topo-x0.5,shortest_estimate+topology_aware+easy_predicted,wasted_gpu_hours,10,81.049594,47.75356463,114.3456234
sens-s2-topo-x0.5,shortest_estimate+topology_aware+easy_predicted,lost_gpu_hours,10,0,0,0
sens-s2-topo-x0.5,shortest_estimate+topology_aware+easy_predicted,overhead_gpu_hours,10,0,0,0
sens-s2-topo-x0.5,shortest_estimate+topology_aware+easy_predicted,topology_gpu_hours,10,81.0494957,47.75347314,114.3455183
sens-s2-topo-x0.5,shortest_estimate+topology_aware+easy_predicted,slack_gpu_hours,10,9.829982359e-05,8.035170964e-05,0.0001162479375
sens-s2-topo-x0.5,shortest_estimate+topology_aware+easy_predicted,preemptions,10,0,0,0
sens-s2-topo-x0.5,shortest_estimate+topology_aware+easy_predicted,failure_kills,10,0,0,0
sens-s2-topo-x0.5,shortest_estimate+topology_aware+easy_predicted,node_downtime_gpu_hours,10,0,0,0
sens-s2-topo-x0.5,shortest_estimate+topology_aware+easy_predicted,jain_bsld,10,0.998731095,0.9980739582,0.9993882318
sens-s2-topo-x0.5,shortest_estimate+topology_aware+easy_predicted,tenant_worst_best_ratio,10,1.091796189,1.06497842,1.118613958
sens-s2-topo-x0.5,shortest_estimate+topology_aware+easy_predicted,slo_attainment,10,0.9828520725,0.9709870956,0.9947170493
sens-s2-topo-x0.5,shortest_estimate+topology_aware+easy_predicted,makespan,10,245334.0654,191541.7136,299126.4172
sens-s2-topo-x0.5,shortest_estimate+topology_aware+easy_predicted,reservations,10,165,121.8421095,208.1578905
sens-s2-topo-x0.5,shortest_estimate+topology_aware+easy_predicted,broken_reservations,10,146.9,105.1681902,188.6318098
sens-s2-topo-x0.5,shortest_estimate+topology_aware+easy_predicted,tenant_t0_bsld_mean,10,1.163243349,1.091034185,1.235452513
sens-s2-topo-x0.5,shortest_estimate+topology_aware+easy_predicted,tenant_t0_bsld_p95,10,1.889041003,1.3668946,2.411187405
sens-s2-topo-x0.5,shortest_estimate+topology_aware+easy_predicted,tenant_t1_bsld_mean,10,1.174017517,1.060428688,1.287606346
sens-s2-topo-x0.5,shortest_estimate+topology_aware+easy_predicted,tenant_t1_bsld_p95,10,1.851375769,1.257633328,2.44511821
sens-s2-topo-x0.5,shortest_estimate+topology_aware+easy_predicted,tenant_t2_bsld_mean,10,1.176471923,1.083926911,1.269016934
sens-s2-topo-x0.5,shortest_estimate+topology_aware+easy_predicted,tenant_t2_bsld_p95,10,1.811222176,1.251655748,2.370788605
sens-s2-topo-x0.5,shortest_estimate+topology_aware+easy_predicted,tenant_t3_bsld_mean,10,1.188137035,1.086109123,1.290164947
sens-s2-topo-x0.5,shortest_estimate+topology_aware+easy_predicted,tenant_t3_bsld_p95,10,2.15477869,1.523659774,2.785897607
sens-s2-topo-x0.5,shortest_estimate+topology_aware+easy_predicted,prio_1_wait_p95,10,1139.3986,191.9515015,2086.845699
sens-s2-topo-x0.5,shortest_estimate+topology_aware+easy_predicted,prio_1_bsld_p95,10,1.827421125,1.249542502,2.405299747
sens-s2-topo-x0.5,shortest_estimate+topology_aware+easy_predicted,prio_8_wait_p95,10,1248.5706,332.7016656,2164.439534
sens-s2-topo-x0.5,shortest_estimate+topology_aware+none,J,10,0.3301997249,0.166682714,0.4937167357
sens-s2-topo-x0.5,shortest_estimate+topology_aware+none,J_slowdown,10,0.05507988097,0.04242600616,0.06773375578
sens-s2-topo-x0.5,shortest_estimate+topology_aware+none,J_wait,10,0.2240059895,0.09433112583,0.3536808532
sens-s2-topo-x0.5,shortest_estimate+topology_aware+none,J_waste,10,0.01585027412,0.01081984863,0.02088069961
sens-s2-topo-x0.5,shortest_estimate+topology_aware+none,J_slo,10,0.03314560305,0.01337511257,0.05291609354
sens-s2-topo-x0.5,shortest_estimate+topology_aware+none,J_fairness,10,0.002117977197,0.0006254922172,0.003610462178
sens-s2-topo-x0.5,shortest_estimate+topology_aware+none,wait_mean,10,538.4371187,194.11013,882.7641073
sens-s2-topo-x0.5,shortest_estimate+topology_aware+none,wait_p95,10,2840.4347,1196.134995,4484.734405
sens-s2-topo-x0.5,shortest_estimate+topology_aware+none,wait_p99,10,7332.9568,3275.91883,11389.99477
sens-s2-topo-x0.5,shortest_estimate+topology_aware+none,jct_mean,10,3163.071593,2538.551402,3787.591784
sens-s2-topo-x0.5,shortest_estimate+topology_aware+none,jct_p95,10,11291.6968,8607.48261,13975.91099
sens-s2-topo-x0.5,shortest_estimate+topology_aware+none,bsld_mean,10,1.282225758,1.152052898,1.412398617
sens-s2-topo-x0.5,shortest_estimate+topology_aware+none,bsld_p95,10,2.408946847,1.855523142,2.962370553
sens-s2-topo-x0.5,shortest_estimate+topology_aware+none,bsld_p99,10,4.908131436,3.574909506,6.241353366
sens-s2-topo-x0.5,shortest_estimate+topology_aware+none,wflow_mean,10,1.282225758,1.152052898,1.412398617
sens-s2-topo-x0.5,shortest_estimate+topology_aware+none,wflow_sum_all,10,2525.256845,2297.474561,2753.039128
sens-s2-topo-x0.5,shortest_estimate+topology_aware+none,large_wait_mean,10,860.3800827,333.8931539,1386.867012
sens-s2-topo-x0.5,shortest_estimate+topology_aware+none,large_wait_p95,10,3962.7339,1783.803476,6141.664324
sens-s2-topo-x0.5,shortest_estimate+topology_aware+none,utilization,10,0.7762770673,0.7362056662,0.8163484685
sens-s2-topo-x0.5,shortest_estimate+topology_aware+none,frag_blocked_frac,10,0.3316731414,0.2162380907,0.447108192
sens-s2-topo-x0.5,shortest_estimate+topology_aware+none,stranded_frac,10,0.1471226162,0.1111511439,0.1830940886
sens-s2-topo-x0.5,shortest_estimate+topology_aware+none,goodput_ratio,10,0.9841497259,0.9791193004,0.9891801514
sens-s2-topo-x0.5,shortest_estimate+topology_aware+none,wasted_gpu_hours,10,76.93089356,45.00252403,108.8592631
sens-s2-topo-x0.5,shortest_estimate+topology_aware+none,lost_gpu_hours,10,0,0,0
sens-s2-topo-x0.5,shortest_estimate+topology_aware+none,overhead_gpu_hours,10,0,0,0
sens-s2-topo-x0.5,shortest_estimate+topology_aware+none,topology_gpu_hours,10,76.93079543,45.00243571,108.8591551
sens-s2-topo-x0.5,shortest_estimate+topology_aware+none,slack_gpu_hours,10,9.812698409e-05,8.036182547e-05,0.0001158921427
sens-s2-topo-x0.5,shortest_estimate+topology_aware+none,preemptions,10,0,0,0
sens-s2-topo-x0.5,shortest_estimate+topology_aware+none,failure_kills,10,0,0,0
sens-s2-topo-x0.5,shortest_estimate+topology_aware+none,node_downtime_gpu_hours,10,0,0,0
sens-s2-topo-x0.5,shortest_estimate+topology_aware+none,jain_bsld,10,0.9978820228,0.9963895378,0.9993745078
sens-s2-topo-x0.5,shortest_estimate+topology_aware+none,tenant_worst_best_ratio,10,1.104030606,1.055133579,1.152927633
sens-s2-topo-x0.5,shortest_estimate+topology_aware+none,slo_attainment,10,0.9668543969,0.9470839065,0.9866248874
sens-s2-topo-x0.5,shortest_estimate+topology_aware+none,makespan,10,248800.0919,196120.9994,301479.1844
sens-s2-topo-x0.5,shortest_estimate+topology_aware+none,reservations,10,0,0,0
sens-s2-topo-x0.5,shortest_estimate+topology_aware+none,broken_reservations,10,0,0,0
sens-s2-topo-x0.5,shortest_estimate+topology_aware+none,tenant_t0_bsld_mean,10,1.287465101,1.164543216,1.410386986
sens-s2-topo-x0.5,shortest_estimate+topology_aware+none,tenant_t0_bsld_p95,10,2.468402954,1.947296729,2.989509179
sens-s2-topo-x0.5,shortest_estimate+topology_aware+none,tenant_t1_bsld_mean,10,1.274701375,1.124177209,1.42522554
sens-s2-topo-x0.5,shortest_estimate+topology_aware+none,tenant_t1_bsld_p95,10,2.38164939,1.782124368,2.981174412
sens-s2-topo-x0.5,shortest_estimate+topology_aware+none,tenant_t2_bsld_mean,10,1.272811269,1.134887606,1.410734932
sens-s2-topo-x0.5,shortest_estimate+topology_aware+none,tenant_t2_bsld_p95,10,2.430960987,1.826791351,3.035130624
sens-s2-topo-x0.5,shortest_estimate+topology_aware+none,tenant_t3_bsld_mean,10,1.300350013,1.160302185,1.440397841
sens-s2-topo-x0.5,shortest_estimate+topology_aware+none,tenant_t3_bsld_p95,10,2.515502027,1.844694789,3.186309266
sens-s2-topo-x0.5,shortest_estimate+topology_aware+none,prio_1_wait_p95,10,2893.991,1313.234327,4474.747673
sens-s2-topo-x0.5,shortest_estimate+topology_aware+none,prio_1_bsld_p95,10,2.456976152,1.899585925,3.014366379
sens-s2-topo-x0.5,shortest_estimate+topology_aware+none,prio_8_wait_p95,10,2581.0664,925.2979717,4236.834828
sens-s2-topo-x2,fifo+first_fit+none,J,10,3.042927777,1.368654231,4.717201324
sens-s2-topo-x2,fifo+first_fit+none,J_slowdown,10,1.2409768,0.4114285671,2.070525033
sens-s2-topo-x2,fifo+first_fit+none,J_wait,10,1.239622204,0.5651714677,1.91407294
sens-s2-topo-x2,fifo+first_fit+none,J_waste,10,0.09463407217,0.0847643107,0.1045038336
sens-s2-topo-x2,fifo+first_fit+none,J_slo,10,0.4295033136,0.193343339,0.6656632881
sens-s2-topo-x2,fifo+first_fit+none,J_fairness,10,0.03819138764,0.002625373801,0.07375740149
sens-s2-topo-x2,fifo+first_fit+none,wait_mean,10,7804.176677,1351.780026,14256.57333
sens-s2-topo-x2,fifo+first_fit+none,wait_p95,10,15718.624,7166.471985,24270.77602
sens-s2-topo-x2,fifo+first_fit+none,wait_p99,10,17066.1235,8329.467223,25802.77978
sens-s2-topo-x2,fifo+first_fit+none,jct_mean,10,10482.67653,3936.410252,17028.9428
sens-s2-topo-x2,fifo+first_fit+none,jct_p95,10,20311.0803,12004.27776,28617.88284
sens-s2-topo-x2,fifo+first_fit+none,bsld_mean,10,14.17640679,4.208883142,24.14393044
sens-s2-topo-x2,fifo+first_fit+none,bsld_p95,10,54.27475689,17.99403942,90.55547436
sens-s2-topo-x2,fifo+first_fit+none,bsld_p99,10,120.7010534,46.56520638,194.8369005
sens-s2-topo-x2,fifo+first_fit+none,wflow_mean,10,14.17640679,4.208883142,24.14393044
sens-s2-topo-x2,fifo+first_fit+none,wflow_sum_all,10,28001.27819,9517.967085,46484.58929
sens-s2-topo-x2,fifo+first_fit+none,large_wait_mean,10,8141.742896,1557.424365,14726.06143
sens-s2-topo-x2,fifo+first_fit+none,large_wait_p95,10,15981.7452,7392.541597,24570.9488
sens-s2-topo-x2,fifo+first_fit+none,utilization,10,0.8007680004,0.7826824213,0.8188535794
sens-s2-topo-x2,fifo+first_fit+none,frag_blocked_frac,10,0.672100697,0.5469917957,0.7972095982
sens-s2-topo-x2,fifo+first_fit+none,stranded_frac,10,0.212104737,0.1853286943,0.2388807797
sens-s2-topo-x2,fifo+first_fit+none,goodput_ratio,10,0.9053659278,0.8954961664,0.9152356893
sens-s2-topo-x2,fifo+first_fit+none,wasted_gpu_hours,10,498.3269187,372.350346,624.3034913
sens-s2-topo-x2,fifo+first_fit+none,lost_gpu_hours,10,0,0,0
sens-s2-topo-x2,fifo+first_fit+none,overhead_gpu_hours,10,0,0,0
sens-s2-topo-x2,fifo+first_fit+none,topology_gpu_hours,10,498.3268489,372.3502771,624.3034206
sens-s2-topo-x2,fifo+first_fit+none,slack_gpu_hours,10,6.981481477e-05,6.077010893e-05,7.88595206e-05
sens-s2-topo-x2,fifo+first_fit+none,preemptions,10,0,0,0
sens-s2-topo-x2,fifo+first_fit+none,failure_kills,10,0,0,0
sens-s2-topo-x2,fifo+first_fit+none,node_downtime_gpu_hours,10,0,0,0
sens-s2-topo-x2,fifo+first_fit+none,jain_bsld,10,0.9618086124,0.9262425985,0.9973746262
sens-s2-topo-x2,fifo+first_fit+none,tenant_worst_best_ratio,10,1.624212184,1.266724032,1.981700335
sens-s2-topo-x2,fifo+first_fit+none,slo_attainment,10,0.5704966864,0.3343367119,0.806656661
sens-s2-topo-x2,fifo+first_fit+none,makespan,10,255361.003,202263.5093,308458.4967
sens-s2-topo-x2,fifo+first_fit+none,reservations,10,0,0,0
sens-s2-topo-x2,fifo+first_fit+none,broken_reservations,10,0,0,0
sens-s2-topo-x2,fifo+first_fit+none,tenant_t0_bsld_mean,10,15.27189218,3.922258106,26.62152626
sens-s2-topo-x2,fifo+first_fit+none,tenant_t0_bsld_p95,10,63.14024395,15.58538316,110.6951047
sens-s2-topo-x2,fifo+first_fit+none,tenant_t1_bsld_mean,10,13.57846991,3.398761277,23.75817853
sens-s2-topo-x2,fifo+first_fit+none,tenant_t1_bsld_p95,10,47.94787655,15.32471093,80.57104218
sens-s2-topo-x2,fifo+first_fit+none,tenant_t2_bsld_mean,10,12.93377335,4.7505269,21.1170198
sens-s2-topo-x2,fifo+first_fit+none,tenant_t2_bsld_p95,10,49.98703869,20.28425859,79.68981879
sens-s2-topo-x2,fifo+first_fit+none,tenant_t3_bsld_mean,10,14.49217364,4.62281351,24.36153378
sens-s2-topo-x2,fifo+first_fit+none,tenant_t3_bsld_p95,10,51.15801468,23.44825987,78.86776948
sens-s2-topo-x2,fifo+first_fit+none,prio_1_wait_p95,10,15725.8617,7192.943854,24258.77955
sens-s2-topo-x2,fifo+first_fit+none,prio_1_bsld_p95,10,55.1589608,16.82961773,93.48830388
sens-s2-topo-x2,fifo+first_fit+none,prio_8_wait_p95,10,15501.0387,7112.763197,23889.3142
sens-s2-topo-x2,shortest_estimate+topology_aware+conservative,J,10,0.2513475924,0.1526812607,0.3500139241
sens-s2-topo-x2,shortest_estimate+topology_aware+conservative,J_slowdown,10,0.04797349496,0.03719238897,0.05875460096
sens-s2-topo-x2,shortest_estimate+topology_aware+conservative,J_wait,10,0.1122468992,0.04659531645,0.1778984819
sens-s2-topo-x2,shortest_estimate+topology_aware+conservative,J_waste,10,0.06825732208,0.04993452563,0.08658011854
sens-s2-topo-x2,shortest_estimate+topology_aware+conservative,J_slo,10,0.02006277183,0.009340787974,0.03078475568
sens-s2-topo-x2,shortest_estimate+topology_aware+conservative,J_fairness,10,0.002807104371,0.001108527805,0.004505680938
sens-s2-topo-x2,shortest_estimate+topology_aware+conservative,wait_mean,10,312.1891584,110.0261219,514.352195
sens-s2-topo-x2,shortest_estimate+topology_aware+conservative,wait_p95,10,1423.3101,590.8366736,2255.783526
sens-s2-topo-x2,shortest_estimate+topology_aware+conservative,wait_p99,10,5596.6098,2206.446564,8986.773036
sens-s2-topo-x2,shortest_estimate+topology_aware+conservative,jct_mean,10,2966.488628,2444.603928,3488.373329
sens-s2-topo-x2,shortest_estimate+topology_aware+conservative,jct_p95,10,10264.0639,8184.223934,12343.90387
sens-s2-topo-x2,shortest_estimate+topology_aware+conservative,bsld_mean,10,1.211330742,1.13362519,1.289036295
sens-s2-topo-x2,shortest_estimate+topology_aware+conservative,bsld_p95,10,2.09814541,1.626628209,2.569662611
sens-s2-topo-x2,shortest_estimate+topology_aware+conservative,bsld_p99,10,4.92822333,3.782409297,6.074037362
sens-s2-topo-x2,shortest_estimate+topology_aware+conservative,wflow_mean,10,1.211330742,1.13362519,1.289036295
sens-s2-topo-x2,shortest_estimate+topology_aware+conservative,wflow_sum_all,10,2403.026753,2255.906843,2550.146664
sens-s2-topo-x2,shortest_estimate+topology_aware+conservative,large_wait_mean,10,1243.865394,434.251251,2053.479537
sens-s2-topo-x2,shortest_estimate+topology_aware+conservative,large_wait_p95,10,5132.3605,2040.085657,8224.635343
sens-s2-topo-x2,shortest_estimate+topology_aware+conservative,utilization,10,0.8125247508,0.768713543,0.8563359586
sens-s2-topo-x2,shortest_estimate+topology_aware+conservative,frag_blocked_frac,10,0.2626665602,0.1784495518,0.3468835685
sens-s2-topo-x2,shortest_estimate+topology_aware+conservative,stranded_frac,10,0.1437746078,0.1103164049,0.1772328108
sens-s2-topo-x2,shortest_estimate+topology_aware+conservative,goodput_ratio,10,0.9317426779,0.9134198815,0.9500654744
sens-s2-topo-x2,shortest_estimate+topology_aware+conservative,wasted_gpu_hours,10,349.183182,220.0176916,478.3486724
sens-s2-topo-x2,shortest_estimate+topology_aware+conservative,lost_gpu_hours,10,0,0,0
sens-s2-topo-x2,shortest_estimate+topology_aware+conservative,overhead_gpu_hours,10,0,0,0
sens-s2-topo-x2,shortest_estimate+topology_aware+conservative,topology_gpu_hours,10,349.1831358,220.0176498,478.3486219
sens-s2-topo-x2,shortest_estimate+topology_aware+conservative,slack_gpu_hours,10,4.618518515e-05,3.875821034e-05,5.361215997e-05
sens-s2-topo-x2,shortest_estimate+topology_aware+conservative,preemptions,10,0,0,0
sens-s2-topo-x2,shortest_estimate+topology_aware+conservative,failure_kills,10,0,0,0
sens-s2-topo-x2,shortest_estimate+topology_aware+conservative,node_downtime_gpu_hours,10,0,0,0
sens-s2-topo-x2,shortest_estimate+topology_aware+conservative,jain_bsld,10,0.9971928956,0.9954943191,0.9988914722
sens-s2-topo-x2,shortest_estimate+topology_aware+conservative,tenant_worst_best_ratio,10,1.134557529,1.087551566,1.181563492
sens-s2-topo-x2,shortest_estimate+topology_aware+conservative,slo_attainment,10,0.9799372282,0.9692152443,0.990659212
sens-s2-topo-x2,shortest_estimate+topology_aware+conservative,makespan,10,251508.9584,195888.5052,307129.4116
sens-s2-topo-x2,shortest_estimate+topology_aware+conservative,reservations,10,317.1,217.3548292,416.8451708
sens-s2-topo-x2,shortest_estimate+topology_aware+conservative,broken_reservations,10,267.7,175.9481833,359.4518167
sens-s2-topo-x2,shortest_estimate+topology_aware+conservative,tenant_t0_bsld_mean,10,1.221036818,1.140513019,1.301560616
sens-s2-topo-x2,shortest_estimate+topology_aware+conservative,tenant_t0_bsld_p95,10,2.164781704,1.71304985,2.616513558
sens-s2-topo-x2,shortest_estimate+topology_aware+conservative,tenant_t1_bsld_mean,10,1.199851087,1.104005282,1.295696893
sens-s2-topo-x2,shortest_estimate+topology_aware+conservative,tenant_t1_bsld_p95,10,2.013586573,1.537077563,2.490095583
sens-s2-topo-x2,shortest_estimate+topology_aware+conservative,tenant_t2_bsld_mean,10,1.199811231,1.123219173,1.27640329
sens-s2-topo-x2,shortest_estimate+topology_aware+conservative,tenant_t2_bsld_p95,10,2.080749002,1.567910158,2.593587847
sens-s2-topo-x2,shortest_estimate+topology_aware+conservative,tenant_t3_bsld_mean,10,1.229585866,1.10615418,1.353017553
sens-s2-topo-x2,shortest_estimate+topology_aware+conservative,tenant_t3_bsld_p95,10,2.319437456,1.63897353,2.999901382
sens-s2-topo-x2,shortest_estimate+topology_aware+conservative,prio_1_wait_p95,10,1348.1268,577.8402854,2118.413315
sens-s2-topo-x2,shortest_estimate+topology_aware+conservative,prio_1_bsld_p95,10,2.068305046,1.595139157,2.541470936
sens-s2-topo-x2,shortest_estimate+topology_aware+conservative,prio_8_wait_p95,10,1759.6307,706.344916,2812.916484
sens-s2-topo-x2,shortest_estimate+topology_aware+easy,J,10,0.2432652998,0.1561836885,0.330346911
sens-s2-topo-x2,shortest_estimate+topology_aware+easy,J_slowdown,10,0.04928336797,0.03791678122,0.06064995472
sens-s2-topo-x2,shortest_estimate+topology_aware+easy,J_wait,10,0.1025071819,0.0449515704,0.1600627934
sens-s2-topo-x2,shortest_estimate+topology_aware+easy,J_waste,10,0.07177362156,0.05837331918,0.08517392394
sens-s2-topo-x2,shortest_estimate+topology_aware+easy,J_slo,10,0.01747740545,0.008677847673,0.02627696322
sens-s2-topo-x2,shortest_estimate+topology_aware+easy,J_fairness,10,0.002223722892,0.001071865874,0.00337557991
sens-s2-topo-x2,shortest_estimate+topology_aware+easy,wait_mean,10,334.6168464,92.58494865,576.6487441
sens-s2-topo-x2,shortest_estimate+topology_aware+easy,wait_p95,10,1299.8088,569.9936892,2029.623911
sens-s2-topo-x2,shortest_estimate+topology_aware+easy,wait_p99,10,6979.7015,1331.702872,12627.70013
sens-s2-topo-x2,shortest_estimate+topology_aware+easy,jct_mean,10,2991.523279,2443.703229,3539.343329
sens-s2-topo-x2,shortest_estimate+topology_aware+easy,jct_p95,10,10246.3139,8142.408855,12350.21894
sens-s2-topo-x2,shortest_estimate+topology_aware+easy,bsld_mean,10,1.213915322,1.137195634,1.29063501
sens-s2-topo-x2,shortest_estimate+topology_aware+easy,bsld_p95,10,2.155433378,1.658309876,2.65255688
sens-s2-topo-x2,shortest_estimate+topology_aware+easy,bsld_p99,10,4.791907807,3.679679321,5.904136292
sens-s2-topo-x2,shortest_estimate+topology_aware+easy,wflow_mean,10,1.213915322,1.137195634,1.29063501
sens-s2-topo-x2,shortest_estimate+topology_aware+easy,wflow_sum_all,10,2423.2415,2264.218483,2582.264517
sens-s2-topo-x2,shortest_estimate+topology_aware+easy,large_wait_mean,10,1394.20351,339.9452513,2448.461769
sens-s2-topo-x2,shortest_estimate+topology_aware+easy,large_wait_p95,10,6424.6531,1176.774055,11672.53215
sens-s2-topo-x2,shortest_estimate+topology_aware+easy,utilization,10,0.8124599045,0.7725923371,0.8523274719
sens-s2-topo-x2,shortest_estimate+topology_aware+easy,frag_blocked_frac,10,0.2764672593,0.1991196278,0.3538148908
sens-s2-topo-x2,shortest_estimate+topology_aware+easy,stranded_frac,10,0.1468789864,0.113614383,0.1801435898
sens-s2-topo-x2,shortest_estimate+topology_aware+easy,goodput_ratio,10,0.9282263784,0.9148260761,0.9416266808
sens-s2-topo-x2,shortest_estimate+topology_aware+easy,wasted_gpu_hours,10,370.8435162,255.3505455,486.336487
sens-s2-topo-x2,shortest_estimate+topology_aware+easy,lost_gpu_hours,10,0,0,0
sens-s2-topo-x2,shortest_estimate+topology_aware+easy,overhead_gpu_hours,10,0,0,0
sens-s2-topo-x2,shortest_estimate+topology_aware+easy,topology_gpu_hours,10,370.8434685,255.3504982,486.3364387
sens-s2-topo-x2,shortest_estimate+topology_aware+easy,slack_gpu_hours,10,4.77407407e-05,3.960567398e-05,5.587580743e-05
sens-s2-topo-x2,shortest_estimate+topology_aware+easy,preemptions,10,0,0,0
sens-s2-topo-x2,shortest_estimate+topology_aware+easy,failure_kills,10,0,0,0
sens-s2-topo-x2,shortest_estimate+topology_aware+easy,node_downtime_gpu_hours,10,0,0,0
sens-s2-topo-x2,shortest_estimate+topology_aware+easy,jain_bsld,10,0.9977762771,0.9966244201,0.9989281341
sens-s2-topo-x2,shortest_estimate+topology_aware+easy,tenant_worst_best_ratio,10,1.118488539,1.087975735,1.149001342
sens-s2-topo-x2,shortest_estimate+topology_aware+easy,slo_attainment,10,0.9825225946,0.9737230368,0.9913221523
sens-s2-topo-x2,shortest_estimate+topology_aware+easy,makespan,10,251245.6088,195315.9325,307175.2851
sens-s2-topo-x2,shortest_estimate+topology_aware+easy,reservations,10,209.7,161.0439845,258.3560155
sens-s2-topo-x2,shortest_estimate+topology_aware+easy,broken_reservations,10,179.2,135.106565,223.293435
sens-s2-topo-x2,shortest_estimate+topology_aware+easy,tenant_t0_bsld_mean,10,1.21730072,1.139887846,1.294713594
sens-s2-topo-x2,shortest_estimate+topology_aware+easy,tenant_t0_bsld_p95,10,2.18171937,1.702448235,2.660990506
sens-s2-topo-x2,shortest_estimate+topology_aware+easy,tenant_t1_bsld_mean,10,1.202256823,1.114912927,1.289600719
sens-s2-topo-x2,shortest_estimate+topology_aware+easy,tenant_t1_bsld_p95,10,2.144219443,1.593113476,2.695325409
sens-s2-topo-x2,shortest_estimate+topology_aware+easy,tenant_t2_bsld_mean,10,1.215889279,1.134307251,1.297471307
sens-s2-topo-x2,shortest_estimate+topology_aware+easy,tenant_t2_bsld_p95,10,2.125071818,1.620421565,2.629722071
sens-s2-topo-x2,shortest_estimate+topology_aware+easy,tenant_t3_bsld_mean,10,1.234741034,1.119041206,1.350440861
sens-s2-topo-x2,shortest_estimate+topology_aware+easy,tenant_t3_bsld_p95,10,2.360760354,1.795192256,2.926328452
sens-s2-topo-x2,shortest_estimate+topology_aware+easy,prio_1_wait_p95,10,1232.1628,618.6164014,1845.709199
sens-s2-topo-x2,shortest_estimate+topology_aware+easy,prio_1_bsld_p95,10,2.085207593,1.63985818,2.530557006
sens-s2-topo-x2,shortest_estimate+topology_aware+easy,prio_8_wait_p95,10,1213.1527,590.3879078,1835.917492
sens-s2-topo-x2,shortest_estimate+topology_aware+easy_oracle,J,10,0.2275063408,0.1583603324,0.2966523492
sens-s2-topo-x2,shortest_estimate+topology_aware+easy_oracle,J_slowdown,10,0.04674411858,0.03763048021,0.05585775694
sens-s2-topo-x2,shortest_estimate+topology_aware+easy_oracle,J_wait,10,0.08802753716,0.04807512055,0.1279799538
sens-s2-topo-x2,shortest_estimate+topology_aware+easy_oracle,J_waste,10,0.07333888582,0.05860203174,0.08807573991
sens-s2-topo-x2,shortest_estimate+topology_aware+easy_oracle,J_slo,10,0.0180003107,0.00899332386,0.02700729753
sens-s2-topo-x2,shortest_estimate+topology_aware+easy_oracle,J_fairness,10,0.001395488527,0.0004203834084,0.002370593647
sens-s2-topo-x2,shortest_estimate+topology_aware+easy_oracle,wait_mean,10,299.286935,103.1576237,495.4162463
sens-s2-topo-x2,shortest_estimate+topology_aware+easy_oracle,wait_p95,10,1116.2044,609.6008456,1622.807954
sens-s2-topo-x2,shortest_estimate+topology_aware+easy_oracle,wait_p99,10,6421.0021,1779.30086,11062.70334
sens-s2-topo-x2,shortest_estimate+topology_aware+easy_oracle,jct_mean,10,2957.095378,2433.444463,3480.746294
sens-s2-topo-x2,shortest_estimate+topology_aware+easy_oracle,jct_p95,10,10235.1739,8140.914461,12329.43334
sens-s2-topo-x2,shortest_estimate+topology_aware+easy_oracle,bsld_mean,10,1.199667905,1.131005643,1.268330168
sens-s2-topo-x2,shortest_estimate+topology_aware+easy_oracle,bsld_p95,10,2.044378003,1.645788354,2.442967652
sens-s2-topo-x2,shortest_estimate+topology_aware+easy_oracle,bsld_p99,10,4.718926677,3.689624238,5.748229115
sens-s2-topo-x2,shortest_estimate+topology_aware+easy_oracle,wflow_mean,10,1.199667905,1.131005643,1.268330168
sens-s2-topo-x2,shortest_estimate+topology_aware+easy_oracle,wflow_sum_all,10,2383.207192,2244.679298,2521.735086
sens-s2-topo-x2,shortest_estimate+topology_aware+easy_oracle,large_wait_mean,10,1217.294538,392.2422788,2042.346798
sens-s2-topo-x2,shortest_estimate+topology_aware+easy_oracle,large_wait_p95,10,5821.7248,1799.826748,9843.622852
sens-s2-topo-x2,shortest_estimate+topology_aware+easy_oracle,utilization,10,0.8155360381,0.7725014382,0.8585706379
sens-s2-topo-x2,shortest_estimate+topology_aware+easy_oracle,frag_blocked_frac,10,0.2538545617,0.1762215089,0.3314876144
sens-s2-topo-x2,shortest_estimate+topology_aware+easy_oracle,stranded_frac,10,0.1430231525,0.1089448422,0.1771014628
sens-s2-topo-x2,shortest_estimate+topology_aware+easy_oracle,goodput_ratio,10,0.9266611142,0.9119242601,0.9413979683
sens-s2-topo-x2,shortest_estimate+topology_aware+easy_oracle,wasted_gpu_hours,10,377.0885344,260.4796392,493.6974297
sens-s2-topo-x2,shortest_estimate+topology_aware+easy_oracle,lost_gpu_hours,10,0,0,0
sens-s2-topo-x2,shortest_estimate+topology_aware+easy_oracle,overhead_gpu_hours,10,0,0,0
sens-s2-topo-x2,shortest_estimate+topology_aware+easy_oracle,topology_gpu_hours,10,377.0884853,260.479592,493.6973786
sens-s2-topo-x2,shortest_estimate+topology_aware+easy_oracle,slack_gpu_hours,10,4.914814811e-05,4.146818803e-05,5.68281082e-05
sens-s2-topo-x2,shortest_estimate+topology_aware+easy_oracle,preemptions,10,0,0,0
sens-s2-topo-x2,shortest_estimate+topology_aware+easy_oracle,failure_kills,10,0,0,0
sens-s2-topo-x2,shortest_estimate+topology_aware+easy_oracle,node_downtime_gpu_hours,10,0,0,0
sens-s2-topo-x2,shortest_estimate+topology_aware+easy_oracle,jain_bsld,10,0.9986045115,0.9976294064,0.9995796166
sens-s2-topo-x2,shortest_estimate+topology_aware+easy_oracle,tenant_worst_best_ratio,10,1.092617007,1.060555676,1.124678338
sens-s2-topo-x2,shortest_estimate+topology_aware+easy_oracle,slo_attainment,10,0.9819996893,0.9729927025,0.9910066761
sens-s2-topo-x2,shortest_estimate+topology_aware+easy_oracle,makespan,10,250519.9228,194567.4416,306472.404
sens-s2-topo-x2,shortest_estimate+topology_aware+easy_oracle,reservations,10,216,161.3262618,270.6737382
sens-s2-topo-x2,shortest_estimate+topology_aware+easy_oracle,broken_reservations,10,55.8,40.65199025,70.94800975
sens-s2-topo-x2,shortest_estimate+topology_aware+easy_oracle,tenant_t0_bsld_mean,10,1.215659085,1.142978542,1.288339628
sens-s2-topo-x2,shortest_estimate+topology_aware+easy_oracle,tenant_t0_bsld_p95,10,2.079074143,1.710941568,2.447206718
sens-s2-topo-x2,shortest_estimate+topology_aware+easy_oracle,tenant_t1_bsld_mean,10,1.185156893,1.106273574,1.264040212
sens-s2-topo-x2,shortest_estimate+topology_aware+easy_oracle,tenant_t1_bsld_p95,10,1.979731034,1.535260599,2.424201469
sens-s2-topo-x2,shortest_estimate+topology_aware+easy_oracle,tenant_t2_bsld_mean,10,1.185093585,1.111350635,1.258836535
sens-s2-topo-x2,shortest_estimate+topology_aware+easy_oracle,tenant_t2_bsld_p95,10,1.97850188,1.536455269,2.420548491
sens-s2-topo-x2,shortest_estimate+topology_aware+easy_oracle,tenant_t3_bsld_mean,10,1.211366944,1.120727035,1.302006854
sens-s2-topo-x2,shortest_estimate+topology_aware+easy_oracle,tenant_t3_bsld_p95,10,2.299464435,1.798433929,2.800494942
sens-s2-topo-x2,shortest_estimate+topology_aware+easy_oracle,prio_1_wait_p95,10,1047.9269,621.0304009,1474.823399
sens-s2-topo-x2,shortest_estimate+topology_aware+easy_oracle,prio_1_bsld_p95,10,2.005494173,1.633523967,2.377464379
sens-s2-topo-x2,shortest_estimate+topology_aware+easy_oracle,prio_8_wait_p95,10,1263.7807,386.5062301,2141.05517
sens-s2-topo-x2,shortest_estimate+topology_aware+easy_predicted,J,10,0.2338442947,0.1419871366,0.3257014528
sens-s2-topo-x2,shortest_estimate+topology_aware+easy_predicted,J_slowdown,10,0.04905274338,0.03668405296,0.0614214338
sens-s2-topo-x2,shortest_estimate+topology_aware+easy_predicted,J_wait,10,0.09741001168,0.04284470857,0.1519753148
sens-s2-topo-x2,shortest_estimate+topology_aware+easy_predicted,J_waste,10,0.06543808787,0.04694792306,0.08392825268
sens-s2-topo-x2,shortest_estimate+topology_aware+easy_predicted,J_slo,10,0.01964674438,0.008943547175,0.03034994159
sens-s2-topo-x2,shortest_estimate+topology_aware+easy_predicted,J_fairness,10,0.002296707423,0.0002048671121,0.004388547734
sens-s2-topo-x2,shortest_estimate+topology_aware+easy_predicted,wait_mean,10,322.5578469,99.1492596,545.9664343
sens-s2-topo-x2,shortest_estimate+topology_aware+easy_predicted,wait_p95,10,1235.1758,543.2783168,1927.073283
sens-s2-topo-x2,shortest_estimate+topology_aware+easy_predicted,wait_p99,10,6843.0202,2014.132502,11671.9079
sens-s2-topo-x2,shortest_estimate+topology_aware+easy_predicted,jct_mean,10,2974.896981,2440.753948,3509.040013
sens-s2-topo-x2,shortest_estimate+topology_aware+easy_predicted,jct_p95,10,10268.5754,8138.648473,12398.50233
sens-s2-topo-x2,shortest_estimate+topology_aware+easy_predicted,bsld_mean,10,1.21903513,1.134792694,1.303277565
sens-s2-topo-x2,shortest_estimate+topology_aware+easy_predicted,bsld_p95,10,2.145346893,1.604395873,2.686297913
sens-s2-topo-x2,shortest_estimate+topology_aware+easy_predicted,bsld_p99,10,4.921482842,3.603633274,6.239332409
sens-s2-topo-x2,shortest_estimate+topology_aware+easy_predicted,wflow_mean,10,1.21903513,1.134792694,1.303277565
sens-s2-topo-x2,shortest_estimate+topology_aware+easy_predicted,wflow_sum_all,10,2444.978696,2265.413439,2624.543954
sens-s2-topo-x2,shortest_estimate+topology_aware+easy_predicted,large_wait_mean,10,1352.749361,397.2503452,2308.248377
sens-s2-topo-x2,shortest_estimate+topology_aware+easy_predicted,large_wait_p95,10,6322.8484,1901.558524,10744.13828
sens-s2-topo-x2,shortest_estimate+topology_aware+easy_predicted,utilization,10,0.8080345682,0.7647450109,0.8513241254
sens-s2-topo-x2,shortest_estimate+topology_aware+easy_predicted,frag_blocked_frac,10,0.2643983952,0.1832645779,0.3455322124
sens-s2-topo-x2,shortest_estimate+topology_aware+easy_predicted,stranded_frac,10,0.144623644,0.1092939483,0.1799533396
sens-s2-topo-x2,shortest_estimate+topology_aware+easy_predicted,goodput_ratio,10,0.9345619121,0.9160717473,0.9530520769
sens-s2-topo-x2,shortest_estimate+topology_aware+easy_predicted,wasted_gpu_hours,10,329.9176587,207.336526,452.4987913
sens-s2-topo-x2,shortest_estimate+topology_aware+easy_predicted,lost_gpu_hours,10,0,0,0
sens-s2-topo-x2,shortest_estimate+topology_aware+easy_predicted,overhead_gpu_hours,10,0,0,0
sens-s2-topo-x2,shortest_estimate+topology_aware+easy_predicted,topology_gpu_hours,10,329.9176156,207.3364865,452.4987447
sens-s2-topo-x2,shortest_estimate+topology_aware+easy_predicted,slack_gpu_hours,10,4.307407404e-05,3.45060432e-05,5.164210489e-05
sens-s2-topo-x2,shortest_estimate+topology_aware+easy_predicted,preemptions,10,0,0,0
sens-s2-topo-x2,shortest_estimate+topology_aware+easy_predicted,failure_kills,10,0,0,0
sens-s2-topo-x2,shortest_estimate+topology_aware+easy_predicted,node_downtime_gpu_hours,10,0,0,0
sens-s2-topo-x2,shortest_estimate+topology_aware+easy_predicted,jain_bsld,10,0.9977032926,0.9956114523,0.9997951329
sens-s2-topo-x2,shortest_estimate+topology_aware+easy_predicted,tenant_worst_best_ratio,10,1.11346487,1.060202915,1.166726824
sens-s2-topo-x2,shortest_estimate+topology_aware+easy_predicted,slo_attainment,10,0.9803532556,0.9696500584,0.9910564528
sens-s2-topo-x2,shortest_estimate+topology_aware+easy_predicted,makespan,10,250585.4998,194944.8137,306226.1859
sens-s2-topo-x2,shortest_estimate+topology_aware+easy_predicted,reservations,10,197.6,149.1147247,246.0852753
sens-s2-topo-x2,shortest_estimate+topology_aware+easy_predicted,broken_reservations,10,177.1,130.7856506,223.4143494
sens-s2-topo-x2,shortest_estimate+topology_aware+easy_predicted,tenant_t0_bsld_mean,10,1.223651715,1.133351853,1.313951578
sens-s2-topo-x2,shortest_estimate+topology_aware+easy_predicted,tenant_t0_bsld_p95,10,2.305815522,1.675399011,2.936232033
sens-s2-topo-x2,shortest_estimate+topology_aware+easy_predicted,tenant_t1_bsld_mean,10,1.201262348,1.115944227,1.28658047
sens-s2-topo-x2,shortest_estimate+topology_aware+easy_predicted,tenant_t1_bsld_p95,10,2.049714563,1.546552415,2.552876712
sens-s2-topo-x2,shortest_estimate+topology_aware+easy_predicted,tenant_t2_bsld_mean,10,1.214243987,1.139202084,1.28928589
sens-s2-topo-x2,shortest_estimate+topology_aware+easy_predicted,tenant_t2_bsld_p95,10,2.157820418,1.608645684,2.706995153
sens-s2-topo-x2,shortest_estimate+topology_aware+easy_predicted,tenant_t3_bsld_mean,10,1.26286804,1.1210534,1.40468268
sens-s2-topo-x2,shortest_estimate+topology_aware+easy_predicted,tenant_t3_bsld_p95,10,2.35477331,1.57787008,3.13167654
sens-s2-topo-x2,shortest_estimate+topology_aware+easy_predicted,prio_1_wait_p95,10,1141.8402,559.6234707,1724.056929
sens-s2-topo-x2,shortest_estimate+topology_aware+easy_predicted,prio_1_bsld_p95,10,2.114137935,1.572858709,2.655417162
sens-s2-topo-x2,shortest_estimate+topology_aware+easy_predicted,prio_8_wait_p95,10,1367.097,392.6265309,2341.567469
sens-s2-topo-x2,shortest_estimate+topology_aware+none,J,10,0.5529801617,0.2864929435,0.81946738
sens-s2-topo-x2,shortest_estimate+topology_aware+none,J_slowdown,10,0.06955351688,0.05122475668,0.08788227708
sens-s2-topo-x2,shortest_estimate+topology_aware+none,J_wait,10,0.3549285014,0.1439393848,0.5659176179
sens-s2-topo-x2,shortest_estimate+topology_aware+none,J_waste,10,0.07051188891,0.0582747933,0.08274898453
sens-s2-topo-x2,shortest_estimate+topology_aware+none,J_slo,10,0.05518390038,0.0256815039,0.08468629686
sens-s2-topo-x2,shortest_estimate+topology_aware+none,J_fairness,10,0.002802354197,-6.445479005e-05,0.005669163184
sens-s2-topo-x2,shortest_estimate+topology_aware+none,wait_mean,10,927.6506854,337.4385296,1517.862841
sens-s2-topo-x2,shortest_estimate+topology_aware+none,wait_p95,10,4500.5548,1825.176301,7175.933299
sens-s2-topo-x2,shortest_estimate+topology_aware+none,wait_p99,10,15052.1532,4331.961101,25772.3453
sens-s2-topo-x2,shortest_estimate+topology_aware+none,jct_mean,10,3581.412557,2831.117181,4331.707933
sens-s2-topo-x2,shortest_estimate+topology_aware+none,jct_p95,10,13185.6789,9635.751613,16735.60619
sens-s2-topo-x2,shortest_estimate+topology_aware+none,bsld_mean,10,1.413225771,1.22618834,1.600263202
sens-s2-topo-x2,shortest_estimate+topology_aware+none,bsld_p95,10,3.041958738,2.240341009,3.843576466
sens-s2-topo-x2,shortest_estimate+topology_aware+none,bsld_p99,10,6.348895866,4.449224437,8.248567294
sens-s2-topo-x2,shortest_estimate+topology_aware+none,wflow_mean,10,1.413225771,1.22618834,1.600263202
sens-s2-topo-x2,shortest_estimate+topology_aware+none,wflow_sum_all,10,2824.228368,2434.467015,3213.989721
sens-s2-topo-x2,shortest_estimate+topology_aware+none,large_wait_mean,10,1329.758404,533.1821114,2126.334696
sens-s2-topo-x2,shortest_estimate+topology_aware+none,large_wait_p95,10,5897.3205,2428.343913,9366.297087
sens-s2-topo-x2,shortest_estimate+topology_aware+none,utilization,10,0.8059888414,0.7682416554,0.8437360275
sens-s2-topo-x2,shortest_estimate+topology_aware+none,frag_blocked_frac,10,0.3947620922,0.2702896585,0.519234526
sens-s2-topo-x2,shortest_estimate+topology_aware+none,stranded_frac,10,0.161541023,0.1231897991,0.1998922469
sens-s2-topo-x2,shortest_estimate+topology_aware+none,goodput_ratio,10,0.9294881111,0.9172510155,0.9417252067
sens-s2-topo-x2,shortest_estimate+topology_aware+none,wasted_gpu_hours,10,365.3107264,252.9079915,477.7134614
sens-s2-topo-x2,shortest_estimate+topology_aware+none,lost_gpu_hours,10,0,0,0
sens-s2-topo-x2,shortest_estimate+topology_aware+none,overhead_gpu_hours,10,0,0,0
sens-s2-topo-x2,shortest_estimate+topology_aware+none,topology_gpu_hours,10,365.310678,252.9079439,477.713412
sens-s2-topo-x2,shortest_estimate+topology_aware+none,slack_gpu_hours,10,4.848148144e-05,4.154833593e-05,5.541462696e-05
sens-s2-topo-x2,shortest_estimate+topology_aware+none,preemptions,10,0,0,0
sens-s2-topo-x2,shortest_estimate+topology_aware+none,failure_kills,10,0,0,0
sens-s2-topo-x2,shortest_estimate+topology_aware+none,node_downtime_gpu_hours,10,0,0,0
sens-s2-topo-x2,shortest_estimate+topology_aware+none,jain_bsld,10,0.9971976458,0.9943308368,1.000064455
sens-s2-topo-x2,shortest_estimate+topology_aware+none,tenant_worst_best_ratio,10,1.119131517,1.052927035,1.185335999
sens-s2-topo-x2,shortest_estimate+topology_aware+none,slo_attainment,10,0.9448160996,0.9153137031,0.9743184961
sens-s2-topo-x2,shortest_estimate+topology_aware+none,makespan,10,255332.6349,199827.253,310838.0168
sens-s2-topo-x2,shortest_estimate+topology_aware+none,reservations,10,0,0,0
sens-s2-topo-x2,shortest_estimate+topology_aware+none,broken_reservations,10,0,0,0
sens-s2-topo-x2,shortest_estimate+topology_aware+none,tenant_t0_bsld_mean,10,1.446426363,1.231143556,1.66170917
sens-s2-topo-x2,shortest_estimate+topology_aware+none,tenant_t0_bsld_p95,10,3.167315602,2.304847608,4.029783596
sens-s2-topo-x2,shortest_estimate+topology_aware+none,tenant_t1_bsld_mean,10,1.361148786,1.203320204,1.518977368
sens-s2-topo-x2,shortest_estimate+topology_aware+none,tenant_t1_bsld_p95,10,2.876824808,2.13422093,3.619428687
sens-s2-topo-x2,shortest_estimate+topology_aware+none,tenant_t2_bsld_mean,10,1.396061175,1.221961253,1.570161097
sens-s2-topo-x2,shortest_estimate+topology_aware+none,tenant_t2_bsld_p95,10,2.991392067,2.209712222,3.773071913
sens-s2-topo-x2,shortest_estimate+topology_aware+none,tenant_t3_bsld_mean,10,1.472185205,1.224793113,1.719577296
sens-s2-topo-x2,shortest_estimate+topology_aware+none,tenant_t3_bsld_p95,10,3.430289835,2.399047828,4.461531841
sens-s2-topo-x2,shortest_estimate+topology_aware+none,prio_1_wait_p95,10,4535.5331,1908.685474,7162.380726
sens-s2-topo-x2,shortest_estimate+topology_aware+none,prio_1_bsld_p95,10,3.053257237,2.261613219,3.844901254
sens-s2-topo-x2,shortest_estimate+topology_aware+none,prio_8_wait_p95,10,4556.9608,1349.34814,7764.57346
sens-s6-est-x0.5,fifo+first_fit+none,J,10,2.492913086,1.556081571,3.429744602
sens-s6-est-x0.5,fifo+first_fit+none,J_slowdown,10,0.8027966384,0.4140379642,1.191555313
sens-s6-est-x0.5,fifo+first_fit+none,J_wait,10,0.9122427211,0.5222951174,1.302190325
sens-s6-est-x0.5,fifo+first_fit+none,J_waste,10,0.04818299948,0.0420884215,0.05427757746
sens-s6-est-x0.5,fifo+first_fit+none,J_slo,10,0.6802925639,0.4524587098,0.9081264181
sens-s6-est-x0.5,fifo+first_fit+none,J_fairness,10,0.04939816329,0.01319495373,0.08560137286
sens-s6-est-x0.5,fifo+first_fit+none,wait_mean,10,12893.51895,5225.929943,20561.10795
sens-s6-est-x0.5,fifo+first_fit+none,wait_p95,10,23695.8579,13566.81791,33824.89789
sens-s6-est-x0.5,fifo+first_fit+none,wait_p99,10,25334.7093,14778.65196,35890.76664
sens-s6-est-x0.5,fifo+first_fit+none,jct_mean,10,15530.59761,7613.178505,23448.01672
sens-s6-est-x0.5,fifo+first_fit+none,jct_p95,10,27662.8834,17082.6636,38243.1032
sens-s6-est-x0.5,fifo+first_fit+none,bsld_mean,10,22.62898941,10.74779446,34.51018437
sens-s6-est-x0.5,fifo+first_fit+none,bsld_p95,10,92.49688147,47.70475942,137.2890035
sens-s6-est-x0.5,fifo+first_fit+none,bsld_p99,10,206.1163566,105.0378162,307.194897
sens-s6-est-x0.5,fifo+first_fit+none,wflow_mean,10,22.62898941,10.74779446,34.51018437
sens-s6-est-x0.5,fifo+first_fit+none,wflow_sum_all,10,52047.57058,25442.19932,78652.94184
sens-s6-est-x0.5,fifo+first_fit+none,large_wait_mean,10,13246.94406,5483.952104,21009.93602
sens-s6-est-x0.5,fifo+first_fit+none,large_wait_p95,10,24134.9163,13963.86797,34305.96463
sens-s6-est-x0.5,fifo+first_fit+none,utilization,10,0.7983855646,0.7735399729,0.8232311563
sens-s6-est-x0.5,fifo+first_fit+none,frag_blocked_frac,10,0.7364210862,0.6327196778,0.8401224947
sens-s6-est-x0.5,fifo+first_fit+none,stranded_frac,10,0.2189415853,0.1914986778,0.2463844929
sens-s6-est-x0.5,fifo+first_fit+none,goodput_ratio,10,0.9518170005,0.9457224225,0.9579115785
sens-s6-est-x0.5,fifo+first_fit+none,wasted_gpu_hours,10,274.7802344,207.0605877,342.4998812
sens-s6-est-x0.5,fifo+first_fit+none,lost_gpu_hours,10,0,0,0
sens-s6-est-x0.5,fifo+first_fit+none,overhead_gpu_hours,10,0,0,0
sens-s6-est-x0.5,fifo+first_fit+none,topology_gpu_hours,10,274.7801014,207.0604614,342.4997414
sens-s6-est-x0.5,fifo+first_fit+none,slack_gpu_hours,10,0.0001330545455,0.0001226198108,0.0001434892802
sens-s6-est-x0.5,fifo+first_fit+none,preemptions,10,0,0,0
sens-s6-est-x0.5,fifo+first_fit+none,failure_kills,10,0,0,0
sens-s6-est-x0.5,fifo+first_fit+none,node_downtime_gpu_hours,10,0,0,0
sens-s6-est-x0.5,fifo+first_fit+none,jain_bsld,10,0.9506018367,0.9143986271,0.9868050463
sens-s6-est-x0.5,fifo+first_fit+none,tenant_worst_best_ratio,10,1.796716235,1.42191248,2.171519989
sens-s6-est-x0.5,fifo+first_fit+none,slo_attainment,10,0.3197074361,0.09187358194,0.5475412902
sens-s6-est-x0.5,fifo+first_fit+none,makespan,10,283848.5245,220114.8163,347582.2327
sens-s6-est-x0.5,fifo+first_fit+none,reservations,10,0,0,0
sens-s6-est-x0.5,fifo+first_fit+none,broken_reservations,10,0,0,0
sens-s6-est-x0.5,fifo+first_fit+none,tenant_t0_bsld_mean,10,24.34503781,10.00529548,38.68478015
sens-s6-est-x0.5,fifo+first_fit+none,tenant_t0_bsld_p95,10,104.5142288,42.37678855,166.6516691
sens-s6-est-x0.5,fifo+first_fit+none,tenant_t1_bsld_mean,10,21.04313795,9.729624374,32.35665153
sens-s6-est-x0.5,fifo+first_fit+none,tenant_t1_bsld_p95,10,76.79724443,38.92580953,114.6686793
sens-s6-est-x0.5,fifo+first_fit+none,tenant_t2_bsld_mean,10,21.45373476,10.42082416,32.48664536
sens-s6-est-x0.5,fifo+first_fit+none,tenant_t2_bsld_p95,10,83.08138472,42.07198158,124.0907879
sens-s6-est-x0.5,fifo+first_fit+none,tenant_t3_bsld_mean,10,23.67300979,11.61184871,35.73417087
sens-s6-est-x0.5,fifo+first_fit+none,tenant_t3_bsld_p95,10,97.45081651,49.33235375,145.5692793
sens-s6-est-x0.5,fifo+first_fit+none,prio_1_wait_p95,10,24015.8674,13704.95887,34326.77593
sens-s6-est-x0.5,fifo+first_fit+none,prio_1_bsld_p95,10,90.61997011,45.97822412,135.2617161
sens-s6-est-x0.5,fifo+first_fit+none,prio_8_wait_p95,10,23674.2158,13173.37788,34175.05372
sens-s6-est-x0.5,fifo+first_fit+none,prio_9_wait_p95,10,21078.5567,11048.78568,31108.32772
sens-s6-est-x0.5,fifo+topology_aware+easy_predicted,J,10,0.6509544495,0.3417627577,0.9601461413
sens-s6-est-x0.5,fifo+topology_aware+easy_predicted,J_slowdown,10,0.09313764484,0.04403189049,0.1422433992
sens-s6-est-x0.5,fifo+topology_aware+easy_predicted,J_wait,10,0.3096605659,0.1340748382,0.4852462936
sens-s6-est-x0.5,fifo+topology_aware+easy_predicted,J_waste,10,0.03744321485,0.03092662867,0.04395980104
sens-s6-est-x0.5,fifo+topology_aware+easy_predicted,J_slo,10,0.1923482598,0.1009908777,0.2837056418
sens-s6-est-x0.5,fifo+topology_aware+easy_predicted,J_fairness,10,0.01836476413,0.000153703115,0.03657582515
sens-s6-est-x0.5,fifo+topology_aware+easy_predicted,wait_mean,10,1582.606295,389.3547451,2775.857844
sens-s6-est-x0.5,fifo+topology_aware+easy_predicted,wait_p95,10,8043.5531,3482.645836,12604.46036
sens-s6-est-x0.5,fifo+topology_aware+easy_predicted,wait_p99,10,12858.4533,5789.402446,19927.50415
sens-s6-est-x0.5,fifo+topology_aware+easy_predicted,jct_mean,10,4210.662136,2781.850046,5639.474226
sens-s6-est-x0.5,fifo+topology_aware+easy_predicted,jct_p95,10,13998.875,8784.312895,19213.43711
sens-s6-est-x0.5,fifo+topology_aware+easy_predicted,bsld_mean,10,3.024018,1.689682369,4.358353631
sens-s6-est-x0.5,fifo+topology_aware+easy_predicted,bsld_p95,10,10.73116314,5.07328053,16.38904575
sens-s6-est-x0.5,fifo+topology_aware+easy_predicted,bsld_p99,10,28.6008886,15.06042844,42.14134875
sens-s6-est-x0.5,fifo+topology_aware+easy_predicted,wflow_mean,10,3.024018,1.689682369,4.358353631
sens-s6-est-x0.5,fifo+topology_aware+easy_predicted,wflow_sum_all,10,6924.458885,3924.3876,9924.530171
sens-s6-est-x0.5,fifo+topology_aware+easy_predicted,large_wait_mean,10,4626.918289,1584.407377,7669.429202
sens-s6-est-x0.5,fifo+topology_aware+easy_predicted,large_wait_p95,10,12608.0869,5512.350121,19703.82368
sens-s6-est-x0.5,fifo+topology_aware+easy_predicted,utilization,10,0.8466703344,0.798333666,0.8950070027
sens-s6-est-x0.5,fifo+topology_aware+easy_predicted,frag_blocked_frac,10,0.2351458105,0.1951350194,0.2751566016
sens-s6-est-x0.5,fifo+topology_aware+easy_predicted,stranded_frac,10,0.1294772554,0.1057731663,0.1531813445
sens-s6-est-x0.5,fifo+topology_aware+easy_predicted,goodput_ratio,10,0.9625567851,0.956040199,0.9690733713
sens-s6-est-x0.5,fifo+topology_aware+easy_predicted,wasted_gpu_hours,10,214.7281493,150.1817528,279.2745458
sens-s6-est-x0.5,fifo+topology_aware+easy_predicted,lost_gpu_hours,10,0,0,0
sens-s6-est-x0.5,fifo+topology_aware+easy_predicted,overhead_gpu_hours,10,0,0,0
sens-s6-est-x0.5,fifo+topology_aware+easy_predicted,topology_gpu_hours,10,214.7280544,150.1816694,279.2744394
sens-s6-est-x0.5,fifo+topology_aware+easy_predicted,slack_gpu_hours,10,9.492929297e-05,7.878082638e-05,0.0001110777596
sens-s6-est-x0.5,fifo+topology_aware+easy_predicted,preemptions,10,0,0,0
sens-s6-est-x0.5,fifo+topology_aware+easy_predicted,failure_kills,10,0,0,0
sens-s6-est-x0.5,fifo+topology_aware+easy_predicted,node_downtime_gpu_hours,10,0,0,0
sens-s6-est-x0.5,fifo+topology_aware+easy_predicted,jain_bsld,10,0.9816352359,0.9634241748,0.9998462969
sens-s6-est-x0.5,fifo+topology_aware+easy_predicted,tenant_worst_best_ratio,10,1.374878803,1.142570969,1.607186638
sens-s6-est-x0.5,fifo+topology_aware+easy_predicted,slo_attainment,10,0.8076517402,0.7162943582,0.8990091223
sens-s6-est-x0.5,fifo+topology_aware+easy_predicted,makespan,10,264400.5336,204613.7838,324187.2834
sens-s6-est-x0.5,fifo+topology_aware+easy_predicted,reservations,10,197.3,170.584721,224.015279
sens-s6-est-x0.5,fifo+topology_aware+easy_predicted,broken_reservations,10,160,135.2468593,184.7531407
sens-s6-est-x0.5,fifo+topology_aware+easy_predicted,tenant_t0_bsld_mean,10,3.103472473,1.647471209,4.559473736
sens-s6-est-x0.5,fifo+topology_aware+easy_predicted,tenant_t0_bsld_p95,10,11.55087982,4.837157125,18.26460252
sens-s6-est-x0.5,fifo+topology_aware+easy_predicted,tenant_t1_bsld_mean,10,2.862920154,1.587583201,4.138257107
sens-s6-est-x0.5,fifo+topology_aware+easy_predicted,tenant_t1_bsld_p95,10,10.34186156,4.313816227,16.36990688
sens-s6-est-x0.5,fifo+topology_aware+easy_predicted,tenant_t2_bsld_mean,10,3.004357383,1.640543478,4.368171289
sens-s6-est-x0.5,fifo+topology_aware+easy_predicted,tenant_t2_bsld_p95,10,10.49700426,5.057605052,15.93640346
sens-s6-est-x0.5,fifo+topology_aware+easy_predicted,tenant_t3_bsld_mean,10,3.285382073,1.920640567,4.650123579
sens-s6-est-x0.5,fifo+topology_aware+easy_predicted,tenant_t3_bsld_p95,10,11.61362127,5.24248068,17.98476186
sens-s6-est-x0.5,fifo+topology_aware+easy_predicted,prio_1_wait_p95,10,7588.7859,3477.110836,11700.46096
sens-s6-est-x0.5,fifo+topology_aware+easy_predicted,prio_1_bsld_p95,10,9.948883436,4.22711682,15.67065005
sens-s6-est-x0.5,fifo+topology_aware+easy_predicted,prio_8_wait_p95,10,8990.172,3048.020134,14932.32387
sens-s6-est-x0.5,fifo+topology_aware+easy_predicted,prio_9_wait_p95,10,8990.686,3728.185386,14253.18661
sens-s6-est-x0.5,priority+topology_aware+easy_predicted,J,10,0.6619197767,0.2958848379,1.027954716
sens-s6-est-x0.5,priority+topology_aware+easy_predicted,J_slowdown,10,0.09962012408,0.03455161367,0.1646886345
sens-s6-est-x0.5,priority+topology_aware+easy_predicted,J_wait,10,0.3455102798,0.136312929,0.5547076306
sens-s6-est-x0.5,priority+topology_aware+easy_predicted,J_waste,10,0.0377159089,0.03123203852,0.04419977928
sens-s6-est-x0.5,priority+topology_aware+easy_predicted,J_slo,10,0.157461261,0.05646859881,0.2584539231
sens-s6-est-x0.5,priority+topology_aware+easy_predicted,J_fairness,10,0.02161220295,0.004149605178,0.03907480072
sens-s6-est-x0.5,priority+topology_aware+easy_predicted,wait_mean,10,1733.271295,171.5953055,3294.947284
sens-s6-est-x0.5,priority+topology_aware+easy_predicted,wait_p95,10,8974.7633,3540.781112,14408.74549
sens-s6-est-x0.5,priority+topology_aware+easy_predicted,wait_p99,10,14675.3956,8094.674098,21256.1171
sens-s6-est-x0.5,priority+topology_aware+easy_predicted,jct_mean,10,4362.351097,2599.138647,6125.563546
sens-s6-est-x0.5,priority+topology_aware+easy_predicted,jct_p95,10,14920.2315,9478.388561,20362.07444
sens-s6-est-x0.5,priority+topology_aware+easy_predicted,bsld_mean,10,3.172279077,1.493379433,4.851178721
sens-s6-est-x0.5,priority+topology_aware+easy_predicted,bsld_p95,10,11.47806352,3.980978945,18.97514809
sens-s6-est-x0.5,priority+topology_aware+easy_predicted,bsld_p99,10,32.3546958,16.03306912,48.67632247
sens-s6-est-x0.5,priority+topology_aware+easy_predicted,wflow_mean,10,3.172279077,1.493379433,4.851178721
sens-s6-est-x0.5,priority+topology_aware+easy_predicted,wflow_sum_all,10,7207.503716,3502.523031,10912.4844
sens-s6-est-x0.5,priority+topology_aware+easy_predicted,large_wait_mean,10,5066.196784,1640.631745,8491.761823
sens-s6-est-x0.5,priority+topology_aware+easy_predicted,large_wait_p95,10,14260.3648,7832.530124,20688.19948
sens-s6-est-x0.5,priority+topology_aware+easy_predicted,utilization,10,0.8465084877,0.7976235359,0.8953934395
sens-s6-est-x0.5,priority+topology_aware+easy_predicted,frag_blocked_frac,10,0.2724325298,0.2212455722,0.3236194875
sens-s6-est-x0.5,priority+topology_aware+easy_predicted,stranded_frac,10,0.1427003003,0.1124376302,0.1729629704
sens-s6-est-x0.5,priority+topology_aware+easy_predicted,goodput_ratio,10,0.9622840911,0.9558002207,0.9687679615
sens-s6-est-x0.5,priority+topology_aware+easy_predicted,wasted_gpu_hours,10,214.7684558,154.0647215,275.4721901
sens-s6-est-x0.5,priority+topology_aware+easy_predicted,lost_gpu_hours,10,0,0,0
sens-s6-est-x0.5,priority+topology_aware+easy_predicted,overhead_gpu_hours,10,0,0,0
sens-s6-est-x0.5,priority+topology_aware+easy_predicted,topology_gpu_hours,10,214.7683573,154.0646353,275.4720793
sens-s6-est-x0.5,priority+topology_aware+easy_predicted,slack_gpu_hours,10,9.84606061e-05,8.102750159e-05,0.0001158937106
sens-s6-est-x0.5,priority+topology_aware+easy_predicted,preemptions,10,0,0,0
sens-s6-est-x0.5,priority+topology_aware+easy_predicted,failure_kills,10,0,0,0
sens-s6-est-x0.5,priority+topology_aware+easy_predicted,node_downtime_gpu_hours,10,0,0,0
sens-s6-est-x0.5,priority+topology_aware+easy_predicted,jain_bsld,10,0.9783877971,0.9609251993,0.9958503948
sens-s6-est-x0.5,priority+topology_aware+easy_predicted,tenant_worst_best_ratio,10,1.415948411,1.194453441,1.637443381
sens-s6-est-x0.5,priority+topology_aware+easy_predicted,slo_attainment,10,0.842538739,0.7415460769,0.9435314012
sens-s6-est-x0.5,priority+topology_aware+easy_predicted,makespan,10,265430.8461,205472.2342,325389.458
sens-s6-est-x0.5,priority+topology_aware+easy_predicted,reservations,10,206.5,178.1687957,234.8312043
sens-s6-est-x0.5,priority+topology_aware+easy_predicted,broken_reservations,10,167.5,141.4415161,193.5584839
sens-s6-est-x0.5,priority+topology_aware+easy_predicted,tenant_t0_bsld_mean,10,3.163104323,1.443973983,4.882234663
sens-s6-est-x0.5,priority+topology_aware+easy_predicted,tenant_t0_bsld_p95,10,11.95703545,3.863825111,20.05024578
sens-s6-est-x0.5,priority+topology_aware+easy_predicted,tenant_t1_bsld_mean,10,3.09944642,1.45016553,4.74872731
sens-s6-est-x0.5,priority+topology_aware+easy_predicted,tenant_t1_bsld_p95,10,11.54707046,3.178731157,19.91540976
sens-s6-est-x0.5,priority+topology_aware+easy_predicted,tenant_t2_bsld_mean,10,3.163057631,1.429946815,4.896168446
sens-s6-est-x0.5,priority+topology_aware+easy_predicted,tenant_t2_bsld_p95,10,11.92975465,4.451838605,19.4076707
sens-s6-est-x0.5,priority+topology_aware+easy_predicted,tenant_t3_bsld_mean,10,3.495453107,1.678914689,5.311991525
sens-s6-est-x0.5,priority+topology_aware+easy_predicted,tenant_t3_bsld_p95,10,12.90590158,4.4765016,21.33530155
sens-s6-est-x0.5,priority+topology_aware+easy_predicted,prio_1_wait_p95,10,11389.0266,5411.947727,17366.10547
sens-s6-est-x0.5,priority+topology_aware+easy_predicted,prio_1_bsld_p95,10,14.17612552,4.923128391,23.42912266
sens-s6-est-x0.5,priority+topology_aware+easy_predicted,prio_8_wait_p95,10,5773.0706,937.6819086,10608.45929
sens-s6-est-x0.5,priority+topology_aware+easy_predicted,prio_9_wait_p95,10,6064.5446,2135.458386,9993.630814
sens-s6-est-x0.5,priority+topology_aware+easy_predicted+preempt,J,10,0.6013584724,0.1319928847,1.07072406
sens-s6-est-x0.5,priority+topology_aware+easy_predicted+preempt,J_slowdown,10,0.07213609394,0.03193904998,0.1123331379
sens-s6-est-x0.5,priority+topology_aware+easy_predicted+preempt,J_wait,10,0.3916924788,-0.01548800509,0.7988729627
sens-s6-est-x0.5,priority+topology_aware+easy_predicted+preempt,J_waste,10,0.04745807917,0.03883445365,0.0560817047
sens-s6-est-x0.5,priority+topology_aware+easy_predicted+preempt,J_slo,10,0.05402353405,0.0297232726,0.0783237955
sens-s6-est-x0.5,priority+topology_aware+easy_predicted+preempt,J_fairness,10,0.03604828646,0.00471563377,0.06738093916
sens-s6-est-x0.5,priority+topology_aware+easy_predicted+preempt,wait_mean,10,1303.557864,259.919286,2347.196442
sens-s6-est-x0.5,priority+topology_aware+easy_predicted+preempt,wait_p95,10,10174.3638,-402.3069291,20751.03453
sens-s6-est-x0.5,priority+topology_aware+easy_predicted+preempt,wait_p99,10,24945.3318,5874.549769,44016.11383
sens-s6-est-x0.5,priority+topology_aware+easy_predicted+preempt,jct_mean,10,4129.298492,2755.854004,5502.742979
sens-s6-est-x0.5,priority+topology_aware+easy_predicted+preempt,jct_p95,10,18225.6934,7933.025422,28518.36138
sens-s6-est-x0.5,priority+topology_aware+easy_predicted+preempt,bsld_mean,10,2.63446226,1.687618576,3.581305945
sens-s6-est-x0.5,priority+topology_aware+easy_predicted+preempt,bsld_p95,10,8.311399689,3.67996374,12.94283564
sens-s6-est-x0.5,priority+topology_aware+easy_predicted+preempt,bsld_p99,10,31.42976495,14.28810664,48.57142326
sens-s6-est-x0.5,priority+topology_aware+easy_predicted+preempt,wflow_mean,10,2.63446226,1.687618576,3.581305945
sens-s6-est-x0.5,priority+topology_aware+easy_predicted+preempt,wflow_sum_all,10,5918.942089,3698.783567,8139.100611
sens-s6-est-x0.5,priority+topology_aware+easy_predicted+preempt,large_wait_mean,10,5392.013605,869.1780935,9914.849116
sens-s6-est-x0.5,priority+topology_aware+easy_predicted+preempt,large_wait_p95,10,24612.4208,5594.062138,43630.77946
sens-s6-est-x0.5,priority+topology_aware+easy_predicted+preempt,utilization,10,0.8467165367,0.8042684369,0.8891646364
sens-s6-est-x0.5,priority+topology_aware+easy_predicted+preempt,frag_blocked_frac,10,0.2885455695,0.2340186685,0.3430724705
sens-s6-est-x0.5,priority+topology_aware+easy_predicted+preempt,stranded_frac,10,0.1481583091,0.1166179634,0.1796986548
sens-s6-est-x0.5,priority+topology_aware+easy_predicted+preempt,goodput_ratio,10,0.9525419208,0.9439182953,0.9611655464
sens-s6-est-x0.5,priority+topology_aware+easy_predicted+preempt,wasted_gpu_hours,10,277.1060816,191.7221125,362.4900508
sens-s6-est-x0.5,priority+topology_aware+easy_predicted+preempt,lost_gpu_hours,10,14.86244771,7.757226108,21.96766931
sens-s6-est-x0.5,priority+topology_aware+easy_predicted+preempt,overhead_gpu_hours,10,40.27894939,27.36783684,53.19006194
sens-s6-est-x0.5,priority+topology_aware+easy_predicted+preempt,topology_gpu_hours,10,221.964587,149.1936275,294.7355464
sens-s6-est-x0.5,priority+topology_aware+easy_predicted+preempt,slack_gpu_hours,10,9.757575761e-05,7.939654358e-05,0.0001157549716
sens-s6-est-x0.5,priority+topology_aware+easy_predicted+preempt,preemptions,10,311,229.9374394,392.0625606
sens-s6-est-x0.5,priority+topology_aware+easy_predicted+preempt,failure_kills,10,0,0,0
sens-s6-est-x0.5,priority+topology_aware+easy_predicted+preempt,node_downtime_gpu_hours,10,0,0,0
sens-s6-est-x0.5,priority+topology_aware+easy_predicted+preempt,jain_bsld,10,0.9639517135,0.9326190608,0.9952843662
sens-s6-est-x0.5,priority+topology_aware+easy_predicted+preempt,tenant_worst_best_ratio,10,1.566571481,1.273459804,1.859683158
sens-s6-est-x0.5,priority+topology_aware+easy_predicted+preempt,slo_attainment,10,0.945976466,0.9216762045,0.9702767274
sens-s6-est-x0.5,priority+topology_aware+easy_predicted+preempt,makespan,10,266720.8077,206527.0666,326914.5488
sens-s6-est-x0.5,priority+topology_aware+easy_predicted+preempt,reservations,10,147.4,115.8571675,178.9428325
sens-s6-est-x0.5,priority+topology_aware+easy_predicted+preempt,broken_reservations,10,111.6,86.54956708,136.6504329
sens-s6-est-x0.5,priority+topology_aware+easy_predicted+preempt,tenant_t0_bsld_mean,10,2.702584821,1.519362831,3.88580681
sens-s6-est-x0.5,priority+topology_aware+easy_predicted+preempt,tenant_t0_bsld_p95,10,7.910818764,3.00483581,12.81680172
sens-s6-est-x0.5,priority+topology_aware+easy_predicted+preempt,tenant_t1_bsld_mean,10,2.504000431,1.651739871,3.35626099
sens-s6-est-x0.5,priority+topology_aware+easy_predicted+preempt,tenant_t1_bsld_p95,10,8.120839874,3.995055483,12.24662427
sens-s6-est-x0.5,priority+topology_aware+easy_predicted+preempt,tenant_t2_bsld_mean,10,2.58788577,1.521964914,3.653806625
sens-s6-est-x0.5,priority+topology_aware+easy_predicted+preempt,tenant_t2_bsld_p95,10,9.325511107,2.835956376,15.81506584
sens-s6-est-x0.5,priority+topology_aware+easy_predicted+preempt,tenant_t3_bsld_mean,10,2.884536986,1.949953933,3.819120039
sens-s6-est-x0.5,priority+topology_aware+easy_predicted+preempt,tenant_t3_bsld_p95,10,10.19700512,4.382115245,16.011895
sens-s6-est-x0.5,priority+topology_aware+easy_predicted+preempt,prio_1_wait_p95,10,17521.3166,2340.991315,32701.64189
sens-s6-est-x0.5,priority+topology_aware+easy_predicted+preempt,prio_1_bsld_p95,10,14.57689581,5.742629647,23.41116197
sens-s6-est-x0.5,priority+topology_aware+easy_predicted+preempt,prio_8_wait_p95,10,1293.9536,703.0166132,1884.890587
sens-s6-est-x0.5,priority+topology_aware+easy_predicted+preempt,prio_9_wait_p95,10,2762.1621,1171.931977,4352.392223
sens-s6-est-x2,fifo+first_fit+none,J,10,2.492913086,1.556081571,3.429744602
sens-s6-est-x2,fifo+first_fit+none,J_slowdown,10,0.8027966384,0.4140379642,1.191555313
sens-s6-est-x2,fifo+first_fit+none,J_wait,10,0.9122427211,0.5222951174,1.302190325
sens-s6-est-x2,fifo+first_fit+none,J_waste,10,0.04818299948,0.0420884215,0.05427757746
sens-s6-est-x2,fifo+first_fit+none,J_slo,10,0.6802925639,0.4524587098,0.9081264181
sens-s6-est-x2,fifo+first_fit+none,J_fairness,10,0.04939816329,0.01319495373,0.08560137286
sens-s6-est-x2,fifo+first_fit+none,wait_mean,10,12893.51895,5225.929943,20561.10795
sens-s6-est-x2,fifo+first_fit+none,wait_p95,10,23695.8579,13566.81791,33824.89789
sens-s6-est-x2,fifo+first_fit+none,wait_p99,10,25334.7093,14778.65196,35890.76664
sens-s6-est-x2,fifo+first_fit+none,jct_mean,10,15530.59761,7613.178505,23448.01672
sens-s6-est-x2,fifo+first_fit+none,jct_p95,10,27662.8834,17082.6636,38243.1032
sens-s6-est-x2,fifo+first_fit+none,bsld_mean,10,22.62898941,10.74779446,34.51018437
sens-s6-est-x2,fifo+first_fit+none,bsld_p95,10,92.49688147,47.70475942,137.2890035
sens-s6-est-x2,fifo+first_fit+none,bsld_p99,10,206.1163566,105.0378162,307.194897
sens-s6-est-x2,fifo+first_fit+none,wflow_mean,10,22.62898941,10.74779446,34.51018437
sens-s6-est-x2,fifo+first_fit+none,wflow_sum_all,10,52047.57058,25442.19932,78652.94184
sens-s6-est-x2,fifo+first_fit+none,large_wait_mean,10,13246.94406,5483.952104,21009.93602
sens-s6-est-x2,fifo+first_fit+none,large_wait_p95,10,24134.9163,13963.86797,34305.96463
sens-s6-est-x2,fifo+first_fit+none,utilization,10,0.7983855646,0.7735399729,0.8232311563
sens-s6-est-x2,fifo+first_fit+none,frag_blocked_frac,10,0.7364210862,0.6327196778,0.8401224947
sens-s6-est-x2,fifo+first_fit+none,stranded_frac,10,0.2189415853,0.1914986778,0.2463844929
sens-s6-est-x2,fifo+first_fit+none,goodput_ratio,10,0.9518170005,0.9457224225,0.9579115785
sens-s6-est-x2,fifo+first_fit+none,wasted_gpu_hours,10,274.7802344,207.0605877,342.4998812
sens-s6-est-x2,fifo+first_fit+none,lost_gpu_hours,10,0,0,0
sens-s6-est-x2,fifo+first_fit+none,overhead_gpu_hours,10,0,0,0
sens-s6-est-x2,fifo+first_fit+none,topology_gpu_hours,10,274.7801014,207.0604614,342.4997414
sens-s6-est-x2,fifo+first_fit+none,slack_gpu_hours,10,0.0001330545455,0.0001226198108,0.0001434892802
sens-s6-est-x2,fifo+first_fit+none,preemptions,10,0,0,0
sens-s6-est-x2,fifo+first_fit+none,failure_kills,10,0,0,0
sens-s6-est-x2,fifo+first_fit+none,node_downtime_gpu_hours,10,0,0,0
sens-s6-est-x2,fifo+first_fit+none,jain_bsld,10,0.9506018367,0.9143986271,0.9868050463
sens-s6-est-x2,fifo+first_fit+none,tenant_worst_best_ratio,10,1.796716235,1.42191248,2.171519989
sens-s6-est-x2,fifo+first_fit+none,slo_attainment,10,0.3197074361,0.09187358194,0.5475412902
sens-s6-est-x2,fifo+first_fit+none,makespan,10,283848.5245,220114.8163,347582.2327
sens-s6-est-x2,fifo+first_fit+none,reservations,10,0,0,0
sens-s6-est-x2,fifo+first_fit+none,broken_reservations,10,0,0,0
sens-s6-est-x2,fifo+first_fit+none,tenant_t0_bsld_mean,10,24.34503781,10.00529548,38.68478015
sens-s6-est-x2,fifo+first_fit+none,tenant_t0_bsld_p95,10,104.5142288,42.37678855,166.6516691
sens-s6-est-x2,fifo+first_fit+none,tenant_t1_bsld_mean,10,21.04313795,9.729624374,32.35665153
sens-s6-est-x2,fifo+first_fit+none,tenant_t1_bsld_p95,10,76.79724443,38.92580953,114.6686793
sens-s6-est-x2,fifo+first_fit+none,tenant_t2_bsld_mean,10,21.45373476,10.42082416,32.48664536
sens-s6-est-x2,fifo+first_fit+none,tenant_t2_bsld_p95,10,83.08138472,42.07198158,124.0907879
sens-s6-est-x2,fifo+first_fit+none,tenant_t3_bsld_mean,10,23.67300979,11.61184871,35.73417087
sens-s6-est-x2,fifo+first_fit+none,tenant_t3_bsld_p95,10,97.45081651,49.33235375,145.5692793
sens-s6-est-x2,fifo+first_fit+none,prio_1_wait_p95,10,24015.8674,13704.95887,34326.77593
sens-s6-est-x2,fifo+first_fit+none,prio_1_bsld_p95,10,90.61997011,45.97822412,135.2617161
sens-s6-est-x2,fifo+first_fit+none,prio_8_wait_p95,10,23674.2158,13173.37788,34175.05372
sens-s6-est-x2,fifo+first_fit+none,prio_9_wait_p95,10,21078.5567,11048.78568,31108.32772
sens-s6-est-x2,fifo+topology_aware+easy_predicted,J,10,0.8002610938,0.3862385738,1.214283614
sens-s6-est-x2,fifo+topology_aware+easy_predicted,J_slowdown,10,0.1221632744,0.04736565609,0.1969608928
sens-s6-est-x2,fifo+topology_aware+easy_predicted,J_wait,10,0.4019400912,0.1402581338,0.6636220486
sens-s6-est-x2,fifo+topology_aware+easy_predicted,J_waste,10,0.03588377025,0.02852272796,0.04324481253
sens-s6-est-x2,fifo+topology_aware+easy_predicted,J_slo,10,0.2053675709,0.1077830929,0.3029520489
sens-s6-est-x2,fifo+topology_aware+easy_predicted,J_fairness,10,0.03490638699,0.008005773605,0.06180700038
sens-s6-est-x2,fifo+topology_aware+easy_predicted,wait_mean,10,1870.90312,367.9405929,3373.865648
sens-s6-est-x2,fifo+topology_aware+easy_predicted,wait_p95,10,10440.5495,3643.259334,17237.83967
sens-s6-est-x2,fifo+topology_aware+easy_predicted,wait_p99,10,15431.6098,6256.246568,24606.97303
sens-s6-est-x2,fifo+topology_aware+easy_predicted,jct_mean,10,4498.531153,2784.492396,6212.56991
sens-s6-est-x2,fifo+topology_aware+easy_predicted,jct_p95,10,15544.6361,9038.020163,22051.25204
sens-s6-est-x2,fifo+topology_aware+easy_predicted,bsld_mean,10,3.78372682,1.866969023,5.700484616
sens-s6-est-x2,fifo+topology_aware+easy_predicted,bsld_p95,10,14.07544747,5.457391408,22.69350353
sens-s6-est-x2,fifo+topology_aware+easy_predicted,bsld_p99,10,43.35852138,21.73873402,64.97830874
sens-s6-est-x2,fifo+topology_aware+easy_predicted,wflow_mean,10,3.78372682,1.866969023,5.700484616
sens-s6-est-x2,fifo+topology_aware+easy_predicted,wflow_sum_all,10,8591.72251,4179.371966,13004.07305
sens-s6-est-x2,fifo+topology_aware+easy_predicted,large_wait_mean,10,6132.326005,1621.288203,10643.36381
sens-s6-est-x2,fifo+topology_aware+easy_predicted,large_wait_p95,10,15264.1633,6138.201961,24390.12464
sens-s6-est-x2,fifo+topology_aware+easy_predicted,utilization,10,0.8377176979,0.7940726927,0.8813627031
sens-s6-est-x2,fifo+topology_aware+easy_predicted,frag_blocked_frac,10,0.2504628712,0.2111253651,0.2898003772
sens-s6-est-x2,fifo+topology_aware+easy_predicted,stranded_frac,10,0.125673996,0.1072513483,0.1440966437
sens-s6-est-x2,fifo+topology_aware+easy_predicted,goodput_ratio,10,0.9641162298,0.9567551875,0.971477272
sens-s6-est-x2,fifo+topology_aware+easy_predicted,wasted_gpu_hours,10,203.9200593,137.5417164,270.2984023
sens-s6-est-x2,fifo+topology_aware+easy_predicted,lost_gpu_hours,10,0,0,0
sens-s6-est-x2,fifo+topology_aware+easy_predicted,overhead_gpu_hours,10,0,0,0
sens-s6-est-x2,fifo+topology_aware+easy_predicted,topology_gpu_hours,10,203.9199673,137.541633,270.2983016
sens-s6-est-x2,fifo+topology_aware+easy_predicted,slack_gpu_hours,10,9.203636367e-05,7.711781012e-05,0.0001069549172
sens-s6-est-x2,fifo+topology_aware+easy_predicted,preemptions,10,0,0,0
sens-s6-est-x2,fifo+topology_aware+easy_predicted,failure_kills,10,0,0,0
sens-s6-est-x2,fifo+topology_aware+easy_predicted,node_downtime_gpu_hours,10,0,0,0
sens-s6-est-x2,fifo+topology_aware+easy_predicted,jain_bsld,10,0.965093613,0.9381929996,0.9919942264
sens-s6-est-x2,fifo+topology_aware+easy_predicted,tenant_worst_best_ratio,10,1.562355724,1.258342765,1.866368684
sens-s6-est-x2,fifo+topology_aware+easy_predicted,slo_attainment,10,0.7946324291,0.6970479511,0.8922169071
sens-s6-est-x2,fifo+topology_aware+easy_predicted,makespan,10,265816.8413,205616.7617,326016.9209
sens-s6-est-x2,fifo+topology_aware+easy_predicted,reservations,10,191.5,167.2030092,215.7969908
sens-s6-est-x2,fifo+topology_aware+easy_predicted,broken_reservations,10,175,150.6381556,199.3618444
sens-s6-est-x2,fifo+topology_aware+easy_predicted,tenant_t0_bsld_mean,10,3.920642784,1.698071782,6.143213786
sens-s6-est-x2,fifo+topology_aware+easy_predicted,tenant_t0_bsld_p95,10,15.22675567,5.095392732,25.35811861
sens-s6-est-x2,fifo+topology_aware+easy_predicted,tenant_t1_bsld_mean,10,3.522679611,1.69722897,5.348130252
sens-s6-est-x2,fifo+topology_aware+easy_predicted,tenant_t1_bsld_p95,10,13.78944362,4.935535036,22.6433522
sens-s6-est-x2,fifo+topology_aware+easy_predicted,tenant_t2_bsld_mean,10,3.68723892,1.944765924,5.429711916
sens-s6-est-x2,fifo+topology_aware+easy_predicted,tenant_t2_bsld_p95,10,13.7322568,6.06002637,21.40448723
sens-s6-est-x2,fifo+topology_aware+easy_predicted,tenant_t3_bsld_mean,10,4.32094642,2.247053006,6.394839833
sens-s6-est-x2,fifo+topology_aware+easy_predicted,tenant_t3_bsld_p95,10,15.62812104,5.700465781,25.55577629
sens-s6-est-x2,fifo+topology_aware+easy_predicted,prio_1_wait_p95,10,9383.5427,3738.470274,15028.61513
sens-s6-est-x2,fifo+topology_aware+easy_predicted,prio_1_bsld_p95,10,13.18845326,4.800654754,21.57625176
sens-s6-est-x2,fifo+topology_aware+easy_predicted,prio_8_wait_p95,10,10632.8552,3049.960118,18215.75028
sens-s6-est-x2,fifo+topology_aware+easy_predicted,prio_9_wait_p95,10,11446.3951,3945.738263,18947.05194
sens-s6-est-x2,priority+topology_aware+easy_predicted,J,10,0.7558778514,0.3980838544,1.113671849
sens-s6-est-x2,priority+topology_aware+easy_predicted,J_slowdown,10,0.1152723491,0.04916295911,0.181381739
sens-s6-est-x2,priority+topology_aware+easy_predicted,J_wait,10,0.4094478022,0.1879562299,0.6309393745
sens-s6-est-x2,priority+topology_aware+easy_predicted,J_waste,10,0.03945676572,0.03308568345,0.04582784799
sens-s6-est-x2,priority+topology_aware+easy_predicted,J_slo,10,0.1638076945,0.08517884478,0.2424365443
sens-s6-est-x2,priority+topology_aware+easy_predicted,J_fairness,10,0.02789323994,0.007202904349,0.04858357553
sens-s6-est-x2,priority+topology_aware+easy_predicted,wait_mean,10,1764.491584,532.3991756,2996.583993
sens-s6-est-x2,priority+topology_aware+easy_predicted,wait_p95,10,10635.5652,4882.235847,16388.89455
sens-s6-est-x2,priority+topology_aware+easy_predicted,wait_p99,10,17094.5636,10006.68108,24182.44612
sens-s6-est-x2,priority+topology_aware+easy_predicted,jct_mean,10,4394.709422,2923.393414,5866.02543
sens-s6-est-x2,priority+topology_aware+easy_predicted,jct_p95,10,16059.3495,10408.55215,21710.14685
sens-s6-est-x2,priority+topology_aware+easy_predicted,bsld_mean,10,3.613796889,2.066915118,5.160678661
sens-s6-est-x2,priority+topology_aware+easy_predicted,bsld_p95,10,13.28148662,5.664473647,20.89849958
sens-s6-est-x2,priority+topology_aware+easy_predicted,bsld_p99,10,44.92514894,24.56037058,65.28992729
sens-s6-est-x2,priority+topology_aware+easy_predicted,wflow_mean,10,3.613796889,2.066915118,5.160678661
sens-s6-est-x2,priority+topology_aware+easy_predicted,wflow_sum_all,10,8254.006839,4687.304874,11820.70881
sens-s6-est-x2,priority+topology_aware+easy_predicted,large_wait_mean,10,6159.47555,2287.26235,10031.68875
sens-s6-est-x2,priority+topology_aware+easy_predicted,large_wait_p95,10,16742.5505,9676.63427,23808.46673
sens-s6-est-x2,priority+topology_aware+easy_predicted,utilization,10,0.8436798556,0.7985285819,0.8888311293
sens-s6-est-x2,priority+topology_aware+easy_predicted,frag_blocked_frac,10,0.2976027096,0.250711031,0.3444943882
sens-s6-est-x2,priority+topology_aware+easy_predicted,stranded_frac,10,0.1384986774,0.1152535971,0.1617437578
sens-s6-est-x2,priority+topology_aware+easy_predicted,goodput_ratio,10,0.9605432343,0.954172152,0.9669143166
sens-s6-est-x2,priority+topology_aware+easy_predicted,wasted_gpu_hours,10,225.688544,158.406202,292.970886
sens-s6-est-x2,priority+topology_aware+easy_predicted,lost_gpu_hours,10,0,0,0
sens-s6-est-x2,priority+topology_aware+easy_predicted,overhead_gpu_hours,10,0,0,0
sens-s6-est-x2,priority+topology_aware+easy_predicted,topology_gpu_hours,10,225.6884436,158.4061119,292.9707753
sens-s6-est-x2,priority+topology_aware+easy_predicted,slack_gpu_hours,10,0.0001003555556,8.498764309e-05,0.0001157234681
sens-s6-est-x2,priority+topology_aware+easy_predicted,preemptions,10,0,0,0
sens-s6-est-x2,priority+topology_aware+easy_predicted,failure_kills,10,0,0,0
sens-s6-est-x2,priority+topology_aware+easy_predicted,node_downtime_gpu_hours,10,0,0,0
sens-s6-est-x2,priority+topology_aware+easy_predicted,jain_bsld,10,0.9721067601,0.9514164245,0.9927970957
sens-s6-est-x2,priority+topology_aware+easy_predicted,tenant_worst_best_ratio,10,1.510084122,1.238953289,1.781214955
sens-s6-est-x2,priority+topology_aware+easy_predicted,slo_attainment,10,0.8361923055,0.7575634557,0.9148211552
sens-s6-est-x2,priority+topology_aware+easy_predicted,makespan,10,266412.7391,206501.8073,326323.6709
sens-s6-est-x2,priority+topology_aware+easy_predicted,reservations,10,204.5,175.5493961,233.4506039
sens-s6-est-x2,priority+topology_aware+easy_predicted,broken_reservations,10,186.2,158.9729652,213.4270348
sens-s6-est-x2,priority+topology_aware+easy_predicted,tenant_t0_bsld_mean,10,3.636228088,1.925001005,5.34745517
sens-s6-est-x2,priority+topology_aware+easy_predicted,tenant_t0_bsld_p95,10,13.62418417,5.437533706,21.81083463
sens-s6-est-x2,priority+topology_aware+easy_predicted,tenant_t1_bsld_mean,10,3.522692974,1.975541661,5.069844287
sens-s6-est-x2,priority+topology_aware+easy_predicted,tenant_t1_bsld_p95,10,12.84588665,4.817693666,20.87407963
sens-s6-est-x2,priority+topology_aware+easy_predicted,tenant_t2_bsld_mean,10,3.557761137,1.996455616,5.119066658
sens-s6-est-x2,priority+topology_aware+easy_predicted,tenant_t2_bsld_p95,10,12.8533341,5.730270418,19.97639779
sens-s6-est-x2,priority+topology_aware+easy_predicted,tenant_t3_bsld_mean,10,3.991172725,2.34398251,5.638362941
sens-s6-est-x2,priority+topology_aware+easy_predicted,tenant_t3_bsld_p95,10,16.20017277,6.496082819,25.90426272
sens-s6-est-x2,priority+topology_aware+easy_predicted,prio_1_wait_p95,10,13127.7367,6453.103879,19802.36952
sens-s6-est-x2,priority+topology_aware+easy_predicted,prio_1_bsld_p95,10,16.28114931,7.485651919,25.07664671
sens-s6-est-x2,priority+topology_aware+easy_predicted,prio_8_wait_p95,10,6340.861,1357.128363,11324.59364
sens-s6-est-x2,priority+topology_aware+easy_predicted,prio_9_wait_p95,10,7301.7284,2257.129672,12346.32713
sens-s6-est-x2,priority+topology_aware+easy_predicted+preempt,J,10,0.7338584869,0.1488794925,1.318837481
sens-s6-est-x2,priority+topology_aware+easy_predicted+preempt,J_slowdown,10,0.09780811456,0.03228940688,0.1633268222
sens-s6-est-x2,priority+topology_aware+easy_predicted+preempt,J_wait,10,0.4876420321,-0.01255911707,0.9878431814
sens-s6-est-x2,priority+topology_aware+easy_predicted+preempt,J_waste,10,0.04678938875,0.03865314667,0.05492563083
sens-s6-est-x2,priority+topology_aware+easy_predicted+preempt,J_slo,10,0.06215045118,0.03401109509,0.09028980727
sens-s6-est-x2,priority+topology_aware+easy_predicted+preempt,J_fairness,10,0.03946850028,0.004419793368,0.0745172072
sens-s6-est-x2,priority+topology_aware+easy_predicted+preempt,wait_mean,10,1611.968843,314.2261777,2909.711509
sens-s6-est-x2,priority+topology_aware+easy_predicted+preempt,wait_p95,10,12666.6906,-326.2279287,25659.60913
sens-s6-est-x2,priority+topology_aware+easy_predicted+preempt,wait_p99,10,27299.189,8628.28476,45970.09324
sens-s6-est-x2,priority+topology_aware+easy_predicted+preempt,jct_mean,10,4445.676416,2846.791664,6044.561167
sens-s6-est-x2,priority+topology_aware+easy_predicted+preempt,jct_p95,10,20655.2288,8027.153477,33283.30412
sens-s6-est-x2,priority+topology_aware+easy_predicted+preempt,bsld_mean,10,3.323085695,1.896848784,4.749322606
sens-s6-est-x2,priority+topology_aware+easy_predicted+preempt,bsld_p95,10,11.26928682,3.720331275,18.81824237
sens-s6-est-x2,priority+topology_aware+easy_predicted+preempt,bsld_p99,10,44.82994364,19.38758,70.27230729
sens-s6-est-x2,priority+topology_aware+easy_predicted+preempt,wflow_mean,10,3.323085695,1.896848784,4.749322606
sens-s6-est-x2,priority+topology_aware+easy_predicted+preempt,wflow_sum_all,10,7432.560995,4221.90517,10643.21682
sens-s6-est-x2,priority+topology_aware+easy_predicted+preempt,large_wait_mean,10,6637.08931,1108.391966,12165.78665
sens-s6-est-x2,priority+topology_aware+easy_predicted+preempt,large_wait_p95,10,26816.5993,8263.579142,45369.61946
sens-s6-est-x2,priority+topology_aware+easy_predicted+preempt,utilization,10,0.8431917058,0.8017122241,0.8846711876
sens-s6-est-x2,priority+topology_aware+easy_predicted+preempt,frag_blocked_frac,10,0.2995559504,0.2405331729,0.358578728
sens-s6-est-x2,priority+topology_aware+easy_predicted+preempt,stranded_frac,10,0.1426646756,0.11815776,0.1671715911
sens-s6-est-x2,priority+topology_aware+easy_predicted+preempt,goodput_ratio,10,0.9532106113,0.9450743692,0.9613468533
sens-s6-est-x2,priority+topology_aware+easy_predicted+preempt,wasted_gpu_hours,10,268.5256318,193.1640987,343.8871649
sens-s6-est-x2,priority+topology_aware+easy_predicted+preempt,lost_gpu_hours,10,12.47340464,8.013378973,16.9334303
sens-s6-est-x2,priority+topology_aware+easy_predicted+preempt,overhead_gpu_hours,10,42.97163417,28.1020106,57.84125773
sens-s6-est-x2,priority+topology_aware+easy_predicted+preempt,topology_gpu_hours,10,213.0804918,149.3161133,276.8448704
sens-s6-est-x2,priority+topology_aware+easy_predicted+preempt,slack_gpu_hours,10,0.0001011636364,8.372513716e-05,0.0001186021356
sens-s6-est-x2,priority+topology_aware+easy_predicted+preempt,preemptions,10,316.7,224.5943914,408.8056086
sens-s6-est-x2,priority+topology_aware+easy_predicted+preempt,failure_kills,10,0,0,0
sens-s6-est-x2,priority+topology_aware+easy_predicted+preempt,node_downtime_gpu_hours,10,0,0,0
sens-s6-est-x2,priority+topology_aware+easy_predicted+preempt,jain_bsld,10,0.9605314997,0.9254827928,0.9955802066
sens-s6-est-x2,priority+topology_aware+easy_predicted+preempt,tenant_worst_best_ratio,10,1.613961099,1.241041089,1.986881108
sens-s6-est-x2,priority+topology_aware+easy_predicted+preempt,slo_attainment,10,0.9378495488,0.9097101927,0.9659889049
sens-s6-est-x2,priority+topology_aware+easy_predicted+preempt,makespan,10,266706.4118,206696.8236,326716
sens-s6-est-x2,priority+topology_aware+easy_predicted+preempt,reservations,10,145.6,122.6857387,168.5142613
sens-s6-est-x2,priority+topology_aware+easy_predicted+preempt,broken_reservations,10,132,110.3126353,153.6873647
sens-s6-est-x2,priority+topology_aware+easy_predicted+preempt,tenant_t0_bsld_mean,10,3.403896576,1.700741439,5.107051714
sens-s6-est-x2,priority+topology_aware+easy_predicted+preempt,tenant_t0_bsld_p95,10,10.3406641,3.451450756,17.22987744
sens-s6-est-x2,priority+topology_aware+easy_predicted+preempt,tenant_t1_bsld_mean,10,3.084112671,1.892574293,4.275651049
sens-s6-est-x2,priority+topology_aware+easy_predicted+preempt,tenant_t1_bsld_p95,10,10.59928451,4.091924115,17.1066449
sens-s6-est-x2,priority+topology_aware+easy_predicted+preempt,tenant_t2_bsld_mean,10,3.442668266,1.771557587,5.113778945
sens-s6-est-x2,priority+topology_aware+easy_predicted+preempt,tenant_t2_bsld_p95,10,13.57287445,2.082288179,25.06346072
sens-s6-est-x2,priority+topology_aware+easy_predicted+preempt,tenant_t3_bsld_mean,10,3.535567801,2.161616669,4.909518933
sens-s6-est-x2,priority+topology_aware+easy_predicted+preempt,tenant_t3_bsld_p95,10,12.35692782,5.12912277,19.58473287
sens-s6-est-x2,priority+topology_aware+easy_predicted+preempt,prio_1_wait_p95,10,22041.7653,4483.404705,39600.12589
sens-s6-est-x2,priority+topology_aware+easy_predicted+preempt,prio_1_bsld_p95,10,23.26129705,6.005513464,40.51708063
sens-s6-est-x2,priority+topology_aware+easy_predicted+preempt,prio_8_wait_p95,10,1369.5361,498.3283167,2240.743883
sens-s6-est-x2,priority+topology_aware+easy_predicted+preempt,prio_9_wait_p95,10,2878.0853,1699.706146,4056.464454
sens-s6-ovh-x0.5,fifo+first_fit+none,J,10,2.492913086,1.556081571,3.429744602
sens-s6-ovh-x0.5,fifo+first_fit+none,J_slowdown,10,0.8027966384,0.4140379642,1.191555313
sens-s6-ovh-x0.5,fifo+first_fit+none,J_wait,10,0.9122427211,0.5222951174,1.302190325
sens-s6-ovh-x0.5,fifo+first_fit+none,J_waste,10,0.04818299948,0.0420884215,0.05427757746
sens-s6-ovh-x0.5,fifo+first_fit+none,J_slo,10,0.6802925639,0.4524587098,0.9081264181
sens-s6-ovh-x0.5,fifo+first_fit+none,J_fairness,10,0.04939816329,0.01319495373,0.08560137286
sens-s6-ovh-x0.5,fifo+first_fit+none,wait_mean,10,12893.51895,5225.929943,20561.10795
sens-s6-ovh-x0.5,fifo+first_fit+none,wait_p95,10,23695.8579,13566.81791,33824.89789
sens-s6-ovh-x0.5,fifo+first_fit+none,wait_p99,10,25334.7093,14778.65196,35890.76664
sens-s6-ovh-x0.5,fifo+first_fit+none,jct_mean,10,15530.59761,7613.178505,23448.01672
sens-s6-ovh-x0.5,fifo+first_fit+none,jct_p95,10,27662.8834,17082.6636,38243.1032
sens-s6-ovh-x0.5,fifo+first_fit+none,bsld_mean,10,22.62898941,10.74779446,34.51018437
sens-s6-ovh-x0.5,fifo+first_fit+none,bsld_p95,10,92.49688147,47.70475942,137.2890035
sens-s6-ovh-x0.5,fifo+first_fit+none,bsld_p99,10,206.1163566,105.0378162,307.194897
sens-s6-ovh-x0.5,fifo+first_fit+none,wflow_mean,10,22.62898941,10.74779446,34.51018437
sens-s6-ovh-x0.5,fifo+first_fit+none,wflow_sum_all,10,52047.57058,25442.19932,78652.94184
sens-s6-ovh-x0.5,fifo+first_fit+none,large_wait_mean,10,13246.94406,5483.952104,21009.93602
sens-s6-ovh-x0.5,fifo+first_fit+none,large_wait_p95,10,24134.9163,13963.86797,34305.96463
sens-s6-ovh-x0.5,fifo+first_fit+none,utilization,10,0.7983855646,0.7735399729,0.8232311563
sens-s6-ovh-x0.5,fifo+first_fit+none,frag_blocked_frac,10,0.7364210862,0.6327196778,0.8401224947
sens-s6-ovh-x0.5,fifo+first_fit+none,stranded_frac,10,0.2189415853,0.1914986778,0.2463844929
sens-s6-ovh-x0.5,fifo+first_fit+none,goodput_ratio,10,0.9518170005,0.9457224225,0.9579115785
sens-s6-ovh-x0.5,fifo+first_fit+none,wasted_gpu_hours,10,274.7802344,207.0605877,342.4998812
sens-s6-ovh-x0.5,fifo+first_fit+none,lost_gpu_hours,10,0,0,0
sens-s6-ovh-x0.5,fifo+first_fit+none,overhead_gpu_hours,10,0,0,0
sens-s6-ovh-x0.5,fifo+first_fit+none,topology_gpu_hours,10,274.7801014,207.0604614,342.4997414
sens-s6-ovh-x0.5,fifo+first_fit+none,slack_gpu_hours,10,0.0001330545455,0.0001226198108,0.0001434892802
sens-s6-ovh-x0.5,fifo+first_fit+none,preemptions,10,0,0,0
sens-s6-ovh-x0.5,fifo+first_fit+none,failure_kills,10,0,0,0
sens-s6-ovh-x0.5,fifo+first_fit+none,node_downtime_gpu_hours,10,0,0,0
sens-s6-ovh-x0.5,fifo+first_fit+none,jain_bsld,10,0.9506018367,0.9143986271,0.9868050463
sens-s6-ovh-x0.5,fifo+first_fit+none,tenant_worst_best_ratio,10,1.796716235,1.42191248,2.171519989
sens-s6-ovh-x0.5,fifo+first_fit+none,slo_attainment,10,0.3197074361,0.09187358194,0.5475412902
sens-s6-ovh-x0.5,fifo+first_fit+none,makespan,10,283848.5245,220114.8163,347582.2327
sens-s6-ovh-x0.5,fifo+first_fit+none,reservations,10,0,0,0
sens-s6-ovh-x0.5,fifo+first_fit+none,broken_reservations,10,0,0,0
sens-s6-ovh-x0.5,fifo+first_fit+none,tenant_t0_bsld_mean,10,24.34503781,10.00529548,38.68478015
sens-s6-ovh-x0.5,fifo+first_fit+none,tenant_t0_bsld_p95,10,104.5142288,42.37678855,166.6516691
sens-s6-ovh-x0.5,fifo+first_fit+none,tenant_t1_bsld_mean,10,21.04313795,9.729624374,32.35665153
sens-s6-ovh-x0.5,fifo+first_fit+none,tenant_t1_bsld_p95,10,76.79724443,38.92580953,114.6686793
sens-s6-ovh-x0.5,fifo+first_fit+none,tenant_t2_bsld_mean,10,21.45373476,10.42082416,32.48664536
sens-s6-ovh-x0.5,fifo+first_fit+none,tenant_t2_bsld_p95,10,83.08138472,42.07198158,124.0907879
sens-s6-ovh-x0.5,fifo+first_fit+none,tenant_t3_bsld_mean,10,23.67300979,11.61184871,35.73417087
sens-s6-ovh-x0.5,fifo+first_fit+none,tenant_t3_bsld_p95,10,97.45081651,49.33235375,145.5692793
sens-s6-ovh-x0.5,fifo+first_fit+none,prio_1_wait_p95,10,24015.8674,13704.95887,34326.77593
sens-s6-ovh-x0.5,fifo+first_fit+none,prio_1_bsld_p95,10,90.61997011,45.97822412,135.2617161
sens-s6-ovh-x0.5,fifo+first_fit+none,prio_8_wait_p95,10,23674.2158,13173.37788,34175.05372
sens-s6-ovh-x0.5,fifo+first_fit+none,prio_9_wait_p95,10,21078.5567,11048.78568,31108.32772
sens-s6-ovh-x0.5,fifo+topology_aware+easy_predicted,J,10,0.7462133515,0.3546367672,1.137789936
sens-s6-ovh-x0.5,fifo+topology_aware+easy_predicted,J_slowdown,10,0.1099407952,0.04637393312,0.1735076572
sens-s6-ovh-x0.5,fifo+topology_aware+easy_predicted,J_wait,10,0.3714383053,0.1190207743,0.6238558362
sens-s6-ovh-x0.5,fifo+topology_aware+easy_predicted,J_waste,10,0.03749262421,0.02965093824,0.04533431018
sens-s6-ovh-x0.5,fifo+topology_aware+easy_predicted,J_slo,10,0.2003745548,0.1066712433,0.2940778662
sens-s6-ovh-x0.5,fifo+topology_aware+easy_predicted,J_fairness,10,0.02696707206,0.003848368791,0.05008577533
sens-s6-ovh-x0.5,fifo+topology_aware+easy_predicted,wait_mean,10,1779.682401,302.1863986,3257.178403
sens-s6-ovh-x0.5,fifo+topology_aware+easy_predicted,wait_p95,10,9648.2538,3091.610696,16204.8969
sens-s6-ovh-x0.5,fifo+topology_aware+easy_predicted,wait_p99,10,14213.9608,5682.107839,22745.81376
sens-s6-ovh-x0.5,fifo+topology_aware+easy_predicted,jct_mean,10,4407.663884,2729.700118,6085.627651
sens-s6-ovh-x0.5,fifo+topology_aware+easy_predicted,jct_p95,10,15085.6599,8699.403916,21471.91588
sens-s6-ovh-x0.5,fifo+topology_aware+easy_predicted,bsld_mean,10,3.446911124,1.653351652,5.240470596
sens-s6-ovh-x0.5,fifo+topology_aware+easy_predicted,bsld_p95,10,12.66719392,5.343126752,19.99126109
sens-s6-ovh-x0.5,fifo+topology_aware+easy_predicted,bsld_p99,10,36.98715776,16.05988972,57.91442579
sens-s6-ovh-x0.5,fifo+topology_aware+easy_predicted,wflow_mean,10,3.446911124,1.653351652,5.240470596
sens-s6-ovh-x0.5,fifo+topology_aware+easy_predicted,wflow_sum_all,10,7752.16096,3834.668582,11669.65334
sens-s6-ovh-x0.5,fifo+topology_aware+easy_predicted,large_wait_mean,10,5474.194446,1393.07625,9555.312643
sens-s6-ovh-x0.5,fifo+topology_aware+easy_predicted,large_wait_p95,10,14009.6912,5454.696086,22564.68631
sens-s6-ovh-x0.5,fifo+topology_aware+easy_predicted,utilization,10,0.8426119846,0.7953618277,0.8898621414
sens-s6-ovh-x0.5,fifo+topology_aware+easy_predicted,frag_blocked_frac,10,0.2513619282,0.1915757782,0.3111480782
sens-s6-ovh-x0.5,fifo+topology_aware+easy_predicted,stranded_frac,10,0.1254299843,0.09946218969,0.1513977788
sens-s6-ovh-x0.5,fifo+topology_aware+easy_predicted,goodput_ratio,10,0.9625073758,0.9546656898,0.9703490618
sens-s6-ovh-x0.5,fifo+topology_aware+easy_predicted,wasted_gpu_hours,10,213.5164147,142.8114198,284.2214095
sens-s6-ovh-x0.5,fifo+topology_aware+easy_predicted,lost_gpu_hours,10,0,0,0
sens-s6-ovh-x0.5,fifo+topology_aware+easy_predicted,overhead_gpu_hours,10,0,0,0
sens-s6-ovh-x0.5,fifo+topology_aware+easy_predicted,topology_gpu_hours,10,213.516316,142.8113299,284.2213021
sens-s6-ovh-x0.5,fifo+topology_aware+easy_predicted,slack_gpu_hours,10,9.869494953e-05,8.533384408e-05,0.000112056055
sens-s6-ovh-x0.5,fifo+topology_aware+easy_predicted,preemptions,10,0,0,0
sens-s6-ovh-x0.5,fifo+topology_aware+easy_predicted,failure_kills,10,0,0,0
sens-s6-ovh-x0.5,fifo+topology_aware+easy_predicted,node_downtime_gpu_hours,10,0,0,0
sens-s6-ovh-x0.5,fifo+topology_aware+easy_predicted,jain_bsld,10,0.9730329279,0.9499142247,0.9961516312
sens-s6-ovh-x0.5,fifo+topology_aware+easy_predicted,tenant_worst_best_ratio,10,1.487285239,1.21065115,1.763919329
sens-s6-ovh-x0.5,fifo+topology_aware+easy_predicted,slo_attainment,10,0.7996254452,0.7059221338,0.8933287567
sens-s6-ovh-x0.5,fifo+topology_aware+easy_predicted,makespan,10,265544.3417,205268.6592,325820.0242
sens-s6-ovh-x0.5,fifo+topology_aware+easy_predicted,reservations,10,194.8,166.7764264,222.8235736
sens-s6-ovh-x0.5,fifo+topology_aware+easy_predicted,broken_reservations,10,167,143.327078,190.672922
sens-s6-ovh-x0.5,fifo+topology_aware+easy_predicted,tenant_t0_bsld_mean,10,3.555125193,1.527740405,5.58250998
sens-s6-ovh-x0.5,fifo+topology_aware+easy_predicted,tenant_t0_bsld_p95,10,14.12286927,4.594694131,23.65104441
sens-s6-ovh-x0.5,fifo+topology_aware+easy_predicted,tenant_t1_bsld_mean,10,3.219960886,1.527004469,4.912917302
sens-s6-ovh-x0.5,fifo+topology_aware+easy_predicted,tenant_t1_bsld_p95,10,11.96980256,4.743223633,19.19638148
sens-s6-ovh-x0.5,fifo+topology_aware+easy_predicted,tenant_t2_bsld_mean,10,3.387222292,1.702359464,5.07208512
sens-s6-ovh-x0.5,fifo+topology_aware+easy_predicted,tenant_t2_bsld_p95,10,12.47135062,5.524953143,19.41774811
sens-s6-ovh-x0.5,fifo+topology_aware+easy_predicted,tenant_t3_bsld_mean,10,3.891828483,1.974815223,5.808841743
sens-s6-ovh-x0.5,fifo+topology_aware+easy_predicted,tenant_t3_bsld_p95,10,13.96203746,5.586155652,22.33791927
sens-s6-ovh-x0.5,fifo+topology_aware+easy_predicted,prio_1_wait_p95,10,8601.0443,3271.929696,13930.1589
sens-s6-ovh-x0.5,fifo+topology_aware+easy_predicted,prio_1_bsld_p95,10,11.81494824,4.281673517,19.34822297
sens-s6-ovh-x0.5,fifo+topology_aware+easy_predicted,prio_8_wait_p95,10,10077.9915,2690.666026,17465.31697
sens-s6-ovh-x0.5,fifo+topology_aware+easy_predicted,prio_9_wait_p95,10,10630.4707,3218.685908,18042.25549
sens-s6-ovh-x0.5,priority+topology_aware+easy_predicted,J,10,0.69682936,0.3226316842,1.071027036
sens-s6-ovh-x0.5,priority+topology_aware+easy_predicted,J_slowdown,10,0.1045869986,0.03991813721,0.1692558601
sens-s6-ovh-x0.5,priority+topology_aware+easy_predicted,J_wait,10,0.3882360375,0.1537920429,0.6226800321
sens-s6-ovh-x0.5,priority+topology_aware+easy_predicted,J_waste,10,0.03493523159,0.02870955375,0.04116090944
sens-s6-ovh-x0.5,priority+topology_aware+easy_predicted,J_slo,10,0.1513361883,0.06833101232,0.2343413642
sens-s6-ovh-x0.5,priority+topology_aware+easy_predicted,J_fairness,10,0.017734904,0.003380311117,0.03208949688
sens-s6-ovh-x0.5,priority+topology_aware+easy_predicted,wait_mean,10,1656.172421,412.5951099,2899.749733
sens-s6-ovh-x0.5,priority+topology_aware+easy_predicted,wait_p95,10,10084.5814,3994.807863,16174.35494
sens-s6-ovh-x0.5,priority+topology_aware+easy_predicted,wait_p99,10,16496.1577,8210.390267,24781.92513
sens-s6-ovh-x0.5,priority+topology_aware+easy_predicted,jct_mean,10,4282.50189,2809.888165,5755.115615
sens-s6-ovh-x0.5,priority+topology_aware+easy_predicted,jct_p95,10,15829.512,9679.948843,21979.07516
sens-s6-ovh-x0.5,priority+topology_aware+easy_predicted,bsld_mean,10,3.208057091,1.781907181,4.634207
sens-s6-ovh-x0.5,priority+topology_aware+easy_predicted,bsld_p95,10,12.05033847,4.599300781,19.50137616
sens-s6-ovh-x0.5,priority+topology_aware+easy_predicted,bsld_p99,10,37.11602364,18.03337557,56.19867171
sens-s6-ovh-x0.5,priority+topology_aware+easy_predicted,wflow_mean,10,3.208057091,1.781907181,4.634207
sens-s6-ovh-x0.5,priority+topology_aware+easy_predicted,wflow_sum_all,10,7224.003293,4009.292883,10438.7137
sens-s6-ovh-x0.5,priority+topology_aware+easy_predicted,large_wait_mean,10,5692.065297,1758.051986,9626.078607
sens-s6-ovh-x0.5,priority+topology_aware+easy_predicted,large_wait_p95,10,16270.6271,7958.525335,24582.72887
sens-s6-ovh-x0.5,priority+topology_aware+easy_predicted,utilization,10,0.8426657086,0.7944090925,0.8909223247
sens-s6-ovh-x0.5,priority+topology_aware+easy_predicted,frag_blocked_frac,10,0.2709883141,0.2160216173,0.3259550109
sens-s6-ovh-x0.5,priority+topology_aware+easy_predicted,stranded_frac,10,0.1382665402,0.1121502035,0.164382877
sens-s6-ovh-x0.5,priority+topology_aware+easy_predicted,goodput_ratio,10,0.9650647684,0.9588390906,0.9712904462
sens-s6-ovh-x0.5,priority+topology_aware+easy_predicted,wasted_gpu_hours,10,195.0973907,148.2640399,241.9307414
sens-s6-ovh-x0.5,priority+topology_aware+easy_predicted,lost_gpu_hours,10,0,0,0
sens-s6-ovh-x0.5,priority+topology_aware+easy_predicted,overhead_gpu_hours,10,0,0,0
sens-s6-ovh-x0.5,priority+topology_aware+easy_predicted,topology_gpu_hours,10,195.0972951,148.2639515,241.9306387
sens-s6-ovh-x0.5,priority+topology_aware+easy_predicted,slack_gpu_hours,10,9.554747478e-05,8.21800506e-05,0.000108914899
sens-s6-ovh-x0.5,priority+topology_aware+easy_predicted,preemptions,10,0,0,0
sens-s6-ovh-x0.5,priority+topology_aware+easy_predicted,failure_kills,10,0,0,0
sens-s6-ovh-x0.5,priority+topology_aware+easy_predicted,node_downtime_gpu_hours,10,0,0,0
sens-s6-ovh-x0.5,priority+topology_aware+easy_predicted,jain_bsld,10,0.982265096,0.9679105031,0.9966196889
sens-s6-ovh-x0.5,priority+topology_aware+easy_predicted,tenant_worst_best_ratio,10,1.380341782,1.17079239,1.589891175
sens-s6-ovh-x0.5,priority+topology_aware+easy_predicted,slo_attainment,10,0.8486638117,0.7656586358,0.9316689877
sens-s6-ovh-x0.5,priority+topology_aware+easy_predicted,makespan,10,265507.4163,205743.7612,325271.0714
sens-s6-ovh-x0.5,priority+topology_aware+easy_predicted,reservations,10,208.4,177.7123838,239.0876162
sens-s6-ovh-x0.5,priority+topology_aware+easy_predicted,broken_reservations,10,179,150.2430083,207.7569917
sens-s6-ovh-x0.5,priority+topology_aware+easy_predicted,tenant_t0_bsld_mean,10,3.167546531,1.754441426,4.580651635
sens-s6-ovh-x0.5,priority+topology_aware+easy_predicted,tenant_t0_bsld_p95,10,11.39229041,4.507781578,18.27679925
sens-s6-ovh-x0.5,priority+topology_aware+easy_predicted,tenant_t1_bsld_mean,10,3.211394253,1.676897524,4.745890982
sens-s6-ovh-x0.5,priority+topology_aware+easy_predicted,tenant_t1_bsld_p95,10,11.94392815,3.888790511,19.99906578
sens-s6-ovh-x0.5,priority+topology_aware+easy_predicted,tenant_t2_bsld_mean,10,3.159050583,1.727909112,4.590192054
sens-s6-ovh-x0.5,priority+topology_aware+easy_predicted,tenant_t2_bsld_p95,10,11.93792174,4.819822281,19.05602119
sens-s6-ovh-x0.5,priority+topology_aware+easy_predicted,tenant_t3_bsld_mean,10,3.504733702,1.997414355,5.012053049
sens-s6-ovh-x0.5,priority+topology_aware+easy_predicted,tenant_t3_bsld_p95,10,13.93104812,6.224428435,21.63766781
sens-s6-ovh-x0.5,priority+topology_aware+easy_predicted,prio_1_wait_p95,10,12808.5911,5585.49212,20031.69008
sens-s6-ovh-x0.5,priority+topology_aware+easy_predicted,prio_1_bsld_p95,10,14.48707143,6.615842121,22.35830073
sens-s6-ovh-x0.5,priority+topology_aware+easy_predicted,prio_8_wait_p95,10,6827.2996,876.1409697,12778.45823
sens-s6-ovh-x0.5,priority+topology_aware+easy_predicted,prio_9_wait_p95,10,7177.4026,1748.490778,12606.31442
sens-s6-ovh-x0.5,priority+topology_aware+easy_predicted+preempt,J,10,0.5468125257,0.1556351523,0.9379898992
sens-s6-ovh-x0.5,priority+topology_aware+easy_predicted+preempt,J_slowdown,10,0.0753203256,0.02909888024,0.121541771
sens-s6-ovh-x0.5,priority+topology_aware+easy_predicted+preempt,J_wait,10,0.3407447031,0.016288016,0.6652013902
sens-s6-ovh-x0.5,priority+topology_aware+easy_predicted+preempt,J_waste,10,0.04382708483,0.03820410033,0.04945006933
sens-s6-ovh-x0.5,priority+topology_aware+easy_predicted+preempt,J_slo,10,0.05341935144,0.02569217155,0.08114653133
sens-s6-ovh-x0.5,priority+topology_aware+easy_predicted+preempt,J_fairness,10,0.03350106074,0.003662392086,0.06333972938
sens-s6-ovh-x0.5,priority+topology_aware+easy_predicted+preempt,wait_mean,10,1275.655494,305.3997988,2245.911189
sens-s6-ovh-x0.5,priority+topology_aware+easy_predicted+preempt,wait_p95,10,8850.9756,423.0875223,17278.86368
sens-s6-ovh-x0.5,priority+topology_aware+easy_predicted+preempt,wait_p99,10,23626.6881,6695.221796,40558.1544
sens-s6-ovh-x0.5,priority+topology_aware+easy_predicted+preempt,jct_mean,10,4097.500782,2796.658266,5398.343297
sens-s6-ovh-x0.5,priority+topology_aware+easy_predicted+preempt,jct_p95,10,16920.1281,8695.774978,25144.48122
sens-s6-ovh-x0.5,priority+topology_aware+easy_predicted+preempt,bsld_mean,10,2.709580843,1.741480234,3.677681451
sens-s6-ovh-x0.5,priority+topology_aware+easy_predicted+preempt,bsld_p95,10,8.678281517,3.352724149,14.00383888
sens-s6-ovh-x0.5,priority+topology_aware+easy_predicted+preempt,bsld_p99,10,34.44692339,16.91133257,51.98251422
sens-s6-ovh-x0.5,priority+topology_aware+easy_predicted+preempt,wflow_mean,10,2.709580843,1.741480234,3.677681451
sens-s6-ovh-x0.5,priority+topology_aware+easy_predicted+preempt,wflow_sum_all,10,6132.149101,3807.64332,8456.654883
sens-s6-ovh-x0.5,priority+topology_aware+easy_predicted+preempt,large_wait_mean,10,5291.410576,1079.313984,9503.507167
sens-s6-ovh-x0.5,priority+topology_aware+easy_predicted+preempt,large_wait_p95,10,23086.7368,6462.032934,39711.44067
sens-s6-ovh-x0.5,priority+topology_aware+easy_predicted+preempt,utilization,10,0.8450818897,0.8021199934,0.8880437859
sens-s6-ovh-x0.5,priority+topology_aware+easy_predicted+preempt,frag_blocked_frac,10,0.2903005513,0.2438036617,0.3367974409
sens-s6-ovh-x0.5,priority+topology_aware+easy_predicted+preempt,stranded_frac,10,0.1448772129,0.1187326892,0.1710217367
sens-s6-ovh-x0.5,priority+topology_aware+easy_predicted+preempt,goodput_ratio,10,0.9561729152,0.9505499307,0.9617958997
sens-s6-ovh-x0.5,priority+topology_aware+easy_predicted+preempt,wasted_gpu_hours,10,250.4686368,183.5199391,317.4173344
sens-s6-ovh-x0.5,priority+topology_aware+easy_predicted+preempt,lost_gpu_hours,10,8.815299254,4.4451873,13.18541121
sens-s6-ovh-x0.5,priority+topology_aware+easy_predicted+preempt,overhead_gpu_hours,10,23.60094369,15.65776311,31.54412428
sens-s6-ovh-x0.5,priority+topology_aware+easy_predicted+preempt,topology_gpu_hours,10,218.0522934,159.1853867,276.9192002
sens-s6-ovh-x0.5,priority+topology_aware+easy_predicted+preempt,slack_gpu_hours,10,0.0001003636364,8.511645355e-05,0.0001156108193
sens-s6-ovh-x0.5,priority+topology_aware+easy_predicted+preempt,preemptions,10,328.4,241.8696054,414.9303946
sens-s6-ovh-x0.5,priority+topology_aware+easy_predicted+preempt,failure_kills,10,0,0,0
sens-s6-ovh-x0.5,priority+topology_aware+easy_predicted+preempt,node_downtime_gpu_hours,10,0,0,0
sens-s6-ovh-x0.5,priority+topology_aware+easy_predicted+preempt,jain_bsld,10,0.9664989393,0.9366602706,0.9963376079
sens-s6-ovh-x0.5,priority+topology_aware+easy_predicted+preempt,tenant_worst_best_ratio,10,1.525181026,1.263035699,1.787326353
sens-s6-ovh-x0.5,priority+topology_aware+easy_predicted+preempt,slo_attainment,10,0.9465806486,0.9188534687,0.9743078284
sens-s6-ovh-x0.5,priority+topology_aware+easy_predicted+preempt,makespan,10,266185.7154,206227.1806,326144.2502
sens-s6-ovh-x0.5,priority+topology_aware+easy_predicted+preempt,reservations,10,155.8,122.2132505,189.3867495
sens-s6-ovh-x0.5,priority+topology_aware+easy_predicted+preempt,broken_reservations,10,129.4,101.7967385,157.0032615
sens-s6-ovh-x0.5,priority+topology_aware+easy_predicted+preempt,tenant_t0_bsld_mean,10,2.694343843,1.591554542,3.797133143
sens-s6-ovh-x0.5,priority+topology_aware+easy_predicted+preempt,tenant_t0_bsld_p95,10,7.944246189,3.115950081,12.7725423
sens-s6-ovh-x0.5,priority+topology_aware+easy_predicted+preempt,tenant_t1_bsld_mean,10,2.637697756,1.747592615,3.527802897
sens-s6-ovh-x0.5,priority+topology_aware+easy_predicted+preempt,tenant_t1_bsld_p95,10,8.739049097,3.342383411,14.13571478
sens-s6-ovh-x0.5,priority+topology_aware+easy_predicted+preempt,tenant_t2_bsld_mean,10,2.699211712,1.488822353,3.909601072
sens-s6-ovh-x0.5,priority+topology_aware+easy_predicted+preempt,tenant_t2_bsld_p95,10,10.04164898,2.737487718,17.34581024
sens-s6-ovh-x0.5,priority+topology_aware+easy_predicted+preempt,tenant_t3_bsld_mean,10,3.027925145,2.069998831,3.985851459
sens-s6-ovh-x0.5,priority+topology_aware+easy_predicted+preempt,tenant_t3_bsld_p95,10,10.07208719,5.126163188,15.01801119
sens-s6-ovh-x0.5,priority+topology_aware+easy_predicted+preempt,prio_1_wait_p95,10,16147.9154,3308.424841,28987.40596
sens-s6-ovh-x0.5,priority+topology_aware+easy_predicted+preempt,prio_1_bsld_p95,10,15.733686,6.189862562,25.27750943
sens-s6-ovh-x0.5,priority+topology_aware+easy_predicted+preempt,prio_8_wait_p95,10,1370.8161,695.4829885,2046.149211
sens-s6-ovh-x0.5,priority+topology_aware+easy_predicted+preempt,prio_9_wait_p95,10,2522.3753,1035.593959,4009.156641
sens-s6-ovh-x2,fifo+first_fit+none,J,10,2.492913086,1.556081571,3.429744602
sens-s6-ovh-x2,fifo+first_fit+none,J_slowdown,10,0.8027966384,0.4140379642,1.191555313
sens-s6-ovh-x2,fifo+first_fit+none,J_wait,10,0.9122427211,0.5222951174,1.302190325
sens-s6-ovh-x2,fifo+first_fit+none,J_waste,10,0.04818299948,0.0420884215,0.05427757746
sens-s6-ovh-x2,fifo+first_fit+none,J_slo,10,0.6802925639,0.4524587098,0.9081264181
sens-s6-ovh-x2,fifo+first_fit+none,J_fairness,10,0.04939816329,0.01319495373,0.08560137286
sens-s6-ovh-x2,fifo+first_fit+none,wait_mean,10,12893.51895,5225.929943,20561.10795
sens-s6-ovh-x2,fifo+first_fit+none,wait_p95,10,23695.8579,13566.81791,33824.89789
sens-s6-ovh-x2,fifo+first_fit+none,wait_p99,10,25334.7093,14778.65196,35890.76664
sens-s6-ovh-x2,fifo+first_fit+none,jct_mean,10,15530.59761,7613.178505,23448.01672
sens-s6-ovh-x2,fifo+first_fit+none,jct_p95,10,27662.8834,17082.6636,38243.1032
sens-s6-ovh-x2,fifo+first_fit+none,bsld_mean,10,22.62898941,10.74779446,34.51018437
sens-s6-ovh-x2,fifo+first_fit+none,bsld_p95,10,92.49688147,47.70475942,137.2890035
sens-s6-ovh-x2,fifo+first_fit+none,bsld_p99,10,206.1163566,105.0378162,307.194897
sens-s6-ovh-x2,fifo+first_fit+none,wflow_mean,10,22.62898941,10.74779446,34.51018437
sens-s6-ovh-x2,fifo+first_fit+none,wflow_sum_all,10,52047.57058,25442.19932,78652.94184
sens-s6-ovh-x2,fifo+first_fit+none,large_wait_mean,10,13246.94406,5483.952104,21009.93602
sens-s6-ovh-x2,fifo+first_fit+none,large_wait_p95,10,24134.9163,13963.86797,34305.96463
sens-s6-ovh-x2,fifo+first_fit+none,utilization,10,0.7983855646,0.7735399729,0.8232311563
sens-s6-ovh-x2,fifo+first_fit+none,frag_blocked_frac,10,0.7364210862,0.6327196778,0.8401224947
sens-s6-ovh-x2,fifo+first_fit+none,stranded_frac,10,0.2189415853,0.1914986778,0.2463844929
sens-s6-ovh-x2,fifo+first_fit+none,goodput_ratio,10,0.9518170005,0.9457224225,0.9579115785
sens-s6-ovh-x2,fifo+first_fit+none,wasted_gpu_hours,10,274.7802344,207.0605877,342.4998812
sens-s6-ovh-x2,fifo+first_fit+none,lost_gpu_hours,10,0,0,0
sens-s6-ovh-x2,fifo+first_fit+none,overhead_gpu_hours,10,0,0,0
sens-s6-ovh-x2,fifo+first_fit+none,topology_gpu_hours,10,274.7801014,207.0604614,342.4997414
sens-s6-ovh-x2,fifo+first_fit+none,slack_gpu_hours,10,0.0001330545455,0.0001226198108,0.0001434892802
sens-s6-ovh-x2,fifo+first_fit+none,preemptions,10,0,0,0
sens-s6-ovh-x2,fifo+first_fit+none,failure_kills,10,0,0,0
sens-s6-ovh-x2,fifo+first_fit+none,node_downtime_gpu_hours,10,0,0,0
sens-s6-ovh-x2,fifo+first_fit+none,jain_bsld,10,0.9506018367,0.9143986271,0.9868050463
sens-s6-ovh-x2,fifo+first_fit+none,tenant_worst_best_ratio,10,1.796716235,1.42191248,2.171519989
sens-s6-ovh-x2,fifo+first_fit+none,slo_attainment,10,0.3197074361,0.09187358194,0.5475412902
sens-s6-ovh-x2,fifo+first_fit+none,makespan,10,283848.5245,220114.8163,347582.2327
sens-s6-ovh-x2,fifo+first_fit+none,reservations,10,0,0,0
sens-s6-ovh-x2,fifo+first_fit+none,broken_reservations,10,0,0,0
sens-s6-ovh-x2,fifo+first_fit+none,tenant_t0_bsld_mean,10,24.34503781,10.00529548,38.68478015
sens-s6-ovh-x2,fifo+first_fit+none,tenant_t0_bsld_p95,10,104.5142288,42.37678855,166.6516691
sens-s6-ovh-x2,fifo+first_fit+none,tenant_t1_bsld_mean,10,21.04313795,9.729624374,32.35665153
sens-s6-ovh-x2,fifo+first_fit+none,tenant_t1_bsld_p95,10,76.79724443,38.92580953,114.6686793
sens-s6-ovh-x2,fifo+first_fit+none,tenant_t2_bsld_mean,10,21.45373476,10.42082416,32.48664536
sens-s6-ovh-x2,fifo+first_fit+none,tenant_t2_bsld_p95,10,83.08138472,42.07198158,124.0907879
sens-s6-ovh-x2,fifo+first_fit+none,tenant_t3_bsld_mean,10,23.67300979,11.61184871,35.73417087
sens-s6-ovh-x2,fifo+first_fit+none,tenant_t3_bsld_p95,10,97.45081651,49.33235375,145.5692793
sens-s6-ovh-x2,fifo+first_fit+none,prio_1_wait_p95,10,24015.8674,13704.95887,34326.77593
sens-s6-ovh-x2,fifo+first_fit+none,prio_1_bsld_p95,10,90.61997011,45.97822412,135.2617161
sens-s6-ovh-x2,fifo+first_fit+none,prio_8_wait_p95,10,23674.2158,13173.37788,34175.05372
sens-s6-ovh-x2,fifo+first_fit+none,prio_9_wait_p95,10,21078.5567,11048.78568,31108.32772
sens-s6-ovh-x2,fifo+topology_aware+easy_predicted,J,10,0.7462133515,0.3546367672,1.137789936
sens-s6-ovh-x2,fifo+topology_aware+easy_predicted,J_slowdown,10,0.1099407952,0.04637393312,0.1735076572
sens-s6-ovh-x2,fifo+topology_aware+easy_predicted,J_wait,10,0.3714383053,0.1190207743,0.6238558362
sens-s6-ovh-x2,fifo+topology_aware+easy_predicted,J_waste,10,0.03749262421,0.02965093824,0.04533431018
sens-s6-ovh-x2,fifo+topology_aware+easy_predicted,J_slo,10,0.2003745548,0.1066712433,0.2940778662
sens-s6-ovh-x2,fifo+topology_aware+easy_predicted,J_fairness,10,0.02696707206,0.003848368791,0.05008577533
sens-s6-ovh-x2,fifo+topology_aware+easy_predicted,wait_mean,10,1779.682401,302.1863986,3257.178403
sens-s6-ovh-x2,fifo+topology_aware+easy_predicted,wait_p95,10,9648.2538,3091.610696,16204.8969
sens-s6-ovh-x2,fifo+topology_aware+easy_predicted,wait_p99,10,14213.9608,5682.107839,22745.81376
sens-s6-ovh-x2,fifo+topology_aware+easy_predicted,jct_mean,10,4407.663884,2729.700118,6085.627651
sens-s6-ovh-x2,fifo+topology_aware+easy_predicted,jct_p95,10,15085.6599,8699.403916,21471.91588
sens-s6-ovh-x2,fifo+topology_aware+easy_predicted,bsld_mean,10,3.446911124,1.653351652,5.240470596
sens-s6-ovh-x2,fifo+topology_aware+easy_predicted,bsld_p95,10,12.66719392,5.343126752,19.99126109
sens-s6-ovh-x2,fifo+topology_aware+easy_predicted,bsld_p99,10,36.98715776,16.05988972,57.91442579
sens-s6-ovh-x2,fifo+topology_aware+easy_predicted,wflow_mean,10,3.446911124,1.653351652,5.240470596
sens-s6-ovh-x2,fifo+topology_aware+easy_predicted,wflow_sum_all,10,7752.16096,3834.668582,11669.65334
sens-s6-ovh-x2,fifo+topology_aware+easy_predicted,large_wait_mean,10,5474.194446,1393.07625,9555.312643
sens-s6-ovh-x2,fifo+topology_aware+easy_predicted,large_wait_p95,10,14009.6912,5454.696086,22564.68631
sens-s6-ovh-x2,fifo+topology_aware+easy_predicted,utilization,10,0.8426119846,0.7953618277,0.8898621414
sens-s6-ovh-x2,fifo+topology_aware+easy_predicted,frag_blocked_frac,10,0.2513619282,0.1915757782,0.3111480782
sens-s6-ovh-x2,fifo+topology_aware+easy_predicted,stranded_frac,10,0.1254299843,0.09946218969,0.1513977788
sens-s6-ovh-x2,fifo+topology_aware+easy_predicted,goodput_ratio,10,0.9625073758,0.9546656898,0.9703490618
sens-s6-ovh-x2,fifo+topology_aware+easy_predicted,wasted_gpu_hours,10,213.5164147,142.8114198,284.2214095
sens-s6-ovh-x2,fifo+topology_aware+easy_predicted,lost_gpu_hours,10,0,0,0
sens-s6-ovh-x2,fifo+topology_aware+easy_predicted,overhead_gpu_hours,10,0,0,0
sens-s6-ovh-x2,fifo+topology_aware+easy_predicted,topology_gpu_hours,10,213.516316,142.8113299,284.2213021
sens-s6-ovh-x2,fifo+topology_aware+easy_predicted,slack_gpu_hours,10,9.869494953e-05,8.533384408e-05,0.000112056055
sens-s6-ovh-x2,fifo+topology_aware+easy_predicted,preemptions,10,0,0,0
sens-s6-ovh-x2,fifo+topology_aware+easy_predicted,failure_kills,10,0,0,0
sens-s6-ovh-x2,fifo+topology_aware+easy_predicted,node_downtime_gpu_hours,10,0,0,0
sens-s6-ovh-x2,fifo+topology_aware+easy_predicted,jain_bsld,10,0.9730329279,0.9499142247,0.9961516312
sens-s6-ovh-x2,fifo+topology_aware+easy_predicted,tenant_worst_best_ratio,10,1.487285239,1.21065115,1.763919329
sens-s6-ovh-x2,fifo+topology_aware+easy_predicted,slo_attainment,10,0.7996254452,0.7059221338,0.8933287567
sens-s6-ovh-x2,fifo+topology_aware+easy_predicted,makespan,10,265544.3417,205268.6592,325820.0242
sens-s6-ovh-x2,fifo+topology_aware+easy_predicted,reservations,10,194.8,166.7764264,222.8235736
sens-s6-ovh-x2,fifo+topology_aware+easy_predicted,broken_reservations,10,167,143.327078,190.672922
sens-s6-ovh-x2,fifo+topology_aware+easy_predicted,tenant_t0_bsld_mean,10,3.555125193,1.527740405,5.58250998
sens-s6-ovh-x2,fifo+topology_aware+easy_predicted,tenant_t0_bsld_p95,10,14.12286927,4.594694131,23.65104441
sens-s6-ovh-x2,fifo+topology_aware+easy_predicted,tenant_t1_bsld_mean,10,3.219960886,1.527004469,4.912917302
sens-s6-ovh-x2,fifo+topology_aware+easy_predicted,tenant_t1_bsld_p95,10,11.96980256,4.743223633,19.19638148
sens-s6-ovh-x2,fifo+topology_aware+easy_predicted,tenant_t2_bsld_mean,10,3.387222292,1.702359464,5.07208512
sens-s6-ovh-x2,fifo+topology_aware+easy_predicted,tenant_t2_bsld_p95,10,12.47135062,5.524953143,19.41774811
sens-s6-ovh-x2,fifo+topology_aware+easy_predicted,tenant_t3_bsld_mean,10,3.891828483,1.974815223,5.808841743
sens-s6-ovh-x2,fifo+topology_aware+easy_predicted,tenant_t3_bsld_p95,10,13.96203746,5.586155652,22.33791927
sens-s6-ovh-x2,fifo+topology_aware+easy_predicted,prio_1_wait_p95,10,8601.0443,3271.929696,13930.1589
sens-s6-ovh-x2,fifo+topology_aware+easy_predicted,prio_1_bsld_p95,10,11.81494824,4.281673517,19.34822297
sens-s6-ovh-x2,fifo+topology_aware+easy_predicted,prio_8_wait_p95,10,10077.9915,2690.666026,17465.31697
sens-s6-ovh-x2,fifo+topology_aware+easy_predicted,prio_9_wait_p95,10,10630.4707,3218.685908,18042.25549
sens-s6-ovh-x2,priority+topology_aware+easy_predicted,J,10,0.69682936,0.3226316842,1.071027036
sens-s6-ovh-x2,priority+topology_aware+easy_predicted,J_slowdown,10,0.1045869986,0.03991813721,0.1692558601
sens-s6-ovh-x2,priority+topology_aware+easy_predicted,J_wait,10,0.3882360375,0.1537920429,0.6226800321
sens-s6-ovh-x2,priority+topology_aware+easy_predicted,J_waste,10,0.03493523159,0.02870955375,0.04116090944
sens-s6-ovh-x2,priority+topology_aware+easy_predicted,J_slo,10,0.1513361883,0.06833101232,0.2343413642
sens-s6-ovh-x2,priority+topology_aware+easy_predicted,J_fairness,10,0.017734904,0.003380311117,0.03208949688
sens-s6-ovh-x2,priority+topology_aware+easy_predicted,wait_mean,10,1656.172421,412.5951099,2899.749733
sens-s6-ovh-x2,priority+topology_aware+easy_predicted,wait_p95,10,10084.5814,3994.807863,16174.35494
sens-s6-ovh-x2,priority+topology_aware+easy_predicted,wait_p99,10,16496.1577,8210.390267,24781.92513
sens-s6-ovh-x2,priority+topology_aware+easy_predicted,jct_mean,10,4282.50189,2809.888165,5755.115615
sens-s6-ovh-x2,priority+topology_aware+easy_predicted,jct_p95,10,15829.512,9679.948843,21979.07516
sens-s6-ovh-x2,priority+topology_aware+easy_predicted,bsld_mean,10,3.208057091,1.781907181,4.634207
sens-s6-ovh-x2,priority+topology_aware+easy_predicted,bsld_p95,10,12.05033847,4.599300781,19.50137616
sens-s6-ovh-x2,priority+topology_aware+easy_predicted,bsld_p99,10,37.11602364,18.03337557,56.19867171
sens-s6-ovh-x2,priority+topology_aware+easy_predicted,wflow_mean,10,3.208057091,1.781907181,4.634207
sens-s6-ovh-x2,priority+topology_aware+easy_predicted,wflow_sum_all,10,7224.003293,4009.292883,10438.7137
sens-s6-ovh-x2,priority+topology_aware+easy_predicted,large_wait_mean,10,5692.065297,1758.051986,9626.078607
sens-s6-ovh-x2,priority+topology_aware+easy_predicted,large_wait_p95,10,16270.6271,7958.525335,24582.72887
sens-s6-ovh-x2,priority+topology_aware+easy_predicted,utilization,10,0.8426657086,0.7944090925,0.8909223247
sens-s6-ovh-x2,priority+topology_aware+easy_predicted,frag_blocked_frac,10,0.2709883141,0.2160216173,0.3259550109
sens-s6-ovh-x2,priority+topology_aware+easy_predicted,stranded_frac,10,0.1382665402,0.1121502035,0.164382877
sens-s6-ovh-x2,priority+topology_aware+easy_predicted,goodput_ratio,10,0.9650647684,0.9588390906,0.9712904462
sens-s6-ovh-x2,priority+topology_aware+easy_predicted,wasted_gpu_hours,10,195.0973907,148.2640399,241.9307414
sens-s6-ovh-x2,priority+topology_aware+easy_predicted,lost_gpu_hours,10,0,0,0
sens-s6-ovh-x2,priority+topology_aware+easy_predicted,overhead_gpu_hours,10,0,0,0
sens-s6-ovh-x2,priority+topology_aware+easy_predicted,topology_gpu_hours,10,195.0972951,148.2639515,241.9306387
sens-s6-ovh-x2,priority+topology_aware+easy_predicted,slack_gpu_hours,10,9.554747478e-05,8.21800506e-05,0.000108914899
sens-s6-ovh-x2,priority+topology_aware+easy_predicted,preemptions,10,0,0,0
sens-s6-ovh-x2,priority+topology_aware+easy_predicted,failure_kills,10,0,0,0
sens-s6-ovh-x2,priority+topology_aware+easy_predicted,node_downtime_gpu_hours,10,0,0,0
sens-s6-ovh-x2,priority+topology_aware+easy_predicted,jain_bsld,10,0.982265096,0.9679105031,0.9966196889
sens-s6-ovh-x2,priority+topology_aware+easy_predicted,tenant_worst_best_ratio,10,1.380341782,1.17079239,1.589891175
sens-s6-ovh-x2,priority+topology_aware+easy_predicted,slo_attainment,10,0.8486638117,0.7656586358,0.9316689877
sens-s6-ovh-x2,priority+topology_aware+easy_predicted,makespan,10,265507.4163,205743.7612,325271.0714
sens-s6-ovh-x2,priority+topology_aware+easy_predicted,reservations,10,208.4,177.7123838,239.0876162
sens-s6-ovh-x2,priority+topology_aware+easy_predicted,broken_reservations,10,179,150.2430083,207.7569917
sens-s6-ovh-x2,priority+topology_aware+easy_predicted,tenant_t0_bsld_mean,10,3.167546531,1.754441426,4.580651635
sens-s6-ovh-x2,priority+topology_aware+easy_predicted,tenant_t0_bsld_p95,10,11.39229041,4.507781578,18.27679925
sens-s6-ovh-x2,priority+topology_aware+easy_predicted,tenant_t1_bsld_mean,10,3.211394253,1.676897524,4.745890982
sens-s6-ovh-x2,priority+topology_aware+easy_predicted,tenant_t1_bsld_p95,10,11.94392815,3.888790511,19.99906578
sens-s6-ovh-x2,priority+topology_aware+easy_predicted,tenant_t2_bsld_mean,10,3.159050583,1.727909112,4.590192054
sens-s6-ovh-x2,priority+topology_aware+easy_predicted,tenant_t2_bsld_p95,10,11.93792174,4.819822281,19.05602119
sens-s6-ovh-x2,priority+topology_aware+easy_predicted,tenant_t3_bsld_mean,10,3.504733702,1.997414355,5.012053049
sens-s6-ovh-x2,priority+topology_aware+easy_predicted,tenant_t3_bsld_p95,10,13.93104812,6.224428435,21.63766781
sens-s6-ovh-x2,priority+topology_aware+easy_predicted,prio_1_wait_p95,10,12808.5911,5585.49212,20031.69008
sens-s6-ovh-x2,priority+topology_aware+easy_predicted,prio_1_bsld_p95,10,14.48707143,6.615842121,22.35830073
sens-s6-ovh-x2,priority+topology_aware+easy_predicted,prio_8_wait_p95,10,6827.2996,876.1409697,12778.45823
sens-s6-ovh-x2,priority+topology_aware+easy_predicted,prio_9_wait_p95,10,7177.4026,1748.490778,12606.31442
sens-s6-ovh-x2,priority+topology_aware+easy_predicted+preempt,J,10,0.6809958928,0.1194035744,1.242588211
sens-s6-ovh-x2,priority+topology_aware+easy_predicted+preempt,J_slowdown,10,0.08916767237,0.02812186666,0.1502134781
sens-s6-ovh-x2,priority+topology_aware+easy_predicted+preempt,J_wait,10,0.4447041967,-0.05037645501,0.9397848485
sens-s6-ovh-x2,priority+topology_aware+easy_predicted+preempt,J_waste,10,0.05597158259,0.04879393625,0.06314922893
sens-s6-ovh-x2,priority+topology_aware+easy_predicted+preempt,J_slo,10,0.05431454742,0.03260336106,0.07602573377
sens-s6-ovh-x2,priority+topology_aware+easy_predicted+preempt,J_fairness,10,0.03683789365,0.00160937789,0.07206640942
sens-s6-ovh-x2,priority+topology_aware+easy_predicted+preempt,wait_mean,10,1506.099498,292.8701677,2719.328829
sens-s6-ovh-x2,priority+topology_aware+easy_predicted+preempt,wait_p95,10,11551.3637,-1308.547925,24411.27532
sens-s6-ovh-x2,priority+topology_aware+easy_predicted+preempt,wait_p99,10,27843.8944,8053.713283,47634.07552
sens-s6-ovh-x2,priority+topology_aware+easy_predicted+preempt,jct_mean,10,4378.578872,2854.118141,5903.039602
sens-s6-ovh-x2,priority+topology_aware+easy_predicted+preempt,jct_p95,10,20360.4268,7464.084077,33256.76952
sens-s6-ovh-x2,priority+topology_aware+easy_predicted+preempt,bsld_mean,10,2.99748947,1.838761299,4.15621764
sens-s6-ovh-x2,priority+topology_aware+easy_predicted+preempt,bsld_p95,10,10.27374957,3.240154284,17.30734486
sens-s6-ovh-x2,priority+topology_aware+easy_predicted+preempt,bsld_p99,10,39.47103162,17.90914504,61.0329182
sens-s6-ovh-x2,priority+topology_aware+easy_predicted+preempt,wflow_mean,10,2.99748947,1.838761299,4.15621764
sens-s6-ovh-x2,priority+topology_aware+easy_predicted+preempt,wflow_sum_all,10,6754.307737,4031.788197,9476.827277
sens-s6-ovh-x2,priority+topology_aware+easy_predicted+preempt,large_wait_mean,10,6291.682623,941.07687,11642.28838
sens-s6-ovh-x2,priority+topology_aware+easy_predicted+preempt,large_wait_p95,10,27291.87,7668.980671,46914.75933
sens-s6-ovh-x2,priority+topology_aware+easy_predicted+preempt,utilization,10,0.8507329537,0.8087227066,0.8927432009
sens-s6-ovh-x2,priority+topology_aware+easy_predicted+preempt,frag_blocked_frac,10,0.3175032743,0.2639441671,0.3710623814
sens-s6-ovh-x2,priority+topology_aware+easy_predicted+preempt,stranded_frac,10,0.1555478209,0.1252527467,0.1858428952
sens-s6-ovh-x2,priority+topology_aware+easy_predicted+preempt,goodput_ratio,10,0.9440284174,0.9368507711,0.9512060637
sens-s6-ovh-x2,priority+topology_aware+easy_predicted+preempt,wasted_gpu_hours,10,324.5947584,242.8428279,406.3466889
sens-s6-ovh-x2,priority+topology_aware+easy_predicted+preempt,lost_gpu_hours,10,30.92220785,16.46577533,45.37864037
sens-s6-ovh-x2,priority+topology_aware+easy_predicted+preempt,overhead_gpu_hours,10,76.82054981,53.54578516,100.0953145
sens-s6-ovh-x2,priority+topology_aware+easy_predicted+preempt,topology_gpu_hours,10,216.8518996,164.4836102,269.220189
sens-s6-ovh-x2,priority+topology_aware+easy_predicted+preempt,slack_gpu_hours,10,0.0001011030303,8.488072171e-05,0.000117325339
sens-s6-ovh-x2,priority+topology_aware+easy_predicted+preempt,preemptions,10,318.2,229.9482908,406.4517092
sens-s6-ovh-x2,priority+topology_aware+easy_predicted+preempt,failure_kills,10,0,0,0
sens-s6-ovh-x2,priority+topology_aware+easy_predicted+preempt,node_downtime_gpu_hours,10,0,0,0
sens-s6-ovh-x2,priority+topology_aware+easy_predicted+preempt,jain_bsld,10,0.9631621063,0.9279335906,0.9983906221
sens-s6-ovh-x2,priority+topology_aware+easy_predicted+preempt,tenant_worst_best_ratio,10,1.588680337,1.278089996,1.899270678
sens-s6-ovh-x2,priority+topology_aware+easy_predicted+preempt,slo_attainment,10,0.9456854526,0.9239742662,0.9673966389
sens-s6-ovh-x2,priority+topology_aware+easy_predicted+preempt,makespan,10,266860.9259,206834.7009,326887.1509
sens-s6-ovh-x2,priority+topology_aware+easy_predicted+preempt,reservations,10,142.2,114.7587085,169.6412915
sens-s6-ovh-x2,priority+topology_aware+easy_predicted+preempt,broken_reservations,10,119.4,96.4138907,142.3861093
sens-s6-ovh-x2,priority+topology_aware+easy_predicted+preempt,tenant_t0_bsld_mean,10,2.966191727,1.584158555,4.3482249
sens-s6-ovh-x2,priority+topology_aware+easy_predicted+preempt,tenant_t0_bsld_p95,10,9.29394656,2.685247412,15.90264571
sens-s6-ovh-x2,priority+topology_aware+easy_predicted+preempt,tenant_t1_bsld_mean,10,2.903639077,1.912336441,3.894941713
sens-s6-ovh-x2,priority+topology_aware+easy_predicted+preempt,tenant_t1_bsld_p95,10,10.09811516,3.576716522,16.61951381
sens-s6-ovh-x2,priority+topology_aware+easy_predicted+preempt,tenant_t2_bsld_mean,10,2.969205708,1.740848362,4.197563054
sens-s6-ovh-x2,priority+topology_aware+easy_predicted+preempt,tenant_t2_bsld_p95,10,11.65710525,3.311073814,20.00313669
sens-s6-ovh-x2,priority+topology_aware+easy_predicted+preempt,tenant_t3_bsld_mean,10,3.507869223,2.128072878,4.887665569
sens-s6-ovh-x2,priority+topology_aware+easy_predicted+preempt,tenant_t3_bsld_p95,10,14.03622006,4.89178794,23.18065218
sens-s6-ovh-x2,priority+topology_aware+easy_predicted+preempt,prio_1_wait_p95,10,20413.124,3215.066227,37611.18177
sens-s6-ovh-x2,priority+topology_aware+easy_predicted+preempt,prio_1_bsld_p95,10,19.5208802,6.540384932,32.50137547
sens-s6-ovh-x2,priority+topology_aware+easy_predicted+preempt,prio_8_wait_p95,10,1326.4877,752.54007,1900.43533
sens-s6-ovh-x2,priority+topology_aware+easy_predicted+preempt,prio_9_wait_p95,10,2576.9792,1321.74309,3832.21531
sens-s6-topo-x0.5,fifo+first_fit+none,J,10,2.184370907,1.356320797,3.012421017
sens-s6-topo-x0.5,fifo+first_fit+none,J_slowdown,10,0.6731475283,0.3308106076,1.015484449
sens-s6-topo-x0.5,fifo+first_fit+none,J_wait,10,0.7840821368,0.4552412006,1.112923073
sens-s6-topo-x0.5,fifo+first_fit+none,J_waste,10,0.0250277903,0.02269556115,0.02736001946
sens-s6-topo-x0.5,fifo+first_fit+none,J_slo,10,0.6527101418,0.4260274096,0.8793928739
sens-s6-topo-x0.5,fifo+first_fit+none,J_fairness,10,0.04940330988,0.01411214841,0.08469447136
sens-s6-topo-x0.5,fifo+first_fit+none,wait_mean,10,10945.0644,3991.467865,17898.66094
sens-s6-topo-x0.5,fifo+first_fit+none,wait_p95,10,20366.8371,11825.06645,28908.60775
sens-s6-topo-x0.5,fifo+first_fit+none,wait_p99,10,21708.6818,12887.05709,30530.30651
sens-s6-topo-x0.5,fifo+first_fit+none,jct_mean,10,13567.77369,6401.837578,20733.7098
sens-s6-topo-x0.5,fifo+first_fit+none,jct_p95,10,24350.4553,15082.03387,33618.87673
sens-s6-topo-x0.5,fifo+first_fit+none,bsld_mean,10,19.27803135,8.669940035,29.88612266
sens-s6-topo-x0.5,fifo+first_fit+none,bsld_p95,10,77.55892856,38.11544305,117.0024141
sens-s6-topo-x0.5,fifo+first_fit+none,bsld_p99,10,173.6126496,86.96938122,260.2559181
sens-s6-topo-x0.5,fifo+first_fit+none,wflow_mean,10,19.27803135,8.669940035,29.88612266
sens-s6-topo-x0.5,fifo+first_fit+none,wflow_sum_all,10,44078.03872,20459.0404,67697.03705
sens-s6-topo-x0.5,fifo+first_fit+none,large_wait_mean,10,11281.68921,4236.859471,18326.51895
sens-s6-topo-x0.5,fifo+first_fit+none,large_wait_p95,10,20652.8846,12134.74579,29171.02341
sens-s6-topo-x0.5,fifo+first_fit+none,utilization,10,0.7920810615,0.7658146353,0.8183474877
sens-s6-topo-x0.5,fifo+first_fit+none,frag_blocked_frac,10,0.7337196256,0.6234400415,0.8439992097
sens-s6-topo-x0.5,fifo+first_fit+none,stranded_frac,10,0.218667676,0.18892074,0.2484146121
sens-s6-topo-x0.5,fifo+first_fit+none,goodput_ratio,10,0.9749722097,0.9726399805,0.9773044388
sens-s6-topo-x0.5,fifo+first_fit+none,wasted_gpu_hours,10,138.3360256,106.8624257,169.8096254
sens-s6-topo-x0.5,fifo+first_fit+none,lost_gpu_hours,10,0,0,0
sens-s6-topo-x0.5,fifo+first_fit+none,overhead_gpu_hours,10,0,0,0
sens-s6-topo-x0.5,fifo+first_fit+none,topology_gpu_hours,10,138.33586,106.8622639,169.8094561
sens-s6-topo-x0.5,fifo+first_fit+none,slack_gpu_hours,10,0.0001655626102,0.0001444880345,0.0001866371858
sens-s6-topo-x0.5,fifo+first_fit+none,preemptions,10,0,0,0
sens-s6-topo-x0.5,fifo+first_fit+none,failure_kills,10,0,0,0
sens-s6-topo-x0.5,fifo+first_fit+none,node_downtime_gpu_hours,10,0,0,0
sens-s6-topo-x0.5,fifo+first_fit+none,jain_bsld,10,0.9505966901,0.9153055286,0.9858878516
sens-s6-topo-x0.5,fifo+first_fit+none,tenant_worst_best_ratio,10,1.785486522,1.428438281,2.142534763
sens-s6-topo-x0.5,fifo+first_fit+none,slo_attainment,10,0.3472898582,0.1206071261,0.5739725904
sens-s6-topo-x0.5,fifo+first_fit+none,makespan,10,279703.0679,217088.0826,342318.0532
sens-s6-topo-x0.5,fifo+first_fit+none,reservations,10,0,0,0
sens-s6-topo-x0.5,fifo+first_fit+none,broken_reservations,10,0,0,0
sens-s6-topo-x0.5,fifo+first_fit+none,tenant_t0_bsld_mean,10,20.72316109,7.884167075,33.56215511
sens-s6-topo-x0.5,fifo+first_fit+none,tenant_t0_bsld_p95,10,88.01843427,33.97555602,142.0613125
sens-s6-topo-x0.5,fifo+first_fit+none,tenant_t1_bsld_mean,10,18.25304965,7.762991341,28.74310795
sens-s6-topo-x0.5,fifo+first_fit+none,tenant_t1_bsld_p95,10,66.72031352,30.39449128,103.0461358
sens-s6-topo-x0.5,fifo+first_fit+none,tenant_t2_bsld_mean,10,17.92316617,9.116510521,26.72982182
sens-s6-topo-x0.5,fifo+first_fit+none,tenant_t2_bsld_p95,10,70.20139673,36.89340499,103.5093885
sens-s6-topo-x0.5,fifo+first_fit+none,tenant_t3_bsld_mean,10,19.88448472,9.741638973,30.02733047
sens-s6-topo-x0.5,fifo+first_fit+none,tenant_t3_bsld_p95,10,78.06634531,46.03369566,110.098995
sens-s6-topo-x0.5,fifo+first_fit+none,prio_1_wait_p95,10,20492.5905,11946.77844,29038.40256
sens-s6-topo-x0.5,fifo+first_fit+none,prio_1_bsld_p95,10,76.8474434,37.80758029,115.8873065
sens-s6-topo-x0.5,fifo+first_fit+none,prio_8_wait_p95,10,20278.0813,11604.03598,28952.12662
sens-s6-topo-x0.5,fifo+first_fit+none,prio_9_wait_p95,10,17995.3046,8908.685526,27081.92367
sens-s6-topo-x0.5,fifo+topology_aware+easy_predicted,J,10,0.6125218494,0.321552567,0.9034911318
sens-s6-topo-x0.5,fifo+topology_aware+easy_predicted,J_slowdown,10,0.09280076832,0.04511623249,0.1404853041
sens-s6-topo-x0.5,fifo+topology_aware+easy_predicted,J_wait,10,0.2943686014,0.1208393264,0.4678978763
sens-s6-topo-x0.5,fifo+topology_aware+easy_predicted,J_waste,10,0.01793765407,0.01473437311,0.02114093503
sens-s6-topo-x0.5,fifo+topology_aware+easy_predicted,J_slo,10,0.1817903673,0.1031859857,0.2603947488
sens-s6-topo-x0.5,fifo+topology_aware+easy_predicted,J_fairness,10,0.02562445842,0.006820763676,0.04442815316
sens-s6-topo-x0.5,fifo+topology_aware+easy_predicted,wait_mean,10,1443.011848,410.1312073,2475.892488
sens-s6-topo-x0.5,fifo+topology_aware+easy_predicted,wait_p95,10,7646.3384,3138.848293,12153.82851
sens-s6-topo-x0.5,fifo+topology_aware+easy_predicted,wait_p99,10,12994.1116,6284.693835,19703.52937
sens-s6-topo-x0.5,fifo+topology_aware+easy_predicted,jct_mean,10,4060.633244,2776.917216,5344.349273
sens-s6-topo-x0.5,fifo+topology_aware+easy_predicted,jct_p95,10,13701.8233,8756.838236,18646.80836
sens-s6-topo-x0.5,fifo+topology_aware+easy_predicted,bsld_mean,10,3.005474132,1.806240461,4.204707803
sens-s6-topo-x0.5,fifo+topology_aware+easy_predicted,bsld_p95,10,10.69234879,5.198216596,16.18648099
sens-s6-topo-x0.5,fifo+topology_aware+easy_predicted,bsld_p99,10,31.01707111,17.067185,44.96695722
sens-s6-topo-x0.5,fifo+topology_aware+easy_predicted,wflow_mean,10,3.005474132,1.806240461,4.204707803
sens-s6-topo-x0.5,fifo+topology_aware+easy_predicted,wflow_sum_all,10,6894.810991,4091.252452,9698.36953
sens-s6-topo-x0.5,fifo+topology_aware+easy_predicted,large_wait_mean,10,4529.776687,1482.878272,7576.675102
sens-s6-topo-x0.5,fifo+topology_aware+easy_predicted,large_wait_p95,10,12843.6416,6169.429803,19517.8534
sens-s6-topo-x0.5,fifo+topology_aware+easy_predicted,utilization,10,0.832329014,0.7849081625,0.8797498655
sens-s6-topo-x0.5,fifo+topology_aware+easy_predicted,frag_blocked_frac,10,0.255531614,0.2095747525,0.3014884755
sens-s6-topo-x0.5,fifo+topology_aware+easy_predicted,stranded_frac,10,0.1301211062,0.1070165321,0.1532256803
sens-s6-topo-x0.5,fifo+topology_aware+easy_predicted,goodput_ratio,10,0.9820623459,0.978859065,0.9852656269
sens-s6-topo-x0.5,fifo+topology_aware+easy_predicted,wasted_gpu_hours,10,99.22753444,69.64386734,128.8112015
sens-s6-topo-x0.5,fifo+topology_aware+easy_predicted,lost_gpu_hours,10,0,0,0
sens-s6-topo-x0.5,fifo+topology_aware+easy_predicted,overhead_gpu_hours,10,0,0,0
sens-s6-topo-x0.5,fifo+topology_aware+easy_predicted,topology_gpu_hours,10,99.22741564,69.64375711,128.8110742
sens-s6-topo-x0.5,fifo+topology_aware+easy_predicted,slack_gpu_hours,10,0.0001188077601,9.961390355e-05,0.0001380016166
sens-s6-topo-x0.5,fifo+topology_aware+easy_predicted,preemptions,10,0,0,0
sens-s6-topo-x0.5,fifo+topology_aware+easy_predicted,failure_kills,10,0,0,0
sens-s6-topo-x0.5,fifo+topology_aware+easy_predicted,node_downtime_gpu_hours,10,0,0,0
sens-s6-topo-x0.5,fifo+topology_aware+easy_predicted,jain_bsld,10,0.9743755416,0.9555718468,0.9931792363
sens-s6-topo-x0.5,fifo+topology_aware+easy_predicted,tenant_worst_best_ratio,10,1.478210048,1.243901668,1.712518429
sens-s6-topo-x0.5,fifo+topology_aware+easy_predicted,slo_attainment,10,0.8182096327,0.7396052512,0.8968140143
sens-s6-topo-x0.5,fifo+topology_aware+easy_predicted,makespan,10,264117.7809,204421.2428,323814.319
sens-s6-topo-x0.5,fifo+topology_aware+easy_predicted,reservations,10,192.2,165.2711433,219.1288567
sens-s6-topo-x0.5,fifo+topology_aware+easy_predicted,broken_reservations,10,165.1,139.1701349,191.0298651
sens-s6-topo-x0.5,fifo+topology_aware+easy_predicted,tenant_t0_bsld_mean,10,3.076868518,1.784029793,4.369707243
sens-s6-topo-x0.5,fifo+topology_aware+easy_predicted,tenant_t0_bsld_p95,10,11.79816301,5.551556341,18.04476967
sens-s6-topo-x0.5,fifo+topology_aware+easy_predicted,tenant_t1_bsld_mean,10,2.892832588,1.639949602,4.145715575
sens-s6-topo-x0.5,fifo+topology_aware+easy_predicted,tenant_t1_bsld_p95,10,10.48023352,4.483934781,16.47653227
sens-s6-topo-x0.5,fifo+topology_aware+easy_predicted,tenant_t2_bsld_mean,10,2.878684335,1.719185452,4.038183218
sens-s6-topo-x0.5,fifo+topology_aware+easy_predicted,tenant_t2_bsld_p95,10,10.23911235,4.822592592,15.65563211
sens-s6-topo-x0.5,fifo+topology_aware+easy_predicted,tenant_t3_bsld_mean,10,3.377615205,2.0921364,4.663094011
sens-s6-topo-x0.5,fifo+topology_aware+easy_predicted,tenant_t3_bsld_p95,10,11.9611799,5.994407391,17.92795241
sens-s6-topo-x0.5,fifo+topology_aware+easy_predicted,prio_1_wait_p95,10,7303.8724,3082.856,11524.8888
sens-s6-topo-x0.5,fifo+topology_aware+easy_predicted,prio_1_bsld_p95,10,10.13529163,4.603518194,15.66706507
sens-s6-topo-x0.5,fifo+topology_aware+easy_predicted,prio_8_wait_p95,10,8156.3574,2653.292592,13659.42221
sens-s6-topo-x0.5,fifo+topology_aware+easy_predicted,prio_9_wait_p95,10,8725.0523,3763.020747,13687.08385
sens-s6-topo-x0.5,priority+topology_aware+easy_predicted,J,10,0.5842588978,0.2587950312,0.9097227644
sens-s6-topo-x0.5,priority+topology_aware+easy_predicted,J_slowdown,10,0.09125467353,0.03163013748,0.1508792096
sens-s6-topo-x0.5,priority+topology_aware+easy_predicted,J_wait,10,0.3209633926,0.1200592109,0.5218675743
sens-s6-topo-x0.5,priority+topology_aware+easy_predicted,J_waste,10,0.01822459025,0.01506780385,0.02138137665
sens-s6-topo-x0.5,priority+topology_aware+easy_predicted,J_slo,10,0.1362563381,0.06308194069,0.2094307355
sens-s6-topo-x0.5,priority+topology_aware+easy_predicted,J_fairness,10,0.01755990332,0.004123846382,0.03099596026
sens-s6-topo-x0.5,priority+topology_aware+easy_predicted,wait_mean,10,1436.177637,274.4041047,2597.95117
sens-s6-topo-x0.5,priority+topology_aware+easy_predicted,wait_p95,10,8337.1484,3118.584491,13555.71231
sens-s6-topo-x0.5,priority+topology_aware+easy_predicted,wait_p99,10,14244.9577,7793.076597,20696.8388
sens-s6-topo-x0.5,priority+topology_aware+easy_predicted,jct_mean,10,4054.24178,2666.162336,5442.321224
sens-s6-topo-x0.5,priority+topology_aware+easy_predicted,jct_p95,10,14393.1102,9298.980036,19487.24036
sens-s6-topo-x0.5,priority+topology_aware+easy_predicted,bsld_mean,10,2.93512196,1.601789698,4.268454222
sens-s6-topo-x0.5,priority+topology_aware+easy_predicted,bsld_p95,10,10.51421035,3.644371361,17.38404933
sens-s6-topo-x0.5,priority+topology_aware+easy_predicted,bsld_p99,10,31.43911037,16.71263298,46.16558777
sens-s6-topo-x0.5,priority+topology_aware+easy_predicted,wflow_mean,10,2.93512196,1.601789698,4.268454222
sens-s6-topo-x0.5,priority+topology_aware+easy_predicted,wflow_sum_all,10,6735.636917,3672.932563,9798.341271
sens-s6-topo-x0.5,priority+topology_aware+easy_predicted,large_wait_mean,10,4624.968099,1457.878647,7792.05755
sens-s6-topo-x0.5,priority+topology_aware+easy_predicted,large_wait_p95,10,13998.9629,7589.395686,20408.53011
sens-s6-topo-x0.5,priority+topology_aware+easy_predicted,utilization,10,0.8338120533,0.7861631748,0.8814609318
sens-s6-topo-x0.5,priority+topology_aware+easy_predicted,frag_blocked_frac,10,0.2744104615,0.2275307776,0.3212901454
sens-s6-topo-x0.5,priority+topology_aware+easy_predicted,stranded_frac,10,0.1321617635,0.1131314549,0.1511920721
sens-s6-topo-x0.5,priority+topology_aware+easy_predicted,goodput_ratio,10,0.9817754097,0.9786186233,0.9849321961
sens-s6-topo-x0.5,priority+topology_aware+easy_predicted,wasted_gpu_hours,10,101.3105607,72.25880507,130.3623163
sens-s6-topo-x0.5,priority+topology_aware+easy_predicted,lost_gpu_hours,10,0,0,0
sens-s6-topo-x0.5,priority+topology_aware+easy_predicted,overhead_gpu_hours,10,0,0,0
sens-s6-topo-x0.5,priority+topology_aware+easy_predicted,topology_gpu_hours,10,101.3104376,72.25869458,130.3621807
sens-s6-topo-x0.5,priority+topology_aware+easy_predicted,slack_gpu_hours,10,0.0001230511463,9.750233063e-05,0.000148599962
sens-s6-topo-x0.5,priority+topology_aware+easy_predicted,preemptions,10,0,0,0
sens-s6-topo-x0.5,priority+topology_aware+easy_predicted,failure_kills,10,0,0,0
sens-s6-topo-x0.5,priority+topology_aware+easy_predicted,node_downtime_gpu_hours,10,0,0,0
sens-s6-topo-x0.5,priority+topology_aware+easy_predicted,jain_bsld,10,0.9824400967,0.9690040397,0.9958761536
sens-s6-topo-x0.5,priority+topology_aware+easy_predicted,tenant_worst_best_ratio,10,1.367471364,1.168335273,1.566607454
sens-s6-topo-x0.5,priority+topology_aware+easy_predicted,slo_attainment,10,0.8637436619,0.7905692645,0.9369180593
sens-s6-topo-x0.5,priority+topology_aware+easy_predicted,makespan,10,264887.4996,205166.5404,324608.4588
sens-s6-topo-x0.5,priority+topology_aware+easy_predicted,reservations,10,204.7,174.7155356,234.6844644
sens-s6-topo-x0.5,priority+topology_aware+easy_predicted,broken_reservations,10,178.5,152.1939446,204.8060554
sens-s6-topo-x0.5,priority+topology_aware+easy_predicted,tenant_t0_bsld_mean,10,2.926372116,1.572106285,4.280637947
sens-s6-topo-x0.5,priority+topology_aware+easy_predicted,tenant_t0_bsld_p95,10,11.05847228,3.237667966,18.8792766
sens-s6-topo-x0.5,priority+topology_aware+easy_predicted,tenant_t1_bsld_mean,10,2.857424333,1.517709545,4.197139122
sens-s6-topo-x0.5,priority+topology_aware+easy_predicted,tenant_t1_bsld_p95,10,10.56791169,3.208695517,17.92712786
sens-s6-topo-x0.5,priority+topology_aware+easy_predicted,tenant_t2_bsld_mean,10,2.951793477,1.56977937,4.333807584
sens-s6-topo-x0.5,priority+topology_aware+easy_predicted,tenant_t2_bsld_p95,10,10.29898267,4.32792205,16.27004329
sens-s6-topo-x0.5,priority+topology_aware+easy_predicted,tenant_t3_bsld_mean,10,3.213313258,1.805670644,4.620955871
sens-s6-topo-x0.5,priority+topology_aware+easy_predicted,tenant_t3_bsld_p95,10,12.75808889,5.019180175,20.49699761
sens-s6-topo-x0.5,priority+topology_aware+easy_predicted,prio_1_wait_p95,10,10416.5275,4855.501594,15977.55341
sens-s6-topo-x0.5,priority+topology_aware+easy_predicted,prio_1_bsld_p95,10,13.02953196,5.251043756,20.80802016
sens-s6-topo-x0.5,priority+topology_aware+easy_predicted,prio_8_wait_p95,10,4837.3925,377.1374932,9297.647507
sens-s6-topo-x0.5,priority+topology_aware+easy_predicted,prio_9_wait_p95,10,5693.4682,1752.970862,9633.965538
sens-s6-topo-x0.5,priority+topology_aware+easy_predicted+preempt,J,10,0.5427101908,0.09443371971,0.9909866619
sens-s6-topo-x0.5,priority+topology_aware+easy_predicted+preempt,J_slowdown,10,0.07601819758,0.01908810539,0.1329482898
sens-s6-topo-x0.5,priority+topology_aware+easy_predicted+preempt,J_wait,10,0.3528851497,-0.02808786534,0.7338581647
sens-s6-topo-x0.5,priority+topology_aware+easy_predicted+preempt,J_waste,10,0.02876682432,0.02328679824,0.0342468504
sens-s6-topo-x0.5,priority+topology_aware+easy_predicted+preempt,J_slo,10,0.04874792661,0.02584263032,0.07165322291
sens-s6-topo-x0.5,priority+topology_aware+easy_predicted+preempt,J_fairness,10,0.0362920926,-0.0005490193869,0.07313320458
sens-s6-topo-x0.5,priority+topology_aware+easy_predicted+preempt,wait_mean,10,1248.295346,182.7052782,2313.885413
sens-s6-topo-x0.5,priority+topology_aware+easy_predicted+preempt,wait_p95,10,9166.3284,-729.5931779,19062.24998
sens-s6-topo-x0.5,priority+topology_aware+easy_predicted+preempt,wait_p99,10,23054.8789,5597.214226,40512.54357
sens-s6-topo-x0.5,priority+topology_aware+easy_predicted+preempt,jct_mean,10,4047.793039,2678.15976,5417.426317
sens-s6-topo-x0.5,priority+topology_aware+easy_predicted+preempt,jct_p95,10,16926.1457,7746.892554,26105.39885
sens-s6-topo-x0.5,priority+topology_aware+easy_predicted+preempt,bsld_mean,10,2.625930696,1.561543483,3.690317909
sens-s6-topo-x0.5,priority+topology_aware+easy_predicted+preempt,bsld_p95,10,8.758689155,2.19929947,15.31807884
sens-s6-topo-x0.5,priority+topology_aware+easy_predicted+preempt,bsld_p99,10,30.67233716,13.1938484,48.15082592
sens-s6-topo-x0.5,priority+topology_aware+easy_predicted+preempt,wflow_mean,10,2.625930696,1.561543483,3.690317909
sens-s6-topo-x0.5,priority+topology_aware+easy_predicted+preempt,wflow_sum_all,10,5926.23478,3428.706217,8423.763344
sens-s6-topo-x0.5,priority+topology_aware+easy_predicted+preempt,large_wait_mean,10,5162.034846,539.638363,9784.431329
sens-s6-topo-x0.5,priority+topology_aware+easy_predicted+preempt,large_wait_p95,10,22414.4364,5112.040008,39716.83279
sens-s6-topo-x0.5,priority+topology_aware+easy_predicted+preempt,utilization,10,0.8334880704,0.7908431912,0.8761329496
sens-s6-topo-x0.5,priority+topology_aware+easy_predicted+preempt,frag_blocked_frac,10,0.2908696038,0.2376704919,0.3440687156
sens-s6-topo-x0.5,priority+topology_aware+easy_predicted+preempt,stranded_frac,10,0.1432968073,0.1133799968,0.1732136178
sens-s6-topo-x0.5,priority+topology_aware+easy_predicted+preempt,goodput_ratio,10,0.9712331757,0.9657531496,0.9767132018
sens-s6-topo-x0.5,priority+topology_aware+easy_predicted+preempt,wasted_gpu_hours,10,162.5200452,114.3661761,210.6739144
sens-s6-topo-x0.5,priority+topology_aware+easy_predicted+preempt,lost_gpu_hours,10,14.94920089,6.738765157,23.15963662
sens-s6-topo-x0.5,priority+topology_aware+easy_predicted+preempt,overhead_gpu_hours,10,41.74442886,28.17748961,55.31136812
sens-s6-topo-x0.5,priority+topology_aware+easy_predicted+preempt,topology_gpu_hours,10,105.8262861,74.61764381,137.0349283
sens-s6-topo-x0.5,priority+topology_aware+easy_predicted+preempt,slack_gpu_hours,10,0.0001294003527,0.0001085098704,0.000150290835
sens-s6-topo-x0.5,priority+topology_aware+easy_predicted+preempt,preemptions,10,289.1,204.1484098,374.0515902
sens-s6-topo-x0.5,priority+topology_aware+easy_predicted+preempt,failure_kills,10,0,0,0
sens-s6-topo-x0.5,priority+topology_aware+easy_predicted+preempt,node_downtime_gpu_hours,10,0,0,0
sens-s6-topo-x0.5,priority+topology_aware+easy_predicted+preempt,jain_bsld,10,0.9637079074,0.9268667954,1.000549019
sens-s6-topo-x0.5,priority+topology_aware+easy_predicted+preempt,tenant_worst_best_ratio,10,1.572869891,1.239191592,1.90654819
sens-s6-topo-x0.5,priority+topology_aware+easy_predicted+preempt,slo_attainment,10,0.9512520734,0.9283467771,0.9741573697
sens-s6-topo-x0.5,priority+topology_aware+easy_predicted+preempt,makespan,10,265193.9563,205401.5366,324986.376
sens-s6-topo-x0.5,priority+topology_aware+easy_predicted+preempt,reservations,10,145.9,116.0516194,175.7483806
sens-s6-topo-x0.5,priority+topology_aware+easy_predicted+preempt,broken_reservations,10,123.2,97.29788889,149.1021111
sens-s6-topo-x0.5,priority+topology_aware+easy_predicted+preempt,tenant_t0_bsld_mean,10,2.728126456,1.394206113,4.062046799
sens-s6-topo-x0.5,priority+topology_aware+easy_predicted+preempt,tenant_t0_bsld_p95,10,8.303821352,1.62584732,14.98179538
sens-s6-topo-x0.5,priority+topology_aware+easy_predicted+preempt,tenant_t1_bsld_mean,10,2.450875201,1.565501693,3.336248708
sens-s6-topo-x0.5,priority+topology_aware+easy_predicted+preempt,tenant_t1_bsld_p95,10,8.390783496,2.529939004,14.25162799
sens-s6-topo-x0.5,priority+topology_aware+easy_predicted+preempt,tenant_t2_bsld_mean,10,2.574026088,1.457049504,3.691002673
sens-s6-topo-x0.5,priority+topology_aware+easy_predicted+preempt,tenant_t2_bsld_p95,10,10.3150913,2.081426829,18.54875577
sens-s6-topo-x0.5,priority+topology_aware+easy_predicted+preempt,tenant_t3_bsld_mean,10,2.890122552,1.754497469,4.025747634
sens-s6-topo-x0.5,priority+topology_aware+easy_predicted+preempt,tenant_t3_bsld_p95,10,11.226904,3.736752381,18.71705563
sens-s6-topo-x0.5,priority+topology_aware+easy_predicted+preempt,prio_1_wait_p95,10,16168.7253,2278.165864,30059.28474
sens-s6-topo-x0.5,priority+topology_aware+easy_predicted+preempt,prio_1_bsld_p95,10,15.66946572,4.144838265,27.19409317
sens-s6-topo-x0.5,priority+topology_aware+easy_predicted+preempt,prio_8_wait_p95,10,1325.6662,471.8885419,2179.443858
sens-s6-topo-x0.5,priority+topology_aware+easy_predicted+preempt,prio_9_wait_p95,10,2457.1145,1261.538215,3652.690785
sens-s6-topo-x2,fifo+first_fit+none,J,10,3.022692441,1.928668382,4.116716499
sens-s6-topo-x2,fifo+first_fit+none,J_slowdown,10,1.013467116,0.526083621,1.500850611
sens-s6-topo-x2,fifo+first_fit+none,J_wait,10,1.134827615,0.6451218325,1.624533397
sens-s6-topo-x2,fifo+first_fit+none,J_waste,10,0.09096876312,0.07987782278,0.1020597035
sens-s6-topo-x2,fifo+first_fit+none,J_slo,10,0.7284682132,0.5239214178,0.9330150086
sens-s6-topo-x2,fifo+first_fit+none,J_fairness,10,0.05496073369,0.01660945198,0.09331201539
sens-s6-topo-x2,fifo+first_fit+none,wait_mean,10,16434.86445,7070.060691,25799.66821
sens-s6-topo-x2,fifo+first_fit+none,wait_p95,10,29477.5867,16757.28939,42197.88401
sens-s6-topo-x2,fifo+first_fit+none,wait_p99,10,31498.4936,18133.16553,44863.82167
sens-s6-topo-x2,fifo+first_fit+none,jct_mean,10,19099.22621,9465.892472,28732.55995
sens-s6-topo-x2,fifo+first_fit+none,jct_p95,10,33349.422,20159.33898,46539.50502
sens-s6-topo-x2,fifo+first_fit+none,bsld_mean,10,28.58476937,14.1606809,43.00885783
sens-s6-topo-x2,fifo+first_fit+none,bsld_p95,10,116.7699804,60.61447197,172.9254888
sens-s6-topo-x2,fifo+first_fit+none,bsld_p99,10,259.7821754,131.266395,388.2979558
sens-s6-topo-x2,fifo+first_fit+none,wflow_mean,10,28.58476937,14.1606809,43.00885783
sens-s6-topo-x2,fifo+first_fit+none,wflow_sum_all,10,66245.11103,33756.51784,98733.70421
sens-s6-topo-x2,fifo+first_fit+none,large_wait_mean,10,16846.14194,7331.600387,26360.68349
sens-s6-topo-x2,fifo+first_fit+none,large_wait_p95,10,29850.9042,17067.43422,42634.37418
sens-s6-topo-x2,fifo+first_fit+none,utilization,10,0.8148160423,0.7946287593,0.8350033253
sens-s6-topo-x2,fifo+first_fit+none,frag_blocked_frac,10,0.7837907892,0.71667762,0.8509039583
sens-s6-topo-x2,fifo+first_fit+none,stranded_frac,10,0.2323134437,0.2090027371,0.2556241502
sens-s6-topo-x2,fifo+first_fit+none,goodput_ratio,10,0.9090312369,0.8979402965,0.9201221772
sens-s6-topo-x2,fifo+first_fit+none,wasted_gpu_hours,10,541.8479973,400.8812439,682.8147507
sens-s6-topo-x2,fifo+first_fit+none,lost_gpu_hours,10,0,0,0
sens-s6-topo-x2,fifo+first_fit+none,overhead_gpu_hours,10,0,0,0
sens-s6-topo-x2,fifo+first_fit+none,topology_gpu_hours,10,541.8479175,400.8811684,682.8146666
sens-s6-topo-x2,fifo+first_fit+none,slack_gpu_hours,10,7.981481476e-05,6.922632238e-05,9.040330715e-05
sens-s6-topo-x2,fifo+first_fit+none,preemptions,10,0,0,0
sens-s6-topo-x2,fifo+first_fit+none,failure_kills,10,0,0,0
sens-s6-topo-x2,fifo+first_fit+none,node_downtime_gpu_hours,10,0,0,0
sens-s6-topo-x2,fifo+first_fit+none,jain_bsld,10,0.9450392663,0.9066879846,0.983390548
sens-s6-topo-x2,fifo+first_fit+none,tenant_worst_best_ratio,10,1.859460477,1.455675457,2.263245498
sens-s6-topo-x2,fifo+first_fit+none,slo_attainment,10,0.2715317868,0.06698499144,0.4760785822
sens-s6-topo-x2,fifo+first_fit+none,makespan,10,292362.7996,225594.6982,359130.901
sens-s6-topo-x2,fifo+first_fit+none,reservations,10,0,0,0
sens-s6-topo-x2,fifo+first_fit+none,broken_reservations,10,0,0,0
sens-s6-topo-x2,fifo+first_fit+none,tenant_t0_bsld_mean,10,30.828903,13.36109159,48.29671441
sens-s6-topo-x2,fifo+first_fit+none,tenant_t0_bsld_p95,10,131.4144744,57.33901737,205.4899314
sens-s6-topo-x2,fifo+first_fit+none,tenant_t1_bsld_mean,10,26.44691431,12.67741956,40.21640907
sens-s6-topo-x2,fifo+first_fit+none,tenant_t1_bsld_p95,10,97.62905574,50.18012065,145.0779908
sens-s6-topo-x2,fifo+first_fit+none,tenant_t2_bsld_mean,10,27.04804186,13.21920912,40.8768746
sens-s6-topo-x2,fifo+first_fit+none,tenant_t2_bsld_p95,10,104.3296613,52.10100022,156.5583224
sens-s6-topo-x2,fifo+first_fit+none,tenant_t3_bsld_mean,10,30.1658843,15.58403808,44.74773053
sens-s6-topo-x2,fifo+first_fit+none,tenant_t3_bsld_p95,10,125.5777716,63.8903173,187.2652258
sens-s6-topo-x2,fifo+first_fit+none,prio_1_wait_p95,10,29946.7521,16739.60716,43153.89704
sens-s6-topo-x2,fifo+first_fit+none,prio_1_bsld_p95,10,116.5350483,60.39015001,172.6799466
sens-s6-topo-x2,fifo+first_fit+none,prio_8_wait_p95,10,29668.2911,16151.03702,43185.54518
sens-s6-topo-x2,fifo+first_fit+none,prio_9_wait_p95,10,26119.0486,13464.04158,38774.05562
sens-s6-topo-x2,fifo+topology_aware+easy_predicted,J,10,0.8629457519,0.4542649344,1.271626569
sens-s6-topo-x2,fifo+topology_aware+easy_predicted,J_slowdown,10,0.1333544398,0.05869222291,0.2080166566
sens-s6-topo-x2,fifo+topology_aware+easy_predicted,J_wait,10,0.4048115287,0.1542450151,0.6553780422
sens-s6-topo-x2,fifo+topology_aware+easy_predicted,J_waste,10,0.07000925018,0.05727607031,0.08274243006
sens-s6-topo-x2,fifo+topology_aware+easy_predicted,J_slo,10,0.2198216055,0.1314740158,0.3081691952
sens-s6-topo-x2,fifo+topology_aware+easy_predicted,J_fairness,10,0.03494892773,0.003539598387,0.06635825707
sens-s6-topo-x2,fifo+topology_aware+easy_predicted,wait_mean,10,2166.526619,511.8317718,3821.221465
sens-s6-topo-x2,fifo+topology_aware+easy_predicted,wait_p95,10,10515.1362,4006.573991,17023.69841
sens-s6-topo-x2,fifo+topology_aware+easy_predicted,wait_p99,10,16693.3483,7570.15653,25816.54007
sens-s6-topo-x2,fifo+topology_aware+easy_predicted,jct_mean,10,4812.730325,2973.663571,6651.797079
sens-s6-topo-x2,fifo+topology_aware+easy_predicted,jct_p95,10,16261.9633,9604.333716,22919.59288
sens-s6-topo-x2,fifo+topology_aware+easy_predicted,bsld_mean,10,4.009973538,2.128060595,5.891886481
sens-s6-topo-x2,fifo+topology_aware+easy_predicted,bsld_p95,10,15.36487476,6.762419429,23.96733009
sens-s6-topo-x2,fifo+topology_aware+easy_predicted,bsld_p99,10,44.06213722,24.57308314,63.55119129
sens-s6-topo-x2,fifo+topology_aware+easy_predicted,wflow_mean,10,4.009973538,2.128060595,5.891886481
sens-s6-topo-x2,fifo+topology_aware+easy_predicted,wflow_sum_all,10,8966.195705,4770.159169,13162.23224
sens-s6-topo-x2,fifo+topology_aware+easy_predicted,large_wait_mean,10,6942.0275,1625.426685,12258.62832
sens-s6-topo-x2,fifo+topology_aware+easy_predicted,large_wait_p95,10,16350.8821,7344.345727,25357.41847
sens-s6-topo-x2,fifo+topology_aware+easy_predicted,utilization,10,0.8628249176,0.8173032519,0.9083465834
sens-s6-topo-x2,fifo+topology_aware+easy_predicted,frag_blocked_frac,10,0.2262515707,0.1937831589,0.2587199826
sens-s6-topo-x2,fifo+topology_aware+easy_predicted,stranded_frac,10,0.1291496349,0.1021813388,0.1561179309
sens-s6-topo-x2,fifo+topology_aware+easy_predicted,goodput_ratio,10,0.9299907498,0.9172575699,0.9427239297
sens-s6-topo-x2,fifo+topology_aware+easy_predicted,wasted_gpu_hours,10,407.7797151,298.3385314,517.2208988
sens-s6-topo-x2,fifo+topology_aware+easy_predicted,lost_gpu_hours,10,0,0,0
sens-s6-topo-x2,fifo+topology_aware+easy_predicted,overhead_gpu_hours,10,0,0,0
sens-s6-topo-x2,fifo+topology_aware+easy_predicted,topology_gpu_hours,10,407.7796606,298.3384803,517.220841
sens-s6-topo-x2,fifo+topology_aware+easy_predicted,slack_gpu_hours,10,5.448148144e-05,4.403224129e-05,6.49307216e-05
sens-s6-topo-x2,fifo+topology_aware+easy_predicted,preemptions,10,0,0,0
sens-s6-topo-x2,fifo+topology_aware+easy_predicted,failure_kills,10,0,0,0
sens-s6-topo-x2,fifo+topology_aware+easy_predicted,node_downtime_gpu_hours,10,0,0,0
sens-s6-topo-x2,fifo+topology_aware+easy_predicted,jain_bsld,10,0.9650510723,0.9336417429,0.9964604016
sens-s6-topo-x2,fifo+topology_aware+easy_predicted,tenant_worst_best_ratio,10,1.535145333,1.217205292,1.853085375
sens-s6-topo-x2,fifo+topology_aware+easy_predicted,slo_attainment,10,0.7801783945,0.6918308048,0.8685259842
sens-s6-topo-x2,fifo+topology_aware+easy_predicted,makespan,10,268308.1254,208465.633,328150.6178
sens-s6-topo-x2,fifo+topology_aware+easy_predicted,reservations,10,197.1,172.879889,221.320111
sens-s6-topo-x2,fifo+topology_aware+easy_predicted,broken_reservations,10,170.4,149.119685,191.680315
sens-s6-topo-x2,fifo+topology_aware+easy_predicted,tenant_t0_bsld_mean,10,4.190403624,1.976783141,6.404024107
sens-s6-topo-x2,fifo+topology_aware+easy_predicted,tenant_t0_bsld_p95,10,16.70599298,6.908652796,26.50333316
sens-s6-topo-x2,fifo+topology_aware+easy_predicted,tenant_t1_bsld_mean,10,3.752266383,2.001728128,5.502804637
sens-s6-topo-x2,fifo+topology_aware+easy_predicted,tenant_t1_bsld_p95,10,15.09018956,6.324431539,23.85594759
sens-s6-topo-x2,fifo+topology_aware+easy_predicted,tenant_t2_bsld_mean,10,3.871580777,2.083774334,5.65938722
sens-s6-topo-x2,fifo+topology_aware+easy_predicted,tenant_t2_bsld_p95,10,14.86126437,5.956943318,23.76558543
sens-s6-topo-x2,fifo+topology_aware+easy_predicted,tenant_t3_bsld_mean,10,4.454793452,2.549700004,6.3598869
sens-s6-topo-x2,fifo+topology_aware+easy_predicted,tenant_t3_bsld_p95,10,16.17277474,7.212050523,25.13349897
sens-s6-topo-x2,fifo+topology_aware+easy_predicted,prio_1_wait_p95,10,10162.0074,3674.214023,16649.80078
sens-s6-topo-x2,fifo+topology_aware+easy_predicted,prio_1_bsld_p95,10,14.82433708,6.482721734,23.16595242
sens-s6-topo-x2,fifo+topology_aware+easy_predicted,prio_8_wait_p95,10,11390.2435,4229.604323,18550.88268
sens-s6-topo-x2,fifo+topology_aware+easy_predicted,prio_9_wait_p95,10,11542.4235,4448.65899,18636.18801
sens-s6-topo-x2,priority+topology_aware+easy_predicted,J,10,0.9285672361,0.4842142617,1.372920211
sens-s6-topo-x2,priority+topology_aware+easy_predicted,J_slowdown,10,0.1421753334,0.05681074449,0.2275399223
sens-s6-topo-x2,priority+topology_aware+easy_predicted,J_wait,10,0.4962234134,0.2132644185,0.7791824083
sens-s6-topo-x2,priority+topology_aware+easy_predicted,J_waste,10,0.07389759795,0.06390029345,0.08389490244
sens-s6-topo-x2,priority+topology_aware+easy_predicted,J_slo,10,0.1836122282,0.09972445565,0.2675000008
sens-s6-topo-x2,priority+topology_aware+easy_predicted,J_fairness,10,0.03265866321,0.002551035367,0.06276629105
sens-s6-topo-x2,priority+topology_aware+easy_predicted,wait_mean,10,2324.61332,609.5738965,4039.652743
sens-s6-topo-x2,priority+topology_aware+easy_predicted,wait_p95,10,12889.5953,5539.625846,20239.56475
sens-s6-topo-x2,priority+topology_aware+easy_predicted,wait_p99,10,19434.7235,10857.62142,28011.82558
sens-s6-topo-x2,priority+topology_aware+easy_predicted,jct_mean,10,4975.693017,3031.521632,6919.864401
sens-s6-topo-x2,priority+topology_aware+easy_predicted,jct_p95,10,18242.8241,10945.33446,25540.31374
sens-s6-topo-x2,priority+topology_aware+easy_predicted,bsld_mean,10,4.154246454,2.174987977,6.133504931
sens-s6-topo-x2,priority+topology_aware+easy_predicted,bsld_p95,10,16.38120332,6.545638643,26.216768
sens-s6-topo-x2,priority+topology_aware+easy_predicted,bsld_p99,10,48.87162198,26.05804984,71.68519412
sens-s6-topo-x2,priority+topology_aware+easy_predicted,wflow_mean,10,4.154246454,2.174987977,6.133504931
sens-s6-topo-x2,priority+topology_aware+easy_predicted,wflow_sum_all,10,9400.314754,4676.820687,14123.80882
sens-s6-topo-x2,priority+topology_aware+easy_predicted,large_wait_mean,10,7765.625397,2201.943927,13329.30687
sens-s6-topo-x2,priority+topology_aware+easy_predicted,large_wait_p95,10,19213.348,10705.73247,27720.96353
sens-s6-topo-x2,priority+topology_aware+easy_predicted,utilization,10,0.8662823652,0.8249061943,0.907658536
sens-s6-topo-x2,priority+topology_aware+easy_predicted,frag_blocked_frac,10,0.2932261165,0.2460999031,0.3403523299
sens-s6-topo-x2,priority+topology_aware+easy_predicted,stranded_frac,10,0.1467923421,0.1249499591,0.1686347252
sens-s6-topo-x2,priority+topology_aware+easy_predicted,goodput_ratio,10,0.9261024021,0.9161050976,0.9360997065
sens-s6-topo-x2,priority+topology_aware+easy_predicted,wasted_gpu_hours,10,434.208946,315.5132847,552.9046073
sens-s6-topo-x2,priority+topology_aware+easy_predicted,lost_gpu_hours,10,0,0,0
sens-s6-topo-x2,priority+topology_aware+easy_predicted,overhead_gpu_hours,10,0,0,0
sens-s6-topo-x2,priority+topology_aware+easy_predicted,topology_gpu_hours,10,434.2088868,315.5132256,552.9045479
sens-s6-topo-x2,priority+topology_aware+easy_predicted,slack_gpu_hours,10,5.922222218e-05,5.213222853e-05,6.631221584e-05
sens-s6-topo-x2,priority+topology_aware+easy_predicted,preemptions,10,0,0,0
sens-s6-topo-x2,priority+topology_aware+easy_predicted,failure_kills,10,0,0,0
sens-s6-topo-x2,priority+topology_aware+easy_predicted,node_downtime_gpu_hours,10,0,0,0
sens-s6-topo-x2,priority+topology_aware+easy_predicted,jain_bsld,10,0.9673413368,0.937233709,0.9974489646
sens-s6-topo-x2,priority+topology_aware+easy_predicted,tenant_worst_best_ratio,10,1.504988873,1.185216648,1.824761097
sens-s6-topo-x2,priority+topology_aware+easy_predicted,slo_attainment,10,0.8163877718,0.7324999992,0.9002755444
sens-s6-topo-x2,priority+topology_aware+easy_predicted,makespan,10,268981.8435,208808.1971,329155.4899
sens-s6-topo-x2,priority+topology_aware+easy_predicted,reservations,10,210.9,187.4480009,234.3519991
sens-s6-topo-x2,priority+topology_aware+easy_predicted,broken_reservations,10,178.8,158.6855907,198.9144093
sens-s6-topo-x2,priority+topology_aware+easy_predicted,tenant_t0_bsld_mean,10,4.241973288,2.054173684,6.429772892
sens-s6-topo-x2,priority+topology_aware+easy_predicted,tenant_t0_bsld_p95,10,17.86938361,6.299420897,29.43934632
sens-s6-topo-x2,priority+topology_aware+easy_predicted,tenant_t1_bsld_mean,10,3.931980326,2.058184724,5.805775929
sens-s6-topo-x2,priority+topology_aware+easy_predicted,tenant_t1_bsld_p95,10,15.79723431,5.79830096,25.79616765
sens-s6-topo-x2,priority+topology_aware+easy_predicted,tenant_t2_bsld_mean,10,4.070679291,2.09681918,6.044539402
sens-s6-topo-x2,priority+topology_aware+easy_predicted,tenant_t2_bsld_p95,10,16.00555254,7.646409471,24.36469561
sens-s6-topo-x2,priority+topology_aware+easy_predicted,tenant_t3_bsld_mean,10,4.723988947,2.453460287,6.994517608
sens-s6-topo-x2,priority+topology_aware+easy_predicted,tenant_t3_bsld_p95,10,18.89762932,7.913827243,29.8814314
sens-s6-topo-x2,priority+topology_aware+easy_predicted,prio_1_wait_p95,10,15535.7484,7616.580768,23454.91603
sens-s6-topo-x2,priority+topology_aware+easy_predicted,prio_1_bsld_p95,10,20.06741569,9.04477644,31.09005494
sens-s6-topo-x2,priority+topology_aware+easy_predicted,prio_8_wait_p95,10,8700.6826,2096.031922,15305.33328
sens-s6-topo-x2,priority+topology_aware+easy_predicted,prio_9_wait_p95,10,9245.3505,2396.396194,16094.30481
sens-s6-topo-x2,priority+topology_aware+easy_predicted+preempt,J,10,0.8384734338,0.2212894906,1.455657377
sens-s6-topo-x2,priority+topology_aware+easy_predicted+preempt,J_slowdown,10,0.1042072754,0.03714033828,0.1712742125
sens-s6-topo-x2,priority+topology_aware+easy_predicted+preempt,J_wait,10,0.5428963538,0.005461446249,1.080331261
sens-s6-topo-x2,priority+topology_aware+easy_predicted+preempt,J_waste,10,0.08799093271,0.07732924536,0.09865262006
sens-s6-topo-x2,priority+topology_aware+easy_predicted+preempt,J_slo,10,0.05413274949,0.02910410694,0.07916139204
sens-s6-topo-x2,priority+topology_aware+easy_predicted+preempt,J_fairness,10,0.04924612242,0.007837796135,0.0906544487
sens-s6-topo-x2,priority+topology_aware+easy_predicted+preempt,wait_mean,10,1852.637263,454.1591553,3251.115371
sens-s6-topo-x2,priority+topology_aware+easy_predicted+preempt,wait_p95,10,14101.943,141.863181,28062.02282
sens-s6-topo-x2,priority+topology_aware+easy_predicted+preempt,wait_p99,10,34701.8805,10662.17485,58741.58615
sens-s6-topo-x2,priority+topology_aware+easy_predicted+preempt,jct_mean,10,4743.45232,3063.264346,6423.640294
sens-s6-topo-x2,priority+topology_aware+easy_predicted+preempt,jct_p95,10,22922.3736,9338.053865,36506.69333
sens-s6-topo-x2,priority+topology_aware+easy_predicted+preempt,bsld_mean,10,3.401919235,2.085530741,4.718307729
sens-s6-topo-x2,priority+topology_aware+easy_predicted+preempt,bsld_p95,10,12.00658739,4.27924745,19.73392734
sens-s6-topo-x2,priority+topology_aware+easy_predicted+preempt,bsld_p99,10,48.30005365,22.34234334,74.25776396
sens-s6-topo-x2,priority+topology_aware+easy_predicted+preempt,wflow_mean,10,3.401919235,2.085530741,4.718307729
sens-s6-topo-x2,priority+topology_aware+easy_predicted+preempt,wflow_sum_all,10,7725.846801,4596.485085,10855.20852
sens-s6-topo-x2,priority+topology_aware+easy_predicted+preempt,large_wait_mean,10,7838.532632,1721.657607,13955.40766
sens-s6-topo-x2,priority+topology_aware+easy_predicted+preempt,large_wait_p95,10,34244.7956,10152.56765,58337.02355
sens-s6-topo-x2,priority+topology_aware+easy_predicted+preempt,utilization,10,0.8670350501,0.8288423478,0.9052277524
sens-s6-topo-x2,priority+topology_aware+easy_predicted+preempt,frag_blocked_frac,10,0.3318463855,0.2806539035,0.3830388675
sens-s6-topo-x2,priority+topology_aware+easy_predicted+preempt,stranded_frac,10,0.1652852746,0.1365062772,0.194064272
sens-s6-topo-x2,priority+topology_aware+easy_predicted+preempt,goodput_ratio,10,0.9120090673,0.9013473799,0.9226707546
sens-s6-topo-x2,priority+topology_aware+easy_predicted+preempt,wasted_gpu_hours,10,522.8278934,393.839534,651.8162528
sens-s6-topo-x2,priority+topology_aware+easy_predicted+preempt,lost_gpu_hours,10,17.67107978,12.17284387,23.16931568
sens-s6-topo-x2,priority+topology_aware+easy_predicted+preempt,overhead_gpu_hours,10,50.44809125,37.41965183,63.47653067
sens-s6-topo-x2,priority+topology_aware+easy_predicted+preempt,topology_gpu_hours,10,454.7086602,336.45091,572.9664104
sens-s6-topo-x2,priority+topology_aware+easy_predicted+preempt,slack_gpu_hours,10,6.214814811e-05,5.193189188e-05,7.236440434e-05
sens-s6-topo-x2,priority+topology_aware+easy_predicted+preempt,preemptions,10,352.8,264.6753069,440.9246931
sens-s6-topo-x2,priority+topology_aware+easy_predicted+preempt,failure_kills,10,0,0,0
sens-s6-topo-x2,priority+topology_aware+easy_predicted+preempt,node_downtime_gpu_hours,10,0,0,0
sens-s6-topo-x2,priority+topology_aware+easy_predicted+preempt,jain_bsld,10,0.9507538776,0.9093455513,0.9921622039
sens-s6-topo-x2,priority+topology_aware+easy_predicted+preempt,tenant_worst_best_ratio,10,1.740345855,1.320379895,2.160311814
sens-s6-topo-x2,priority+topology_aware+easy_predicted+preempt,slo_attainment,10,0.9458672505,0.920838608,0.9708958931
sens-s6-topo-x2,priority+topology_aware+easy_predicted+preempt,makespan,10,269596.3573,208702.1263,330490.5883
sens-s6-topo-x2,priority+topology_aware+easy_predicted+preempt,reservations,10,130.6,105.4860931,155.7139069
sens-s6-topo-x2,priority+topology_aware+easy_predicted+preempt,broken_reservations,10,108.6,89.30097228,127.8990277
sens-s6-topo-x2,priority+topology_aware+easy_predicted+preempt,tenant_t0_bsld_mean,10,3.399375331,1.844758234,4.953992428
sens-s6-topo-x2,priority+topology_aware+easy_predicted+preempt,tenant_t0_bsld_p95,10,10.86828011,3.980977014,17.75558321
sens-s6-topo-x2,priority+topology_aware+easy_predicted+preempt,tenant_t1_bsld_mean,10,3.240140057,2.037010183,4.443269932
sens-s6-topo-x2,priority+topology_aware+easy_predicted+preempt,tenant_t1_bsld_p95,10,11.50805573,4.054001876,18.96210958
sens-s6-topo-x2,priority+topology_aware+easy_predicted+preempt,tenant_t2_bsld_mean,10,3.490301503,1.868312865,5.112290141
sens-s6-topo-x2,priority+topology_aware+easy_predicted+preempt,tenant_t2_bsld_p95,10,13.83805375,3.212591121,24.46351638
sens-s6-topo-x2,priority+topology_aware+easy_predicted+preempt,tenant_t3_bsld_mean,10,3.781693136,2.363673533,5.199712739
sens-s6-topo-x2,priority+topology_aware+easy_predicted+preempt,tenant_t3_bsld_p95,10,14.72926775,6.633050121,22.82548538
sens-s6-topo-x2,priority+topology_aware+easy_predicted+preempt,prio_1_wait_p95,10,26969.5049,6307.331242,47631.67856
sens-s6-topo-x2,priority+topology_aware+easy_predicted+preempt,prio_1_bsld_p95,10,23.17882403,8.725262598,37.63238546
sens-s6-topo-x2,priority+topology_aware+easy_predicted+preempt,prio_8_wait_p95,10,1278.7951,534.580785,2023.009415
sens-s6-topo-x2,priority+topology_aware+easy_predicted+preempt,prio_9_wait_p95,10,3257.5012,1000.641926,5514.360474
