scenario,policy,baseline,metric,n,diff_mean,diff_ci95_low,diff_ci95_high,win,tie,loss
sens-s2-est-x0.5,shortest_estimate+topology_aware+conservative,fifo+first_fit+none,J,10,-1.881801886,-3.024231277,-0.7393724956,10,0,0
sens-s2-est-x0.5,shortest_estimate+topology_aware+conservative,fifo+first_fit+none,J_slowdown,10,-0.7531658996,-1.302009838,-0.2043219613,10,0,0
sens-s2-est-x0.5,shortest_estimate+topology_aware+conservative,fifo+first_fit+none,J_wait,10,-0.7959190304,-1.229606082,-0.3622319786,10,0,0
sens-s2-est-x0.5,shortest_estimate+topology_aware+conservative,fifo+first_fit+none,J_waste,10,-0.01458929687,-0.02018755514,-0.00899103861,10,0,0
sens-s2-est-x0.5,shortest_estimate+topology_aware+conservative,fifo+first_fit+none,J_slo,10,-0.28918378,-0.489063307,-0.08930425306,10,0,0
sens-s2-est-x0.5,shortest_estimate+topology_aware+conservative,fifo+first_fit+none,J_fairness,10,-0.02894387916,-0.05651491725,-0.001372841076,9,0,1
sens-s2-est-x0.5,shortest_estimate+topology_aware+conservative,fifo+first_fit+none,wait_mean,10,-4720.817823,-9063.771158,-377.864488,10,0,0
sens-s2-est-x0.5,shortest_estimate+topology_aware+conservative,fifo+first_fit+none,wait_p95,10,-10092.391,-15591.61785,-4593.164154,10,0,0
sens-s2-est-x0.5,shortest_estimate+topology_aware+conservative,fifo+first_fit+none,wait_p99,10,-8253.966,-12236.48219,-4271.449813,10,0,0
sens-s2-est-x0.5,shortest_estimate+topology_aware+conservative,fifo+first_fit+none,jct_mean,10,-4733.508276,-9073.697732,-393.3188189,10,0,0
sens-s2-est-x0.5,shortest_estimate+topology_aware+conservative,fifo+first_fit+none,jct_p95,10,-6107.5094,-10676.6859,-1538.332903,10,0,0
sens-s2-est-x0.5,shortest_estimate+topology_aware+conservative,fifo+first_fit+none,bsld_mean,10,-8.074037413,-14.97606174,-1.172013085,10,0,0
sens-s2-est-x0.5,shortest_estimate+topology_aware+conservative,fifo+first_fit+none,bsld_p95,10,-32.94009695,-56.94406811,-8.936125782,10,0,0
sens-s2-est-x0.5,shortest_estimate+topology_aware+conservative,fifo+first_fit+none,bsld_p99,10,-77.63453334,-129.8648282,-25.40423847,10,0,0
sens-s2-est-x0.5,shortest_estimate+topology_aware+conservative,fifo+first_fit+none,wflow_mean,10,-8.074037413,-14.97606174,-1.172013085,10,0,0
sens-s2-est-x0.5,shortest_estimate+topology_aware+conservative,fifo+first_fit+none,wflow_sum_all,10,-15938.91845,-28582.14333,-3295.693579,10,0,0
sens-s2-est-x0.5,shortest_estimate+topology_aware+conservative,fifo+first_fit+none,large_wait_mean,10,-4357.144914,-8286.378592,-427.9112359,10,0,0
sens-s2-est-x0.5,shortest_estimate+topology_aware+conservative,fifo+first_fit+none,large_wait_p95,10,-7250.9162,-11145.96473,-3355.867671,10,0,0
sens-s2-est-x0.5,shortest_estimate+topology_aware+conservative,fifo+first_fit+none,utilization,10,0.007963899446,-0.01418127488,0.03010907377,5,0,5
sens-s2-est-x0.5,shortest_estimate+topology_aware+conservative,fifo+first_fit+none,frag_blocked_frac,10,-0.360889782,-0.4570777821,-0.2647017819,10,0,0
sens-s2-est-x0.5,shortest_estimate+topology_aware+conservative,fifo+first_fit+none,stranded_frac,10,-0.06462454949,-0.08760872368,-0.04164037529,10,0,0
sens-s2-est-x0.5,shortest_estimate+topology_aware+conservative,fifo+first_fit+none,goodput_ratio,10,0.01458929687,0.00899103861,0.02018755514,10,0,0
sens-s2-est-x0.5,shortest_estimate+topology_aware+conservative,fifo+first_fit+none,wasted_gpu_hours,10,-71.93679133,-104.4024862,-39.4710965,10,0,0
sens-s2-est-x0.5,shortest_estimate+topology_aware+conservative,fifo+first_fit+none,lost_gpu_hours,10,0,0,0,0,10,0
sens-s2-est-x0.5,shortest_estimate+topology_aware+conservative,fifo+first_fit+none,overhead_gpu_hours,10,0,0,0,0,10,0
sens-s2-est-x0.5,shortest_estimate+topology_aware+conservative,fifo+first_fit+none,topology_gpu_hours,10,-71.93675327,-104.4024391,-39.47106743,10,0,0
sens-s2-est-x0.5,shortest_estimate+topology_aware+conservative,fifo+first_fit+none,slack_gpu_hours,10,-3.806060607e-05,-5.179803545e-05,-2.432317669e-05,10,0,0
sens-s2-est-x0.5,shortest_estimate+topology_aware+conservative,fifo+first_fit+none,preemptions,10,0,0,0,0,10,0
sens-s2-est-x0.5,shortest_estimate+topology_aware+conservative,fifo+first_fit+none,failure_kills,10,0,0,0,0,10,0
sens-s2-est-x0.5,shortest_estimate+topology_aware+conservative,fifo+first_fit+none,node_downtime_gpu_hours,10,0,0,0,0,10,0
sens-s2-est-x0.5,shortest_estimate+topology_aware+conservative,fifo+first_fit+none,jain_bsld,10,0.02894387916,0.001372841076,0.05651491725,9,0,1
sens-s2-est-x0.5,shortest_estimate+topology_aware+conservative,fifo+first_fit+none,tenant_worst_best_ratio,10,-0.4377454757,-0.724934634,-0.1505563174,9,0,1
sens-s2-est-x0.5,shortest_estimate+topology_aware+conservative,fifo+first_fit+none,slo_attainment,10,0.28918378,0.08930425306,0.489063307,10,0,0
sens-s2-est-x0.5,shortest_estimate+topology_aware+conservative,fifo+first_fit+none,makespan,10,-2310.7857,-8874.0152,4252.4438,6,3,1
sens-s2-est-x0.5,shortest_estimate+topology_aware+conservative,fifo+first_fit+none,reservations,10,283.8,181.6016689,385.9983311,0,0,10
sens-s2-est-x0.5,shortest_estimate+topology_aware+conservative,fifo+first_fit+none,broken_reservations,10,219.9,134.6911126,305.1088874,0,0,10
sens-s2-est-x0.5,shortest_estimate+topology_aware+conservative,fifo+first_fit+none,tenant_t0_bsld_mean,10,-8.777176553,-16.82555851,-0.7287945984,10,0,0
sens-s2-est-x0.5,shortest_estimate+topology_aware+conservative,fifo+first_fit+none,tenant_t0_bsld_p95,10,-38.88535716,-73.2736681,-4.497046207,10,0,0
sens-s2-est-x0.5,shortest_estimate+topology_aware+conservative,fifo+first_fit+none,tenant_t1_bsld_mean,10,-7.67251813,-14.45989238,-0.8851438831,10,0,0
sens-s2-est-x0.5,shortest_estimate+topology_aware+conservative,fifo+first_fit+none,tenant_t1_bsld_p95,10,-29.49850954,-51.27956981,-7.717449275,10,0,0
sens-s2-est-x0.5,shortest_estimate+topology_aware+conservative,fifo+first_fit+none,tenant_t2_bsld_mean,10,-7.282271479,-12.68587628,-1.878666677,10,0,0
sens-s2-est-x0.5,shortest_estimate+topology_aware+conservative,fifo+first_fit+none,tenant_t2_bsld_p95,10,-31.66767502,-50.9392143,-12.39613574,10,0,0
sens-s2-est-x0.5,shortest_estimate+topology_aware+conservative,fifo+first_fit+none,tenant_t3_bsld_mean,10,-8.313605856,-15.09009045,-1.537121264,10,0,0
sens-s2-est-x0.5,shortest_estimate+topology_aware+conservative,fifo+first_fit+none,tenant_t3_bsld_p95,10,-31.51132575,-49.68929215,-13.33335936,10,0,0
sens-s2-est-x0.5,shortest_estimate+topology_aware+conservative,fifo+first_fit+none,prio_1_wait_p95,10,-10135.6518,-15637.82539,-4633.478206,10,0,0
sens-s2-est-x0.5,shortest_estimate+topology_aware+conservative,fifo+first_fit+none,prio_1_bsld_p95,10,-34.07367362,-60.42851133,-7.718835913,10,0,0
sens-s2-est-x0.5,shortest_estimate+topology_aware+conservative,fifo+first_fit+none,prio_8_wait_p95,10,-9955.0954,-15770.49262,-4139.698175,10,0,0
sens-s2-est-x0.5,shortest_estimate+topology_aware+easy,fifo+first_fit+none,J,10,-1.889780623,-3.04827821,-0.7312830363,10,0,0
sens-s2-est-x0.5,shortest_estimate+topology_aware+easy,fifo+first_fit+none,J_slowdown,10,-0.7525390209,-1.301892175,-0.2031858665,10,0,0
sens-s2-est-x0.5,shortest_estimate+topology_aware+easy,fifo+first_fit+none,J_wait,10,-0.806993351,-1.255396087,-0.3585906146,10,0,0
sens-s2-est-x0.5,shortest_estimate+topology_aware+easy,fifo+first_fit+none,J_waste,10,-0.01357840308,-0.02064058268,-0.006516223483,9,0,1
sens-s2-est-x0.5,shortest_estimate+topology_aware+easy,fifo+first_fit+none,J_slo,10,-0.2887771189,-0.4873378407,-0.090216397,10,0,0
sens-s2-est-x0.5,shortest_estimate+topology_aware+easy,fifo+first_fit+none,J_fairness,10,-0.02789272943,-0.05571121301,-7.42458539e-05,10,0,0
sens-s2-est-x0.5,shortest_estimate+topology_aware+easy,fifo+first_fit+none,wait_mean,10,-4726.518379,-9108.408698,-344.6280599,10,0,0
sens-s2-est-x0.5,shortest_estimate+topology_aware+easy,fifo+first_fit+none,wait_p95,10,-10232.8153,-15918.63957,-4546.99103,10,0,0
sens-s2-est-x0.5,shortest_estimate+topology_aware+easy,fifo+first_fit+none,wait_p99,10,-8155.4308,-12425.21008,-3885.651518,10,0,0
sens-s2-est-x0.5,shortest_estimate+topology_aware+easy,fifo+first_fit+none,jct_mean,10,-4738.755473,-9118.300326,-359.2106199,10,0,0
sens-s2-est-x0.5,shortest_estimate+topology_aware+easy,fifo+first_fit+none,jct_p95,10,-6201.8632,-10957.78012,-1445.946282,10,0,0
sens-s2-est-x0.5,shortest_estimate+topology_aware+easy,fifo+first_fit+none,bsld_mean,10,-8.066769528,-14.98117069,-1.152368365,10,0,0
sens-s2-est-x0.5,shortest_estimate+topology_aware+easy,fifo+first_fit+none,bsld_p95,10,-32.91268009,-56.93892208,-8.886438095,10,0,0
sens-s2-est-x0.5,shortest_estimate+topology_aware+easy,fifo+first_fit+none,bsld_p99,10,-77.38184343,-129.7884567,-24.97523017,10,0,0
sens-s2-est-x0.5,shortest_estimate+topology_aware+easy,fifo+first_fit+none,wflow_mean,10,-8.066769528,-14.98117069,-1.152368365,10,0,0
sens-s2-est-x0.5,shortest_estimate+topology_aware+easy,fifo+first_fit+none,wflow_sum_all,10,-15911.44461,-28543.96335,-3278.92586,10,0,0
sens-s2-est-x0.5,shortest_estimate+topology_aware+easy,fifo+first_fit+none,large_wait_mean,10,-4309.234915,-8315.520985,-302.9488446,10,0,0
sens-s2-est-x0.5,shortest_estimate+topology_aware+easy,fifo+first_fit+none,large_wait_p95,10,-6911.0777,-10889.24815,-2932.907251,10,0,0
sens-s2-est-x0.5,shortest_estimate+topology_aware+easy,fifo+first_fit+none,utilization,10,0.00641355313,-0.01236682835,0.02519393461,5,0,5
sens-s2-est-x0.5,shortest_estimate+topology_aware+easy,fifo+first_fit+none,frag_blocked_frac,10,-0.3452303878,-0.4211227698,-0.2693380059,10,0,0
sens-s2-est-x0.5,shortest_estimate+topology_aware+easy,fifo+first_fit+none,stranded_frac,10,-0.06117550902,-0.08169217074,-0.0406588473,10,0,0
sens-s2-est-x0.5,shortest_estimate+topology_aware+easy,fifo+first_fit+none,goodput_ratio,10,0.01357840308,0.006516223483,0.02064058268,9,0,1
sens-s2-est-x0.5,shortest_estimate+topology_aware+easy,fifo+first_fit+none,wasted_gpu_hours,10,-69.72179511,-111.527529,-27.91606119,9,0,1
sens-s2-est-x0.5,shortest_estimate+topology_aware+easy,fifo+first_fit+none,lost_gpu_hours,10,0,0,0,0,10,0
sens-s2-est-x0.5,shortest_estimate+topology_aware+easy,fifo+first_fit+none,overhead_gpu_hours,10,0,0,0,0,10,0
sens-s2-est-x0.5,shortest_estimate+topology_aware+easy,fifo+first_fit+none,topology_gpu_hours,10,-69.72175828,-111.5274804,-27.91603619,9,0,1
sens-s2-est-x0.5,shortest_estimate+topology_aware+easy,fifo+first_fit+none,slack_gpu_hours,10,-3.683232324e-05,-5.234694436e-05,-2.131770212e-05,10,0,0
sens-s2-est-x0.5,shortest_estimate+topology_aware+easy,fifo+first_fit+none,preemptions,10,0,0,0,0,10,0
sens-s2-est-x0.5,shortest_estimate+topology_aware+easy,fifo+first_fit+none,failure_kills,10,0,0,0,0,10,0
sens-s2-est-x0.5,shortest_estimate+topology_aware+easy,fifo+first_fit+none,node_downtime_gpu_hours,10,0,0,0,0,10,0
sens-s2-est-x0.5,shortest_estimate+topology_aware+easy,fifo+first_fit+none,jain_bsld,10,0.02789272943,7.42458539e-05,0.05571121301,10,0,0
sens-s2-est-x0.5,shortest_estimate+topology_aware+easy,fifo+first_fit+none,tenant_worst_best_ratio,10,-0.4079541454,-0.7045478644,-0.1113604265,9,0,1
sens-s2-est-x0.5,shortest_estimate+topology_aware+easy,fifo+first_fit+none,slo_attainment,10,0.2887771189,0.090216397,0.4873378407,10,0,0
sens-s2-est-x0.5,shortest_estimate+topology_aware+easy,fifo+first_fit+none,makespan,10,-3829.0626,-8469.392759,811.2675593,6,3,1
sens-s2-est-x0.5,shortest_estimate+topology_aware+easy,fifo+first_fit+none,reservations,10,180.8,137.9531004,223.6468996,0,0,10
sens-s2-est-x0.5,shortest_estimate+topology_aware+easy,fifo+first_fit+none,broken_reservations,10,144.3,105.8033547,182.7966453,0,0,10
sens-s2-est-x0.5,shortest_estimate+topology_aware+easy,fifo+first_fit+none,tenant_t0_bsld_mean,10,-8.761291752,-16.82038995,-0.7021935539,10,0,0
sens-s2-est-x0.5,shortest_estimate+topology_aware+easy,fifo+first_fit+none,tenant_t0_bsld_p95,10,-38.85932647,-73.21316742,-4.505485513,10,0,0
sens-s2-est-x0.5,shortest_estimate+topology_aware+easy,fifo+first_fit+none,tenant_t1_bsld_mean,10,-7.677319296,-14.48804196,-0.8665966302,10,0,0
sens-s2-est-x0.5,shortest_estimate+topology_aware+easy,fifo+first_fit+none,tenant_t1_bsld_p95,10,-29.59763195,-51.46899265,-7.726271245,10,0,0
sens-s2-est-x0.5,shortest_estimate+topology_aware+easy,fifo+first_fit+none,tenant_t2_bsld_mean,10,-7.272248242,-12.67341355,-1.871082936,10,0,0
sens-s2-est-x0.5,shortest_estimate+topology_aware+easy,fifo+first_fit+none,tenant_t2_bsld_p95,10,-31.65989941,-50.94012005,-12.37967876,10,0,0
sens-s2-est-x0.5,shortest_estimate+topology_aware+easy,fifo+first_fit+none,tenant_t3_bsld_mean,10,-8.312028114,-15.1056398,-1.518416428,10,0,0
sens-s2-est-x0.5,shortest_estimate+topology_aware+easy,fifo+first_fit+none,tenant_t3_bsld_p95,10,-31.36064563,-49.60261005,-13.11868121,10,0,0
sens-s2-est-x0.5,shortest_estimate+topology_aware+easy,fifo+first_fit+none,prio_1_wait_p95,10,-10322.1735,-16132.8058,-4511.541203,10,0,0
sens-s2-est-x0.5,shortest_estimate+topology_aware+easy,fifo+first_fit+none,prio_1_bsld_p95,10,-34.0642013,-60.47754485,-7.650857748,10,0,0
sens-s2-est-x0.5,shortest_estimate+topology_aware+easy,fifo+first_fit+none,prio_8_wait_p95,10,-9990.0274,-15781.91639,-4198.138412,10,0,0
sens-s2-est-x0.5,shortest_estimate+topology_aware+easy_oracle,fifo+first_fit+none,J,10,-1.895692176,-3.061608257,-0.7297760947,10,0,0
sens-s2-est-x0.5,shortest_estimate+topology_aware+easy_oracle,fifo+first_fit+none,J_slowdown,10,-0.753092517,-1.303010743,-0.2031742909,10,0,0
sens-s2-est-x0.5,shortest_estimate+topology_aware+easy_oracle,fifo+first_fit+none,J_wait,10,-0.8095629295,-1.262011815,-0.3571140435,10,0,0
sens-s2-est-x0.5,shortest_estimate+topology_aware+easy_oracle,fifo+first_fit+none,J_waste,10,-0.01417714352,-0.02087329746,-0.007480989577,10,0,0
sens-s2-est-x0.5,shortest_estimate+topology_aware+easy_oracle,fifo+first_fit+none,J_slo,10,-0.2897960088,-0.4893469228,-0.09024509475,10,0,0
sens-s2-est-x0.5,shortest_estimate+topology_aware+easy_oracle,fifo+first_fit+none,J_fairness,10,-0.02906357709,-0.05693387028,-0.001193283898,9,0,1
sens-s2-est-x0.5,shortest_estimate+topology_aware+easy_oracle,fifo+first_fit+none,wait_mean,10,-4736.471259,-9124.180188,-348.7623299,10,0,0
sens-s2-est-x0.5,shortest_estimate+topology_aware+easy_oracle,fifo+first_fit+none,wait_p95,10,-10265.398,-16002.52815,-4528.267853,10,0,0
sens-s2-est-x0.5,shortest_estimate+topology_aware+easy_oracle,fifo+first_fit+none,wait_p99,10,-8220.3814,-12564.58721,-3876.175587,10,0,0
sens-s2-est-x0.5,shortest_estimate+topology_aware+easy_oracle,fifo+first_fit+none,jct_mean,10,-4748.826313,-9135.769067,-361.8835584,10,0,0
sens-s2-est-x0.5,shortest_estimate+topology_aware+easy_oracle,fifo+first_fit+none,jct_p95,10,-6233.4537,-11004.72511,-1462.182287,10,0,0
sens-s2-est-x0.5,shortest_estimate+topology_aware+easy_oracle,fifo+first_fit+none,bsld_mean,10,-8.077323771,-14.9885225,-1.166125041,10,0,0
sens-s2-est-x0.5,shortest_estimate+topology_aware+easy_oracle,fifo+first_fit+none,bsld_p95,10,-32.93688752,-56.98784322,-8.885931828,10,0,0
sens-s2-est-x0.5,shortest_estimate+topology_aware+easy_oracle,fifo+first_fit+none,bsld_p99,10,-77.76042767,-130.1804692,-25.34038617,10,0,0
sens-s2-est-x0.5,shortest_estimate+topology_aware+easy_oracle,fifo+first_fit+none,wflow_mean,10,-8.077323771,-14.9885225,-1.166125041,10,0,0
sens-s2-est-x0.5,shortest_estimate+topology_aware+easy_oracle,fifo+first_fit+none,wflow_sum_all,10,-15936.46883,-28576.29543,-3296.642222,10,0,0
sens-s2-est-x0.5,shortest_estimate+topology_aware+easy_oracle,fifo+first_fit+none,large_wait_mean,10,-4379.198483,-8450.549576,-307.8473892,10,0,0
sens-s2-est-x0.5,shortest_estimate+topology_aware+easy_oracle,fifo+first_fit+none,large_wait_p95,10,-7051.6158,-11154.77376,-2948.457837,10,0,0
sens-s2-est-x0.5,shortest_estimate+topology_aware+easy_oracle,fifo+first_fit+none,utilization,10,0.008283200227,-0.01497950869,0.03154590914,5,0,5
sens-s2-est-x0.5,shortest_estimate+topology_aware+easy_oracle,fifo+first_fit+none,frag_blocked_frac,10,-0.3577640443,-0.4530310196,-0.2624970691,10,0,0
sens-s2-est-x0.5,shortest_estimate+topology_aware+easy_oracle,fifo+first_fit+none,stranded_frac,10,-0.06046375955,-0.08444098868,-0.03648653041,10,0,0
sens-s2-est-x0.5,shortest_estimate+topology_aware+easy_oracle,fifo+first_fit+none,goodput_ratio,10,0.01417714352,0.007480989577,0.02087329746,10,0,0
sens-s2-est-x0.5,shortest_estimate+topology_aware+easy_oracle,fifo+first_fit+none,wasted_gpu_hours,10,-73.53398267,-115.5583124,-31.50965298,10,0,0
sens-s2-est-x0.5,shortest_estimate+topology_aware+easy_oracle,fifo+first_fit+none,lost_gpu_hours,10,0,0,0,0,10,0
sens-s2-est-x0.5,shortest_estimate+topology_aware+easy_oracle,fifo+first_fit+none,overhead_gpu_hours,10,0,0,0,0,10,0
sens-s2-est-x0.5,shortest_estimate+topology_aware+easy_oracle,fifo+first_fit+none,topology_gpu_hours,10,-73.53394574,-115.5582638,-31.50962768,10,0,0
sens-s2-est-x0.5,shortest_estimate+topology_aware+easy_oracle,fifo+first_fit+none,slack_gpu_hours,10,-3.692929294e-05,-5.100874205e-05,-2.284984383e-05,10,0,0
sens-s2-est-x0.5,shortest_estimate+topology_aware+easy_oracle,fifo+first_fit+none,preemptions,10,0,0,0,0,10,0
sens-s2-est-x0.5,shortest_estimate+topology_aware+easy_oracle,fifo+first_fit+none,failure_kills,10,0,0,0,0,10,0
sens-s2-est-x0.5,shortest_estimate+topology_aware+easy_oracle,fifo+first_fit+none,node_downtime_gpu_hours,10,0,0,0,0,10,0
sens-s2-est-x0.5,shortest_estimate+topology_aware+easy_oracle,fifo+first_fit+none,jain_bsld,10,0.02906357709,0.001193283898,0.05693387028,9,0,1
sens-s2-est-x0.5,shortest_estimate+topology_aware+easy_oracle,fifo+first_fit+none,tenant_worst_best_ratio,10,-0.4384861537,-0.7325808767,-0.1443914307,9,0,1
sens-s2-est-x0.5,shortest_estimate+topology_aware+easy_oracle,fifo+first_fit+none,slo_attainment,10,0.2897960088,0.09024509475,0.4893469228,10,0,0
sens-s2-est-x0.5,shortest_estimate+topology_aware+easy_oracle,fifo+first_fit+none,makespan,10,-2317.6541,-8885.380892,4250.072692,5,3,2
sens-s2-est-x0.5,shortest_estimate+topology_aware+easy_oracle,fifo+first_fit+none,reservations,10,193.1,138.5507329,247.6492671,0,0,10
sens-s2-est-x0.5,shortest_estimate+topology_aware+easy_oracle,fifo+first_fit+none,broken_reservations,10,46.3,28.60610007,63.99389993,0,0,10
sens-s2-est-x0.5,shortest_estimate+topology_aware+easy_oracle,fifo+first_fit+none,tenant_t0_bsld_mean,10,-8.777660217,-16.83538567,-0.719934767,10,0,0
sens-s2-est-x0.5,shortest_estimate+topology_aware+easy_oracle,fifo+first_fit+none,tenant_t0_bsld_p95,10,-38.90310283,-73.33397623,-4.472229421,10,0,0
sens-s2-est-x0.5,shortest_estimate+topology_aware+easy_oracle,fifo+first_fit+none,tenant_t1_bsld_mean,10,-7.676156424,-14.47217392,-0.880138928,10,0,0
sens-s2-est-x0.5,shortest_estimate+topology_aware+easy_oracle,fifo+first_fit+none,tenant_t1_bsld_p95,10,-29.56808842,-51.41176801,-7.724408836,10,0,0
sens-s2-est-x0.5,shortest_estimate+topology_aware+easy_oracle,fifo+first_fit+none,tenant_t2_bsld_mean,10,-7.294772543,-12.70414241,-1.885402677,10,0,0
sens-s2-est-x0.5,shortest_estimate+topology_aware+easy_oracle,fifo+first_fit+none,tenant_t2_bsld_p95,10,-31.70221131,-51.0384884,-12.36593423,10,0,0
sens-s2-est-x0.5,shortest_estimate+topology_aware+easy_oracle,fifo+first_fit+none,tenant_t3_bsld_mean,10,-8.309725218,-15.10048326,-1.518967179,10,0,0
sens-s2-est-x0.5,shortest_estimate+topology_aware+easy_oracle,fifo+first_fit+none,tenant_t3_bsld_p95,10,-31.36171016,-49.60155981,-13.12186051,10,0,0
sens-s2-est-x0.5,shortest_estimate+topology_aware+easy_oracle,fifo+first_fit+none,prio_1_wait_p95,10,-10284.3228,-16042.00577,-4526.63983,10,0,0
sens-s2-est-x0.5,shortest_estimate+topology_aware+easy_oracle,fifo+first_fit+none,prio_1_bsld_p95,10,-34.09835377,-60.55282778,-7.643879763,10,0,0
sens-s2-est-x0.5,shortest_estimate+topology_aware+easy_oracle,fifo+first_fit+none,prio_8_wait_p95,10,-10131.3899,-16021.99918,-4240.780616,10,0,0
sens-s2-est-x0.5,shortest_estimate+topology_aware+easy_predicted,fifo+first_fit+none,J,10,-1.880803258,-3.034253372,-0.7273531434,10,0,0
sens-s2-est-x0.5,shortest_estimate+topology_aware+easy_predicted,fifo+first_fit+none,J_slowdown,10,-0.7507942233,-1.30002142,-0.2015670266,10,0,0
sens-s2-est-x0.5,shortest_estimate+topology_aware+easy_predicted,fifo+first_fit+none,J_wait,10,-0.8008790968,-1.24594527,-0.3558129232,10,0,0
sens-s2-est-x0.5,shortest_estimate+topology_aware+easy_predicted,fifo+first_fit+none,J_waste,10,-0.01235078892,-0.0184959232,-0.006205654634,10,0,0
sens-s2-est-x0.5,shortest_estimate+topology_aware+easy_predicted,fifo+first_fit+none,J_slo,10,-0.2879982359,-0.4870139897,-0.08898248213,10,0,0
sens-s2-est-x0.5,shortest_estimate+topology_aware+easy_predicted,fifo+first_fit+none,J_fairness,10,-0.02878091277,-0.05652735081,-0.001034474736,10,0,0
sens-s2-est-x0.5,shortest_estimate+topology_aware+easy_predicted,fifo+first_fit+none,wait_mean,10,-4709.940811,-9093.068265,-326.8133573,10,0,0
sens-s2-est-x0.5,shortest_estimate+topology_aware+easy_predicted,fifo+first_fit+none,wait_p95,10,-10155.2855,-15798.80158,-4511.769422,10,0,0
sens-s2-est-x0.5,shortest_estimate+topology_aware+easy_predicted,fifo+first_fit+none,wait_p99,10,-8091.6873,-12773.3316,-3410.043,10,0,0
sens-s2-est-x0.5,shortest_estimate+topology_aware+easy_predicted,fifo+first_fit+none,jct_mean,10,-4721.105979,-9102.226761,-339.985198,10,0,0
sens-s2-est-x0.5,shortest_estimate+topology_aware+easy_predicted,fifo+first_fit+none,jct_p95,10,-6201.8906,-10908.37818,-1495.403023,10,0,0
sens-s2-est-x0.5,shortest_estimate+topology_aware+easy_predicted,fifo+first_fit+none,bsld_mean,10,-8.060705057,-14.96698207,-1.154428042,10,0,0
sens-s2-est-x0.5,shortest_estimate+topology_aware+easy_predicted,fifo+first_fit+none,bsld_p95,10,-32.83637047,-56.85710364,-8.815637299,10,0,0
sens-s2-est-x0.5,shortest_estimate+topology_aware+easy_predicted,fifo+first_fit+none,bsld_p99,10,-77.32011016,-129.7640361,-24.87618423,10,0,0
sens-s2-est-x0.5,shortest_estimate+topology_aware+easy_predicted,fifo+first_fit+none,wflow_mean,10,-8.060705057,-14.96698207,-1.154428042,10,0,0
sens-s2-est-x0.5,shortest_estimate+topology_aware+easy_predicted,fifo+first_fit+none,wflow_sum_all,10,-15907.11603,-28530.36268,-3283.869386,10,0,0
sens-s2-est-x0.5,shortest_estimate+topology_aware+easy_predicted,fifo+first_fit+none,large_wait_mean,10,-4247.95891,-8299.3861,-196.5317208,10,0,0
sens-s2-est-x0.5,shortest_estimate+topology_aware+easy_predicted,fifo+first_fit+none,large_wait_p95,10,-7074.4559,-11701.60469,-2447.307112,10,0,0
sens-s2-est-x0.5,shortest_estimate+topology_aware+easy_predicted,fifo+first_fit+none,utilization,10,0.007985682372,-0.01233709336,0.0283084581,6,0,4
sens-s2-est-x0.5,shortest_estimate+topology_aware+easy_predicted,fifo+first_fit+none,frag_blocked_frac,10,-0.3397768024,-0.4319220697,-0.2476315351,10,0,0
sens-s2-est-x0.5,shortest_estimate+topology_aware+easy_predicted,fifo+first_fit+none,stranded_frac,10,-0.06005536034,-0.08004491204,-0.04006580864,10,0,0
sens-s2-est-x0.5,shortest_estimate+topology_aware+easy_predicted,fifo+first_fit+none,goodput_ratio,10,0.01235078892,0.006205654634,0.0184959232,10,0,0
sens-s2-est-x0.5,shortest_estimate+topology_aware+easy_predicted,fifo+first_fit+none,wasted_gpu_hours,10,-58.09673911,-90.34776072,-25.8457175,10,0,0
sens-s2-est-x0.5,shortest_estimate+topology_aware+easy_predicted,fifo+first_fit+none,lost_gpu_hours,10,0,0,0,0,10,0
sens-s2-est-x0.5,shortest_estimate+topology_aware+easy_predicted,fifo+first_fit+none,overhead_gpu_hours,10,0,0,0,0,10,0
sens-s2-est-x0.5,shortest_estimate+topology_aware+easy_predicted,fifo+first_fit+none,topology_gpu_hours,10,-58.0967034,-90.34771704,-25.84568976,10,0,0
sens-s2-est-x0.5,shortest_estimate+topology_aware+easy_predicted,fifo+first_fit+none,slack_gpu_hours,10,-3.571313132e-05,-4.793040553e-05,-2.349585711e-05,10,0,0
sens-s2-est-x0.5,shortest_estimate+topology_aware+easy_predicted,fifo+first_fit+none,preemptions,10,0,0,0,0,10,0
sens-s2-est-x0.5,shortest_estimate+topology_aware+easy_predicted,fifo+first_fit+none,failure_kills,10,0,0,0,0,10,0
sens-s2-est-x0.5,shortest_estimate+topology_aware+easy_predicted,fifo+first_fit+none,node_downtime_gpu_hours,10,0,0,0,0,10,0
sens-s2-est-x0.5,shortest_estimate+topology_aware+easy_predicted,fifo+first_fit+none,jain_bsld,10,0.02878091277,0.001034474736,0.05652735081,10,0,0
sens-s2-est-x0.5,shortest_estimate+topology_aware+easy_predicted,fifo+first_fit+none,tenant_worst_best_ratio,10,-0.4276242046,-0.7233426448,-0.1319057644,10,0,0
sens-s2-est-x0.5,shortest_estimate+topology_aware+easy_predicted,fifo+first_fit+none,slo_attainment,10,0.2879982359,0.08898248213,0.4870139897,10,0,0
sens-s2-est-x0.5,shortest_estimate+topology_aware+easy_predicted,fifo+first_fit+none,makespan,10,-1311.3324,-9559.542284,6936.877484,5,3,2
sens-s2-est-x0.5,shortest_estimate+topology_aware+easy_predicted,fifo+first_fit+none,reservations,10,191.3,139.1142901,243.4857099,0,0,10
sens-s2-est-x0.5,shortest_estimate+topology_aware+easy_predicted,fifo+first_fit+none,broken_reservations,10,161.1,115.4098384,206.7901616,0,0,10
sens-s2-est-x0.5,shortest_estimate+topology_aware+easy_predicted,fifo+first_fit+none,tenant_t0_bsld_mean,10,-8.745986513,-16.79519732,-0.6967757039,10,0,0
sens-s2-est-x0.5,shortest_estimate+topology_aware+easy_predicted,fifo+first_fit+none,tenant_t0_bsld_p95,10,-38.73761787,-73.09688363,-4.378352112,10,0,0
sens-s2-est-x0.5,shortest_estimate+topology_aware+easy_predicted,fifo+first_fit+none,tenant_t1_bsld_mean,10,-7.672335897,-14.47198839,-0.8726834073,10,0,0
sens-s2-est-x0.5,shortest_estimate+topology_aware+easy_predicted,fifo+first_fit+none,tenant_t1_bsld_p95,10,-29.50967104,-51.3740953,-7.645246773,10,0,0
sens-s2-est-x0.5,shortest_estimate+topology_aware+easy_predicted,fifo+first_fit+none,tenant_t2_bsld_mean,10,-7.292911431,-12.69314147,-1.892681392,10,0,0
sens-s2-est-x0.5,shortest_estimate+topology_aware+easy_predicted,fifo+first_fit+none,tenant_t2_bsld_p95,10,-31.68611528,-51.00247996,-12.3697506,10,0,0
sens-s2-est-x0.5,shortest_estimate+topology_aware+easy_predicted,fifo+first_fit+none,tenant_t3_bsld_mean,10,-8.285556292,-15.07779502,-1.493317564,10,0,0
sens-s2-est-x0.5,shortest_estimate+topology_aware+easy_predicted,fifo+first_fit+none,tenant_t3_bsld_p95,10,-31.33326459,-49.53342132,-13.13310785,10,0,0
sens-s2-est-x0.5,shortest_estimate+topology_aware+easy_predicted,fifo+first_fit+none,prio_1_wait_p95,10,-10264.3422,-16028.05492,-4500.629483,10,0,0
sens-s2-est-x0.5,shortest_estimate+topology_aware+easy_predicted,fifo+first_fit+none,prio_1_bsld_p95,10,-33.92864847,-60.29340865,-7.563888296,10,0,0
sens-s2-est-x0.5,shortest_estimate+topology_aware+easy_predicted,fifo+first_fit+none,prio_8_wait_p95,10,-9712.7053,-15270.87845,-4154.532148,10,0,0
sens-s2-est-x0.5,shortest_estimate+topology_aware+none,fifo+first_fit+none,J,10,-1.699517648,-2.784725894,-0.6143094015,10,0,0
sens-s2-est-x0.5,shortest_estimate+topology_aware+none,fifo+first_fit+none,J_slowdown,10,-0.7396699583,-1.288546132,-0.1907937841,10,0,0
sens-s2-est-x0.5,shortest_estimate+topology_aware+none,fifo+first_fit+none,J_wait,10,-0.6502273431,-1.045631143,-0.2548235431,10,0,0
sens-s2-est-x0.5,shortest_estimate+topology_aware+none,fifo+first_fit+none,J_waste,10,-0.0134002791,-0.01943433549,-0.007366222709,10,0,0
sens-s2-est-x0.5,shortest_estimate+topology_aware+none,fifo+first_fit+none,J_slo,10,-0.267526548,-0.4561373682,-0.07891572787,10,0,0
sens-s2-est-x0.5,shortest_estimate+topology_aware+none,fifo+first_fit+none,J_fairness,10,-0.02869351909,-0.05703982047,-0.0003472177092,10,0,0
sens-s2-est-x0.5,shortest_estimate+topology_aware+none,fifo+first_fit+none,wait_mean,10,-4376.279082,-8566.293747,-186.264416,10,0,0
sens-s2-est-x0.5,shortest_estimate+topology_aware+none,fifo+first_fit+none,wait_p95,10,-8244.9952,-13258.78379,-3231.206611,10,0,0
sens-s2-est-x0.5,shortest_estimate+topology_aware+none,fifo+first_fit+none,wait_p99,10,-4775.9738,-8660.376821,-891.5707789,9,0,1
sens-s2-est-x0.5,shortest_estimate+topology_aware+none,fifo+first_fit+none,jct_mean,10,-4389.000382,-8578.069649,-199.931115,10,0,0
sens-s2-est-x0.5,shortest_estimate+topology_aware+none,fifo+first_fit+none,jct_p95,10,-4590.1116,-8466.673092,-713.5501078,10,0,0
sens-s2-est-x0.5,shortest_estimate+topology_aware+none,fifo+first_fit+none,bsld_mean,10,-7.958370812,-14.83187819,-1.084863436,10,0,0
sens-s2-est-x0.5,shortest_estimate+topology_aware+none,fifo+first_fit+none,bsld_p95,10,-32.34984503,-56.35522605,-8.344464015,10,0,0
sens-s2-est-x0.5,shortest_estimate+topology_aware+none,fifo+first_fit+none,bsld_p99,10,-77.17358978,-129.6198097,-24.72736991,10,0,0
sens-s2-est-x0.5,shortest_estimate+topology_aware+none,fifo+first_fit+none,wflow_mean,10,-7.958370812,-14.83187819,-1.084863436,10,0,0
sens-s2-est-x0.5,shortest_estimate+topology_aware+none,fifo+first_fit+none,wflow_sum_all,10,-15721.7974,-28311.83251,-3131.762291,10,0,0
sens-s2-est-x0.5,shortest_estimate+topology_aware+none,fifo+first_fit+none,large_wait_mean,10,-4352.897678,-8464.87709,-240.9182669,10,0,0
sens-s2-est-x0.5,shortest_estimate+topology_aware+none,fifo+first_fit+none,large_wait_p95,10,-7571.8069,-12396.02999,-2747.583807,10,0,0
sens-s2-est-x0.5,shortest_estimate+topology_aware+none,fifo+first_fit+none,utilization,10,0.004891826994,-0.01202381671,0.02180747069,6,0,4
sens-s2-est-x0.5,shortest_estimate+topology_aware+none,fifo+first_fit+none,frag_blocked_frac,10,-0.2594252181,-0.32271512,-0.1961353162,10,0,0
sens-s2-est-x0.5,shortest_estimate+topology_aware+none,fifo+first_fit+none,stranded_frac,10,-0.04812252716,-0.06588386832,-0.030361186,10,0,0
sens-s2-est-x0.5,shortest_estimate+topology_aware+none,fifo+first_fit+none,goodput_ratio,10,0.0134002791,0.007366222709,0.01943433549,10,0,0
sens-s2-est-x0.5,shortest_estimate+topology_aware+none,fifo+first_fit+none,wasted_gpu_hours,10,-65.39436844,-98.50610956,-32.28262732,10,0,0
sens-s2-est-x0.5,shortest_estimate+topology_aware+none,fifo+first_fit+none,lost_gpu_hours,10,0,0,0,0,10,0
sens-s2-est-x0.5,shortest_estimate+topology_aware+none,fifo+first_fit+none,overhead_gpu_hours,10,0,0,0,0,10,0
sens-s2-est-x0.5,shortest_estimate+topology_aware+none,fifo+first_fit+none,topology_gpu_hours,10,-65.39433593,-98.50606686,-32.28260499,10,0,0
sens-s2-est-x0.5,shortest_estimate+topology_aware+none,fifo+first_fit+none,slack_gpu_hours,10,-3.251717172e-05,-4.664469094e-05,-1.838965251e-05,10,0,0
sens-s2-est-x0.5,shortest_estimate+topology_aware+none,fifo+first_fit+none,preemptions,10,0,0,0,0,10,0
sens-s2-est-x0.5,shortest_estimate+topology_aware+none,fifo+first_fit+none,failure_kills,10,0,0,0,0,10,0
sens-s2-est-x0.5,shortest_estimate+topology_aware+none,fifo+first_fit+none,node_downtime_gpu_hours,10,0,0,0,0,10,0
sens-s2-est-x0.5,shortest_estimate+topology_aware+none,fifo+first_fit+none,jain_bsld,10,0.02869351909,0.0003472177092,0.05703982047,10,0,0
sens-s2-est-x0.5,shortest_estimate+topology_aware+none,fifo+first_fit+none,tenant_worst_best_ratio,10,-0.4365370915,-0.743329974,-0.129744209,10,0,0
sens-s2-est-x0.5,shortest_estimate+topology_aware+none,fifo+first_fit+none,slo_attainment,10,0.267526548,0.07891572787,0.4561373682,10,0,0
sens-s2-est-x0.5,shortest_estimate+topology_aware+none,fifo+first_fit+none,makespan,10,827.9202,-6788.515939,8444.356339,4,3,3
sens-s2-est-x0.5,shortest_estimate+topology_aware+none,fifo+first_fit+none,reservations,10,0,0,0,0,10,0
sens-s2-est-x0.5,shortest_estimate+topology_aware+none,fifo+first_fit+none,broken_reservations,10,0,0,0,0,10,0
sens-s2-est-x0.5,shortest_estimate+topology_aware+none,fifo+first_fit+none,tenant_t0_bsld_mean,10,-8.6564291,-16.68343143,-0.6294267699,10,0,0
sens-s2-est-x0.5,shortest_estimate+topology_aware+none,fifo+first_fit+none,tenant_t0_bsld_p95,10,-38.29328068,-72.67366777,-3.912893594,10,0,0
sens-s2-est-x0.5,shortest_estimate+topology_aware+none,fifo+first_fit+none,tenant_t1_bsld_mean,10,-7.571488495,-14.34205305,-0.8009239349,10,0,0
sens-s2-est-x0.5,shortest_estimate+topology_aware+none,fifo+first_fit+none,tenant_t1_bsld_p95,10,-29.04683774,-50.84710504,-7.246570439,10,0,0
sens-s2-est-x0.5,shortest_estimate+topology_aware+none,fifo+first_fit+none,tenant_t2_bsld_mean,10,-7.161283048,-12.49783267,-1.824733427,10,0,0
sens-s2-est-x0.5,shortest_estimate+topology_aware+none,fifo+first_fit+none,tenant_t2_bsld_p95,10,-31.00776312,-50.20815509,-11.80737116,10,0,0
sens-s2-est-x0.5,shortest_estimate+topology_aware+none,fifo+first_fit+none,tenant_t3_bsld_mean,10,-8.190135709,-14.9718601,-1.408411316,10,0,0
sens-s2-est-x0.5,shortest_estimate+topology_aware+none,fifo+first_fit+none,tenant_t3_bsld_p95,10,-30.91600532,-49.18097829,-12.65103235,10,0,0
sens-s2-est-x0.5,shortest_estimate+topology_aware+none,fifo+first_fit+none,prio_1_wait_p95,10,-8083.2961,-13032.53625,-3134.05595,10,0,0
sens-s2-est-x0.5,shortest_estimate+topology_aware+none,fifo+first_fit+none,prio_1_bsld_p95,10,-33.42731769,-59.81077186,-7.043863525,10,0,0
sens-s2-est-x0.5,shortest_estimate+topology_aware+none,fifo+first_fit+none,prio_8_wait_p95,10,-8146.0351,-12738.8968,-3553.173404,10,0,0
sens-s2-est-x2,shortest_estimate+topology_aware+conservative,fifo+first_fit+none,J,10,-1.864809581,-2.984752102,-0.7448670593,10,0,0
sens-s2-est-x2,shortest_estimate+topology_aware+conservative,fifo+first_fit+none,J_slowdown,10,-0.748609294,-1.29243001,-0.2047885776,10,0,0
sens-s2-est-x2,shortest_estimate+topology_aware+conservative,fifo+first_fit+none,J_wait,10,-0.785342976,-1.205474122,-0.3652118304,10,0,0
sens-s2-est-x2,shortest_estimate+topology_aware+conservative,fifo+first_fit+none,J_waste,10,-0.01707372622,-0.02260732888,-0.01154012356,10,0,0
sens-s2-est-x2,shortest_estimate+topology_aware+conservative,fifo+first_fit+none,J_slo,10,-0.2852547162,-0.4806211735,-0.0898882589,10,0,0
sens-s2-est-x2,shortest_estimate+topology_aware+conservative,fifo+first_fit+none,J_fairness,10,-0.02852886815,-0.05633372942,-0.000724006877,10,0,0
sens-s2-est-x2,shortest_estimate+topology_aware+conservative,fifo+first_fit+none,wait_mean,10,-4664.569408,-8942.931826,-386.2069894,10,0,0
sens-s2-est-x2,shortest_estimate+topology_aware+conservative,fifo+first_fit+none,wait_p95,10,-9958.2848,-15285.62041,-4630.949191,10,0,0
sens-s2-est-x2,shortest_estimate+topology_aware+conservative,fifo+first_fit+none,wait_p99,10,-6779.9025,-10105.31199,-3454.493007,10,0,0
sens-s2-est-x2,shortest_estimate+topology_aware+conservative,fifo+first_fit+none,jct_mean,10,-4679.266036,-8958.272227,-400.2598438,10,0,0
sens-s2-est-x2,shortest_estimate+topology_aware+conservative,fifo+first_fit+none,jct_p95,10,-5876.3541,-10002.98975,-1749.718455,10,0,0
sens-s2-est-x2,shortest_estimate+topology_aware+conservative,fifo+first_fit+none,bsld_mean,10,-8.018245671,-14.88493676,-1.151554582,10,0,0
sens-s2-est-x2,shortest_estimate+topology_aware+conservative,fifo+first_fit+none,bsld_p95,10,-32.74081147,-56.52508945,-8.956533486,10,0,0
sens-s2-est-x2,shortest_estimate+topology_aware+conservative,fifo+first_fit+none,bsld_p99,10,-76.41220615,-128.0096854,-24.81472694,10,0,0
sens-s2-est-x2,shortest_estimate+topology_aware+conservative,fifo+first_fit+none,wflow_mean,10,-8.018245671,-14.88493676,-1.151554582,10,0,0
sens-s2-est-x2,shortest_estimate+topology_aware+conservative,fifo+first_fit+none,wflow_sum_all,10,-15835.95281,-28418.9417,-3252.963923,10,0,0
sens-s2-est-x2,shortest_estimate+topology_aware+conservative,fifo+first_fit+none,large_wait_mean,10,-4201.024973,-8060.537504,-341.5124422,10,0,0
sens-s2-est-x2,shortest_estimate+topology_aware+conservative,fifo+first_fit+none,large_wait_p95,10,-5921.5052,-9074.546848,-2768.463552,10,0,0
sens-s2-est-x2,shortest_estimate+topology_aware+conservative,fifo+first_fit+none,utilization,10,0.005778301461,-0.01498498918,0.02654159211,5,0,5
sens-s2-est-x2,shortest_estimate+topology_aware+conservative,fifo+first_fit+none,frag_blocked_frac,10,-0.3567115019,-0.4384239409,-0.2749990629,10,0,0
sens-s2-est-x2,shortest_estimate+topology_aware+conservative,fifo+first_fit+none,stranded_frac,10,-0.06858334033,-0.0881070099,-0.04905967077,10,0,0
sens-s2-est-x2,shortest_estimate+topology_aware+conservative,fifo+first_fit+none,goodput_ratio,10,0.01707372622,0.01154012356,0.02260732888,10,0,0
sens-s2-est-x2,shortest_estimate+topology_aware+conservative,fifo+first_fit+none,wasted_gpu_hours,10,-90.42559844,-129.0048749,-51.84632194,10,0,0
sens-s2-est-x2,shortest_estimate+topology_aware+conservative,fifo+first_fit+none,lost_gpu_hours,10,0,0,0,0,10,0
sens-s2-est-x2,shortest_estimate+topology_aware+conservative,fifo+first_fit+none,overhead_gpu_hours,10,0,0,0,0,10,0
sens-s2-est-x2,shortest_estimate+topology_aware+conservative,fifo+first_fit+none,topology_gpu_hours,10,-90.42555598,-129.0048261,-51.84628582,10,0,0
sens-s2-est-x2,shortest_estimate+topology_aware+conservative,fifo+first_fit+none,slack_gpu_hours,10,-4.246868688e-05,-5.423914102e-05,-3.069823275e-05,10,0,0
sens-s2-est-x2,shortest_estimate+topology_aware+conservative,fifo+first_fit+none,preemptions,10,0,0,0,0,10,0
sens-s2-est-x2,shortest_estimate+topology_aware+conservative,fifo+first_fit+none,failure_kills,10,0,0,0,0,10,0
sens-s2-est-x2,shortest_estimate+topology_aware+conservative,fifo+first_fit+none,node_downtime_gpu_hours,10,0,0,0,0,10,0
sens-s2-est-x2,shortest_estimate+topology_aware+conservative,fifo+first_fit+none,jain_bsld,10,0.02852886815,0.000724006877,0.05633372942,10,0,0
sens-s2-est-x2,shortest_estimate+topology_aware+conservative,fifo+first_fit+none,tenant_worst_best_ratio,10,-0.4294228417,-0.7239894547,-0.1348562288,10,0,0
sens-s2-est-x2,shortest_estimate+topology_aware+conservative,fifo+first_fit+none,slo_attainment,10,0.2852547162,0.0898882589,0.4806211735,10,0,0
sens-s2-est-x2,shortest_estimate+topology_aware+conservative,fifo+first_fit+none,makespan,10,-3344.1523,-8976.456923,2288.152323,6,3,1
sens-s2-est-x2,shortest_estimate+topology_aware+conservative,fifo+first_fit+none,reservations,10,275.4,175.8095746,374.9904254,0,0,10
sens-s2-est-x2,shortest_estimate+topology_aware+conservative,fifo+first_fit+none,broken_reservations,10,247.4,155.8820189,338.9179811,0,0,10
sens-s2-est-x2,shortest_estimate+topology_aware+conservative,fifo+first_fit+none,tenant_t0_bsld_mean,10,-8.70741081,-16.72301711,-0.6918045143,10,0,0
sens-s2-est-x2,shortest_estimate+topology_aware+conservative,fifo+first_fit+none,tenant_t0_bsld_p95,10,-38.71586522,-72.84782879,-4.583901643,10,0,0
sens-s2-est-x2,shortest_estimate+topology_aware+conservative,fifo+first_fit+none,tenant_t1_bsld_mean,10,-7.615025695,-14.37310558,-0.8569458059,10,0,0
sens-s2-est-x2,shortest_estimate+topology_aware+conservative,fifo+first_fit+none,tenant_t1_bsld_p95,10,-29.32861906,-50.92308306,-7.734155054,10,0,0
sens-s2-est-x2,shortest_estimate+topology_aware+conservative,fifo+first_fit+none,tenant_t2_bsld_mean,10,-7.263707714,-12.63326886,-1.894146565,10,0,0
sens-s2-est-x2,shortest_estimate+topology_aware+conservative,fifo+first_fit+none,tenant_t2_bsld_p95,10,-31.62448083,-50.78495108,-12.46401058,10,0,0
sens-s2-est-x2,shortest_estimate+topology_aware+conservative,fifo+first_fit+none,tenant_t3_bsld_mean,10,-8.245012007,-14.9623675,-1.527656516,10,0,0
sens-s2-est-x2,shortest_estimate+topology_aware+conservative,fifo+first_fit+none,tenant_t3_bsld_p95,10,-31.0541134,-48.95522387,-13.15300292,10,0,0
sens-s2-est-x2,shortest_estimate+topology_aware+conservative,fifo+first_fit+none,prio_1_wait_p95,10,-10087.4884,-15549.18767,-4625.789131,10,0,0
sens-s2-est-x2,shortest_estimate+topology_aware+conservative,fifo+first_fit+none,prio_1_bsld_p95,10,-33.89528421,-60.08175835,-7.708810069,10,0,0
sens-s2-est-x2,shortest_estimate+topology_aware+conservative,fifo+first_fit+none,prio_8_wait_p95,10,-9065.1779,-13580.4928,-4549.862995,10,0,0
sens-s2-est-x2,shortest_estimate+topology_aware+easy,fifo+first_fit+none,J,10,-1.864451029,-2.981275573,-0.7476264852,10,0,0
sens-s2-est-x2,shortest_estimate+topology_aware+easy,fifo+first_fit+none,J_slowdown,10,-0.7483455287,-1.291906423,-0.2047846339,10,0,0
sens-s2-est-x2,shortest_estimate+topology_aware+easy,fifo+first_fit+none,J_wait,10,-0.7841510601,-1.201223655,-0.3670784648,10,0,0
sens-s2-est-x2,shortest_estimate+topology_aware+easy,fifo+first_fit+none,J_waste,10,-0.01633496359,-0.02290764147,-0.009762285707,10,0,0
sens-s2-est-x2,shortest_estimate+topology_aware+easy,fifo+first_fit+none,J_slo,10,-0.2870040857,-0.4846787139,-0.08932945759,10,0,0
sens-s2-est-x2,shortest_estimate+topology_aware+easy,fifo+first_fit+none,J_fairness,10,-0.02861539092,-0.05553907256,-0.001691709283,9,0,1
sens-s2-est-x2,shortest_estimate+topology_aware+easy,fifo+first_fit+none,wait_mean,10,-4640.938785,-8896.148218,-385.7293516,10,0,0
sens-s2-est-x2,shortest_estimate+topology_aware+easy,fifo+first_fit+none,wait_p95,10,-9943.1711,-15231.72376,-4654.618438,10,0,0
sens-s2-est-x2,shortest_estimate+topology_aware+easy,fifo+first_fit+none,wait_p99,10,-5613.9954,-9317.855246,-1910.135554,9,0,1
sens-s2-est-x2,shortest_estimate+topology_aware+easy,fifo+first_fit+none,jct_mean,10,-4655.110664,-8909.013259,-401.208068,10,0,0
sens-s2-est-x2,shortest_estimate+topology_aware+easy,fifo+first_fit+none,jct_p95,10,-5903.2765,-10029.86991,-1776.68309,10,0,0
sens-s2-est-x2,shortest_estimate+topology_aware+easy,fifo+first_fit+none,bsld_mean,10,-7.998978073,-14.83842638,-1.15952977,10,0,0
sens-s2-est-x2,shortest_estimate+topology_aware+easy,fifo+first_fit+none,bsld_p95,10,-32.72927556,-56.5021901,-8.956361007,10,0,0
sens-s2-est-x2,shortest_estimate+topology_aware+easy,fifo+first_fit+none,bsld_p99,10,-75.78164654,-126.4815624,-25.08173064,10,0,0
sens-s2-est-x2,shortest_estimate+topology_aware+easy,fifo+first_fit+none,wflow_mean,10,-7.998978073,-14.83842638,-1.15952977,10,0,0
sens-s2-est-x2,shortest_estimate+topology_aware+easy,fifo+first_fit+none,wflow_sum_all,10,-15778.85592,-28266.169,-3291.542842,10,0,0
sens-s2-est-x2,shortest_estimate+topology_aware+easy,fifo+first_fit+none,large_wait_mean,10,-3925.614625,-7373.971658,-477.2575922,10,0,0
sens-s2-est-x2,shortest_estimate+topology_aware+easy,fifo+first_fit+none,large_wait_p95,10,-4750.6937,-7838.931337,-1662.456063,9,0,1
sens-s2-est-x2,shortest_estimate+topology_aware+easy,fifo+first_fit+none,utilization,10,0.003937656824,-0.01472585915,0.02260117279,6,0,4
sens-s2-est-x2,shortest_estimate+topology_aware+easy,fifo+first_fit+none,frag_blocked_frac,10,-0.3323044668,-0.4165375468,-0.2480713867,10,0,0
sens-s2-est-x2,shortest_estimate+topology_aware+easy,fifo+first_fit+none,stranded_frac,10,-0.06446906858,-0.08547809698,-0.04346004018,10,0,0
sens-s2-est-x2,shortest_estimate+topology_aware+easy,fifo+first_fit+none,goodput_ratio,10,0.01633496359,0.009762285707,0.02290764147,10,0,0
sens-s2-est-x2,shortest_estimate+topology_aware+easy,fifo+first_fit+none,wasted_gpu_hours,10,-87.29742556,-134.0377404,-40.55711074,10,0,0
sens-s2-est-x2,shortest_estimate+topology_aware+easy,fifo+first_fit+none,lost_gpu_hours,10,0,0,0,0,10,0
sens-s2-est-x2,shortest_estimate+topology_aware+easy,fifo+first_fit+none,overhead_gpu_hours,10,0,0,0,0,10,0
sens-s2-est-x2,shortest_estimate+topology_aware+easy,fifo+first_fit+none,topology_gpu_hours,10,-87.29738691,-134.0376903,-40.55708354,10,0,0
sens-s2-est-x2,shortest_estimate+topology_aware+easy,fifo+first_fit+none,slack_gpu_hours,10,-3.865050507e-05,-5.406562868e-05,-2.323538146e-05,10,0,0
sens-s2-est-x2,shortest_estimate+topology_aware+easy,fifo+first_fit+none,preemptions,10,0,0,0,0,10,0
sens-s2-est-x2,shortest_estimate+topology_aware+easy,fifo+first_fit+none,failure_kills,10,0,0,0,0,10,0
sens-s2-est-x2,shortest_estimate+topology_aware+easy,fifo+first_fit+none,node_downtime_gpu_hours,10,0,0,0,0,10,0
sens-s2-est-x2,shortest_estimate+topology_aware+easy,fifo+first_fit+none,jain_bsld,10,0.02861539092,0.001691709283,0.05553907256,9,0,1
sens-s2-est-x2,shortest_estimate+topology_aware+easy,fifo+first_fit+none,tenant_worst_best_ratio,10,-0.4198634551,-0.6949012953,-0.1448256148,9,0,1
sens-s2-est-x2,shortest_estimate+topology_aware+easy,fifo+first_fit+none,slo_attainment,10,0.2870040857,0.08932945759,0.4846787139,10,0,0
sens-s2-est-x2,shortest_estimate+topology_aware+easy,fifo+first_fit+none,makespan,10,-4141.1733,-10026.42826,1744.081663,6,3,1
sens-s2-est-x2,shortest_estimate+topology_aware+easy,fifo+first_fit+none,reservations,10,170.7,127.6317251,213.7682749,0,0,10
sens-s2-est-x2,shortest_estimate+topology_aware+easy,fifo+first_fit+none,broken_reservations,10,155.9,114.8731051,196.9268949,0,0,10
sens-s2-est-x2,shortest_estimate+topology_aware+easy,fifo+first_fit+none,tenant_t0_bsld_mean,10,-8.69423005,-16.68110661,-0.7073534908,10,0,0
sens-s2-est-x2,shortest_estimate+topology_aware+easy,fifo+first_fit+none,tenant_t0_bsld_p95,10,-38.60348952,-72.61163028,-4.595348761,10,0,0
sens-s2-est-x2,shortest_estimate+topology_aware+easy,fifo+first_fit+none,tenant_t1_bsld_mean,10,-7.597071184,-14.31510564,-0.8790367291,10,0,0
sens-s2-est-x2,shortest_estimate+topology_aware+easy,fifo+first_fit+none,tenant_t1_bsld_p95,10,-29.35015378,-50.94737316,-7.752934388,10,0,0
sens-s2-est-x2,shortest_estimate+topology_aware+easy,fifo+first_fit+none,tenant_t2_bsld_mean,10,-7.228629723,-12.58298444,-1.874275008,10,0,0
sens-s2-est-x2,shortest_estimate+topology_aware+easy,fifo+first_fit+none,tenant_t2_bsld_p95,10,-31.48696893,-50.55729675,-12.41664112,10,0,0
sens-s2-est-x2,shortest_estimate+topology_aware+easy,fifo+first_fit+none,tenant_t3_bsld_mean,10,-8.227761368,-14.93595954,-1.519563197,10,0,0
sens-s2-est-x2,shortest_estimate+topology_aware+easy,fifo+first_fit+none,tenant_t3_bsld_p95,10,-31.20601154,-49.28788007,-13.12414302,10,0,0
sens-s2-est-x2,shortest_estimate+topology_aware+easy,fifo+first_fit+none,prio_1_wait_p95,10,-9985.4575,-15281.1314,-4689.7836,10,0,0
sens-s2-est-x2,shortest_estimate+topology_aware+easy,fifo+first_fit+none,prio_1_bsld_p95,10,-33.79158269,-59.79944456,-7.783720819,10,0,0
sens-s2-est-x2,shortest_estimate+topology_aware+easy,fifo+first_fit+none,prio_8_wait_p95,10,-9948.0379,-15515.72271,-4380.353092,10,0,0
sens-s2-est-x2,shortest_estimate+topology_aware+easy_oracle,fifo+first_fit+none,J,10,-1.891870247,-3.041407577,-0.7423329167,10,0,0
sens-s2-est-x2,shortest_estimate+topology_aware+easy_oracle,fifo+first_fit+none,J_slowdown,10,-0.7509225337,-1.297387972,-0.2044570951,10,0,0
sens-s2-est-x2,shortest_estimate+topology_aware+easy_oracle,fifo+first_fit+none,J_wait,10,-0.8076131453,-1.24971128,-0.3655150111,10,0,0
sens-s2-est-x2,shortest_estimate+topology_aware+easy_oracle,fifo+first_fit+none,J_waste,10,-0.01581747423,-0.02282808523,-0.008806863221,10,0,0
sens-s2-est-x2,shortest_estimate+topology_aware+easy_oracle,fifo+first_fit+none,J_slo,10,-0.2890563659,-0.4880730637,-0.09003966815,10,0,0
sens-s2-est-x2,shortest_estimate+topology_aware+easy_oracle,fifo+first_fit+none,J_fairness,10,-0.02846072779,-0.05647286825,-0.0004485873345,10,0,0
sens-s2-est-x2,shortest_estimate+topology_aware+easy_oracle,fifo+first_fit+none,wait_mean,10,-4705.509091,-9039.235449,-371.7827324,10,0,0
sens-s2-est-x2,shortest_estimate+topology_aware+easy_oracle,fifo+first_fit+none,wait_p95,10,-10240.6744,-15846.55523,-4634.793575,10,0,0
sens-s2-est-x2,shortest_estimate+topology_aware+easy_oracle,fifo+first_fit+none,wait_p99,10,-7275.257,-10906.23719,-3644.276814,10,0,0
sens-s2-est-x2,shortest_estimate+topology_aware+easy_oracle,fifo+first_fit+none,jct_mean,10,-4718.934219,-9050.047463,-387.8209755,10,0,0
sens-s2-est-x2,shortest_estimate+topology_aware+easy_oracle,fifo+first_fit+none,jct_p95,10,-6050.2528,-10519.73672,-1580.768885,10,0,0
sens-s2-est-x2,shortest_estimate+topology_aware+easy_oracle,fifo+first_fit+none,bsld_mean,10,-8.049830083,-14.93763921,-1.162020957,10,0,0
sens-s2-est-x2,shortest_estimate+topology_aware+easy_oracle,fifo+first_fit+none,bsld_p95,10,-32.84198219,-56.74192845,-8.942035929,10,0,0
sens-s2-est-x2,shortest_estimate+topology_aware+easy_oracle,fifo+first_fit+none,bsld_p99,10,-76.97153699,-128.8609758,-25.08209815,10,0,0
sens-s2-est-x2,shortest_estimate+topology_aware+easy_oracle,fifo+first_fit+none,wflow_mean,10,-8.049830083,-14.93763921,-1.162020957,10,0,0
sens-s2-est-x2,shortest_estimate+topology_aware+easy_oracle,fifo+first_fit+none,wflow_sum_all,10,-15885.2732,-28483.99697,-3286.549431,10,0,0
sens-s2-est-x2,shortest_estimate+topology_aware+easy_oracle,fifo+first_fit+none,large_wait_mean,10,-4244.434968,-8078.941714,-409.9282226,10,0,0
sens-s2-est-x2,shortest_estimate+topology_aware+easy_oracle,fifo+first_fit+none,large_wait_p95,10,-6157.2127,-9328.778784,-2985.646616,10,0,0
sens-s2-est-x2,shortest_estimate+topology_aware+easy_oracle,fifo+first_fit+none,utilization,10,0.007598986056,-0.0155089279,0.03070690001,5,0,5
sens-s2-est-x2,shortest_estimate+topology_aware+easy_oracle,fifo+first_fit+none,frag_blocked_frac,10,-0.3457782378,-0.4418976189,-0.2496588567,10,0,0
sens-s2-est-x2,shortest_estimate+topology_aware+easy_oracle,fifo+first_fit+none,stranded_frac,10,-0.06003901564,-0.0859314448,-0.03414658649,10,0,0
sens-s2-est-x2,shortest_estimate+topology_aware+easy_oracle,fifo+first_fit+none,goodput_ratio,10,0.01581747423,0.008806863221,0.02282808523,10,0,0
sens-s2-est-x2,shortest_estimate+topology_aware+easy_oracle,fifo+first_fit+none,wasted_gpu_hours,10,-84.48917044,-133.143519,-35.83482189,10,0,0
sens-s2-est-x2,shortest_estimate+topology_aware+easy_oracle,fifo+first_fit+none,lost_gpu_hours,10,0,0,0,0,10,0
sens-s2-est-x2,shortest_estimate+topology_aware+easy_oracle,fifo+first_fit+none,overhead_gpu_hours,10,0,0,0,0,10,0
sens-s2-est-x2,shortest_estimate+topology_aware+easy_oracle,fifo+first_fit+none,topology_gpu_hours,10,-84.48913238,-133.1434691,-35.83479563,10,0,0
sens-s2-est-x2,shortest_estimate+topology_aware+easy_oracle,fifo+first_fit+none,slack_gpu_hours,10,-3.806060607e-05,-5.306087599e-05,-2.306033615e-05,10,0,0
sens-s2-est-x2,shortest_estimate+topology_aware+easy_oracle,fifo+first_fit+none,preemptions,10,0,0,0,0,10,0
sens-s2-est-x2,shortest_estimate+topology_aware+easy_oracle,fifo+first_fit+none,failure_kills,10,0,0,0,0,10,0
sens-s2-est-x2,shortest_estimate+topology_aware+easy_oracle,fifo+first_fit+none,node_downtime_gpu_hours,10,0,0,0,0,10,0
sens-s2-est-x2,shortest_estimate+topology_aware+easy_oracle,fifo+first_fit+none,jain_bsld,10,0.02846072779,0.0004485873345,0.05647286825,10,0,0
sens-s2-est-x2,shortest_estimate+topology_aware+easy_oracle,fifo+first_fit+none,tenant_worst_best_ratio,10,-0.4245167704,-0.7236513125,-0.1253822282,10,0,0
sens-s2-est-x2,shortest_estimate+topology_aware+easy_oracle,fifo+first_fit+none,slo_attainment,10,0.2890563659,0.09003966815,0.4880730637,10,0,0
sens-s2-est-x2,shortest_estimate+topology_aware+easy_oracle,fifo+first_fit+none,makespan,10,-3698.3948,-10609.33915,3212.549554,6,3,1
sens-s2-est-x2,shortest_estimate+topology_aware+easy_oracle,fifo+first_fit+none,reservations,10,185.8,134.5191152,237.0808848,0,0,10
sens-s2-est-x2,shortest_estimate+topology_aware+easy_oracle,fifo+first_fit+none,broken_reservations,10,47,29.75872778,64.24127222,0,0,10
sens-s2-est-x2,shortest_estimate+topology_aware+easy_oracle,fifo+first_fit+none,tenant_t0_bsld_mean,10,-8.746258119,-16.77603077,-0.716485463,10,0,0
sens-s2-est-x2,shortest_estimate+topology_aware+easy_oracle,fifo+first_fit+none,tenant_t0_bsld_p95,10,-38.82524007,-73.07264474,-4.57783541,10,0,0
sens-s2-est-x2,shortest_estimate+topology_aware+easy_oracle,fifo+first_fit+none,tenant_t1_bsld_mean,10,-7.643487131,-14.41863212,-0.8683421424,10,0,0
sens-s2-est-x2,shortest_estimate+topology_aware+easy_oracle,fifo+first_fit+none,tenant_t1_bsld_p95,10,-29.4495431,-51.10142103,-7.797665174,10,0,0
sens-s2-est-x2,shortest_estimate+topology_aware+easy_oracle,fifo+first_fit+none,tenant_t2_bsld_mean,10,-7.279359627,-12.67373006,-1.884989197,10,0,0
sens-s2-est-x2,shortest_estimate+topology_aware+easy_oracle,fifo+first_fit+none,tenant_t2_bsld_p95,10,-31.68371008,-50.94554527,-12.42187489,10,0,0
sens-s2-est-x2,shortest_estimate+topology_aware+easy_oracle,fifo+first_fit+none,tenant_t3_bsld_mean,10,-8.2885434,-15.05374149,-1.523345313,10,0,0
sens-s2-est-x2,shortest_estimate+topology_aware+easy_oracle,fifo+first_fit+none,tenant_t3_bsld_p95,10,-31.17379032,-49.28193916,-13.06564149,10,0,0
sens-s2-est-x2,shortest_estimate+topology_aware+easy_oracle,fifo+first_fit+none,prio_1_wait_p95,10,-10296.144,-15947.35148,-4644.936523,10,0,0
sens-s2-est-x2,shortest_estimate+topology_aware+easy_oracle,fifo+first_fit+none,prio_1_bsld_p95,10,-33.9773347,-60.24167829,-7.71299111,10,0,0
sens-s2-est-x2,shortest_estimate+topology_aware+easy_oracle,fifo+first_fit+none,prio_8_wait_p95,10,-10070.4848,-15941.15179,-4199.817809,10,0,0
sens-s2-est-x2,shortest_estimate+topology_aware+easy_predicted,fifo+first_fit+none,J,10,-1.854948888,-2.964954359,-0.7449434166,10,0,0
sens-s2-est-x2,shortest_estimate+topology_aware+easy_predicted,fifo+first_fit+none,J_slowdown,10,-0.7461889235,-1.287799607,-0.2045782395,10,0,0
sens-s2-est-x2,shortest_estimate+topology_aware+easy_predicted,fifo+first_fit+none,J_wait,10,-0.7802012007,-1.194190858,-0.3662115433,10,0,0
sens-s2-est-x2,shortest_estimate+topology_aware+easy_predicted,fifo+first_fit+none,J_waste,10,-0.01518243624,-0.02136342371,-0.009001448768,10,0,0
sens-s2-est-x2,shortest_estimate+topology_aware+easy_predicted,fifo+first_fit+none,J_slo,10,-0.2852981222,-0.4822758081,-0.08832043619,10,0,0
sens-s2-est-x2,shortest_estimate+topology_aware+easy_predicted,fifo+first_fit+none,J_fairness,10,-0.02807820541,-0.05604511312,-0.0001112976997,9,0,1
sens-s2-est-x2,shortest_estimate+topology_aware+easy_predicted,fifo+first_fit+none,wait_mean,10,-4633.83106,-8886.465541,-381.1965802,10,0,0
sens-s2-est-x2,shortest_estimate+topology_aware+easy_predicted,fifo+first_fit+none,wait_p95,10,-9893.0862,-15142.54668,-4643.625723,10,0,0
sens-s2-est-x2,shortest_estimate+topology_aware+easy_predicted,fifo+first_fit+none,wait_p99,10,-5886.1293,-9214.693025,-2557.565575,10,0,0
sens-s2-est-x2,shortest_estimate+topology_aware+easy_predicted,fifo+first_fit+none,jct_mean,10,-4646.755073,-8897.103291,-396.4068556,10,0,0
sens-s2-est-x2,shortest_estimate+topology_aware+easy_predicted,fifo+first_fit+none,jct_p95,10,-5861.1467,-9995.562562,-1726.730838,10,0,0
sens-s2-est-x2,shortest_estimate+topology_aware+easy_predicted,fifo+first_fit+none,bsld_mean,10,-7.996117138,-14.85222297,-1.140011308,10,0,0
sens-s2-est-x2,shortest_estimate+topology_aware+easy_predicted,fifo+first_fit+none,bsld_p95,10,-32.63495532,-56.3225764,-8.947334243,10,0,0
sens-s2-est-x2,shortest_estimate+topology_aware+easy_predicted,fifo+first_fit+none,bsld_p99,10,-75.83934916,-126.8663782,-24.81232011,10,0,0
sens-s2-est-x2,shortest_estimate+topology_aware+easy_predicted,fifo+first_fit+none,wflow_mean,10,-7.996117138,-14.85222297,-1.140011308,10,0,0
sens-s2-est-x2,shortest_estimate+topology_aware+easy_predicted,fifo+first_fit+none,wflow_sum_all,10,-15773.55377,-28288.03295,-3259.074591,10,0,0
sens-s2-est-x2,shortest_estimate+topology_aware+easy_predicted,fifo+first_fit+none,large_wait_mean,10,-3893.32194,-7335.100364,-451.5435153,10,0,0
sens-s2-est-x2,shortest_estimate+topology_aware+easy_predicted,fifo+first_fit+none,large_wait_p95,10,-4687.9503,-7573.158498,-1802.742102,10,0,0
sens-s2-est-x2,shortest_estimate+topology_aware+easy_predicted,fifo+first_fit+none,utilization,10,0.004255355978,-0.01307203498,0.02158274693,4,0,6
sens-s2-est-x2,shortest_estimate+topology_aware+easy_predicted,fifo+first_fit+none,frag_blocked_frac,10,-0.3095338351,-0.3884354376,-0.2306322326,10,0,0
sens-s2-est-x2,shortest_estimate+topology_aware+easy_predicted,fifo+first_fit+none,stranded_frac,10,-0.05869308462,-0.07830744046,-0.03907872878,10,0,0
sens-s2-est-x2,shortest_estimate+topology_aware+easy_predicted,fifo+first_fit+none,goodput_ratio,10,0.01518243624,0.009001448768,0.02136342371,10,0,0
sens-s2-est-x2,shortest_estimate+topology_aware+easy_predicted,fifo+first_fit+none,wasted_gpu_hours,10,-78.16956,-116.2129121,-40.12620789,10,0,0
sens-s2-est-x2,shortest_estimate+topology_aware+easy_predicted,fifo+first_fit+none,lost_gpu_hours,10,0,0,0,0,10,0
sens-s2-est-x2,shortest_estimate+topology_aware+easy_predicted,fifo+first_fit+none,overhead_gpu_hours,10,0,0,0,0,10,0
sens-s2-est-x2,shortest_estimate+topology_aware+easy_predicted,fifo+first_fit+none,topology_gpu_hours,10,-78.16952173,-116.212863,-40.12618045,10,0,0
sens-s2-est-x2,shortest_estimate+topology_aware+easy_predicted,fifo+first_fit+none,slack_gpu_hours,10,-3.827070708e-05,-5.197951011e-05,-2.456190406e-05,10,0,0
sens-s2-est-x2,shortest_estimate+topology_aware+easy_predicted,fifo+first_fit+none,preemptions,10,0,0,0,0,10,0
sens-s2-est-x2,shortest_estimate+topology_aware+easy_predicted,fifo+first_fit+none,failure_kills,10,0,0,0,0,10,0
sens-s2-est-x2,shortest_estimate+topology_aware+easy_predicted,fifo+first_fit+none,node_downtime_gpu_hours,10,0,0,0,0,10,0
sens-s2-est-x2,shortest_estimate+topology_aware+easy_predicted,fifo+first_fit+none,jain_bsld,10,0.02807820541,0.0001112976997,0.05604511312,9,0,1
sens-s2-est-x2,shortest_estimate+topology_aware+easy_predicted,fifo+first_fit+none,tenant_worst_best_ratio,10,-0.4036514728,-0.7030776825,-0.1042252632,9,0,1
sens-s2-est-x2,shortest_estimate+topology_aware+easy_predicted,fifo+first_fit+none,slo_attainment,10,0.2852981222,0.08832043619,0.4822758081,10,0,0
sens-s2-est-x2,shortest_estimate+topology_aware+easy_predicted,fifo+first_fit+none,makespan,10,-3138.0399,-8803.069403,2526.989603,6,3,1
sens-s2-est-x2,shortest_estimate+topology_aware+easy_predicted,fifo+first_fit+none,reservations,10,176,133.0137226,218.9862774,0,0,10
sens-s2-est-x2,shortest_estimate+topology_aware+easy_predicted,fifo+first_fit+none,broken_reservations,10,166.9,125.3895017,208.4104983,0,0,10
sens-s2-est-x2,shortest_estimate+topology_aware+easy_predicted,fifo+first_fit+none,tenant_t0_bsld_mean,10,-8.69011913,-16.69866271,-0.6815755467,10,0,0
sens-s2-est-x2,shortest_estimate+topology_aware+easy_predicted,fifo+first_fit+none,tenant_t0_bsld_p95,10,-38.55942841,-72.59553862,-4.52331819,10,0,0
sens-s2-est-x2,shortest_estimate+topology_aware+easy_predicted,fifo+first_fit+none,tenant_t1_bsld_mean,10,-7.585558032,-14.31828051,-0.852835557,10,0,0
sens-s2-est-x2,shortest_estimate+topology_aware+easy_predicted,fifo+first_fit+none,tenant_t1_bsld_p95,10,-29.28175554,-50.8510364,-7.712474691,10,0,0
sens-s2-est-x2,shortest_estimate+topology_aware+easy_predicted,fifo+first_fit+none,tenant_t2_bsld_mean,10,-7.235716616,-12.60938866,-1.862044573,10,0,0
sens-s2-est-x2,shortest_estimate+topology_aware+easy_predicted,fifo+first_fit+none,tenant_t2_bsld_p95,10,-31.34387347,-50.29613251,-12.39161443,10,0,0
sens-s2-est-x2,shortest_estimate+topology_aware+easy_predicted,fifo+first_fit+none,tenant_t3_bsld_mean,10,-8.238172194,-14.9471303,-1.529214086,10,0,0
sens-s2-est-x2,shortest_estimate+topology_aware+easy_predicted,fifo+first_fit+none,tenant_t3_bsld_p95,10,-31.08499702,-49.10930487,-13.06068918,10,0,0
sens-s2-est-x2,shortest_estimate+topology_aware+easy_predicted,fifo+first_fit+none,prio_1_wait_p95,10,-9974.5089,-15323.09728,-4625.92052,10,0,0
sens-s2-est-x2,shortest_estimate+topology_aware+easy_predicted,fifo+first_fit+none,prio_1_bsld_p95,10,-33.82054489,-59.92372879,-7.717360996,10,0,0
sens-s2-est-x2,shortest_estimate+topology_aware+easy_predicted,fifo+first_fit+none,prio_8_wait_p95,10,-9682.6416,-15370.97258,-3994.310625,10,0,0
sens-s2-est-x2,shortest_estimate+topology_aware+none,fifo+first_fit+none,J,10,-1.571607947,-2.544687951,-0.5985279427,10,0,0
sens-s2-est-x2,shortest_estimate+topology_aware+none,fifo+first_fit+none,J_slowdown,10,-0.719758199,-1.255719474,-0.1837969235,10,0,0
sens-s2-est-x2,shortest_estimate+topology_aware+none,fifo+first_fit+none,J_wait,10,-0.5580490345,-0.8903882809,-0.2257097882,10,0,0
sens-s2-est-x2,shortest_estimate+topology_aware+none,fifo+first_fit+none,J_waste,10,-0.01252647094,-0.01921813355,-0.005834808327,10,0,0
sens-s2-est-x2,shortest_estimate+topology_aware+none,fifo+first_fit+none,J_slo,10,-0.2540816964,-0.4330234073,-0.07513998558,10,0,0
sens-s2-est-x2,shortest_estimate+topology_aware+none,fifo+first_fit+none,J_fairness,10,-0.02719254614,-0.0537407915,-0.0006443007753,10,0,0
sens-s2-est-x2,shortest_estimate+topology_aware+none,fifo+first_fit+none,wait_mean,10,-4151.657853,-8130.183746,-173.1319602,10,0,0
sens-s2-est-x2,shortest_estimate+topology_aware+none,fifo+first_fit+none,wait_p95,10,-7076.1583,-11290.27744,-2862.039162,10,0,0
sens-s2-est-x2,shortest_estimate+topology_aware+none,fifo+first_fit+none,wait_p99,10,-1713.5929,-6226.045227,2798.859427,5,0,5
sens-s2-est-x2,shortest_estimate+topology_aware+none,fifo+first_fit+none,jct_mean,10,-4163.910032,-8139.731824,-188.0882397,10,0,0
sens-s2-est-x2,shortest_estimate+topology_aware+none,fifo+first_fit+none,jct_p95,10,-4057.7752,-7559.140087,-556.4103129,9,0,1
sens-s2-est-x2,shortest_estimate+topology_aware+none,fifo+first_fit+none,bsld_mean,10,-7.779425086,-14.54410432,-1.014745852,10,0,0
sens-s2-est-x2,shortest_estimate+topology_aware+none,fifo+first_fit+none,bsld_p95,10,-31.47899403,-54.91953532,-8.038452728,10,0,0
sens-s2-est-x2,shortest_estimate+topology_aware+none,fifo+first_fit+none,bsld_p99,10,-74.27244682,-125.2572865,-23.28760715,10,0,0
sens-s2-est-x2,shortest_estimate+topology_aware+none,fifo+first_fit+none,wflow_mean,10,-7.779425086,-14.54410432,-1.014745852,10,0,0
sens-s2-est-x2,shortest_estimate+topology_aware+none,fifo+first_fit+none,wflow_sum_all,10,-15354.40781,-27697.33519,-3011.48043,10,0,0
sens-s2-est-x2,shortest_estimate+topology_aware+none,fifo+first_fit+none,large_wait_mean,10,-4035.668752,-7806.026876,-265.3106275,10,0,0
sens-s2-est-x2,shortest_estimate+topology_aware+none,fifo+first_fit+none,large_wait_p95,10,-5881.9227,-9445.399429,-2318.445971,10,0,0
sens-s2-est-x2,shortest_estimate+topology_aware+none,fifo+first_fit+none,utilization,10,0.003398207544,-0.01185542987,0.01865184496,6,0,4
sens-s2-est-x2,shortest_estimate+topology_aware+none,fifo+first_fit+none,frag_blocked_frac,10,-0.2198572249,-0.2814442099,-0.1582702399,10,0,0
sens-s2-est-x2,shortest_estimate+topology_aware+none,fifo+first_fit+none,stranded_frac,10,-0.04308281825,-0.05904406299,-0.02712157352,10,0,0
sens-s2-est-x2,shortest_estimate+topology_aware+none,fifo+first_fit+none,goodput_ratio,10,0.01252647094,0.005834808327,0.01921813355,10,0,0
sens-s2-est-x2,shortest_estimate+topology_aware+none,fifo+first_fit+none,wasted_gpu_hours,10,-62.00558978,-99.25270108,-24.75847847,10,0,0
sens-s2-est-x2,shortest_estimate+topology_aware+none,fifo+first_fit+none,lost_gpu_hours,10,0,0,0,0,10,0
sens-s2-est-x2,shortest_estimate+topology_aware+none,fifo+first_fit+none,overhead_gpu_hours,10,0,0,0,0,10,0
sens-s2-est-x2,shortest_estimate+topology_aware+none,fifo+first_fit+none,topology_gpu_hours,10,-62.00555657,-99.25265505,-24.75845809,10,0,0
sens-s2-est-x2,shortest_estimate+topology_aware+none,fifo+first_fit+none,slack_gpu_hours,10,-3.320808082e-05,-5.007158944e-05,-1.63445722e-05,9,0,1
sens-s2-est-x2,shortest_estimate+topology_aware+none,fifo+first_fit+none,preemptions,10,0,0,0,0,10,0
sens-s2-est-x2,shortest_estimate+topology_aware+none,fifo+first_fit+none,failure_kills,10,0,0,0,0,10,0
sens-s2-est-x2,shortest_estimate+topology_aware+none,fifo+first_fit+none,node_downtime_gpu_hours,10,0,0,0,0,10,0
sens-s2-est-x2,shortest_estimate+topology_aware+none,fifo+first_fit+none,jain_bsld,10,0.02719254614,0.0006443007753,0.0537407915,10,0,0
sens-s2-est-x2,shortest_estimate+topology_aware+none,fifo+first_fit+none,tenant_worst_best_ratio,10,-0.3906791723,-0.657098893,-0.1242594515,10,0,0
sens-s2-est-x2,shortest_estimate+topology_aware+none,fifo+first_fit+none,slo_attainment,10,0.2540816964,0.07513998558,0.4330234073,10,0,0
sens-s2-est-x2,shortest_estimate+topology_aware+none,fifo+first_fit+none,makespan,10,945.0753,-4059.312837,5949.463437,5,3,2
sens-s2-est-x2,shortest_estimate+topology_aware+none,fifo+first_fit+none,reservations,10,0,0,0,0,10,0
sens-s2-est-x2,shortest_estimate+topology_aware+none,fifo+first_fit+none,broken_reservations,10,0,0,0,0,10,0
sens-s2-est-x2,shortest_estimate+topology_aware+none,fifo+first_fit+none,tenant_t0_bsld_mean,10,-8.46638624,-16.38267687,-0.5500956061,10,0,0
sens-s2-est-x2,shortest_estimate+topology_aware+none,fifo+first_fit+none,tenant_t0_bsld_p95,10,-37.37531517,-71.22066625,-3.529964092,10,0,0
sens-s2-est-x2,shortest_estimate+topology_aware+none,fifo+first_fit+none,tenant_t1_bsld_mean,10,-7.387064842,-14.04081706,-0.7333126214,10,0,0
sens-s2-est-x2,shortest_estimate+topology_aware+none,fifo+first_fit+none,tenant_t1_bsld_p95,10,-28.09219092,-49.30284076,-6.881541087,10,0,0
sens-s2-est-x2,shortest_estimate+topology_aware+none,fifo+first_fit+none,tenant_t2_bsld_mean,10,-7.016502213,-12.25045201,-1.78255242,10,0,0
sens-s2-est-x2,shortest_estimate+topology_aware+none,fifo+first_fit+none,tenant_t2_bsld_p95,10,-30.19465996,-48.89588243,-11.49343749,10,0,0
sens-s2-est-x2,shortest_estimate+topology_aware+none,fifo+first_fit+none,tenant_t3_bsld_mean,10,-8.000154306,-14.67996958,-1.320339028,10,0,0
sens-s2-est-x2,shortest_estimate+topology_aware+none,fifo+first_fit+none,tenant_t3_bsld_p95,10,-29.75594512,-47.46558947,-12.04630078,10,0,0
sens-s2-est-x2,shortest_estimate+topology_aware+none,fifo+first_fit+none,prio_1_wait_p95,10,-7115.8995,-11747.02133,-2484.777674,10,0,0
sens-s2-est-x2,shortest_estimate+topology_aware+none,fifo+first_fit+none,prio_1_bsld_p95,10,-32.49250246,-58.32716752,-6.657837393,10,0,0
sens-s2-est-x2,shortest_estimate+topology_aware+none,fifo+first_fit+none,prio_8_wait_p95,10,-6599.9865,-10321.78355,-2878.189453,10,0,0
sens-s2-load-m10,shortest_estimate+topology_aware+conservative,fifo+first_fit+none,J,10,-0.7768410254,-1.321125123,-0.2325569281,10,0,0
sens-s2-load-m10,shortest_estimate+topology_aware+conservative,fifo+first_fit+none,J_slowdown,10,-0.2425551007,-0.4446246183,-0.04048558321,10,0,0
sens-s2-load-m10,shortest_estimate+topology_aware+conservative,fifo+first_fit+none,J_wait,10,-0.3978597295,-0.6648882357,-0.1308312234,10,0,0
sens-s2-load-m10,shortest_estimate+topology_aware+conservative,fifo+first_fit+none,J_waste,10,-0.01985032311,-0.02593370947,-0.01376693675,10,0,0
sens-s2-load-m10,shortest_estimate+topology_aware+conservative,fifo+first_fit+none,J_slo,10,-0.1041376846,-0.2155077628,0.007232393683,10,0,0
sens-s2-load-m10,shortest_estimate+topology_aware+conservative,fifo+first_fit+none,J_fairness,10,-0.01243818747,-0.02036205163,-0.00451432331,10,0,0
sens-s2-load-m10,shortest_estimate+topology_aware+conservative,fifo+first_fit+none,wait_mean,10,-1346.937712,-2701.217431,7.34200641,10,0,0
sens-s2-load-m10,shortest_estimate+topology_aware+conservative,fifo+first_fit+none,wait_p95,10,-5044.9302,-8430.897854,-1658.962546,10,0,0
sens-s2-load-m10,shortest_estimate+topology_aware+conservative,fifo+first_fit+none,wait_p99,10,-4576.6668,-7564.487343,-1588.846257,10,0,0
sens-s2-load-m10,shortest_estimate+topology_aware+conservative,fifo+first_fit+none,jct_mean,10,-1362.850324,-2716.731949,-8.968699244,10,0,0
sens-s2-load-m10,shortest_estimate+topology_aware+conservative,fifo+first_fit+none,jct_p95,10,-2023.5282,-3899.425186,-147.6312136,10,0,0
sens-s2-load-m10,shortest_estimate+topology_aware+conservative,fifo+first_fit+none,bsld_mean,10,-2.209721996,-4.286739708,-0.1327042832,10,0,0
sens-s2-load-m10,shortest_estimate+topology_aware+conservative,fifo+first_fit+none,bsld_p95,10,-10.60827175,-19.44588575,-1.770657748,10,0,0
sens-s2-load-m10,shortest_estimate+topology_aware+conservative,fifo+first_fit+none,bsld_p99,10,-27.45865347,-47.58522234,-7.332084606,10,0,0
sens-s2-load-m10,shortest_estimate+topology_aware+conservative,fifo+first_fit+none,wflow_mean,10,-2.209721996,-4.286739708,-0.1327042832,10,0,0
sens-s2-load-m10,shortest_estimate+topology_aware+conservative,fifo+first_fit+none,wflow_sum_all,10,-4460.613123,-8155.814472,-765.4117742,10,0,0
sens-s2-load-m10,shortest_estimate+topology_aware+conservative,fifo+first_fit+none,large_wait_mean,10,-1161.833497,-2331.72704,8.060045759,10,0,0
sens-s2-load-m10,shortest_estimate+topology_aware+conservative,fifo+first_fit+none,large_wait_p95,10,-3566.6984,-6365.189264,-768.2075362,10,0,0
sens-s2-load-m10,shortest_estimate+topology_aware+conservative,fifo+first_fit+none,utilization,10,-0.01202779019,-0.01819575076,-0.005859829607,1,0,9
sens-s2-load-m10,shortest_estimate+topology_aware+conservative,fifo+first_fit+none,frag_blocked_frac,10,-0.189948996,-0.2933802904,-0.08651770166,10,0,0
sens-s2-load-m10,shortest_estimate+topology_aware+conservative,fifo+first_fit+none,stranded_frac,10,-0.04141634328,-0.06057648656,-0.0222562,10,0,0
sens-s2-load-m10,shortest_estimate+topology_aware+conservative,fifo+first_fit+none,goodput_ratio,10,0.01985032311,0.01376693675,0.02593370947,10,0,0
sens-s2-load-m10,shortest_estimate+topology_aware+conservative,fifo+first_fit+none,wasted_gpu_hours,10,-102.4005251,-137.743024,-67.05802618,10,0,0
sens-s2-load-m10,shortest_estimate+topology_aware+conservative,fifo+first_fit+none,lost_gpu_hours,10,0,0,0,0,10,0
sens-s2-load-m10,shortest_estimate+topology_aware+conservative,fifo+first_fit+none,overhead_gpu_hours,10,0,0,0,0,10,0
sens-s2-load-m10,shortest_estimate+topology_aware+conservative,fifo+first_fit+none,topology_gpu_hours,10,-102.4004778,-137.7429782,-67.05797741,10,0,0
sens-s2-load-m10,shortest_estimate+topology_aware+conservative,fifo+first_fit+none,slack_gpu_hours,10,-4.729696971e-05,-5.591156969e-05,-3.868236973e-05,10,0,0
sens-s2-load-m10,shortest_estimate+topology_aware+conservative,fifo+first_fit+none,preemptions,10,0,0,0,0,10,0
sens-s2-load-m10,shortest_estimate+topology_aware+conservative,fifo+first_fit+none,failure_kills,10,0,0,0,0,10,0
sens-s2-load-m10,shortest_estimate+topology_aware+conservative,fifo+first_fit+none,node_downtime_gpu_hours,10,0,0,0,0,10,0
sens-s2-load-m10,shortest_estimate+topology_aware+conservative,fifo+first_fit+none,jain_bsld,10,0.01243818747,0.00451432331,0.02036205163,10,0,0
sens-s2-load-m10,shortest_estimate+topology_aware+conservative,fifo+first_fit+none,tenant_worst_best_ratio,10,-0.2696830221,-0.4123572333,-0.127008811,10,0,0
sens-s2-load-m10,shortest_estimate+topology_aware+conservative,fifo+first_fit+none,slo_attainment,10,0.1041376846,-0.007232393683,0.2155077628,10,0,0
sens-s2-load-m10,shortest_estimate+topology_aware+conservative,fifo+first_fit+none,makespan,10,242.67,-1051.860687,1537.200687,2,5,3
sens-s2-load-m10,shortest_estimate+topology_aware+conservative,fifo+first_fit+none,reservations,10,155.3,96.65037922,213.9496208,0,0,10
sens-s2-load-m10,shortest_estimate+topology_aware+conservative,fifo+first_fit+none,broken_reservations,10,129.4,78.11867168,180.6813283,0,0,10
sens-s2-load-m10,shortest_estimate+topology_aware+conservative,fifo+first_fit+none,tenant_t0_bsld_mean,10,-2.46458094,-5.057541059,0.1283791788,10,0,0
sens-s2-load-m10,shortest_estimate+topology_aware+conservative,fifo+first_fit+none,tenant_t0_bsld_p95,10,-12.99114319,-26.29078777,0.3085013844,10,0,0
sens-s2-load-m10,shortest_estimate+topology_aware+conservative,fifo+first_fit+none,tenant_t1_bsld_mean,10,-2.060000732,-3.95978077,-0.1602206943,10,0,0
sens-s2-load-m10,shortest_estimate+topology_aware+conservative,fifo+first_fit+none,tenant_t1_bsld_p95,10,-10.01941956,-18.25863811,-1.780201003,10,0,0
sens-s2-load-m10,shortest_estimate+topology_aware+conservative,fifo+first_fit+none,tenant_t2_bsld_mean,10,-1.982767333,-3.524627806,-0.4409068589,10,0,0
sens-s2-load-m10,shortest_estimate+topology_aware+conservative,fifo+first_fit+none,tenant_t2_bsld_p95,10,-10.02019166,-16.76184345,-3.27853988,10,0,0
sens-s2-load-m10,shortest_estimate+topology_aware+conservative,fifo+first_fit+none,tenant_t3_bsld_mean,10,-2.156243895,-4.085427797,-0.2270599922,10,0,0
sens-s2-load-m10,shortest_estimate+topology_aware+conservative,fifo+first_fit+none,tenant_t3_bsld_p95,10,-10.06793206,-17.26759716,-2.868266972,10,0,0
sens-s2-load-m10,shortest_estimate+topology_aware+conservative,fifo+first_fit+none,prio_1_wait_p95,10,-5088.7231,-8508.14195,-1669.30425,10,0,0
sens-s2-load-m10,shortest_estimate+topology_aware+conservative,fifo+first_fit+none,prio_1_bsld_p95,10,-10.67519541,-19.1478825,-2.202508314,10,0,0
sens-s2-load-m10,shortest_estimate+topology_aware+conservative,fifo+first_fit+none,prio_8_wait_p95,10,-4777.4322,-7999.37478,-1555.48962,10,0,0
sens-s2-load-m10,shortest_estimate+topology_aware+easy,fifo+first_fit+none,J,10,-0.7821432272,-1.328412347,-0.2358741069,10,0,0
sens-s2-load-m10,shortest_estimate+topology_aware+easy,fifo+first_fit+none,J_slowdown,10,-0.2430485115,-0.4449508232,-0.04114619968,10,0,0
sens-s2-load-m10,shortest_estimate+topology_aware+easy,fifo+first_fit+none,J_wait,10,-0.4022106796,-0.6691758796,-0.1352454796,10,0,0
sens-s2-load-m10,shortest_estimate+topology_aware+easy,fifo+first_fit+none,J_waste,10,-0.02018741763,-0.02641760322,-0.01395723203,10,0,0
sens-s2-load-m10,shortest_estimate+topology_aware+easy,fifo+first_fit+none,J_slo,10,-0.1041186377,-0.2159437161,0.007706440643,10,0,0
sens-s2-load-m10,shortest_estimate+topology_aware+easy,fifo+first_fit+none,J_fairness,10,-0.01257798077,-0.02067401913,-0.0044819424,10,0,0
sens-s2-load-m10,shortest_estimate+topology_aware+easy,fifo+first_fit+none,wait_mean,10,-1348.066727,-2698.091328,1.957875188,10,0,0
sens-s2-load-m10,shortest_estimate+topology_aware+easy,fifo+first_fit+none,wait_p95,10,-5100.101,-8485.265921,-1714.936079,10,0,0
sens-s2-load-m10,shortest_estimate+topology_aware+easy,fifo+first_fit+none,wait_p99,10,-4472.2934,-7316.506847,-1628.079953,10,0,0
sens-s2-load-m10,shortest_estimate+topology_aware+easy,fifo+first_fit+none,jct_mean,10,-1364.039344,-2714.016135,-14.06255175,10,0,0
sens-s2-load-m10,shortest_estimate+topology_aware+easy,fifo+first_fit+none,jct_p95,10,-2035.174,-3906.944891,-163.4031086,10,0,0
sens-s2-load-m10,shortest_estimate+topology_aware+easy,fifo+first_fit+none,bsld_mean,10,-2.213359372,-4.294336934,-0.1323818099,10,0,0
sens-s2-load-m10,shortest_estimate+topology_aware+easy,fifo+first_fit+none,bsld_p95,10,-10.62985132,-19.46015249,-1.799550149,10,0,0
sens-s2-load-m10,shortest_estimate+topology_aware+easy,fifo+first_fit+none,bsld_p99,10,-27.48071288,-47.46540466,-7.496021103,10,0,0
sens-s2-load-m10,shortest_estimate+topology_aware+easy,fifo+first_fit+none,wflow_mean,10,-2.213359372,-4.294336934,-0.1323818099,10,0,0
sens-s2-load-m10,shortest_estimate+topology_aware+easy,fifo+first_fit+none,wflow_sum_all,10,-4459.143512,-8159.394835,-758.8921883,10,0,0
sens-s2-load-m10,shortest_estimate+topology_aware+easy,fifo+first_fit+none,large_wait_mean,10,-1141.027259,-2267.325982,-14.72853651,10,0,0
sens-s2-load-m10,shortest_estimate+topology_aware+easy,fifo+first_fit+none,large_wait_p95,10,-3561.4054,-6156.092141,-966.7186595,10,0,0
sens-s2-load-m10,shortest_estimate+topology_aware+easy,fifo+first_fit+none,utilization,10,-0.01236294428,-0.01993316414,-0.004792724425,1,0,9
sens-s2-load-m10,shortest_estimate+topology_aware+easy,fifo+first_fit+none,frag_blocked_frac,10,-0.1922852287,-0.2893903478,-0.09518010964,10,0,0
sens-s2-load-m10,shortest_estimate+topology_aware+easy,fifo+first_fit+none,stranded_frac,10,-0.04238860537,-0.06154352916,-0.02323368158,10,0,0
sens-s2-load-m10,shortest_estimate+topology_aware+easy,fifo+first_fit+none,goodput_ratio,10,0.02018741763,0.01395723203,0.02641760322,10,0,0
sens-s2-load-m10,shortest_estimate+topology_aware+easy,fifo+first_fit+none,wasted_gpu_hours,10,-104.0936593,-146.2270172,-61.96030149,10,0,0
sens-s2-load-m10,shortest_estimate+topology_aware+easy,fifo+first_fit+none,lost_gpu_hours,10,0,0,0,0,10,0
sens-s2-load-m10,shortest_estimate+topology_aware+easy,fifo+first_fit+none,overhead_gpu_hours,10,0,0,0,0,10,0
sens-s2-load-m10,shortest_estimate+topology_aware+easy,fifo+first_fit+none,topology_gpu_hours,10,-104.0936084,-146.2269641,-61.96025276,10,0,0
sens-s2-load-m10,shortest_estimate+topology_aware+easy,fifo+first_fit+none,slack_gpu_hours,10,-5.091717173e-05,-6.261183629e-05,-3.922250718e-05,10,0,0
sens-s2-load-m10,shortest_estimate+topology_aware+easy,fifo+first_fit+none,preemptions,10,0,0,0,0,10,0
sens-s2-load-m10,shortest_estimate+topology_aware+easy,fifo+first_fit+none,failure_kills,10,0,0,0,0,10,0
sens-s2-load-m10,shortest_estimate+topology_aware+easy,fifo+first_fit+none,node_downtime_gpu_hours,10,0,0,0,0,10,0
sens-s2-load-m10,shortest_estimate+topology_aware+easy,fifo+first_fit+none,jain_bsld,10,0.01257798077,0.0044819424,0.02067401913,10,0,0
sens-s2-load-m10,shortest_estimate+topology_aware+easy,fifo+first_fit+none,tenant_worst_best_ratio,10,-0.2759466638,-0.4215658526,-0.130327475,10,0,0
sens-s2-load-m10,shortest_estimate+topology_aware+easy,fifo+first_fit+none,slo_attainment,10,0.1041186377,-0.007706440643,0.2159437161,10,0,0
sens-s2-load-m10,shortest_estimate+topology_aware+easy,fifo+first_fit+none,makespan,10,-1497.1917,-3451.676191,457.2927914,4,5,1
sens-s2-load-m10,shortest_estimate+topology_aware+easy,fifo+first_fit+none,reservations,10,110,77.84516904,142.154831,0,0,10
sens-s2-load-m10,shortest_estimate+topology_aware+easy,fifo+first_fit+none,broken_reservations,10,92,62.56296916,121.4370308,0,0,10
sens-s2-load-m10,shortest_estimate+topology_aware+easy,fifo+first_fit+none,tenant_t0_bsld_mean,10,-2.474315948,-5.084260124,0.1356282287,10,0,0
sens-s2-load-m10,shortest_estimate+topology_aware+easy,fifo+first_fit+none,tenant_t0_bsld_p95,10,-13.04306071,-26.43184377,0.3457223606,10,0,0
sens-s2-load-m10,shortest_estimate+topology_aware+easy,fifo+first_fit+none,tenant_t1_bsld_mean,10,-2.061357352,-3.963872037,-0.1588426664,10,0,0
sens-s2-load-m10,shortest_estimate+topology_aware+easy,fifo+first_fit+none,tenant_t1_bsld_p95,10,-10.05858066,-18.27927709,-1.837884236,10,0,0
sens-s2-load-m10,shortest_estimate+topology_aware+easy,fifo+first_fit+none,tenant_t2_bsld_mean,10,-1.982698483,-3.508784295,-0.4566126702,10,0,0
sens-s2-load-m10,shortest_estimate+topology_aware+easy,fifo+first_fit+none,tenant_t2_bsld_p95,10,-9.987271816,-16.65820355,-3.316340086,10,0,0
sens-s2-load-m10,shortest_estimate+topology_aware+easy,fifo+first_fit+none,tenant_t3_bsld_mean,10,-2.151461905,-4.07924573,-0.2236780797,10,0,0
sens-s2-load-m10,shortest_estimate+topology_aware+easy,fifo+first_fit+none,tenant_t3_bsld_p95,10,-10.06839407,-17.22681445,-2.909973687,10,0,0
sens-s2-load-m10,shortest_estimate+topology_aware+easy,fifo+first_fit+none,prio_1_wait_p95,10,-5163.6256,-8582.447743,-1744.803457,10,0,0
sens-s2-load-m10,shortest_estimate+topology_aware+easy,fifo+first_fit+none,prio_1_bsld_p95,10,-10.73320274,-19.24734234,-2.219063133,10,0,0
sens-s2-load-m10,shortest_estimate+topology_aware+easy,fifo+first_fit+none,prio_8_wait_p95,10,-4799.0778,-7953.269371,-1644.886229,10,0,0
sens-s2-load-m10,shortest_estimate+topology_aware+easy_oracle,fifo+first_fit+none,J,10,-0.7782241862,-1.330281085,-0.226167287,10,0,0
sens-s2-load-m10,shortest_estimate+topology_aware+easy_oracle,fifo+first_fit+none,J_slowdown,10,-0.2421872086,-0.4447911663,-0.0395832509,10,0,0
sens-s2-load-m10,shortest_estimate+topology_aware+easy_oracle,fifo+first_fit+none,J_wait,10,-0.4017268771,-0.6712540548,-0.1321996993,10,0,0
sens-s2-load-m10,shortest_estimate+topology_aware+easy_oracle,fifo+first_fit+none,J_waste,10,-0.01776257376,-0.02479982551,-0.01072532201,10,0,0
sens-s2-load-m10,shortest_estimate+topology_aware+easy_oracle,fifo+first_fit+none,J_slo,10,-0.1043720855,-0.2170767409,0.008332569924,10,0,0
sens-s2-load-m10,shortest_estimate+topology_aware+easy_oracle,fifo+first_fit+none,J_fairness,10,-0.0121754413,-0.02001232659,-0.004338556014,10,0,0
sens-s2-load-m10,shortest_estimate+topology_aware+easy_oracle,fifo+first_fit+none,wait_mean,10,-1349.847124,-2709.4492,9.754951986,10,0,0
sens-s2-load-m10,shortest_estimate+topology_aware+easy_oracle,fifo+first_fit+none,wait_p95,10,-5093.9663,-8511.617542,-1676.315058,10,0,0
sens-s2-load-m10,shortest_estimate+topology_aware+easy_oracle,fifo+first_fit+none,wait_p99,10,-4530.3013,-7414.282922,-1646.319678,10,0,0
sens-s2-load-m10,shortest_estimate+topology_aware+easy_oracle,fifo+first_fit+none,jct_mean,10,-1364.538485,-2723.757044,-5.319926068,10,0,0
sens-s2-load-m10,shortest_estimate+topology_aware+easy_oracle,fifo+first_fit+none,jct_p95,10,-1943.5074,-3839.102863,-47.9119372,10,0,0
sens-s2-load-m10,shortest_estimate+topology_aware+easy_oracle,fifo+first_fit+none,bsld_mean,10,-2.213776642,-4.297064017,-0.1304892666,10,0,0
sens-s2-load-m10,shortest_estimate+topology_aware+easy_oracle,fifo+first_fit+none,bsld_p95,10,-10.5921818,-19.45316981,-1.731193782,10,0,0
sens-s2-load-m10,shortest_estimate+topology_aware+easy_oracle,fifo+first_fit+none,bsld_p99,10,-27.57660202,-47.74066895,-7.412535094,10,0,0
sens-s2-load-m10,shortest_estimate+topology_aware+easy_oracle,fifo+first_fit+none,wflow_mean,10,-2.213776642,-4.297064017,-0.1304892666,10,0,0
sens-s2-load-m10,shortest_estimate+topology_aware+easy_oracle,fifo+first_fit+none,wflow_sum_all,10,-4470.689179,-8177.640499,-763.7378596,10,0,0
sens-s2-load-m10,shortest_estimate+topology_aware+easy_oracle,fifo+first_fit+none,large_wait_mean,10,-1162.713982,-2343.856089,18.42812577,10,0,0
sens-s2-load-m10,shortest_estimate+topology_aware+easy_oracle,fifo+first_fit+none,large_wait_p95,10,-3576.2224,-6226.731895,-925.7129055,10,0,0
sens-s2-load-m10,shortest_estimate+topology_aware+easy_oracle,fifo+first_fit+none,utilization,10,-0.010593174,-0.01839550719,-0.002790840809,1,0,9
sens-s2-load-m10,shortest_estimate+topology_aware+easy_oracle,fifo+first_fit+none,frag_blocked_frac,10,-0.1886939827,-0.2884825425,-0.08890542286,10,0,0
sens-s2-load-m10,shortest_estimate+topology_aware+easy_oracle,fifo+first_fit+none,stranded_frac,10,-0.03851322112,-0.05721516285,-0.0198112794,10,0,0
sens-s2-load-m10,shortest_estimate+topology_aware+easy_oracle,fifo+first_fit+none,goodput_ratio,10,0.01776257376,0.01072532201,0.02479982551,10,0,0
sens-s2-load-m10,shortest_estimate+topology_aware+easy_oracle,fifo+first_fit+none,wasted_gpu_hours,10,-94.61722822,-138.5445885,-50.68986796,10,0,0
sens-s2-load-m10,shortest_estimate+topology_aware+easy_oracle,fifo+first_fit+none,lost_gpu_hours,10,0,0,0,0,10,0
sens-s2-load-m10,shortest_estimate+topology_aware+easy_oracle,fifo+first_fit+none,overhead_gpu_hours,10,0,0,0,0,10,0
sens-s2-load-m10,shortest_estimate+topology_aware+easy_oracle,fifo+first_fit+none,topology_gpu_hours,10,-94.61718604,-138.5445404,-50.68983164,10,0,0
sens-s2-load-m10,shortest_estimate+topology_aware+easy_oracle,fifo+first_fit+none,slack_gpu_hours,10,-4.217777779e-05,-5.252585729e-05,-3.182969829e-05,10,0,0
sens-s2-load-m10,shortest_estimate+topology_aware+easy_oracle,fifo+first_fit+none,preemptions,10,0,0,0,0,10,0
sens-s2-load-m10,shortest_estimate+topology_aware+easy_oracle,fifo+first_fit+none,failure_kills,10,0,0,0,0,10,0
sens-s2-load-m10,shortest_estimate+topology_aware+easy_oracle,fifo+first_fit+none,node_downtime_gpu_hours,10,0,0,0,0,10,0
sens-s2-load-m10,shortest_estimate+topology_aware+easy_oracle,fifo+first_fit+none,jain_bsld,10,0.0121754413,0.004338556014,0.02001232659,10,0,0
sens-s2-load-m10,shortest_estimate+topology_aware+easy_oracle,fifo+first_fit+none,tenant_worst_best_ratio,10,-0.2629660357,-0.398786204,-0.1271458674,10,0,0
sens-s2-load-m10,shortest_estimate+topology_aware+easy_oracle,fifo+first_fit+none,slo_attainment,10,0.1043720855,-0.008332569924,0.2170767409,10,0,0
sens-s2-load-m10,shortest_estimate+topology_aware+easy_oracle,fifo+first_fit+none,makespan,10,-775.9247,-2955.906535,1404.057135,4,5,1
sens-s2-load-m10,shortest_estimate+topology_aware+easy_oracle,fifo+first_fit+none,reservations,10,114,78.29898378,149.7010162,0,0,10
sens-s2-load-m10,shortest_estimate+topology_aware+easy_oracle,fifo+first_fit+none,broken_reservations,10,26.3,17.00922999,35.59077001,0,0,10
sens-s2-load-m10,shortest_estimate+topology_aware+easy_oracle,fifo+first_fit+none,tenant_t0_bsld_mean,10,-2.471036396,-5.077984241,0.1359114478,10,0,0
sens-s2-load-m10,shortest_estimate+topology_aware+easy_oracle,fifo+first_fit+none,tenant_t0_bsld_p95,10,-12.98593086,-26.32217854,0.3503168166,10,0,0
sens-s2-load-m10,shortest_estimate+topology_aware+easy_oracle,fifo+first_fit+none,tenant_t1_bsld_mean,10,-2.064687835,-3.964290827,-0.1650848429,10,0,0
sens-s2-load-m10,shortest_estimate+topology_aware+easy_oracle,fifo+first_fit+none,tenant_t1_bsld_p95,10,-10.03348488,-18.25089093,-1.816078835,10,0,0
sens-s2-load-m10,shortest_estimate+topology_aware+easy_oracle,fifo+first_fit+none,tenant_t2_bsld_mean,10,-1.98783734,-3.531922051,-0.4437526293,10,0,0
sens-s2-load-m10,shortest_estimate+topology_aware+easy_oracle,fifo+first_fit+none,tenant_t2_bsld_p95,10,-9.966300644,-16.73148617,-3.201115115,10,0,0
sens-s2-load-m10,shortest_estimate+topology_aware+easy_oracle,fifo+first_fit+none,tenant_t3_bsld_mean,10,-2.14798239,-4.083834656,-0.2121301251,10,0,0
sens-s2-load-m10,shortest_estimate+topology_aware+easy_oracle,fifo+first_fit+none,tenant_t3_bsld_p95,10,-10.04647724,-17.37650428,-2.716450212,10,0,0
sens-s2-load-m10,shortest_estimate+topology_aware+easy_oracle,fifo+first_fit+none,prio_1_wait_p95,10,-5145.7141,-8572.948558,-1718.479642,10,0,0
sens-s2-load-m10,shortest_estimate+topology_aware+easy_oracle,fifo+first_fit+none,prio_1_bsld_p95,10,-10.7102299,-19.23960234,-2.180857472,10,0,0
sens-s2-load-m10,shortest_estimate+topology_aware+easy_oracle,fifo+first_fit+none,prio_8_wait_p95,10,-4862.7916,-8132.283272,-1593.299928,10,0,0
sens-s2-load-m10,shortest_estimate+topology_aware+easy_predicted,fifo+first_fit+none,J,10,-0.7870572882,-1.344080752,-0.2300338239,10,0,0
sens-s2-load-m10,shortest_estimate+topology_aware+easy_predicted,fifo+first_fit+none,J_slowdown,10,-0.2433931292,-0.4466078716,-0.04017838689,10,0,0
sens-s2-load-m10,shortest_estimate+topology_aware+easy_predicted,fifo+first_fit+none,J_wait,10,-0.406441379,-0.6794772803,-0.1334054777,10,0,0
sens-s2-load-m10,shortest_estimate+topology_aware+easy_predicted,fifo+first_fit+none,J_waste,10,-0.02034232803,-0.02656968507,-0.01411497099,10,0,0
sens-s2-load-m10,shortest_estimate+topology_aware+easy_predicted,fifo+first_fit+none,J_slo,10,-0.104377747,-0.2176915061,0.008936012127,10,0,0
sens-s2-load-m10,shortest_estimate+topology_aware+easy_predicted,fifo+first_fit+none,J_fairness,10,-0.01250270497,-0.02046545329,-0.004539956647,10,0,0
sens-s2-load-m10,shortest_estimate+topology_aware+easy_predicted,fifo+first_fit+none,wait_mean,10,-1351.086986,-2713.715175,11.54120296,10,0,0
sens-s2-load-m10,shortest_estimate+topology_aware+easy_predicted,fifo+first_fit+none,wait_p95,10,-5153.747,-8615.889464,-1691.604536,10,0,0
sens-s2-load-m10,shortest_estimate+topology_aware+easy_predicted,fifo+first_fit+none,wait_p99,10,-4454.1932,-7326.26906,-1582.11734,10,0,0
sens-s2-load-m10,shortest_estimate+topology_aware+easy_predicted,fifo+first_fit+none,jct_mean,10,-1366.753228,-2728.769718,-4.736737764,10,0,0
sens-s2-load-m10,shortest_estimate+topology_aware+easy_predicted,fifo+first_fit+none,jct_p95,10,-1993.0266,-3879.758357,-106.294843,10,0,0
sens-s2-load-m10,shortest_estimate+topology_aware+easy_predicted,fifo+first_fit+none,bsld_mean,10,-2.215914096,-4.306106283,-0.1257219088,10,0,0
sens-s2-load-m10,shortest_estimate+topology_aware+easy_predicted,fifo+first_fit+none,bsld_p95,10,-10.64492335,-19.53262435,-1.75722236,10,0,0
sens-s2-load-m10,shortest_estimate+topology_aware+easy_predicted,fifo+first_fit+none,bsld_p99,10,-27.45852476,-47.58847746,-7.328572059,10,0,0
sens-s2-load-m10,shortest_estimate+topology_aware+easy_predicted,fifo+first_fit+none,wflow_mean,10,-2.215914096,-4.306106283,-0.1257219088,10,0,0
sens-s2-load-m10,shortest_estimate+topology_aware+easy_predicted,fifo+first_fit+none,wflow_sum_all,10,-4464.414298,-8176.426902,-752.4016928,10,0,0
sens-s2-load-m10,shortest_estimate+topology_aware+easy_predicted,fifo+first_fit+none,large_wait_mean,10,-1148.539408,-2323.054455,25.97563785,10,0,0
sens-s2-load-m10,shortest_estimate+topology_aware+easy_predicted,fifo+first_fit+none,large_wait_p95,10,-3468.2965,-6095.669426,-840.9235736,10,0,0
sens-s2-load-m10,shortest_estimate+topology_aware+easy_predicted,fifo+first_fit+none,utilization,10,-0.01233071904,-0.01998363934,-0.004677798749,1,0,9
sens-s2-load-m10,shortest_estimate+topology_aware+easy_predicted,fifo+first_fit+none,frag_blocked_frac,10,-0.1838088323,-0.2861073925,-0.0815102721,10,0,0
sens-s2-load-m10,shortest_estimate+topology_aware+easy_predicted,fifo+first_fit+none,stranded_frac,10,-0.04080825157,-0.05834492427,-0.02327157888,10,0,0
sens-s2-load-m10,shortest_estimate+topology_aware+easy_predicted,fifo+first_fit+none,goodput_ratio,10,0.02034232803,0.01411497099,0.02656968507,10,0,0
sens-s2-load-m10,shortest_estimate+topology_aware+easy_predicted,fifo+first_fit+none,wasted_gpu_hours,10,-104.7433109,-144.4682009,-65.01842091,10,0,0
sens-s2-load-m10,shortest_estimate+topology_aware+easy_predicted,fifo+first_fit+none,lost_gpu_hours,10,0,0,0,0,10,0
sens-s2-load-m10,shortest_estimate+topology_aware+easy_predicted,fifo+first_fit+none,overhead_gpu_hours,10,0,0,0,0,10,0
sens-s2-load-m10,shortest_estimate+topology_aware+easy_predicted,fifo+first_fit+none,topology_gpu_hours,10,-104.7432619,-144.4681507,-65.01837321,10,0,0
sens-s2-load-m10,shortest_estimate+topology_aware+easy_predicted,fifo+first_fit+none,slack_gpu_hours,10,-4.895757577e-05,-6.047649486e-05,-3.743865669e-05,10,0,0
sens-s2-load-m10,shortest_estimate+topology_aware+easy_predicted,fifo+first_fit+none,preemptions,10,0,0,0,0,10,0
sens-s2-load-m10,shortest_estimate+topology_aware+easy_predicted,fifo+first_fit+none,failure_kills,10,0,0,0,0,10,0
sens-s2-load-m10,shortest_estimate+topology_aware+easy_predicted,fifo+first_fit+none,node_downtime_gpu_hours,10,0,0,0,0,10,0
sens-s2-load-m10,shortest_estimate+topology_aware+easy_predicted,fifo+first_fit+none,jain_bsld,10,0.01250270497,0.004539956647,0.02046545329,10,0,0
sens-s2-load-m10,shortest_estimate+topology_aware+easy_predicted,fifo+first_fit+none,tenant_worst_best_ratio,10,-0.2734540527,-0.415308024,-0.1316000814,10,0,0
sens-s2-load-m10,shortest_estimate+topology_aware+easy_predicted,fifo+first_fit+none,slo_attainment,10,0.104377747,-0.008936012127,0.2176915061,10,0,0
sens-s2-load-m10,shortest_estimate+topology_aware+easy_predicted,fifo+first_fit+none,makespan,10,-1909.0524,-4155.140128,337.0353279,5,5,0
sens-s2-load-m10,shortest_estimate+topology_aware+easy_predicted,fifo+first_fit+none,reservations,10,106.6,77.22832857,135.9716714,0,0,10
sens-s2-load-m10,shortest_estimate+topology_aware+easy_predicted,fifo+first_fit+none,broken_reservations,10,93.6,67.46971826,119.7302817,0,0,10
sens-s2-load-m10,shortest_estimate+topology_aware+easy_predicted,fifo+first_fit+none,tenant_t0_bsld_mean,10,-2.478652951,-5.099533633,0.1422277313,10,0,0
sens-s2-load-m10,shortest_estimate+topology_aware+easy_predicted,fifo+first_fit+none,tenant_t0_bsld_p95,10,-13.06862847,-26.50862567,0.37136874,10,0,0
sens-s2-load-m10,shortest_estimate+topology_aware+easy_predicted,fifo+first_fit+none,tenant_t1_bsld_mean,10,-2.066152402,-3.972855028,-0.1594497764,10,0,0
sens-s2-load-m10,shortest_estimate+topology_aware+easy_predicted,fifo+first_fit+none,tenant_t1_bsld_p95,10,-10.07769598,-18.3322794,-1.823112558,10,0,0
sens-s2-load-m10,shortest_estimate+topology_aware+easy_predicted,fifo+first_fit+none,tenant_t2_bsld_mean,10,-1.982513796,-3.526700119,-0.438327472,10,0,0
sens-s2-load-m10,shortest_estimate+topology_aware+easy_predicted,fifo+first_fit+none,tenant_t2_bsld_p95,10,-10.05364411,-16.84926695,-3.258021257,10,0,0
sens-s2-load-m10,shortest_estimate+topology_aware+easy_predicted,fifo+first_fit+none,tenant_t3_bsld_mean,10,-2.144447806,-4.067416268,-0.2214793432,10,0,0
sens-s2-load-m10,shortest_estimate+topology_aware+easy_predicted,fifo+first_fit+none,tenant_t3_bsld_p95,10,-10.03228906,-17.17810974,-2.88646838,10,0,0
sens-s2-load-m10,shortest_estimate+topology_aware+easy_predicted,fifo+first_fit+none,prio_1_wait_p95,10,-5199.3527,-8672.520695,-1726.184705,10,0,0
sens-s2-load-m10,shortest_estimate+topology_aware+easy_predicted,fifo+first_fit+none,prio_1_bsld_p95,10,-10.77620324,-19.34651006,-2.205896421,10,0,0
sens-s2-load-m10,shortest_estimate+topology_aware+easy_predicted,fifo+first_fit+none,prio_8_wait_p95,10,-4931.7215,-8265.604434,-1597.838566,10,0,0
sens-s2-load-m10,shortest_estimate+topology_aware+none,fifo+first_fit+none,J,10,-0.6651758294,-1.162337634,-0.1680140249,10,0,0
sens-s2-load-m10,shortest_estimate+topology_aware+none,fifo+first_fit+none,J_slowdown,10,-0.2308797768,-0.4274213581,-0.03433819555,10,0,0
sens-s2-load-m10,shortest_estimate+topology_aware+none,fifo+first_fit+none,J_wait,10,-0.3106381356,-0.5487227746,-0.07255349668,10,0,0
sens-s2-load-m10,shortest_estimate+topology_aware+none,fifo+first_fit+none,J_waste,10,-0.0180078436,-0.02427466629,-0.0117410209,10,0,0
sens-s2-load-m10,shortest_estimate+topology_aware+none,fifo+first_fit+none,J_slo,10,-0.09385377258,-0.1990477698,0.01134022467,10,0,0
sens-s2-load-m10,shortest_estimate+topology_aware+none,fifo+first_fit+none,J_fairness,10,-0.01179630078,-0.01925831089,-0.004334290674,10,0,0
sens-s2-load-m10,shortest_estimate+topology_aware+none,fifo+first_fit+none,wait_mean,10,-1164.251564,-2391.762777,63.2596492,10,0,0
sens-s2-load-m10,shortest_estimate+topology_aware+none,fifo+first_fit+none,wait_p95,10,-3938.9453,-6957.89971,-919.9908897,10,0,0
sens-s2-load-m10,shortest_estimate+topology_aware+none,fifo+first_fit+none,wait_p99,10,-1369.9557,-3628.341745,888.4303446,6,0,4
sens-s2-load-m10,shortest_estimate+topology_aware+none,fifo+first_fit+none,jct_mean,10,-1179.111249,-2406.320656,48.098158,10,0,0
sens-s2-load-m10,shortest_estimate+topology_aware+none,fifo+first_fit+none,jct_p95,10,-1305.9506,-3014.087912,402.1867115,7,0,3
sens-s2-load-m10,shortest_estimate+topology_aware+none,fifo+first_fit+none,bsld_mean,10,-2.139434216,-4.174407852,-0.1044605802,10,0,0
sens-s2-load-m10,shortest_estimate+topology_aware+none,fifo+first_fit+none,bsld_p95,10,-10.09764547,-18.69349234,-1.501798596,10,0,0
sens-s2-load-m10,shortest_estimate+topology_aware+none,fifo+first_fit+none,bsld_p99,10,-26.48887386,-46.03790048,-6.939847245,10,0,0
sens-s2-load-m10,shortest_estimate+topology_aware+none,fifo+first_fit+none,wflow_mean,10,-2.139434216,-4.174407852,-0.1044605802,10,0,0
sens-s2-load-m10,shortest_estimate+topology_aware+none,fifo+first_fit+none,wflow_sum_all,10,-4313.055525,-7914.019733,-712.0913165,10,0,0
sens-s2-load-m10,shortest_estimate+topology_aware+none,fifo+first_fit+none,large_wait_mean,10,-1129.019828,-2254.246972,-3.792684252,10,0,0
sens-s2-load-m10,shortest_estimate+topology_aware+none,fifo+first_fit+none,large_wait_p95,10,-3262.2767,-5984.517167,-540.0362333,10,0,0
sens-s2-load-m10,shortest_estimate+topology_aware+none,fifo+first_fit+none,utilization,10,-0.01123554661,-0.01787514551,-0.00459594772,2,0,8
sens-s2-load-m10,shortest_estimate+topology_aware+none,fifo+first_fit+none,frag_blocked_frac,10,-0.1344436279,-0.2093187089,-0.05956854685,10,0,0
sens-s2-load-m10,shortest_estimate+topology_aware+none,fifo+first_fit+none,stranded_frac,10,-0.03205583054,-0.04995590665,-0.01415575444,10,0,0
sens-s2-load-m10,shortest_estimate+topology_aware+none,fifo+first_fit+none,goodput_ratio,10,0.0180078436,0.0117410209,0.02427466629,10,0,0
sens-s2-load-m10,shortest_estimate+topology_aware+none,fifo+first_fit+none,wasted_gpu_hours,10,-93.11425333,-133.290097,-52.9384097,10,0,0
sens-s2-load-m10,shortest_estimate+topology_aware+none,fifo+first_fit+none,lost_gpu_hours,10,0,0,0,0,10,0
sens-s2-load-m10,shortest_estimate+topology_aware+none,fifo+first_fit+none,overhead_gpu_hours,10,0,0,0,0,10,0
sens-s2-load-m10,shortest_estimate+topology_aware+none,fifo+first_fit+none,topology_gpu_hours,10,-93.11421051,-133.2900528,-52.93836823,10,0,0
sens-s2-load-m10,shortest_estimate+topology_aware+none,fifo+first_fit+none,slack_gpu_hours,10,-4.282020204e-05,-5.159214135e-05,-3.404826272e-05,10,0,0
sens-s2-load-m10,shortest_estimate+topology_aware+none,fifo+first_fit+none,preemptions,10,0,0,0,0,10,0
sens-s2-load-m10,shortest_estimate+topology_aware+none,fifo+first_fit+none,failure_kills,10,0,0,0,0,10,0
sens-s2-load-m10,shortest_estimate+topology_aware+none,fifo+first_fit+none,node_downtime_gpu_hours,10,0,0,0,0,10,0
sens-s2-load-m10,shortest_estimate+topology_aware+none,fifo+first_fit+none,jain_bsld,10,0.01179630078,0.004334290674,0.01925831089,10,0,0
sens-s2-load-m10,shortest_estimate+topology_aware+none,fifo+first_fit+none,tenant_worst_best_ratio,10,-0.250879655,-0.376692697,-0.125066613,10,0,0
sens-s2-load-m10,shortest_estimate+topology_aware+none,fifo+first_fit+none,slo_attainment,10,0.09385377258,-0.01134022467,0.1990477698,10,0,0
sens-s2-load-m10,shortest_estimate+topology_aware+none,fifo+first_fit+none,makespan,10,107.0265,-1724.104874,1938.157874,3,5,2
sens-s2-load-m10,shortest_estimate+topology_aware+none,fifo+first_fit+none,reservations,10,0,0,0,0,10,0
sens-s2-load-m10,shortest_estimate+topology_aware+none,fifo+first_fit+none,broken_reservations,10,0,0,0,0,10,0
sens-s2-load-m10,shortest_estimate+topology_aware+none,fifo+first_fit+none,tenant_t0_bsld_mean,10,-2.389506892,-4.943968454,0.1649546697,10,0,0
sens-s2-load-m10,shortest_estimate+topology_aware+none,fifo+first_fit+none,tenant_t0_bsld_p95,10,-12.49960996,-25.61788193,0.6186620101,10,0,0
sens-s2-load-m10,shortest_estimate+topology_aware+none,fifo+first_fit+none,tenant_t1_bsld_mean,10,-2.00342753,-3.874748228,-0.1321068327,10,0,0
sens-s2-load-m10,shortest_estimate+topology_aware+none,fifo+first_fit+none,tenant_t1_bsld_p95,10,-9.493660998,-17.50875561,-1.478566384,10,0,0
sens-s2-load-m10,shortest_estimate+topology_aware+none,fifo+first_fit+none,tenant_t2_bsld_mean,10,-1.91010378,-3.387712464,-0.4324950953,10,0,0
sens-s2-load-m10,shortest_estimate+topology_aware+none,fifo+first_fit+none,tenant_t2_bsld_p95,10,-9.518437301,-16.05828115,-2.978593455,10,0,0
sens-s2-load-m10,shortest_estimate+topology_aware+none,fifo+first_fit+none,tenant_t3_bsld_mean,10,-2.071701268,-3.968204586,-0.1751979495,10,0,0
sens-s2-load-m10,shortest_estimate+topology_aware+none,fifo+first_fit+none,tenant_t3_bsld_p95,10,-9.453196098,-16.47278516,-2.433607032,10,0,0
sens-s2-load-m10,shortest_estimate+topology_aware+none,fifo+first_fit+none,prio_1_wait_p95,10,-3921.0822,-6950.780603,-891.3837966,10,0,0
sens-s2-load-m10,shortest_estimate+topology_aware+none,fifo+first_fit+none,prio_1_bsld_p95,10,-10.19570039,-18.46893568,-1.9224651,10,0,0
sens-s2-load-m10,shortest_estimate+topology_aware+none,fifo+first_fit+none,prio_8_wait_p95,10,-3526.7459,-5943.969238,-1109.522562,10,0,0
sens-s2-load-p10,shortest_estimate+topology_aware+conservative,fifo+first_fit+none,J,10,-3.94439285,-5.716347276,-2.172438424,10,0,0
sens-s2-load-p10,shortest_estimate+topology_aware+conservative,fifo+first_fit+none,J_slowdown,10,-1.764206662,-2.678096671,-0.8503166522,10,0,0
sens-s2-load-p10,shortest_estimate+topology_aware+conservative,fifo+first_fit+none,J_wait,10,-1.563096513,-2.30996512,-0.8162279055,10,0,0
sens-s2-load-p10,shortest_estimate+topology_aware+conservative,fifo+first_fit+none,J_waste,10,-0.01033277906,-0.01641783978,-0.004247718329,10,0,0
sens-s2-load-p10,shortest_estimate+topology_aware+conservative,fifo+first_fit+none,J_slo,10,-0.5634398848,-0.7642573255,-0.3626224442,10,0,0
sens-s2-load-p10,shortest_estimate+topology_aware+conservative,fifo+first_fit+none,J_fairness,10,-0.04331701164,-0.08021692742,-0.006417095856,9,0,1
sens-s2-load-p10,shortest_estimate+topology_aware+conservative,fifo+first_fit+none,wait_mean,10,-11032.07289,-18132.72099,-3931.424788,10,0,0
sens-s2-load-p10,shortest_estimate+topology_aware+conservative,fifo+first_fit+none,wait_p95,10,-19820.3342,-29290.75735,-10349.91105,10,0,0
sens-s2-load-p10,shortest_estimate+topology_aware+conservative,fifo+first_fit+none,wait_p99,10,-14990.4863,-22877.97046,-7103.002139,10,0,0
sens-s2-load-p10,shortest_estimate+topology_aware+conservative,fifo+first_fit+none,jct_mean,10,-11042.00237,-18141.62943,-3942.375317,10,0,0
sens-s2-load-p10,shortest_estimate+topology_aware+conservative,fifo+first_fit+none,jct_p95,10,-15259.9303,-23839.196,-6680.664603,10,0,0
sens-s2-load-p10,shortest_estimate+topology_aware+conservative,fifo+first_fit+none,bsld_mean,10,-19.24464835,-30.35400356,-8.135293133,10,0,0
sens-s2-load-p10,shortest_estimate+topology_aware+conservative,fifo+first_fit+none,bsld_p95,10,-77.15848328,-117.1279316,-37.18903495,10,0,0
sens-s2-load-p10,shortest_estimate+topology_aware+conservative,fifo+first_fit+none,bsld_p99,10,-167.9966354,-249.4568391,-86.53643163,10,0,0
sens-s2-load-p10,shortest_estimate+topology_aware+conservative,fifo+first_fit+none,wflow_mean,10,-19.24464835,-30.35400356,-8.135293133,10,0,0
sens-s2-load-p10,shortest_estimate+topology_aware+conservative,fifo+first_fit+none,wflow_sum_all,10,-38484.54018,-59472.17839,-17496.90197,10,0,0
sens-s2-load-p10,shortest_estimate+topology_aware+conservative,fifo+first_fit+none,large_wait_mean,10,-10033.53328,-16823.6328,-3243.433751,10,0,0
sens-s2-load-p10,shortest_estimate+topology_aware+conservative,fifo+first_fit+none,large_wait_p95,10,-13960.0194,-21566.94903,-6353.089772,10,0,0
sens-s2-load-p10,shortest_estimate+topology_aware+conservative,fifo+first_fit+none,utilization,10,0.04340882395,0.02753943107,0.05927821682,10,0,0
sens-s2-load-p10,shortest_estimate+topology_aware+conservative,fifo+first_fit+none,frag_blocked_frac,10,-0.4064133607,-0.4542285423,-0.358598179,10,0,0
sens-s2-load-p10,shortest_estimate+topology_aware+conservative,fifo+first_fit+none,stranded_frac,10,-0.0549371918,-0.0712639219,-0.03861046169,10,0,0
sens-s2-load-p10,shortest_estimate+topology_aware+conservative,fifo+first_fit+none,goodput_ratio,10,0.01033277906,0.004247718329,0.01641783978,10,0,0
sens-s2-load-p10,shortest_estimate+topology_aware+conservative,fifo+first_fit+none,wasted_gpu_hours,10,-58.03209556,-97.25467726,-18.80951386,10,0,0
sens-s2-load-p10,shortest_estimate+topology_aware+conservative,fifo+first_fit+none,lost_gpu_hours,10,0,0,0,0,10,0
sens-s2-load-p10,shortest_estimate+topology_aware+conservative,fifo+first_fit+none,overhead_gpu_hours,10,0,0,0,0,10,0
sens-s2-load-p10,shortest_estimate+topology_aware+conservative,fifo+first_fit+none,topology_gpu_hours,10,-58.03206634,-97.25464309,-18.8094896,10,0,0
sens-s2-load-p10,shortest_estimate+topology_aware+conservative,fifo+first_fit+none,slack_gpu_hours,10,-2.921212122e-05,-3.719136591e-05,-2.123287654e-05,10,0,0
sens-s2-load-p10,shortest_estimate+topology_aware+conservative,fifo+first_fit+none,preemptions,10,0,0,0,0,10,0
sens-s2-load-p10,shortest_estimate+topology_aware+conservative,fifo+first_fit+none,failure_kills,10,0,0,0,0,10,0
sens-s2-load-p10,shortest_estimate+topology_aware+conservative,fifo+first_fit+none,node_downtime_gpu_hours,10,0,0,0,0,10,0
sens-s2-load-p10,shortest_estimate+topology_aware+conservative,fifo+first_fit+none,jain_bsld,10,0.04331701164,0.006417095856,0.08021692742,9,0,1
sens-s2-load-p10,shortest_estimate+topology_aware+conservative,fifo+first_fit+none,tenant_worst_best_ratio,10,-0.6015742501,-0.9587617508,-0.2443867494,10,0,0
sens-s2-load-p10,shortest_estimate+topology_aware+conservative,fifo+first_fit+none,slo_attainment,10,0.5634398848,0.3626224442,0.7642573255,10,0,0
sens-s2-load-p10,shortest_estimate+topology_aware+conservative,fifo+first_fit+none,makespan,10,-7830.9515,-19185.62454,3523.721535,9,0,1
sens-s2-load-p10,shortest_estimate+topology_aware+conservative,fifo+first_fit+none,reservations,10,418.4,348.132027,488.667973,0,0,10
sens-s2-load-p10,shortest_estimate+topology_aware+conservative,fifo+first_fit+none,broken_reservations,10,358.3,295.9083275,420.6916725,0,0,10
sens-s2-load-p10,shortest_estimate+topology_aware+conservative,fifo+first_fit+none,tenant_t0_bsld_mean,10,-20.87185517,-33.69593569,-8.047774655,10,0,0
sens-s2-load-p10,shortest_estimate+topology_aware+conservative,fifo+first_fit+none,tenant_t0_bsld_p95,10,-90.7074055,-145.2364291,-36.17838191,10,0,0
sens-s2-load-p10,shortest_estimate+topology_aware+conservative,fifo+first_fit+none,tenant_t1_bsld_mean,10,-18.18702996,-29.77576478,-6.598295149,10,0,0
sens-s2-load-p10,shortest_estimate+topology_aware+conservative,fifo+first_fit+none,tenant_t1_bsld_p95,10,-68.22788385,-105.8972888,-30.55847888,10,0,0
sens-s2-load-p10,shortest_estimate+topology_aware+conservative,fifo+first_fit+none,tenant_t2_bsld_mean,10,-17.6034457,-26.95817956,-8.24871184,10,0,0
sens-s2-load-p10,shortest_estimate+topology_aware+conservative,fifo+first_fit+none,tenant_t2_bsld_p95,10,-70.62786097,-106.6796931,-34.57602889,10,0,0
sens-s2-load-p10,shortest_estimate+topology_aware+conservative,fifo+first_fit+none,tenant_t3_bsld_mean,10,-19.81230094,-30.81956229,-8.805039591,10,0,0
sens-s2-load-p10,shortest_estimate+topology_aware+conservative,fifo+first_fit+none,tenant_t3_bsld_p95,10,-69.65131639,-98.37008926,-40.93254351,10,0,0
sens-s2-load-p10,shortest_estimate+topology_aware+conservative,fifo+first_fit+none,prio_1_wait_p95,10,-19990.0145,-29583.92572,-10396.10328,10,0,0
sens-s2-load-p10,shortest_estimate+topology_aware+conservative,fifo+first_fit+none,prio_1_bsld_p95,10,-79.13545201,-122.7813696,-35.48953442,10,0,0
sens-s2-load-p10,shortest_estimate+topology_aware+conservative,fifo+first_fit+none,prio_8_wait_p95,10,-19495.6132,-29088.2425,-9902.983897,10,0,0
sens-s2-load-p10,shortest_estimate+topology_aware+easy,fifo+first_fit+none,J,10,-3.929092041,-5.695971275,-2.162212808,10,0,0
sens-s2-load-p10,shortest_estimate+topology_aware+easy,fifo+first_fit+none,J_slowdown,10,-1.760732148,-2.672010783,-0.8494535143,10,0,0
sens-s2-load-p10,shortest_estimate+topology_aware+easy,fifo+first_fit+none,J_wait,10,-1.557559246,-2.306584885,-0.8085336076,10,0,0
sens-s2-load-p10,shortest_estimate+topology_aware+easy,fifo+first_fit+none,J_waste,10,-0.007362215694,-0.01297576407,-0.001748667321,9,0,1
sens-s2-load-p10,shortest_estimate+topology_aware+easy,fifo+first_fit+none,J_slo,10,-0.5599826885,-0.7587998106,-0.3611655664,10,0,0
sens-s2-load-p10,shortest_estimate+topology_aware+easy,fifo+first_fit+none,J_fairness,10,-0.04345574235,-0.07913418293,-0.007777301776,10,0,0
sens-s2-load-p10,shortest_estimate+topology_aware+easy,fifo+first_fit+none,wait_mean,10,-10973.24286,-18065.62214,-3880.863577,10,0,0
sens-s2-load-p10,shortest_estimate+topology_aware+easy,fifo+first_fit+none,wait_p95,10,-19750.1207,-29247.89538,-10252.34602,10,0,0
sens-s2-load-p10,shortest_estimate+topology_aware+easy,fifo+first_fit+none,wait_p99,10,-12017.8299,-21722.5273,-2313.132497,9,0,1
sens-s2-load-p10,shortest_estimate+topology_aware+easy,fifo+first_fit+none,jct_mean,10,-10980.29913,-18070.82593,-3889.77234,10,0,0
sens-s2-load-p10,shortest_estimate+topology_aware+easy,fifo+first_fit+none,jct_p95,10,-15121.2158,-23820.25315,-6422.178451,10,0,0
sens-s2-load-p10,shortest_estimate+topology_aware+easy,fifo+first_fit+none,bsld_mean,10,-19.21254817,-30.30193227,-8.123164072,10,0,0
sens-s2-load-p10,shortest_estimate+topology_aware+easy,fifo+first_fit+none,bsld_p95,10,-77.00652366,-116.8617622,-37.15128517,10,0,0
sens-s2-load-p10,shortest_estimate+topology_aware+easy,fifo+first_fit+none,bsld_p99,10,-167.2305455,-248.5697015,-85.89138945,10,0,0
sens-s2-load-p10,shortest_estimate+topology_aware+easy,fifo+first_fit+none,wflow_mean,10,-19.21254817,-30.30193227,-8.123164072,10,0,0
sens-s2-load-p10,shortest_estimate+topology_aware+easy,fifo+first_fit+none,wflow_sum_all,10,-38453.77753,-59421.32222,-17486.23284,10,0,0
sens-s2-load-p10,shortest_estimate+topology_aware+easy,fifo+first_fit+none,large_wait_mean,10,-9720.044845,-16496.89038,-2943.199313,10,0,0
sens-s2-load-p10,shortest_estimate+topology_aware+easy,fifo+first_fit+none,large_wait_p95,10,-11291.1088,-20258.28034,-2323.937262,9,0,1
sens-s2-load-p10,shortest_estimate+topology_aware+easy,fifo+first_fit+none,utilization,10,0.04174665654,0.02353666179,0.0599566513,9,0,1
sens-s2-load-p10,shortest_estimate+topology_aware+easy,fifo+first_fit+none,frag_blocked_frac,10,-0.3917438413,-0.4345747277,-0.3489129548,10,0,0
sens-s2-load-p10,shortest_estimate+topology_aware+easy,fifo+first_fit+none,stranded_frac,10,-0.04979025765,-0.07053329146,-0.02904722384,9,0,1
sens-s2-load-p10,shortest_estimate+topology_aware+easy,fifo+first_fit+none,goodput_ratio,10,0.007362215694,0.001748667321,0.01297576407,9,0,1
sens-s2-load-p10,shortest_estimate+topology_aware+easy,fifo+first_fit+none,wasted_gpu_hours,10,-41.91013467,-77.0377003,-6.782569036,9,0,1
sens-s2-load-p10,shortest_estimate+topology_aware+easy,fifo+first_fit+none,lost_gpu_hours,10,0,0,0,0,10,0
sens-s2-load-p10,shortest_estimate+topology_aware+easy,fifo+first_fit+none,overhead_gpu_hours,10,0,0,0,0,10,0
sens-s2-load-p10,shortest_estimate+topology_aware+easy,fifo+first_fit+none,topology_gpu_hours,10,-41.91010695,-77.03766676,-6.782547143,9,0,1
sens-s2-load-p10,shortest_estimate+topology_aware+easy,fifo+first_fit+none,slack_gpu_hours,10,-2.771717172e-05,-3.612238793e-05,-1.931195552e-05,10,0,0
sens-s2-load-p10,shortest_estimate+topology_aware+easy,fifo+first_fit+none,preemptions,10,0,0,0,0,10,0
sens-s2-load-p10,shortest_estimate+topology_aware+easy,fifo+first_fit+none,failure_kills,10,0,0,0,0,10,0
sens-s2-load-p10,shortest_estimate+topology_aware+easy,fifo+first_fit+none,node_downtime_gpu_hours,10,0,0,0,0,10,0
sens-s2-load-p10,shortest_estimate+topology_aware+easy,fifo+first_fit+none,jain_bsld,10,0.04345574235,0.007777301776,0.07913418293,10,0,0
sens-s2-load-p10,shortest_estimate+topology_aware+easy,fifo+first_fit+none,tenant_worst_best_ratio,10,-0.5995842091,-0.9308928147,-0.2682756035,10,0,0
sens-s2-load-p10,shortest_estimate+topology_aware+easy,fifo+first_fit+none,slo_attainment,10,0.5599826885,0.3611655664,0.7587998106,10,0,0
sens-s2-load-p10,shortest_estimate+topology_aware+easy,fifo+first_fit+none,makespan,10,-6609.6052,-17599.52853,4380.318127,9,0,1
sens-s2-load-p10,shortest_estimate+topology_aware+easy,fifo+first_fit+none,reservations,10,256.3,225.0653879,287.5346121,0,0,10
sens-s2-load-p10,shortest_estimate+topology_aware+easy,fifo+first_fit+none,broken_reservations,10,220.1,186.0280947,254.1719053,0,0,10
sens-s2-load-p10,shortest_estimate+topology_aware+easy,fifo+first_fit+none,tenant_t0_bsld_mean,10,-20.8270061,-33.641363,-8.012649193,10,0,0
sens-s2-load-p10,shortest_estimate+topology_aware+easy,fifo+first_fit+none,tenant_t0_bsld_p95,10,-90.54219413,-144.9905966,-36.09379167,10,0,0
sens-s2-load-p10,shortest_estimate+topology_aware+easy,fifo+first_fit+none,tenant_t1_bsld_mean,10,-18.15656486,-29.7133529,-6.599776826,10,0,0
sens-s2-load-p10,shortest_estimate+topology_aware+easy,fifo+first_fit+none,tenant_t1_bsld_p95,10,-68.08704762,-105.6486436,-30.52545162,10,0,0
sens-s2-load-p10,shortest_estimate+topology_aware+easy,fifo+first_fit+none,tenant_t2_bsld_mean,10,-17.57752275,-26.91199167,-8.243053827,10,0,0
sens-s2-load-p10,shortest_estimate+topology_aware+easy,fifo+first_fit+none,tenant_t2_bsld_p95,10,-70.50824506,-106.3792958,-34.63719431,10,0,0
sens-s2-load-p10,shortest_estimate+topology_aware+easy,fifo+first_fit+none,tenant_t3_bsld_mean,10,-19.81371026,-30.78222474,-8.845195784,10,0,0
sens-s2-load-p10,shortest_estimate+topology_aware+easy,fifo+first_fit+none,tenant_t3_bsld_p95,10,-69.299562,-97.95917784,-40.63994615,10,0,0
sens-s2-load-p10,shortest_estimate+topology_aware+easy,fifo+first_fit+none,prio_1_wait_p95,10,-19875.6183,-29494.44447,-10256.79213,10,0,0
sens-s2-load-p10,shortest_estimate+topology_aware+easy,fifo+first_fit+none,prio_1_bsld_p95,10,-79.02768214,-122.5919289,-35.46343538,10,0,0
sens-s2-load-p10,shortest_estimate+topology_aware+easy,fifo+first_fit+none,prio_8_wait_p95,10,-18856.548,-28435.57033,-9277.525668,10,0,0
sens-s2-load-p10,shortest_estimate+topology_aware+easy_oracle,fifo+first_fit+none,J,10,-3.963356678,-5.735612238,-2.191101118,10,0,0
sens-s2-load-p10,shortest_estimate+topology_aware+easy_oracle,fifo+first_fit+none,J_slowdown,10,-1.763329395,-2.67542692,-0.8512318705,10,0,0
sens-s2-load-p10,shortest_estimate+topology_aware+easy_oracle,fifo+first_fit+none,J_wait,10,-1.5799132,-2.327203566,-0.8326228341,10,0,0
sens-s2-load-p10,shortest_estimate+topology_aware+easy_oracle,fifo+first_fit+none,J_waste,10,-0.01057524903,-0.01728911662,-0.003861381434,9,0,1
sens-s2-load-p10,shortest_estimate+topology_aware+easy_oracle,fifo+first_fit+none,J_slo,10,-0.5645044036,-0.7650608612,-0.363947946,10,0,0
sens-s2-load-p10,shortest_estimate+topology_aware+easy_oracle,fifo+first_fit+none,J_fairness,10,-0.04503442963,-0.08103714333,-0.009031715922,10,0,0
sens-s2-load-p10,shortest_estimate+topology_aware+easy_oracle,fifo+first_fit+none,wait_mean,10,-11036.44295,-18134.02067,-3938.865221,10,0,0
sens-s2-load-p10,shortest_estimate+topology_aware+easy_oracle,fifo+first_fit+none,wait_p95,10,-20033.5727,-29509.34382,-10557.80158,10,0,0
sens-s2-load-p10,shortest_estimate+topology_aware+easy_oracle,fifo+first_fit+none,wait_p99,10,-13747.4919,-21363.2093,-6131.774496,10,0,0
sens-s2-load-p10,shortest_estimate+topology_aware+easy_oracle,fifo+first_fit+none,jct_mean,10,-11045.68622,-18142.26787,-3949.104574,10,0,0
sens-s2-load-p10,shortest_estimate+topology_aware+easy_oracle,fifo+first_fit+none,jct_p95,10,-15340.1567,-23967.62709,-6712.686314,10,0,0
sens-s2-load-p10,shortest_estimate+topology_aware+easy_oracle,fifo+first_fit+none,bsld_mean,10,-19.2499882,-30.34295081,-8.157025585,10,0,0
sens-s2-load-p10,shortest_estimate+topology_aware+easy_oracle,fifo+first_fit+none,bsld_p95,10,-77.1201156,-117.0111687,-37.22906249,10,0,0
sens-s2-load-p10,shortest_estimate+topology_aware+easy_oracle,fifo+first_fit+none,bsld_p99,10,-168.251273,-249.4693632,-87.03318275,10,0,0
sens-s2-load-p10,shortest_estimate+topology_aware+easy_oracle,fifo+first_fit+none,wflow_mean,10,-19.2499882,-30.34295081,-8.157025585,10,0,0
sens-s2-load-p10,shortest_estimate+topology_aware+easy_oracle,fifo+first_fit+none,wflow_sum_all,10,-38513.21469,-59475.95442,-17550.47497,10,0,0
sens-s2-load-p10,shortest_estimate+topology_aware+easy_oracle,fifo+first_fit+none,large_wait_mean,10,-9992.826618,-16768.37238,-3217.280856,10,0,0
sens-s2-load-p10,shortest_estimate+topology_aware+easy_oracle,fifo+first_fit+none,large_wait_p95,10,-13186.4128,-20491.15678,-5881.668818,10,0,0
sens-s2-load-p10,shortest_estimate+topology_aware+easy_oracle,fifo+first_fit+none,utilization,10,0.04546610549,0.0275584007,0.06337381029,9,0,1
sens-s2-load-p10,shortest_estimate+topology_aware+easy_oracle,fifo+first_fit+none,frag_blocked_frac,10,-0.4099096222,-0.4648705162,-0.3549487282,10,0,0
sens-s2-load-p10,shortest_estimate+topology_aware+easy_oracle,fifo+first_fit+none,stranded_frac,10,-0.0457020649,-0.06985298812,-0.02155114168,8,0,2
sens-s2-load-p10,shortest_estimate+topology_aware+easy_oracle,fifo+first_fit+none,goodput_ratio,10,0.01057524903,0.003861381434,0.01728911662,9,0,1
sens-s2-load-p10,shortest_estimate+topology_aware+easy_oracle,fifo+first_fit+none,wasted_gpu_hours,10,-59.89880978,-102.1647345,-17.63288502,9,0,1
sens-s2-load-p10,shortest_estimate+topology_aware+easy_oracle,fifo+first_fit+none,lost_gpu_hours,10,0,0,0,0,10,0
sens-s2-load-p10,shortest_estimate+topology_aware+easy_oracle,fifo+first_fit+none,overhead_gpu_hours,10,0,0,0,0,10,0
sens-s2-load-p10,shortest_estimate+topology_aware+easy_oracle,fifo+first_fit+none,topology_gpu_hours,10,-59.89878019,-102.1646978,-17.63286257,9,0,1
sens-s2-load-p10,shortest_estimate+topology_aware+easy_oracle,fifo+first_fit+none,slack_gpu_hours,10,-2.95878788e-05,-3.897184018e-05,-2.020391742e-05,10,0,0
sens-s2-load-p10,shortest_estimate+topology_aware+easy_oracle,fifo+first_fit+none,preemptions,10,0,0,0,0,10,0
sens-s2-load-p10,shortest_estimate+topology_aware+easy_oracle,fifo+first_fit+none,failure_kills,10,0,0,0,0,10,0
sens-s2-load-p10,shortest_estimate+topology_aware+easy_oracle,fifo+first_fit+none,node_downtime_gpu_hours,10,0,0,0,0,10,0
sens-s2-load-p10,shortest_estimate+topology_aware+easy_oracle,fifo+first_fit+none,jain_bsld,10,0.04503442963,0.009031715922,0.08103714333,10,0,0
sens-s2-load-p10,shortest_estimate+topology_aware+easy_oracle,fifo+first_fit+none,tenant_worst_best_ratio,10,-0.6458071219,-0.9804890992,-0.3111251446,10,0,0
sens-s2-load-p10,shortest_estimate+topology_aware+easy_oracle,fifo+first_fit+none,slo_attainment,10,0.5645044036,0.363947946,0.7650608612,10,0,0
sens-s2-load-p10,shortest_estimate+topology_aware+easy_oracle,fifo+first_fit+none,makespan,10,-6981.3762,-16796.02647,2833.274068,8,0,2
sens-s2-load-p10,shortest_estimate+topology_aware+easy_oracle,fifo+first_fit+none,reservations,10,270.1,233.9110627,306.2889373,0,0,10
sens-s2-load-p10,shortest_estimate+topology_aware+easy_oracle,fifo+first_fit+none,broken_reservations,10,74.6,61.39137816,87.80862184,0,0,10
sens-s2-load-p10,shortest_estimate+topology_aware+easy_oracle,fifo+first_fit+none,tenant_t0_bsld_mean,10,-20.85899986,-33.66311542,-8.054884292,10,0,0
sens-s2-load-p10,shortest_estimate+topology_aware+easy_oracle,fifo+first_fit+none,tenant_t0_bsld_p95,10,-90.61721063,-145.0325837,-36.20183752,10,0,0
sens-s2-load-p10,shortest_estimate+topology_aware+easy_oracle,fifo+first_fit+none,tenant_t1_bsld_mean,10,-18.20296557,-29.79004557,-6.615885562,10,0,0
sens-s2-load-p10,shortest_estimate+topology_aware+easy_oracle,fifo+first_fit+none,tenant_t1_bsld_p95,10,-68.24735723,-105.923784,-30.57093045,10,0,0
sens-s2-load-p10,shortest_estimate+topology_aware+easy_oracle,fifo+first_fit+none,tenant_t2_bsld_mean,10,-17.61991695,-26.9556368,-8.284197096,10,0,0
sens-s2-load-p10,shortest_estimate+topology_aware+easy_oracle,fifo+first_fit+none,tenant_t2_bsld_p95,10,-70.65455818,-106.5525697,-34.75654664,10,0,0
sens-s2-load-p10,shortest_estimate+topology_aware+easy_oracle,fifo+first_fit+none,tenant_t3_bsld_mean,10,-19.83781147,-30.82875465,-8.846868287,10,0,0
sens-s2-load-p10,shortest_estimate+topology_aware+easy_oracle,fifo+first_fit+none,tenant_t3_bsld_p95,10,-69.64377991,-98.44529388,-40.84226594,10,0,0
sens-s2-load-p10,shortest_estimate+topology_aware+easy_oracle,fifo+first_fit+none,prio_1_wait_p95,10,-20202.7039,-29824.10038,-10581.30742,10,0,0
sens-s2-load-p10,shortest_estimate+topology_aware+easy_oracle,fifo+first_fit+none,prio_1_bsld_p95,10,-79.05838903,-122.6137678,-35.50301024,10,0,0
sens-s2-load-p10,shortest_estimate+topology_aware+easy_oracle,fifo+first_fit+none,prio_8_wait_p95,10,-19534.5668,-28828.89311,-10240.24049,10,0,0
sens-s2-load-p10,shortest_estimate+topology_aware+easy_predicted,fifo+first_fit+none,J,10,-3.951957712,-5.703359714,-2.20055571,10,0,0
sens-s2-load-p10,shortest_estimate+topology_aware+easy_predicted,fifo+first_fit+none,J_slowdown,10,-1.762862121,-2.67311413,-0.8526101124,10,0,0
sens-s2-load-p10,shortest_estimate+topology_aware+easy_predicted,fifo+first_fit+none,J_wait,10,-1.574547398,-2.307879364,-0.8412154319,10,0,0
sens-s2-load-p10,shortest_estimate+topology_aware+easy_predicted,fifo+first_fit+none,J_waste,10,-0.008994616661,-0.01634312077,-0.00164611255,8,0,2
sens-s2-load-p10,shortest_estimate+topology_aware+easy_predicted,fifo+first_fit+none,J_slo,10,-0.5612951366,-0.7605086613,-0.362081612,10,0,0
sens-s2-load-p10,shortest_estimate+topology_aware+easy_predicted,fifo+first_fit+none,J_fairness,10,-0.04425843985,-0.08007475005,-0.008442129662,10,0,0
sens-s2-load-p10,shortest_estimate+topology_aware+easy_predicted,fifo+first_fit+none,wait_mean,10,-10981.57446,-18035.53795,-3927.61096,10,0,0
sens-s2-load-p10,shortest_estimate+topology_aware+easy_predicted,fifo+first_fit+none,wait_p95,10,-19965.5334,-29264.30959,-10666.75721,10,0,0
sens-s2-load-p10,shortest_estimate+topology_aware+easy_predicted,fifo+first_fit+none,wait_p99,10,-12449.3246,-20910.7514,-3987.897802,9,0,1
sens-s2-load-p10,shortest_estimate+topology_aware+easy_predicted,fifo+first_fit+none,jct_mean,10,-10989.62171,-18041.3846,-3937.85883,10,0,0
sens-s2-load-p10,shortest_estimate+topology_aware+easy_predicted,fifo+first_fit+none,jct_p95,10,-15291.0793,-23857.6049,-6724.553696,10,0,0
sens-s2-load-p10,shortest_estimate+topology_aware+easy_predicted,fifo+first_fit+none,bsld_mean,10,-19.23232054,-30.311544,-8.15309708,10,0,0
sens-s2-load-p10,shortest_estimate+topology_aware+easy_predicted,fifo+first_fit+none,bsld_p95,10,-77.09967911,-116.9100176,-37.28934061,10,0,0
sens-s2-load-p10,shortest_estimate+topology_aware+easy_predicted,fifo+first_fit+none,bsld_p99,10,-167.6435906,-248.7896831,-86.49749814,10,0,0
sens-s2-load-p10,shortest_estimate+topology_aware+easy_predicted,fifo+first_fit+none,wflow_mean,10,-19.23232054,-30.311544,-8.15309708,10,0,0
sens-s2-load-p10,shortest_estimate+topology_aware+easy_predicted,fifo+first_fit+none,wflow_sum_all,10,-38459.19119,-59398.58277,-17519.7996,10,0,0
sens-s2-load-p10,shortest_estimate+topology_aware+easy_predicted,fifo+first_fit+none,large_wait_mean,10,-9701.225523,-16267.73553,-3134.715517,10,0,0
sens-s2-load-p10,shortest_estimate+topology_aware+easy_predicted,fifo+first_fit+none,large_wait_p95,10,-11869.7261,-19901.81491,-3837.637286,9,0,1
sens-s2-load-p10,shortest_estimate+topology_aware+easy_predicted,fifo+first_fit+none,utilization,10,0.03502776122,0.02098671474,0.0490688077,9,0,1
sens-s2-load-p10,shortest_estimate+topology_aware+easy_predicted,fifo+first_fit+none,frag_blocked_frac,10,-0.3777569298,-0.4234732333,-0.3320406263,10,0,0
sens-s2-load-p10,shortest_estimate+topology_aware+easy_predicted,fifo+first_fit+none,stranded_frac,10,-0.05003215719,-0.06671757689,-0.03334673748,10,0,0
sens-s2-load-p10,shortest_estimate+topology_aware+easy_predicted,fifo+first_fit+none,goodput_ratio,10,0.008994616661,0.00164611255,0.01634312077,8,0,2
sens-s2-load-p10,shortest_estimate+topology_aware+easy_predicted,fifo+first_fit+none,wasted_gpu_hours,10,-51.69700689,-95.58794658,-7.806067201,8,0,2
sens-s2-load-p10,shortest_estimate+topology_aware+easy_predicted,fifo+first_fit+none,lost_gpu_hours,10,0,0,0,0,10,0
sens-s2-load-p10,shortest_estimate+topology_aware+easy_predicted,fifo+first_fit+none,overhead_gpu_hours,10,0,0,0,0,10,0
sens-s2-load-p10,shortest_estimate+topology_aware+easy_predicted,fifo+first_fit+none,topology_gpu_hours,10,-51.69697591,-95.58790884,-7.806042983,8,0,2
sens-s2-load-p10,shortest_estimate+topology_aware+easy_predicted,fifo+first_fit+none,slack_gpu_hours,10,-3.097777779e-05,-3.96503018e-05,-2.230525378e-05,10,0,0
sens-s2-load-p10,shortest_estimate+topology_aware+easy_predicted,fifo+first_fit+none,preemptions,10,0,0,0,0,10,0
sens-s2-load-p10,shortest_estimate+topology_aware+easy_predicted,fifo+first_fit+none,failure_kills,10,0,0,0,0,10,0
sens-s2-load-p10,shortest_estimate+topology_aware+easy_predicted,fifo+first_fit+none,node_downtime_gpu_hours,10,0,0,0,0,10,0
sens-s2-load-p10,shortest_estimate+topology_aware+easy_predicted,fifo+first_fit+none,jain_bsld,10,0.04425843985,0.008442129662,0.08007475005,10,0,0
sens-s2-load-p10,shortest_estimate+topology_aware+easy_predicted,fifo+first_fit+none,tenant_worst_best_ratio,10,-0.6224087583,-0.9488107016,-0.296006815,10,0,0
sens-s2-load-p10,shortest_estimate+topology_aware+easy_predicted,fifo+first_fit+none,slo_attainment,10,0.5612951366,0.362081612,0.7605086613,10,0,0
sens-s2-load-p10,shortest_estimate+topology_aware+easy_predicted,fifo+first_fit+none,makespan,10,-3061.7509,-14700.15239,8576.650591,8,0,2
sens-s2-load-p10,shortest_estimate+topology_aware+easy_predicted,fifo+first_fit+none,reservations,10,239.8,207.6084093,271.9915907,0,0,10
sens-s2-load-p10,shortest_estimate+topology_aware+easy_predicted,fifo+first_fit+none,broken_reservations,10,214.2,183.0077409,245.3922591,0,0,10
sens-s2-load-p10,shortest_estimate+topology_aware+easy_predicted,fifo+first_fit+none,tenant_t0_bsld_mean,10,-20.84174006,-33.63001783,-8.053462288,10,0,0
sens-s2-load-p10,shortest_estimate+topology_aware+easy_predicted,fifo+first_fit+none,tenant_t0_bsld_p95,10,-90.66586017,-144.9915913,-36.34012905,10,0,0
sens-s2-load-p10,shortest_estimate+topology_aware+easy_predicted,fifo+first_fit+none,tenant_t1_bsld_mean,10,-18.18461814,-29.75138708,-6.617849201,10,0,0
sens-s2-load-p10,shortest_estimate+topology_aware+easy_predicted,fifo+first_fit+none,tenant_t1_bsld_p95,10,-68.27003709,-105.8904405,-30.64963369,10,0,0
sens-s2-load-p10,shortest_estimate+topology_aware+easy_predicted,fifo+first_fit+none,tenant_t2_bsld_mean,10,-17.59460936,-26.92848576,-8.260732967,10,0,0
sens-s2-load-p10,shortest_estimate+topology_aware+easy_predicted,fifo+first_fit+none,tenant_t2_bsld_p95,10,-70.48697961,-106.3345013,-34.63945787,10,0,0
sens-s2-load-p10,shortest_estimate+topology_aware+easy_predicted,fifo+first_fit+none,tenant_t3_bsld_mean,10,-19.83613183,-30.80545097,-8.866812682,10,0,0
sens-s2-load-p10,shortest_estimate+topology_aware+easy_predicted,fifo+first_fit+none,tenant_t3_bsld_p95,10,-69.44061141,-97.88812919,-40.99309363,10,0,0
sens-s2-load-p10,shortest_estimate+topology_aware+easy_predicted,fifo+first_fit+none,prio_1_wait_p95,10,-20179.4645,-29692.58844,-10666.34056,10,0,0
sens-s2-load-p10,shortest_estimate+topology_aware+easy_predicted,fifo+first_fit+none,prio_1_bsld_p95,10,-79.17038296,-122.727912,-35.61285397,10,0,0
sens-s2-load-p10,shortest_estimate+topology_aware+easy_predicted,fifo+first_fit+none,prio_8_wait_p95,10,-19637.4584,-29031.75506,-10243.16174,10,0,0
sens-s2-load-p10,shortest_estimate+topology_aware+none,fifo+first_fit+none,J,10,-3.470152922,-5.156138432,-1.784167411,10,0,0
sens-s2-load-p10,shortest_estimate+topology_aware+none,fifo+first_fit+none,J_slowdown,10,-1.734075909,-2.643595049,-0.8245567694,10,0,0
sens-s2-load-p10,shortest_estimate+topology_aware+none,fifo+first_fit+none,J_wait,10,-1.175063605,-1.875564887,-0.4745623238,10,0,0
sens-s2-load-p10,shortest_estimate+topology_aware+none,fifo+first_fit+none,J_waste,10,-0.01299459247,-0.01829600259,-0.007693182336,10,0,0
sens-s2-load-p10,shortest_estimate+topology_aware+none,fifo+first_fit+none,J_slo,10,-0.5048375443,-0.6935589199,-0.3161161687,10,0,0
sens-s2-load-p10,shortest_estimate+topology_aware+none,fifo+first_fit+none,J_fairness,10,-0.04318127044,-0.08019699388,-0.006165546997,8,0,2
sens-s2-load-p10,shortest_estimate+topology_aware+none,fifo+first_fit+none,wait_mean,10,-9887.829668,-16749.94759,-3025.71175,10,0,0
sens-s2-load-p10,shortest_estimate+topology_aware+none,fifo+first_fit+none,wait_p95,10,-14900.0098,-23782.48723,-6017.532365,10,0,0
sens-s2-load-p10,shortest_estimate+topology_aware+none,fifo+first_fit+none,wait_p99,10,4554.1158,-7859.156246,16967.38785,3,0,7
sens-s2-load-p10,shortest_estimate+topology_aware+none,fifo+first_fit+none,jct_mean,10,-9899.288036,-16761.00085,-3037.575227,10,0,0
sens-s2-load-p10,shortest_estimate+topology_aware+none,fifo+first_fit+none,jct_p95,10,-10600.2886,-18616.98182,-2583.595384,10,0,0
sens-s2-load-p10,shortest_estimate+topology_aware+none,fifo+first_fit+none,bsld_mean,10,-18.93578563,-29.99024595,-7.881325315,10,0,0
sens-s2-load-p10,shortest_estimate+topology_aware+none,fifo+first_fit+none,bsld_p95,10,-75.84069937,-115.6189855,-36.06241326,10,0,0
sens-s2-load-p10,shortest_estimate+topology_aware+none,fifo+first_fit+none,bsld_p99,10,-166.4145673,-247.7339637,-85.09517097,10,0,0
sens-s2-load-p10,shortest_estimate+topology_aware+none,fifo+first_fit+none,wflow_mean,10,-18.93578563,-29.99024595,-7.881325315,10,0,0
sens-s2-load-p10,shortest_estimate+topology_aware+none,fifo+first_fit+none,wflow_sum_all,10,-37916.08101,-58759.36063,-17072.8014,10,0,0
sens-s2-load-p10,shortest_estimate+topology_aware+none,fifo+first_fit+none,large_wait_mean,10,-9885.522815,-16703.26877,-3067.776866,10,0,0
sens-s2-load-p10,shortest_estimate+topology_aware+none,fifo+first_fit+none,large_wait_p95,10,-14390.3226,-22775.08089,-6005.564307,10,0,0
sens-s2-load-p10,shortest_estimate+topology_aware+none,fifo+first_fit+none,utilization,10,0.02506498319,0.01381740173,0.03631256465,10,0,0
sens-s2-load-p10,shortest_estimate+topology_aware+none,fifo+first_fit+none,frag_blocked_frac,10,-0.2148574148,-0.2590374232,-0.1706774064,10,0,0
sens-s2-load-p10,shortest_estimate+topology_aware+none,fifo+first_fit+none,stranded_frac,10,-0.02764432124,-0.04307211299,-0.01221652948,9,0,1
sens-s2-load-p10,shortest_estimate+topology_aware+none,fifo+first_fit+none,goodput_ratio,10,0.01299459247,0.007693182336,0.01829600259,10,0,0
sens-s2-load-p10,shortest_estimate+topology_aware+none,fifo+first_fit+none,wasted_gpu_hours,10,-67.97177333,-104.3667701,-31.57677655,10,0,0
sens-s2-load-p10,shortest_estimate+topology_aware+none,fifo+first_fit+none,lost_gpu_hours,10,0,0,0,0,10,0
sens-s2-load-p10,shortest_estimate+topology_aware+none,fifo+first_fit+none,overhead_gpu_hours,10,0,0,0,0,10,0
sens-s2-load-p10,shortest_estimate+topology_aware+none,fifo+first_fit+none,topology_gpu_hours,10,-67.97174227,-104.3667409,-31.57674369,10,0,0
sens-s2-load-p10,shortest_estimate+topology_aware+none,fifo+first_fit+none,slack_gpu_hours,10,-3.105858587e-05,-3.691846285e-05,-2.519870888e-05,10,0,0
sens-s2-load-p10,shortest_estimate+topology_aware+none,fifo+first_fit+none,preemptions,10,0,0,0,0,10,0
sens-s2-load-p10,shortest_estimate+topology_aware+none,fifo+first_fit+none,failure_kills,10,0,0,0,0,10,0
sens-s2-load-p10,shortest_estimate+topology_aware+none,fifo+first_fit+none,node_downtime_gpu_hours,10,0,0,0,0,10,0
sens-s2-load-p10,shortest_estimate+topology_aware+none,fifo+first_fit+none,jain_bsld,10,0.04318127044,0.006165546997,0.08019699388,8,0,2
sens-s2-load-p10,shortest_estimate+topology_aware+none,fifo+first_fit+none,tenant_worst_best_ratio,10,-0.5988359268,-0.9560533954,-0.2416184583,8,0,2
sens-s2-load-p10,shortest_estimate+topology_aware+none,fifo+first_fit+none,slo_attainment,10,0.5048375443,0.3161161687,0.6935589199,10,0,0
sens-s2-load-p10,shortest_estimate+topology_aware+none,fifo+first_fit+none,makespan,10,6517.1055,-7571.410649,20605.62165,5,0,5
sens-s2-load-p10,shortest_estimate+topology_aware+none,fifo+first_fit+none,reservations,10,0,0,0,0,10,0
sens-s2-load-p10,shortest_estimate+topology_aware+none,fifo+first_fit+none,broken_reservations,10,0,0,0,0,10,0
sens-s2-load-p10,shortest_estimate+topology_aware+none,fifo+first_fit+none,tenant_t0_bsld_mean,10,-20.52515576,-33.29545405,-7.754857482,10,0,0
sens-s2-load-p10,shortest_estimate+topology_aware+none,fifo+first_fit+none,tenant_t0_bsld_p95,10,-89.25877221,-143.5647926,-34.95275186,10,0,0
sens-s2-load-p10,shortest_estimate+topology_aware+none,fifo+first_fit+none,tenant_t1_bsld_mean,10,-17.9185511,-29.46708422,-6.370017983,10,0,0
sens-s2-load-p10,shortest_estimate+topology_aware+none,fifo+first_fit+none,tenant_t1_bsld_p95,10,-67.03363223,-104.5596345,-29.50762998,10,0,0
sens-s2-load-p10,shortest_estimate+topology_aware+none,fifo+first_fit+none,tenant_t2_bsld_mean,10,-17.33121184,-26.62540114,-8.037022533,10,0,0
sens-s2-load-p10,shortest_estimate+topology_aware+none,fifo+first_fit+none,tenant_t2_bsld_p95,10,-69.54453652,-105.4545323,-33.63454069,10,0,0
sens-s2-load-p10,shortest_estimate+topology_aware+none,fifo+first_fit+none,tenant_t3_bsld_mean,10,-19.46671016,-30.44297828,-8.490442049,10,0,0
sens-s2-load-p10,shortest_estimate+topology_aware+none,fifo+first_fit+none,tenant_t3_bsld_p95,10,-68.2421209,-96.93252149,-39.55172031,10,0,0
sens-s2-load-p10,shortest_estimate+topology_aware+none,fifo+first_fit+none,prio_1_wait_p95,10,-14659.8063,-23540.20745,-5779.405155,10,0,0
sens-s2-load-p10,shortest_estimate+topology_aware+none,fifo+first_fit+none,prio_1_bsld_p95,10,-77.89972203,-121.3601514,-34.43929267,10,0,0
sens-s2-load-p10,shortest_estimate+topology_aware+none,fifo+first_fit+none,prio_8_wait_p95,10,-13703.4662,-22752.04159,-4654.890813,10,0,0
sens-s2-topo-x0.5,shortest_estimate+topology_aware+conservative,fifo+first_fit+none,J,10,-1.637823118,-2.648401385,-0.6272448502,10,0,0
sens-s2-topo-x0.5,shortest_estimate+topology_aware+conservative,fifo+first_fit+none,J_slowdown,10,-0.639987713,-1.133083927,-0.1468914992,10,0,0
sens-s2-topo-x0.5,shortest_estimate+topology_aware+conservative,fifo+first_fit+none,J_wait,10,-0.7023077603,-1.080190468,-0.3244250523,10,0,0
sens-s2-topo-x0.5,shortest_estimate+topology_aware+conservative,fifo+first_fit+none,J_waste,10,-0.007971150624,-0.01144275498,-0.004499546266,10,0,0
sens-s2-topo-x0.5,shortest_estimate+topology_aware+conservative,fifo+first_fit+none,J_slo,10,-0.261096686,-0.4615221423,-0.06067122972,10,0,0
sens-s2-topo-x0.5,shortest_estimate+topology_aware+conservative,fifo+first_fit+none,J_fairness,10,-0.02645980764,-0.05064044897,-0.002279166307,10,0,0
sens-s2-topo-x0.5,shortest_estimate+topology_aware+conservative,fifo+first_fit+none,wait_mean,10,-3989.737831,-7760.812343,-218.6633187,10,0,0
sens-s2-topo-x0.5,shortest_estimate+topology_aware+conservative,fifo+first_fit+none,wait_p95,10,-8905.3839,-13697.00201,-4113.765788,10,0,0
sens-s2-topo-x0.5,shortest_estimate+topology_aware+conservative,fifo+first_fit+none,wait_p99,10,-6714.5269,-10472.12836,-2956.925439,10,0,0
sens-s2-topo-x0.5,shortest_estimate+topology_aware+conservative,fifo+first_fit+none,jct_mean,10,-3996.046925,-7765.705913,-226.3879374,10,0,0
sens-s2-topo-x0.5,shortest_estimate+topology_aware+conservative,fifo+first_fit+none,jct_p95,10,-5176.9919,-8990.185021,-1363.798779,10,0,0
sens-s2-topo-x0.5,shortest_estimate+topology_aware+conservative,fifo+first_fit+none,bsld_mean,10,-6.765127686,-12.74578612,-0.7844692558,10,0,0
sens-s2-topo-x0.5,shortest_estimate+topology_aware+conservative,fifo+first_fit+none,bsld_p95,10,-27.99019091,-49.55600675,-6.424375063,10,0,0
sens-s2-topo-x0.5,shortest_estimate+topology_aware+conservative,fifo+first_fit+none,bsld_p99,10,-68.95149861,-118.0344352,-19.86856197,10,0,0
sens-s2-topo-x0.5,shortest_estimate+topology_aware+conservative,fifo+first_fit+none,wflow_mean,10,-6.765127686,-12.74578612,-0.7844692558,10,0,0
sens-s2-topo-x0.5,shortest_estimate+topology_aware+conservative,fifo+first_fit+none,wflow_sum_all,10,-13143.13352,-23793.08319,-2493.183848,10,0,0
sens-s2-topo-x0.5,shortest_estimate+topology_aware+conservative,fifo+first_fit+none,large_wait_mean,10,-3616.727626,-6965.776323,-267.6789281,10,0,0
sens-s2-topo-x0.5,shortest_estimate+topology_aware+conservative,fifo+first_fit+none,large_wait_p95,10,-5771.5013,-9346.840286,-2196.162314,10,0,0
sens-s2-topo-x0.5,shortest_estimate+topology_aware+conservative,fifo+first_fit+none,utilization,10,0.01056833964,-0.007254249401,0.02839092867,5,0,5
sens-s2-topo-x0.5,shortest_estimate+topology_aware+conservative,fifo+first_fit+none,frag_blocked_frac,10,-0.3322072919,-0.4245603988,-0.239854185,10,0,0
sens-s2-topo-x0.5,shortest_estimate+topology_aware+conservative,fifo+first_fit+none,stranded_frac,10,-0.06068532757,-0.0805535481,-0.04081710704,10,0,0
sens-s2-topo-x0.5,shortest_estimate+topology_aware+conservative,fifo+first_fit+none,goodput_ratio,10,0.007971150624,0.004499546266,0.01144275498,10,0,0
sens-s2-topo-x0.5,shortest_estimate+topology_aware+conservative,fifo+first_fit+none,wasted_gpu_hours,10,-40.65142311,-63.25862415,-18.04422207,10,0,0
sens-s2-topo-x0.5,shortest_estimate+topology_aware+conservative,fifo+first_fit+none,lost_gpu_hours,10,0,0,0,0,10,0
sens-s2-topo-x0.5,shortest_estimate+topology_aware+conservative,fifo+first_fit+none,overhead_gpu_hours,10,0,0,0,0,10,0
sens-s2-topo-x0.5,shortest_estimate+topology_aware+conservative,fifo+first_fit+none,topology_gpu_hours,10,-40.6513699,-63.25855792,-18.04418187,10,0,0
sens-s2-topo-x0.5,shortest_estimate+topology_aware+conservative,fifo+first_fit+none,slack_gpu_hours,10,-5.321340386e-05,-6.864669997e-05,-3.778010775e-05,10,0,0
sens-s2-topo-x0.5,shortest_estimate+topology_aware+conservative,fifo+first_fit+none,preemptions,10,0,0,0,0,10,0
sens-s2-topo-x0.5,shortest_estimate+topology_aware+conservative,fifo+first_fit+none,failure_kills,10,0,0,0,0,10,0
sens-s2-topo-x0.5,shortest_estimate+topology_aware+conservative,fifo+first_fit+none,node_downtime_gpu_hours,10,0,0,0,0,10,0
sens-s2-topo-x0.5,shortest_estimate+topology_aware+conservative,fifo+first_fit+none,jain_bsld,10,0.02645980764,0.002279166307,0.05064044897,10,0,0
sens-s2-topo-x0.5,shortest_estimate+topology_aware+conservative,fifo+first_fit+none,tenant_worst_best_ratio,10,-0.4097311941,-0.6825470583,-0.1369153299,10,0,0
sens-s2-topo-x0.5,shortest_estimate+topology_aware+conservative,fifo+first_fit+none,slo_attainment,10,0.261096686,0.06067122972,0.4615221423,10,0,0
sens-s2-topo-x0.5,shortest_estimate+topology_aware+conservative,fifo+first_fit+none,makespan,10,-2497.3647,-5583.860747,589.1313473,4,4,2
sens-s2-topo-x0.5,shortest_estimate+topology_aware+conservative,fifo+first_fit+none,reservations,10,252.9,156.62877,349.17123,0,0,10
sens-s2-topo-x0.5,shortest_estimate+topology_aware+conservative,fifo+first_fit+none,broken_reservations,10,212.1,126.5574509,297.6425491,0,0,10
sens-s2-topo-x0.5,shortest_estimate+topology_aware+conservative,fifo+first_fit+none,tenant_t0_bsld_mean,10,-7.32803827,-14.36753993,-0.2885366071,10,0,0
sens-s2-topo-x0.5,shortest_estimate+topology_aware+conservative,fifo+first_fit+none,tenant_t0_bsld_p95,10,-34.25091976,-66.3533705,-2.148469026,10,0,0
sens-s2-topo-x0.5,shortest_estimate+topology_aware+conservative,fifo+first_fit+none,tenant_t1_bsld_mean,10,-6.440804904,-12.23958375,-0.6420260554,10,0,0
sens-s2-topo-x0.5,shortest_estimate+topology_aware+conservative,fifo+first_fit+none,tenant_t1_bsld_p95,10,-24.82191854,-43.98463227,-5.659204801,10,0,0
sens-s2-topo-x0.5,shortest_estimate+topology_aware+conservative,fifo+first_fit+none,tenant_t2_bsld_mean,10,-6.169203699,-10.85876778,-1.479639614,10,0,0
sens-s2-topo-x0.5,shortest_estimate+topology_aware+conservative,fifo+first_fit+none,tenant_t2_bsld_p95,10,-26.98243687,-43.92004325,-10.04483048,10,0,0
sens-s2-topo-x0.5,shortest_estimate+topology_aware+conservative,fifo+first_fit+none,tenant_t3_bsld_mean,10,-6.891504869,-12.70467537,-1.078334365,10,0,0
sens-s2-topo-x0.5,shortest_estimate+topology_aware+conservative,fifo+first_fit+none,tenant_t3_bsld_p95,10,-25.54259089,-40.99571495,-10.08946682,10,0,0
sens-s2-topo-x0.5,shortest_estimate+topology_aware+conservative,fifo+first_fit+none,prio_1_wait_p95,10,-9105.2341,-13954.15526,-4256.312943,10,0,0
sens-s2-topo-x0.5,shortest_estimate+topology_aware+conservative,fifo+first_fit+none,prio_1_bsld_p95,10,-29.8996978,-54.17324765,-5.626147944,10,0,0
sens-s2-topo-x0.5,shortest_estimate+topology_aware+conservative,fifo+first_fit+none,prio_8_wait_p95,10,-8666.3073,-13402.54646,-3930.068142,10,0,0
sens-s2-topo-x0.5,shortest_estimate+topology_aware+easy,fifo+first_fit+none,J,10,-1.636958498,-2.645977437,-0.6279395589,10,0,0
sens-s2-topo-x0.5,shortest_estimate+topology_aware+easy,fifo+first_fit+none,J_slowdown,10,-0.6380464999,-1.130674241,-0.1454187589,10,0,0
sens-s2-topo-x0.5,shortest_estimate+topology_aware+easy,fifo+first_fit+none,J_wait,10,-0.7033023761,-1.077606846,-0.328997906,10,0,0
sens-s2-topo-x0.5,shortest_estimate+topology_aware+easy,fifo+first_fit+none,J_waste,10,-0.007819412603,-0.01177918059,-0.003859644617,10,0,0
sens-s2-topo-x0.5,shortest_estimate+topology_aware+easy,fifo+first_fit+none,J_slo,10,-0.2617830402,-0.4629440995,-0.060621981,10,0,0
sens-s2-topo-x0.5,shortest_estimate+topology_aware+easy,fifo+first_fit+none,J_fairness,10,-0.02600716895,-0.05031383725,-0.001700500642,10,0,0
sens-s2-topo-x0.5,shortest_estimate+topology_aware+easy,fifo+first_fit+none,wait_mean,10,-3979.102754,-7751.737179,-206.4683292,10,0,0
sens-s2-topo-x0.5,shortest_estimate+topology_aware+easy,fifo+first_fit+none,wait_p95,10,-8917.9958,-13664.24124,-4171.750365,10,0,0
sens-s2-topo-x0.5,shortest_estimate+topology_aware+easy,fifo+first_fit+none,wait_p99,10,-6221.2485,-9551.204971,-2891.292029,10,0,0
sens-s2-topo-x0.5,shortest_estimate+topology_aware+easy,fifo+first_fit+none,jct_mean,10,-3985.041738,-7756.800813,-213.282662,10,0,0
sens-s2-topo-x0.5,shortest_estimate+topology_aware+easy,fifo+first_fit+none,jct_p95,10,-5115.9617,-8883.260073,-1348.663327,10,0,0
sens-s2-topo-x0.5,shortest_estimate+topology_aware+easy,fifo+first_fit+none,bsld_mean,10,-6.754907776,-12.73651589,-0.7732996604,10,0,0
sens-s2-topo-x0.5,shortest_estimate+topology_aware+easy,fifo+first_fit+none,bsld_p95,10,-27.90529095,-49.45061789,-6.359964013,10,0,0
sens-s2-topo-x0.5,shortest_estimate+topology_aware+easy,fifo+first_fit+none,bsld_p99,10,-68.85775873,-118.0027127,-19.7128048,10,0,0
sens-s2-topo-x0.5,shortest_estimate+topology_aware+easy,fifo+first_fit+none,wflow_mean,10,-6.754907776,-12.73651589,-0.7732996604,10,0,0
sens-s2-topo-x0.5,shortest_estimate+topology_aware+easy,fifo+first_fit+none,wflow_sum_all,10,-13121.74632,-23773.81587,-2469.676769,10,0,0
sens-s2-topo-x0.5,shortest_estimate+topology_aware+easy,fifo+first_fit+none,large_wait_mean,10,-3537.696115,-6856.794908,-218.5973226,10,0,0
sens-s2-topo-x0.5,shortest_estimate+topology_aware+easy,fifo+first_fit+none,large_wait_p95,10,-5315.5641,-8387.503638,-2243.624562,10,0,0
sens-s2-topo-x0.5,shortest_estimate+topology_aware+easy,fifo+first_fit+none,utilization,10,0.01091253747,-0.007688383173,0.02951345811,5,0,5
sens-s2-topo-x0.5,shortest_estimate+topology_aware+easy,fifo+first_fit+none,frag_blocked_frac,10,-0.3165720051,-0.4006763075,-0.2324677027,10,0,0
sens-s2-topo-x0.5,shortest_estimate+topology_aware+easy,fifo+first_fit+none,stranded_frac,10,-0.05645783706,-0.07593136917,-0.03698430496,10,0,0
sens-s2-topo-x0.5,shortest_estimate+topology_aware+easy,fifo+first_fit+none,goodput_ratio,10,0.007819412603,0.003859644617,0.01177918059,10,0,0
sens-s2-topo-x0.5,shortest_estimate+topology_aware+easy,fifo+first_fit+none,wasted_gpu_hours,10,-41.08832756,-66.17060424,-16.00605087,10,0,0
sens-s2-topo-x0.5,shortest_estimate+topology_aware+easy,fifo+first_fit+none,lost_gpu_hours,10,0,0,0,0,10,0
sens-s2-topo-x0.5,shortest_estimate+topology_aware+easy,fifo+first_fit+none,overhead_gpu_hours,10,0,0,0,0,10,0
sens-s2-topo-x0.5,shortest_estimate+topology_aware+easy,fifo+first_fit+none,topology_gpu_hours,10,-41.08827719,-66.17053907,-16.00601531,10,0,0
sens-s2-topo-x0.5,shortest_estimate+topology_aware+easy,fifo+first_fit+none,slack_gpu_hours,10,-5.036331568e-05,-6.83016359e-05,-3.242499545e-05,10,0,0
sens-s2-topo-x0.5,shortest_estimate+topology_aware+easy,fifo+first_fit+none,preemptions,10,0,0,0,0,10,0
sens-s2-topo-x0.5,shortest_estimate+topology_aware+easy,fifo+first_fit+none,failure_kills,10,0,0,0,0,10,0
sens-s2-topo-x0.5,shortest_estimate+topology_aware+easy,fifo+first_fit+none,node_downtime_gpu_hours,10,0,0,0,0,10,0
sens-s2-topo-x0.5,shortest_estimate+topology_aware+easy,fifo+first_fit+none,jain_bsld,10,0.02600716895,0.001700500642,0.05031383725,10,0,0
sens-s2-topo-x0.5,shortest_estimate+topology_aware+easy,fifo+first_fit+none,tenant_worst_best_ratio,10,-0.3950584428,-0.6677485785,-0.1223683071,10,0,0
sens-s2-topo-x0.5,shortest_estimate+topology_aware+easy,fifo+first_fit+none,slo_attainment,10,0.2617830402,0.060621981,0.4629440995,10,0,0
sens-s2-topo-x0.5,shortest_estimate+topology_aware+easy,fifo+first_fit+none,makespan,10,-3517.1393,-7096.121592,61.84299208,5,4,1
sens-s2-topo-x0.5,shortest_estimate+topology_aware+easy,fifo+first_fit+none,reservations,10,175,125.2576838,224.7423162,0,0,10
sens-s2-topo-x0.5,shortest_estimate+topology_aware+easy,fifo+first_fit+none,broken_reservations,10,147.6,104.1804614,191.0195386,0,0,10
sens-s2-topo-x0.5,shortest_estimate+topology_aware+easy,fifo+first_fit+none,tenant_t0_bsld_mean,10,-7.321301763,-14.36802647,-0.2745770595,10,0,0
sens-s2-topo-x0.5,shortest_estimate+topology_aware+easy,fifo+first_fit+none,tenant_t0_bsld_p95,10,-34.24393159,-66.33317777,-2.154685406,10,0,0
sens-s2-topo-x0.5,shortest_estimate+topology_aware+easy,fifo+first_fit+none,tenant_t1_bsld_mean,10,-6.428359344,-12.22330802,-0.6334106716,10,0,0
sens-s2-topo-x0.5,shortest_estimate+topology_aware+easy,fifo+first_fit+none,tenant_t1_bsld_p95,10,-24.64623103,-43.78833322,-5.504128847,10,0,0
sens-s2-topo-x0.5,shortest_estimate+topology_aware+easy,fifo+first_fit+none,tenant_t2_bsld_mean,10,-6.159622839,-10.8468159,-1.472429775,10,0,0
sens-s2-topo-x0.5,shortest_estimate+topology_aware+easy,fifo+first_fit+none,tenant_t2_bsld_p95,10,-26.97323212,-43.87975234,-10.0667119,10,0,0
sens-s2-topo-x0.5,shortest_estimate+topology_aware+easy,fifo+first_fit+none,tenant_t3_bsld_mean,10,-6.872828913,-12.68587236,-1.059785463,10,0,0
sens-s2-topo-x0.5,shortest_estimate+topology_aware+easy,fifo+first_fit+none,tenant_t3_bsld_p95,10,-25.31460788,-40.7551164,-9.874099366,10,0,0
sens-s2-topo-x0.5,shortest_estimate+topology_aware+easy,fifo+first_fit+none,prio_1_wait_p95,10,-9071.7797,-13776.03568,-4367.523721,10,0,0
sens-s2-topo-x0.5,shortest_estimate+topology_aware+easy,fifo+first_fit+none,prio_1_bsld_p95,10,-29.80409616,-54.0009878,-5.607204523,10,0,0
sens-s2-topo-x0.5,shortest_estimate+topology_aware+easy,fifo+first_fit+none,prio_8_wait_p95,10,-8688.0186,-13609.28646,-3766.750742,10,0,0
sens-s2-topo-x0.5,shortest_estimate+topology_aware+easy_oracle,fifo+first_fit+none,J,10,-1.649100843,-2.678195068,-0.6200066183,10,0,0
sens-s2-topo-x0.5,shortest_estimate+topology_aware+easy_oracle,fifo+first_fit+none,J_slowdown,10,-0.6394457276,-1.134250408,-0.1446410476,10,0,0
sens-s2-topo-x0.5,shortest_estimate+topology_aware+easy_oracle,fifo+first_fit+none,J_wait,10,-0.7107168412,-1.097542361,-0.3238913211,10,0,0
sens-s2-topo-x0.5,shortest_estimate+topology_aware+easy_oracle,fifo+first_fit+none,J_waste,10,-0.007947579545,-0.0108015425,-0.005093616588,10,0,0
sens-s2-topo-x0.5,shortest_estimate+topology_aware+easy_oracle,fifo+first_fit+none,J_slo,10,-0.2644609439,-0.4681960398,-0.06072584808,10,0,0
sens-s2-topo-x0.5,shortest_estimate+topology_aware+easy_oracle,fifo+first_fit+none,J_fairness,10,-0.0265297508,-0.05095950519,-0.002099996415,10,0,0
sens-s2-topo-x0.5,shortest_estimate+topology_aware+easy_oracle,fifo+first_fit+none,wait_mean,10,-4012.149119,-7829.124132,-195.1741048,10,0,0
sens-s2-topo-x0.5,shortest_estimate+topology_aware+easy_oracle,fifo+first_fit+none,wait_p95,10,-9012.0125,-13917.02701,-4106.997985,10,0,0
sens-s2-topo-x0.5,shortest_estimate+topology_aware+easy_oracle,fifo+first_fit+none,wait_p99,10,-7194.0934,-11264.56467,-3123.622131,10,0,0
sens-s2-topo-x0.5,shortest_estimate+topology_aware+easy_oracle,fifo+first_fit+none,jct_mean,10,-4018.319136,-7834.243668,-202.3946032,10,0,0
sens-s2-topo-x0.5,shortest_estimate+topology_aware+easy_oracle,fifo+first_fit+none,jct_p95,10,-5359.2072,-9509.358363,-1209.056037,10,0,0
sens-s2-topo-x0.5,shortest_estimate+topology_aware+easy_oracle,fifo+first_fit+none,bsld_mean,10,-6.775289325,-12.77134651,-0.7792321376,10,0,0
sens-s2-topo-x0.5,shortest_estimate+topology_aware+easy_oracle,fifo+first_fit+none,bsld_p95,10,-27.96648689,-49.60702338,-6.325950408,10,0,0
sens-s2-topo-x0.5,shortest_estimate+topology_aware+easy_oracle,fifo+first_fit+none,bsld_p99,10,-69.3113308,-118.7851265,-19.83753506,10,0,0
sens-s2-topo-x0.5,shortest_estimate+topology_aware+easy_oracle,fifo+first_fit+none,wflow_mean,10,-6.775289325,-12.77134651,-0.7792321376,10,0,0
sens-s2-topo-x0.5,shortest_estimate+topology_aware+easy_oracle,fifo+first_fit+none,wflow_sum_all,10,-13151.28311,-23806.88283,-2495.683379,10,0,0
sens-s2-topo-x0.5,shortest_estimate+topology_aware+easy_oracle,fifo+first_fit+none,large_wait_mean,10,-3705.431717,-7229.878586,-180.9848474,10,0,0
sens-s2-topo-x0.5,shortest_estimate+topology_aware+easy_oracle,fifo+first_fit+none,large_wait_p95,10,-6610.3862,-10691.9475,-2528.824896,10,0,0
sens-s2-topo-x0.5,shortest_estimate+topology_aware+easy_oracle,fifo+first_fit+none,utilization,10,0.009342758422,-0.00709914141,0.02578465825,5,0,5
sens-s2-topo-x0.5,shortest_estimate+topology_aware+easy_oracle,fifo+first_fit+none,frag_blocked_frac,10,-0.3228017038,-0.423529886,-0.2220735216,10,0,0
sens-s2-topo-x0.5,shortest_estimate+topology_aware+easy_oracle,fifo+first_fit+none,stranded_frac,10,-0.06107833694,-0.0815694098,-0.04058726408,10,0,0
sens-s2-topo-x0.5,shortest_estimate+topology_aware+easy_oracle,fifo+first_fit+none,goodput_ratio,10,0.007947579545,0.005093616588,0.0108015425,10,0,0
sens-s2-topo-x0.5,shortest_estimate+topology_aware+easy_oracle,fifo+first_fit+none,wasted_gpu_hours,10,-39.844672,-57.74732702,-21.94201698,10,0,0
sens-s2-topo-x0.5,shortest_estimate+topology_aware+easy_oracle,fifo+first_fit+none,lost_gpu_hours,10,0,0,0,0,10,0
sens-s2-topo-x0.5,shortest_estimate+topology_aware+easy_oracle,fifo+first_fit+none,overhead_gpu_hours,10,0,0,0,0,10,0
sens-s2-topo-x0.5,shortest_estimate+topology_aware+easy_oracle,fifo+first_fit+none,topology_gpu_hours,10,-39.84462337,-57.74726798,-21.94197875,10,0,0
sens-s2-topo-x0.5,shortest_estimate+topology_aware+easy_oracle,fifo+first_fit+none,slack_gpu_hours,10,-4.863492062e-05,-6.264777313e-05,-3.46220681e-05,10,0,0
sens-s2-topo-x0.5,shortest_estimate+topology_aware+easy_oracle,fifo+first_fit+none,preemptions,10,0,0,0,0,10,0
sens-s2-topo-x0.5,shortest_estimate+topology_aware+easy_oracle,fifo+first_fit+none,failure_kills,10,0,0,0,0,10,0
sens-s2-topo-x0.5,shortest_estimate+topology_aware+easy_oracle,fifo+first_fit+none,node_downtime_gpu_hours,10,0,0,0,0,10,0
sens-s2-topo-x0.5,shortest_estimate+topology_aware+easy_oracle,fifo+first_fit+none,jain_bsld,10,0.0265297508,0.002099996415,0.05095950519,10,0,0
sens-s2-topo-x0.5,shortest_estimate+topology_aware+easy_oracle,fifo+first_fit+none,tenant_worst_best_ratio,10,-0.4139548157,-0.6880871008,-0.1398225305,10,0,0
sens-s2-topo-x0.5,shortest_estimate+topology_aware+easy_oracle,fifo+first_fit+none,slo_attainment,10,0.2644609439,0.06072584808,0.4681960398,10,0,0
sens-s2-topo-x0.5,shortest_estimate+topology_aware+easy_oracle,fifo+first_fit+none,makespan,10,-908.3719,-6085.223197,4268.479397,4,4,2
sens-s2-topo-x0.5,shortest_estimate+topology_aware+easy_oracle,fifo+first_fit+none,reservations,10,180.6,133.9702881,227.2297119,0,0,10
sens-s2-topo-x0.5,shortest_estimate+topology_aware+easy_oracle,fifo+first_fit+none,broken_reservations,10,45.9,28.41492501,63.38507499,0,0,10
sens-s2-topo-x0.5,shortest_estimate+topology_aware+easy_oracle,fifo+first_fit+none,tenant_t0_bsld_mean,10,-7.340837163,-14.41073225,-0.2709420758,10,0,0
sens-s2-topo-x0.5,shortest_estimate+topology_aware+easy_oracle,fifo+first_fit+none,tenant_t0_bsld_p95,10,-34.27579649,-66.538009,-2.013583975,10,0,0
sens-s2-topo-x0.5,shortest_estimate+topology_aware+easy_oracle,fifo+first_fit+none,tenant_t1_bsld_mean,10,-6.445050646,-12.24537751,-0.6447237801,10,0,0
sens-s2-topo-x0.5,shortest_estimate+topology_aware+easy_oracle,fifo+first_fit+none,tenant_t1_bsld_p95,10,-24.7438532,-43.96751351,-5.5201929,10,0,0
sens-s2-topo-x0.5,shortest_estimate+topology_aware+easy_oracle,fifo+first_fit+none,tenant_t2_bsld_mean,10,-6.183234443,-10.88694451,-1.479524377,10,0,0
sens-s2-topo-x0.5,shortest_estimate+topology_aware+easy_oracle,fifo+first_fit+none,tenant_t2_bsld_p95,10,-27.00895962,-43.96453341,-10.05338582,10,0,0
sens-s2-topo-x0.5,shortest_estimate+topology_aware+easy_oracle,fifo+first_fit+none,tenant_t3_bsld_mean,10,-6.901720314,-12.71562697,-1.087813661,10,0,0
sens-s2-topo-x0.5,shortest_estimate+topology_aware+easy_oracle,fifo+first_fit+none,tenant_t3_bsld_p95,10,-25.5146443,-40.99450776,-10.03478085,10,0,0
sens-s2-topo-x0.5,shortest_estimate+topology_aware+easy_oracle,fifo+first_fit+none,prio_1_wait_p95,10,-9127.4799,-14019.07405,-4235.88575,10,0,0
sens-s2-topo-x0.5,shortest_estimate+topology_aware+easy_oracle,fifo+first_fit+none,prio_1_bsld_p95,10,-29.83724433,-54.18914785,-5.485340798,10,0,0
sens-s2-topo-x0.5,shortest_estimate+topology_aware+easy_oracle,fifo+first_fit+none,prio_8_wait_p95,10,-8897.6673,-13919.65119,-3875.683414,10,0,0
sens-s2-topo-x0.5,shortest_estimate+topology_aware+easy_predicted,fifo+first_fit+none,J,10,-1.618541387,-2.598848391,-0.6382343835,10,0,0
sens-s2-topo-x0.5,shortest_estimate+topology_aware+easy_predicted,fifo+first_fit+none,J_slowdown,10,-0.6357671437,-1.124623578,-0.1469107098,10,0,0
sens-s2-topo-x0.5,shortest_estimate+topology_aware+easy_predicted,fifo+first_fit+none,J_wait,10,-0.6894490951,-1.049032894,-0.3298652961,10,0,0
sens-s2-topo-x0.5,shortest_estimate+topology_aware+easy_predicted,fifo+first_fit+none,J_waste,10,-0.007803929194,-0.01160020867,-0.004007649717,10,0,0
sens-s2-topo-x0.5,shortest_estimate+topology_aware+easy_predicted,fifo+first_fit+none,J_slo,10,-0.2589277695,-0.4563118487,-0.06154369023,10,0,0
sens-s2-topo-x0.5,shortest_estimate+topology_aware+easy_predicted,fifo+first_fit+none,J_fairness,10,-0.02659344993,-0.05072013452,-0.002466765343,10,0,0
sens-s2-topo-x0.5,shortest_estimate+topology_aware+easy_predicted,fifo+first_fit+none,wait_mean,10,-3959.656503,-7710.999089,-208.3139166,10,0,0
sens-s2-topo-x0.5,shortest_estimate+topology_aware+easy_predicted,fifo+first_fit+none,wait_p95,10,-8742.3338,-13301.91858,-4182.749021,10,0,0
sens-s2-topo-x0.5,shortest_estimate+topology_aware+easy_predicted,fifo+first_fit+none,wait_p99,10,-6225.8275,-10070.78632,-2380.868682,10,0,0
sens-s2-topo-x0.5,shortest_estimate+topology_aware+easy_predicted,fifo+first_fit+none,jct_mean,10,-3965.345639,-7715.253912,-215.437365,10,0,0
sens-s2-topo-x0.5,shortest_estimate+topology_aware+easy_predicted,fifo+first_fit+none,jct_p95,10,-5052.0731,-8821.604241,-1282.541959,10,0,0
sens-s2-topo-x0.5,shortest_estimate+topology_aware+easy_predicted,fifo+first_fit+none,bsld_mean,10,-6.744073034,-12.70237964,-0.7857664276,10,0,0
sens-s2-topo-x0.5,shortest_estimate+topology_aware+easy_predicted,fifo+first_fit+none,bsld_p95,10,-27.80560214,-49.18598903,-6.42521525,10,0,0
sens-s2-topo-x0.5,shortest_estimate+topology_aware+easy_predicted,fifo+first_fit+none,bsld_p99,10,-68.62281958,-117.3361775,-19.90946167,10,0,0
sens-s2-topo-x0.5,shortest_estimate+topology_aware+easy_predicted,fifo+first_fit+none,wflow_mean,10,-6.744073034,-12.70237964,-0.7857664276,10,0,0
sens-s2-topo-x0.5,shortest_estimate+topology_aware+easy_predicted,fifo+first_fit+none,wflow_sum_all,10,-13109.84718,-23725.01852,-2494.675838,10,0,0
sens-s2-topo-x0.5,shortest_estimate+topology_aware+easy_predicted,fifo+first_fit+none,large_wait_mean,10,-3452.167351,-6686.104225,-218.2304766,10,0,0
sens-s2-topo-x0.5,shortest_estimate+topology_aware+easy_predicted,fifo+first_fit+none,large_wait_p95,10,-5358.3428,-8910.914126,-1805.771474,10,0,0
sens-s2-topo-x0.5,shortest_estimate+topology_aware+easy_predicted,fifo+first_fit+none,utilization,10,0.008044302602,-0.007165547154,0.02325415236,5,0,5
sens-s2-topo-x0.5,shortest_estimate+topology_aware+easy_predicted,fifo+first_fit+none,frag_blocked_frac,10,-0.3079383997,-0.3943109084,-0.2215658909,10,0,0
sens-s2-topo-x0.5,shortest_estimate+topology_aware+easy_predicted,fifo+first_fit+none,stranded_frac,10,-0.05540221277,-0.07563514454,-0.03516928101,10,0,0
sens-s2-topo-x0.5,shortest_estimate+topology_aware+easy_predicted,fifo+first_fit+none,goodput_ratio,10,0.007803929194,0.004007649717,0.01160020867,10,0,0
sens-s2-topo-x0.5,shortest_estimate+topology_aware+easy_predicted,fifo+first_fit+none,wasted_gpu_hours,10,-39.41143311,-63.62412721,-15.19873901,10,0,0
sens-s2-topo-x0.5,shortest_estimate+topology_aware+easy_predicted,fifo+first_fit+none,lost_gpu_hours,10,0,0,0,0,10,0
sens-s2-topo-x0.5,shortest_estimate+topology_aware+easy_predicted,fifo+first_fit+none,overhead_gpu_hours,10,0,0,0,0,10,0
sens-s2-topo-x0.5,shortest_estimate+topology_aware+easy_predicted,fifo+first_fit+none,topology_gpu_hours,10,-39.41138474,-63.62406495,-15.19870453,10,0,0
sens-s2-topo-x0.5,shortest_estimate+topology_aware+easy_predicted,fifo+first_fit+none,slack_gpu_hours,10,-4.837389769e-05,-6.556631136e-05,-3.118148401e-05,10,0,0
sens-s2-topo-x0.5,shortest_estimate+topology_aware+easy_predicted,fifo+first_fit+none,preemptions,10,0,0,0,0,10,0
sens-s2-topo-x0.5,shortest_estimate+topology_aware+easy_predicted,fifo+first_fit+none,failure_kills,10,0,0,0,0,10,0
sens-s2-topo-x0.5,shortest_estimate+topology_aware+easy_predicted,fifo+first_fit+none,node_downtime_gpu_hours,10,0,0,0,0,10,0
sens-s2-topo-x0.5,shortest_estimate+topology_aware+easy_predicted,fifo+first_fit+none,jain_bsld,10,0.02659344993,0.002466765343,0.05072013452,10,0,0
sens-s2-topo-x0.5,shortest_estimate+topology_aware+easy_predicted,fifo+first_fit+none,tenant_worst_best_ratio,10,-0.4104184733,-0.6776762573,-0.1431606893,10,0,0
sens-s2-topo-x0.5,shortest_estimate+topology_aware+easy_predicted,fifo+first_fit+none,slo_attainment,10,0.2589277695,0.06154369023,0.4563118487,10,0,0
sens-s2-topo-x0.5,shortest_estimate+topology_aware+easy_predicted,fifo+first_fit+none,makespan,10,-3591.288,-7176.117875,-6.458124639,5,4,1
sens-s2-topo-x0.5,shortest_estimate+topology_aware+easy_predicted,fifo+first_fit+none,reservations,10,165,121.8421095,208.1578905,0,0,10
sens-s2-topo-x0.5,shortest_estimate+topology_aware+easy_predicted,fifo+first_fit+none,broken_reservations,10,146.9,105.1681902,188.6318098,0,0,10
sens-s2-topo-x0.5,shortest_estimate+topology_aware+easy_predicted,fifo+first_fit+none,tenant_t0_bsld_mean,10,-7.320118007,-14.35755378,-0.2826822313,10,0,0
sens-s2-topo-x0.5,shortest_estimate+topology_aware+easy_predicted,fifo+first_fit+none,tenant_t0_bsld_p95,10,-34.09865337,-66.06148279,-2.135823954,10,0,0
sens-s2-topo-x0.5,shortest_estimate+topology_aware+easy_predicted,fifo+first_fit+none,tenant_t1_bsld_mean,10,-6.413071032,-12.17384279,-0.6522992756,10,0,0
sens-s2-topo-x0.5,shortest_estimate+topology_aware+easy_predicted,fifo+first_fit+none,tenant_t1_bsld_p95,10,-24.6184474,-43.6114508,-5.625443996,10,0,0
sens-s2-topo-x0.5,shortest_estimate+topology_aware+easy_predicted,fifo+first_fit+none,tenant_t2_bsld_mean,10,-6.140582824,-10.80488189,-1.476283757,10,0,0
sens-s2-topo-x0.5,shortest_estimate+topology_aware+easy_predicted,fifo+first_fit+none,tenant_t2_bsld_p95,10,-26.90889495,-43.69049868,-10.12729122,10,0,0
sens-s2-topo-x0.5,shortest_estimate+topology_aware+easy_predicted,fifo+first_fit+none,tenant_t3_bsld_mean,10,-6.85449686,-12.62816175,-1.080831968,10,0,0
sens-s2-topo-x0.5,shortest_estimate+topology_aware+easy_predicted,fifo+first_fit+none,tenant_t3_bsld_p95,10,-25.15637003,-40.29913501,-10.01360506,10,0,0
sens-s2-topo-x0.5,shortest_estimate+topology_aware+easy_predicted,fifo+first_fit+none,prio_1_wait_p95,10,-8916.6312,-13521.75069,-4311.511715,10,0,0
sens-s2-topo-x0.5,shortest_estimate+topology_aware+easy_predicted,fifo+first_fit+none,prio_1_bsld_p95,10,-29.72203932,-53.78586836,-5.65821027,10,0,0
sens-s2-topo-x0.5,shortest_estimate+topology_aware+easy_predicted,fifo+first_fit+none,prio_8_wait_p95,10,-8446.3371,-12892.66384,-4000.010359,10,0,0
sens-s2-topo-x0.5,shortest_estimate+topology_aware+none,fifo+first_fit+none,J,10,-1.457226676,-2.390047986,-0.5244053667,10,0,0
sens-s2-topo-x0.5,shortest_estimate+topology_aware+none,fifo+first_fit+none,J_slowdown,10,-0.6230992876,-1.112962105,-0.13323647,10,0,0
sens-s2-topo-x0.5,shortest_estimate+topology_aware+none,fifo+first_fit+none,J_wait,10,-0.556687389,-0.8898521859,-0.2235225922,10,0,0
sens-s2-topo-x0.5,shortest_estimate+topology_aware+none,fifo+first_fit+none,J_waste,10,-0.008765527832,-0.01281515284,-0.004715902826,10,0,0
sens-s2-topo-x0.5,shortest_estimate+topology_aware+none,fifo+first_fit+none,J_slo,10,-0.242930094,-0.4329171825,-0.05294300544,10,0,0
sens-s2-topo-x0.5,shortest_estimate+topology_aware+none,fifo+first_fit+none,J_fairness,10,-0.02574437772,-0.04984846317,-0.00164029227,10,0,0
sens-s2-topo-x0.5,shortest_estimate+topology_aware+none,fifo+first_fit+none,wait_mean,10,-3662.642072,-7266.539106,-58.74503694,10,0,0
sens-s2-topo-x0.5,shortest_estimate+topology_aware+none,fifo+first_fit+none,wait_p95,10,-7058.8924,-11283.47966,-2834.305139,10,0,0
sens-s2-topo-x0.5,shortest_estimate+topology_aware+none,fifo+first_fit+none,wait_p99,10,-3867.4901,-7873.061456,138.0812557,8,0,2
sens-s2-topo-x0.5,shortest_estimate+topology_aware+none,fifo+first_fit+none,jct_mean,10,-3669.388299,-7273.127339,-65.64925852,10,0,0
sens-s2-topo-x0.5,shortest_estimate+topology_aware+none,fifo+first_fit+none,jct_p95,10,-3744.0715,-7018.742121,-469.4008787,9,0,1
sens-s2-topo-x0.5,shortest_estimate+topology_aware+none,fifo+first_fit+none,bsld_mean,10,-6.633547511,-12.56256302,-0.7045320044,10,0,0
sens-s2-topo-x0.5,shortest_estimate+topology_aware+none,fifo+first_fit+none,bsld_p95,10,-27.25156696,-48.67596855,-5.827165358,10,0,0
sens-s2-topo-x0.5,shortest_estimate+topology_aware+none,fifo+first_fit+none,bsld_p99,10,-68.07372931,-117.232973,-18.91448563,10,0,0
sens-s2-topo-x0.5,shortest_estimate+topology_aware+none,fifo+first_fit+none,wflow_mean,10,-6.633547511,-12.56256302,-0.7045320044,10,0,0
sens-s2-topo-x0.5,shortest_estimate+topology_aware+none,fifo+first_fit+none,wflow_sum_all,10,-12904.22447,-23469.88435,-2338.564601,10,0,0
sens-s2-topo-x0.5,shortest_estimate+topology_aware+none,fifo+first_fit+none,large_wait_mean,10,-3594.499746,-7051.758136,-137.2413568,10,0,0
sens-s2-topo-x0.5,shortest_estimate+topology_aware+none,fifo+first_fit+none,large_wait_p95,10,-6113.1018,-10200.30186,-2025.901736,10,0,0
sens-s2-topo-x0.5,shortest_estimate+topology_aware+none,fifo+first_fit+none,utilization,10,0.005488072438,-0.006796977722,0.0177731226,6,0,4
sens-s2-topo-x0.5,shortest_estimate+topology_aware+none,fifo+first_fit+none,frag_blocked_frac,10,-0.2144915524,-0.2811609751,-0.1478221296,10,0,0
sens-s2-topo-x0.5,shortest_estimate+topology_aware+none,fifo+first_fit+none,stranded_frac,10,-0.04169061606,-0.05763107094,-0.02575016118,10,0,0
sens-s2-topo-x0.5,shortest_estimate+topology_aware+none,fifo+first_fit+none,goodput_ratio,10,0.008765527832,0.004715902826,0.01281515284,10,0,0
sens-s2-topo-x0.5,shortest_estimate+topology_aware+none,fifo+first_fit+none,wasted_gpu_hours,10,-43.53013356,-67.46638317,-19.59388395,10,0,0
sens-s2-topo-x0.5,shortest_estimate+topology_aware+none,fifo+first_fit+none,lost_gpu_hours,10,0,0,0,0,10,0
sens-s2-topo-x0.5,shortest_estimate+topology_aware+none,fifo+first_fit+none,overhead_gpu_hours,10,0,0,0,0,10,0
sens-s2-topo-x0.5,shortest_estimate+topology_aware+none,fifo+first_fit+none,topology_gpu_hours,10,-43.53008501,-67.46632316,-19.59384686,10,0,0
sens-s2-topo-x0.5,shortest_estimate+topology_aware+none,fifo+first_fit+none,slack_gpu_hours,10,-4.854673719e-05,-6.419870475e-05,-3.289476964e-05,10,0,0
sens-s2-topo-x0.5,shortest_estimate+topology_aware+none,fifo+first_fit+none,preemptions,10,0,0,0,0,10,0
sens-s2-topo-x0.5,shortest_estimate+topology_aware+none,fifo+first_fit+none,failure_kills,10,0,0,0,0,10,0
sens-s2-topo-x0.5,shortest_estimate+topology_aware+none,fifo+first_fit+none,node_downtime_gpu_hours,10,0,0,0,0,10,0
sens-s2-topo-x0.5,shortest_estimate+topology_aware+none,fifo+first_fit+none,jain_bsld,10,0.02574437772,0.00164029227,0.04984846317,10,0,0
sens-s2-topo-x0.5,shortest_estimate+topology_aware+none,fifo+first_fit+none,tenant_worst_best_ratio,10,-0.3981840561,-0.6612741506,-0.1350939615,10,0,0
sens-s2-topo-x0.5,shortest_estimate+topology_aware+none,fifo+first_fit+none,slo_attainment,10,0.242930094,0.05294300544,0.4329171825,10,0,0
sens-s2-topo-x0.5,shortest_estimate+topology_aware+none,fifo+first_fit+none,makespan,10,-125.2615,-3607.68942,3357.16642,3,4,3
sens-s2-topo-x0.5,shortest_estimate+topology_aware+none,fifo+first_fit+none,reservations,10,0,0,0,0,10,0
sens-s2-topo-x0.5,shortest_estimate+topology_aware+none,fifo+first_fit+none,broken_reservations,10,0,0,0,0,10,0
sens-s2-topo-x0.5,shortest_estimate+topology_aware+none,fifo+first_fit+none,tenant_t0_bsld_mean,10,-7.195896255,-14.19508943,-0.1967030766,10,0,0
sens-s2-topo-x0.5,shortest_estimate+topology_aware+none,fifo+first_fit+none,tenant_t0_bsld_p95,10,-33.51929142,-65.52326627,-1.515316566,10,0,0
sens-s2-topo-x0.5,shortest_estimate+topology_aware+none,fifo+first_fit+none,tenant_t1_bsld_mean,10,-6.312387175,-12.04880651,-0.575967839,10,0,0
sens-s2-topo-x0.5,shortest_estimate+topology_aware+none,fifo+first_fit+none,tenant_t1_bsld_p95,10,-24.08817378,-43.15355427,-5.022793279,10,0,0
sens-s2-topo-x0.5,shortest_estimate+topology_aware+none,fifo+first_fit+none,tenant_t2_bsld_mean,10,-6.044243478,-10.66563886,-1.422848095,10,0,0
sens-s2-topo-x0.5,shortest_estimate+topology_aware+none,fifo+first_fit+none,tenant_t2_bsld_p95,10,-26.28915614,-43.03321917,-9.545093108,10,0,0
sens-s2-topo-x0.5,shortest_estimate+topology_aware+none,fifo+first_fit+none,tenant_t3_bsld_mean,10,-6.742283882,-12.52224981,-0.9623179559,10,0,0
sens-s2-topo-x0.5,shortest_estimate+topology_aware+none,fifo+first_fit+none,tenant_t3_bsld_p95,10,-24.7956467,-40.20561376,-9.385679631,10,0,0
sens-s2-topo-x0.5,shortest_estimate+topology_aware+none,fifo+first_fit+none,prio_1_wait_p95,10,-7162.0388,-11500.64596,-2823.431641,10,0,0
sens-s2-topo-x0.5,shortest_estimate+topology_aware+none,fifo+first_fit+none,prio_1_bsld_p95,10,-29.09248429,-53.20989899,-4.975069587,10,0,0
sens-s2-topo-x0.5,shortest_estimate+topology_aware+none,fifo+first_fit+none,prio_8_wait_p95,10,-7113.8413,-11171.95913,-3055.723467,10,0,0
sens-s2-topo-x2,shortest_estimate+topology_aware+conservative,fifo+first_fit+none,J,10,-2.791580185,-4.374223851,-1.208936519,10,0,0
sens-s2-topo-x2,shortest_estimate+topology_aware+conservative,fifo+first_fit+none,J_slowdown,10,-1.193003305,-2.013694015,-0.3723125944,10,0,0
sens-s2-topo-x2,shortest_estimate+topology_aware+conservative,fifo+first_fit+none,J_wait,10,-1.127375305,-1.744440138,-0.5103104711,10,0,0
sens-s2-topo-x2,shortest_estimate+topology_aware+conservative,fifo+first_fit+none,J_waste,10,-0.02637675009,-0.04291806571,-0.009835434461,10,0,0
sens-s2-topo-x2,shortest_estimate+topology_aware+conservative,fifo+first_fit+none,J_slo,10,-0.4094405417,-0.636143795,-0.1827372885,10,0,0
sens-s2-topo-x2,shortest_estimate+topology_aware+conservative,fifo+first_fit+none,J_fairness,10,-0.03538428327,-0.06998809382,-0.0007804727209,9,0,1
sens-s2-topo-x2,shortest_estimate+topology_aware+conservative,fifo+first_fit+none,wait_mean,10,-7491.987519,-13759.7395,-1224.23554,10,0,0
sens-s2-topo-x2,shortest_estimate+topology_aware+conservative,fifo+first_fit+none,wait_p95,10,-14295.3139,-22119.80274,-6470.825058,10,0,0
sens-s2-topo-x2,shortest_estimate+topology_aware+conservative,fifo+first_fit+none,wait_p99,10,-11469.5137,-17539.05903,-5399.96837,10,0,0
sens-s2-topo-x2,shortest_estimate+topology_aware+conservative,fifo+first_fit+none,jct_mean,10,-7516.187899,-13781.65849,-1250.717305,10,0,0
sens-s2-topo-x2,shortest_estimate+topology_aware+conservative,fifo+first_fit+none,jct_p95,10,-10047.0164,-17010.58966,-3083.443144,10,0,0
sens-s2-topo-x2,shortest_estimate+topology_aware+conservative,fifo+first_fit+none,bsld_mean,10,-12.96507605,-22.86979587,-3.060356223,10,0,0
sens-s2-topo-x2,shortest_estimate+topology_aware+conservative,fifo+first_fit+none,bsld_p95,10,-52.17661148,-88.06994067,-16.28328229,10,0,0
sens-s2-topo-x2,shortest_estimate+topology_aware+conservative,fifo+first_fit+none,bsld_p99,10,-115.7728301,-189.2369679,-42.30869229,10,0,0
sens-s2-topo-x2,shortest_estimate+topology_aware+conservative,fifo+first_fit+none,wflow_mean,10,-12.96507605,-22.86979587,-3.060356223,10,0,0
sens-s2-topo-x2,shortest_estimate+topology_aware+conservative,fifo+first_fit+none,wflow_sum_all,10,-25598.25143,-43954.30755,-7242.195317,10,0,0
sens-s2-topo-x2,shortest_estimate+topology_aware+conservative,fifo+first_fit+none,large_wait_mean,10,-6897.877502,-12730.66412,-1065.09088,10,0,0
sens-s2-topo-x2,shortest_estimate+topology_aware+conservative,fifo+first_fit+none,large_wait_p95,10,-10849.3847,-16911.96839,-4786.801011,10,0,0
sens-s2-topo-x2,shortest_estimate+topology_aware+conservative,fifo+first_fit+none,utilization,10,0.0117567504,-0.0171300536,0.04064355441,6,0,4
sens-s2-topo-x2,shortest_estimate+topology_aware+conservative,fifo+first_fit+none,frag_blocked_frac,10,-0.4094341368,-0.5014138846,-0.317454389,10,0,0
sens-s2-topo-x2,shortest_estimate+topology_aware+conservative,fifo+first_fit+none,stranded_frac,10,-0.06833012918,-0.09201278041,-0.04464747796,10,0,0
sens-s2-topo-x2,shortest_estimate+topology_aware+conservative,fifo+first_fit+none,goodput_ratio,10,0.02637675009,0.009835434461,0.04291806571,10,0,0
sens-s2-topo-x2,shortest_estimate+topology_aware+conservative,fifo+first_fit+none,wasted_gpu_hours,10,-149.1437367,-260.2663294,-38.02114394,10,0,0
sens-s2-topo-x2,shortest_estimate+topology_aware+conservative,fifo+first_fit+none,lost_gpu_hours,10,0,0,0,0,10,0
sens-s2-topo-x2,shortest_estimate+topology_aware+conservative,fifo+first_fit+none,overhead_gpu_hours,10,0,0,0,0,10,0
sens-s2-topo-x2,shortest_estimate+topology_aware+conservative,fifo+first_fit+none,topology_gpu_hours,10,-149.143713,-260.2663013,-38.02112481,10,0,0
sens-s2-topo-x2,shortest_estimate+topology_aware+conservative,fifo+first_fit+none,slack_gpu_hours,10,-2.362962961e-05,-3.281174121e-05,-1.444751801e-05,10,0,0
sens-s2-topo-x2,shortest_estimate+topology_aware+conservative,fifo+first_fit+none,preemptions,10,0,0,0,0,10,0
sens-s2-topo-x2,shortest_estimate+topology_aware+conservative,fifo+first_fit+none,failure_kills,10,0,0,0,0,10,0
sens-s2-topo-x2,shortest_estimate+topology_aware+conservative,fifo+first_fit+none,node_downtime_gpu_hours,10,0,0,0,0,10,0
sens-s2-topo-x2,shortest_estimate+topology_aware+conservative,fifo+first_fit+none,jain_bsld,10,0.03538428327,0.0007804727209,0.06998809382,9,0,1
sens-s2-topo-x2,shortest_estimate+topology_aware+conservative,fifo+first_fit+none,tenant_worst_best_ratio,10,-0.4896546544,-0.836514968,-0.1427943409,9,0,1
sens-s2-topo-x2,shortest_estimate+topology_aware+conservative,fifo+first_fit+none,slo_attainment,10,0.4094405417,0.1827372885,0.636143795,10,0,0
sens-s2-topo-x2,shortest_estimate+topology_aware+conservative,fifo+first_fit+none,makespan,10,-3852.0446,-12677.55791,4973.468712,7,2,1
sens-s2-topo-x2,shortest_estimate+topology_aware+conservative,fifo+first_fit+none,reservations,10,317.1,217.3548292,416.8451708,0,0,10
sens-s2-topo-x2,shortest_estimate+topology_aware+conservative,fifo+first_fit+none,broken_reservations,10,267.7,175.9481833,359.4518167,0,0,10
sens-s2-topo-x2,shortest_estimate+topology_aware+conservative,fifo+first_fit+none,tenant_t0_bsld_mean,10,-14.05085537,-25.34568631,-2.756024418,10,0,0
sens-s2-topo-x2,shortest_estimate+topology_aware+conservative,fifo+first_fit+none,tenant_t0_bsld_p95,10,-60.97546224,-108.1759514,-13.77497304,10,0,0
sens-s2-topo-x2,shortest_estimate+topology_aware+conservative,fifo+first_fit+none,tenant_t1_bsld_mean,10,-12.37861882,-22.47888307,-2.278354566,10,0,0
sens-s2-topo-x2,shortest_estimate+topology_aware+conservative,fifo+first_fit+none,tenant_t1_bsld_p95,10,-45.93428998,-78.13961944,-13.72896053,10,0,0
sens-s2-topo-x2,shortest_estimate+topology_aware+conservative,fifo+first_fit+none,tenant_t2_bsld_mean,10,-11.73396212,-19.84777043,-3.620153807,10,0,0
sens-s2-topo-x2,shortest_estimate+topology_aware+conservative,fifo+first_fit+none,tenant_t2_bsld_p95,10,-47.90628969,-77.17980794,-18.63277143,10,0,0
sens-s2-topo-x2,shortest_estimate+topology_aware+conservative,fifo+first_fit+none,tenant_t3_bsld_mean,10,-13.26258778,-23.08289139,-3.442284161,10,0,0
sens-s2-topo-x2,shortest_estimate+topology_aware+conservative,fifo+first_fit+none,tenant_t3_bsld_p95,10,-48.83857722,-76.26302231,-21.41413214,10,0,0
sens-s2-topo-x2,shortest_estimate+topology_aware+conservative,fifo+first_fit+none,prio_1_wait_p95,10,-14377.7349,-22241.96158,-6513.50822,10,0,0
sens-s2-topo-x2,shortest_estimate+topology_aware+conservative,fifo+first_fit+none,prio_1_bsld_p95,10,-53.09065576,-91.064101,-15.11721052,10,0,0
sens-s2-topo-x2,shortest_estimate+topology_aware+conservative,fifo+first_fit+none,prio_8_wait_p95,10,-13741.408,-21644.45395,-5838.362049,10,0,0
sens-s2-topo-x2,shortest_estimate+topology_aware+easy,fifo+first_fit+none,J,10,-2.799662477,-4.391688127,-1.207636828,10,0,0
sens-s2-topo-x2,shortest_estimate+topology_aware+easy,fifo+first_fit+none,J_slowdown,10,-1.191693432,-2.010910531,-0.3724763332,10,0,0
sens-s2-topo-x2,shortest_estimate+topology_aware+easy,fifo+first_fit+none,J_wait,10,-1.137115022,-1.762691373,-0.511538671,10,0,0
sens-s2-topo-x2,shortest_estimate+topology_aware+easy,fifo+first_fit+none,J_waste,10,-0.02286045061,-0.03285774522,-0.012863156,10,0,0
sens-s2-topo-x2,shortest_estimate+topology_aware+easy,fifo+first_fit+none,J_slo,10,-0.4120259081,-0.6405660905,-0.1834857257,10,0,0
sens-s2-topo-x2,shortest_estimate+topology_aware+easy,fifo+first_fit+none,J_fairness,10,-0.03596766475,-0.07070063207,-0.001234697436,9,0,1
sens-s2-topo-x2,shortest_estimate+topology_aware+easy,fifo+first_fit+none,wait_mean,10,-7469.559831,-13690.3861,-1248.733557,10,0,0
sens-s2-topo-x2,shortest_estimate+topology_aware+easy,fifo+first_fit+none,wait_p95,10,-14418.8152,-22351.23156,-6486.398844,10,0,0
sens-s2-topo-x2,shortest_estimate+topology_aware+easy,fifo+first_fit+none,wait_p99,10,-10086.422,-14627.58622,-5545.257776,10,0,0
sens-s2-topo-x2,shortest_estimate+topology_aware+easy,fifo+first_fit+none,jct_mean,10,-7491.153249,-13708.49295,-1273.813552,10,0,0
sens-s2-topo-x2,shortest_estimate+topology_aware+easy,fifo+first_fit+none,jct_p95,10,-10064.7664,-16950.06927,-3179.46353,10,0,0
sens-s2-topo-x2,shortest_estimate+topology_aware+easy,fifo+first_fit+none,bsld_mean,10,-12.96249147,-22.86509304,-3.059889888,10,0,0
sens-s2-topo-x2,shortest_estimate+topology_aware+easy,fifo+first_fit+none,bsld_p95,10,-52.11932351,-87.94820354,-16.29044349,10,0,0
sens-s2-topo-x2,shortest_estimate+topology_aware+easy,fifo+first_fit+none,bsld_p99,10,-115.9091456,-189.2953402,-42.522951,10,0,0
sens-s2-topo-x2,shortest_estimate+topology_aware+easy,fifo+first_fit+none,wflow_mean,10,-12.96249147,-22.86509304,-3.059889888,10,0,0
sens-s2-topo-x2,shortest_estimate+topology_aware+easy,fifo+first_fit+none,wflow_sum_all,10,-25578.03669,-43914.58301,-7241.490363,10,0,0
sens-s2-topo-x2,shortest_estimate+topology_aware+easy,fifo+first_fit+none,large_wait_mean,10,-6747.539386,-12316.89818,-1178.180593,10,0,0
sens-s2-topo-x2,shortest_estimate+topology_aware+easy,fifo+first_fit+none,large_wait_p95,10,-9557.0921,-13958.70799,-5155.476212,10,0,0
sens-s2-topo-x2,shortest_estimate+topology_aware+easy,fifo+first_fit+none,utilization,10,0.01169190412,-0.01239785012,0.03578165837,6,0,4
sens-s2-topo-x2,shortest_estimate+topology_aware+easy,fifo+first_fit+none,frag_blocked_frac,10,-0.3956334377,-0.4728600352,-0.3184068401,10,0,0
sens-s2-topo-x2,shortest_estimate+topology_aware+easy,fifo+first_fit+none,stranded_frac,10,-0.06522575064,-0.08595750363,-0.04449399766,10,0,0
sens-s2-topo-x2,shortest_estimate+topology_aware+easy,fifo+first_fit+none,goodput_ratio,10,0.02286045061,0.012863156,0.03285774522,10,0,0
sens-s2-topo-x2,shortest_estimate+topology_aware+easy,fifo+first_fit+none,wasted_gpu_hours,10,-127.4834024,-194.3772455,-60.58955944,10,0,0
sens-s2-topo-x2,shortest_estimate+topology_aware+easy,fifo+first_fit+none,lost_gpu_hours,10,0,0,0,0,10,0
sens-s2-topo-x2,shortest_estimate+topology_aware+easy,fifo+first_fit+none,overhead_gpu_hours,10,0,0,0,0,10,0
sens-s2-topo-x2,shortest_estimate+topology_aware+easy,fifo+first_fit+none,topology_gpu_hours,10,-127.4833804,-194.3772197,-60.58954109,10,0,0
sens-s2-topo-x2,shortest_estimate+topology_aware+easy,fifo+first_fit+none,slack_gpu_hours,10,-2.207407406e-05,-2.920984883e-05,-1.49382993e-05,10,0,0
sens-s2-topo-x2,shortest_estimate+topology_aware+easy,fifo+first_fit+none,preemptions,10,0,0,0,0,10,0
sens-s2-topo-x2,shortest_estimate+topology_aware+easy,fifo+first_fit+none,failure_kills,10,0,0,0,0,10,0
sens-s2-topo-x2,shortest_estimate+topology_aware+easy,fifo+first_fit+none,node_downtime_gpu_hours,10,0,0,0,0,10,0
sens-s2-topo-x2,shortest_estimate+topology_aware+easy,fifo+first_fit+none,jain_bsld,10,0.03596766475,0.001234697436,0.07070063207,9,0,1
sens-s2-topo-x2,shortest_estimate+topology_aware+easy,fifo+first_fit+none,tenant_worst_best_ratio,10,-0.5057236449,-0.8497991906,-0.1616480993,9,0,1
sens-s2-topo-x2,shortest_estimate+topology_aware+easy,fifo+first_fit+none,slo_attainment,10,0.4120259081,0.1834857257,0.6405660905,10,0,0
sens-s2-topo-x2,shortest_estimate+topology_aware+easy,fifo+first_fit+none,makespan,10,-4115.3942,-12093.65896,3862.870558,7,2,1
sens-s2-topo-x2,shortest_estimate+topology_aware+easy,fifo+first_fit+none,reservations,10,209.7,161.0439845,258.3560155,0,0,10
sens-s2-topo-x2,shortest_estimate+topology_aware+easy,fifo+first_fit+none,broken_reservations,10,179.2,135.106565,223.293435,0,0,10
sens-s2-topo-x2,shortest_estimate+topology_aware+easy,fifo+first_fit+none,tenant_t0_bsld_mean,10,-14.05459146,-25.33702204,-2.772160885,10,0,0
sens-s2-topo-x2,shortest_estimate+topology_aware+easy,fifo+first_fit+none,tenant_t0_bsld_p95,10,-60.95852458,-108.063045,-13.85400417,10,0,0
sens-s2-topo-x2,shortest_estimate+topology_aware+easy,fifo+first_fit+none,tenant_t1_bsld_mean,10,-12.37621308,-22.48788042,-2.264545749,10,0,0
sens-s2-topo-x2,shortest_estimate+topology_aware+easy,fifo+first_fit+none,tenant_t1_bsld_p95,10,-45.80365711,-77.93798461,-13.66932962,10,0,0
sens-s2-topo-x2,shortest_estimate+topology_aware+easy,fifo+first_fit+none,tenant_t2_bsld_mean,10,-11.71788407,-19.82507978,-3.610688369,10,0,0
sens-s2-topo-x2,shortest_estimate+topology_aware+easy,fifo+first_fit+none,tenant_t2_bsld_p95,10,-47.86196687,-77.06965423,-18.65427952,10,0,0
sens-s2-topo-x2,shortest_estimate+topology_aware+easy,fifo+first_fit+none,tenant_t3_bsld_mean,10,-13.25743261,-23.07909653,-3.435768688,10,0,0
sens-s2-topo-x2,shortest_estimate+topology_aware+easy,fifo+first_fit+none,tenant_t3_bsld_p95,10,-48.79725432,-76.2238888,-21.37061985,10,0,0
sens-s2-topo-x2,shortest_estimate+topology_aware+easy,fifo+first_fit+none,prio_1_wait_p95,10,-14493.6989,-22523.18577,-6464.212034,10,0,0
sens-s2-topo-x2,shortest_estimate+topology_aware+easy,fifo+first_fit+none,prio_1_bsld_p95,10,-53.07375321,-91.01401146,-15.13349496,10,0,0
sens-s2-topo-x2,shortest_estimate+topology_aware+easy,fifo+first_fit+none,prio_8_wait_p95,10,-14287.886,-22287.65014,-6288.12186,10,0,0
sens-s2-topo-x2,shortest_estimate+topology_aware+easy_oracle,fifo+first_fit+none,J,10,-2.815421436,-4.424935234,-1.205907639,10,0,0
sens-s2-topo-x2,shortest_estimate+topology_aware+easy_oracle,fifo+first_fit+none,J_slowdown,10,-1.194232681,-2.016194074,-0.3722712888,10,0,0
sens-s2-topo-x2,shortest_estimate+topology_aware+easy_oracle,fifo+first_fit+none,J_wait,10,-1.151594667,-1.791787446,-0.5114018872,10,0,0
sens-s2-topo-x2,shortest_estimate+topology_aware+easy_oracle,fifo+first_fit+none,J_waste,10,-0.02129518635,-0.03549265693,-0.007097715771,10,0,0
sens-s2-topo-x2,shortest_estimate+topology_aware+easy_oracle,fifo+first_fit+none,J_slo,10,-0.4115030029,-0.6405895165,-0.1824164892,10,0,0
sens-s2-topo-x2,shortest_estimate+topology_aware+easy_oracle,fifo+first_fit+none,J_fairness,10,-0.03679589912,-0.07155020368,-0.002041594555,10,0,0
sens-s2-topo-x2,shortest_estimate+topology_aware+easy_oracle,fifo+first_fit+none,wait_mean,10,-7504.889742,-13772.14776,-1237.631723,10,0,0
sens-s2-topo-x2,shortest_estimate+topology_aware+easy_oracle,fifo+first_fit+none,wait_p95,10,-14602.4196,-22720.1748,-6484.664402,10,0,0
sens-s2-topo-x2,shortest_estimate+topology_aware+easy_oracle,fifo+first_fit+none,wait_p99,10,-10645.1214,-15779.0478,-5511.194999,10,0,0
sens-s2-topo-x2,shortest_estimate+topology_aware+easy_oracle,fifo+first_fit+none,jct_mean,10,-7525.581149,-13787.89607,-1263.266231,10,0,0
sens-s2-topo-x2,shortest_estimate+topology_aware+easy_oracle,fifo+first_fit+none,jct_p95,10,-10075.9064,-17015.14756,-3136.665237,10,0,0
sens-s2-topo-x2,shortest_estimate+topology_aware+easy_oracle,fifo+first_fit+none,bsld_mean,10,-12.97673888,-22.88932299,-3.064154779,10,0,0
sens-s2-topo-x2,shortest_estimate+topology_aware+easy_oracle,fifo+first_fit+none,bsld_p95,10,-52.23037889,-88.17928201,-16.28147577,10,0,0
sens-s2-topo-x2,shortest_estimate+topology_aware+easy_oracle,fifo+first_fit+none,bsld_p99,10,-115.9821267,-189.4294633,-42.53479016,10,0,0
sens-s2-topo-x2,shortest_estimate+topology_aware+easy_oracle,fifo+first_fit+none,wflow_mean,10,-12.97673888,-22.88932299,-3.064154779,10,0,0
sens-s2-topo-x2,shortest_estimate+topology_aware+easy_oracle,fifo+first_fit+none,wflow_sum_all,10,-25618.07099,-43980.61267,-7255.529321,10,0,0
sens-s2-topo-x2,shortest_estimate+topology_aware+easy_oracle,fifo+first_fit+none,large_wait_mean,10,-6924.448357,-12726.27149,-1122.625229,10,0,0
sens-s2-topo-x2,shortest_estimate+topology_aware+easy_oracle,fifo+first_fit+none,large_wait_p95,10,-10160.0204,-15458.23893,-4861.801866,10,0,0
sens-s2-topo-x2,shortest_estimate+topology_aware+easy_oracle,fifo+first_fit+none,utilization,10,0.01476803768,-0.01219526476,0.04173134012,6,0,4
sens-s2-topo-x2,shortest_estimate+topology_aware+easy_oracle,fifo+first_fit+none,frag_blocked_frac,10,-0.4182461353,-0.5001453297,-0.336346941,10,0,0
sens-s2-topo-x2,shortest_estimate+topology_aware+easy_oracle,fifo+first_fit+none,stranded_frac,10,-0.06908158452,-0.08892192803,-0.04924124102,10,0,0
sens-s2-topo-x2,shortest_estimate+topology_aware+easy_oracle,fifo+first_fit+none,goodput_ratio,10,0.02129518635,0.007097715771,0.03549265693,10,0,0
sens-s2-topo-x2,shortest_estimate+topology_aware+easy_oracle,fifo+first_fit+none,wasted_gpu_hours,10,-121.2383842,-211.0826737,-31.39409479,10,0,0
sens-s2-topo-x2,shortest_estimate+topology_aware+easy_oracle,fifo+first_fit+none,lost_gpu_hours,10,0,0,0,0,10,0
sens-s2-topo-x2,shortest_estimate+topology_aware+easy_oracle,fifo+first_fit+none,overhead_gpu_hours,10,0,0,0,0,10,0
sens-s2-topo-x2,shortest_estimate+topology_aware+easy_oracle,fifo+first_fit+none,topology_gpu_hours,10,-121.2383636,-211.0826472,-31.39407986,10,0,0
sens-s2-topo-x2,shortest_estimate+topology_aware+easy_oracle,fifo+first_fit+none,slack_gpu_hours,10,-2.066666666e-05,-2.827392213e-05,-1.305941118e-05,10,0,0
sens-s2-topo-x2,shortest_estimate+topology_aware+easy_oracle,fifo+first_fit+none,preemptions,10,0,0,0,0,10,0
sens-s2-topo-x2,shortest_estimate+topology_aware+easy_oracle,fifo+first_fit+none,failure_kills,10,0,0,0,0,10,0
sens-s2-topo-x2,shortest_estimate+topology_aware+easy_oracle,fifo+first_fit+none,node_downtime_gpu_hours,10,0,0,0,0,10,0
sens-s2-topo-x2,shortest_estimate+topology_aware+easy_oracle,fifo+first_fit+none,jain_bsld,10,0.03679589912,0.002041594555,0.07155020368,10,0,0
sens-s2-topo-x2,shortest_estimate+topology_aware+easy_oracle,fifo+first_fit+none,tenant_worst_best_ratio,10,-0.5315951766,-0.8678632346,-0.1953271187,10,0,0
sens-s2-topo-x2,shortest_estimate+topology_aware+easy_oracle,fifo+first_fit+none,slo_attainment,10,0.4115030029,0.1824164892,0.6405895165,10,0,0
sens-s2-topo-x2,shortest_estimate+topology_aware+easy_oracle,fifo+first_fit+none,makespan,10,-4841.0802,-14133.6645,4451.504096,7,2,1
sens-s2-topo-x2,shortest_estimate+topology_aware+easy_oracle,fifo+first_fit+none,reservations,10,216,161.3262618,270.6737382,0,0,10
sens-s2-topo-x2,shortest_estimate+topology_aware+easy_oracle,fifo+first_fit+none,broken_reservations,10,55.8,40.65199025,70.94800975,0,0,10
sens-s2-topo-x2,shortest_estimate+topology_aware+easy_oracle,fifo+first_fit+none,tenant_t0_bsld_mean,10,-14.0562331,-25.35652357,-2.75594263,10,0,0
sens-s2-topo-x2,shortest_estimate+topology_aware+easy_oracle,fifo+first_fit+none,tenant_t0_bsld_p95,10,-61.0611698,-108.3193865,-13.80295313,10,0,0
sens-s2-topo-x2,shortest_estimate+topology_aware+easy_oracle,fifo+first_fit+none,tenant_t1_bsld_mean,10,-12.39331301,-22.50456922,-2.282056801,10,0,0
sens-s2-topo-x2,shortest_estimate+topology_aware+easy_oracle,fifo+first_fit+none,tenant_t1_bsld_p95,10,-45.96814552,-78.19024254,-13.7460485,10,0,0
sens-s2-topo-x2,shortest_estimate+topology_aware+easy_oracle,fifo+first_fit+none,tenant_t2_bsld_mean,10,-11.74867977,-19.87182046,-3.62553907,10,0,0
sens-s2-topo-x2,shortest_estimate+topology_aware+easy_oracle,fifo+first_fit+none,tenant_t2_bsld_p95,10,-48.00853681,-77.36990197,-18.64717166,10,0,0
sens-s2-topo-x2,shortest_estimate+topology_aware+easy_oracle,fifo+first_fit+none,tenant_t3_bsld_mean,10,-13.2808067,-23.0896351,-3.471978295,10,0,0
sens-s2-topo-x2,shortest_estimate+topology_aware+easy_oracle,fifo+first_fit+none,tenant_t3_bsld_p95,10,-48.85855024,-76.2885764,-21.42852409,10,0,0
sens-s2-topo-x2,shortest_estimate+topology_aware+easy_oracle,fifo+first_fit+none,prio_1_wait_p95,10,-14677.9348,-22853.55691,-6502.312688,10,0,0
sens-s2-topo-x2,shortest_estimate+topology_aware+easy_oracle,fifo+first_fit+none,prio_1_bsld_p95,10,-53.15346663,-91.15826678,-15.14866648,10,0,0
sens-s2-topo-x2,shortest_estimate+topology_aware+easy_oracle,fifo+first_fit+none,prio_8_wait_p95,10,-14237.258,-22366.63004,-6107.885958,10,0,0
sens-s2-topo-x2,shortest_estimate+topology_aware+easy_predicted,fifo+first_fit+none,J,10,-2.809083482,-4.399369074,-1.218797891,10,0,0
sens-s2-topo-x2,shortest_estimate+topology_aware+easy_predicted,fifo+first_fit+none,J_slowdown,10,-1.191924057,-2.010761933,-0.3730861797,10,0,0
sens-s2-topo-x2,shortest_estimate+topology_aware+easy_predicted,fifo+first_fit+none,J_wait,10,-1.142212192,-1.769089366,-0.5153350182,10,0,0
sens-s2-topo-x2,shortest_estimate+topology_aware+easy_predicted,fifo+first_fit+none,J_waste,10,-0.0291959843,-0.04575043775,-0.01264153085,10,0,0
sens-s2-topo-x2,shortest_estimate+topology_aware+easy_predicted,fifo+first_fit+none,J_slo,10,-0.4098565692,-0.6374842579,-0.1822288805,10,0,0
sens-s2-topo-x2,shortest_estimate+topology_aware+easy_predicted,fifo+first_fit+none,J_fairness,10,-0.03589468022,-0.0709709652,-0.0008183952415,10,0,0
sens-s2-topo-x2,shortest_estimate+topology_aware+easy_predicted,fifo+first_fit+none,wait_mean,10,-7481.618831,-13727.28924,-1235.948426,10,0,0
sens-s2-topo-x2,shortest_estimate+topology_aware+easy_predicted,fifo+first_fit+none,wait_p95,10,-14483.4482,-22432.35922,-6534.537184,10,0,0
sens-s2-topo-x2,shortest_estimate+topology_aware+easy_predicted,fifo+first_fit+none,wait_p99,10,-10223.1033,-15352.32737,-5093.879232,10,0,0
sens-s2-topo-x2,shortest_estimate+topology_aware+easy_predicted,fifo+first_fit+none,jct_mean,10,-7507.779547,-13748.77104,-1266.788052,10,0,0
sens-s2-topo-x2,shortest_estimate+topology_aware+easy_predicted,fifo+first_fit+none,jct_p95,10,-10042.5049,-16916.9451,-3168.064701,10,0,0
sens-s2-topo-x2,shortest_estimate+topology_aware+easy_predicted,fifo+first_fit+none,bsld_mean,10,-12.95737166,-22.85871417,-3.056029148,10,0,0
sens-s2-topo-x2,shortest_estimate+topology_aware+easy_predicted,fifo+first_fit+none,bsld_p95,10,-52.12941,-87.94170456,-16.31711544,10,0,0
sens-s2-topo-x2,shortest_estimate+topology_aware+easy_predicted,fifo+first_fit+none,bsld_p99,10,-115.7795706,-189.112066,-42.4470752,10,0,0
sens-s2-topo-x2,shortest_estimate+topology_aware+easy_predicted,fifo+first_fit+none,wflow_mean,10,-12.95737166,-22.85871417,-3.056029148,10,0,0
sens-s2-topo-x2,shortest_estimate+topology_aware+easy_predicted,fifo+first_fit+none,wflow_sum_all,10,-25556.29949,-43880.53241,-7232.066567,10,0,0
sens-s2-topo-x2,shortest_estimate+topology_aware+easy_predicted,fifo+first_fit+none,large_wait_mean,10,-6788.993535,-12487.40414,-1090.582929,10,0,0
sens-s2-topo-x2,shortest_estimate+topology_aware+easy_predicted,fifo+first_fit+none,large_wait_p95,10,-9658.8968,-14625.24402,-4692.549578,10,0,0
sens-s2-topo-x2,shortest_estimate+topology_aware+easy_predicted,fifo+first_fit+none,utilization,10,0.007266567789,-0.02047969516,0.03501283073,6,0,4
sens-s2-topo-x2,shortest_estimate+topology_aware+easy_predicted,fifo+first_fit+none,frag_blocked_frac,10,-0.4077023018,-0.4782191205,-0.3371854831,10,0,0
sens-s2-topo-x2,shortest_estimate+topology_aware+easy_predicted,fifo+first_fit+none,stranded_frac,10,-0.06748109304,-0.08857325812,-0.04638892797,10,0,0
sens-s2-topo-x2,shortest_estimate+topology_aware+easy_predicted,fifo+first_fit+none,goodput_ratio,10,0.0291959843,0.01264153085,0.04575043775,10,0,0
sens-s2-topo-x2,shortest_estimate+topology_aware+easy_predicted,fifo+first_fit+none,wasted_gpu_hours,10,-168.40926,-281.2686954,-55.54982462,10,0,0
sens-s2-topo-x2,shortest_estimate+topology_aware+easy_predicted,fifo+first_fit+none,lost_gpu_hours,10,0,0,0,0,10,0
sens-s2-topo-x2,shortest_estimate+topology_aware+easy_predicted,fifo+first_fit+none,overhead_gpu_hours,10,0,0,0,0,10,0
sens-s2-topo-x2,shortest_estimate+topology_aware+easy_predicted,fifo+first_fit+none,topology_gpu_hours,10,-168.4092333,-281.2686625,-55.54980406,10,0,0
sens-s2-topo-x2,shortest_estimate+topology_aware+easy_predicted,fifo+first_fit+none,slack_gpu_hours,10,-2.674074072e-05,-3.621878539e-05,-1.726269606e-05,10,0,0
sens-s2-topo-x2,shortest_estimate+topology_aware+easy_predicted,fifo+first_fit+none,preemptions,10,0,0,0,0,10,0
sens-s2-topo-x2,shortest_estimate+topology_aware+easy_predicted,fifo+first_fit+none,failure_kills,10,0,0,0,0,10,0
sens-s2-topo-x2,shortest_estimate+topology_aware+easy_predicted,fifo+first_fit+none,node_downtime_gpu_hours,10,0,0,0,0,10,0
sens-s2-topo-x2,shortest_estimate+topology_aware+easy_predicted,fifo+first_fit+none,jain_bsld,10,0.03589468022,0.0008183952415,0.0709709652,10,0,0
sens-s2-topo-x2,shortest_estimate+topology_aware+easy_predicted,fifo+first_fit+none,tenant_worst_best_ratio,10,-0.5107473136,-0.8551629887,-0.1663316385,10,0,0
sens-s2-topo-x2,shortest_estimate+topology_aware+easy_predicted,fifo+first_fit+none,slo_attainment,10,0.4098565692,0.1822288805,0.6374842579,10,0,0
sens-s2-topo-x2,shortest_estimate+topology_aware+easy_predicted,fifo+first_fit+none,makespan,10,-4775.5032,-12564.71855,3013.71215,7,2,1
sens-s2-topo-x2,shortest_estimate+topology_aware+easy_predicted,fifo+first_fit+none,reservations,10,197.6,149.1147247,246.0852753,0,0,10
sens-s2-topo-x2,shortest_estimate+topology_aware+easy_predicted,fifo+first_fit+none,broken_reservations,10,177.1,130.7856506,223.4143494,0,0,10
sens-s2-topo-x2,shortest_estimate+topology_aware+easy_predicted,fifo+first_fit+none,tenant_t0_bsld_mean,10,-14.04824047,-25.33495019,-2.76153074,10,0,0
sens-s2-topo-x2,shortest_estimate+topology_aware+easy_predicted,fifo+first_fit+none,tenant_t0_bsld_p95,10,-60.83442842,-107.8873495,-13.78150739,10,0,0
sens-s2-topo-x2,shortest_estimate+topology_aware+easy_predicted,fifo+first_fit+none,tenant_t1_bsld_mean,10,-12.37720756,-22.48262531,-2.271789802,10,0,0
sens-s2-topo-x2,shortest_estimate+topology_aware+easy_predicted,fifo+first_fit+none,tenant_t1_bsld_p95,10,-45.89816199,-78.06470278,-13.7316212,10,0,0
sens-s2-topo-x2,shortest_estimate+topology_aware+easy_predicted,fifo+first_fit+none,tenant_t2_bsld_mean,10,-11.71952937,-19.8385647,-3.600494033,10,0,0
sens-s2-topo-x2,shortest_estimate+topology_aware+easy_predicted,fifo+first_fit+none,tenant_t2_bsld_p95,10,-47.82921827,-77.09325049,-18.56518605,10,0,0
sens-s2-topo-x2,shortest_estimate+topology_aware+easy_predicted,fifo+first_fit+none,tenant_t3_bsld_mean,10,-13.2293056,-23.03782596,-3.420785249,10,0,0
sens-s2-topo-x2,shortest_estimate+topology_aware+easy_predicted,fifo+first_fit+none,tenant_t3_bsld_p95,10,-48.80324137,-76.18946792,-21.41701482,10,0,0
sens-s2-topo-x2,shortest_estimate+topology_aware+easy_predicted,fifo+first_fit+none,prio_1_wait_p95,10,-14584.0215,-22628.54755,-6539.495446,10,0,0
sens-s2-topo-x2,shortest_estimate+topology_aware+easy_predicted,fifo+first_fit+none,prio_1_bsld_p95,10,-53.04482287,-90.9150444,-15.17460134,10,0,0
sens-s2-topo-x2,shortest_estimate+topology_aware+easy_predicted,fifo+first_fit+none,prio_8_wait_p95,10,-14133.9417,-22071.76909,-6196.114313,10,0,0
sens-s2-topo-x2,shortest_estimate+topology_aware+none,fifo+first_fit+none,J,10,-2.489947615,-3.919713945,-1.060181286,10,0,0
sens-s2-topo-x2,shortest_estimate+topology_aware+none,fifo+first_fit+none,J_slowdown,10,-1.171423283,-1.986601748,-0.3562448179,10,0,0
sens-s2-topo-x2,shortest_estimate+topology_aware+none,fifo+first_fit+none,J_wait,10,-0.8846937025,-1.391865014,-0.3775223908,10,0,0
sens-s2-topo-x2,shortest_estimate+topology_aware+none,fifo+first_fit+none,J_waste,10,-0.02412218326,-0.03563422469,-0.01261014182,10,0,0
sens-s2-topo-x2,shortest_estimate+topology_aware+none,fifo+first_fit+none,J_slo,10,-0.3743194132,-0.5859839288,-0.1626548976,10,0,0
sens-s2-topo-x2,shortest_estimate+topology_aware+none,fifo+first_fit+none,J_fairness,10,-0.03538903345,-0.06987819736,-0.000899869528,9,0,1
sens-s2-topo-x2,shortest_estimate+topology_aware+none,fifo+first_fit+none,wait_mean,10,-6876.525992,-12818.64504,-934.4069463,10,0,0
sens-s2-topo-x2,shortest_estimate+topology_aware+none,fifo+first_fit+none,wait_p95,10,-11218.0692,-17649.08917,-4787.049227,10,0,0
sens-s2-topo-x2,shortest_estimate+topology_aware+none,fifo+first_fit+none,wait_p99,10,-2013.9703,-8826.504891,4798.564291,8,0,2
sens-s2-topo-x2,shortest_estimate+topology_aware+none,fifo+first_fit+none,jct_mean,10,-6901.26397,-12840.24021,-962.2877321,10,0,0
sens-s2-topo-x2,shortest_estimate+topology_aware+none,fifo+first_fit+none,jct_p95,10,-7125.4014,-12278.31134,-1972.491458,10,0,0
sens-s2-topo-x2,shortest_estimate+topology_aware+none,fifo+first_fit+none,bsld_mean,10,-12.76318102,-22.5922172,-2.934144836,10,0,0
sens-s2-topo-x2,shortest_estimate+topology_aware+none,fifo+first_fit+none,bsld_p95,10,-51.23279815,-86.88504647,-15.58054984,10,0,0
sens-s2-topo-x2,shortest_estimate+topology_aware+none,fifo+first_fit+none,bsld_p99,10,-114.3521576,-187.699135,-41.0051801,10,0,0
sens-s2-topo-x2,shortest_estimate+topology_aware+none,fifo+first_fit+none,wflow_mean,10,-12.76318102,-22.5922172,-2.934144836,10,0,0
sens-s2-topo-x2,shortest_estimate+topology_aware+none,fifo+first_fit+none,wflow_sum_all,10,-25177.04982,-43320.2625,-7033.837139,10,0,0
sens-s2-topo-x2,shortest_estimate+topology_aware+none,fifo+first_fit+none,large_wait_mean,10,-6811.984492,-12646.09805,-977.870937,10,0,0
sens-s2-topo-x2,shortest_estimate+topology_aware+none,fifo+first_fit+none,large_wait_p95,10,-10084.4247,-15684.02009,-4484.829309,10,0,0
sens-s2-topo-x2,shortest_estimate+topology_aware+none,fifo+first_fit+none,utilization,10,0.005220841038,-0.01549160236,0.02593328444,5,0,5
sens-s2-topo-x2,shortest_estimate+topology_aware+none,fifo+first_fit+none,frag_blocked_frac,10,-0.2773386048,-0.3595797556,-0.1950974539,10,0,0
sens-s2-topo-x2,shortest_estimate+topology_aware+none,fifo+first_fit+none,stranded_frac,10,-0.050563714,-0.07166600642,-0.02946142158,9,0,1
sens-s2-topo-x2,shortest_estimate+topology_aware+none,fifo+first_fit+none,goodput_ratio,10,0.02412218326,0.01261014182,0.03563422469,10,0,0
sens-s2-topo-x2,shortest_estimate+topology_aware+none,fifo+first_fit+none,wasted_gpu_hours,10,-133.0161922,-208.4935071,-57.53887737,10,0,0
sens-s2-topo-x2,shortest_estimate+topology_aware+none,fifo+first_fit+none,lost_gpu_hours,10,0,0,0,0,10,0
sens-s2-topo-x2,shortest_estimate+topology_aware+none,fifo+first_fit+none,overhead_gpu_hours,10,0,0,0,0,10,0
sens-s2-topo-x2,shortest_estimate+topology_aware+none,fifo+first_fit+none,topology_gpu_hours,10,-133.0161709,-208.493482,-57.53885982,10,0,0
sens-s2-topo-x2,shortest_estimate+topology_aware+none,fifo+first_fit+none,slack_gpu_hours,10,-2.133333332e-05,-2.703527077e-05,-1.563139587e-05,10,0,0
sens-s2-topo-x2,shortest_estimate+topology_aware+none,fifo+first_fit+none,preemptions,10,0,0,0,0,10,0
sens-s2-topo-x2,shortest_estimate+topology_aware+none,fifo+first_fit+none,failure_kills,10,0,0,0,0,10,0
sens-s2-topo-x2,shortest_estimate+topology_aware+none,fifo+first_fit+none,node_downtime_gpu_hours,10,0,0,0,0,10,0
sens-s2-topo-x2,shortest_estimate+topology_aware+none,fifo+first_fit+none,jain_bsld,10,0.03538903345,0.000899869528,0.06987819736,9,0,1
sens-s2-topo-x2,shortest_estimate+topology_aware+none,fifo+first_fit+none,tenant_worst_best_ratio,10,-0.5050806669,-0.8447905228,-0.165370811,10,0,0
sens-s2-topo-x2,shortest_estimate+topology_aware+none,fifo+first_fit+none,slo_attainment,10,0.3743194132,0.1626548976,0.5859839288,10,0,0
sens-s2-topo-x2,shortest_estimate+topology_aware+none,fifo+first_fit+none,makespan,10,-28.3681,-9231.277214,9174.541014,6,2,2
sens-s2-topo-x2,shortest_estimate+topology_aware+none,fifo+first_fit+none,reservations,10,0,0,0,0,10,0
sens-s2-topo-x2,shortest_estimate+topology_aware+none,fifo+first_fit+none,broken_reservations,10,0,0,0,0,10,0
sens-s2-topo-x2,shortest_estimate+topology_aware+none,fifo+first_fit+none,tenant_t0_bsld_mean,10,-13.82546582,-25.04016534,-2.610766298,10,0,0
sens-s2-topo-x2,shortest_estimate+topology_aware+none,fifo+first_fit+none,tenant_t0_bsld_p95,10,-59.97292834,-106.9470655,-12.99879118,10,0,0
sens-s2-topo-x2,shortest_estimate+topology_aware+none,fifo+first_fit+none,tenant_t1_bsld_mean,10,-12.21732112,-22.25799752,-2.176644716,10,0,0
sens-s2-topo-x2,shortest_estimate+topology_aware+none,fifo+first_fit+none,tenant_t1_bsld_p95,10,-45.07105175,-77.01721034,-13.12489315,10,0,0
sens-s2-topo-x2,shortest_estimate+topology_aware+none,fifo+first_fit+none,tenant_t2_bsld_mean,10,-11.53771218,-19.57443117,-3.500993182,10,0,0
sens-s2-topo-x2,shortest_estimate+topology_aware+none,fifo+first_fit+none,tenant_t2_bsld_p95,10,-46.99564662,-76.14913774,-17.8421555,10,0,0
sens-s2-topo-x2,shortest_estimate+topology_aware+none,fifo+first_fit+none,tenant_t3_bsld_mean,10,-13.01998844,-22.75569033,-3.284286545,10,0,0
sens-s2-topo-x2,shortest_estimate+topology_aware+none,fifo+first_fit+none,tenant_t3_bsld_p95,10,-47.72772484,-74.80324228,-20.65220741,10,0,0
sens-s2-topo-x2,shortest_estimate+topology_aware+none,fifo+first_fit+none,prio_1_wait_p95,10,-11190.3286,-17593.95841,-4786.698792,10,0,0
sens-s2-topo-x2,shortest_estimate+topology_aware+none,fifo+first_fit+none,prio_1_bsld_p95,10,-52.10570357,-89.81349086,-14.39791627,10,0,0
sens-s2-topo-x2,shortest_estimate+topology_aware+none,fifo+first_fit+none,prio_8_wait_p95,10,-10944.0779,-16676.95634,-5211.199456,10,0,0
sens-s6-est-x0.5,fifo+topology_aware+easy_predicted,fifo+first_fit+none,J,10,-1.841958637,-2.526355801,-1.157561472,10,0,0
sens-s6-est-x0.5,fifo+topology_aware+easy_predicted,fifo+first_fit+none,J_slowdown,10,-0.7096589936,-1.055250906,-0.3640670808,10,0,0
sens-s6-est-x0.5,fifo+topology_aware+easy_predicted,fifo+first_fit+none,J_wait,10,-0.6025821552,-0.8404832838,-0.3646810265,10,0,0
sens-s6-est-x0.5,fifo+topology_aware+easy_predicted,fifo+first_fit+none,J_waste,10,-0.01073978463,-0.01461972242,-0.006859846838,10,0,0
sens-s6-est-x0.5,fifo+topology_aware+easy_predicted,fifo+first_fit+none,J_slo,10,-0.4879443042,-0.6665677016,-0.3093209068,10,0,0
sens-s6-est-x0.5,fifo+topology_aware+easy_predicted,fifo+first_fit+none,J_fairness,10,-0.03103339916,-0.05403858524,-0.008028213083,9,0,1
sens-s6-est-x0.5,fifo+topology_aware+easy_predicted,fifo+first_fit+none,wait_mean,10,-11310.91265,-17888.65883,-4733.166482,10,0,0
sens-s6-est-x0.5,fifo+topology_aware+easy_predicted,fifo+first_fit+none,wait_p95,10,-15652.3048,-21831.87873,-9472.730867,10,0,0
sens-s6-est-x0.5,fifo+topology_aware+easy_predicted,fifo+first_fit+none,wait_p99,10,-12476.256,-18096.99887,-6855.513133,10,0,0
sens-s6-est-x0.5,fifo+topology_aware+easy_predicted,fifo+first_fit+none,jct_mean,10,-11319.93548,-17898.99038,-4740.880568,10,0,0
sens-s6-est-x0.5,fifo+topology_aware+easy_predicted,fifo+first_fit+none,jct_p95,10,-13664.0084,-19703.02962,-7624.987184,10,0,0
sens-s6-est-x0.5,fifo+topology_aware+easy_predicted,fifo+first_fit+none,bsld_mean,10,-19.60497141,-30.29381546,-8.916127365,10,0,0
sens-s6-est-x0.5,fifo+topology_aware+easy_predicted,fifo+first_fit+none,bsld_p95,10,-81.76571833,-121.5842386,-41.94719809,10,0,0
sens-s6-est-x0.5,fifo+topology_aware+easy_predicted,fifo+first_fit+none,bsld_p99,10,-177.515468,-267.9502748,-87.08066119,10,0,0
sens-s6-est-x0.5,fifo+topology_aware+easy_predicted,fifo+first_fit+none,wflow_mean,10,-19.60497141,-30.29381546,-8.916127365,10,0,0
sens-s6-est-x0.5,fifo+topology_aware+easy_predicted,fifo+first_fit+none,wflow_sum_all,10,-45123.1117,-69072.74658,-21173.47681,10,0,0
sens-s6-est-x0.5,fifo+topology_aware+easy_predicted,fifo+first_fit+none,large_wait_mean,10,-8620.025774,-13844.23,-3395.821546,10,0,0
sens-s6-est-x0.5,fifo+topology_aware+easy_predicted,fifo+first_fit+none,large_wait_p95,10,-11526.8294,-16950.235,-6103.423796,10,0,0
sens-s6-est-x0.5,fifo+topology_aware+easy_predicted,fifo+first_fit+none,utilization,10,0.04828476976,0.01997793885,0.07659160066,8,0,2
sens-s6-est-x0.5,fifo+topology_aware+easy_predicted,fifo+first_fit+none,frag_blocked_frac,10,-0.5012752757,-0.5969194827,-0.4056310687,10,0,0
sens-s6-est-x0.5,fifo+topology_aware+easy_predicted,fifo+first_fit+none,stranded_frac,10,-0.08946432995,-0.1053144363,-0.07361422357,10,0,0
sens-s6-est-x0.5,fifo+topology_aware+easy_predicted,fifo+first_fit+none,goodput_ratio,10,0.01073978463,0.006859846838,0.01461972242,10,0,0
sens-s6-est-x0.5,fifo+topology_aware+easy_predicted,fifo+first_fit+none,wasted_gpu_hours,10,-60.05208511,-83.26386746,-36.84030276,10,0,0
sens-s6-est-x0.5,fifo+topology_aware+easy_predicted,fifo+first_fit+none,lost_gpu_hours,10,0,0,0,0,10,0
sens-s6-est-x0.5,fifo+topology_aware+easy_predicted,fifo+first_fit+none,overhead_gpu_hours,10,0,0,0,0,10,0
sens-s6-est-x0.5,fifo+topology_aware+easy_predicted,fifo+first_fit+none,topology_gpu_hours,10,-60.05204699,-83.26382361,-36.84027036,10,0,0
sens-s6-est-x0.5,fifo+topology_aware+easy_predicted,fifo+first_fit+none,slack_gpu_hours,10,-3.812525254e-05,-4.737379165e-05,-2.887671342e-05,10,0,0
sens-s6-est-x0.5,fifo+topology_aware+easy_predicted,fifo+first_fit+none,preemptions,10,0,0,0,0,10,0
sens-s6-est-x0.5,fifo+topology_aware+easy_predicted,fifo+first_fit+none,failure_kills,10,0,0,0,0,10,0
sens-s6-est-x0.5,fifo+topology_aware+easy_predicted,fifo+first_fit+none,node_downtime_gpu_hours,10,0,0,0,0,10,0
sens-s6-est-x0.5,fifo+topology_aware+easy_predicted,fifo+first_fit+none,jain_bsld,10,0.03103339916,0.008028213083,0.05403858524,9,0,1
sens-s6-est-x0.5,fifo+topology_aware+easy_predicted,fifo+first_fit+none,tenant_worst_best_ratio,10,-0.4218374312,-0.6788308514,-0.1648440111,9,0,1
sens-s6-est-x0.5,fifo+topology_aware+easy_predicted,fifo+first_fit+none,slo_attainment,10,0.4879443042,0.3093209068,0.6665677016,10,0,0
sens-s6-est-x0.5,fifo+topology_aware+easy_predicted,fifo+first_fit+none,makespan,10,-19447.9909,-30387.41251,-8508.569291,9,1,0
sens-s6-est-x0.5,fifo+topology_aware+easy_predicted,fifo+first_fit+none,reservations,10,197.3,170.584721,224.015279,0,0,10
sens-s6-est-x0.5,fifo+topology_aware+easy_predicted,fifo+first_fit+none,broken_reservations,10,160,135.2468593,184.7531407,0,0,10
sens-s6-est-x0.5,fifo+topology_aware+easy_predicted,fifo+first_fit+none,tenant_t0_bsld_mean,10,-21.24156534,-34.20278332,-8.280347353,10,0,0
sens-s6-est-x0.5,fifo+topology_aware+easy_predicted,fifo+first_fit+none,tenant_t0_bsld_p95,10,-92.96334902,-148.7973292,-37.12936888,10,0,0
sens-s6-est-x0.5,fifo+topology_aware+easy_predicted,fifo+first_fit+none,tenant_t1_bsld_mean,10,-18.1802178,-28.34769575,-8.012739845,10,0,0
sens-s6-est-x0.5,fifo+topology_aware+easy_predicted,fifo+first_fit+none,tenant_t1_bsld_p95,10,-66.45538287,-98.79687274,-34.11389301,10,0,0
sens-s6-est-x0.5,fifo+topology_aware+easy_predicted,fifo+first_fit+none,tenant_t2_bsld_mean,10,-18.44937738,-28.54410033,-8.354654428,10,0,0
sens-s6-est-x0.5,fifo+topology_aware+easy_predicted,fifo+first_fit+none,tenant_t2_bsld_p95,10,-72.58438046,-109.2327978,-35.93596308,10,0,0
sens-s6-est-x0.5,fifo+topology_aware+easy_predicted,fifo+first_fit+none,tenant_t3_bsld_mean,10,-20.38762771,-31.39842911,-9.376826323,10,0,0
sens-s6-est-x0.5,fifo+topology_aware+easy_predicted,fifo+first_fit+none,tenant_t3_bsld_p95,10,-85.83719524,-131.5177043,-40.15668615,10,0,0
sens-s6-est-x0.5,fifo+topology_aware+easy_predicted,fifo+first_fit+none,prio_1_wait_p95,10,-16427.0815,-23009.17592,-9844.987085,10,0,0
sens-s6-est-x0.5,fifo+topology_aware+easy_predicted,fifo+first_fit+none,prio_1_bsld_p95,10,-80.67108667,-120.371299,-40.97087436,10,0,0
sens-s6-est-x0.5,fifo+topology_aware+easy_predicted,fifo+first_fit+none,prio_8_wait_p95,10,-14684.0438,-21101.93662,-8266.150984,10,0,0
sens-s6-est-x0.5,fifo+topology_aware+easy_predicted,fifo+first_fit+none,prio_9_wait_p95,10,-12087.8707,-18148.13306,-6027.608335,10,0,0
sens-s6-est-x0.5,priority+topology_aware+easy_predicted,fifo+first_fit+none,J,10,-1.830993309,-2.493316341,-1.168670278,10,0,0
sens-s6-est-x0.5,priority+topology_aware+easy_predicted,fifo+first_fit+none,J_slowdown,10,-0.7031765143,-1.040205144,-0.3661478844,10,0,0
sens-s6-est-x0.5,priority+topology_aware+easy_predicted,fifo+first_fit+none,J_wait,10,-0.5667324412,-0.7890323383,-0.3444325441,10,0,0
sens-s6-est-x0.5,priority+topology_aware+easy_predicted,fifo+first_fit+none,J_waste,10,-0.01046709058,-0.01282777806,-0.008106403109,10,0,0
sens-s6-est-x0.5,priority+topology_aware+easy_predicted,fifo+first_fit+none,J_slo,10,-0.522831303,-0.7096413353,-0.3360212707,10,0,0
sens-s6-est-x0.5,priority+topology_aware+easy_predicted,fifo+first_fit+none,J_fairness,10,-0.02778596035,-0.05300099741,-0.002570923285,8,0,2
sens-s6-est-x0.5,priority+topology_aware+easy_predicted,fifo+first_fit+none,wait_mean,10,-11160.24765,-17443.59155,-4876.903757,10,0,0
sens-s6-est-x0.5,priority+topology_aware+easy_predicted,fifo+first_fit+none,wait_p95,10,-14721.0946,-20495.4205,-8946.768698,10,0,0
sens-s6-est-x0.5,priority+topology_aware+easy_predicted,fifo+first_fit+none,wait_p99,10,-10659.3137,-15842.19611,-5476.43129,10,0,0
sens-s6-est-x0.5,priority+topology_aware+easy_predicted,fifo+first_fit+none,jct_mean,10,-11168.24652,-17452.51856,-4883.974467,10,0,0
sens-s6-est-x0.5,priority+topology_aware+easy_predicted,fifo+first_fit+none,jct_p95,10,-12742.6519,-18298.12541,-7187.178388,10,0,0
sens-s6-est-x0.5,priority+topology_aware+easy_predicted,fifo+first_fit+none,bsld_mean,10,-19.45671034,-29.91629812,-8.997122559,10,0,0
sens-s6-est-x0.5,priority+topology_aware+easy_predicted,fifo+first_fit+none,bsld_p95,10,-81.01881795,-119.8506911,-42.18694479,10,0,0
sens-s6-est-x0.5,priority+topology_aware+easy_predicted,fifo+first_fit+none,bsld_p99,10,-173.7616608,-263.2852621,-84.23805949,10,0,0
sens-s6-est-x0.5,priority+topology_aware+easy_predicted,fifo+first_fit+none,wflow_mean,10,-19.45671034,-29.91629812,-8.997122559,10,0,0
sens-s6-est-x0.5,priority+topology_aware+easy_predicted,fifo+first_fit+none,wflow_sum_all,10,-44840.06686,-68342.23028,-21337.90345,10,0,0
sens-s6-est-x0.5,priority+topology_aware+easy_predicted,fifo+first_fit+none,large_wait_mean,10,-8180.747279,-13018.20793,-3343.28663,10,0,0
sens-s6-est-x0.5,priority+topology_aware+easy_predicted,fifo+first_fit+none,large_wait_p95,10,-9874.5515,-14841.96032,-4907.142682,10,0,0
sens-s6-est-x0.5,priority+topology_aware+easy_predicted,fifo+first_fit+none,utilization,10,0.04812292309,0.0197155873,0.07653025888,9,0,1
sens-s6-est-x0.5,priority+topology_aware+easy_predicted,fifo+first_fit+none,frag_blocked_frac,10,-0.4639885564,-0.549193095,-0.3787840178,10,0,0
sens-s6-est-x0.5,priority+topology_aware+easy_predicted,fifo+first_fit+none,stranded_frac,10,-0.07624128506,-0.09776196901,-0.0547206011,10,0,0
sens-s6-est-x0.5,priority+topology_aware+easy_predicted,fifo+first_fit+none,goodput_ratio,10,0.01046709058,0.008106403109,0.01282777806,10,0,0
sens-s6-est-x0.5,priority+topology_aware+easy_predicted,fifo+first_fit+none,wasted_gpu_hours,10,-60.01177867,-75.82041978,-44.20313755,10,0,0
sens-s6-est-x0.5,priority+topology_aware+easy_predicted,fifo+first_fit+none,lost_gpu_hours,10,0,0,0,0,10,0
sens-s6-est-x0.5,priority+topology_aware+easy_predicted,fifo+first_fit+none,overhead_gpu_hours,10,0,0,0,0,10,0
sens-s6-est-x0.5,priority+topology_aware+easy_predicted,fifo+first_fit+none,topology_gpu_hours,10,-60.01174407,-75.82038317,-44.20310497,10,0,0
sens-s6-est-x0.5,priority+topology_aware+easy_predicted,fifo+first_fit+none,slack_gpu_hours,10,-3.45939394e-05,-4.386134383e-05,-2.532653497e-05,10,0,0
sens-s6-est-x0.5,priority+topology_aware+easy_predicted,fifo+first_fit+none,preemptions,10,0,0,0,0,10,0
sens-s6-est-x0.5,priority+topology_aware+easy_predicted,fifo+first_fit+none,failure_kills,10,0,0,0,0,10,0
sens-s6-est-x0.5,priority+topology_aware+easy_predicted,fifo+first_fit+none,node_downtime_gpu_hours,10,0,0,0,0,10,0
sens-s6-est-x0.5,priority+topology_aware+easy_predicted,fifo+first_fit+none,jain_bsld,10,0.02778596035,0.002570923285,0.05300099741,8,0,2
sens-s6-est-x0.5,priority+topology_aware+easy_predicted,fifo+first_fit+none,tenant_worst_best_ratio,10,-0.3807678239,-0.6753516225,-0.08618402535,8,0,2
sens-s6-est-x0.5,priority+topology_aware+easy_predicted,fifo+first_fit+none,slo_attainment,10,0.522831303,0.3360212707,0.7096413353,10,0,0
sens-s6-est-x0.5,priority+topology_aware+easy_predicted,fifo+first_fit+none,makespan,10,-18417.6784,-29747.88959,-7087.467213,9,1,0
sens-s6-est-x0.5,priority+topology_aware+easy_predicted,fifo+first_fit+none,reservations,10,206.5,178.1687957,234.8312043,0,0,10
sens-s6-est-x0.5,priority+topology_aware+easy_predicted,fifo+first_fit+none,broken_reservations,10,167.5,141.4415161,193.5584839,0,0,10
sens-s6-est-x0.5,priority+topology_aware+easy_predicted,fifo+first_fit+none,tenant_t0_bsld_mean,10,-21.18193349,-33.97769447,-8.386172505,10,0,0
sens-s6-est-x0.5,priority+topology_aware+easy_predicted,fifo+first_fit+none,tenant_t0_bsld_p95,10,-92.5571934,-147.7033097,-37.4110771,10,0,0
sens-s6-est-x0.5,priority+topology_aware+easy_predicted,fifo+first_fit+none,tenant_t1_bsld_mean,10,-17.94369153,-27.83769673,-8.049686329,10,0,0
sens-s6-est-x0.5,priority+topology_aware+easy_predicted,fifo+first_fit+none,tenant_t1_bsld_p95,10,-65.25017397,-96.03188859,-34.46845935,10,0,0
sens-s6-est-x0.5,priority+topology_aware+easy_predicted,fifo+first_fit+none,tenant_t2_bsld_mean,10,-18.29067713,-28.20577097,-8.375583293,10,0,0
sens-s6-est-x0.5,priority+topology_aware+easy_predicted,fifo+first_fit+none,tenant_t2_bsld_p95,10,-71.15163007,-107.1159164,-35.18734377,10,0,0
sens-s6-est-x0.5,priority+topology_aware+easy_predicted,fifo+first_fit+none,tenant_t3_bsld_mean,10,-20.17755668,-30.97068355,-9.384429807,10,0,0
sens-s6-est-x0.5,priority+topology_aware+easy_predicted,fifo+first_fit+none,tenant_t3_bsld_p95,10,-84.54491494,-130.6679709,-38.42185901,10,0,0
sens-s6-est-x0.5,priority+topology_aware+easy_predicted,fifo+first_fit+none,prio_1_wait_p95,10,-12626.8408,-18140.99778,-7112.683825,10,0,0
sens-s6-est-x0.5,priority+topology_aware+easy_predicted,fifo+first_fit+none,prio_1_bsld_p95,10,-76.44384458,-114.0135334,-38.87415578,10,0,0
sens-s6-est-x0.5,priority+topology_aware+easy_predicted,fifo+first_fit+none,prio_8_wait_p95,10,-17901.1452,-24963.16641,-10839.12399,10,0,0
sens-s6-est-x0.5,priority+topology_aware+easy_predicted,fifo+first_fit+none,prio_9_wait_p95,10,-15014.0121,-22342.40508,-7685.619121,10,0,0
sens-s6-est-x0.5,priority+topology_aware+easy_predicted+preempt,fifo+first_fit+none,J,10,-1.891554614,-2.533958101,-1.249151126,10,0,0
sens-s6-est-x0.5,priority+topology_aware+easy_predicted+preempt,fifo+first_fit+none,J_slowdown,10,-0.7306605445,-1.085265376,-0.376055713,10,0,0
sens-s6-est-x0.5,priority+topology_aware+easy_predicted+preempt,fifo+first_fit+none,J_wait,10,-0.5205502423,-0.7938705698,-0.2472299147,9,0,1
sens-s6-est-x0.5,priority+topology_aware+easy_predicted+preempt,fifo+first_fit+none,J_waste,10,-0.0007249203093,-0.005732957941,0.004283117323,3,0,7
sens-s6-est-x0.5,priority+topology_aware+easy_predicted+preempt,fifo+first_fit+none,J_slo,10,-0.6262690299,-0.8448644825,-0.4076735773,10,0,0
sens-s6-est-x0.5,priority+topology_aware+easy_predicted+preempt,fifo+first_fit+none,J_fairness,10,-0.01334987683,-0.05323900677,0.02653925311,7,0,3
sens-s6-est-x0.5,priority+topology_aware+easy_predicted+preempt,fifo+first_fit+none,wait_mean,10,-11589.96108,-18341.88954,-4838.032625,10,0,0
sens-s6-est-x0.5,priority+topology_aware+easy_predicted+preempt,fifo+first_fit+none,wait_p95,10,-13521.4941,-20621.09544,-6421.892763,9,0,1
sens-s6-est-x0.5,priority+topology_aware+easy_predicted+preempt,fifo+first_fit+none,wait_p99,10,-389.3775,-11906.73571,11127.98071,7,0,3
sens-s6-est-x0.5,priority+topology_aware+easy_predicted+preempt,fifo+first_fit+none,jct_mean,10,-11401.29912,-18058.67151,-4743.926734,10,0,0
sens-s6-est-x0.5,priority+topology_aware+easy_predicted+preempt,fifo+first_fit+none,jct_p95,10,-9437.19,-15022.96345,-3851.416552,9,0,1
sens-s6-est-x0.5,priority+topology_aware+easy_predicted+preempt,fifo+first_fit+none,bsld_mean,10,-19.99452715,-31.11166554,-8.877388772,10,0,0
sens-s6-est-x0.5,priority+topology_aware+easy_predicted+preempt,fifo+first_fit+none,bsld_p95,10,-84.18548178,-125.0424554,-43.32850817,10,0,0
sens-s6-est-x0.5,priority+topology_aware+easy_predicted+preempt,fifo+first_fit+none,bsld_p99,10,-174.6865916,-264.4285842,-84.94459906,10,0,0
sens-s6-est-x0.5,priority+topology_aware+easy_predicted+preempt,fifo+first_fit+none,wflow_mean,10,-19.99452715,-31.11166554,-8.877388772,10,0,0
sens-s6-est-x0.5,priority+topology_aware+easy_predicted+preempt,fifo+first_fit+none,wflow_sum_all,10,-46128.62849,-70874.8804,-21382.37659,10,0,0
sens-s6-est-x0.5,priority+topology_aware+easy_predicted+preempt,fifo+first_fit+none,large_wait_mean,10,-7854.930459,-12079.08601,-3630.774911,10,0,0
sens-s6-est-x0.5,priority+topology_aware+easy_predicted+preempt,fifo+first_fit+none,large_wait_p95,10,477.5045,-11277.45665,12232.46565,6,0,4
sens-s6-est-x0.5,priority+topology_aware+easy_predicted+preempt,fifo+first_fit+none,utilization,10,0.04833097207,0.02634709947,0.07031484467,9,0,1
sens-s6-est-x0.5,priority+topology_aware+easy_predicted+preempt,fifo+first_fit+none,frag_blocked_frac,10,-0.4478755167,-0.5096906518,-0.3860603816,10,0,0
sens-s6-est-x0.5,priority+topology_aware+easy_predicted+preempt,fifo+first_fit+none,stranded_frac,10,-0.07078327626,-0.08748429707,-0.05408225546,10,0,0
sens-s6-est-x0.5,priority+topology_aware+easy_predicted+preempt,fifo+first_fit+none,goodput_ratio,10,0.0007249203093,-0.004283117323,0.005732957941,3,0,7
sens-s6-est-x0.5,priority+topology_aware+easy_predicted+preempt,fifo+first_fit+none,wasted_gpu_hours,10,2.325847194,-25.00162208,29.65331647,3,0,7
sens-s6-est-x0.5,priority+topology_aware+easy_predicted+preempt,fifo+first_fit+none,lost_gpu_hours,10,14.86244771,7.757226108,21.96766931,0,0,10
sens-s6-est-x0.5,priority+topology_aware+easy_predicted+preempt,fifo+first_fit+none,overhead_gpu_hours,10,40.27894939,27.36783684,53.19006194,0,0,10
sens-s6-est-x0.5,priority+topology_aware+easy_predicted+preempt,fifo+first_fit+none,topology_gpu_hours,10,-52.81551442,-69.98800776,-35.64302108,10,0,0
sens-s6-est-x0.5,priority+topology_aware+easy_predicted+preempt,fifo+first_fit+none,slack_gpu_hours,10,-3.547878789e-05,-4.567152489e-05,-2.52860509e-05,10,0,0
sens-s6-est-x0.5,priority+topology_aware+easy_predicted+preempt,fifo+first_fit+none,preemptions,10,311,229.9374394,392.0625606,0,0,10
sens-s6-est-x0.5,priority+topology_aware+easy_predicted+preempt,fifo+first_fit+none,failure_kills,10,0,0,0,0,10,0
sens-s6-est-x0.5,priority+topology_aware+easy_predicted+preempt,fifo+first_fit+none,node_downtime_gpu_hours,10,0,0,0,0,10,0
sens-s6-est-x0.5,priority+topology_aware+easy_predicted+preempt,fifo+first_fit+none,jain_bsld,10,0.01334987683,-0.02653925311,0.05323900677,7,0,3
sens-s6-est-x0.5,priority+topology_aware+easy_predicted+preempt,fifo+first_fit+none,tenant_worst_best_ratio,10,-0.2301447537,-0.6173648595,0.1570753522,7,0,3
sens-s6-est-x0.5,priority+topology_aware+easy_predicted+preempt,fifo+first_fit+none,slo_attainment,10,0.6262690299,0.4076735773,0.8448644825,10,0,0
sens-s6-est-x0.5,priority+topology_aware+easy_predicted+preempt,fifo+first_fit+none,makespan,10,-17127.7168,-26115.25049,-8140.183108,9,1,0
sens-s6-est-x0.5,priority+topology_aware+easy_predicted+preempt,fifo+first_fit+none,reservations,10,147.4,115.8571675,178.9428325,0,0,10
sens-s6-est-x0.5,priority+topology_aware+easy_predicted+preempt,fifo+first_fit+none,broken_reservations,10,111.6,86.54956708,136.6504329,0,0,10
sens-s6-est-x0.5,priority+topology_aware+easy_predicted+preempt,fifo+first_fit+none,tenant_t0_bsld_mean,10,-21.64245299,-34.90629672,-8.37860926,10,0,0
sens-s6-est-x0.5,priority+topology_aware+easy_predicted+preempt,fifo+first_fit+none,tenant_t0_bsld_p95,10,-96.60341008,-154.2464701,-38.96035002,10,0,0
sens-s6-est-x0.5,priority+topology_aware+easy_predicted+preempt,fifo+first_fit+none,tenant_t1_bsld_mean,10,-18.53913752,-29.25479622,-7.823478821,10,0,0
sens-s6-est-x0.5,priority+topology_aware+easy_predicted+preempt,fifo+first_fit+none,tenant_t1_bsld_p95,10,-68.67640456,-102.7096063,-34.64320283,10,0,0
sens-s6-est-x0.5,priority+topology_aware+easy_predicted+preempt,fifo+first_fit+none,tenant_t2_bsld_mean,10,-18.86584899,-29.24072307,-8.490974911,10,0,0
sens-s6-est-x0.5,priority+topology_aware+easy_predicted+preempt,fifo+first_fit+none,tenant_t2_bsld_p95,10,-73.75587361,-110.8529057,-36.65884152,10,0,0
sens-s6-est-x0.5,priority+topology_aware+easy_predicted+preempt,fifo+first_fit+none,tenant_t3_bsld_mean,10,-20.7884728,-32.52882367,-9.048121931,10,0,0
sens-s6-est-x0.5,priority+topology_aware+easy_predicted+preempt,fifo+first_fit+none,tenant_t3_bsld_p95,10,-87.25381139,-133.5931333,-40.91448946,10,0,0
sens-s6-est-x0.5,priority+topology_aware+easy_predicted+preempt,fifo+first_fit+none,prio_1_wait_p95,10,-6494.5508,-15451.24224,2462.140636,9,0,1
sens-s6-est-x0.5,priority+topology_aware+easy_predicted+preempt,fifo+first_fit+none,prio_1_bsld_p95,10,-76.0430743,-113.7725055,-38.31364309,10,0,0
sens-s6-est-x0.5,priority+topology_aware+easy_predicted+preempt,fifo+first_fit+none,prio_8_wait_p95,10,-22380.2622,-32362.55179,-12397.97261,10,0,0
sens-s6-est-x0.5,priority+topology_aware+easy_predicted+preempt,fifo+first_fit+none,prio_9_wait_p95,10,-18316.3946,-27511.56414,-9121.225058,10,0,0
sens-s6-est-x2,fifo+topology_aware+easy_predicted,fifo+first_fit+none,J,10,-1.692651992,-2.334690781,-1.050613203,10,0,0
sens-s6-est-x2,fifo+topology_aware+easy_predicted,fifo+first_fit+none,J_slowdown,10,-0.680633364,-1.006339814,-0.354926914,10,0,0
sens-s6-est-x2,fifo+topology_aware+easy_predicted,fifo+first_fit+none,J_wait,10,-0.5103026299,-0.7199479458,-0.3006573139,10,0,0
sens-s6-est-x2,fifo+topology_aware+easy_predicted,fifo+first_fit+none,J_waste,10,-0.01229922923,-0.01574445394,-0.008854004528,10,0,0
sens-s6-est-x2,fifo+topology_aware+easy_predicted,fifo+first_fit+none,J_slo,10,-0.474924993,-0.6508690418,-0.2989809443,10,0,0
sens-s6-est-x2,fifo+topology_aware+easy_predicted,fifo+first_fit+none,J_fairness,10,-0.0144917763,-0.03651724455,0.007533691942,8,0,2
sens-s6-est-x2,fifo+topology_aware+easy_predicted,fifo+first_fit+none,wait_mean,10,-11022.61583,-17353.06828,-4692.163374,10,0,0
sens-s6-est-x2,fifo+topology_aware+easy_predicted,fifo+first_fit+none,wait_p95,10,-13255.3084,-18700.92666,-7809.690143,10,0,0
sens-s6-est-x2,fifo+topology_aware+easy_predicted,fifo+first_fit+none,wait_p99,10,-9903.0995,-15526.8191,-4279.379897,9,0,1
sens-s6-est-x2,fifo+topology_aware+easy_predicted,fifo+first_fit+none,jct_mean,10,-11032.06646,-17363.22972,-4700.903195,10,0,0
sens-s6-est-x2,fifo+topology_aware+easy_predicted,fifo+first_fit+none,jct_p95,10,-12118.2473,-17374.71351,-6861.781094,10,0,0
sens-s6-est-x2,fifo+topology_aware+easy_predicted,fifo+first_fit+none,bsld_mean,10,-18.84526259,-29.06342021,-8.627104984,10,0,0
sens-s6-est-x2,fifo+topology_aware+easy_predicted,fifo+first_fit+none,bsld_p95,10,-78.421434,-115.9487846,-40.89408341,10,0,0
sens-s6-est-x2,fifo+topology_aware+easy_predicted,fifo+first_fit+none,bsld_p99,10,-162.7578352,-246.2518903,-79.26378006,10,0,0
sens-s6-est-x2,fifo+topology_aware+easy_predicted,fifo+first_fit+none,wflow_mean,10,-18.84526259,-29.06342021,-8.627104984,10,0,0
sens-s6-est-x2,fifo+topology_aware+easy_predicted,fifo+first_fit+none,wflow_sum_all,10,-43455.84807,-66179.66969,-20732.02645,10,0,0
sens-s6-est-x2,fifo+topology_aware+easy_predicted,fifo+first_fit+none,large_wait_mean,10,-7114.618059,-11463.71223,-2765.523891,10,0,0
sens-s6-est-x2,fifo+topology_aware+easy_predicted,fifo+first_fit+none,large_wait_p95,10,-8870.753,-14469.83756,-3271.668442,9,0,1
sens-s6-est-x2,fifo+topology_aware+easy_predicted,fifo+first_fit+none,utilization,10,0.03933213333,0.01621462333,0.06244964333,8,0,2
sens-s6-est-x2,fifo+topology_aware+easy_predicted,fifo+first_fit+none,frag_blocked_frac,10,-0.485958215,-0.5840987778,-0.3878176523,10,0,0
sens-s6-est-x2,fifo+topology_aware+easy_predicted,fifo+first_fit+none,stranded_frac,10,-0.09326758936,-0.1116232333,-0.07491194544,10,0,0
sens-s6-est-x2,fifo+topology_aware+easy_predicted,fifo+first_fit+none,goodput_ratio,10,0.01229922923,0.008854004528,0.01574445394,10,0,0
sens-s6-est-x2,fifo+topology_aware+easy_predicted,fifo+first_fit+none,wasted_gpu_hours,10,-70.86017511,-95.8383378,-45.88201242,10,0,0
sens-s6-est-x2,fifo+topology_aware+easy_predicted,fifo+first_fit+none,lost_gpu_hours,10,0,0,0,0,10,0
sens-s6-est-x2,fifo+topology_aware+easy_predicted,fifo+first_fit+none,overhead_gpu_hours,10,0,0,0,0,10,0
sens-s6-est-x2,fifo+topology_aware+easy_predicted,fifo+first_fit+none,topology_gpu_hours,10,-70.86013409,-95.83829632,-45.88197186,10,0,0
sens-s6-est-x2,fifo+topology_aware+easy_predicted,fifo+first_fit+none,slack_gpu_hours,10,-4.101818183e-05,-4.792195036e-05,-3.411441331e-05,10,0,0
sens-s6-est-x2,fifo+topology_aware+easy_predicted,fifo+first_fit+none,preemptions,10,0,0,0,0,10,0
sens-s6-est-x2,fifo+topology_aware+easy_predicted,fifo+first_fit+none,failure_kills,10,0,0,0,0,10,0
sens-s6-est-x2,fifo+topology_aware+easy_predicted,fifo+first_fit+none,node_downtime_gpu_hours,10,0,0,0,0,10,0
sens-s6-est-x2,fifo+topology_aware+easy_predicted,fifo+first_fit+none,jain_bsld,10,0.0144917763,-0.007533691942,0.03651724455,8,0,2
sens-s6-est-x2,fifo+topology_aware+easy_predicted,fifo+first_fit+none,tenant_worst_best_ratio,10,-0.2343605101,-0.4887060652,0.01998504499,9,0,1
sens-s6-est-x2,fifo+topology_aware+easy_predicted,fifo+first_fit+none,slo_attainment,10,0.474924993,0.2989809443,0.6508690418,10,0,0
sens-s6-est-x2,fifo+topology_aware+easy_predicted,fifo+first_fit+none,makespan,10,-18031.6832,-28201.50306,-7861.863335,9,1,0
sens-s6-est-x2,fifo+topology_aware+easy_predicted,fifo+first_fit+none,reservations,10,191.5,167.2030092,215.7969908,0,0,10
sens-s6-est-x2,fifo+topology_aware+easy_predicted,fifo+first_fit+none,broken_reservations,10,175,150.6381556,199.3618444,0,0,10
sens-s6-est-x2,fifo+topology_aware+easy_predicted,fifo+first_fit+none,tenant_t0_bsld_mean,10,-20.42439503,-32.70193201,-8.146858047,10,0,0
sens-s6-est-x2,fifo+topology_aware+easy_predicted,fifo+first_fit+none,tenant_t0_bsld_p95,10,-89.28747317,-142.2281238,-36.34682258,10,0,0
sens-s6-est-x2,fifo+topology_aware+easy_predicted,fifo+first_fit+none,tenant_t1_bsld_mean,10,-17.52045834,-27.26596294,-7.774953736,10,0,0
sens-s6-est-x2,fifo+topology_aware+easy_predicted,fifo+first_fit+none,tenant_t1_bsld_p95,10,-63.00780081,-93.01387163,-33.00172999,10,0,0
sens-s6-est-x2,fifo+topology_aware+easy_predicted,fifo+first_fit+none,tenant_t2_bsld_mean,10,-17.76649584,-27.5389949,-7.993996779,10,0,0
sens-s6-est-x2,fifo+topology_aware+easy_predicted,fifo+first_fit+none,tenant_t2_bsld_p95,10,-69.34912792,-104.4131298,-34.28512604,10,0,0
sens-s6-est-x2,fifo+topology_aware+easy_predicted,fifo+first_fit+none,tenant_t3_bsld_mean,10,-19.35206337,-29.94625328,-8.757873454,10,0,0
sens-s6-est-x2,fifo+topology_aware+easy_predicted,fifo+first_fit+none,tenant_t3_bsld_p95,10,-81.82269548,-127.0979362,-36.54745477,10,0,0
sens-s6-est-x2,fifo+topology_aware+easy_predicted,fifo+first_fit+none,prio_1_wait_p95,10,-14632.3247,-20329.37321,-8935.276192,10,0,0
sens-s6-est-x2,fifo+topology_aware+easy_predicted,fifo+first_fit+none,prio_1_bsld_p95,10,-77.43151685,-115.3394935,-39.5235402,10,0,0
sens-s6-est-x2,fifo+topology_aware+easy_predicted,fifo+first_fit+none,prio_8_wait_p95,10,-13041.3606,-18919.76165,-7162.959553,10,0,0
sens-s6-est-x2,fifo+topology_aware+easy_predicted,fifo+first_fit+none,prio_9_wait_p95,10,-9632.1616,-15256.22083,-4008.102373,10,0,0
sens-s6-est-x2,priority+topology_aware+easy_predicted,fifo+first_fit+none,J,10,-1.737035235,-2.380364703,-1.093705767,10,0,0
sens-s6-est-x2,priority+topology_aware+easy_predicted,fifo+first_fit+none,J_slowdown,10,-0.6875242893,-1.019117287,-0.3559312922,10,0,0
sens-s6-est-x2,priority+topology_aware+easy_predicted,fifo+first_fit+none,J_wait,10,-0.5027949189,-0.7042807411,-0.3013090967,10,0,0
sens-s6-est-x2,priority+topology_aware+easy_predicted,fifo+first_fit+none,J_waste,10,-0.008726233764,-0.01190107737,-0.005551390156,10,0,0
sens-s6-est-x2,priority+topology_aware+easy_predicted,fifo+first_fit+none,J_slo,10,-0.5164848694,-0.6961782827,-0.3367914561,10,0,0
sens-s6-est-x2,priority+topology_aware+easy_predicted,fifo+first_fit+none,J_fairness,10,-0.02150492336,-0.04368098615,0.0006711394341,9,0,1
sens-s6-est-x2,priority+topology_aware+easy_predicted,fifo+first_fit+none,wait_mean,10,-11129.02736,-17663.56696,-4594.487771,10,0,0
sens-s6-est-x2,priority+topology_aware+easy_predicted,fifo+first_fit+none,wait_p95,10,-13060.2927,-18293.96495,-7826.620453,10,0,0
sens-s6-est-x2,priority+topology_aware+easy_predicted,fifo+first_fit+none,wait_p99,10,-8240.1457,-12859.92787,-3620.363531,10,0,0
sens-s6-est-x2,priority+topology_aware+easy_predicted,fifo+first_fit+none,jct_mean,10,-11135.88819,-17670.76062,-4601.015757,10,0,0
sens-s6-est-x2,priority+topology_aware+easy_predicted,fifo+first_fit+none,jct_p95,10,-11603.5339,-16941.74683,-6265.320969,10,0,0
sens-s6-est-x2,priority+topology_aware+easy_predicted,fifo+first_fit+none,bsld_mean,10,-19.01519252,-29.51515549,-8.515229556,10,0,0
sens-s6-est-x2,priority+topology_aware+easy_predicted,fifo+first_fit+none,bsld_p95,10,-79.21539485,-117.4209835,-41.00980618,10,0,0
sens-s6-est-x2,priority+topology_aware+easy_predicted,fifo+first_fit+none,bsld_p99,10,-161.1912076,-246.7048877,-75.67752759,10,0,0
sens-s6-est-x2,priority+topology_aware+easy_predicted,fifo+first_fit+none,wflow_mean,10,-19.01519252,-29.51515549,-8.515229556,10,0,0
sens-s6-est-x2,priority+topology_aware+easy_predicted,fifo+first_fit+none,wflow_sum_all,10,-43793.56374,-67237.46283,-20349.66465,10,0,0
sens-s6-est-x2,priority+topology_aware+easy_predicted,fifo+first_fit+none,large_wait_mean,10,-7087.468514,-11488.07252,-2686.864506,10,0,0
sens-s6-est-x2,priority+topology_aware+easy_predicted,fifo+first_fit+none,large_wait_p95,10,-7392.3658,-11790.47189,-2994.259709,9,0,1
sens-s6-est-x2,priority+topology_aware+easy_predicted,fifo+first_fit+none,utilization,10,0.04529429099,0.02016882945,0.07041975253,8,0,2
sens-s6-est-x2,priority+topology_aware+easy_predicted,fifo+first_fit+none,frag_blocked_frac,10,-0.4388183766,-0.5243029109,-0.3533338423,10,0,0
sens-s6-est-x2,priority+topology_aware+easy_predicted,fifo+first_fit+none,stranded_frac,10,-0.08044290789,-0.09773583708,-0.06314997871,10,0,0
sens-s6-est-x2,priority+topology_aware+easy_predicted,fifo+first_fit+none,goodput_ratio,10,0.008726233764,0.005551390156,0.01190107737,10,0,0
sens-s6-est-x2,priority+topology_aware+easy_predicted,fifo+first_fit+none,wasted_gpu_hours,10,-49.09169044,-66.37780261,-31.80557828,10,0,0
sens-s6-est-x2,priority+topology_aware+easy_predicted,fifo+first_fit+none,lost_gpu_hours,10,0,0,0,0,10,0
sens-s6-est-x2,priority+topology_aware+easy_predicted,fifo+first_fit+none,overhead_gpu_hours,10,0,0,0,0,10,0
sens-s6-est-x2,priority+topology_aware+easy_predicted,fifo+first_fit+none,topology_gpu_hours,10,-49.09165775,-66.3777694,-31.80554609,10,0,0
sens-s6-est-x2,priority+topology_aware+easy_predicted,fifo+first_fit+none,slack_gpu_hours,10,-3.269898991e-05,-3.930360585e-05,-2.609437396e-05,10,0,0
sens-s6-est-x2,priority+topology_aware+easy_predicted,fifo+first_fit+none,preemptions,10,0,0,0,0,10,0
sens-s6-est-x2,priority+topology_aware+easy_predicted,fifo+first_fit+none,failure_kills,10,0,0,0,0,10,0
sens-s6-est-x2,priority+topology_aware+easy_predicted,fifo+first_fit+none,node_downtime_gpu_hours,10,0,0,0,0,10,0
sens-s6-est-x2,priority+topology_aware+easy_predicted,fifo+first_fit+none,jain_bsld,10,0.02150492336,-0.0006711394341,0.04368098615,9,0,1
sens-s6-est-x2,priority+topology_aware+easy_predicted,fifo+first_fit+none,tenant_worst_best_ratio,10,-0.2866321123,-0.5362661155,-0.03699810921,9,0,1
sens-s6-est-x2,priority+topology_aware+easy_predicted,fifo+first_fit+none,slo_attainment,10,0.5164848694,0.3367914561,0.6961782827,10,0,0
sens-s6-est-x2,priority+topology_aware+easy_predicted,fifo+first_fit+none,makespan,10,-17435.7854,-28321.09977,-6550.471028,9,1,0
sens-s6-est-x2,priority+topology_aware+easy_predicted,fifo+first_fit+none,reservations,10,204.5,175.5493961,233.4506039,0,0,10
sens-s6-est-x2,priority+topology_aware+easy_predicted,fifo+first_fit+none,broken_reservations,10,186.2,158.9729652,213.4270348,0,0,10
sens-s6-est-x2,priority+topology_aware+easy_predicted,fifo+first_fit+none,tenant_t0_bsld_mean,10,-20.70880972,-33.41625086,-8.001368582,10,0,0
sens-s6-est-x2,priority+topology_aware+easy_predicted,fifo+first_fit+none,tenant_t0_bsld_p95,10,-90.89004467,-145.4122565,-36.36783288,10,0,0
sens-s6-est-x2,priority+topology_aware+easy_predicted,fifo+first_fit+none,tenant_t1_bsld_mean,10,-17.52044498,-27.517424,-7.523465948,10,0,0
sens-s6-est-x2,priority+topology_aware+easy_predicted,fifo+first_fit+none,tenant_t1_bsld_p95,10,-63.95135778,-94.70791442,-33.19480114,10,0,0
sens-s6-est-x2,priority+topology_aware+easy_predicted,fifo+first_fit+none,tenant_t2_bsld_mean,10,-17.89597362,-27.74884109,-8.043106159,10,0,0
sens-s6-est-x2,priority+topology_aware+easy_predicted,fifo+first_fit+none,tenant_t2_bsld_p95,10,-70.22805062,-105.7250058,-34.73109546,10,0,0
sens-s6-est-x2,priority+topology_aware+easy_predicted,fifo+first_fit+none,tenant_t3_bsld_mean,10,-19.68183706,-30.52121113,-8.842462993,10,0,0
sens-s6-est-x2,priority+topology_aware+easy_predicted,fifo+first_fit+none,tenant_t3_bsld_p95,10,-81.25064374,-126.6024641,-35.89882336,10,0,0
sens-s6-est-x2,priority+topology_aware+easy_predicted,fifo+first_fit+none,prio_1_wait_p95,10,-10888.1307,-15879.22415,-5897.037249,10,0,0
sens-s6-est-x2,priority+topology_aware+easy_predicted,fifo+first_fit+none,prio_1_bsld_p95,10,-74.33882079,-111.8730971,-36.8045445,10,0,0
sens-s6-est-x2,priority+topology_aware+easy_predicted,fifo+first_fit+none,prio_8_wait_p95,10,-17333.3548,-24084.47858,-10582.23102,10,0,0
sens-s6-est-x2,priority+topology_aware+easy_predicted,fifo+first_fit+none,prio_9_wait_p95,10,-13776.8283,-20258.68319,-7294.973412,10,0,0
sens-s6-est-x2,priority+topology_aware+easy_predicted+preempt,fifo+first_fit+none,J,10,-1.759054599,-2.365565764,-1.152543435,10,0,0
sens-s6-est-x2,priority+topology_aware+easy_predicted+preempt,fifo+first_fit+none,J_slowdown,10,-0.7049885239,-1.040389664,-0.3695873839,10,0,0
sens-s6-est-x2,priority+topology_aware+easy_predicted+preempt,fifo+first_fit+none,J_wait,10,-0.4246006889,-0.7756075388,-0.07359383898,9,0,1
sens-s6-est-x2,priority+topology_aware+easy_predicted+preempt,fifo+first_fit+none,J_waste,10,-0.001393610733,-0.004758416263,0.001971194798,5,0,5
sens-s6-est-x2,priority+topology_aware+easy_predicted+preempt,fifo+first_fit+none,J_slo,10,-0.6181421128,-0.8309747812,-0.4053094444,10,0,0
sens-s6-est-x2,priority+topology_aware+easy_predicted+preempt,fifo+first_fit+none,J_fairness,10,-0.009929663012,-0.03650732096,0.01664799493,7,0,3
sens-s6-est-x2,priority+topology_aware+easy_predicted+preempt,fifo+first_fit+none,wait_mean,10,-11281.55011,-17780.93658,-4782.163634,10,0,0
sens-s6-est-x2,priority+topology_aware+easy_predicted+preempt,fifo+first_fit+none,wait_p95,10,-11029.1673,-20146.70614,-1911.628463,9,0,1
sens-s6-est-x2,priority+topology_aware+easy_predicted+preempt,fifo+first_fit+none,wait_p99,10,1964.4797,-9340.942343,13269.90174,6,0,4
sens-s6-est-x2,priority+topology_aware+easy_predicted+preempt,fifo+first_fit+none,jct_mean,10,-11084.9212,-17487.46444,-4682.377957,10,0,0
sens-s6-est-x2,priority+topology_aware+easy_predicted+preempt,fifo+first_fit+none,jct_p95,10,-7007.6546,-14331.45353,316.1443255,9,0,1
sens-s6-est-x2,priority+topology_aware+easy_predicted+preempt,fifo+first_fit+none,bsld_mean,10,-19.30590372,-29.94436424,-8.667443201,10,0,0
sens-s6-est-x2,priority+topology_aware+easy_predicted+preempt,fifo+first_fit+none,bsld_p95,10,-81.22759464,-119.8719511,-42.58323815,10,0,0
sens-s6-est-x2,priority+topology_aware+easy_predicted+preempt,fifo+first_fit+none,bsld_p99,10,-161.2864129,-244.2022784,-78.37054745,10,0,0
sens-s6-est-x2,priority+topology_aware+easy_predicted+preempt,fifo+first_fit+none,wflow_mean,10,-19.30590372,-29.94436424,-8.667443201,10,0,0
sens-s6-est-x2,priority+topology_aware+easy_predicted+preempt,fifo+first_fit+none,wflow_sum_all,10,-44615.00959,-68347.81449,-20882.20468,10,0,0
sens-s6-est-x2,priority+topology_aware+easy_predicted+preempt,fifo+first_fit+none,large_wait_mean,10,-6609.854753,-10075.21513,-3144.494381,10,0,0
sens-s6-est-x2,priority+topology_aware+easy_predicted+preempt,fifo+first_fit+none,large_wait_p95,10,2681.683,-8747.571108,14110.93711,6,0,4
sens-s6-est-x2,priority+topology_aware+easy_predicted+preempt,fifo+first_fit+none,utilization,10,0.04480614124,0.02436403162,0.06524825085,9,0,1
sens-s6-est-x2,priority+topology_aware+easy_predicted+preempt,fifo+first_fit+none,frag_blocked_frac,10,-0.4368651358,-0.5068888628,-0.3668414087,10,0,0
sens-s6-est-x2,priority+topology_aware+easy_predicted+preempt,fifo+first_fit+none,stranded_frac,10,-0.07627690976,-0.08948634073,-0.0630674788,10,0,0
sens-s6-est-x2,priority+topology_aware+easy_predicted+preempt,fifo+first_fit+none,goodput_ratio,10,0.001393610733,-0.001971194798,0.004758416263,5,0,5
sens-s6-est-x2,priority+topology_aware+easy_predicted+preempt,fifo+first_fit+none,wasted_gpu_hours,10,-6.254602639,-25.40609697,12.89689169,5,0,5
sens-s6-est-x2,priority+topology_aware+easy_predicted+preempt,fifo+first_fit+none,lost_gpu_hours,10,12.47340464,8.013378973,16.9334303,0,0,10
sens-s6-est-x2,priority+topology_aware+easy_predicted+preempt,fifo+first_fit+none,overhead_gpu_hours,10,42.97163417,28.1020106,57.84125773,0,0,10
sens-s6-est-x2,priority+topology_aware+easy_predicted+preempt,fifo+first_fit+none,topology_gpu_hours,10,-61.69960955,-79.56216827,-43.83705083,10,0,0
sens-s6-est-x2,priority+topology_aware+easy_predicted+preempt,fifo+first_fit+none,slack_gpu_hours,10,-3.189090911e-05,-4.130753503e-05,-2.247428318e-05,10,0,0
sens-s6-est-x2,priority+topology_aware+easy_predicted+preempt,fifo+first_fit+none,preemptions,10,316.7,224.5943914,408.8056086,0,0,10
sens-s6-est-x2,priority+topology_aware+easy_predicted+preempt,fifo+first_fit+none,failure_kills,10,0,0,0,0,10,0
sens-s6-est-x2,priority+topology_aware+easy_predicted+preempt,fifo+first_fit+none,node_downtime_gpu_hours,10,0,0,0,0,10,0
sens-s6-est-x2,priority+topology_aware+easy_predicted+preempt,fifo+first_fit+none,jain_bsld,10,0.009929663012,-0.01664799493,0.03650732096,7,0,3
sens-s6-est-x2,priority+topology_aware+easy_predicted+preempt,fifo+first_fit+none,tenant_worst_best_ratio,10,-0.1827551361,-0.4395348524,0.0740245803,8,0,2
sens-s6-est-x2,priority+topology_aware+easy_predicted+preempt,fifo+first_fit+none,slo_attainment,10,0.6181421128,0.4053094444,0.8309747812,10,0,0
sens-s6-est-x2,priority+topology_aware+easy_predicted+preempt,fifo+first_fit+none,makespan,10,-17142.1127,-26289.0622,-7995.163204,9,1,0
sens-s6-est-x2,priority+topology_aware+easy_predicted+preempt,fifo+first_fit+none,reservations,10,145.6,122.6857387,168.5142613,0,0,10
sens-s6-est-x2,priority+topology_aware+easy_predicted+preempt,fifo+first_fit+none,broken_reservations,10,132,110.3126353,153.6873647,0,0,10
sens-s6-est-x2,priority+topology_aware+easy_predicted+preempt,fifo+first_fit+none,tenant_t0_bsld_mean,10,-20.94114123,-33.73337781,-8.148904661,10,0,0
sens-s6-est-x2,priority+topology_aware+easy_predicted+preempt,fifo+first_fit+none,tenant_t0_bsld_p95,10,-94.17356474,-150.2910753,-38.0560542,10,0,0
sens-s6-est-x2,priority+topology_aware+easy_predicted+preempt,fifo+first_fit+none,tenant_t1_bsld_mean,10,-17.95902528,-28.26059347,-7.657457089,10,0,0
sens-s6-est-x2,priority+topology_aware+easy_predicted+preempt,fifo+first_fit+none,tenant_t1_bsld_p95,10,-66.19795992,-98.47868275,-33.9172371,10,0,0
sens-s6-est-x2,priority+topology_aware+easy_predicted+preempt,fifo+first_fit+none,tenant_t2_bsld_mean,10,-18.01106649,-27.86751191,-8.154621077,10,0,0
sens-s6-est-x2,priority+topology_aware+easy_predicted+preempt,fifo+first_fit+none,tenant_t2_bsld_p95,10,-69.50851027,-104.3992154,-34.61780514,10,0,0
sens-s6-est-x2,priority+topology_aware+easy_predicted+preempt,fifo+first_fit+none,tenant_t3_bsld_mean,10,-20.13744199,-31.29092511,-8.983958862,10,0,0
sens-s6-est-x2,priority+topology_aware+easy_predicted+preempt,fifo+first_fit+none,tenant_t3_bsld_p95,10,-85.09388869,-131.3175065,-38.87027089,10,0,0
sens-s6-est-x2,priority+topology_aware+easy_predicted+preempt,fifo+first_fit+none,prio_1_wait_p95,10,-1974.1021,-12648.39274,8700.188541,7,0,3
sens-s6-est-x2,priority+topology_aware+easy_predicted+preempt,fifo+first_fit+none,prio_1_bsld_p95,10,-67.35867306,-99.02941513,-35.68793099,10,0,0
sens-s6-est-x2,priority+topology_aware+easy_predicted+preempt,fifo+first_fit+none,prio_8_wait_p95,10,-22304.6797,-32494.93838,-12114.42102,10,0,0
sens-s6-est-x2,priority+topology_aware+easy_predicted+preempt,fifo+first_fit+none,prio_9_wait_p95,10,-18200.4714,-27658.37258,-8742.570225,10,0,0
sens-s6-ovh-x0.5,fifo+topology_aware+easy_predicted,fifo+first_fit+none,J,10,-1.746699735,-2.417887101,-1.075512368,10,0,0
sens-s6-ovh-x0.5,fifo+topology_aware+easy_predicted,fifo+first_fit+none,J_slowdown,10,-0.6928558433,-1.029453769,-0.3562579172,10,0,0
sens-s6-ovh-x0.5,fifo+topology_aware+easy_predicted,fifo+first_fit+none,J_wait,10,-0.5408044158,-0.7651727494,-0.3164360822,10,0,0
sens-s6-ovh-x0.5,fifo+topology_aware+easy_predicted,fifo+first_fit+none,J_waste,10,-0.01069037527,-0.01465004316,-0.006730707373,10,0,0
sens-s6-ovh-x0.5,fifo+topology_aware+easy_predicted,fifo+first_fit+none,J_slo,10,-0.4799180092,-0.6595679277,-0.3002680906,10,0,0
sens-s6-ovh-x0.5,fifo+topology_aware+easy_predicted,fifo+first_fit+none,J_fairness,10,-0.02243109123,-0.04137959224,-0.003482590231,9,0,1
sens-s6-ovh-x0.5,fifo+topology_aware+easy_predicted,fifo+first_fit+none,wait_mean,10,-11113.83655,-17479.58579,-4748.087309,10,0,0
sens-s6-ovh-x0.5,fifo+topology_aware+easy_predicted,fifo+first_fit+none,wait_p95,10,-14047.6041,-19875.65844,-8219.54976,10,0,0
sens-s6-ovh-x0.5,fifo+topology_aware+easy_predicted,fifo+first_fit+none,wait_p99,10,-11120.7485,-17061.58266,-5179.914338,10,0,0
sens-s6-ovh-x0.5,fifo+topology_aware+easy_predicted,fifo+first_fit+none,jct_mean,10,-11122.93373,-17488.72422,-4757.143238,10,0,0
sens-s6-ovh-x0.5,fifo+topology_aware+easy_predicted,fifo+first_fit+none,jct_p95,10,-12577.2235,-18141.66798,-7012.779016,10,0,0
sens-s6-ovh-x0.5,fifo+topology_aware+easy_predicted,fifo+first_fit+none,bsld_mean,10,-19.18207829,-29.53937856,-8.824778021,10,0,0
sens-s6-ovh-x0.5,fifo+topology_aware+easy_predicted,fifo+first_fit+none,bsld_p95,10,-79.82968755,-118.6119357,-41.04743937,10,0,0
sens-s6-ovh-x0.5,fifo+topology_aware+easy_predicted,fifo+first_fit+none,bsld_p99,10,-169.1291988,-254.764935,-83.49346267,10,0,0
sens-s6-ovh-x0.5,fifo+topology_aware+easy_predicted,fifo+first_fit+none,wflow_mean,10,-19.18207829,-29.53937856,-8.824778021,10,0,0
sens-s6-ovh-x0.5,fifo+topology_aware+easy_predicted,fifo+first_fit+none,wflow_sum_all,10,-44295.40962,-67498.64706,-21092.17218,10,0,0
sens-s6-ovh-x0.5,fifo+topology_aware+easy_predicted,fifo+first_fit+none,large_wait_mean,10,-7772.749617,-12402.16484,-3143.334394,10,0,0
sens-s6-ovh-x0.5,fifo+topology_aware+easy_predicted,fifo+first_fit+none,large_wait_p95,10,-10125.2251,-15999.57414,-4250.876059,9,0,1
sens-s6-ovh-x0.5,fifo+topology_aware+easy_predicted,fifo+first_fit+none,utilization,10,0.04422641997,0.01717703261,0.07127580734,8,0,2
sens-s6-ovh-x0.5,fifo+topology_aware+easy_predicted,fifo+first_fit+none,frag_blocked_frac,10,-0.485059158,-0.5764486997,-0.3936696164,10,0,0
sens-s6-ovh-x0.5,fifo+topology_aware+easy_predicted,fifo+first_fit+none,stranded_frac,10,-0.09351160108,-0.114772999,-0.07225020313,10,0,0
sens-s6-ovh-x0.5,fifo+topology_aware+easy_predicted,fifo+first_fit+none,goodput_ratio,10,0.01069037527,0.006730707373,0.01465004316,10,0,0
sens-s6-ovh-x0.5,fifo+topology_aware+easy_predicted,fifo+first_fit+none,wasted_gpu_hours,10,-61.26381978,-90.07826918,-32.44937037,10,0,0
sens-s6-ovh-x0.5,fifo+topology_aware+easy_predicted,fifo+first_fit+none,lost_gpu_hours,10,0,0,0,0,10,0
sens-s6-ovh-x0.5,fifo+topology_aware+easy_predicted,fifo+first_fit+none,overhead_gpu_hours,10,0,0,0,0,10,0
sens-s6-ovh-x0.5,fifo+topology_aware+easy_predicted,fifo+first_fit+none,topology_gpu_hours,10,-61.26378542,-90.07823023,-32.44934061,10,0,0
sens-s6-ovh-x0.5,fifo+topology_aware+easy_predicted,fifo+first_fit+none,slack_gpu_hours,10,-3.435959597e-05,-4.262383338e-05,-2.609535857e-05,10,0,0
sens-s6-ovh-x0.5,fifo+topology_aware+easy_predicted,fifo+first_fit+none,preemptions,10,0,0,0,0,10,0
sens-s6-ovh-x0.5,fifo+topology_aware+easy_predicted,fifo+first_fit+none,failure_kills,10,0,0,0,0,10,0
sens-s6-ovh-x0.5,fifo+topology_aware+easy_predicted,fifo+first_fit+none,node_downtime_gpu_hours,10,0,0,0,0,10,0
sens-s6-ovh-x0.5,fifo+topology_aware+easy_predicted,fifo+first_fit+none,jain_bsld,10,0.02243109123,0.003482590231,0.04137959224,9,0,1
sens-s6-ovh-x0.5,fifo+topology_aware+easy_predicted,fifo+first_fit+none,tenant_worst_best_ratio,10,-0.3094309953,-0.5368050177,-0.08205697285,9,0,1
sens-s6-ovh-x0.5,fifo+topology_aware+easy_predicted,fifo+first_fit+none,slo_attainment,10,0.4799180092,0.3002680906,0.6595679277,10,0,0
sens-s6-ovh-x0.5,fifo+topology_aware+easy_predicted,fifo+first_fit+none,makespan,10,-18304.1828,-28471.26186,-8137.103743,9,1,0
sens-s6-ovh-x0.5,fifo+topology_aware+easy_predicted,fifo+first_fit+none,reservations,10,194.8,166.7764264,222.8235736,0,0,10
sens-s6-ovh-x0.5,fifo+topology_aware+easy_predicted,fifo+first_fit+none,broken_reservations,10,167,143.327078,190.672922,0,0,10
sens-s6-ovh-x0.5,fifo+topology_aware+easy_predicted,fifo+first_fit+none,tenant_t0_bsld_mean,10,-20.78991262,-33.27865752,-8.301167718,10,0,0
sens-s6-ovh-x0.5,fifo+topology_aware+easy_predicted,fifo+first_fit+none,tenant_t0_bsld_p95,10,-90.39135957,-143.9169231,-36.865796,10,0,0
sens-s6-ovh-x0.5,fifo+topology_aware+easy_predicted,fifo+first_fit+none,tenant_t1_bsld_mean,10,-17.82317706,-27.67639483,-7.969959297,10,0,0
sens-s6-ovh-x0.5,fifo+topology_aware+easy_predicted,fifo+first_fit+none,tenant_t1_bsld_p95,10,-64.82744187,-96.34709714,-33.30778661,10,0,0
sens-s6-ovh-x0.5,fifo+topology_aware+easy_predicted,fifo+first_fit+none,tenant_t2_bsld_mean,10,-18.06651247,-28.03216144,-8.1008635,10,0,0
sens-s6-ovh-x0.5,fifo+topology_aware+easy_predicted,fifo+first_fit+none,tenant_t2_bsld_p95,10,-70.6100341,-106.3384148,-34.88165341,10,0,0
sens-s6-ovh-x0.5,fifo+topology_aware+easy_predicted,fifo+first_fit+none,tenant_t3_bsld_mean,10,-19.7811813,-30.5235636,-9.038799012,10,0,0
sens-s6-ovh-x0.5,fifo+topology_aware+easy_predicted,fifo+first_fit+none,tenant_t3_bsld_p95,10,-83.48877905,-129.5510766,-37.42648147,10,0,0
sens-s6-ovh-x0.5,fifo+topology_aware+easy_predicted,fifo+first_fit+none,prio_1_wait_p95,10,-15414.8231,-21629.79885,-9199.84735,10,0,0
sens-s6-ovh-x0.5,fifo+topology_aware+easy_predicted,fifo+first_fit+none,prio_1_bsld_p95,10,-78.80502187,-117.4357581,-40.17428562,10,0,0
sens-s6-ovh-x0.5,fifo+topology_aware+easy_predicted,fifo+first_fit+none,prio_8_wait_p95,10,-13596.2243,-20018.91432,-7173.534277,10,0,0
sens-s6-ovh-x0.5,fifo+topology_aware+easy_predicted,fifo+first_fit+none,prio_9_wait_p95,10,-10448.086,-16475.97727,-4420.194731,10,0,0
sens-s6-ovh-x0.5,priority+topology_aware+easy_predicted,fifo+first_fit+none,J,10,-1.796083726,-2.459124432,-1.13304302,10,0,0
sens-s6-ovh-x0.5,priority+topology_aware+easy_predicted,fifo+first_fit+none,J_slowdown,10,-0.6982096398,-1.033866083,-0.3625531965,10,0,0
sens-s6-ovh-x0.5,priority+topology_aware+easy_predicted,fifo+first_fit+none,J_wait,10,-0.5240066835,-0.7385170674,-0.3094962996,10,0,0
sens-s6-ovh-x0.5,priority+topology_aware+easy_predicted,fifo+first_fit+none,J_waste,10,-0.01324776789,-0.01561230491,-0.01088323086,10,0,0
sens-s6-ovh-x0.5,priority+topology_aware+easy_predicted,fifo+first_fit+none,J_slo,10,-0.5289563757,-0.7145297664,-0.343382985,10,0,0
sens-s6-ovh-x0.5,priority+topology_aware+easy_predicted,fifo+first_fit+none,J_fairness,10,-0.03166325929,-0.05997872661,-0.003347791979,9,0,1
sens-s6-ovh-x0.5,priority+topology_aware+easy_predicted,fifo+first_fit+none,wait_mean,10,-11237.34653,-17788.07597,-4686.617088,10,0,0
sens-s6-ovh-x0.5,priority+topology_aware+easy_predicted,fifo+first_fit+none,wait_p95,10,-13611.2765,-19183.26678,-8039.28622,10,0,0
sens-s6-ovh-x0.5,priority+topology_aware+easy_predicted,fifo+first_fit+none,wait_p99,10,-8838.5516,-13874.7149,-3802.388298,10,0,0
sens-s6-ovh-x0.5,priority+topology_aware+easy_predicted,fifo+first_fit+none,jct_mean,10,-11248.09572,-17800.63312,-4695.558329,10,0,0
sens-s6-ovh-x0.5,priority+topology_aware+easy_predicted,fifo+first_fit+none,jct_p95,10,-11833.3714,-17129.50464,-6537.238157,10,0,0
sens-s6-ovh-x0.5,priority+topology_aware+easy_predicted,fifo+first_fit+none,bsld_mean,10,-19.42093232,-30.05732698,-8.784537662,10,0,0
sens-s6-ovh-x0.5,priority+topology_aware+easy_predicted,fifo+first_fit+none,bsld_p95,10,-80.446543,-119.1203151,-41.77277089,10,0,0
sens-s6-ovh-x0.5,priority+topology_aware+easy_predicted,fifo+first_fit+none,bsld_p99,10,-169.0003329,-255.9762972,-82.02436871,10,0,0
sens-s6-ovh-x0.5,priority+topology_aware+easy_predicted,fifo+first_fit+none,wflow_mean,10,-19.42093232,-30.05732698,-8.784537662,10,0,0
sens-s6-ovh-x0.5,priority+topology_aware+easy_predicted,fifo+first_fit+none,wflow_sum_all,10,-44823.56729,-68580.06037,-21067.0742,10,0,0
sens-s6-ovh-x0.5,priority+topology_aware+easy_predicted,fifo+first_fit+none,large_wait_mean,10,-7554.878766,-12216.43371,-2893.323822,10,0,0
sens-s6-ovh-x0.5,priority+topology_aware+easy_predicted,fifo+first_fit+none,large_wait_p95,10,-7864.2892,-12840.05974,-2888.518663,10,0,0
sens-s6-ovh-x0.5,priority+topology_aware+easy_predicted,fifo+first_fit+none,utilization,10,0.04428014397,0.01688904832,0.07167123963,9,0,1
sens-s6-ovh-x0.5,priority+topology_aware+easy_predicted,fifo+first_fit+none,frag_blocked_frac,10,-0.4654327721,-0.556844976,-0.3740205682,10,0,0
sens-s6-ovh-x0.5,priority+topology_aware+easy_predicted,fifo+first_fit+none,stranded_frac,10,-0.08067504511,-0.09718997941,-0.0641601108,10,0,0
sens-s6-ovh-x0.5,priority+topology_aware+easy_predicted,fifo+first_fit+none,goodput_ratio,10,0.01324776789,0.01088323086,0.01561230491,10,0,0
sens-s6-ovh-x0.5,priority+topology_aware+easy_predicted,fifo+first_fit+none,wasted_gpu_hours,10,-79.68284378,-106.5845254,-52.78116217,10,0,0
sens-s6-ovh-x0.5,priority+topology_aware+easy_predicted,fifo+first_fit+none,lost_gpu_hours,10,0,0,0,0,10,0
sens-s6-ovh-x0.5,priority+topology_aware+easy_predicted,fifo+first_fit+none,overhead_gpu_hours,10,0,0,0,0,10,0
sens-s6-ovh-x0.5,priority+topology_aware+easy_predicted,fifo+first_fit+none,topology_gpu_hours,10,-79.68280627,-106.5844863,-52.78112619,10,0,0
sens-s6-ovh-x0.5,priority+topology_aware+easy_predicted,fifo+first_fit+none,slack_gpu_hours,10,-3.750707072e-05,-4.414731626e-05,-3.086682519e-05,10,0,0
sens-s6-ovh-x0.5,priority+topology_aware+easy_predicted,fifo+first_fit+none,preemptions,10,0,0,0,0,10,0
sens-s6-ovh-x0.5,priority+topology_aware+easy_predicted,fifo+first_fit+none,failure_kills,10,0,0,0,0,10,0
sens-s6-ovh-x0.5,priority+topology_aware+easy_predicted,fifo+first_fit+none,node_downtime_gpu_hours,10,0,0,0,0,10,0
sens-s6-ovh-x0.5,priority+topology_aware+easy_predicted,fifo+first_fit+none,jain_bsld,10,0.03166325929,0.003347791979,0.05997872661,9,0,1
sens-s6-ovh-x0.5,priority+topology_aware+easy_predicted,fifo+first_fit+none,tenant_worst_best_ratio,10,-0.4163744524,-0.7351370347,-0.09761187015,9,0,1
sens-s6-ovh-x0.5,priority+topology_aware+easy_predicted,fifo+first_fit+none,slo_attainment,10,0.5289563757,0.343382985,0.7145297664,10,0,0
sens-s6-ovh-x0.5,priority+topology_aware+easy_predicted,fifo+first_fit+none,makespan,10,-18341.1082,-29721.36094,-6960.855461,9,1,0
sens-s6-ovh-x0.5,priority+topology_aware+easy_predicted,fifo+first_fit+none,reservations,10,208.4,177.7123838,239.0876162,0,0,10
sens-s6-ovh-x0.5,priority+topology_aware+easy_predicted,fifo+first_fit+none,broken_reservations,10,179,150.2430083,207.7569917,0,0,10
sens-s6-ovh-x0.5,priority+topology_aware+easy_predicted,fifo+first_fit+none,tenant_t0_bsld_mean,10,-21.17749128,-34.20664444,-8.148338116,10,0,0
sens-s6-ovh-x0.5,priority+topology_aware+easy_predicted,fifo+first_fit+none,tenant_t0_bsld_p95,10,-93.12193843,-149.2322649,-37.01161193,10,0,0
sens-s6-ovh-x0.5,priority+topology_aware+easy_predicted,fifo+first_fit+none,tenant_t1_bsld_mean,10,-17.8317437,-27.77453826,-7.888949139,10,0,0
sens-s6-ovh-x0.5,priority+topology_aware+easy_predicted,fifo+first_fit+none,tenant_t1_bsld_p95,10,-64.85331628,-95.50711432,-34.19951824,10,0,0
sens-s6-ovh-x0.5,priority+topology_aware+easy_predicted,fifo+first_fit+none,tenant_t2_bsld_mean,10,-18.29468418,-28.37096878,-8.218399576,10,0,0
sens-s6-ovh-x0.5,priority+topology_aware+easy_predicted,fifo+first_fit+none,tenant_t2_bsld_p95,10,-71.14346298,-106.9854505,-35.30147548,10,0,0
sens-s6-ovh-x0.5,priority+topology_aware+easy_predicted,fifo+first_fit+none,tenant_t3_bsld_mean,10,-20.16827609,-31.16171684,-9.174835331,10,0,0
sens-s6-ovh-x0.5,priority+topology_aware+easy_predicted,fifo+first_fit+none,tenant_t3_bsld_p95,10,-83.51976839,-128.8193749,-38.22016189,10,0,0
sens-s6-ovh-x0.5,priority+topology_aware+easy_predicted,fifo+first_fit+none,prio_1_wait_p95,10,-11207.2763,-16596.02627,-5818.526331,10,0,0
sens-s6-ovh-x0.5,priority+topology_aware+easy_predicted,fifo+first_fit+none,prio_1_bsld_p95,10,-76.13289868,-114.3583888,-37.90740856,10,0,0
sens-s6-ovh-x0.5,priority+topology_aware+easy_predicted,fifo+first_fit+none,prio_8_wait_p95,10,-16846.9162,-23466.92737,-10226.90503,10,0,0
sens-s6-ovh-x0.5,priority+topology_aware+easy_predicted,fifo+first_fit+none,prio_9_wait_p95,10,-13901.1541,-20594.74148,-7207.566717,10,0,0
sens-s6-ovh-x0.5,priority+topology_aware+easy_predicted+preempt,fifo+first_fit+none,J,10,-1.94610056,-2.624415484,-1.267785636,10,0,0
sens-s6-ovh-x0.5,priority+topology_aware+easy_predicted+preempt,fifo+first_fit+none,J_slowdown,10,-0.7274763128,-1.077600472,-0.3773521532,10,0,0
sens-s6-ovh-x0.5,priority+topology_aware+easy_predicted+preempt,fifo+first_fit+none,J_wait,10,-0.5714980179,-0.8393699112,-0.3036261246,10,0,0
sens-s6-ovh-x0.5,priority+topology_aware+easy_predicted+preempt,fifo+first_fit+none,J_waste,10,-0.004355914652,-0.006766623,-0.001945206304,9,0,1
sens-s6-ovh-x0.5,priority+topology_aware+easy_predicted+preempt,fifo+first_fit+none,J_slo,10,-0.6268732125,-0.8428754466,-0.4108709784,10,0,0
sens-s6-ovh-x0.5,priority+topology_aware+easy_predicted+preempt,fifo+first_fit+none,J_fairness,10,-0.01589710256,-0.05660275774,0.02480855262,7,0,3
sens-s6-ovh-x0.5,priority+topology_aware+easy_predicted+preempt,fifo+first_fit+none,wait_mean,10,-11617.86345,-18425.64533,-4810.081584,10,0,0
sens-s6-ovh-x0.5,priority+topology_aware+easy_predicted+preempt,fifo+first_fit+none,wait_p95,10,-14844.8823,-21802.95845,-7886.806152,10,0,0
sens-s6-ovh-x0.5,priority+topology_aware+easy_predicted+preempt,fifo+first_fit+none,wait_p99,10,-1708.0212,-11357.59634,7941.553938,7,0,3
sens-s6-ovh-x0.5,priority+topology_aware+easy_predicted+preempt,fifo+first_fit+none,jct_mean,10,-11433.09683,-18145.18725,-4721.006413,10,0,0
sens-s6-ovh-x0.5,priority+topology_aware+easy_predicted+preempt,fifo+first_fit+none,jct_p95,10,-10742.7553,-15970.44824,-5515.062358,10,0,0
sens-s6-ovh-x0.5,priority+topology_aware+easy_predicted+preempt,fifo+first_fit+none,bsld_mean,10,-19.91940857,-31.00140325,-8.837413896,10,0,0
sens-s6-ovh-x0.5,priority+topology_aware+easy_predicted+preempt,fifo+first_fit+none,bsld_p95,10,-83.81859995,-124.1593181,-43.47788184,10,0,0
sens-s6-ovh-x0.5,priority+topology_aware+easy_predicted+preempt,fifo+first_fit+none,bsld_p99,10,-171.6694332,-260.0992274,-83.23963901,10,0,0
sens-s6-ovh-x0.5,priority+topology_aware+easy_predicted+preempt,fifo+first_fit+none,wflow_mean,10,-19.91940857,-31.00140325,-8.837413896,10,0,0
sens-s6-ovh-x0.5,priority+topology_aware+easy_predicted+preempt,fifo+first_fit+none,wflow_sum_all,10,-45915.42148,-70545.29658,-21285.54638,10,0,0
sens-s6-ovh-x0.5,priority+topology_aware+easy_predicted+preempt,fifo+first_fit+none,large_wait_mean,10,-7955.533488,-12369.02421,-3542.042767,10,0,0
sens-s6-ovh-x0.5,priority+topology_aware+easy_predicted+preempt,fifo+first_fit+none,large_wait_p95,10,-1048.1795,-10692.5505,8596.191502,6,0,4
sens-s6-ovh-x0.5,priority+topology_aware+easy_predicted+preempt,fifo+first_fit+none,utilization,10,0.04669632507,0.02447668419,0.06891596595,9,0,1
sens-s6-ovh-x0.5,priority+topology_aware+easy_predicted+preempt,fifo+first_fit+none,frag_blocked_frac,10,-0.4461205349,-0.5185207523,-0.3737203174,10,0,0
sens-s6-ovh-x0.5,priority+topology_aware+easy_predicted+preempt,fifo+first_fit+none,stranded_frac,10,-0.0740643724,-0.08901247958,-0.05911626522,10,0,0
sens-s6-ovh-x0.5,priority+topology_aware+easy_predicted+preempt,fifo+first_fit+none,goodput_ratio,10,0.004355914652,0.001945206304,0.006766623,9,0,1
sens-s6-ovh-x0.5,priority+topology_aware+easy_predicted+preempt,fifo+first_fit+none,wasted_gpu_hours,10,-24.31159769,-41.14087173,-7.482323656,9,0,1
sens-s6-ovh-x0.5,priority+topology_aware+easy_predicted+preempt,fifo+first_fit+none,lost_gpu_hours,10,8.815299254,4.4451873,13.18541121,0,0,10
sens-s6-ovh-x0.5,priority+topology_aware+easy_predicted+preempt,fifo+first_fit+none,overhead_gpu_hours,10,23.60094369,15.65776311,31.54412428,0,0,10
sens-s6-ovh-x0.5,priority+topology_aware+easy_predicted+preempt,fifo+first_fit+none,topology_gpu_hours,10,-56.72780795,-76.62636218,-36.82925372,10,0,0
sens-s6-ovh-x0.5,priority+topology_aware+easy_predicted+preempt,fifo+first_fit+none,slack_gpu_hours,10,-3.26909091e-05,-4.069695128e-05,-2.468486691e-05,10,0,0
sens-s6-ovh-x0.5,priority+topology_aware+easy_predicted+preempt,fifo+first_fit+none,preemptions,10,328.4,241.8696054,414.9303946,0,0,10
sens-s6-ovh-x0.5,priority+topology_aware+easy_predicted+preempt,fifo+first_fit+none,failure_kills,10,0,0,0,0,10,0
sens-s6-ovh-x0.5,priority+topology_aware+easy_predicted+preempt,fifo+first_fit+none,node_downtime_gpu_hours,10,0,0,0,0,10,0
sens-s6-ovh-x0.5,priority+topology_aware+easy_predicted+preempt,fifo+first_fit+none,jain_bsld,10,0.01589710256,-0.02480855262,0.05660275774,7,0,3
sens-s6-ovh-x0.5,priority+topology_aware+easy_predicted+preempt,fifo+first_fit+none,tenant_worst_best_ratio,10,-0.2715352085,-0.6718814649,0.128811048,8,0,2
sens-s6-ovh-x0.5,priority+topology_aware+easy_predicted+preempt,fifo+first_fit+none,slo_attainment,10,0.6268732125,0.4108709784,0.8428754466,10,0,0
sens-s6-ovh-x0.5,priority+topology_aware+easy_predicted+preempt,fifo+first_fit+none,makespan,10,-17662.8091,-27165.77823,-8159.83997,9,1,0
sens-s6-ovh-x0.5,priority+topology_aware+easy_predicted+preempt,fifo+first_fit+none,reservations,10,155.8,122.2132505,189.3867495,0,0,10
sens-s6-ovh-x0.5,priority+topology_aware+easy_predicted+preempt,fifo+first_fit+none,broken_reservations,10,129.4,101.7967385,157.0032615,0,0,10
sens-s6-ovh-x0.5,priority+topology_aware+easy_predicted+preempt,fifo+first_fit+none,tenant_t0_bsld_mean,10,-21.65069397,-34.97854713,-8.322840804,10,0,0
sens-s6-ovh-x0.5,priority+topology_aware+easy_predicted+preempt,fifo+first_fit+none,tenant_t0_bsld_p95,10,-96.56998265,-154.2824445,-38.85752079,10,0,0
sens-s6-ovh-x0.5,priority+topology_aware+easy_predicted+preempt,fifo+first_fit+none,tenant_t1_bsld_mean,10,-18.40544019,-29.04905532,-7.761825067,10,0,0
sens-s6-ovh-x0.5,priority+topology_aware+easy_predicted+preempt,fifo+first_fit+none,tenant_t1_bsld_p95,10,-68.05819533,-101.2478606,-34.86853007,10,0,0
sens-s6-ovh-x0.5,priority+topology_aware+easy_predicted+preempt,fifo+first_fit+none,tenant_t2_bsld_mean,10,-18.75452305,-29.10116809,-8.407878009,10,0,0
sens-s6-ovh-x0.5,priority+topology_aware+easy_predicted+preempt,fifo+first_fit+none,tenant_t2_bsld_p95,10,-73.03973574,-109.9475811,-36.13189037,10,0,0
sens-s6-ovh-x0.5,priority+topology_aware+easy_predicted+preempt,fifo+first_fit+none,tenant_t3_bsld_mean,10,-20.64508464,-32.23483034,-9.055338946,10,0,0
sens-s6-ovh-x0.5,priority+topology_aware+easy_predicted+preempt,fifo+first_fit+none,tenant_t3_bsld_p95,10,-87.37872932,-133.4221834,-41.33527525,10,0,0
sens-s6-ovh-x0.5,priority+topology_aware+easy_predicted+preempt,fifo+first_fit+none,prio_1_wait_p95,10,-7867.952,-15402.7214,-333.1825974,9,0,1
sens-s6-ovh-x0.5,priority+topology_aware+easy_predicted+preempt,fifo+first_fit+none,prio_1_bsld_p95,10,-74.88628411,-111.9963033,-37.77626497,10,0,0
sens-s6-ovh-x0.5,priority+topology_aware+easy_predicted+preempt,fifo+first_fit+none,prio_8_wait_p95,10,-22303.3997,-32385.89117,-12220.90823,10,0,0
sens-s6-ovh-x0.5,priority+topology_aware+easy_predicted+preempt,fifo+first_fit+none,prio_9_wait_p95,10,-18556.1814,-27847.40846,-9264.954339,10,0,0
sens-s6-ovh-x2,fifo+topology_aware+easy_predicted,fifo+first_fit+none,J,10,-1.746699735,-2.417887101,-1.075512368,10,0,0
sens-s6-ovh-x2,fifo+topology_aware+easy_predicted,fifo+first_fit+none,J_slowdown,10,-0.6928558433,-1.029453769,-0.3562579172,10,0,0
sens-s6-ovh-x2,fifo+topology_aware+easy_predicted,fifo+first_fit+none,J_wait,10,-0.5408044158,-0.7651727494,-0.3164360822,10,0,0
sens-s6-ovh-x2,fifo+topology_aware+easy_predicted,fifo+first_fit+none,J_waste,10,-0.01069037527,-0.01465004316,-0.006730707373,10,0,0
sens-s6-ovh-x2,fifo+topology_aware+easy_predicted,fifo+first_fit+none,J_slo,10,-0.4799180092,-0.6595679277,-0.3002680906,10,0,0
sens-s6-ovh-x2,fifo+topology_aware+easy_predicted,fifo+first_fit+none,J_fairness,10,-0.02243109123,-0.04137959224,-0.003482590231,9,0,1
sens-s6-ovh-x2,fifo+topology_aware+easy_predicted,fifo+first_fit+none,wait_mean,10,-11113.83655,-17479.58579,-4748.087309,10,0,0
sens-s6-ovh-x2,fifo+topology_aware+easy_predicted,fifo+first_fit+none,wait_p95,10,-14047.6041,-19875.65844,-8219.54976,10,0,0
sens-s6-ovh-x2,fifo+topology_aware+easy_predicted,fifo+first_fit+none,wait_p99,10,-11120.7485,-17061.58266,-5179.914338,10,0,0
sens-s6-ovh-x2,fifo+topology_aware+easy_predicted,fifo+first_fit+none,jct_mean,10,-11122.93373,-17488.72422,-4757.143238,10,0,0
sens-s6-ovh-x2,fifo+topology_aware+easy_predicted,fifo+first_fit+none,jct_p95,10,-12577.2235,-18141.66798,-7012.779016,10,0,0
sens-s6-ovh-x2,fifo+topology_aware+easy_predicted,fifo+first_fit+none,bsld_mean,10,-19.18207829,-29.53937856,-8.824778021,10,0,0
sens-s6-ovh-x2,fifo+topology_aware+easy_predicted,fifo+first_fit+none,bsld_p95,10,-79.82968755,-118.6119357,-41.04743937,10,0,0
sens-s6-ovh-x2,fifo+topology_aware+easy_predicted,fifo+first_fit+none,bsld_p99,10,-169.1291988,-254.764935,-83.49346267,10,0,0
sens-s6-ovh-x2,fifo+topology_aware+easy_predicted,fifo+first_fit+none,wflow_mean,10,-19.18207829,-29.53937856,-8.824778021,10,0,0
sens-s6-ovh-x2,fifo+topology_aware+easy_predicted,fifo+first_fit+none,wflow_sum_all,10,-44295.40962,-67498.64706,-21092.17218,10,0,0
sens-s6-ovh-x2,fifo+topology_aware+easy_predicted,fifo+first_fit+none,large_wait_mean,10,-7772.749617,-12402.16484,-3143.334394,10,0,0
sens-s6-ovh-x2,fifo+topology_aware+easy_predicted,fifo+first_fit+none,large_wait_p95,10,-10125.2251,-15999.57414,-4250.876059,9,0,1
sens-s6-ovh-x2,fifo+topology_aware+easy_predicted,fifo+first_fit+none,utilization,10,0.04422641997,0.01717703261,0.07127580734,8,0,2
sens-s6-ovh-x2,fifo+topology_aware+easy_predicted,fifo+first_fit+none,frag_blocked_frac,10,-0.485059158,-0.5764486997,-0.3936696164,10,0,0
sens-s6-ovh-x2,fifo+topology_aware+easy_predicted,fifo+first_fit+none,stranded_frac,10,-0.09351160108,-0.114772999,-0.07225020313,10,0,0
sens-s6-ovh-x2,fifo+topology_aware+easy_predicted,fifo+first_fit+none,goodput_ratio,10,0.01069037527,0.006730707373,0.01465004316,10,0,0
sens-s6-ovh-x2,fifo+topology_aware+easy_predicted,fifo+first_fit+none,wasted_gpu_hours,10,-61.26381978,-90.07826918,-32.44937037,10,0,0
sens-s6-ovh-x2,fifo+topology_aware+easy_predicted,fifo+first_fit+none,lost_gpu_hours,10,0,0,0,0,10,0
sens-s6-ovh-x2,fifo+topology_aware+easy_predicted,fifo+first_fit+none,overhead_gpu_hours,10,0,0,0,0,10,0
sens-s6-ovh-x2,fifo+topology_aware+easy_predicted,fifo+first_fit+none,topology_gpu_hours,10,-61.26378542,-90.07823023,-32.44934061,10,0,0
sens-s6-ovh-x2,fifo+topology_aware+easy_predicted,fifo+first_fit+none,slack_gpu_hours,10,-3.435959597e-05,-4.262383338e-05,-2.609535857e-05,10,0,0
sens-s6-ovh-x2,fifo+topology_aware+easy_predicted,fifo+first_fit+none,preemptions,10,0,0,0,0,10,0
sens-s6-ovh-x2,fifo+topology_aware+easy_predicted,fifo+first_fit+none,failure_kills,10,0,0,0,0,10,0
sens-s6-ovh-x2,fifo+topology_aware+easy_predicted,fifo+first_fit+none,node_downtime_gpu_hours,10,0,0,0,0,10,0
sens-s6-ovh-x2,fifo+topology_aware+easy_predicted,fifo+first_fit+none,jain_bsld,10,0.02243109123,0.003482590231,0.04137959224,9,0,1
sens-s6-ovh-x2,fifo+topology_aware+easy_predicted,fifo+first_fit+none,tenant_worst_best_ratio,10,-0.3094309953,-0.5368050177,-0.08205697285,9,0,1
sens-s6-ovh-x2,fifo+topology_aware+easy_predicted,fifo+first_fit+none,slo_attainment,10,0.4799180092,0.3002680906,0.6595679277,10,0,0
sens-s6-ovh-x2,fifo+topology_aware+easy_predicted,fifo+first_fit+none,makespan,10,-18304.1828,-28471.26186,-8137.103743,9,1,0
sens-s6-ovh-x2,fifo+topology_aware+easy_predicted,fifo+first_fit+none,reservations,10,194.8,166.7764264,222.8235736,0,0,10
sens-s6-ovh-x2,fifo+topology_aware+easy_predicted,fifo+first_fit+none,broken_reservations,10,167,143.327078,190.672922,0,0,10
sens-s6-ovh-x2,fifo+topology_aware+easy_predicted,fifo+first_fit+none,tenant_t0_bsld_mean,10,-20.78991262,-33.27865752,-8.301167718,10,0,0
sens-s6-ovh-x2,fifo+topology_aware+easy_predicted,fifo+first_fit+none,tenant_t0_bsld_p95,10,-90.39135957,-143.9169231,-36.865796,10,0,0
sens-s6-ovh-x2,fifo+topology_aware+easy_predicted,fifo+first_fit+none,tenant_t1_bsld_mean,10,-17.82317706,-27.67639483,-7.969959297,10,0,0
sens-s6-ovh-x2,fifo+topology_aware+easy_predicted,fifo+first_fit+none,tenant_t1_bsld_p95,10,-64.82744187,-96.34709714,-33.30778661,10,0,0
sens-s6-ovh-x2,fifo+topology_aware+easy_predicted,fifo+first_fit+none,tenant_t2_bsld_mean,10,-18.06651247,-28.03216144,-8.1008635,10,0,0
sens-s6-ovh-x2,fifo+topology_aware+easy_predicted,fifo+first_fit+none,tenant_t2_bsld_p95,10,-70.6100341,-106.3384148,-34.88165341,10,0,0
sens-s6-ovh-x2,fifo+topology_aware+easy_predicted,fifo+first_fit+none,tenant_t3_bsld_mean,10,-19.7811813,-30.5235636,-9.038799012,10,0,0
sens-s6-ovh-x2,fifo+topology_aware+easy_predicted,fifo+first_fit+none,tenant_t3_bsld_p95,10,-83.48877905,-129.5510766,-37.42648147,10,0,0
sens-s6-ovh-x2,fifo+topology_aware+easy_predicted,fifo+first_fit+none,prio_1_wait_p95,10,-15414.8231,-21629.79885,-9199.84735,10,0,0
sens-s6-ovh-x2,fifo+topology_aware+easy_predicted,fifo+first_fit+none,prio_1_bsld_p95,10,-78.80502187,-117.4357581,-40.17428562,10,0,0
sens-s6-ovh-x2,fifo+topology_aware+easy_predicted,fifo+first_fit+none,prio_8_wait_p95,10,-13596.2243,-20018.91432,-7173.534277,10,0,0
sens-s6-ovh-x2,fifo+topology_aware+easy_predicted,fifo+first_fit+none,prio_9_wait_p95,10,-10448.086,-16475.97727,-4420.194731,10,0,0
sens-s6-ovh-x2,priority+topology_aware+easy_predicted,fifo+first_fit+none,J,10,-1.796083726,-2.459124432,-1.13304302,10,0,0
sens-s6-ovh-x2,priority+topology_aware+easy_predicted,fifo+first_fit+none,J_slowdown,10,-0.6982096398,-1.033866083,-0.3625531965,10,0,0
sens-s6-ovh-x2,priority+topology_aware+easy_predicted,fifo+first_fit+none,J_wait,10,-0.5240066835,-0.7385170674,-0.3094962996,10,0,0
sens-s6-ovh-x2,priority+topology_aware+easy_predicted,fifo+first_fit+none,J_waste,10,-0.01324776789,-0.01561230491,-0.01088323086,10,0,0
sens-s6-ovh-x2,priority+topology_aware+easy_predicted,fifo+first_fit+none,J_slo,10,-0.5289563757,-0.7145297664,-0.343382985,10,0,0
sens-s6-ovh-x2,priority+topology_aware+easy_predicted,fifo+first_fit+none,J_fairness,10,-0.03166325929,-0.05997872661,-0.003347791979,9,0,1
sens-s6-ovh-x2,priority+topology_aware+easy_predicted,fifo+first_fit+none,wait_mean,10,-11237.34653,-17788.07597,-4686.617088,10,0,0
sens-s6-ovh-x2,priority+topology_aware+easy_predicted,fifo+first_fit+none,wait_p95,10,-13611.2765,-19183.26678,-8039.28622,10,0,0
sens-s6-ovh-x2,priority+topology_aware+easy_predicted,fifo+first_fit+none,wait_p99,10,-8838.5516,-13874.7149,-3802.388298,10,0,0
sens-s6-ovh-x2,priority+topology_aware+easy_predicted,fifo+first_fit+none,jct_mean,10,-11248.09572,-17800.63312,-4695.558329,10,0,0
sens-s6-ovh-x2,priority+topology_aware+easy_predicted,fifo+first_fit+none,jct_p95,10,-11833.3714,-17129.50464,-6537.238157,10,0,0
sens-s6-ovh-x2,priority+topology_aware+easy_predicted,fifo+first_fit+none,bsld_mean,10,-19.42093232,-30.05732698,-8.784537662,10,0,0
sens-s6-ovh-x2,priority+topology_aware+easy_predicted,fifo+first_fit+none,bsld_p95,10,-80.446543,-119.1203151,-41.77277089,10,0,0
sens-s6-ovh-x2,priority+topology_aware+easy_predicted,fifo+first_fit+none,bsld_p99,10,-169.0003329,-255.9762972,-82.02436871,10,0,0
sens-s6-ovh-x2,priority+topology_aware+easy_predicted,fifo+first_fit+none,wflow_mean,10,-19.42093232,-30.05732698,-8.784537662,10,0,0
sens-s6-ovh-x2,priority+topology_aware+easy_predicted,fifo+first_fit+none,wflow_sum_all,10,-44823.56729,-68580.06037,-21067.0742,10,0,0
sens-s6-ovh-x2,priority+topology_aware+easy_predicted,fifo+first_fit+none,large_wait_mean,10,-7554.878766,-12216.43371,-2893.323822,10,0,0
sens-s6-ovh-x2,priority+topology_aware+easy_predicted,fifo+first_fit+none,large_wait_p95,10,-7864.2892,-12840.05974,-2888.518663,10,0,0
sens-s6-ovh-x2,priority+topology_aware+easy_predicted,fifo+first_fit+none,utilization,10,0.04428014397,0.01688904832,0.07167123963,9,0,1
sens-s6-ovh-x2,priority+topology_aware+easy_predicted,fifo+first_fit+none,frag_blocked_frac,10,-0.4654327721,-0.556844976,-0.3740205682,10,0,0
sens-s6-ovh-x2,priority+topology_aware+easy_predicted,fifo+first_fit+none,stranded_frac,10,-0.08067504511,-0.09718997941,-0.0641601108,10,0,0
sens-s6-ovh-x2,priority+topology_aware+easy_predicted,fifo+first_fit+none,goodput_ratio,10,0.01324776789,0.01088323086,0.01561230491,10,0,0
sens-s6-ovh-x2,priority+topology_aware+easy_predicted,fifo+first_fit+none,wasted_gpu_hours,10,-79.68284378,-106.5845254,-52.78116217,10,0,0
sens-s6-ovh-x2,priority+topology_aware+easy_predicted,fifo+first_fit+none,lost_gpu_hours,10,0,0,0,0,10,0
sens-s6-ovh-x2,priority+topology_aware+easy_predicted,fifo+first_fit+none,overhead_gpu_hours,10,0,0,0,0,10,0
sens-s6-ovh-x2,priority+topology_aware+easy_predicted,fifo+first_fit+none,topology_gpu_hours,10,-79.68280627,-106.5844863,-52.78112619,10,0,0
sens-s6-ovh-x2,priority+topology_aware+easy_predicted,fifo+first_fit+none,slack_gpu_hours,10,-3.750707072e-05,-4.414731626e-05,-3.086682519e-05,10,0,0
sens-s6-ovh-x2,priority+topology_aware+easy_predicted,fifo+first_fit+none,preemptions,10,0,0,0,0,10,0
sens-s6-ovh-x2,priority+topology_aware+easy_predicted,fifo+first_fit+none,failure_kills,10,0,0,0,0,10,0
sens-s6-ovh-x2,priority+topology_aware+easy_predicted,fifo+first_fit+none,node_downtime_gpu_hours,10,0,0,0,0,10,0
sens-s6-ovh-x2,priority+topology_aware+easy_predicted,fifo+first_fit+none,jain_bsld,10,0.03166325929,0.003347791979,0.05997872661,9,0,1
sens-s6-ovh-x2,priority+topology_aware+easy_predicted,fifo+first_fit+none,tenant_worst_best_ratio,10,-0.4163744524,-0.7351370347,-0.09761187015,9,0,1
sens-s6-ovh-x2,priority+topology_aware+easy_predicted,fifo+first_fit+none,slo_attainment,10,0.5289563757,0.343382985,0.7145297664,10,0,0
sens-s6-ovh-x2,priority+topology_aware+easy_predicted,fifo+first_fit+none,makespan,10,-18341.1082,-29721.36094,-6960.855461,9,1,0
sens-s6-ovh-x2,priority+topology_aware+easy_predicted,fifo+first_fit+none,reservations,10,208.4,177.7123838,239.0876162,0,0,10
sens-s6-ovh-x2,priority+topology_aware+easy_predicted,fifo+first_fit+none,broken_reservations,10,179,150.2430083,207.7569917,0,0,10
sens-s6-ovh-x2,priority+topology_aware+easy_predicted,fifo+first_fit+none,tenant_t0_bsld_mean,10,-21.17749128,-34.20664444,-8.148338116,10,0,0
sens-s6-ovh-x2,priority+topology_aware+easy_predicted,fifo+first_fit+none,tenant_t0_bsld_p95,10,-93.12193843,-149.2322649,-37.01161193,10,0,0
sens-s6-ovh-x2,priority+topology_aware+easy_predicted,fifo+first_fit+none,tenant_t1_bsld_mean,10,-17.8317437,-27.77453826,-7.888949139,10,0,0
sens-s6-ovh-x2,priority+topology_aware+easy_predicted,fifo+first_fit+none,tenant_t1_bsld_p95,10,-64.85331628,-95.50711432,-34.19951824,10,0,0
sens-s6-ovh-x2,priority+topology_aware+easy_predicted,fifo+first_fit+none,tenant_t2_bsld_mean,10,-18.29468418,-28.37096878,-8.218399576,10,0,0
sens-s6-ovh-x2,priority+topology_aware+easy_predicted,fifo+first_fit+none,tenant_t2_bsld_p95,10,-71.14346298,-106.9854505,-35.30147548,10,0,0
sens-s6-ovh-x2,priority+topology_aware+easy_predicted,fifo+first_fit+none,tenant_t3_bsld_mean,10,-20.16827609,-31.16171684,-9.174835331,10,0,0
sens-s6-ovh-x2,priority+topology_aware+easy_predicted,fifo+first_fit+none,tenant_t3_bsld_p95,10,-83.51976839,-128.8193749,-38.22016189,10,0,0
sens-s6-ovh-x2,priority+topology_aware+easy_predicted,fifo+first_fit+none,prio_1_wait_p95,10,-11207.2763,-16596.02627,-5818.526331,10,0,0
sens-s6-ovh-x2,priority+topology_aware+easy_predicted,fifo+first_fit+none,prio_1_bsld_p95,10,-76.13289868,-114.3583888,-37.90740856,10,0,0
sens-s6-ovh-x2,priority+topology_aware+easy_predicted,fifo+first_fit+none,prio_8_wait_p95,10,-16846.9162,-23466.92737,-10226.90503,10,0,0
sens-s6-ovh-x2,priority+topology_aware+easy_predicted,fifo+first_fit+none,prio_9_wait_p95,10,-13901.1541,-20594.74148,-7207.566717,10,0,0
sens-s6-ovh-x2,priority+topology_aware+easy_predicted+preempt,fifo+first_fit+none,J,10,-1.811917193,-2.451026376,-1.172808011,10,0,0
sens-s6-ovh-x2,priority+topology_aware+easy_predicted+preempt,fifo+first_fit+none,J_slowdown,10,-0.713628966,-1.052712104,-0.3745458277,10,0,0
sens-s6-ovh-x2,priority+topology_aware+easy_predicted+preempt,fifo+first_fit+none,J_wait,10,-0.4675385243,-0.8354811532,-0.09959589542,9,0,1
sens-s6-ovh-x2,priority+topology_aware+easy_predicted+preempt,fifo+first_fit+none,J_waste,10,0.007788583112,0.003235175483,0.01234199074,2,0,8
sens-s6-ovh-x2,priority+topology_aware+easy_predicted+preempt,fifo+first_fit+none,J_slo,10,-0.6259780165,-0.8431857679,-0.4087702651,10,0,0
sens-s6-ovh-x2,priority+topology_aware+easy_predicted+preempt,fifo+first_fit+none,J_fairness,10,-0.01256026964,-0.05502452696,0.02990398768,6,0,4
sens-s6-ovh-x2,priority+topology_aware+easy_predicted+preempt,fifo+first_fit+none,wait_mean,10,-11387.41945,-17960.65135,-4814.187552,10,0,0
sens-s6-ovh-x2,priority+topology_aware+easy_predicted+preempt,fifo+first_fit+none,wait_p95,10,-12144.4942,-21701.94645,-2587.041947,9,0,1
sens-s6-ovh-x2,priority+topology_aware+easy_predicted+preempt,fifo+first_fit+none,wait_p99,10,2509.1851,-9666.750729,14685.12093,6,0,4
sens-s6-ovh-x2,priority+topology_aware+easy_predicted+preempt,fifo+first_fit+none,jct_mean,10,-11152.01874,-17625.04509,-4678.992394,10,0,0
sens-s6-ovh-x2,priority+topology_aware+easy_predicted+preempt,fifo+first_fit+none,jct_p95,10,-7302.4566,-14964.76695,359.8537459,9,0,1
sens-s6-ovh-x2,priority+topology_aware+easy_predicted+preempt,fifo+first_fit+none,bsld_mean,10,-19.63149994,-30.51520922,-8.747790673,10,0,0
sens-s6-ovh-x2,priority+topology_aware+easy_predicted+preempt,fifo+first_fit+none,bsld_p95,10,-82.22313189,-121.2917221,-43.15454173,10,0,0
sens-s6-ovh-x2,priority+topology_aware+easy_predicted+preempt,fifo+first_fit+none,bsld_p99,10,-166.645325,-252.1573984,-81.13325154,10,0,0
sens-s6-ovh-x2,priority+topology_aware+easy_predicted+preempt,fifo+first_fit+none,wflow_mean,10,-19.63149994,-30.51520922,-8.747790673,10,0,0
sens-s6-ovh-x2,priority+topology_aware+easy_predicted+preempt,fifo+first_fit+none,wflow_sum_all,10,-45293.26284,-69457.67835,-21128.84734,10,0,0
sens-s6-ovh-x2,priority+topology_aware+easy_predicted+preempt,fifo+first_fit+none,large_wait_mean,10,-6955.261441,-10524.94646,-3385.576421,10,0,0
sens-s6-ovh-x2,priority+topology_aware+easy_predicted+preempt,fifo+first_fit+none,large_wait_p95,10,3156.9537,-9134.339604,15448.247,6,0,4
sens-s6-ovh-x2,priority+topology_aware+easy_predicted+preempt,fifo+first_fit+none,utilization,10,0.05234738913,0.03184513071,0.07284964755,10,0,0
sens-s6-ovh-x2,priority+topology_aware+easy_predicted+preempt,fifo+first_fit+none,frag_blocked_frac,10,-0.4189178119,-0.4948048171,-0.3430308068,10,0,0
sens-s6-ovh-x2,priority+topology_aware+easy_predicted+preempt,fifo+first_fit+none,stranded_frac,10,-0.06339376439,-0.08072237253,-0.04606515625,10,0,0
sens-s6-ovh-x2,priority+topology_aware+easy_predicted+preempt,fifo+first_fit+none,goodput_ratio,10,-0.007788583112,-0.01234199074,-0.003235175483,2,0,8
sens-s6-ovh-x2,priority+topology_aware+easy_predicted+preempt,fifo+first_fit+none,wasted_gpu_hours,10,49.81452394,18.49541289,81.133635,2,0,8
sens-s6-ovh-x2,priority+topology_aware+easy_predicted+preempt,fifo+first_fit+none,lost_gpu_hours,10,30.92220785,16.46577533,45.37864037,0,0,10
sens-s6-ovh-x2,priority+topology_aware+easy_predicted+preempt,fifo+first_fit+none,overhead_gpu_hours,10,76.82054981,53.54578516,100.0953145,0,0,10
sens-s6-ovh-x2,priority+topology_aware+easy_predicted+preempt,fifo+first_fit+none,topology_gpu_hours,10,-57.92820176,-79.08461885,-36.77178468,10,0,0
sens-s6-ovh-x2,priority+topology_aware+easy_predicted+preempt,fifo+first_fit+none,slack_gpu_hours,10,-3.195151517e-05,-4.261745683e-05,-2.128557351e-05,10,0,0
sens-s6-ovh-x2,priority+topology_aware+easy_predicted+preempt,fifo+first_fit+none,preemptions,10,318.2,229.9482908,406.4517092,0,0,10
sens-s6-ovh-x2,priority+topology_aware+easy_predicted+preempt,fifo+first_fit+none,failure_kills,10,0,0,0,0,10,0
sens-s6-ovh-x2,priority+topology_aware+easy_predicted+preempt,fifo+first_fit+none,node_downtime_gpu_hours,10,0,0,0,0,10,0
sens-s6-ovh-x2,priority+topology_aware+easy_predicted+preempt,fifo+first_fit+none,jain_bsld,10,0.01256026964,-0.02990398768,0.05502452696,6,0,4
sens-s6-ovh-x2,priority+topology_aware+easy_predicted+preempt,fifo+first_fit+none,tenant_worst_best_ratio,10,-0.2080358973,-0.6153214213,0.1992496267,7,0,3
sens-s6-ovh-x2,priority+topology_aware+easy_predicted+preempt,fifo+first_fit+none,slo_attainment,10,0.6259780165,0.4087702651,0.8431857679,10,0,0
sens-s6-ovh-x2,priority+topology_aware+easy_predicted+preempt,fifo+first_fit+none,makespan,10,-16987.5986,-26545.28275,-7429.914448,9,1,0
sens-s6-ovh-x2,priority+topology_aware+easy_predicted+preempt,fifo+first_fit+none,reservations,10,142.2,114.7587085,169.6412915,0,0,10
sens-s6-ovh-x2,priority+topology_aware+easy_predicted+preempt,fifo+first_fit+none,broken_reservations,10,119.4,96.4138907,142.3861093,0,0,10
sens-s6-ovh-x2,priority+topology_aware+easy_predicted+preempt,fifo+first_fit+none,tenant_t0_bsld_mean,10,-21.37884608,-34.4636924,-8.29399977,10,0,0
sens-s6-ovh-x2,priority+topology_aware+easy_predicted+preempt,fifo+first_fit+none,tenant_t0_bsld_p95,10,-95.22028228,-151.6130627,-38.82750182,10,0,0
sens-s6-ovh-x2,priority+topology_aware+easy_predicted+preempt,fifo+first_fit+none,tenant_t1_bsld_mean,10,-18.13949887,-28.58944273,-7.689555022,10,0,0
sens-s6-ovh-x2,priority+topology_aware+easy_predicted+preempt,fifo+first_fit+none,tenant_t1_bsld_p95,10,-66.69912927,-98.75021871,-34.64803982,10,0,0
sens-s6-ovh-x2,priority+topology_aware+easy_predicted+preempt,fifo+first_fit+none,tenant_t2_bsld_mean,10,-18.48452905,-28.69046754,-8.278590564,10,0,0
sens-s6-ovh-x2,priority+topology_aware+easy_predicted+preempt,fifo+first_fit+none,tenant_t2_bsld_p95,10,-71.42427947,-107.4585358,-35.39002312,10,0,0
sens-s6-ovh-x2,priority+topology_aware+easy_predicted+preempt,fifo+first_fit+none,tenant_t3_bsld_mean,10,-20.16514056,-31.36897373,-8.961307395,10,0,0
sens-s6-ovh-x2,priority+topology_aware+easy_predicted+preempt,fifo+first_fit+none,tenant_t3_bsld_p95,10,-83.41459645,-129.1533958,-37.67579715,10,0,0
sens-s6-ovh-x2,priority+topology_aware+easy_predicted+preempt,fifo+first_fit+none,prio_1_wait_p95,10,-3602.7434,-15212.65338,8007.16658,8,0,2
sens-s6-ovh-x2,priority+topology_aware+easy_predicted+preempt,fifo+first_fit+none,prio_1_bsld_p95,10,-71.0990899,-105.8506885,-36.34749126,10,0,0
sens-s6-ovh-x2,priority+topology_aware+easy_predicted+preempt,fifo+first_fit+none,prio_8_wait_p95,10,-22347.7281,-32496.6246,-12198.8316,10,0,0
sens-s6-ovh-x2,priority+topology_aware+easy_predicted+preempt,fifo+first_fit+none,prio_9_wait_p95,10,-18501.5775,-28196.05443,-8807.100566,10,0,0
sens-s6-topo-x0.5,fifo+topology_aware+easy_predicted,fifo+first_fit+none,J,10,-1.571849058,-2.155683558,-0.9880145569,10,0,0
sens-s6-topo-x0.5,fifo+topology_aware+easy_predicted,fifo+first_fit+none,J_slowdown,10,-0.5803467599,-0.8787913671,-0.2819021527,10,0,0
sens-s6-topo-x0.5,fifo+topology_aware+easy_predicted,fifo+first_fit+none,J_wait,10,-0.4897135354,-0.6681098841,-0.3113171868,10,0,0
sens-s6-topo-x0.5,fifo+topology_aware+easy_predicted,fifo+first_fit+none,J_waste,10,-0.007090136234,-0.008408323212,-0.005771949256,10,0,0
sens-s6-topo-x0.5,fifo+topology_aware+easy_predicted,fifo+first_fit+none,J_slo,10,-0.4709197745,-0.6495237718,-0.2923157772,10,0,0
sens-s6-topo-x0.5,fifo+topology_aware+easy_predicted,fifo+first_fit+none,J_fairness,10,-0.02377885147,-0.04718714747,-0.0003705554615,8,0,2
sens-s6-topo-x0.5,fifo+topology_aware+easy_predicted,fifo+first_fit+none,wait_mean,10,-9502.052553,-15488.86486,-3515.240241,10,0,0
sens-s6-topo-x0.5,fifo+topology_aware+easy_predicted,fifo+first_fit+none,wait_p95,10,-12720.4987,-17354.41293,-8086.584469,10,0,0
sens-s6-topo-x0.5,fifo+topology_aware+easy_predicted,fifo+first_fit+none,wait_p99,10,-8714.5702,-12334.14375,-5094.996655,10,0,0
sens-s6-topo-x0.5,fifo+topology_aware+easy_predicted,fifo+first_fit+none,jct_mean,10,-9507.140445,-15494.2329,-3520.047989,10,0,0
sens-s6-topo-x0.5,fifo+topology_aware+easy_predicted,fifo+first_fit+none,jct_p95,10,-10648.632,-15514.78799,-5782.476009,10,0,0
sens-s6-topo-x0.5,fifo+topology_aware+easy_predicted,fifo+first_fit+none,bsld_mean,10,-16.27255722,-25.7789826,-6.766131829,10,0,0
sens-s6-topo-x0.5,fifo+topology_aware+easy_predicted,fifo+first_fit+none,bsld_p95,10,-66.86657977,-101.2528666,-32.48029297,10,0,0
sens-s6-topo-x0.5,fifo+topology_aware+easy_predicted,fifo+first_fit+none,bsld_p99,10,-142.5955785,-217.644124,-67.54703302,10,0,0
sens-s6-topo-x0.5,fifo+topology_aware+easy_predicted,fifo+first_fit+none,wflow_mean,10,-16.27255722,-25.7789826,-6.766131829,10,0,0
sens-s6-topo-x0.5,fifo+topology_aware+easy_predicted,fifo+first_fit+none,wflow_sum_all,10,-37183.22773,-58299.75241,-16066.70305,10,0,0
sens-s6-topo-x0.5,fifo+topology_aware+easy_predicted,fifo+first_fit+none,large_wait_mean,10,-6751.912521,-11145.01109,-2358.813954,10,0,0
sens-s6-topo-x0.5,fifo+topology_aware+easy_predicted,fifo+first_fit+none,large_wait_p95,10,-7809.243,-11342.62918,-4275.85682,10,0,0
sens-s6-topo-x0.5,fifo+topology_aware+easy_predicted,fifo+first_fit+none,utilization,10,0.04024795251,0.01577530191,0.0647206031,9,0,1
sens-s6-topo-x0.5,fifo+topology_aware+easy_predicted,fifo+first_fit+none,frag_blocked_frac,10,-0.4781880117,-0.5574461377,-0.3989298856,10,0,0
sens-s6-topo-x0.5,fifo+topology_aware+easy_predicted,fifo+first_fit+none,stranded_frac,10,-0.08854656986,-0.1026650355,-0.07442810421,10,0,0
sens-s6-topo-x0.5,fifo+topology_aware+easy_predicted,fifo+first_fit+none,goodput_ratio,10,0.007090136234,0.005771949256,0.008408323212,10,0,0
sens-s6-topo-x0.5,fifo+topology_aware+easy_predicted,fifo+first_fit+none,wasted_gpu_hours,10,-39.10849111,-49.80836423,-28.40861799,10,0,0
sens-s6-topo-x0.5,fifo+topology_aware+easy_predicted,fifo+first_fit+none,lost_gpu_hours,10,0,0,0,0,10,0
sens-s6-topo-x0.5,fifo+topology_aware+easy_predicted,fifo+first_fit+none,overhead_gpu_hours,10,0,0,0,0,10,0
sens-s6-topo-x0.5,fifo+topology_aware+easy_predicted,fifo+first_fit+none,topology_gpu_hours,10,-39.10844436,-49.80831486,-28.40857385,10,0,0
sens-s6-topo-x0.5,fifo+topology_aware+easy_predicted,fifo+first_fit+none,slack_gpu_hours,10,-4.675485006e-05,-5.903551663e-05,-3.44741835e-05,10,0,0
sens-s6-topo-x0.5,fifo+topology_aware+easy_predicted,fifo+first_fit+none,preemptions,10,0,0,0,0,10,0
sens-s6-topo-x0.5,fifo+topology_aware+easy_predicted,fifo+first_fit+none,failure_kills,10,0,0,0,0,10,0
sens-s6-topo-x0.5,fifo+topology_aware+easy_predicted,fifo+first_fit+none,node_downtime_gpu_hours,10,0,0,0,0,10,0
sens-s6-topo-x0.5,fifo+topology_aware+easy_predicted,fifo+first_fit+none,jain_bsld,10,0.02377885147,0.0003705554615,0.04718714747,8,0,2
sens-s6-topo-x0.5,fifo+topology_aware+easy_predicted,fifo+first_fit+none,tenant_worst_best_ratio,10,-0.3072764737,-0.5616177889,-0.05293515856,8,0,2
sens-s6-topo-x0.5,fifo+topology_aware+easy_predicted,fifo+first_fit+none,slo_attainment,10,0.4709197745,0.2923157772,0.6495237718,10,0,0
sens-s6-topo-x0.5,fifo+topology_aware+easy_predicted,fifo+first_fit+none,makespan,10,-15585.287,-25261.2765,-5909.297503,9,1,0
sens-s6-topo-x0.5,fifo+topology_aware+easy_predicted,fifo+first_fit+none,reservations,10,192.2,165.2711433,219.1288567,0,0,10
sens-s6-topo-x0.5,fifo+topology_aware+easy_predicted,fifo+first_fit+none,broken_reservations,10,165.1,139.1701349,191.0298651,0,0,10
sens-s6-topo-x0.5,fifo+topology_aware+easy_predicted,fifo+first_fit+none,tenant_t0_bsld_mean,10,-17.64629257,-29.23184083,-6.060744314,10,0,0
sens-s6-topo-x0.5,fifo+topology_aware+easy_predicted,fifo+first_fit+none,tenant_t0_bsld_p95,10,-76.22027126,-124.5061314,-27.93441109,10,0,0
sens-s6-topo-x0.5,fifo+topology_aware+easy_predicted,fifo+first_fit+none,tenant_t1_bsld_mean,10,-15.36021706,-24.7871457,-5.933288418,10,0,0
sens-s6-topo-x0.5,fifo+topology_aware+easy_predicted,fifo+first_fit+none,tenant_t1_bsld_p95,10,-56.24008,-87.19099708,-25.28916292,10,0,0
sens-s6-topo-x0.5,fifo+topology_aware+easy_predicted,fifo+first_fit+none,tenant_t2_bsld_mean,10,-15.04448183,-22.90847414,-7.180489524,10,0,0
sens-s6-topo-x0.5,fifo+topology_aware+easy_predicted,fifo+first_fit+none,tenant_t2_bsld_p95,10,-59.96228437,-88.88853328,-31.03603547,10,0,0
sens-s6-topo-x0.5,fifo+topology_aware+easy_predicted,fifo+first_fit+none,tenant_t3_bsld_mean,10,-16.50686952,-25.578089,-7.435650028,10,0,0
sens-s6-topo-x0.5,fifo+topology_aware+easy_predicted,fifo+first_fit+none,tenant_t3_bsld_p95,10,-66.10516541,-95.31484082,-36.89548999,10,0,0
sens-s6-topo-x0.5,fifo+topology_aware+easy_predicted,fifo+first_fit+none,prio_1_wait_p95,10,-13188.7181,-18045.0395,-8332.396696,10,0,0
sens-s6-topo-x0.5,fifo+topology_aware+easy_predicted,fifo+first_fit+none,prio_1_bsld_p95,10,-66.71215177,-101.0316041,-32.39269943,10,0,0
sens-s6-topo-x0.5,fifo+topology_aware+easy_predicted,fifo+first_fit+none,prio_8_wait_p95,10,-12121.7239,-17145.5207,-7097.927103,10,0,0
sens-s6-topo-x0.5,fifo+topology_aware+easy_predicted,fifo+first_fit+none,prio_9_wait_p95,10,-9270.2523,-14261.38711,-4279.117494,10,0,0
sens-s6-topo-x0.5,priority+topology_aware+easy_predicted,fifo+first_fit+none,J,10,-1.600112009,-2.162275821,-1.037948197,10,0,0
sens-s6-topo-x0.5,priority+topology_aware+easy_predicted,fifo+first_fit+none,J_slowdown,10,-0.5818928547,-0.8706526175,-0.293133092,10,0,0
sens-s6-topo-x0.5,priority+topology_aware+easy_predicted,fifo+first_fit+none,J_wait,10,-0.4631187442,-0.6221822467,-0.3040552417,10,0,0
sens-s6-topo-x0.5,priority+topology_aware+easy_predicted,fifo+first_fit+none,J_waste,10,-0.006803200052,-0.008714185054,-0.004892215049,10,0,0
sens-s6-topo-x0.5,priority+topology_aware+easy_predicted,fifo+first_fit+none,J_slo,10,-0.5164538037,-0.696970004,-0.3359376033,10,0,0
sens-s6-topo-x0.5,priority+topology_aware+easy_predicted,fifo+first_fit+none,J_fairness,10,-0.03184340656,-0.05820850066,-0.00547831246,9,0,1
sens-s6-topo-x0.5,priority+topology_aware+easy_predicted,fifo+first_fit+none,wait_mean,10,-9508.886763,-15377.38509,-3640.388436,10,0,0
sens-s6-topo-x0.5,priority+topology_aware+easy_predicted,fifo+first_fit+none,wait_p95,10,-12029.6887,-16161.42477,-7897.952634,10,0,0
sens-s6-topo-x0.5,priority+topology_aware+easy_predicted,fifo+first_fit+none,wait_p99,10,-7463.7241,-10746.34659,-4181.101615,10,0,0
sens-s6-topo-x0.5,priority+topology_aware+easy_predicted,fifo+first_fit+none,jct_mean,10,-9513.531909,-15382.73042,-3644.333394,10,0,0
sens-s6-topo-x0.5,priority+topology_aware+easy_predicted,fifo+first_fit+none,jct_p95,10,-9957.3451,-14452.71356,-5461.976638,10,0,0
sens-s6-topo-x0.5,priority+topology_aware+easy_predicted,fifo+first_fit+none,bsld_mean,10,-16.34290939,-25.7348759,-6.950942882,10,0,0
sens-s6-topo-x0.5,priority+topology_aware+easy_predicted,fifo+first_fit+none,bsld_p95,10,-67.04471822,-100.3151335,-33.77430294,10,0,0
sens-s6-topo-x0.5,priority+topology_aware+easy_predicted,fifo+first_fit+none,bsld_p99,10,-142.1735393,-217.0817579,-67.26532067,10,0,0
sens-s6-topo-x0.5,priority+topology_aware+easy_predicted,fifo+first_fit+none,wflow_mean,10,-16.34290939,-25.7348759,-6.950942882,10,0,0
sens-s6-topo-x0.5,priority+topology_aware+easy_predicted,fifo+first_fit+none,wflow_sum_all,10,-37342.40181,-58272.87051,-16411.9331,10,0,0
sens-s6-topo-x0.5,priority+topology_aware+easy_predicted,fifo+first_fit+none,large_wait_mean,10,-6656.72111,-10904.91014,-2408.532077,10,0,0
sens-s6-topo-x0.5,priority+topology_aware+easy_predicted,fifo+first_fit+none,large_wait_p95,10,-6653.9217,-9759.357114,-3548.486286,10,0,0
sens-s6-topo-x0.5,priority+topology_aware+easy_predicted,fifo+first_fit+none,utilization,10,0.04173099178,0.01691093661,0.06655104694,9,0,1
sens-s6-topo-x0.5,priority+topology_aware+easy_predicted,fifo+first_fit+none,frag_blocked_frac,10,-0.4593091641,-0.5581657689,-0.3604525593,10,0,0
sens-s6-topo-x0.5,priority+topology_aware+easy_predicted,fifo+first_fit+none,stranded_frac,10,-0.08650591256,-0.1046106469,-0.06840117817,10,0,0
sens-s6-topo-x0.5,priority+topology_aware+easy_predicted,fifo+first_fit+none,goodput_ratio,10,0.006803200052,0.004892215049,0.008714185054,10,0,0
sens-s6-topo-x0.5,priority+topology_aware+easy_predicted,fifo+first_fit+none,wasted_gpu_hours,10,-37.02546489,-47.84620391,-26.20472587,10,0,0
sens-s6-topo-x0.5,priority+topology_aware+easy_predicted,fifo+first_fit+none,lost_gpu_hours,10,0,0,0,0,10,0
sens-s6-topo-x0.5,priority+topology_aware+easy_predicted,fifo+first_fit+none,overhead_gpu_hours,10,0,0,0,0,10,0
sens-s6-topo-x0.5,priority+topology_aware+easy_predicted,fifo+first_fit+none,topology_gpu_hours,10,-37.02542238,-47.84616108,-26.20468368,10,0,0
sens-s6-topo-x0.5,priority+topology_aware+easy_predicted,fifo+first_fit+none,slack_gpu_hours,10,-4.251146383e-05,-5.874956479e-05,-2.627336286e-05,10,0,0
sens-s6-topo-x0.5,priority+topology_aware+easy_predicted,fifo+first_fit+none,preemptions,10,0,0,0,0,10,0
sens-s6-topo-x0.5,priority+topology_aware+easy_predicted,fifo+first_fit+none,failure_kills,10,0,0,0,0,10,0
sens-s6-topo-x0.5,priority+topology_aware+easy_predicted,fifo+first_fit+none,node_downtime_gpu_hours,10,0,0,0,0,10,0
sens-s6-topo-x0.5,priority+topology_aware+easy_predicted,fifo+first_fit+none,jain_bsld,10,0.03184340656,0.00547831246,0.05820850066,9,0,1
sens-s6-topo-x0.5,priority+topology_aware+easy_predicted,fifo+first_fit+none,tenant_worst_best_ratio,10,-0.4180151582,-0.6844029309,-0.1516273856,9,0,1
sens-s6-topo-x0.5,priority+topology_aware+easy_predicted,fifo+first_fit+none,slo_attainment,10,0.5164538037,0.3359376033,0.696970004,10,0,0
sens-s6-topo-x0.5,priority+topology_aware+easy_predicted,fifo+first_fit+none,makespan,10,-14815.5683,-24852.18082,-4778.955779,9,1,0
sens-s6-topo-x0.5,priority+topology_aware+easy_predicted,fifo+first_fit+none,reservations,10,204.7,174.7155356,234.6844644,0,0,10
sens-s6-topo-x0.5,priority+topology_aware+easy_predicted,fifo+first_fit+none,broken_reservations,10,178.5,152.1939446,204.8060554,0,0,10
sens-s6-topo-x0.5,priority+topology_aware+easy_predicted,fifo+first_fit+none,tenant_t0_bsld_mean,10,-17.79678898,-29.34204458,-6.251533374,10,0,0
sens-s6-topo-x0.5,priority+topology_aware+easy_predicted,fifo+first_fit+none,tenant_t0_bsld_p95,10,-76.95996199,-123.8061745,-30.11374945,10,0,0
sens-s6-topo-x0.5,priority+topology_aware+easy_predicted,fifo+first_fit+none,tenant_t1_bsld_mean,10,-15.39562531,-24.71933495,-6.071915676,10,0,0
sens-s6-topo-x0.5,priority+topology_aware+easy_predicted,fifo+first_fit+none,tenant_t1_bsld_p95,10,-56.15240183,-85.93843122,-26.36637245,10,0,0
sens-s6-topo-x0.5,priority+topology_aware+easy_predicted,fifo+first_fit+none,tenant_t2_bsld_mean,10,-14.97137269,-22.65656252,-7.286182868,10,0,0
sens-s6-topo-x0.5,priority+topology_aware+easy_predicted,fifo+first_fit+none,tenant_t2_bsld_p95,10,-59.90241405,-88.46116961,-31.3436585,10,0,0
sens-s6-topo-x0.5,priority+topology_aware+easy_predicted,fifo+first_fit+none,tenant_t3_bsld_mean,10,-16.67117146,-25.63994098,-7.702401948,10,0,0
sens-s6-topo-x0.5,priority+topology_aware+easy_predicted,fifo+first_fit+none,tenant_t3_bsld_p95,10,-65.30825642,-93.71671977,-36.89979306,10,0,0
sens-s6-topo-x0.5,priority+topology_aware+easy_predicted,fifo+first_fit+none,prio_1_wait_p95,10,-10076.063,-13983.54316,-6168.582836,10,0,0
sens-s6-topo-x0.5,priority+topology_aware+easy_predicted,fifo+first_fit+none,prio_1_bsld_p95,10,-63.81791144,-96.25429991,-31.38152298,10,0,0
sens-s6-topo-x0.5,priority+topology_aware+easy_predicted,fifo+first_fit+none,prio_8_wait_p95,10,-15440.6888,-20769.09391,-10112.28369,10,0,0
sens-s6-topo-x0.5,priority+topology_aware+easy_predicted,fifo+first_fit+none,prio_9_wait_p95,10,-12301.8364,-18333.17624,-6270.496557,9,0,1
sens-s6-topo-x0.5,priority+topology_aware+easy_predicted+preempt,fifo+first_fit+none,J,10,-1.641660716,-2.176053363,-1.10726807,10,0,0
sens-s6-topo-x0.5,priority+topology_aware+easy_predicted+preempt,fifo+first_fit+none,J_slowdown,10,-0.5971293307,-0.8895388692,-0.3047197922,10,0,0
sens-s6-topo-x0.5,priority+topology_aware+easy_predicted+preempt,fifo+first_fit+none,J_wait,10,-0.4311969871,-0.6715916352,-0.190802339,9,0,1
sens-s6-topo-x0.5,priority+topology_aware+easy_predicted+preempt,fifo+first_fit+none,J_waste,10,0.003739034015,1.861823654e-05,0.007459449793,3,0,7
sens-s6-topo-x0.5,priority+topology_aware+easy_predicted+preempt,fifo+first_fit+none,J_slo,10,-0.6039622151,-0.8219573808,-0.3859670495,10,0,0
sens-s6-topo-x0.5,priority+topology_aware+easy_predicted+preempt,fifo+first_fit+none,J_fairness,10,-0.01311121729,-0.0551004162,0.02887798162,7,0,3
sens-s6-topo-x0.5,priority+topology_aware+easy_predicted+preempt,fifo+first_fit+none,wait_mean,10,-9696.769054,-15681.58802,-3711.950092,10,0,0
sens-s6-topo-x0.5,priority+topology_aware+easy_predicted+preempt,fifo+first_fit+none,wait_p95,10,-11200.5087,-17444.85276,-4956.164635,9,0,1
sens-s6-topo-x0.5,priority+topology_aware+easy_predicted+preempt,fifo+first_fit+none,wait_p99,10,1346.1971,-9091.750218,11784.14442,7,0,3
sens-s6-topo-x0.5,priority+topology_aware+easy_predicted+preempt,fifo+first_fit+none,jct_mean,10,-9519.980651,-15416.93455,-3623.026748,10,0,0
sens-s6-topo-x0.5,priority+topology_aware+easy_predicted+preempt,fifo+first_fit+none,jct_p95,10,-7424.3096,-11683.05835,-3165.560848,9,0,1
sens-s6-topo-x0.5,priority+topology_aware+easy_predicted+preempt,fifo+first_fit+none,bsld_mean,10,-16.65210065,-26.32858884,-6.97561246,10,0,0
sens-s6-topo-x0.5,priority+topology_aware+easy_predicted+preempt,fifo+first_fit+none,bsld_p95,10,-68.80023941,-102.4911757,-35.10930309,10,0,0
sens-s6-topo-x0.5,priority+topology_aware+easy_predicted+preempt,fifo+first_fit+none,bsld_p99,10,-142.9403125,-215.1604424,-70.72018253,10,0,0
sens-s6-topo-x0.5,priority+topology_aware+easy_predicted+preempt,fifo+first_fit+none,wflow_mean,10,-16.65210065,-26.32858884,-6.97561246,10,0,0
sens-s6-topo-x0.5,priority+topology_aware+easy_predicted+preempt,fifo+first_fit+none,wflow_sum_all,10,-38151.80394,-59513.68218,-16789.92571,10,0,0
sens-s6-topo-x0.5,priority+topology_aware+easy_predicted+preempt,fifo+first_fit+none,large_wait_mean,10,-6119.654362,-9409.589699,-2829.719025,10,0,0
sens-s6-topo-x0.5,priority+topology_aware+easy_predicted+preempt,fifo+first_fit+none,large_wait_p95,10,1761.5518,-8736.177799,12259.2814,7,0,3
sens-s6-topo-x0.5,priority+topology_aware+easy_predicted+preempt,fifo+first_fit+none,utilization,10,0.04140700888,0.02269247798,0.06012153979,9,0,1
sens-s6-topo-x0.5,priority+topology_aware+easy_predicted+preempt,fifo+first_fit+none,frag_blocked_frac,10,-0.4428500218,-0.5219991904,-0.3637008533,10,0,0
sens-s6-topo-x0.5,priority+topology_aware+easy_predicted+preempt,fifo+first_fit+none,stranded_frac,10,-0.07537086871,-0.09649491306,-0.05424682436,10,0,0
sens-s6-topo-x0.5,priority+topology_aware+easy_predicted+preempt,fifo+first_fit+none,goodput_ratio,10,-0.003739034015,-0.007459449793,-1.861823654e-05,3,0,7
sens-s6-topo-x0.5,priority+topology_aware+easy_predicted+preempt,fifo+first_fit+none,wasted_gpu_hours,10,24.18401967,3.232711322,45.13532801,3,0,7
sens-s6-topo-x0.5,priority+topology_aware+easy_predicted+preempt,fifo+first_fit+none,lost_gpu_hours,10,14.94920089,6.738765157,23.15963662,0,0,10
sens-s6-topo-x0.5,priority+topology_aware+easy_predicted+preempt,fifo+first_fit+none,overhead_gpu_hours,10,41.74442886,28.17748961,55.31136812,0,0,10
sens-s6-topo-x0.5,priority+topology_aware+easy_predicted+preempt,fifo+first_fit+none,topology_gpu_hours,10,-32.50957392,-43.43625284,-21.58289499,10,0,0
sens-s6-topo-x0.5,priority+topology_aware+easy_predicted+preempt,fifo+first_fit+none,slack_gpu_hours,10,-3.616225747e-05,-4.877317168e-05,-2.355134327e-05,10,0,0
sens-s6-topo-x0.5,priority+topology_aware+easy_predicted+preempt,fifo+first_fit+none,preemptions,10,289.1,204.1484098,374.0515902,0,0,10
sens-s6-topo-x0.5,priority+topology_aware+easy_predicted+preempt,fifo+first_fit+none,failure_kills,10,0,0,0,0,10,0
sens-s6-topo-x0.5,priority+topology_aware+easy_predicted+preempt,fifo+first_fit+none,node_downtime_gpu_hours,10,0,0,0,0,10,0
sens-s6-topo-x0.5,priority+topology_aware+easy_predicted+preempt,fifo+first_fit+none,jain_bsld,10,0.01311121729,-0.02887798162,0.0551004162,7,0,3
sens-s6-topo-x0.5,priority+topology_aware+easy_predicted+preempt,fifo+first_fit+none,tenant_worst_best_ratio,10,-0.2126166313,-0.5971662199,0.1719329573,7,0,3
sens-s6-topo-x0.5,priority+topology_aware+easy_predicted+preempt,fifo+first_fit+none,slo_attainment,10,0.6039622151,0.3859670495,0.8219573808,10,0,0
sens-s6-topo-x0.5,priority+topology_aware+easy_predicted+preempt,fifo+first_fit+none,makespan,10,-14509.1116,-23670.52442,-5347.698781,9,1,0
sens-s6-topo-x0.5,priority+topology_aware+easy_predicted+preempt,fifo+first_fit+none,reservations,10,145.9,116.0516194,175.7483806,0,0,10
sens-s6-topo-x0.5,priority+topology_aware+easy_predicted+preempt,fifo+first_fit+none,broken_reservations,10,123.2,97.29788889,149.1021111,0,0,10
sens-s6-topo-x0.5,priority+topology_aware+easy_predicted+preempt,fifo+first_fit+none,tenant_t0_bsld_mean,10,-17.99503464,-29.58094763,-6.409121637,10,0,0
sens-s6-topo-x0.5,priority+topology_aware+easy_predicted+preempt,fifo+first_fit+none,tenant_t0_bsld_p95,10,-79.71461291,-127.6245221,-31.80470369,10,0,0
sens-s6-topo-x0.5,priority+topology_aware+easy_predicted+preempt,fifo+first_fit+none,tenant_t1_bsld_mean,10,-15.80217445,-25.61066235,-5.993686544,10,0,0
sens-s6-topo-x0.5,priority+topology_aware+easy_predicted+preempt,fifo+first_fit+none,tenant_t1_bsld_p95,10,-58.32953003,-89.47242331,-27.18663675,10,0,0
sens-s6-topo-x0.5,priority+topology_aware+easy_predicted+preempt,fifo+first_fit+none,tenant_t2_bsld_mean,10,-15.34914008,-23.31150279,-7.38677737,10,0,0
sens-s6-topo-x0.5,priority+topology_aware+easy_predicted+preempt,fifo+first_fit+none,tenant_t2_bsld_p95,10,-59.88630543,-88.23870419,-31.53390666,10,0,0
sens-s6-topo-x0.5,priority+topology_aware+easy_predicted+preempt,fifo+first_fit+none,tenant_t3_bsld_mean,10,-16.99436217,-26.47843247,-7.510291871,10,0,0
sens-s6-topo-x0.5,priority+topology_aware+easy_predicted+preempt,fifo+first_fit+none,tenant_t3_bsld_p95,10,-66.8394413,-95.85278643,-37.82609618,10,0,0
sens-s6-topo-x0.5,priority+topology_aware+easy_predicted+preempt,fifo+first_fit+none,prio_1_wait_p95,10,-4323.8652,-12598.15462,3950.424223,8,0,2
sens-s6-topo-x0.5,priority+topology_aware+easy_predicted+preempt,fifo+first_fit+none,prio_1_bsld_p95,10,-61.17797768,-90.8205402,-31.53541517,10,0,0
sens-s6-topo-x0.5,priority+topology_aware+easy_predicted+preempt,fifo+first_fit+none,prio_8_wait_p95,10,-18952.4151,-27193.23419,-10711.59601,10,0,0
sens-s6-topo-x0.5,priority+topology_aware+easy_predicted+preempt,fifo+first_fit+none,prio_9_wait_p95,10,-15538.1901,-24222.04475,-6854.335447,10,0,0
sens-s6-topo-x2,fifo+topology_aware+easy_predicted,fifo+first_fit+none,J,10,-2.159746689,-2.911694939,-1.407798439,10,0,0
sens-s6-topo-x2,fifo+topology_aware+easy_predicted,fifo+first_fit+none,J_slowdown,10,-0.8801126763,-1.302495633,-0.4577297195,10,0,0
sens-s6-topo-x2,fifo+topology_aware+easy_predicted,fifo+first_fit+none,J_wait,10,-0.7300160862,-1.035541622,-0.4244905499,10,0,0
sens-s6-topo-x2,fifo+topology_aware+easy_predicted,fifo+first_fit+none,J_waste,10,-0.02095951294,-0.03171756294,-0.01020146293,10,0,0
sens-s6-topo-x2,fifo+topology_aware+easy_predicted,fifo+first_fit+none,J_slo,10,-0.5086466077,-0.6579996936,-0.3592935218,10,0,0
sens-s6-topo-x2,fifo+topology_aware+easy_predicted,fifo+first_fit+none,J_fairness,10,-0.02001180595,-0.04471662769,0.004693015782,7,0,3
sens-s6-topo-x2,fifo+topology_aware+easy_predicted,fifo+first_fit+none,wait_mean,10,-14268.33783,-22143.54068,-6393.134985,10,0,0
sens-s6-topo-x2,fifo+topology_aware+easy_predicted,fifo+first_fit+none,wait_p95,10,-18962.4505,-26898.5946,-11026.3064,10,0,0
sens-s6-topo-x2,fifo+topology_aware+easy_predicted,fifo+first_fit+none,wait_p99,10,-14805.1453,-21295.54197,-8314.748625,10,0,0
sens-s6-topo-x2,fifo+topology_aware+easy_predicted,fifo+first_fit+none,jct_mean,10,-14286.49589,-22163.24883,-6409.74294,10,0,0
sens-s6-topo-x2,fifo+topology_aware+easy_predicted,fifo+first_fit+none,jct_p95,10,-17087.4587,-24317.31959,-9857.597808,10,0,0
sens-s6-topo-x2,fifo+topology_aware+easy_predicted,fifo+first_fit+none,bsld_mean,10,-24.57479583,-37.31414498,-11.83544668,10,0,0
sens-s6-topo-x2,fifo+topology_aware+easy_predicted,fifo+first_fit+none,bsld_p95,10,-101.4051056,-150.0713611,-52.73885014,10,0,0
sens-s6-topo-x2,fifo+topology_aware+easy_predicted,fifo+first_fit+none,bsld_p99,10,-215.7200382,-328.1119894,-103.3280871,10,0,0
sens-s6-topo-x2,fifo+topology_aware+easy_predicted,fifo+first_fit+none,wflow_mean,10,-24.57479583,-37.31414498,-11.83544668,10,0,0
sens-s6-topo-x2,fifo+topology_aware+easy_predicted,fifo+first_fit+none,wflow_sum_all,10,-57278.91532,-85966.87612,-28590.95452,10,0,0
sens-s6-topo-x2,fifo+topology_aware+easy_predicted,fifo+first_fit+none,large_wait_mean,10,-9904.11444,-15021.8966,-4786.332283,10,0,0
sens-s6-topo-x2,fifo+topology_aware+easy_predicted,fifo+first_fit+none,large_wait_p95,10,-13500.0221,-19775.88744,-7224.156756,10,0,0
sens-s6-topo-x2,fifo+topology_aware+easy_predicted,fifo+first_fit+none,utilization,10,0.04800887533,0.01910910216,0.0769086485,9,0,1
sens-s6-topo-x2,fifo+topology_aware+easy_predicted,fifo+first_fit+none,frag_blocked_frac,10,-0.5575392184,-0.6228325429,-0.4922458939,10,0,0
sens-s6-topo-x2,fifo+topology_aware+easy_predicted,fifo+first_fit+none,stranded_frac,10,-0.1031638088,-0.1255143085,-0.08081330907,10,0,0
sens-s6-topo-x2,fifo+topology_aware+easy_predicted,fifo+first_fit+none,goodput_ratio,10,0.02095951294,0.01020146293,0.03171756294,10,0,0
sens-s6-topo-x2,fifo+topology_aware+easy_predicted,fifo+first_fit+none,wasted_gpu_hours,10,-134.0682822,-215.9804316,-52.15613288,10,0,0
sens-s6-topo-x2,fifo+topology_aware+easy_predicted,fifo+first_fit+none,lost_gpu_hours,10,0,0,0,0,10,0
sens-s6-topo-x2,fifo+topology_aware+easy_predicted,fifo+first_fit+none,overhead_gpu_hours,10,0,0,0,0,10,0
sens-s6-topo-x2,fifo+topology_aware+easy_predicted,fifo+first_fit+none,topology_gpu_hours,10,-134.0682569,-215.9803999,-52.1561139,10,0,0
sens-s6-topo-x2,fifo+topology_aware+easy_predicted,fifo+first_fit+none,slack_gpu_hours,10,-2.533333332e-05,-3.360130252e-05,-1.706536412e-05,10,0,0
sens-s6-topo-x2,fifo+topology_aware+easy_predicted,fifo+first_fit+none,preemptions,10,0,0,0,0,10,0
sens-s6-topo-x2,fifo+topology_aware+easy_predicted,fifo+first_fit+none,failure_kills,10,0,0,0,0,10,0
sens-s6-topo-x2,fifo+topology_aware+easy_predicted,fifo+first_fit+none,node_downtime_gpu_hours,10,0,0,0,0,10,0
sens-s6-topo-x2,fifo+topology_aware+easy_predicted,fifo+first_fit+none,jain_bsld,10,0.02001180595,-0.004693015782,0.04471662769,7,0,3
sens-s6-topo-x2,fifo+topology_aware+easy_predicted,fifo+first_fit+none,tenant_worst_best_ratio,10,-0.324315144,-0.6210985115,-0.02753177646,7,0,3
sens-s6-topo-x2,fifo+topology_aware+easy_predicted,fifo+first_fit+none,slo_attainment,10,0.5086466077,0.3592935218,0.6579996936,10,0,0
sens-s6-topo-x2,fifo+topology_aware+easy_predicted,fifo+first_fit+none,makespan,10,-24054.6742,-36953.50125,-11155.84715,9,1,0
sens-s6-topo-x2,fifo+topology_aware+easy_predicted,fifo+first_fit+none,reservations,10,197.1,172.879889,221.320111,0,0,10
sens-s6-topo-x2,fifo+topology_aware+easy_predicted,fifo+first_fit+none,broken_reservations,10,170.4,149.119685,191.680315,0,0,10
sens-s6-topo-x2,fifo+topology_aware+easy_predicted,fifo+first_fit+none,tenant_t0_bsld_mean,10,-26.63849937,-42.03990807,-11.23709068,10,0,0
sens-s6-topo-x2,fifo+topology_aware+easy_predicted,fifo+first_fit+none,tenant_t0_bsld_p95,10,-114.7084814,-179.7213998,-49.69556297,10,0,0
sens-s6-topo-x2,fifo+topology_aware+easy_predicted,fifo+first_fit+none,tenant_t1_bsld_mean,10,-22.69464793,-34.87481496,-10.5144809,10,0,0
sens-s6-topo-x2,fifo+topology_aware+easy_predicted,fifo+first_fit+none,tenant_t1_bsld_p95,10,-82.53886618,-122.1088357,-42.96889666,10,0,0
sens-s6-topo-x2,fifo+topology_aware+easy_predicted,fifo+first_fit+none,tenant_t2_bsld_mean,10,-23.17646108,-35.7068235,-10.64609866,10,0,0
sens-s6-topo-x2,fifo+topology_aware+easy_predicted,fifo+first_fit+none,tenant_t2_bsld_p95,10,-89.46839696,-135.4033662,-43.53342777,10,0,0
sens-s6-topo-x2,fifo+topology_aware+easy_predicted,fifo+first_fit+none,tenant_t3_bsld_mean,10,-25.71109085,-38.83522766,-12.58695404,10,0,0
sens-s6-topo-x2,fifo+topology_aware+easy_predicted,fifo+first_fit+none,tenant_t3_bsld_p95,10,-109.4049968,-167.2155674,-51.59442618,10,0,0
sens-s6-topo-x2,fifo+topology_aware+easy_predicted,fifo+first_fit+none,prio_1_wait_p95,10,-19784.7447,-28242.96785,-11326.52155,10,0,0
sens-s6-topo-x2,fifo+topology_aware+easy_predicted,fifo+first_fit+none,prio_1_bsld_p95,10,-101.7107112,-150.9121181,-52.50930438,10,0,0
sens-s6-topo-x2,fifo+topology_aware+easy_predicted,fifo+first_fit+none,prio_8_wait_p95,10,-18278.0476,-25886.15499,-10669.94021,10,0,0
sens-s6-topo-x2,fifo+topology_aware+easy_predicted,fifo+first_fit+none,prio_9_wait_p95,10,-14576.6251,-22096.57005,-7056.68015,10,0,0
sens-s6-topo-x2,priority+topology_aware+easy_predicted,fifo+first_fit+none,J,10,-2.094125205,-2.823255306,-1.364995104,10,0,0
sens-s6-topo-x2,priority+topology_aware+easy_predicted,fifo+first_fit+none,J_slowdown,10,-0.8712917827,-1.290313292,-0.4522702735,10,0,0
sens-s6-topo-x2,priority+topology_aware+easy_predicted,fifo+first_fit+none,J_wait,10,-0.6386042014,-0.8827649025,-0.3944435003,10,0,0
sens-s6-topo-x2,priority+topology_aware+easy_predicted,fifo+first_fit+none,J_waste,10,-0.01707116517,-0.02313973483,-0.01100259551,10,0,0
sens-s6-topo-x2,priority+topology_aware+easy_predicted,fifo+first_fit+none,J_slo,10,-0.544855985,-0.6988829889,-0.3908289811,10,0,0
sens-s6-topo-x2,priority+topology_aware+easy_predicted,fifo+first_fit+none,J_fairness,10,-0.02230207048,-0.04850204412,0.003897903164,7,0,3
sens-s6-topo-x2,priority+topology_aware+easy_predicted,fifo+first_fit+none,wait_mean,10,-14110.25113,-21946.4707,-6274.03156,10,0,0
sens-s6-topo-x2,priority+topology_aware+easy_predicted,fifo+first_fit+none,wait_p95,10,-16587.9914,-22930.16015,-10245.82265,10,0,0
sens-s6-topo-x2,priority+topology_aware+easy_predicted,fifo+first_fit+none,wait_p99,10,-12063.7701,-18016.82052,-6110.719678,10,0,0
sens-s6-topo-x2,priority+topology_aware+easy_predicted,fifo+first_fit+none,jct_mean,10,-14123.53319,-21961.78354,-6285.282846,10,0,0
sens-s6-topo-x2,priority+topology_aware+easy_predicted,fifo+first_fit+none,jct_p95,10,-15106.5979,-21518.34649,-8694.849307,10,0,0
sens-s6-topo-x2,priority+topology_aware+easy_predicted,fifo+first_fit+none,bsld_mean,10,-24.43052291,-37.17143123,-11.6896146,10,0,0
sens-s6-topo-x2,priority+topology_aware+easy_predicted,fifo+first_fit+none,bsld_p95,10,-100.388777,-148.6677322,-52.10982194,10,0,0
sens-s6-topo-x2,priority+topology_aware+easy_predicted,fifo+first_fit+none,bsld_p99,10,-210.9105534,-321.1861394,-100.6349675,10,0,0
sens-s6-topo-x2,priority+topology_aware+easy_predicted,fifo+first_fit+none,wflow_mean,10,-24.43052291,-37.17143123,-11.6896146,10,0,0
sens-s6-topo-x2,priority+topology_aware+easy_predicted,fifo+first_fit+none,wflow_sum_all,10,-56844.79627,-85309.30848,-28380.28407,10,0,0
sens-s6-topo-x2,priority+topology_aware+easy_predicted,fifo+first_fit+none,large_wait_mean,10,-9080.516544,-13911.77358,-4249.25951,10,0,0
sens-s6-topo-x2,priority+topology_aware+easy_predicted,fifo+first_fit+none,large_wait_p95,10,-10637.5562,-16312.34905,-4962.763354,9,0,1
sens-s6-topo-x2,priority+topology_aware+easy_predicted,fifo+first_fit+none,utilization,10,0.05146632287,0.02575104348,0.07718160225,9,0,1
sens-s6-topo-x2,priority+topology_aware+easy_predicted,fifo+first_fit+none,frag_blocked_frac,10,-0.4905646726,-0.5611754617,-0.4199538835,10,0,0
sens-s6-topo-x2,priority+topology_aware+easy_predicted,fifo+first_fit+none,stranded_frac,10,-0.08552110155,-0.1038466859,-0.0671955172,10,0,0
sens-s6-topo-x2,priority+topology_aware+easy_predicted,fifo+first_fit+none,goodput_ratio,10,0.01707116517,0.01100259551,0.02313973483,10,0,0
sens-s6-topo-x2,priority+topology_aware+easy_predicted,fifo+first_fit+none,wasted_gpu_hours,10,-107.6390513,-147.1498022,-68.12830051,10,0,0
sens-s6-topo-x2,priority+topology_aware+easy_predicted,fifo+first_fit+none,lost_gpu_hours,10,0,0,0,0,10,0
sens-s6-topo-x2,priority+topology_aware+easy_predicted,fifo+first_fit+none,overhead_gpu_hours,10,0,0,0,0,10,0
sens-s6-topo-x2,priority+topology_aware+easy_predicted,fifo+first_fit+none,topology_gpu_hours,10,-107.6390307,-147.1497778,-68.12828366,10,0,0
sens-s6-topo-x2,priority+topology_aware+easy_predicted,fifo+first_fit+none,slack_gpu_hours,10,-2.059259258e-05,-2.582666514e-05,-1.535852002e-05,10,0,0
sens-s6-topo-x2,priority+topology_aware+easy_predicted,fifo+first_fit+none,preemptions,10,0,0,0,0,10,0
sens-s6-topo-x2,priority+topology_aware+easy_predicted,fifo+first_fit+none,failure_kills,10,0,0,0,0,10,0
sens-s6-topo-x2,priority+topology_aware+easy_predicted,fifo+first_fit+none,node_downtime_gpu_hours,10,0,0,0,0,10,0
sens-s6-topo-x2,priority+topology_aware+easy_predicted,fifo+first_fit+none,jain_bsld,10,0.02230207048,-0.003897903164,0.04850204412,7,0,3
sens-s6-topo-x2,priority+topology_aware+easy_predicted,fifo+first_fit+none,tenant_worst_best_ratio,10,-0.3544716048,-0.6731192561,-0.03582395344,7,0,3
sens-s6-topo-x2,priority+topology_aware+easy_predicted,fifo+first_fit+none,slo_attainment,10,0.544855985,0.3908289811,0.6988829889,10,0,0
sens-s6-topo-x2,priority+topology_aware+easy_predicted,fifo+first_fit+none,makespan,10,-23380.9561,-36159.94419,-10601.96801,9,1,0
sens-s6-topo-x2,priority+topology_aware+easy_predicted,fifo+first_fit+none,reservations,10,210.9,187.4480009,234.3519991,0,0,10
sens-s6-topo-x2,priority+topology_aware+easy_predicted,fifo+first_fit+none,broken_reservations,10,178.8,158.6855907,198.9144093,0,0,10
sens-s6-topo-x2,priority+topology_aware+easy_predicted,fifo+first_fit+none,tenant_t0_bsld_mean,10,-26.58692971,-42.06530038,-11.10855904,10,0,0
sens-s6-topo-x2,priority+topology_aware+easy_predicted,fifo+first_fit+none,tenant_t0_bsld_p95,10,-113.5450908,-177.637896,-49.45228557,10,0,0
sens-s6-topo-x2,priority+topology_aware+easy_predicted,fifo+first_fit+none,tenant_t1_bsld_mean,10,-22.51493399,-34.66940504,-10.36046293,10,0,0
sens-s6-topo-x2,priority+topology_aware+easy_predicted,fifo+first_fit+none,tenant_t1_bsld_p95,10,-81.83182144,-120.6285404,-43.03510244,10,0,0
sens-s6-topo-x2,priority+topology_aware+easy_predicted,fifo+first_fit+none,tenant_t2_bsld_mean,10,-22.97736257,-35.50281338,-10.45191176,10,0,0
sens-s6-topo-x2,priority+topology_aware+easy_predicted,fifo+first_fit+none,tenant_t2_bsld_p95,10,-88.32410879,-134.6202325,-42.02798511,10,0,0
sens-s6-topo-x2,priority+topology_aware+easy_predicted,fifo+first_fit+none,tenant_t3_bsld_mean,10,-25.44189536,-38.48082843,-12.40296229,10,0,0
sens-s6-topo-x2,priority+topology_aware+easy_predicted,fifo+first_fit+none,tenant_t3_bsld_p95,10,-106.6801422,-165.0652719,-48.29501256,10,0,0
sens-s6-topo-x2,priority+topology_aware+easy_predicted,fifo+first_fit+none,prio_1_wait_p95,10,-14411.0037,-20608.7866,-8213.220799,10,0,0
sens-s6-topo-x2,priority+topology_aware+easy_predicted,fifo+first_fit+none,prio_1_bsld_p95,10,-96.46763263,-144.1392352,-48.7960301,10,0,0
sens-s6-topo-x2,priority+topology_aware+easy_predicted,fifo+first_fit+none,prio_8_wait_p95,10,-20967.6085,-28841.6598,-13093.5572,10,0,0
sens-s6-topo-x2,priority+topology_aware+easy_predicted,fifo+first_fit+none,prio_9_wait_p95,10,-16873.6981,-24611.18375,-9136.21245,10,0,0
sens-s6-topo-x2,priority+topology_aware+easy_predicted+preempt,fifo+first_fit+none,J,10,-2.184219007,-2.883440015,-1.484997999,10,0,0
sens-s6-topo-x2,priority+topology_aware+easy_predicted+preempt,fifo+first_fit+none,J_slowdown,10,-0.9092598407,-1.341051022,-0.4774686594,10,0,0
sens-s6-topo-x2,priority+topology_aware+easy_predicted+preempt,fifo+first_fit+none,J_wait,10,-0.591931261,-0.9729155709,-0.2109469511,9,0,1
sens-s6-topo-x2,priority+topology_aware+easy_predicted+preempt,fifo+first_fit+none,J_waste,10,-0.002977830406,-0.01129966368,0.00534400287,6,0,4
sens-s6-topo-x2,priority+topology_aware+easy_predicted+preempt,fifo+first_fit+none,J_slo,10,-0.6743354637,-0.8651698403,-0.4835010871,10,0,0
sens-s6-topo-x2,priority+topology_aware+easy_predicted+preempt,fifo+first_fit+none,J_fairness,10,-0.005714611266,-0.04143567019,0.03000644766,7,0,3
sens-s6-topo-x2,priority+topology_aware+easy_predicted+preempt,fifo+first_fit+none,wait_mean,10,-14582.22719,-22707.45249,-6457.00188,10,0,0
sens-s6-topo-x2,priority+topology_aware+easy_predicted+preempt,fifo+first_fit+none,wait_p95,10,-15375.6437,-25271.85867,-5479.428734,9,0,1
sens-s6-topo-x2,priority+topology_aware+easy_predicted+preempt,fifo+first_fit+none,wait_p99,10,3203.3869,-10623.34955,17030.12335,5,0,5
sens-s6-topo-x2,priority+topology_aware+easy_predicted+preempt,fifo+first_fit+none,jct_mean,10,-14355.77389,-22398.90373,-6312.644054,10,0,0
sens-s6-topo-x2,priority+topology_aware+easy_predicted+preempt,fifo+first_fit+none,jct_p95,10,-10427.0484,-18249.2442,-2604.8526,9,0,1
sens-s6-topo-x2,priority+topology_aware+easy_predicted+preempt,fifo+first_fit+none,bsld_mean,10,-25.18285013,-38.51229655,-11.85340371,10,0,0
sens-s6-topo-x2,priority+topology_aware+easy_predicted+preempt,fifo+first_fit+none,bsld_p95,10,-104.763393,-154.5136483,-55.01313767,10,0,0
sens-s6-topo-x2,priority+topology_aware+easy_predicted+preempt,fifo+first_fit+none,bsld_p99,10,-211.4821218,-322.6419425,-100.3223011,10,0,0
sens-s6-topo-x2,priority+topology_aware+easy_predicted+preempt,fifo+first_fit+none,wflow_mean,10,-25.18285013,-38.51229655,-11.85340371,10,0,0
sens-s6-topo-x2,priority+topology_aware+easy_predicted+preempt,fifo+first_fit+none,wflow_sum_all,10,-58519.26422,-88374.83734,-28663.69111,10,0,0
sens-s6-topo-x2,priority+topology_aware+easy_predicted+preempt,fifo+first_fit+none,large_wait_mean,10,-9007.609308,-13769.92178,-4245.296833,10,0,0
sens-s6-topo-x2,priority+topology_aware+easy_predicted+preempt,fifo+first_fit+none,large_wait_p95,10,4393.8914,-10124.71371,18912.49651,4,0,6
sens-s6-topo-x2,priority+topology_aware+easy_predicted+preempt,fifo+first_fit+none,utilization,10,0.05221900778,0.03084611359,0.07359190197,9,0,1
sens-s6-topo-x2,priority+topology_aware+easy_predicted+preempt,fifo+first_fit+none,frag_blocked_frac,10,-0.4519444036,-0.4928426313,-0.411046176,10,0,0
sens-s6-topo-x2,priority+topology_aware+easy_predicted+preempt,fifo+first_fit+none,stranded_frac,10,-0.06702816909,-0.08223942599,-0.05181691218,10,0,0
sens-s6-topo-x2,priority+topology_aware+easy_predicted+preempt,fifo+first_fit+none,goodput_ratio,10,0.002977830406,-0.00534400287,0.01129966368,6,0,4
sens-s6-topo-x2,priority+topology_aware+easy_predicted+preempt,fifo+first_fit+none,wasted_gpu_hours,10,-19.02010397,-72.72049728,34.68028933,6,0,4
sens-s6-topo-x2,priority+topology_aware+easy_predicted+preempt,fifo+first_fit+none,lost_gpu_hours,10,17.67107978,12.17284387,23.16931568,0,0,10
sens-s6-topo-x2,priority+topology_aware+easy_predicted+preempt,fifo+first_fit+none,overhead_gpu_hours,10,50.44809125,37.41965183,63.47653067,0,0,10
sens-s6-topo-x2,priority+topology_aware+easy_predicted+preempt,fifo+first_fit+none,topology_gpu_hours,10,-87.13925733,-136.0098077,-38.26870692,10,0,0
sens-s6-topo-x2,priority+topology_aware+easy_predicted+preempt,fifo+first_fit+none,slack_gpu_hours,10,-1.766666665e-05,-2.327460722e-05,-1.205872609e-05,10,0,0
sens-s6-topo-x2,priority+topology_aware+easy_predicted+preempt,fifo+first_fit+none,preemptions,10,352.8,264.6753069,440.9246931,0,0,10
sens-s6-topo-x2,priority+topology_aware+easy_predicted+preempt,fifo+first_fit+none,failure_kills,10,0,0,0,0,10,0
sens-s6-topo-x2,priority+topology_aware+easy_predicted+preempt,fifo+first_fit+none,node_downtime_gpu_hours,10,0,0,0,0,10,0
sens-s6-topo-x2,priority+topology_aware+easy_predicted+preempt,fifo+first_fit+none,jain_bsld,10,0.005714611266,-0.03000644766,0.04143567019,7,0,3
sens-s6-topo-x2,priority+topology_aware+easy_predicted+preempt,fifo+first_fit+none,tenant_worst_best_ratio,10,-0.1191146227,-0.4723994529,0.2341702074,7,0,3
sens-s6-topo-x2,priority+topology_aware+easy_predicted+preempt,fifo+first_fit+none,slo_attainment,10,0.6743354637,0.4835010871,0.8651698403,10,0,0
sens-s6-topo-x2,priority+topology_aware+easy_predicted+preempt,fifo+first_fit+none,makespan,10,-22766.4423,-32530.78802,-13002.09658,9,1,0
sens-s6-topo-x2,priority+topology_aware+easy_predicted+preempt,fifo+first_fit+none,reservations,10,130.6,105.4860931,155.7139069,0,0,10
sens-s6-topo-x2,priority+topology_aware+easy_predicted+preempt,fifo+first_fit+none,broken_reservations,10,108.6,89.30097228,127.8990277,0,0,10
sens-s6-topo-x2,priority+topology_aware+easy_predicted+preempt,fifo+first_fit+none,tenant_t0_bsld_mean,10,-27.42952767,-43.5388325,-11.32022283,10,0,0
sens-s6-topo-x2,priority+topology_aware+easy_predicted+preempt,fifo+first_fit+none,tenant_t0_bsld_p95,10,-120.5461943,-188.4587544,-52.63363416,10,0,0
sens-s6-topo-x2,priority+topology_aware+easy_predicted+preempt,fifo+first_fit+none,tenant_t1_bsld_mean,10,-23.20677426,-36.03661324,-10.37693527,10,0,0
sens-s6-topo-x2,priority+topology_aware+easy_predicted+preempt,fifo+first_fit+none,tenant_t1_bsld_p95,10,-86.12100001,-127.7545182,-44.48748182,10,0,0
sens-s6-topo-x2,priority+topology_aware+easy_predicted+preempt,fifo+first_fit+none,tenant_t2_bsld_mean,10,-23.55774036,-36.38497752,-10.73050319,10,0,0
sens-s6-topo-x2,priority+topology_aware+easy_predicted+preempt,fifo+first_fit+none,tenant_t2_bsld_p95,10,-90.49160758,-137.2499774,-43.73323776,10,0,0
sens-s6-topo-x2,priority+topology_aware+easy_predicted+preempt,fifo+first_fit+none,tenant_t3_bsld_mean,10,-26.38419117,-40.19138854,-12.5769938,10,0,0
sens-s6-topo-x2,priority+topology_aware+easy_predicted+preempt,fifo+first_fit+none,tenant_t3_bsld_p95,10,-110.8485038,-169.9261076,-51.77089996,10,0,0
sens-s6-topo-x2,priority+topology_aware+easy_predicted+preempt,fifo+first_fit+none,prio_1_wait_p95,10,-2977.2472,-14824.88911,8870.394707,6,0,4
sens-s6-topo-x2,priority+topology_aware+easy_predicted+preempt,fifo+first_fit+none,prio_1_bsld_p95,10,-93.35622429,-138.5221607,-48.1902879,10,0,0
sens-s6-topo-x2,priority+topology_aware+easy_predicted+preempt,fifo+first_fit+none,prio_8_wait_p95,10,-28389.496,-41357.18208,-15421.80992,10,0,0
sens-s6-topo-x2,priority+topology_aware+easy_predicted+preempt,fifo+first_fit+none,prio_9_wait_p95,10,-22861.5474,-34588.95936,-11134.13544,10,0,0
