scenario,policy,metric,n,mean,ci95_low,ci95_high
s10-lognormal,fifo+first_fit+none,J,20,2.434947662,1.847399253,3.022496072
s10-lognormal,fifo+first_fit+none,J_slowdown,20,0.8199948309,0.5703994181,1.069590244
s10-lognormal,fifo+first_fit+none,J_wait,20,0.9233264864,0.6728403714,1.173812601
s10-lognormal,fifo+first_fit+none,J_waste,20,0.04949914929,0.04459100309,0.05440729549
s10-lognormal,fifo+first_fit+none,J_slo,20,0.5768680434,0.4587129307,0.6950231562
s10-lognormal,fifo+first_fit+none,J_fairness,20,0.06525915247,0.0424588479,0.08805945705
s10-lognormal,fifo+first_fit+none,wait_mean,20,10812.90436,6823.358573,14802.45014
s10-lognormal,fifo+first_fit+none,wait_p95,20,20421.1288,14881.14994,25961.10766
s10-lognormal,fifo+first_fit+none,wait_p99,20,22316.79875,16578.89655,28054.70095
s10-lognormal,fifo+first_fit+none,jct_mean,20,13471.67503,9431.243238,17512.10683
s10-lognormal,fifo+first_fit+none,jct_p95,20,25009.80645,19585.60708,30434.00582
s10-lognormal,fifo+first_fit+none,bsld_mean,20,19.27358126,13.11419797,25.43296455
s10-lognormal,fifo+first_fit+none,bsld_p95,20,74.31346285,51.6934429,96.9334828
s10-lognormal,fifo+first_fit+none,bsld_p99,20,171.7264709,122.3116359,221.141306
s10-lognormal,fifo+first_fit+none,wflow_mean,20,19.27358126,13.11419797,25.43296455
s10-lognormal,fifo+first_fit+none,wflow_sum_all,20,38398.05662,26417.55642,50378.55682
s10-lognormal,fifo+first_fit+none,large_wait_mean,20,11143.05134,7070.235334,15215.86735
s10-lognormal,fifo+first_fit+none,large_wait_p95,20,20700.1641,15118.30757,26282.02063
s10-lognormal,fifo+first_fit+none,utilization,20,0.8238000807,0.8145886779,0.8330114835
s10-lognormal,fifo+first_fit+none,frag_blocked_frac,20,0.7986792751,0.7709329091,0.8264256411
s10-lognormal,fifo+first_fit+none,stranded_frac,20,0.2411538264,0.2308400659,0.2514675868
s10-lognormal,fifo+first_fit+none,goodput_ratio,20,0.9505008507,0.9455927045,0.9554089969
s10-lognormal,fifo+first_fit+none,wasted_gpu_hours,20,244.2574193,205.5752091,282.9396296
s10-lognormal,fifo+first_fit+none,lost_gpu_hours,20,0,0,0
s10-lognormal,fifo+first_fit+none,overhead_gpu_hours,20,0,0,0
s10-lognormal,fifo+first_fit+none,topology_gpu_hours,20,244.2573001,205.5750934,282.9395068
s10-lognormal,fifo+first_fit+none,slack_gpu_hours,20,0.0001191939394,0.0001121001162,0.0001262877627
s10-lognormal,fifo+first_fit+none,preemptions,20,0,0,0
s10-lognormal,fifo+first_fit+none,failure_kills,20,0,0,0
s10-lognormal,fifo+first_fit+none,node_downtime_gpu_hours,20,0,0,0
s10-lognormal,fifo+first_fit+none,jain_bsld,20,0.9347408475,0.9119405429,0.9575411521
s10-lognormal,fifo+first_fit+none,tenant_worst_best_ratio,20,1.973101362,1.732871158,2.213331567
s10-lognormal,fifo+first_fit+none,slo_attainment,20,0.4231319566,0.3049768438,0.5412870693
s10-lognormal,fifo+first_fit+none,makespan,20,240313.8036,210460.412,270167.1953
s10-lognormal,fifo+first_fit+none,reservations,20,0,0,0
s10-lognormal,fifo+first_fit+none,broken_reservations,20,0,0,0
s10-lognormal,fifo+first_fit+none,tenant_t0_bsld_mean,20,19.99623732,12.78554468,27.20692995
s10-lognormal,fifo+first_fit+none,tenant_t0_bsld_p95,20,80.03772503,50.45810007,109.61735
s10-lognormal,fifo+first_fit+none,tenant_t1_bsld_mean,20,18.38422288,12.4024483,24.36599747
s10-lognormal,fifo+first_fit+none,tenant_t1_bsld_p95,20,71.07568748,49.10414859,93.04722638
s10-lognormal,fifo+first_fit+none,tenant_t2_bsld_mean,20,20.30312885,13.16404438,27.44221331
s10-lognormal,fifo+first_fit+none,tenant_t2_bsld_p95,20,77.27001577,51.38962552,103.150406
s10-lognormal,fifo+first_fit+none,tenant_t3_bsld_mean,20,17.67880183,11.86800284,23.48960081
s10-lognormal,fifo+first_fit+none,tenant_t3_bsld_p95,20,64.85593495,46.45474386,83.25712605
s10-lognormal,fifo+first_fit+none,prio_1_wait_p95,20,20504.72485,14928.77479,26080.67491
s10-lognormal,fifo+first_fit+none,prio_1_bsld_p95,20,75.56163515,51.35014012,99.77313017
s10-lognormal,fifo+first_fit+none,prio_8_wait_p95,20,20345.2211,14904.83098,25785.61122
s10-lognormal,shortest_estimate+topology_aware+conservative,J,20,0.1975746564,0.1623078671,0.2328414457
s10-lognormal,shortest_estimate+topology_aware+conservative,J_slowdown,20,0.02728051866,0.02486294343,0.02969809389
s10-lognormal,shortest_estimate+topology_aware+conservative,J_wait,20,0.09814156905,0.07371501313,0.122568125
s10-lognormal,shortest_estimate+topology_aware+conservative,J_waste,20,0.0400739079,0.03505318303,0.04509463276
s10-lognormal,shortest_estimate+topology_aware+conservative,J_slo,20,0.02893349237,0.02274758817,0.03511939658
s10-lognormal,shortest_estimate+topology_aware+conservative,J_fairness,20,0.003145168435,0.001951620845,0.004338716026
s10-lognormal,shortest_estimate+topology_aware+conservative,wait_mean,20,560.8420616,391.0899249,730.5941982
s10-lognormal,shortest_estimate+topology_aware+conservative,wait_p95,20,2170.58825,1630.348311,2710.828189
s10-lognormal,shortest_estimate+topology_aware+conservative,wait_p99,20,11425.51405,7412.408825,15438.61928
s10-lognormal,shortest_estimate+topology_aware+conservative,jct_mean,20,3211.545766,2868.414921,3554.676612
s10-lognormal,shortest_estimate+topology_aware+conservative,jct_p95,20,11315.6811,9890.511037,12740.85116
s10-lognormal,shortest_estimate+topology_aware+conservative,bsld_mean,20,1.281719627,1.244721036,1.318718218
s10-lognormal,shortest_estimate+topology_aware+conservative,bsld_p95,20,2.472344621,2.253247647,2.691441596
s10-lognormal,shortest_estimate+topology_aware+conservative,bsld_p99,20,5.971627993,5.381298078,6.561957907
s10-lognormal,shortest_estimate+topology_aware+conservative,wflow_mean,20,1.281719627,1.244721036,1.318718218
s10-lognormal,shortest_estimate+topology_aware+conservative,wflow_sum_all,20,2535.595838,2457.335515,2613.856162
s10-lognormal,shortest_estimate+topology_aware+conservative,large_wait_mean,20,2153.990675,1546.952781,2761.028568
s10-lognormal,shortest_estimate+topology_aware+conservative,large_wait_p95,20,10111.39965,6780.383158,13442.41614
s10-lognormal,shortest_estimate+topology_aware+conservative,utilization,20,0.8621266219,0.846450637,0.8778026067
s10-lognormal,shortest_estimate+topology_aware+conservative,frag_blocked_frac,20,0.3844464657,0.3421861972,0.4267067342
s10-lognormal,shortest_estimate+topology_aware+conservative,stranded_frac,20,0.183612812,0.166473405,0.200752219
s10-lognormal,shortest_estimate+topology_aware+conservative,goodput_ratio,20,0.9599260921,0.9549053672,0.964946817
s10-lognormal,shortest_estimate+topology_aware+conservative,wasted_gpu_hours,20,193.3904082,161.5199304,225.260886
s10-lognormal,shortest_estimate+topology_aware+conservative,lost_gpu_hours,20,0,0,0
s10-lognormal,shortest_estimate+topology_aware+conservative,overhead_gpu_hours,20,0,0,0
s10-lognormal,shortest_estimate+topology_aware+conservative,topology_gpu_hours,20,193.3903181,161.5198433,225.2607929
s10-lognormal,shortest_estimate+topology_aware+conservative,slack_gpu_hours,20,9.010505054e-05,8.243165897e-05,9.777844211e-05
s10-lognormal,shortest_estimate+topology_aware+conservative,preemptions,20,0,0,0
s10-lognormal,shortest_estimate+topology_aware+conservative,failure_kills,20,0,0,0
s10-lognormal,shortest_estimate+topology_aware+conservative,node_downtime_gpu_hours,20,0,0,0
s10-lognormal,shortest_estimate+topology_aware+conservative,jain_bsld,20,0.9968548316,0.995661284,0.9980483792
s10-lognormal,shortest_estimate+topology_aware+conservative,tenant_worst_best_ratio,20,1.140505633,1.110833334,1.170177932
s10-lognormal,shortest_estimate+topology_aware+conservative,slo_attainment,20,0.9710665076,0.9648806034,0.9772524118
s10-lognormal,shortest_estimate+topology_aware+conservative,makespan,20,229711.6986,198616.0487,260807.3485
s10-lognormal,shortest_estimate+topology_aware+conservative,reservations,20,419.55,368.8174304,470.2825696
s10-lognormal,shortest_estimate+topology_aware+conservative,broken_reservations,20,359.15,313.5772707,404.7227293
s10-lognormal,shortest_estimate+topology_aware+conservative,tenant_t0_bsld_mean,20,1.269556002,1.230586216,1.308525788
s10-lognormal,shortest_estimate+topology_aware+conservative,tenant_t0_bsld_p95,20,2.490827739,2.248045511,2.733609966
s10-lognormal,shortest_estimate+topology_aware+conservative,tenant_t1_bsld_mean,20,1.306059783,1.249558436,1.36256113
s10-lognormal,shortest_estimate+topology_aware+conservative,tenant_t1_bsld_p95,20,2.574971616,2.284397155,2.865546077
s10-lognormal,shortest_estimate+topology_aware+conservative,tenant_t2_bsld_mean,20,1.278293874,1.23010812,1.326479628
s10-lognormal,shortest_estimate+topology_aware+conservative,tenant_t2_bsld_p95,20,2.469776686,2.207468382,2.73208499
s10-lognormal,shortest_estimate+topology_aware+conservative,tenant_t3_bsld_mean,20,1.266951091,1.205462508,1.328439674
s10-lognormal,shortest_estimate+topology_aware+conservative,tenant_t3_bsld_p95,20,2.445714107,2.113079493,2.778348722
s10-lognormal,shortest_estimate+topology_aware+conservative,prio_1_wait_p95,20,2258.9137,1683.480696,2834.346704
s10-lognormal,shortest_estimate+topology_aware+conservative,prio_1_bsld_p95,20,2.474212344,2.244021236,2.704403451
s10-lognormal,shortest_estimate+topology_aware+conservative,prio_8_wait_p95,20,2115.43845,1474.036219,2756.840681
s10-lognormal,shortest_estimate+topology_aware+easy,J,20,0.1927255429,0.1600134382,0.2254376476
s10-lognormal,shortest_estimate+topology_aware+easy,J_slowdown,20,0.02828498752,0.02544630339,0.03112367164
s10-lognormal,shortest_estimate+topology_aware+easy,J_wait,20,0.09096769169,0.07067344942,0.111261934
s10-lognormal,shortest_estimate+topology_aware+easy,J_waste,20,0.04232767751,0.03745657437,0.04719878064
s10-lognormal,shortest_estimate+topology_aware+easy,J_slo,20,0.0282015955,0.02177790553,0.03462528547
s10-lognormal,shortest_estimate+topology_aware+easy,J_fairness,20,0.002943590707,0.001853888291,0.004033293123
s10-lognormal,shortest_estimate+topology_aware+easy,wait_mean,20,564.9504166,392.3316434,737.5691898
s10-lognormal,shortest_estimate+topology_aware+easy,wait_p95,20,2011.92425,1563.07832,2460.77018
s10-lognormal,shortest_estimate+topology_aware+easy,wait_p99,20,12930.1091,7808.477867,18051.74033
s10-lognormal,shortest_estimate+topology_aware+easy,jct_mean,20,3217.853344,2858.357403,3577.349285
s10-lognormal,shortest_estimate+topology_aware+easy,jct_p95,20,11221.4132,9704.766783,12738.05962
s10-lognormal,shortest_estimate+topology_aware+easy,bsld_mean,20,1.299638665,1.25166292,1.347614409
s10-lognormal,shortest_estimate+topology_aware+easy,bsld_p95,20,2.563376365,2.306115661,2.820637069
s10-lognormal,shortest_estimate+topology_aware+easy,bsld_p99,20,6.639716677,5.626929081,7.652504273
s10-lognormal,shortest_estimate+topology_aware+easy,wflow_mean,20,1.299638665,1.25166292,1.347614409
s10-lognormal,shortest_estimate+topology_aware+easy,wflow_sum_all,20,2553.343495,2465.390219,2641.29677
s10-lognormal,shortest_estimate+topology_aware+easy,large_wait_mean,20,2387.764289,1659.208665,3116.319913
s10-lognormal,shortest_estimate+topology_aware+easy,large_wait_p95,20,11531.80465,7210.431475,15853.17782
s10-lognormal,shortest_estimate+topology_aware+easy,utilization,20,0.8594284753,0.844639591,0.8742173597
s10-lognormal,shortest_estimate+topology_aware+easy,frag_blocked_frac,20,0.426980847,0.3829000126,0.4710616814
s10-lognormal,shortest_estimate+topology_aware+easy,stranded_frac,20,0.1957739751,0.1780604983,0.2134874518
s10-lognormal,shortest_estimate+topology_aware+easy,goodput_ratio,20,0.9576723225,0.9528012194,0.9625434256
s10-lognormal,shortest_estimate+topology_aware+easy,wasted_gpu_hours,20,207.1614968,171.6958284,242.6271651
s10-lognormal,shortest_estimate+topology_aware+easy,lost_gpu_hours,20,0,0,0
s10-lognormal,shortest_estimate+topology_aware+easy,overhead_gpu_hours,20,0,0,0
s10-lognormal,shortest_estimate+topology_aware+easy,topology_gpu_hours,20,207.1614047,171.6957394,242.62707
s10-lognormal,shortest_estimate+topology_aware+easy,slack_gpu_hours,20,9.208686872e-05,8.401648614e-05,0.0001001572513
s10-lognormal,shortest_estimate+topology_aware+easy,preemptions,20,0,0,0
s10-lognormal,shortest_estimate+topology_aware+easy,failure_kills,20,0,0,0
s10-lognormal,shortest_estimate+topology_aware+easy,node_downtime_gpu_hours,20,0,0,0
s10-lognormal,shortest_estimate+topology_aware+easy,jain_bsld,20,0.9970564093,0.9959667069,0.9981461117
s10-lognormal,shortest_estimate+topology_aware+easy,tenant_worst_best_ratio,20,1.14043545,1.111774598,1.169096301
s10-lognormal,shortest_estimate+topology_aware+easy,slo_attainment,20,0.9717984045,0.9653747145,0.9782220945
s10-lognormal,shortest_estimate+topology_aware+easy,makespan,20,232035.2285,201055.351,263015.106
s10-lognormal,shortest_estimate+topology_aware+easy,reservations,20,253.8,232.2020499,275.3979501
s10-lognormal,shortest_estimate+topology_aware+easy,broken_reservations,20,217.9,196.6538388,239.1461612
s10-lognormal,shortest_estimate+topology_aware+easy,tenant_t0_bsld_mean,20,1.300922567,1.248869639,1.352975495
s10-lognormal,shortest_estimate+topology_aware+easy,tenant_t0_bsld_p95,20,2.62345828,2.358585554,2.888331005
s10-lognormal,shortest_estimate+topology_aware+easy,tenant_t1_bsld_mean,20,1.31417959,1.252909989,1.37544919
s10-lognormal,shortest_estimate+topology_aware+easy,tenant_t1_bsld_p95,20,2.690944017,2.361030682,3.020857353
s10-lognormal,shortest_estimate+topology_aware+easy,tenant_t2_bsld_mean,20,1.287967978,1.239794429,1.336141526
s10-lognormal,shortest_estimate+topology_aware+easy,tenant_t2_bsld_p95,20,2.464827435,2.207106014,2.722548856
s10-lognormal,shortest_estimate+topology_aware+easy,tenant_t3_bsld_mean,20,1.277579172,1.195501814,1.35965653
s10-lognormal,shortest_estimate+topology_aware+easy,tenant_t3_bsld_p95,20,2.778878875,2.18933853,3.36841922
s10-lognormal,shortest_estimate+topology_aware+easy,prio_1_wait_p95,20,2023.4692,1622.8134,2424.125
s10-lognormal,shortest_estimate+topology_aware+easy,prio_1_bsld_p95,20,2.561967488,2.312858174,2.811076802
s10-lognormal,shortest_estimate+topology_aware+easy,prio_8_wait_p95,20,2286.09065,1288.923559,3283.257741
s10-lognormal,shortest_estimate+topology_aware+easy_oracle,J,20,0.1817669535,0.1502292765,0.2133046305
s10-lognormal,shortest_estimate+topology_aware+easy_oracle,J_slowdown,20,0.02765553026,0.02501440322,0.0302966573
s10-lognormal,shortest_estimate+topology_aware+easy_oracle,J_wait,20,0.08443170859,0.06381901218,0.105044405
s10-lognormal,shortest_estimate+topology_aware+easy_oracle,J_waste,20,0.04116692077,0.03633675663,0.04599708492
s10-lognormal,shortest_estimate+topology_aware+easy_oracle,J_slo,20,0.02641221575,0.02080215923,0.03202227227
s10-lognormal,shortest_estimate+topology_aware+easy_oracle,J_fairness,20,0.00210057812,0.0008267712227,0.003374385018
s10-lognormal,shortest_estimate+topology_aware+easy_oracle,wait_mean,20,552.0426109,372.5700078,731.515214
s10-lognormal,shortest_estimate+topology_aware+easy_oracle,wait_p95,20,1867.3685,1411.479349,2323.257651
s10-lognormal,shortest_estimate+topology_aware+easy_oracle,wait_p99,20,12317.22925,7619.80473,17014.65377
s10-lognormal,shortest_estimate+topology_aware+easy_oracle,jct_mean,20,3203.843372,2853.688129,3553.998615
s10-lognormal,shortest_estimate+topology_aware+easy_oracle,jct_p95,20,11223.6505,9764.413376,12682.88762
s10-lognormal,shortest_estimate+topology_aware+easy_oracle,bsld_mean,20,1.27942781,1.233821282,1.325034339
s10-lognormal,shortest_estimate+topology_aware+easy_oracle,bsld_p95,20,2.506330703,2.266973955,2.74568745
s10-lognormal,shortest_estimate+topology_aware+easy_oracle,bsld_p99,20,5.902509772,5.101567912,6.703451633
s10-lognormal,shortest_estimate+topology_aware+easy_oracle,wflow_mean,20,1.27942781,1.233821282,1.325034339
s10-lognormal,shortest_estimate+topology_aware+easy_oracle,wflow_sum_all,20,2520.193001,2435.580994,2604.805007
s10-lognormal,shortest_estimate+topology_aware+easy_oracle,large_wait_mean,20,2288.486791,1556.927456,3020.046126
s10-lognormal,shortest_estimate+topology_aware+easy_oracle,large_wait_p95,20,11458.0925,7049.827769,15866.35723
s10-lognormal,shortest_estimate+topology_aware+easy_oracle,utilization,20,0.8649369956,0.8487695956,0.8811043955
s10-lognormal,shortest_estimate+topology_aware+easy_oracle,frag_blocked_frac,20,0.3981845935,0.352131174,0.444238013
s10-lognormal,shortest_estimate+topology_aware+easy_oracle,stranded_frac,20,0.1947574714,0.1748782685,0.2146366742
s10-lognormal,shortest_estimate+topology_aware+easy_oracle,goodput_ratio,20,0.9588330792,0.9540029151,0.9636632434
s10-lognormal,shortest_estimate+topology_aware+easy_oracle,wasted_gpu_hours,20,199.7448647,168.0061451,231.4835843
s10-lognormal,shortest_estimate+topology_aware+easy_oracle,lost_gpu_hours,20,0,0,0
s10-lognormal,shortest_estimate+topology_aware+easy_oracle,overhead_gpu_hours,20,0,0,0
s10-lognormal,shortest_estimate+topology_aware+easy_oracle,topology_gpu_hours,20,199.7447718,168.006056,231.4834877
s10-lognormal,shortest_estimate+topology_aware+easy_oracle,slack_gpu_hours,20,9.282424246e-05,8.486414509e-05,0.0001007843398
s10-lognormal,shortest_estimate+topology_aware+easy_oracle,preemptions,20,0,0,0
s10-lognormal,shortest_estimate+topology_aware+easy_oracle,failure_kills,20,0,0,0
s10-lognormal,shortest_estimate+topology_aware+easy_oracle,node_downtime_gpu_hours,20,0,0,0
s10-lognormal,shortest_estimate+topology_aware+easy_oracle,jain_bsld,20,0.9978994219,0.996625615,0.9991732288
s10-lognormal,shortest_estimate+topology_aware+easy_oracle,tenant_worst_best_ratio,20,1.109338338,1.076150258,1.142526418
s10-lognormal,shortest_estimate+topology_aware+easy_oracle,slo_attainment,20,0.9735877843,0.9679777277,0.9791978408
s10-lognormal,shortest_estimate+topology_aware+easy_oracle,makespan,20,230609.5238,200643.6147,260575.4329
s10-lognormal,shortest_estimate+topology_aware+easy_oracle,reservations,20,271.35,246.3545921,296.3454079
s10-lognormal,shortest_estimate+topology_aware+easy_oracle,broken_reservations,20,74.85,66.07810516,83.62189484
s10-lognormal,shortest_estimate+topology_aware+easy_oracle,tenant_t0_bsld_mean,20,1.282248896,1.226834242,1.337663549
s10-lognormal,shortest_estimate+topology_aware+easy_oracle,tenant_t0_bsld_p95,20,2.561370093,2.293543233,2.829196953
s10-lognormal,shortest_estimate+topology_aware+easy_oracle,tenant_t1_bsld_mean,20,1.298575307,1.241872413,1.3552782
s10-lognormal,shortest_estimate+topology_aware+easy_oracle,tenant_t1_bsld_p95,20,2.6664152,2.341754821,2.99107558
s10-lognormal,shortest_estimate+topology_aware+easy_oracle,tenant_t2_bsld_mean,20,1.256616802,1.213186832,1.300046772
s10-lognormal,shortest_estimate+topology_aware+easy_oracle,tenant_t2_bsld_p95,20,2.365993347,2.112575962,2.619410733
s10-lognormal,shortest_estimate+topology_aware+easy_oracle,tenant_t3_bsld_mean,20,1.257559157,1.209383738,1.305734577
s10-lognormal,shortest_estimate+topology_aware+easy_oracle,tenant_t3_bsld_p95,20,2.500930529,2.211526005,2.790335054
s10-lognormal,shortest_estimate+topology_aware+easy_oracle,prio_1_wait_p95,20,1939.29855,1397.412185,2481.184915
s10-lognormal,shortest_estimate+topology_aware+easy_oracle,prio_1_bsld_p95,20,2.530027358,2.268216307,2.791838409
s10-lognormal,shortest_estimate+topology_aware+easy_oracle,prio_8_wait_p95,20,1901.1172,1284.229039,2518.005361
s10-lognormal,shortest_estimate+topology_aware+easy_predicted,J,20,0.1807179248,0.1568739324,0.2045619173
s10-lognormal,shortest_estimate+topology_aware+easy_predicted,J_slowdown,20,0.02758012279,0.02528433637,0.0298759092
s10-lognormal,shortest_estimate+topology_aware+easy_predicted,J_wait,20,0.08341170399,0.06923404872,0.09758935926
s10-lognormal,shortest_estimate+topology_aware+easy_predicted,J_waste,20,0.04107892106,0.03593499039,0.04622285173
s10-lognormal,shortest_estimate+topology_aware+easy_predicted,J_slo,20,0.02628989797,0.02147113875,0.0311086572
s10-lognormal,shortest_estimate+topology_aware+easy_predicted,J_fairness,20,0.002357279016,0.001523682962,0.003190875069
s10-lognormal,shortest_estimate+topology_aware+easy_predicted,wait_mean,20,535.0415927,399.9163302,670.1668551
s10-lognormal,shortest_estimate+topology_aware+easy_predicted,wait_p95,20,1844.80915,1531.243224,2158.375076
s10-lognormal,shortest_estimate+topology_aware+easy_predicted,wait_p99,20,11239.1264,7991.67714,14486.57566
s10-lognormal,shortest_estimate+topology_aware+easy_predicted,jct_mean,20,3186.892879,2852.26123,3521.524528
s10-lognormal,shortest_estimate+topology_aware+easy_predicted,jct_p95,20,11137.7585,9760.443255,12515.07375
s10-lognormal,shortest_estimate+topology_aware+easy_predicted,bsld_mean,20,1.296003174,1.252965456,1.339040892
s10-lognormal,shortest_estimate+topology_aware+easy_predicted,bsld_p95,20,2.499496769,2.291437117,2.70755642
s10-lognormal,shortest_estimate+topology_aware+easy_predicted,bsld_p99,20,6.56223882,5.716101411,7.40837623
s10-lognormal,shortest_estimate+topology_aware+easy_predicted,wflow_mean,20,1.296003174,1.252965456,1.339040892
s10-lognormal,shortest_estimate+topology_aware+easy_predicted,wflow_sum_all,20,2547.72316,2469.720292,2625.726029
s10-lognormal,shortest_estimate+topology_aware+easy_predicted,large_wait_mean,20,2277.938937,1701.75193,2854.125944
s10-lognormal,shortest_estimate+topology_aware+easy_predicted,large_wait_p95,20,10331.8017,7495.41796,13168.18544
s10-lognormal,shortest_estimate+topology_aware+easy_predicted,utilization,20,0.8570758165,0.8437969289,0.8703547041
s10-lognormal,shortest_estimate+topology_aware+easy_predicted,frag_blocked_frac,20,0.4263447132,0.3807500177,0.4719394087
s10-lognormal,shortest_estimate+topology_aware+easy_predicted,stranded_frac,20,0.1927080612,0.1750361665,0.2103799559
s10-lognormal,shortest_estimate+topology_aware+easy_predicted,goodput_ratio,20,0.9589210789,0.9537771483,0.9640650096
s10-lognormal,shortest_estimate+topology_aware+easy_predicted,wasted_gpu_hours,20,198.956884,164.6463942,233.2673738
s10-lognormal,shortest_estimate+topology_aware+easy_predicted,lost_gpu_hours,20,0,0,0
s10-lognormal,shortest_estimate+topology_aware+easy_predicted,overhead_gpu_hours,20,0,0,0
s10-lognormal,shortest_estimate+topology_aware+easy_predicted,topology_gpu_hours,20,198.9567949,164.6463074,233.2672823
s10-lognormal,shortest_estimate+topology_aware+easy_predicted,slack_gpu_hours,20,8.913333337e-05,8.247283652e-05,9.579383022e-05
s10-lognormal,shortest_estimate+topology_aware+easy_predicted,preemptions,20,0,0,0
s10-lognormal,shortest_estimate+topology_aware+easy_predicted,failure_kills,20,0,0,0
s10-lognormal,shortest_estimate+topology_aware+easy_predicted,node_downtime_gpu_hours,20,0,0,0
s10-lognormal,shortest_estimate+topology_aware+easy_predicted,jain_bsld,20,0.997642721,0.9968091249,0.998476317
s10-lognormal,shortest_estimate+topology_aware+easy_predicted,tenant_worst_best_ratio,20,1.126404159,1.103188517,1.149619802
s10-lognormal,shortest_estimate+topology_aware+easy_predicted,slo_attainment,20,0.973710102,0.9688913428,0.9785288612
s10-lognormal,shortest_estimate+topology_aware+easy_predicted,makespan,20,231817.9307,201659.4372,261976.4243
s10-lognormal,shortest_estimate+topology_aware+easy_predicted,reservations,20,242.35,222.9286486,261.7713514
s10-lognormal,shortest_estimate+topology_aware+easy_predicted,broken_reservations,20,219.3,199.1481315,239.4518685
s10-lognormal,shortest_estimate+topology_aware+easy_predicted,tenant_t0_bsld_mean,20,1.297775571,1.252062353,1.34348879
s10-lognormal,shortest_estimate+topology_aware+easy_predicted,tenant_t0_bsld_p95,20,2.529879621,2.319504706,2.740254537
s10-lognormal,shortest_estimate+topology_aware+easy_predicted,tenant_t1_bsld_mean,20,1.315380808,1.257130101,1.373631514
s10-lognormal,shortest_estimate+topology_aware+easy_predicted,tenant_t1_bsld_p95,20,2.554402282,2.277024531,2.831780033
s10-lognormal,shortest_estimate+topology_aware+easy_predicted,tenant_t2_bsld_mean,20,1.270949971,1.224039512,1.317860431
s10-lognormal,shortest_estimate+topology_aware+easy_predicted,tenant_t2_bsld_p95,20,2.521532836,2.235376354,2.807689318
s10-lognormal,shortest_estimate+topology_aware+easy_predicted,tenant_t3_bsld_mean,20,1.284909679,1.226662802,1.343156556
s10-lognormal,shortest_estimate+topology_aware+easy_predicted,tenant_t3_bsld_p95,20,2.59121486,2.234795996,2.947633724
s10-lognormal,shortest_estimate+topology_aware+easy_predicted,prio_1_wait_p95,20,1963.766,1631.202229,2296.329771
s10-lognormal,shortest_estimate+topology_aware+easy_predicted,prio_1_bsld_p95,20,2.569149667,2.358977612,2.779321723
s10-lognormal,shortest_estimate+topology_aware+easy_predicted,prio_8_wait_p95,20,1919.42375,1264.559748,2574.287752
s10-lognormal,shortest_estimate+topology_aware+risk,J,20,0.1832009815,0.1565522798,0.2098496831
s10-lognormal,shortest_estimate+topology_aware+risk,J_slowdown,20,0.0274853659,0.02467604582,0.03029468599
s10-lognormal,shortest_estimate+topology_aware+risk,J_wait,20,0.08614394145,0.07027947092,0.102008412
s10-lognormal,shortest_estimate+topology_aware+risk,J_waste,20,0.04004842896,0.03520095999,0.04489589794
s10-lognormal,shortest_estimate+topology_aware+risk,J_slo,20,0.02653430988,0.02144156169,0.03162705807
s10-lognormal,shortest_estimate+topology_aware+risk,J_fairness,20,0.002988935261,0.001772738976,0.004205131546
s10-lognormal,shortest_estimate+topology_aware+risk,wait_mean,20,552.0858064,387.4508795,716.7207332
s10-lognormal,shortest_estimate+topology_aware+risk,wait_p95,20,1905.2378,1554.364733,2256.110867
s10-lognormal,shortest_estimate+topology_aware+risk,wait_p99,20,13105.3874,8082.443955,18128.33084
s10-lognormal,shortest_estimate+topology_aware+risk,jct_mean,20,3203.247918,2869.145209,3537.350626
s10-lognormal,shortest_estimate+topology_aware+risk,jct_p95,20,11151.0816,9722.047931,12580.11527
s10-lognormal,shortest_estimate+topology_aware+risk,bsld_mean,20,1.302869291,1.254123483,1.351615099
s10-lognormal,shortest_estimate+topology_aware+risk,bsld_p95,20,2.490909261,2.236309725,2.745508797
s10-lognormal,shortest_estimate+topology_aware+risk,bsld_p99,20,6.883327653,5.94744054,7.819214766
s10-lognormal,shortest_estimate+topology_aware+risk,wflow_mean,20,1.302869291,1.254123483,1.351615099
s10-lognormal,shortest_estimate+topology_aware+risk,wflow_sum_all,20,2565.923587,2480.088634,2651.758539
s10-lognormal,shortest_estimate+topology_aware+risk,large_wait_mean,20,2337.134555,1634.664403,3039.604706
s10-lognormal,shortest_estimate+topology_aware+risk,large_wait_p95,20,11901.8247,7285.192689,16518.45671
s10-lognormal,shortest_estimate+topology_aware+risk,utilization,20,0.85821652,0.8442892307,0.8721438094
s10-lognormal,shortest_estimate+topology_aware+risk,frag_blocked_frac,20,0.4097858323,0.3582562547,0.4613154099
s10-lognormal,shortest_estimate+topology_aware+risk,stranded_frac,20,0.1907703974,0.1729192121,0.2086215827
s10-lognormal,shortest_estimate+topology_aware+risk,goodput_ratio,20,0.959951571,0.9551041021,0.96479904
s10-lognormal,shortest_estimate+topology_aware+risk,wasted_gpu_hours,20,193.8780842,160.6872431,227.0689254
s10-lognormal,shortest_estimate+topology_aware+risk,lost_gpu_hours,20,0,0,0
s10-lognormal,shortest_estimate+topology_aware+risk,overhead_gpu_hours,20,0,0,0
s10-lognormal,shortest_estimate+topology_aware+risk,topology_gpu_hours,20,193.8779953,160.6871578,227.0688327
s10-lognormal,shortest_estimate+topology_aware+risk,slack_gpu_hours,20,8.895555559e-05,8.007217701e-05,9.783893417e-05
s10-lognormal,shortest_estimate+topology_aware+risk,preemptions,20,0,0,0
s10-lognormal,shortest_estimate+topology_aware+risk,failure_kills,20,0,0,0
s10-lognormal,shortest_estimate+topology_aware+risk,node_downtime_gpu_hours,20,0,0,0
s10-lognormal,shortest_estimate+topology_aware+risk,jain_bsld,20,0.9970110647,0.9957948685,0.998227261
s10-lognormal,shortest_estimate+topology_aware+risk,tenant_worst_best_ratio,20,1.144316663,1.115246271,1.173387056
s10-lognormal,shortest_estimate+topology_aware+risk,slo_attainment,20,0.9734656901,0.9683729419,0.9785584383
s10-lognormal,shortest_estimate+topology_aware+risk,makespan,20,231865.9594,200807.4779,262924.4408
s10-lognormal,shortest_estimate+topology_aware+risk,reservations,20,247.55,224.0782125,271.0217875
s10-lognormal,shortest_estimate+topology_aware+risk,broken_reservations,20,175.65,154.94054,196.35946
s10-lognormal,shortest_estimate+topology_aware+risk,tenant_t0_bsld_mean,20,1.309380106,1.253333799,1.365426413
s10-lognormal,shortest_estimate+topology_aware+risk,tenant_t0_bsld_p95,20,2.632045224,2.345836864,2.918253583
s10-lognormal,shortest_estimate+topology_aware+risk,tenant_t1_bsld_mean,20,1.318729066,1.253180993,1.384277139
s10-lognormal,shortest_estimate+topology_aware+risk,tenant_t1_bsld_p95,20,2.560376326,2.25649606,2.864256592
s10-lognormal,shortest_estimate+topology_aware+risk,tenant_t2_bsld_mean,20,1.271162429,1.219184388,1.32314047
s10-lognormal,shortest_estimate+topology_aware+risk,tenant_t2_bsld_p95,20,2.388582335,2.104179461,2.672985208
s10-lognormal,shortest_estimate+topology_aware+risk,tenant_t3_bsld_mean,20,1.297634282,1.229212059,1.366056504
s10-lognormal,shortest_estimate+topology_aware+risk,tenant_t3_bsld_p95,20,2.642928449,2.200917871,3.084939027
s10-lognormal,shortest_estimate+topology_aware+risk,prio_1_wait_p95,20,1901.73165,1530.278369,2273.184931
s10-lognormal,shortest_estimate+topology_aware+risk,prio_1_bsld_p95,20,2.47581008,2.219652441,2.73196772
s10-lognormal,shortest_estimate+topology_aware+risk,prio_8_wait_p95,20,1850.2179,1318.404252,2382.031548
s10-shift-lognormal,fifo+first_fit+none,J,20,2.434947662,1.847399253,3.022496072
s10-shift-lognormal,fifo+first_fit+none,J_slowdown,20,0.8199948309,0.5703994181,1.069590244
s10-shift-lognormal,fifo+first_fit+none,J_wait,20,0.9233264864,0.6728403714,1.173812601
s10-shift-lognormal,fifo+first_fit+none,J_waste,20,0.04949914929,0.04459100309,0.05440729549
s10-shift-lognormal,fifo+first_fit+none,J_slo,20,0.5768680434,0.4587129307,0.6950231562
s10-shift-lognormal,fifo+first_fit+none,J_fairness,20,0.06525915247,0.0424588479,0.08805945705
s10-shift-lognormal,fifo+first_fit+none,wait_mean,20,10812.90436,6823.358573,14802.45014
s10-shift-lognormal,fifo+first_fit+none,wait_p95,20,20421.1288,14881.14994,25961.10766
s10-shift-lognormal,fifo+first_fit+none,wait_p99,20,22316.79875,16578.89655,28054.70095
s10-shift-lognormal,fifo+first_fit+none,jct_mean,20,13471.67503,9431.243238,17512.10683
s10-shift-lognormal,fifo+first_fit+none,jct_p95,20,25009.80645,19585.60708,30434.00582
s10-shift-lognormal,fifo+first_fit+none,bsld_mean,20,19.27358126,13.11419797,25.43296455
s10-shift-lognormal,fifo+first_fit+none,bsld_p95,20,74.31346285,51.6934429,96.9334828
s10-shift-lognormal,fifo+first_fit+none,bsld_p99,20,171.7264709,122.3116359,221.141306
s10-shift-lognormal,fifo+first_fit+none,wflow_mean,20,19.27358126,13.11419797,25.43296455
s10-shift-lognormal,fifo+first_fit+none,wflow_sum_all,20,38398.05662,26417.55642,50378.55682
s10-shift-lognormal,fifo+first_fit+none,large_wait_mean,20,11143.05134,7070.235334,15215.86735
s10-shift-lognormal,fifo+first_fit+none,large_wait_p95,20,20700.1641,15118.30757,26282.02063
s10-shift-lognormal,fifo+first_fit+none,utilization,20,0.8238000807,0.8145886779,0.8330114835
s10-shift-lognormal,fifo+first_fit+none,frag_blocked_frac,20,0.7986792751,0.7709329091,0.8264256411
s10-shift-lognormal,fifo+first_fit+none,stranded_frac,20,0.2411538264,0.2308400659,0.2514675868
s10-shift-lognormal,fifo+first_fit+none,goodput_ratio,20,0.9505008507,0.9455927045,0.9554089969
s10-shift-lognormal,fifo+first_fit+none,wasted_gpu_hours,20,244.2574193,205.5752091,282.9396296
s10-shift-lognormal,fifo+first_fit+none,lost_gpu_hours,20,0,0,0
s10-shift-lognormal,fifo+first_fit+none,overhead_gpu_hours,20,0,0,0
s10-shift-lognormal,fifo+first_fit+none,topology_gpu_hours,20,244.2573001,205.5750934,282.9395068
s10-shift-lognormal,fifo+first_fit+none,slack_gpu_hours,20,0.0001191939394,0.0001121001162,0.0001262877627
s10-shift-lognormal,fifo+first_fit+none,preemptions,20,0,0,0
s10-shift-lognormal,fifo+first_fit+none,failure_kills,20,0,0,0
s10-shift-lognormal,fifo+first_fit+none,node_downtime_gpu_hours,20,0,0,0
s10-shift-lognormal,fifo+first_fit+none,jain_bsld,20,0.9347408475,0.9119405429,0.9575411521
s10-shift-lognormal,fifo+first_fit+none,tenant_worst_best_ratio,20,1.973101362,1.732871158,2.213331567
s10-shift-lognormal,fifo+first_fit+none,slo_attainment,20,0.4231319566,0.3049768438,0.5412870693
s10-shift-lognormal,fifo+first_fit+none,makespan,20,240313.8036,210460.412,270167.1953
s10-shift-lognormal,fifo+first_fit+none,reservations,20,0,0,0
s10-shift-lognormal,fifo+first_fit+none,broken_reservations,20,0,0,0
s10-shift-lognormal,fifo+first_fit+none,tenant_t0_bsld_mean,20,19.99623732,12.78554468,27.20692995
s10-shift-lognormal,fifo+first_fit+none,tenant_t0_bsld_p95,20,80.03772503,50.45810007,109.61735
s10-shift-lognormal,fifo+first_fit+none,tenant_t1_bsld_mean,20,18.38422288,12.4024483,24.36599747
s10-shift-lognormal,fifo+first_fit+none,tenant_t1_bsld_p95,20,71.07568748,49.10414859,93.04722638
s10-shift-lognormal,fifo+first_fit+none,tenant_t2_bsld_mean,20,20.30312885,13.16404438,27.44221331
s10-shift-lognormal,fifo+first_fit+none,tenant_t2_bsld_p95,20,77.27001577,51.38962552,103.150406
s10-shift-lognormal,fifo+first_fit+none,tenant_t3_bsld_mean,20,17.67880183,11.86800284,23.48960081
s10-shift-lognormal,fifo+first_fit+none,tenant_t3_bsld_p95,20,64.85593495,46.45474386,83.25712605
s10-shift-lognormal,fifo+first_fit+none,prio_1_wait_p95,20,20504.72485,14928.77479,26080.67491
s10-shift-lognormal,fifo+first_fit+none,prio_1_bsld_p95,20,75.56163515,51.35014012,99.77313017
s10-shift-lognormal,fifo+first_fit+none,prio_8_wait_p95,20,20345.2211,14904.83098,25785.61122
s10-shift-lognormal,shortest_estimate+topology_aware+conservative,J,20,0.2404897474,0.1743361247,0.3066433702
s10-shift-lognormal,shortest_estimate+topology_aware+conservative,J_slowdown,20,0.03157390688,0.02701796058,0.03612985319
s10-shift-lognormal,shortest_estimate+topology_aware+conservative,J_wait,20,0.1301585597,0.0797393864,0.1805777329
s10-shift-lognormal,shortest_estimate+topology_aware+conservative,J_waste,20,0.03960102198,0.03507461051,0.04412743344
s10-shift-lognormal,shortest_estimate+topology_aware+conservative,J_slo,20,0.03523151236,0.02562926338,0.04483376135
s10-shift-lognormal,shortest_estimate+topology_aware+conservative,J_fairness,20,0.003924746516,0.001629399439,0.006220093594
s10-shift-lognormal,shortest_estimate+topology_aware+conservative,wait_mean,20,755.5546282,470.09204,1041.017216
s10-shift-lognormal,shortest_estimate+topology_aware+conservative,wait_p95,20,2878.70515,1763.588833,3993.821467
s10-shift-lognormal,shortest_estimate+topology_aware+conservative,wait_p99,20,16570.97435,9696.504521,23445.44418
s10-shift-lognormal,shortest_estimate+topology_aware+conservative,jct_mean,20,3406.495148,2997.375143,3815.615153
s10-shift-lognormal,shortest_estimate+topology_aware+conservative,jct_p95,20,12094.2867,10378.62617,13809.94723
s10-shift-lognormal,shortest_estimate+topology_aware+conservative,bsld_mean,20,1.38188648,1.300785695,1.462987266
s10-shift-lognormal,shortest_estimate+topology_aware+conservative,bsld_p95,20,2.861440424,2.448549837,3.27433101
s10-shift-lognormal,shortest_estimate+topology_aware+conservative,bsld_p99,20,8.427790788,6.951260022,9.904321554
s10-shift-lognormal,shortest_estimate+topology_aware+conservative,wflow_mean,20,1.38188648,1.300785695,1.462987266
s10-shift-lognormal,shortest_estimate+topology_aware+conservative,wflow_sum_all,20,2704.180433,2557.145098,2851.215767
s10-shift-lognormal,shortest_estimate+topology_aware+conservative,large_wait_mean,20,2742.327372,1859.500857,3625.153887
s10-shift-lognormal,shortest_estimate+topology_aware+conservative,large_wait_p95,20,14731.4028,9018.460255,20444.34534
s10-shift-lognormal,shortest_estimate+topology_aware+conservative,utilization,20,0.8584422207,0.8421587118,0.8747257296
s10-shift-lognormal,shortest_estimate+topology_aware+conservative,frag_blocked_frac,20,0.4086352847,0.3608604176,0.4564101519
s10-shift-lognormal,shortest_estimate+topology_aware+conservative,stranded_frac,20,0.18225921,0.1655438938,0.1989745261
s10-shift-lognormal,shortest_estimate+topology_aware+conservative,goodput_ratio,20,0.960398978,0.9558725666,0.9649253895
s10-shift-lognormal,shortest_estimate+topology_aware+conservative,wasted_gpu_hours,20,193.5780784,159.6877271,227.4684298
s10-shift-lognormal,shortest_estimate+topology_aware+conservative,lost_gpu_hours,20,0,0,0
s10-shift-lognormal,shortest_estimate+topology_aware+conservative,overhead_gpu_hours,20,0,0,0
s10-shift-lognormal,shortest_estimate+topology_aware+conservative,topology_gpu_hours,20,193.5779908,159.6876418,227.4683398
s10-shift-lognormal,shortest_estimate+topology_aware+conservative,slack_gpu_hours,20,8.764646468e-05,8.104873892e-05,9.424419044e-05
s10-shift-lognormal,shortest_estimate+topology_aware+conservative,preemptions,20,0,0,0
s10-shift-lognormal,shortest_estimate+topology_aware+conservative,failure_kills,20,0,0,0
s10-shift-lognormal,shortest_estimate+topology_aware+conservative,node_downtime_gpu_hours,20,0,0,0
s10-shift-lognormal,shortest_estimate+topology_aware+conservative,jain_bsld,20,0.9960752535,0.9937799064,0.9983706006
s10-shift-lognormal,shortest_estimate+topology_aware+conservative,tenant_worst_best_ratio,20,1.152725577,1.106799533,1.198651621
s10-shift-lognormal,shortest_estimate+topology_aware+conservative,slo_attainment,20,0.9647684876,0.9551662387,0.9743707366
s10-shift-lognormal,shortest_estimate+topology_aware+conservative,makespan,20,232621.9995,202058.5542,263185.4448
s10-shift-lognormal,shortest_estimate+topology_aware+conservative,reservations,20,413.8,363.4863376,464.1136624
s10-shift-lognormal,shortest_estimate+topology_aware+conservative,broken_reservations,20,370.2,325.4432209,414.9567791
s10-shift-lognormal,shortest_estimate+topology_aware+conservative,tenant_t0_bsld_mean,20,1.400040173,1.312140074,1.487940272
s10-shift-lognormal,shortest_estimate+topology_aware+conservative,tenant_t0_bsld_p95,20,2.904362041,2.506004183,3.3027199
s10-shift-lognormal,shortest_estimate+topology_aware+conservative,tenant_t1_bsld_mean,20,1.387240263,1.287045491,1.487435034
s10-shift-lognormal,shortest_estimate+topology_aware+conservative,tenant_t1_bsld_p95,20,2.925139395,2.423078226,3.427200564
s10-shift-lognormal,shortest_estimate+topology_aware+conservative,tenant_t2_bsld_mean,20,1.359861495,1.282223092,1.437499897
s10-shift-lognormal,shortest_estimate+topology_aware+conservative,tenant_t2_bsld_p95,20,2.85486149,2.448919551,3.260803429
s10-shift-lognormal,shortest_estimate+topology_aware+conservative,tenant_t3_bsld_mean,20,1.341756251,1.245363899,1.438148604
s10-shift-lognormal,shortest_estimate+topology_aware+conservative,tenant_t3_bsld_p95,20,2.964151153,2.290985789,3.637316516
s10-shift-lognormal,shortest_estimate+topology_aware+conservative,prio_1_wait_p95,20,3074.54715,1854.378607,4294.715693
s10-shift-lognormal,shortest_estimate+topology_aware+conservative,prio_1_bsld_p95,20,2.943958635,2.487737079,3.40018019
s10-shift-lognormal,shortest_estimate+topology_aware+conservative,prio_8_wait_p95,20,2630.29785,1643.859808,3616.735892
s10-shift-lognormal,shortest_estimate+topology_aware+easy,J,20,0.2142672982,0.1691507236,0.2593838728
s10-shift-lognormal,shortest_estimate+topology_aware+easy,J_slowdown,20,0.03250470333,0.02728090928,0.03772849738
s10-shift-lognormal,shortest_estimate+topology_aware+easy,J_wait,20,0.10448628,0.0755201655,0.1334523944
s10-shift-lognormal,shortest_estimate+topology_aware+easy,J_waste,20,0.03962808426,0.03471178619,0.04454438234
s10-shift-lognormal,shortest_estimate+topology_aware+easy,J_slo,20,0.03101867813,0.02409267668,0.03794467958
s10-shift-lognormal,shortest_estimate+topology_aware+easy,J_fairness,20,0.006629552536,0.002380633465,0.01087847161
s10-shift-lognormal,shortest_estimate+topology_aware+easy,wait_mean,20,684.9742159,457.2782063,912.6702255
s10-shift-lognormal,shortest_estimate+topology_aware+easy,wait_p95,20,2310.91365,1670.272704,2951.554596
s10-shift-lognormal,shortest_estimate+topology_aware+easy,wait_p99,20,17239.66315,9847.361504,24631.9648
s10-shift-lognormal,shortest_estimate+topology_aware+easy,jct_mean,20,3336.121983,2988.355916,3683.888051
s10-shift-lognormal,shortest_estimate+topology_aware+easy,jct_p95,20,11755.2338,10295.88529,13214.58231
s10-shift-lognormal,shortest_estimate+topology_aware+easy,bsld_mean,20,1.431592816,1.311872481,1.551313151
s10-shift-lognormal,shortest_estimate+topology_aware+easy,bsld_p95,20,2.945795476,2.472380022,3.41921093
s10-shift-lognormal,shortest_estimate+topology_aware+easy,bsld_p99,20,10.03721726,7.303222106,12.77121241
s10-shift-lognormal,shortest_estimate+topology_aware+easy,wflow_mean,20,1.431592816,1.311872481,1.551313151
s10-shift-lognormal,shortest_estimate+topology_aware+easy,wflow_sum_all,20,2801.513736,2589.895422,3013.13205
s10-shift-lognormal,shortest_estimate+topology_aware+easy,large_wait_mean,20,2928.147065,1967.412938,3888.881192
s10-shift-lognormal,shortest_estimate+topology_aware+easy,large_wait_p95,20,16078.32415,9209.10987,22947.53843
s10-shift-lognormal,shortest_estimate+topology_aware+easy,utilization,20,0.8561895108,0.8413641183,0.8710149034
s10-shift-lognormal,shortest_estimate+topology_aware+easy,frag_blocked_frac,20,0.4437822338,0.3925549328,0.4950095348
s10-shift-lognormal,shortest_estimate+topology_aware+easy,stranded_frac,20,0.1942182934,0.1762834823,0.2121531045
s10-shift-lognormal,shortest_estimate+topology_aware+easy,goodput_ratio,20,0.9603719157,0.9554556177,0.9652882138
s10-shift-lognormal,shortest_estimate+topology_aware+easy,wasted_gpu_hours,20,190.518384,159.7882443,221.2485237
s10-shift-lognormal,shortest_estimate+topology_aware+easy,lost_gpu_hours,20,0,0,0
s10-shift-lognormal,shortest_estimate+topology_aware+easy,overhead_gpu_hours,20,0,0,0
s10-shift-lognormal,shortest_estimate+topology_aware+easy,topology_gpu_hours,20,190.5182941,159.7881572,221.248431
s10-shift-lognormal,shortest_estimate+topology_aware+easy,slack_gpu_hours,20,8.993535357e-05,8.288321059e-05,9.698749655e-05
s10-shift-lognormal,shortest_estimate+topology_aware+easy,preemptions,20,0,0,0
s10-shift-lognormal,shortest_estimate+topology_aware+easy,failure_kills,20,0,0,0
s10-shift-lognormal,shortest_estimate+topology_aware+easy,node_downtime_gpu_hours,20,0,0,0
s10-shift-lognormal,shortest_estimate+topology_aware+easy,jain_bsld,20,0.9933704475,0.9891215284,0.9976193665
s10-shift-lognormal,shortest_estimate+topology_aware+easy,tenant_worst_best_ratio,20,1.199078175,1.126600037,1.271556313
s10-shift-lognormal,shortest_estimate+topology_aware+easy,slo_attainment,20,0.9689813219,0.9620553204,0.9759073233
s10-shift-lognormal,shortest_estimate+topology_aware+easy,makespan,20,230990.3413,200457.5332,261523.1494
s10-shift-lognormal,shortest_estimate+topology_aware+easy,reservations,20,236.9,215.7185073,258.0814927
s10-shift-lognormal,shortest_estimate+topology_aware+easy,broken_reservations,20,217.1,196.791535,237.408465
s10-shift-lognormal,shortest_estimate+topology_aware+easy,tenant_t0_bsld_mean,20,1.420165998,1.306629699,1.533702297
s10-shift-lognormal,shortest_estimate+topology_aware+easy,tenant_t0_bsld_p95,20,2.934573728,2.555168688,3.313978769
s10-shift-lognormal,shortest_estimate+topology_aware+easy,tenant_t1_bsld_mean,20,1.478620703,1.311057974,1.646183432
s10-shift-lognormal,shortest_estimate+topology_aware+easy,tenant_t1_bsld_p95,20,3.133077147,2.450298669,3.815855624
s10-shift-lognormal,shortest_estimate+topology_aware+easy,tenant_t2_bsld_mean,20,1.423310398,1.312060775,1.534560021
s10-shift-lognormal,shortest_estimate+topology_aware+easy,tenant_t2_bsld_p95,20,3.053145639,2.567028768,3.53926251
s10-shift-lognormal,shortest_estimate+topology_aware+easy,tenant_t3_bsld_mean,20,1.358764792,1.237762879,1.479766704
s10-shift-lognormal,shortest_estimate+topology_aware+easy,tenant_t3_bsld_p95,20,2.957128508,2.207773159,3.706483858
s10-shift-lognormal,shortest_estimate+topology_aware+easy,prio_1_wait_p95,20,2367.3596,1742.582046,2992.137154
s10-shift-lognormal,shortest_estimate+topology_aware+easy,prio_1_bsld_p95,20,2.965012927,2.495490904,3.434534949
s10-shift-lognormal,shortest_estimate+topology_aware+easy,prio_8_wait_p95,20,2753.6072,1262.896714,4244.317686
s10-shift-lognormal,shortest_estimate+topology_aware+easy_oracle,J,20,0.1819712824,0.1484481676,0.2154943972
s10-shift-lognormal,shortest_estimate+topology_aware+easy_oracle,J_slowdown,20,0.02798753634,0.02473955517,0.0312355175
s10-shift-lognormal,shortest_estimate+topology_aware+easy_oracle,J_wait,20,0.08258031072,0.06270064122,0.1024599802
s10-shift-lognormal,shortest_estimate+topology_aware+easy_oracle,J_waste,20,0.03837793596,0.03266568823,0.04409018368
s10-shift-lognormal,shortest_estimate+topology_aware+easy_oracle,J_slo,20,0.02753543906,0.02099242431,0.03407845381
s10-shift-lognormal,shortest_estimate+topology_aware+easy_oracle,J_fairness,20,0.005490060289,0.001945906436,0.009034214141
s10-shift-lognormal,shortest_estimate+topology_aware+easy_oracle,wait_mean,20,592.0383042,383.3834634,800.6931449
s10-shift-lognormal,shortest_estimate+topology_aware+easy_oracle,wait_p95,20,1826.4213,1386.744439,2266.098161
s10-shift-lognormal,shortest_estimate+topology_aware+easy_oracle,wait_p99,20,14175.24045,8133.930906,20216.54999
s10-shift-lognormal,shortest_estimate+topology_aware+easy_oracle,jct_mean,20,3242.209124,2882.098828,3602.31942
s10-shift-lognormal,shortest_estimate+topology_aware+easy_oracle,jct_p95,20,11235.013,9801.196567,12668.82943
s10-shift-lognormal,shortest_estimate+topology_aware+easy_oracle,bsld_mean,20,1.320320097,1.254436295,1.386203899
s10-shift-lognormal,shortest_estimate+topology_aware+easy_oracle,bsld_p95,20,2.536419333,2.24206537,2.830773295
s10-shift-lognormal,shortest_estimate+topology_aware+easy_oracle,bsld_p99,20,7.143024717,5.858207679,8.427841756
s10-shift-lognormal,shortest_estimate+topology_aware+easy_oracle,wflow_mean,20,1.320320097,1.254436295,1.386203899
s10-shift-lognormal,shortest_estimate+topology_aware+easy_oracle,wflow_sum_all,20,2593.387724,2472.528095,2714.247352
s10-shift-lognormal,shortest_estimate+topology_aware+easy_oracle,large_wait_mean,20,2488.047333,1601.648793,3374.445872
s10-shift-lognormal,shortest_estimate+topology_aware+easy_oracle,large_wait_p95,20,13317.10645,7685.6669,18948.546
s10-shift-lognormal,shortest_estimate+topology_aware+easy_oracle,utilization,20,0.8630582037,0.8458160717,0.8803003356
s10-shift-lognormal,shortest_estimate+topology_aware+easy_oracle,frag_blocked_frac,20,0.3970623319,0.3532408951,0.4408837687
s10-shift-lognormal,shortest_estimate+topology_aware+easy_oracle,stranded_frac,20,0.1935536259,0.1745941168,0.212513135
s10-shift-lognormal,shortest_estimate+topology_aware+easy_oracle,goodput_ratio,20,0.961622064,0.9559098163,0.9673343118
s10-shift-lognormal,shortest_estimate+topology_aware+easy_oracle,wasted_gpu_hours,20,185.1599376,147.7976039,222.5222712
s10-shift-lognormal,shortest_estimate+topology_aware+easy_oracle,lost_gpu_hours,20,0,0,0
s10-shift-lognormal,shortest_estimate+topology_aware+easy_oracle,overhead_gpu_hours,20,0,0,0
s10-shift-lognormal,shortest_estimate+topology_aware+easy_oracle,topology_gpu_hours,20,185.1598475,147.7975179,222.5221772
s10-shift-lognormal,shortest_estimate+topology_aware+easy_oracle,slack_gpu_hours,20,9.003434347e-05,8.215893088e-05,9.790975605e-05
s10-shift-lognormal,shortest_estimate+topology_aware+easy_oracle,preemptions,20,0,0,0
s10-shift-lognormal,shortest_estimate+topology_aware+easy_oracle,failure_kills,20,0,0,0
s10-shift-lognormal,shortest_estimate+topology_aware+easy_oracle,node_downtime_gpu_hours,20,0,0,0
s10-shift-lognormal,shortest_estimate+topology_aware+easy_oracle,jain_bsld,20,0.9945099397,0.9909657859,0.9980540936
s10-shift-lognormal,shortest_estimate+topology_aware+easy_oracle,tenant_worst_best_ratio,20,1.17442763,1.114595501,1.234259759
s10-shift-lognormal,shortest_estimate+topology_aware+easy_oracle,slo_attainment,20,0.9724645609,0.9659215462,0.9790075757
s10-shift-lognormal,shortest_estimate+topology_aware+easy_oracle,makespan,20,228791.6175,198410.6508,259172.5843
s10-shift-lognormal,shortest_estimate+topology_aware+easy_oracle,reservations,20,263.7,237.4805947,289.9194053
s10-shift-lognormal,shortest_estimate+topology_aware+easy_oracle,broken_reservations,20,70,61.13044297,78.86955703
s10-shift-lognormal,shortest_estimate+topology_aware+easy_oracle,tenant_t0_bsld_mean,20,1.325337834,1.255777162,1.394898506
s10-shift-lognormal,shortest_estimate+topology_aware+easy_oracle,tenant_t0_bsld_p95,20,2.640737662,2.313576294,2.96789903
s10-shift-lognormal,shortest_estimate+topology_aware+easy_oracle,tenant_t1_bsld_mean,20,1.356083563,1.246814843,1.465352283
s10-shift-lognormal,shortest_estimate+topology_aware+easy_oracle,tenant_t1_bsld_p95,20,2.72148046,2.287806202,3.155154719
s10-shift-lognormal,shortest_estimate+topology_aware+easy_oracle,tenant_t2_bsld_mean,20,1.292098235,1.238099792,1.346096679
s10-shift-lognormal,shortest_estimate+topology_aware+easy_oracle,tenant_t2_bsld_p95,20,2.445683044,2.128171273,2.763194815
s10-shift-lognormal,shortest_estimate+topology_aware+easy_oracle,tenant_t3_bsld_mean,20,1.250531163,1.186882548,1.314179779
s10-shift-lognormal,shortest_estimate+topology_aware+easy_oracle,tenant_t3_bsld_p95,20,2.378184413,1.995985625,2.7603832
s10-shift-lognormal,shortest_estimate+topology_aware+easy_oracle,prio_1_wait_p95,20,1838.71825,1433.194093,2244.242407
s10-shift-lognormal,shortest_estimate+topology_aware+easy_oracle,prio_1_bsld_p95,20,2.539909925,2.236562274,2.843257577
s10-shift-lognormal,shortest_estimate+topology_aware+easy_oracle,prio_8_wait_p95,20,1939.65075,1372.839761,2506.461739
s10-shift-lognormal,shortest_estimate+topology_aware+easy_predicted,J,20,0.2227893984,0.1782644858,0.267314311
s10-shift-lognormal,shortest_estimate+topology_aware+easy_predicted,J_slowdown,20,0.03263467637,0.02756901537,0.03770033737
s10-shift-lognormal,shortest_estimate+topology_aware+easy_predicted,J_wait,20,0.111176507,0.08172379084,0.1406292232
s10-shift-lognormal,shortest_estimate+topology_aware+easy_predicted,J_waste,20,0.04070201669,0.03598229213,0.04542174124
s10-shift-lognormal,shortest_estimate+topology_aware+easy_predicted,J_slo,20,0.03209558263,0.02538147274,0.03880969251
s10-shift-lognormal,shortest_estimate+topology_aware+easy_predicted,J_fairness,20,0.006180615684,0.002657591685,0.009703639683
s10-shift-lognormal,shortest_estimate+topology_aware+easy_predicted,wait_mean,20,720.6082604,474.8420694,966.3744514
s10-shift-lognormal,shortest_estimate+topology_aware+easy_predicted,wait_p95,20,2458.8808,1807.477727,3110.283873
s10-shift-lognormal,shortest_estimate+topology_aware+easy_predicted,wait_p99,20,17999.2882,10141.03858,25857.53782
s10-shift-lognormal,shortest_estimate+topology_aware+easy_predicted,jct_mean,20,3372.809652,2993.481378,3752.137926
s10-shift-lognormal,shortest_estimate+topology_aware+easy_predicted,jct_p95,20,11987.16555,10468.66061,13505.67049
s10-shift-lognormal,shortest_estimate+topology_aware+easy_predicted,bsld_mean,20,1.43637851,1.321883533,1.550873488
s10-shift-lognormal,shortest_estimate+topology_aware+easy_predicted,bsld_p95,20,2.95757451,2.49849014,3.41665888
s10-shift-lognormal,shortest_estimate+topology_aware+easy_predicted,bsld_p99,20,9.81407069,7.473049884,12.1550915
s10-shift-lognormal,shortest_estimate+topology_aware+easy_predicted,wflow_mean,20,1.43637851,1.321883533,1.550873488
s10-shift-lognormal,shortest_estimate+topology_aware+easy_predicted,wflow_sum_all,20,2798.960588,2601.387026,2996.534149
s10-shift-lognormal,shortest_estimate+topology_aware+easy_predicted,large_wait_mean,20,3085.298545,2040.381987,4130.215102
s10-shift-lognormal,shortest_estimate+topology_aware+easy_predicted,large_wait_p95,20,16965.1605,9614.742575,24315.57842
s10-shift-lognormal,shortest_estimate+topology_aware+easy_predicted,utilization,20,0.8561658588,0.8418134571,0.8705182604
s10-shift-lognormal,shortest_estimate+topology_aware+easy_predicted,frag_blocked_frac,20,0.4344089834,0.3871722513,0.4816457156
s10-shift-lognormal,shortest_estimate+topology_aware+easy_predicted,stranded_frac,20,0.1905063143,0.1731316406,0.207880988
s10-shift-lognormal,shortest_estimate+topology_aware+easy_predicted,goodput_ratio,20,0.9592979833,0.9545782588,0.9640177079
s10-shift-lognormal,shortest_estimate+topology_aware+easy_predicted,wasted_gpu_hours,20,199.504205,164.1934822,234.8149278
s10-shift-lognormal,shortest_estimate+topology_aware+easy_predicted,lost_gpu_hours,20,0,0,0
s10-shift-lognormal,shortest_estimate+topology_aware+easy_predicted,overhead_gpu_hours,20,0,0,0
s10-shift-lognormal,shortest_estimate+topology_aware+easy_predicted,topology_gpu_hours,20,199.5041144,164.1933957,234.8148332
s10-shift-lognormal,shortest_estimate+topology_aware+easy_predicted,slack_gpu_hours,20,9.055353539e-05,8.283005178e-05,9.827701899e-05
s10-shift-lognormal,shortest_estimate+topology_aware+easy_predicted,preemptions,20,0,0,0
s10-shift-lognormal,shortest_estimate+topology_aware+easy_predicted,failure_kills,20,0,0,0
s10-shift-lognormal,shortest_estimate+topology_aware+easy_predicted,node_downtime_gpu_hours,20,0,0,0
s10-shift-lognormal,shortest_estimate+topology_aware+easy_predicted,jain_bsld,20,0.9938193843,0.9902963603,0.9973424083
s10-shift-lognormal,shortest_estimate+topology_aware+easy_predicted,tenant_worst_best_ratio,20,1.200734293,1.142672119,1.258796467
s10-shift-lognormal,shortest_estimate+topology_aware+easy_predicted,slo_attainment,20,0.9679044174,0.9611903075,0.9746185273
s10-shift-lognormal,shortest_estimate+topology_aware+easy_predicted,makespan,20,232756.9182,202098.0692,263415.7671
s10-shift-lognormal,shortest_estimate+topology_aware+easy_predicted,reservations,20,231.45,212.6989814,250.2010186
s10-shift-lognormal,shortest_estimate+topology_aware+easy_predicted,broken_reservations,20,219.55,201.3676966,237.7323034
s10-shift-lognormal,shortest_estimate+topology_aware+easy_predicted,tenant_t0_bsld_mean,20,1.445852488,1.329816331,1.561888644
s10-shift-lognormal,shortest_estimate+topology_aware+easy_predicted,tenant_t0_bsld_p95,20,3.070668039,2.61675679,3.524579289
s10-shift-lognormal,shortest_estimate+topology_aware+easy_predicted,tenant_t1_bsld_mean,20,1.473116664,1.319187593,1.627045735
s10-shift-lognormal,shortest_estimate+topology_aware+easy_predicted,tenant_t1_bsld_p95,20,3.07057597,2.488607269,3.652544671
s10-shift-lognormal,shortest_estimate+topology_aware+easy_predicted,tenant_t2_bsld_mean,20,1.403880633,1.309973835,1.497787432
s10-shift-lognormal,shortest_estimate+topology_aware+easy_predicted,tenant_t2_bsld_p95,20,2.973694765,2.508909104,3.438480427
s10-shift-lognormal,shortest_estimate+topology_aware+easy_predicted,tenant_t3_bsld_mean,20,1.358458725,1.235970811,1.480946639
s10-shift-lognormal,shortest_estimate+topology_aware+easy_predicted,tenant_t3_bsld_p95,20,2.983488098,2.148721132,3.818255065
s10-shift-lognormal,shortest_estimate+topology_aware+easy_predicted,prio_1_wait_p95,20,2448.80485,1815.474009,3082.135691
s10-shift-lognormal,shortest_estimate+topology_aware+easy_predicted,prio_1_bsld_p95,20,2.972954401,2.50979323,3.436115572
s10-shift-lognormal,shortest_estimate+topology_aware+easy_predicted,prio_8_wait_p95,20,2633.7173,1312.797433,3954.637167
s10-shift-lognormal,shortest_estimate+topology_aware+risk,J,20,0.2186325288,0.1750514445,0.2622136132
s10-shift-lognormal,shortest_estimate+topology_aware+risk,J_slowdown,20,0.03274908447,0.02786222551,0.03763594343
s10-shift-lognormal,shortest_estimate+topology_aware+risk,J_wait,20,0.1078293148,0.07895072928,0.1367079002
s10-shift-lognormal,shortest_estimate+topology_aware+risk,J_waste,20,0.04024643106,0.03523003161,0.04526283051
s10-shift-lognormal,shortest_estimate+topology_aware+risk,J_slo,20,0.03094304377,0.02361733303,0.03826875451
s10-shift-lognormal,shortest_estimate+topology_aware+risk,J_fairness,20,0.006864654774,0.00228310896,0.01144620059
s10-shift-lognormal,shortest_estimate+topology_aware+risk,wait_mean,20,721.2715341,473.808046,968.7350222
s10-shift-lognormal,shortest_estimate+topology_aware+risk,wait_p95,20,2384.85125,1746.146174,3023.556326
s10-shift-lognormal,shortest_estimate+topology_aware+risk,wait_p99,20,18106.88175,10257.34803,25956.41547
s10-shift-lognormal,shortest_estimate+topology_aware+risk,jct_mean,20,3372.772651,2995.317245,3750.228057
s10-shift-lognormal,shortest_estimate+topology_aware+risk,jct_p95,20,11957.25305,10413.04036,13501.46574
s10-shift-lognormal,shortest_estimate+topology_aware+risk,bsld_mean,20,1.4411998,1.331476763,1.550922836
s10-shift-lognormal,shortest_estimate+topology_aware+risk,bsld_p95,20,2.967942944,2.52506282,3.410823067
s10-shift-lognormal,shortest_estimate+topology_aware+risk,bsld_p99,20,9.883228319,7.631245622,12.13521102
s10-shift-lognormal,shortest_estimate+topology_aware+risk,wflow_mean,20,1.4411998,1.331476763,1.550922836
s10-shift-lognormal,shortest_estimate+topology_aware+risk,wflow_sum_all,20,2808.595701,2615.534416,3001.656987
s10-shift-lognormal,shortest_estimate+topology_aware+risk,large_wait_mean,20,3068.750561,2011.646718,4125.854405
s10-shift-lognormal,shortest_estimate+topology_aware+risk,large_wait_p95,20,16873.8329,9692.738928,24054.92687
s10-shift-lognormal,shortest_estimate+topology_aware+risk,utilization,20,0.8578111084,0.8435428299,0.872079387
s10-shift-lognormal,shortest_estimate+topology_aware+risk,frag_blocked_frac,20,0.4191082851,0.3669563688,0.4712602013
s10-shift-lognormal,shortest_estimate+topology_aware+risk,stranded_frac,20,0.188502151,0.1687818761,0.208222426
s10-shift-lognormal,shortest_estimate+topology_aware+risk,goodput_ratio,20,0.9597535689,0.9547371695,0.9647699684
s10-shift-lognormal,shortest_estimate+topology_aware+risk,wasted_gpu_hours,20,194.8871131,161.2144758,228.5597505
s10-shift-lognormal,shortest_estimate+topology_aware+risk,lost_gpu_hours,20,0,0,0
s10-shift-lognormal,shortest_estimate+topology_aware+risk,overhead_gpu_hours,20,0,0,0
s10-shift-lognormal,shortest_estimate+topology_aware+risk,topology_gpu_hours,20,194.8870237,161.2143889,228.5596585
s10-shift-lognormal,shortest_estimate+topology_aware+risk,slack_gpu_hours,20,8.940404044e-05,8.219782161e-05,9.661025926e-05
s10-shift-lognormal,shortest_estimate+topology_aware+risk,preemptions,20,0,0,0
s10-shift-lognormal,shortest_estimate+topology_aware+risk,failure_kills,20,0,0,0
s10-shift-lognormal,shortest_estimate+topology_aware+risk,node_downtime_gpu_hours,20,0,0,0
s10-shift-lognormal,shortest_estimate+topology_aware+risk,jain_bsld,20,0.9931353452,0.9885537994,0.997716891
s10-shift-lognormal,shortest_estimate+topology_aware+risk,tenant_worst_best_ratio,20,1.191121103,1.121653665,1.260588541
s10-shift-lognormal,shortest_estimate+topology_aware+risk,slo_attainment,20,0.9690569562,0.9617312455,0.976382667
s10-shift-lognormal,shortest_estimate+topology_aware+risk,makespan,20,232159.2248,201580.6906,262737.7589
s10-shift-lognormal,shortest_estimate+topology_aware+risk,reservations,20,238.85,218.0877239,259.6122761
s10-shift-lognormal,shortest_estimate+topology_aware+risk,broken_reservations,20,186.5,168.0383139,204.9616861
s10-shift-lognormal,shortest_estimate+topology_aware+risk,tenant_t0_bsld_mean,20,1.434045142,1.325024899,1.543065385
s10-shift-lognormal,shortest_estimate+topology_aware+risk,tenant_t0_bsld_p95,20,2.986091382,2.560528497,3.411654266
s10-shift-lognormal,shortest_estimate+topology_aware+risk,tenant_t1_bsld_mean,20,1.495609544,1.343616234,1.647602854
s10-shift-lognormal,shortest_estimate+topology_aware+risk,tenant_t1_bsld_p95,20,3.210966584,2.572182135,3.849751034
s10-shift-lognormal,shortest_estimate+topology_aware+risk,tenant_t2_bsld_mean,20,1.417777516,1.308180075,1.527374957
s10-shift-lognormal,shortest_estimate+topology_aware+risk,tenant_t2_bsld_p95,20,2.873510862,2.436553926,3.310467797
s10-shift-lognormal,shortest_estimate+topology_aware+risk,tenant_t3_bsld_mean,20,1.357226114,1.250207485,1.464244743
s10-shift-lognormal,shortest_estimate+topology_aware+risk,tenant_t3_bsld_p95,20,2.919932424,2.310145096,3.529719751
s10-shift-lognormal,shortest_estimate+topology_aware+risk,prio_1_wait_p95,20,2365.9115,1800.952263,2930.870737
s10-shift-lognormal,shortest_estimate+topology_aware+risk,prio_1_bsld_p95,20,2.958044468,2.52617386,3.389915075
s10-shift-lognormal,shortest_estimate+topology_aware+risk,prio_8_wait_p95,20,2606.05215,1444.110266,3767.994034
s10-shift-user,fifo+first_fit+none,J,20,2.434947662,1.847399253,3.022496072
s10-shift-user,fifo+first_fit+none,J_slowdown,20,0.8199948309,0.5703994181,1.069590244
s10-shift-user,fifo+first_fit+none,J_wait,20,0.9233264864,0.6728403714,1.173812601
s10-shift-user,fifo+first_fit+none,J_waste,20,0.04949914929,0.04459100309,0.05440729549
s10-shift-user,fifo+first_fit+none,J_slo,20,0.5768680434,0.4587129307,0.6950231562
s10-shift-user,fifo+first_fit+none,J_fairness,20,0.06525915247,0.0424588479,0.08805945705
s10-shift-user,fifo+first_fit+none,wait_mean,20,10812.90436,6823.358573,14802.45014
s10-shift-user,fifo+first_fit+none,wait_p95,20,20421.1288,14881.14994,25961.10766
s10-shift-user,fifo+first_fit+none,wait_p99,20,22316.79875,16578.89655,28054.70095
s10-shift-user,fifo+first_fit+none,jct_mean,20,13471.67503,9431.243238,17512.10683
s10-shift-user,fifo+first_fit+none,jct_p95,20,25009.80645,19585.60708,30434.00582
s10-shift-user,fifo+first_fit+none,bsld_mean,20,19.27358126,13.11419797,25.43296455
s10-shift-user,fifo+first_fit+none,bsld_p95,20,74.31346285,51.6934429,96.9334828
s10-shift-user,fifo+first_fit+none,bsld_p99,20,171.7264709,122.3116359,221.141306
s10-shift-user,fifo+first_fit+none,wflow_mean,20,19.27358126,13.11419797,25.43296455
s10-shift-user,fifo+first_fit+none,wflow_sum_all,20,38398.05662,26417.55642,50378.55682
s10-shift-user,fifo+first_fit+none,large_wait_mean,20,11143.05134,7070.235334,15215.86735
s10-shift-user,fifo+first_fit+none,large_wait_p95,20,20700.1641,15118.30757,26282.02063
s10-shift-user,fifo+first_fit+none,utilization,20,0.8238000807,0.8145886779,0.8330114835
s10-shift-user,fifo+first_fit+none,frag_blocked_frac,20,0.7986792751,0.7709329091,0.8264256411
s10-shift-user,fifo+first_fit+none,stranded_frac,20,0.2411538264,0.2308400659,0.2514675868
s10-shift-user,fifo+first_fit+none,goodput_ratio,20,0.9505008507,0.9455927045,0.9554089969
s10-shift-user,fifo+first_fit+none,wasted_gpu_hours,20,244.2574193,205.5752091,282.9396296
s10-shift-user,fifo+first_fit+none,lost_gpu_hours,20,0,0,0
s10-shift-user,fifo+first_fit+none,overhead_gpu_hours,20,0,0,0
s10-shift-user,fifo+first_fit+none,topology_gpu_hours,20,244.2573001,205.5750934,282.9395068
s10-shift-user,fifo+first_fit+none,slack_gpu_hours,20,0.0001191939394,0.0001121001162,0.0001262877627
s10-shift-user,fifo+first_fit+none,preemptions,20,0,0,0
s10-shift-user,fifo+first_fit+none,failure_kills,20,0,0,0
s10-shift-user,fifo+first_fit+none,node_downtime_gpu_hours,20,0,0,0
s10-shift-user,fifo+first_fit+none,jain_bsld,20,0.9347408475,0.9119405429,0.9575411521
s10-shift-user,fifo+first_fit+none,tenant_worst_best_ratio,20,1.973101362,1.732871158,2.213331567
s10-shift-user,fifo+first_fit+none,slo_attainment,20,0.4231319566,0.3049768438,0.5412870693
s10-shift-user,fifo+first_fit+none,makespan,20,240313.8036,210460.412,270167.1953
s10-shift-user,fifo+first_fit+none,reservations,20,0,0,0
s10-shift-user,fifo+first_fit+none,broken_reservations,20,0,0,0
s10-shift-user,fifo+first_fit+none,tenant_t0_bsld_mean,20,19.99623732,12.78554468,27.20692995
s10-shift-user,fifo+first_fit+none,tenant_t0_bsld_p95,20,80.03772503,50.45810007,109.61735
s10-shift-user,fifo+first_fit+none,tenant_t1_bsld_mean,20,18.38422288,12.4024483,24.36599747
s10-shift-user,fifo+first_fit+none,tenant_t1_bsld_p95,20,71.07568748,49.10414859,93.04722638
s10-shift-user,fifo+first_fit+none,tenant_t2_bsld_mean,20,20.30312885,13.16404438,27.44221331
s10-shift-user,fifo+first_fit+none,tenant_t2_bsld_p95,20,77.27001577,51.38962552,103.150406
s10-shift-user,fifo+first_fit+none,tenant_t3_bsld_mean,20,17.67880183,11.86800284,23.48960081
s10-shift-user,fifo+first_fit+none,tenant_t3_bsld_p95,20,64.85593495,46.45474386,83.25712605
s10-shift-user,fifo+first_fit+none,prio_1_wait_p95,20,20504.72485,14928.77479,26080.67491
s10-shift-user,fifo+first_fit+none,prio_1_bsld_p95,20,75.56163515,51.35014012,99.77313017
s10-shift-user,fifo+first_fit+none,prio_8_wait_p95,20,20345.2211,14904.83098,25785.61122
s10-shift-user,shortest_estimate+topology_aware+conservative,J,20,0.3193312111,0.1586605817,0.4800018405
s10-shift-user,shortest_estimate+topology_aware+conservative,J_slowdown,20,0.03671265175,0.02898691745,0.04443838605
s10-shift-user,shortest_estimate+topology_aware+conservative,J_wait,20,0.1919795939,0.05545517182,0.328504016
s10-shift-user,shortest_estimate+topology_aware+conservative,J_waste,20,0.04208091087,0.03683050027,0.04733132147
s10-shift-user,shortest_estimate+topology_aware+conservative,J_slo,20,0.04094272106,0.02659899566,0.05528644645
s10-shift-user,shortest_estimate+topology_aware+conservative,J_fairness,20,0.007615333532,0.001617965139,0.01361270192
s10-shift-user,shortest_estimate+topology_aware+conservative,wait_mean,20,932.9178131,452.2493869,1413.586239
s10-shift-user,shortest_estimate+topology_aware+conservative,wait_p95,20,4245.9954,1226.497044,7265.493756
s10-shift-user,shortest_estimate+topology_aware+conservative,wait_p99,20,20553.8082,10310.61944,30796.99696
s10-shift-user,shortest_estimate+topology_aware+conservative,jct_mean,20,3585.706173,3013.754395,4157.65795
s10-shift-user,shortest_estimate+topology_aware+conservative,jct_p95,20,13188.37905,10122.92566,16253.83244
s10-shift-user,shortest_estimate+topology_aware+conservative,bsld_mean,20,1.484496975,1.348778881,1.620215069
s10-shift-user,shortest_estimate+topology_aware+conservative,bsld_p95,20,3.327148147,2.626989991,4.027306303
s10-shift-user,shortest_estimate+topology_aware+conservative,bsld_p99,20,10.024674,7.652363672,12.39698433
s10-shift-user,shortest_estimate+topology_aware+conservative,wflow_mean,20,1.484496975,1.348778881,1.620215069
s10-shift-user,shortest_estimate+topology_aware+conservative,wflow_sum_all,20,2872.354238,2635.78998,3108.918495
s10-shift-user,shortest_estimate+topology_aware+conservative,large_wait_mean,20,2982.884411,1845.318698,4120.450125
s10-shift-user,shortest_estimate+topology_aware+conservative,large_wait_p95,20,15396.5542,8282.122496,22510.9859
s10-shift-user,shortest_estimate+topology_aware+conservative,utilization,20,0.8645614943,0.8479792682,0.8811437204
s10-shift-user,shortest_estimate+topology_aware+conservative,frag_blocked_frac,20,0.3943880232,0.3503498356,0.4384262108
s10-shift-user,shortest_estimate+topology_aware+conservative,stranded_frac,20,0.1849635899,0.1683749441,0.2015522358
s10-shift-user,shortest_estimate+topology_aware+conservative,goodput_ratio,20,0.9579190891,0.9526686785,0.9631694997
s10-shift-user,shortest_estimate+topology_aware+conservative,wasted_gpu_hours,20,207.4390413,169.9697019,244.9083808
s10-shift-user,shortest_estimate+topology_aware+conservative,lost_gpu_hours,20,0,0,0
s10-shift-user,shortest_estimate+topology_aware+conservative,overhead_gpu_hours,20,0,0,0
s10-shift-user,shortest_estimate+topology_aware+conservative,topology_gpu_hours,20,207.4389509,169.9696145,244.9082873
s10-shift-user,shortest_estimate+topology_aware+conservative,slack_gpu_hours,20,9.042828287e-05,8.409563307e-05,9.676093266e-05
s10-shift-user,shortest_estimate+topology_aware+conservative,preemptions,20,0,0,0
s10-shift-user,shortest_estimate+topology_aware+conservative,failure_kills,20,0,0,0
s10-shift-user,shortest_estimate+topology_aware+conservative,node_downtime_gpu_hours,20,0,0,0
s10-shift-user,shortest_estimate+topology_aware+conservative,jain_bsld,20,0.9923846665,0.9863872981,0.9983820349
s10-shift-user,shortest_estimate+topology_aware+conservative,tenant_worst_best_ratio,20,1.218822616,1.129297133,1.308348099
s10-shift-user,shortest_estimate+topology_aware+conservative,slo_attainment,20,0.9590572789,0.9447135535,0.9734010043
s10-shift-user,shortest_estimate+topology_aware+conservative,makespan,20,232224.324,201580.5424,262868.1056
s10-shift-user,shortest_estimate+topology_aware+conservative,reservations,20,466.95,405.5304043,528.3695957
s10-shift-user,shortest_estimate+topology_aware+conservative,broken_reservations,20,231.05,197.7527099,264.3472901
s10-shift-user,shortest_estimate+topology_aware+conservative,tenant_t0_bsld_mean,20,1.501743497,1.347960017,1.655526977
s10-shift-user,shortest_estimate+topology_aware+conservative,tenant_t0_bsld_p95,20,3.427589247,2.615792976,4.239385517
s10-shift-user,shortest_estimate+topology_aware+conservative,tenant_t1_bsld_mean,20,1.497317097,1.356805961,1.637828233
s10-shift-user,shortest_estimate+topology_aware+conservative,tenant_t1_bsld_p95,20,3.27989646,2.606595033,3.953197886
s10-shift-user,shortest_estimate+topology_aware+conservative,tenant_t2_bsld_mean,20,1.439640822,1.305541171,1.573740474
s10-shift-user,shortest_estimate+topology_aware+conservative,tenant_t2_bsld_p95,20,3.478048305,2.539965742,4.416130867
s10-shift-user,shortest_estimate+topology_aware+conservative,tenant_t3_bsld_mean,20,1.466516598,1.295465653,1.637567543
s10-shift-user,shortest_estimate+topology_aware+conservative,tenant_t3_bsld_p95,20,3.459980796,2.137596629,4.782364962
s10-shift-user,shortest_estimate+topology_aware+conservative,prio_1_wait_p95,20,3992.66625,1678.148107,6307.184393
s10-shift-user,shortest_estimate+topology_aware+conservative,prio_1_bsld_p95,20,3.264324156,2.618096362,3.91055195
s10-shift-user,shortest_estimate+topology_aware+conservative,prio_8_wait_p95,20,4664.5365,1425.665346,7903.407654
s10-shift-user,shortest_estimate+topology_aware+easy,J,20,0.225808783,0.1832957671,0.268321799
s10-shift-user,shortest_estimate+topology_aware+easy,J_slowdown,20,0.03416439008,0.02891796524,0.03941081492
s10-shift-user,shortest_estimate+topology_aware+easy,J_wait,20,0.1103188511,0.08360948953,0.1370282126
s10-shift-user,shortest_estimate+topology_aware+easy,J_waste,20,0.04024371402,0.03590573289,0.04458169515
s10-shift-user,shortest_estimate+topology_aware+easy,J_slo,20,0.03333755865,0.02622681776,0.04044829954
s10-shift-user,shortest_estimate+topology_aware+easy,J_fairness,20,0.007744269245,0.003314408013,0.01217413048
s10-shift-user,shortest_estimate+topology_aware+easy,wait_mean,20,769.3274278,510.0894262,1028.565429
s10-shift-user,shortest_estimate+topology_aware+easy,wait_p95,20,2439.9121,1849.183555,3030.640645
s10-shift-user,shortest_estimate+topology_aware+easy,wait_p99,20,19106.61655,11533.14345,26680.08965
s10-shift-user,shortest_estimate+topology_aware+easy,jct_mean,20,3420.869275,3034.771768,3806.966783
s10-shift-user,shortest_estimate+topology_aware+easy,jct_p95,20,11942.63915,10493.58577,13391.69253
s10-shift-user,shortest_estimate+topology_aware+easy,bsld_mean,20,1.472172011,1.361278265,1.583065756
s10-shift-user,shortest_estimate+topology_aware+easy,bsld_p95,20,3.096207485,2.620741076,3.571673894
s10-shift-user,shortest_estimate+topology_aware+easy,bsld_p99,20,10.67342568,8.144336948,13.20251441
s10-shift-user,shortest_estimate+topology_aware+easy,wflow_mean,20,1.472172011,1.361278265,1.583065756
s10-shift-user,shortest_estimate+topology_aware+easy,wflow_sum_all,20,2863.471627,2665.071159,3061.872094
s10-shift-user,shortest_estimate+topology_aware+easy,large_wait_mean,20,3284.196801,2157.757961,4410.635641
s10-shift-user,shortest_estimate+topology_aware+easy,large_wait_p95,20,18047.88495,10995.89651,25099.87339
s10-shift-user,shortest_estimate+topology_aware+easy,utilization,20,0.8590287831,0.844696204,0.8733613621
s10-shift-user,shortest_estimate+topology_aware+easy,frag_blocked_frac,20,0.4354323886,0.3873617549,0.4835030224
s10-shift-user,shortest_estimate+topology_aware+easy,stranded_frac,20,0.1935426163,0.1754175775,0.2116676552
s10-shift-user,shortest_estimate+topology_aware+easy,goodput_ratio,20,0.959756286,0.9554183049,0.9640942671
s10-shift-user,shortest_estimate+topology_aware+easy,wasted_gpu_hours,20,195.1256302,164.6350005,225.61626
s10-shift-user,shortest_estimate+topology_aware+easy,lost_gpu_hours,20,0,0,0
s10-shift-user,shortest_estimate+topology_aware+easy,overhead_gpu_hours,20,0,0,0
s10-shift-user,shortest_estimate+topology_aware+easy,topology_gpu_hours,20,195.1255394,164.6349134,225.6161655
s10-shift-user,shortest_estimate+topology_aware+easy,slack_gpu_hours,20,9.079393943e-05,8.295753473e-05,9.863034413e-05
s10-shift-user,shortest_estimate+topology_aware+easy,preemptions,20,0,0,0
s10-shift-user,shortest_estimate+topology_aware+easy,failure_kills,20,0,0,0
s10-shift-user,shortest_estimate+topology_aware+easy,node_downtime_gpu_hours,20,0,0,0
s10-shift-user,shortest_estimate+topology_aware+easy,jain_bsld,20,0.9922557308,0.9878258695,0.996685592
s10-shift-user,shortest_estimate+topology_aware+easy,tenant_worst_best_ratio,20,1.229373483,1.159834778,1.298912189
s10-shift-user,shortest_estimate+topology_aware+easy,slo_attainment,20,0.9666624414,0.9595517005,0.9737731822
s10-shift-user,shortest_estimate+topology_aware+easy,makespan,20,230483.6821,200516.7514,260450.6127
s10-shift-user,shortest_estimate+topology_aware+easy,reservations,20,247.9,224.3779597,271.4220403
s10-shift-user,shortest_estimate+topology_aware+easy,broken_reservations,20,132.75,117.3052447,148.1947553
s10-shift-user,shortest_estimate+topology_aware+easy,tenant_t0_bsld_mean,20,1.49179526,1.365694827,1.617895692
s10-shift-user,shortest_estimate+topology_aware+easy,tenant_t0_bsld_p95,20,3.159445809,2.650656698,3.668234919
s10-shift-user,shortest_estimate+topology_aware+easy,tenant_t1_bsld_mean,20,1.490516556,1.371887286,1.609145825
s10-shift-user,shortest_estimate+topology_aware+easy,tenant_t1_bsld_p95,20,3.09546005,2.582197113,3.608722987
s10-shift-user,shortest_estimate+topology_aware+easy,tenant_t2_bsld_mean,20,1.405751643,1.307080136,1.50442315
s10-shift-user,shortest_estimate+topology_aware+easy,tenant_t2_bsld_p95,20,3.049773735,2.517958769,3.581588702
s10-shift-user,shortest_estimate+topology_aware+easy,tenant_t3_bsld_mean,20,1.47799266,1.292153277,1.663832043
s10-shift-user,shortest_estimate+topology_aware+easy,tenant_t3_bsld_p95,20,3.203472476,2.480440283,3.926504669
s10-shift-user,shortest_estimate+topology_aware+easy,prio_1_wait_p95,20,2486.8967,1926.197823,3047.595577
s10-shift-user,shortest_estimate+topology_aware+easy,prio_1_bsld_p95,20,3.114178557,2.641539718,3.586817396
s10-shift-user,shortest_estimate+topology_aware+easy,prio_8_wait_p95,20,2651.4533,1848.115622,3454.790978
s10-shift-user,shortest_estimate+topology_aware+easy_oracle,J,20,0.2097818737,0.1660062274,0.2535575201
s10-shift-user,shortest_estimate+topology_aware+easy_oracle,J_slowdown,20,0.03118794485,0.0269590802,0.03541680949
s10-shift-user,shortest_estimate+topology_aware+easy_oracle,J_wait,20,0.1003544482,0.07375590595,0.1269529905
s10-shift-user,shortest_estimate+topology_aware+easy_oracle,J_waste,20,0.04143647118,0.03588101514,0.04699192722
s10-shift-user,shortest_estimate+topology_aware+easy_oracle,J_slo,20,0.03001021809,0.02247899601,0.03754144016
s10-shift-user,shortest_estimate+topology_aware+easy_oracle,J_fairness,20,0.006792791368,0.0001232824236,0.01346230031
s10-shift-user,shortest_estimate+topology_aware+easy_oracle,wait_mean,20,666.4602714,430.4399368,902.4806059
s10-shift-user,shortest_estimate+topology_aware+easy_oracle,wait_p95,20,2219.5303,1631.252734,2807.807866
s10-shift-user,shortest_estimate+topology_aware+easy_oracle,wait_p99,20,15583.2125,8989.187705,22177.23729
s10-shift-user,shortest_estimate+topology_aware+easy_oracle,jct_mean,20,3318.555998,2940.135652,3696.976345
s10-shift-user,shortest_estimate+topology_aware+easy_oracle,jct_p95,20,11545.6224,10075.17099,13016.07381
s10-shift-user,shortest_estimate+topology_aware+easy_oracle,bsld_mean,20,1.383350674,1.300138791,1.466562556
s10-shift-user,shortest_estimate+topology_aware+easy_oracle,bsld_p95,20,2.82646194,2.4432137,3.20971018
s10-shift-user,shortest_estimate+topology_aware+easy_oracle,bsld_p99,20,8.067926341,6.674478768,9.461373915
s10-shift-user,shortest_estimate+topology_aware+easy_oracle,wflow_mean,20,1.383350674,1.300138791,1.466562556
s10-shift-user,shortest_estimate+topology_aware+easy_oracle,wflow_sum_all,20,2699.309559,2551.25469,2847.364428
s10-shift-user,shortest_estimate+topology_aware+easy_oracle,large_wait_mean,20,2808.934387,1805.412898,3812.455877
s10-shift-user,shortest_estimate+topology_aware+easy_oracle,large_wait_p95,20,14370.11355,8095.521473,20644.70563
s10-shift-user,shortest_estimate+topology_aware+easy_oracle,utilization,20,0.8655785693,0.8480435748,0.8831135638
s10-shift-user,shortest_estimate+topology_aware+easy_oracle,frag_blocked_frac,20,0.4031554963,0.3635171184,0.4427938742
s10-shift-user,shortest_estimate+topology_aware+easy_oracle,stranded_frac,20,0.1974662648,0.178126632,0.2168058975
s10-shift-user,shortest_estimate+topology_aware+easy_oracle,goodput_ratio,20,0.9585635288,0.9530080728,0.9641189849
s10-shift-user,shortest_estimate+topology_aware+easy_oracle,wasted_gpu_hours,20,201.7770012,165.3463029,238.2076995
s10-shift-user,shortest_estimate+topology_aware+easy_oracle,lost_gpu_hours,20,0,0,0
s10-shift-user,shortest_estimate+topology_aware+easy_oracle,overhead_gpu_hours,20,0,0,0
s10-shift-user,shortest_estimate+topology_aware+easy_oracle,topology_gpu_hours,20,201.7769095,165.3462162,238.2076028
s10-shift-user,shortest_estimate+topology_aware+easy_oracle,slack_gpu_hours,20,9.174545458e-05,8.258270593e-05,0.0001009082032
s10-shift-user,shortest_estimate+topology_aware+easy_oracle,preemptions,20,0,0,0
s10-shift-user,shortest_estimate+topology_aware+easy_oracle,failure_kills,20,0,0,0
s10-shift-user,shortest_estimate+topology_aware+easy_oracle,node_downtime_gpu_hours,20,0,0,0
s10-shift-user,shortest_estimate+topology_aware+easy_oracle,jain_bsld,20,0.9932072086,0.9865376997,0.9998767176
s10-shift-user,shortest_estimate+topology_aware+easy_oracle,tenant_worst_best_ratio,20,1.189803314,1.106378141,1.273228487
s10-shift-user,shortest_estimate+topology_aware+easy_oracle,slo_attainment,20,0.9699897819,0.9624585598,0.977521004
s10-shift-user,shortest_estimate+topology_aware+easy_oracle,makespan,20,231707.2575,201171.796,262242.7189
s10-shift-user,shortest_estimate+topology_aware+easy_oracle,reservations,20,263.6,236.9189009,290.2810991
s10-shift-user,shortest_estimate+topology_aware+easy_oracle,broken_reservations,20,68.5,59.36850987,77.63149013
s10-shift-user,shortest_estimate+topology_aware+easy_oracle,tenant_t0_bsld_mean,20,1.39578967,1.303984376,1.487594965
s10-shift-user,shortest_estimate+topology_aware+easy_oracle,tenant_t0_bsld_p95,20,2.931939459,2.486001994,3.377876924
s10-shift-user,shortest_estimate+topology_aware+easy_oracle,tenant_t1_bsld_mean,20,1.396149491,1.30866589,1.483633092
s10-shift-user,shortest_estimate+topology_aware+easy_oracle,tenant_t1_bsld_p95,20,2.840661646,2.40093229,3.280391002
s10-shift-user,shortest_estimate+topology_aware+easy_oracle,tenant_t2_bsld_mean,20,1.331850913,1.260993757,1.40270807
s10-shift-user,shortest_estimate+topology_aware+easy_oracle,tenant_t2_bsld_p95,20,2.643314687,2.30517635,2.981453023
s10-shift-user,shortest_estimate+topology_aware+easy_oracle,tenant_t3_bsld_mean,20,1.401382217,1.228766028,1.573998406
s10-shift-user,shortest_estimate+topology_aware+easy_oracle,tenant_t3_bsld_p95,20,3.025061664,2.226021251,3.824102077
s10-shift-user,shortest_estimate+topology_aware+easy_oracle,prio_1_wait_p95,20,2469.64605,1755.671942,3183.620158
s10-shift-user,shortest_estimate+topology_aware+easy_oracle,prio_1_bsld_p95,20,2.863967932,2.418023573,3.309912292
s10-shift-user,shortest_estimate+topology_aware+easy_oracle,prio_8_wait_p95,20,1918.42665,1379.951856,2456.901444
s10-shift-user,shortest_estimate+topology_aware+easy_predicted,J,20,0.2202833136,0.1690854163,0.2714812108
s10-shift-user,shortest_estimate+topology_aware+easy_predicted,J_slowdown,20,0.0332743237,0.02737501432,0.03917363308
s10-shift-user,shortest_estimate+topology_aware+easy_predicted,J_wait,20,0.1081594016,0.07182161048,0.1444971926
s10-shift-user,shortest_estimate+topology_aware+easy_predicted,J_waste,20,0.04016351295,0.03576159632,0.04456542957
s10-shift-user,shortest_estimate+topology_aware+easy_predicted,J_slo,20,0.03109876027,0.02437295254,0.037824568
s10-shift-user,shortest_estimate+topology_aware+easy_predicted,J_fairness,20,0.007587315073,0.003186853455,0.01198777669
s10-shift-user,shortest_estimate+topology_aware+easy_predicted,wait_mean,20,724.0863894,480.8406836,967.3320952
s10-shift-user,shortest_estimate+topology_aware+easy_predicted,wait_p95,20,2392.15175,1588.472095,3195.831405
s10-shift-user,shortest_estimate+topology_aware+easy_predicted,wait_p99,20,18018.01875,10699.17556,25336.86194
s10-shift-user,shortest_estimate+topology_aware+easy_predicted,jct_mean,20,3375.584214,3002.5485,3748.619928
s10-shift-user,shortest_estimate+topology_aware+easy_predicted,jct_p95,20,11625.2827,10173.90514,13076.66026
s10-shift-user,shortest_estimate+topology_aware+easy_predicted,bsld_mean,20,1.456695868,1.342054115,1.571337621
s10-shift-user,shortest_estimate+topology_aware+easy_predicted,bsld_p95,20,3.015543666,2.480908455,3.550178876
s10-shift-user,shortest_estimate+topology_aware+easy_predicted,bsld_p99,20,10.19360389,7.750501311,12.63670646
s10-shift-user,shortest_estimate+topology_aware+easy_predicted,wflow_mean,20,1.456695868,1.342054115,1.571337621
s10-shift-user,shortest_estimate+topology_aware+easy_predicted,wflow_sum_all,20,2833.085625,2633.675428,3032.495823
s10-shift-user,shortest_estimate+topology_aware+easy_predicted,large_wait_mean,20,3094.487601,2052.320381,4136.65482
s10-shift-user,shortest_estimate+topology_aware+easy_predicted,large_wait_p95,20,17123.8741,10157.20774,24090.54046
s10-shift-user,shortest_estimate+topology_aware+easy_predicted,utilization,20,0.8577655719,0.8434650491,0.8720660948
s10-shift-user,shortest_estimate+topology_aware+easy_predicted,frag_blocked_frac,20,0.4337719127,0.3842015884,0.483342237
s10-shift-user,shortest_estimate+topology_aware+easy_predicted,stranded_frac,20,0.1953293487,0.1767576726,0.2139010248
s10-shift-user,shortest_estimate+topology_aware+easy_predicted,goodput_ratio,20,0.9598364871,0.9554345704,0.9642384037
s10-shift-user,shortest_estimate+topology_aware+easy_predicted,wasted_gpu_hours,20,196.9014892,162.0239263,231.7790521
s10-shift-user,shortest_estimate+topology_aware+easy_predicted,lost_gpu_hours,20,0,0,0
s10-shift-user,shortest_estimate+topology_aware+easy_predicted,overhead_gpu_hours,20,0,0,0
s10-shift-user,shortest_estimate+topology_aware+easy_predicted,topology_gpu_hours,20,196.901398,162.0238391,231.7789569
s10-shift-user,shortest_estimate+topology_aware+easy_predicted,slack_gpu_hours,20,9.126060609e-05,8.352626855e-05,9.899494364e-05
s10-shift-user,shortest_estimate+topology_aware+easy_predicted,preemptions,20,0,0,0
s10-shift-user,shortest_estimate+topology_aware+easy_predicted,failure_kills,20,0,0,0
s10-shift-user,shortest_estimate+topology_aware+easy_predicted,node_downtime_gpu_hours,20,0,0,0
s10-shift-user,shortest_estimate+topology_aware+easy_predicted,jain_bsld,20,0.9924126849,0.9880122233,0.9968131465
s10-shift-user,shortest_estimate+topology_aware+easy_predicted,tenant_worst_best_ratio,20,1.233403749,1.165732125,1.301075372
s10-shift-user,shortest_estimate+topology_aware+easy_predicted,slo_attainment,20,0.9689012397,0.962175432,0.9756270475
s10-shift-user,shortest_estimate+topology_aware+easy_predicted,makespan,20,231193.7508,201078.8274,261308.6741
s10-shift-user,shortest_estimate+topology_aware+easy_predicted,reservations,20,243.55,221.0476346,266.0523654
s10-shift-user,shortest_estimate+topology_aware+easy_predicted,broken_reservations,20,174.1,156.3902198,191.8097802
s10-shift-user,shortest_estimate+topology_aware+easy_predicted,tenant_t0_bsld_mean,20,1.47145159,1.339607884,1.603295295
s10-shift-user,shortest_estimate+topology_aware+easy_predicted,tenant_t0_bsld_p95,20,3.099924307,2.610893499,3.588955116
s10-shift-user,shortest_estimate+topology_aware+easy_predicted,tenant_t1_bsld_mean,20,1.466190257,1.348538787,1.583841727
s10-shift-user,shortest_estimate+topology_aware+easy_predicted,tenant_t1_bsld_p95,20,3.054870944,2.428093937,3.681647952
s10-shift-user,shortest_estimate+topology_aware+easy_predicted,tenant_t2_bsld_mean,20,1.4087647,1.308795907,1.508733493
s10-shift-user,shortest_estimate+topology_aware+easy_predicted,tenant_t2_bsld_p95,20,3.019756834,2.369926601,3.669587068
s10-shift-user,shortest_estimate+topology_aware+easy_predicted,tenant_t3_bsld_mean,20,1.470295757,1.29042063,1.650170884
s10-shift-user,shortest_estimate+topology_aware+easy_predicted,tenant_t3_bsld_p95,20,3.223423504,2.315809892,4.131037115
s10-shift-user,shortest_estimate+topology_aware+easy_predicted,prio_1_wait_p95,20,2370.9732,1704.987817,3036.958583
s10-shift-user,shortest_estimate+topology_aware+easy_predicted,prio_1_bsld_p95,20,3.050936485,2.541574002,3.560298967
s10-shift-user,shortest_estimate+topology_aware+easy_predicted,prio_8_wait_p95,20,2088.62655,1493.943035,2683.310065
s10-shift-user,shortest_estimate+topology_aware+risk,J,20,0.2089860121,0.1643091947,0.2536628296
s10-shift-user,shortest_estimate+topology_aware+risk,J_slowdown,20,0.03261343958,0.02712820108,0.03809867808
s10-shift-user,shortest_estimate+topology_aware+risk,J_wait,20,0.09850579263,0.0719094192,0.1251021661
s10-shift-user,shortest_estimate+topology_aware+risk,J_waste,20,0.03911332219,0.03395795136,0.04426869302
s10-shift-user,shortest_estimate+topology_aware+risk,J_slo,20,0.03116540191,0.02335519798,0.03897560584
s10-shift-user,shortest_estimate+topology_aware+risk,J_fairness,20,0.007588055819,0.002299186043,0.01287692559
s10-shift-user,shortest_estimate+topology_aware+risk,wait_mean,20,707.3060045,451.1984784,963.4135306
s10-shift-user,shortest_estimate+topology_aware+risk,wait_p95,20,2178.64375,1590.414153,2766.873347
s10-shift-user,shortest_estimate+topology_aware+risk,wait_p99,20,17852.33515,10472.07148,25232.59882
s10-shift-user,shortest_estimate+topology_aware+risk,jct_mean,20,3357.47368,2973.338484,3741.608877
s10-shift-user,shortest_estimate+topology_aware+risk,jct_p95,20,11663.79395,10168.41292,13159.17498
s10-shift-user,shortest_estimate+topology_aware+risk,bsld_mean,20,1.433590827,1.324096424,1.543085229
s10-shift-user,shortest_estimate+topology_aware+risk,bsld_p95,20,2.955649889,2.458540575,3.452759202
s10-shift-user,shortest_estimate+topology_aware+risk,bsld_p99,20,9.897882256,7.476600804,12.31916371
s10-shift-user,shortest_estimate+topology_aware+risk,wflow_mean,20,1.433590827,1.324096424,1.543085229
s10-shift-user,shortest_estimate+topology_aware+risk,wflow_sum_all,20,2786.581567,2596.50635,2976.656784
s10-shift-user,shortest_estimate+topology_aware+risk,large_wait_mean,20,3010.893184,1904.596211,4117.190157
s10-shift-user,shortest_estimate+topology_aware+risk,large_wait_p95,20,16473.068,9736.961809,23209.17419
s10-shift-user,shortest_estimate+topology_aware+risk,utilization,20,0.8613160538,0.8456111044,0.8770210032
s10-shift-user,shortest_estimate+topology_aware+risk,frag_blocked_frac,20,0.4053289282,0.3576881712,0.4529696853
s10-shift-user,shortest_estimate+topology_aware+risk,stranded_frac,20,0.1893907734,0.1697469692,0.2090345776
s10-shift-user,shortest_estimate+topology_aware+risk,goodput_ratio,20,0.9608866778,0.955731307,0.9660420486
s10-shift-user,shortest_estimate+topology_aware+risk,wasted_gpu_hours,20,189.1146843,155.5981635,222.6312051
s10-shift-user,shortest_estimate+topology_aware+risk,lost_gpu_hours,20,0,0,0
s10-shift-user,shortest_estimate+topology_aware+risk,overhead_gpu_hours,20,0,0,0
s10-shift-user,shortest_estimate+topology_aware+risk,topology_gpu_hours,20,189.1145955,155.5980793,222.6311116
s10-shift-user,shortest_estimate+topology_aware+risk,slack_gpu_hours,20,8.88686869e-05,8.101159052e-05,9.672578328e-05
s10-shift-user,shortest_estimate+topology_aware+risk,preemptions,20,0,0,0
s10-shift-user,shortest_estimate+topology_aware+risk,failure_kills,20,0,0,0
s10-shift-user,shortest_estimate+topology_aware+risk,node_downtime_gpu_hours,20,0,0,0
s10-shift-user,shortest_estimate+topology_aware+risk,jain_bsld,20,0.9924119442,0.9871230744,0.997700814
s10-shift-user,shortest_estimate+topology_aware+risk,tenant_worst_best_ratio,20,1.224992366,1.14346936,1.306515372
s10-shift-user,shortest_estimate+topology_aware+risk,slo_attainment,20,0.9688345981,0.9610243942,0.976644802
s10-shift-user,shortest_estimate+topology_aware+risk,makespan,20,231481.8908,201339.6404,261624.1411
s10-shift-user,shortest_estimate+topology_aware+risk,reservations,20,242.8,219.0028063,266.5971937
s10-shift-user,shortest_estimate+topology_aware+risk,broken_reservations,20,161,146.2922874,175.7077126
s10-shift-user,shortest_estimate+topology_aware+risk,tenant_t0_bsld_mean,20,1.442476981,1.325677671,1.55927629
s10-shift-user,shortest_estimate+topology_aware+risk,tenant_t0_bsld_p95,20,3.04989065,2.553997192,3.545784109
s10-shift-user,shortest_estimate+topology_aware+risk,tenant_t1_bsld_mean,20,1.448134564,1.3249473,1.571321827
s10-shift-user,shortest_estimate+topology_aware+risk,tenant_t1_bsld_p95,20,3.065903959,2.440903149,3.690904769
s10-shift-user,shortest_estimate+topology_aware+risk,tenant_t2_bsld_mean,20,1.387798325,1.291687399,1.483909252
s10-shift-user,shortest_estimate+topology_aware+risk,tenant_t2_bsld_p95,20,2.905925155,2.353389382,3.458460928
s10-shift-user,shortest_estimate+topology_aware+risk,tenant_t3_bsld_mean,20,1.445857494,1.262582566,1.629132422
s10-shift-user,shortest_estimate+topology_aware+risk,tenant_t3_bsld_p95,20,2.973989994,2.214950935,3.733029054
s10-shift-user,shortest_estimate+topology_aware+risk,prio_1_wait_p95,20,2235.2358,1688.170152,2782.301448
s10-shift-user,shortest_estimate+topology_aware+risk,prio_1_bsld_p95,20,3.018719499,2.490900665,3.546538333
s10-shift-user,shortest_estimate+topology_aware+risk,prio_8_wait_p95,20,2085.6353,1375.51463,2795.75597
s10-user,fifo+first_fit+none,J,20,2.434947662,1.847399253,3.022496072
s10-user,fifo+first_fit+none,J_slowdown,20,0.8199948309,0.5703994181,1.069590244
s10-user,fifo+first_fit+none,J_wait,20,0.9233264864,0.6728403714,1.173812601
s10-user,fifo+first_fit+none,J_waste,20,0.04949914929,0.04459100309,0.05440729549
s10-user,fifo+first_fit+none,J_slo,20,0.5768680434,0.4587129307,0.6950231562
s10-user,fifo+first_fit+none,J_fairness,20,0.06525915247,0.0424588479,0.08805945705
s10-user,fifo+first_fit+none,wait_mean,20,10812.90436,6823.358573,14802.45014
s10-user,fifo+first_fit+none,wait_p95,20,20421.1288,14881.14994,25961.10766
s10-user,fifo+first_fit+none,wait_p99,20,22316.79875,16578.89655,28054.70095
s10-user,fifo+first_fit+none,jct_mean,20,13471.67503,9431.243238,17512.10683
s10-user,fifo+first_fit+none,jct_p95,20,25009.80645,19585.60708,30434.00582
s10-user,fifo+first_fit+none,bsld_mean,20,19.27358126,13.11419797,25.43296455
s10-user,fifo+first_fit+none,bsld_p95,20,74.31346285,51.6934429,96.9334828
s10-user,fifo+first_fit+none,bsld_p99,20,171.7264709,122.3116359,221.141306
s10-user,fifo+first_fit+none,wflow_mean,20,19.27358126,13.11419797,25.43296455
s10-user,fifo+first_fit+none,wflow_sum_all,20,38398.05662,26417.55642,50378.55682
s10-user,fifo+first_fit+none,large_wait_mean,20,11143.05134,7070.235334,15215.86735
s10-user,fifo+first_fit+none,large_wait_p95,20,20700.1641,15118.30757,26282.02063
s10-user,fifo+first_fit+none,utilization,20,0.8238000807,0.8145886779,0.8330114835
s10-user,fifo+first_fit+none,frag_blocked_frac,20,0.7986792751,0.7709329091,0.8264256411
s10-user,fifo+first_fit+none,stranded_frac,20,0.2411538264,0.2308400659,0.2514675868
s10-user,fifo+first_fit+none,goodput_ratio,20,0.9505008507,0.9455927045,0.9554089969
s10-user,fifo+first_fit+none,wasted_gpu_hours,20,244.2574193,205.5752091,282.9396296
s10-user,fifo+first_fit+none,lost_gpu_hours,20,0,0,0
s10-user,fifo+first_fit+none,overhead_gpu_hours,20,0,0,0
s10-user,fifo+first_fit+none,topology_gpu_hours,20,244.2573001,205.5750934,282.9395068
s10-user,fifo+first_fit+none,slack_gpu_hours,20,0.0001191939394,0.0001121001162,0.0001262877627
s10-user,fifo+first_fit+none,preemptions,20,0,0,0
s10-user,fifo+first_fit+none,failure_kills,20,0,0,0
s10-user,fifo+first_fit+none,node_downtime_gpu_hours,20,0,0,0
s10-user,fifo+first_fit+none,jain_bsld,20,0.9347408475,0.9119405429,0.9575411521
s10-user,fifo+first_fit+none,tenant_worst_best_ratio,20,1.973101362,1.732871158,2.213331567
s10-user,fifo+first_fit+none,slo_attainment,20,0.4231319566,0.3049768438,0.5412870693
s10-user,fifo+first_fit+none,makespan,20,240313.8036,210460.412,270167.1953
s10-user,fifo+first_fit+none,reservations,20,0,0,0
s10-user,fifo+first_fit+none,broken_reservations,20,0,0,0
s10-user,fifo+first_fit+none,tenant_t0_bsld_mean,20,19.99623732,12.78554468,27.20692995
s10-user,fifo+first_fit+none,tenant_t0_bsld_p95,20,80.03772503,50.45810007,109.61735
s10-user,fifo+first_fit+none,tenant_t1_bsld_mean,20,18.38422288,12.4024483,24.36599747
s10-user,fifo+first_fit+none,tenant_t1_bsld_p95,20,71.07568748,49.10414859,93.04722638
s10-user,fifo+first_fit+none,tenant_t2_bsld_mean,20,20.30312885,13.16404438,27.44221331
s10-user,fifo+first_fit+none,tenant_t2_bsld_p95,20,77.27001577,51.38962552,103.150406
s10-user,fifo+first_fit+none,tenant_t3_bsld_mean,20,17.67880183,11.86800284,23.48960081
s10-user,fifo+first_fit+none,tenant_t3_bsld_p95,20,64.85593495,46.45474386,83.25712605
s10-user,fifo+first_fit+none,prio_1_wait_p95,20,20504.72485,14928.77479,26080.67491
s10-user,fifo+first_fit+none,prio_1_bsld_p95,20,75.56163515,51.35014012,99.77313017
s10-user,fifo+first_fit+none,prio_8_wait_p95,20,20345.2211,14904.83098,25785.61122
s10-user,shortest_estimate+topology_aware+conservative,J,20,0.2604849387,0.1764113247,0.3445585527
s10-user,shortest_estimate+topology_aware+conservative,J_slowdown,20,0.03253053217,0.0278722695,0.03718879484
s10-user,shortest_estimate+topology_aware+conservative,J_wait,20,0.1472665553,0.08074391003,0.2137892006
s10-user,shortest_estimate+topology_aware+conservative,J_waste,20,0.04015598325,0.0351354313,0.0451765352
s10-user,shortest_estimate+topology_aware+conservative,J_slo,20,0.03674412886,0.02588278726,0.04760547045
s10-user,shortest_estimate+topology_aware+conservative,J_fairness,20,0.003787739102,0.002449207429,0.005126270775
s10-user,shortest_estimate+topology_aware+conservative,wait_mean,20,745.0523944,422.4682384,1067.636551
s10-user,shortest_estimate+topology_aware+conservative,wait_p95,20,3257.08115,1785.805791,4728.356509
s10-user,shortest_estimate+topology_aware+conservative,wait_p99,20,16356.07195,8464.467581,24247.67632
s10-user,shortest_estimate+topology_aware+conservative,jct_mean,20,3395.58229,2960.669147,3830.495434
s10-user,shortest_estimate+topology_aware+conservative,jct_p95,20,12222.4659,10463.78543,13981.14637
s10-user,shortest_estimate+topology_aware+conservative,bsld_mean,20,1.386562561,1.309936231,1.463188891
s10-user,shortest_estimate+topology_aware+conservative,bsld_p95,20,2.94813626,2.525973074,3.370299446
s10-user,shortest_estimate+topology_aware+conservative,bsld_p99,20,7.95653048,6.836925478,9.076135482
s10-user,shortest_estimate+topology_aware+conservative,wflow_mean,20,1.386562561,1.309936231,1.463188891
s10-user,shortest_estimate+topology_aware+conservative,wflow_sum_all,20,2720.025735,2580.690844,2859.360626
s10-user,shortest_estimate+topology_aware+conservative,large_wait_mean,20,2468.97695,1601.671373,3336.282527
s10-user,shortest_estimate+topology_aware+conservative,large_wait_p95,20,12391.0239,7055.646142,17726.40166
s10-user,shortest_estimate+topology_aware+conservative,utilization,20,0.8655024307,0.8472093565,0.8837955049
s10-user,shortest_estimate+topology_aware+conservative,frag_blocked_frac,20,0.3837578087,0.3434925003,0.4240231171
s10-user,shortest_estimate+topology_aware+conservative,stranded_frac,20,0.1864784055,0.1680805273,0.2048762838
s10-user,shortest_estimate+topology_aware+conservative,goodput_ratio,20,0.9598440167,0.9548234648,0.9648645687
s10-user,shortest_estimate+topology_aware+conservative,wasted_gpu_hours,20,194.0040647,161.6600747,226.3480546
s10-user,shortest_estimate+topology_aware+conservative,lost_gpu_hours,20,0,0,0
s10-user,shortest_estimate+topology_aware+conservative,overhead_gpu_hours,20,0,0,0
s10-user,shortest_estimate+topology_aware+conservative,topology_gpu_hours,20,194.0039745,161.6599879,226.3479611
s10-user,shortest_estimate+topology_aware+conservative,slack_gpu_hours,20,9.017373741e-05,8.224198556e-05,9.810548926e-05
s10-user,shortest_estimate+topology_aware+conservative,preemptions,20,0,0,0
s10-user,shortest_estimate+topology_aware+conservative,failure_kills,20,0,0,0
s10-user,shortest_estimate+topology_aware+conservative,node_downtime_gpu_hours,20,0,0,0
s10-user,shortest_estimate+topology_aware+conservative,jain_bsld,20,0.9962122609,0.9948737292,0.9975507926
s10-user,shortest_estimate+topology_aware+conservative,tenant_worst_best_ratio,20,1.158790362,1.12204853,1.195532194
s10-user,shortest_estimate+topology_aware+conservative,slo_attainment,20,0.9632558711,0.9523945295,0.9741172127
s10-user,shortest_estimate+topology_aware+conservative,makespan,20,229914.4209,199684.1225,260144.7193
s10-user,shortest_estimate+topology_aware+conservative,reservations,20,458,395.2224989,520.7775011
s10-user,shortest_estimate+topology_aware+conservative,broken_reservations,20,136.4,112.4551231,160.3448769
s10-user,shortest_estimate+topology_aware+conservative,tenant_t0_bsld_mean,20,1.40568468,1.31228314,1.49908622
s10-user,shortest_estimate+topology_aware+conservative,tenant_t0_bsld_p95,20,3.142610308,2.63343857,3.651782046
s10-user,shortest_estimate+topology_aware+conservative,tenant_t1_bsld_mean,20,1.401249258,1.315934506,1.48656401
s10-user,shortest_estimate+topology_aware+conservative,tenant_t1_bsld_p95,20,2.992917904,2.538196019,3.447639788
s10-user,shortest_estimate+topology_aware+conservative,tenant_t2_bsld_mean,20,1.340533026,1.271725835,1.409340218
s10-user,shortest_estimate+topology_aware+conservative,tenant_t2_bsld_p95,20,2.857626062,2.427675395,3.287576729
s10-user,shortest_estimate+topology_aware+conservative,tenant_t3_bsld_mean,20,1.360822571,1.2764665,1.445178641
s10-user,shortest_estimate+topology_aware+conservative,tenant_t3_bsld_p95,20,2.837969572,2.421070342,3.254868802
s10-user,shortest_estimate+topology_aware+conservative,prio_1_wait_p95,20,3276.3958,1962.384472,4590.407128
s10-user,shortest_estimate+topology_aware+conservative,prio_1_bsld_p95,20,2.970104112,2.577200127,3.363008097
s10-user,shortest_estimate+topology_aware+conservative,prio_8_wait_p95,20,3378.40075,2070.262194,4686.539306
s10-user,shortest_estimate+topology_aware+easy,J,20,0.2218000875,0.1732792631,0.2703209119
s10-user,shortest_estimate+topology_aware+easy,J_slowdown,20,0.03331684065,0.02810285967,0.03853082163
s10-user,shortest_estimate+topology_aware+easy,J_wait,20,0.1115855402,0.07856688793,0.1446041925
s10-user,shortest_estimate+topology_aware+easy,J_waste,20,0.0401578423,0.03513454582,0.04518113879
s10-user,shortest_estimate+topology_aware+easy,J_slo,20,0.03085355506,0.02367277549,0.03803433463
s10-user,shortest_estimate+topology_aware+easy,J_fairness,20,0.005886309256,0.002350340884,0.009422277627
s10-user,shortest_estimate+topology_aware+easy,wait_mean,20,711.4792613,437.8411577,985.1173649
s10-user,shortest_estimate+topology_aware+easy,wait_p95,20,2467.92735,1737.656789,3198.197911
s10-user,shortest_estimate+topology_aware+easy,wait_p99,20,17245.0755,9358.123431,25132.02757
s10-user,shortest_estimate+topology_aware+easy,jct_mean,20,3362.898,2953.868431,3771.927568
s10-user,shortest_estimate+topology_aware+easy,jct_p95,20,11774.0804,10201.5172,13346.6436
s10-user,shortest_estimate+topology_aware+easy,bsld_mean,20,1.40652937,1.316596734,1.496462005
s10-user,shortest_estimate+topology_aware+easy,bsld_p95,20,3.019396839,2.546870712,3.491922966
s10-user,shortest_estimate+topology_aware+easy,bsld_p99,20,8.922213192,7.056134227,10.78829216
s10-user,shortest_estimate+topology_aware+easy,wflow_mean,20,1.40652937,1.316596734,1.496462005
s10-user,shortest_estimate+topology_aware+easy,wflow_sum_all,20,2739.969053,2582.124728,2897.813378
s10-user,shortest_estimate+topology_aware+easy,large_wait_mean,20,3007.086846,1833.857776,4180.315917
s10-user,shortest_estimate+topology_aware+easy,large_wait_p95,20,16251.9306,8726.523205,23777.33799
s10-user,shortest_estimate+topology_aware+easy,utilization,20,0.8605277864,0.8456555684,0.8754000044
s10-user,shortest_estimate+topology_aware+easy,frag_blocked_frac,20,0.4080437785,0.3645911158,0.4514964411
s10-user,shortest_estimate+topology_aware+easy,stranded_frac,20,0.1904946989,0.1743039034,0.2066854945
s10-user,shortest_estimate+topology_aware+easy,goodput_ratio,20,0.9598421577,0.9548188612,0.9648654542
s10-user,shortest_estimate+topology_aware+easy,wasted_gpu_hours,20,197.0700092,161.2843878,232.8556306
s10-user,shortest_estimate+topology_aware+easy,lost_gpu_hours,20,0,0,0
s10-user,shortest_estimate+topology_aware+easy,overhead_gpu_hours,20,0,0,0
s10-user,shortest_estimate+topology_aware+easy,topology_gpu_hours,20,197.0699206,161.2843027,232.8555384
s10-user,shortest_estimate+topology_aware+easy,slack_gpu_hours,20,8.864242428e-05,8.078283627e-05,9.650201229e-05
s10-user,shortest_estimate+topology_aware+easy,preemptions,20,0,0,0
s10-user,shortest_estimate+topology_aware+easy,failure_kills,20,0,0,0
s10-user,shortest_estimate+topology_aware+easy,node_downtime_gpu_hours,20,0,0,0
s10-user,shortest_estimate+topology_aware+easy,jain_bsld,20,0.9941136907,0.9905777224,0.9976496591
s10-user,shortest_estimate+topology_aware+easy,tenant_worst_best_ratio,20,1.187766122,1.125181887,1.250350357
s10-user,shortest_estimate+topology_aware+easy,slo_attainment,20,0.9691464449,0.9619656654,0.9763272245
s10-user,shortest_estimate+topology_aware+easy,makespan,20,230946.3405,200546.5241,261346.1569
s10-user,shortest_estimate+topology_aware+easy,reservations,20,245.65,223.0500964,268.2499036
s10-user,shortest_estimate+topology_aware+easy,broken_reservations,20,85.1,74.60309201,95.59690799
s10-user,shortest_estimate+topology_aware+easy,tenant_t0_bsld_mean,20,1.414476806,1.317884262,1.51106935
s10-user,shortest_estimate+topology_aware+easy,tenant_t0_bsld_p95,20,3.141310825,2.647621715,3.634999936
s10-user,shortest_estimate+topology_aware+easy,tenant_t1_bsld_mean,20,1.423259853,1.311272458,1.535247247
s10-user,shortest_estimate+topology_aware+easy,tenant_t1_bsld_p95,20,3.022659398,2.461923398,3.583395398
s10-user,shortest_estimate+topology_aware+easy,tenant_t2_bsld_mean,20,1.378848936,1.274759839,1.482938034
s10-user,shortest_estimate+topology_aware+easy,tenant_t2_bsld_p95,20,2.880653011,2.441343107,3.319962914
s10-user,shortest_estimate+topology_aware+easy,tenant_t3_bsld_mean,20,1.385422572,1.284033046,1.486812099
s10-user,shortest_estimate+topology_aware+easy,tenant_t3_bsld_p95,20,2.963811316,2.255705116,3.671917516
s10-user,shortest_estimate+topology_aware+easy,prio_1_wait_p95,20,2470.9483,1763.495848,3178.400752
s10-user,shortest_estimate+topology_aware+easy,prio_1_bsld_p95,20,2.95842165,2.464321433,3.452521866
s10-user,shortest_estimate+topology_aware+easy,prio_8_wait_p95,20,2368.3694,1545.846981,3190.891819
s10-user,shortest_estimate+topology_aware+easy_oracle,J,20,0.1968928702,0.158716732,0.2350690083
s10-user,shortest_estimate+topology_aware+easy_oracle,J_slowdown,20,0.03044510034,0.02670987214,0.03418032855
s10-user,shortest_estimate+topology_aware+easy_oracle,J_wait,20,0.09524786916,0.07097476676,0.1195209716
s10-user,shortest_estimate+topology_aware+easy_oracle,J_waste,20,0.03907674576,0.03402421674,0.04412927479
s10-user,shortest_estimate+topology_aware+easy_oracle,J_slo,20,0.02895742402,0.02162214303,0.036292705
s10-user,shortest_estimate+topology_aware+easy_oracle,J_fairness,20,0.003165730871,0.002154149453,0.004177312289
s10-user,shortest_estimate+topology_aware+easy_oracle,wait_mean,20,616.0412252,405.5881764,826.4942739
s10-user,shortest_estimate+topology_aware+easy_oracle,wait_p95,20,2106.58855,1569.742529,2643.434571
s10-user,shortest_estimate+topology_aware+easy_oracle,wait_p99,20,14599.502,8881.705415,20317.29858
s10-user,shortest_estimate+topology_aware+easy_oracle,jct_mean,20,3266.394403,2899.070523,3633.718283
s10-user,shortest_estimate+topology_aware+easy_oracle,jct_p95,20,11347.87695,9890.300998,12805.4529
s10-user,shortest_estimate+topology_aware+easy_oracle,bsld_mean,20,1.340049609,1.277818485,1.402280732
s10-user,shortest_estimate+topology_aware+easy_oracle,bsld_p95,20,2.759140361,2.420628785,3.097651936
s10-user,shortest_estimate+topology_aware+easy_oracle,bsld_p99,20,7.114623631,6.19779302,8.031454242
s10-user,shortest_estimate+topology_aware+easy_oracle,wflow_mean,20,1.340049609,1.277818485,1.402280732
s10-user,shortest_estimate+topology_aware+easy_oracle,wflow_sum_all,20,2621.281177,2509.348661,2733.213693
s10-user,shortest_estimate+topology_aware+easy_oracle,large_wait_mean,20,2574.04869,1674.890008,3473.207373
s10-user,shortest_estimate+topology_aware+easy_oracle,large_wait_p95,20,13025.51055,8031.90702,18019.11408
s10-user,shortest_estimate+topology_aware+easy_oracle,utilization,20,0.8656805019,0.8477652406,0.8835957633
s10-user,shortest_estimate+topology_aware+easy_oracle,frag_blocked_frac,20,0.3818034114,0.3393774076,0.4242294152
s10-user,shortest_estimate+topology_aware+easy_oracle,stranded_frac,20,0.1924985629,0.1727676457,0.2122294801
s10-user,shortest_estimate+topology_aware+easy_oracle,goodput_ratio,20,0.9609232542,0.9558707252,0.9659757833
s10-user,shortest_estimate+topology_aware+easy_oracle,wasted_gpu_hours,20,189.5293987,155.7042718,223.3545255
s10-user,shortest_estimate+topology_aware+easy_oracle,lost_gpu_hours,20,0,0,0
s10-user,shortest_estimate+topology_aware+easy_oracle,overhead_gpu_hours,20,0,0,0
s10-user,shortest_estimate+topology_aware+easy_oracle,topology_gpu_hours,20,189.52931,155.7041859,223.3544342
s10-user,shortest_estimate+topology_aware+easy_oracle,slack_gpu_hours,20,8.864444448e-05,8.158277127e-05,9.570611768e-05
s10-user,shortest_estimate+topology_aware+easy_oracle,preemptions,20,0,0,0
s10-user,shortest_estimate+topology_aware+easy_oracle,failure_kills,20,0,0,0
s10-user,shortest_estimate+topology_aware+easy_oracle,node_downtime_gpu_hours,20,0,0,0
s10-user,shortest_estimate+topology_aware+easy_oracle,jain_bsld,20,0.9968342691,0.9958226877,0.9978458505
s10-user,shortest_estimate+topology_aware+easy_oracle,tenant_worst_best_ratio,20,1.142890632,1.116428405,1.16935286
s10-user,shortest_estimate+topology_aware+easy_oracle,slo_attainment,20,0.971042576,0.963707295,0.978377857
s10-user,shortest_estimate+topology_aware+easy_oracle,makespan,20,230661.1622,200405.3256,260916.9989
s10-user,shortest_estimate+topology_aware+easy_oracle,reservations,20,264.05,236.7474342,291.3525658
s10-user,shortest_estimate+topology_aware+easy_oracle,broken_reservations,20,67.3,58.47722772,76.12277228
s10-user,shortest_estimate+topology_aware+easy_oracle,tenant_t0_bsld_mean,20,1.349094948,1.279991338,1.418198559
s10-user,shortest_estimate+topology_aware+easy_oracle,tenant_t0_bsld_p95,20,2.794549748,2.443060971,3.146038526
s10-user,shortest_estimate+topology_aware+easy_oracle,tenant_t1_bsld_mean,20,1.354547954,1.278092386,1.431003522
s10-user,shortest_estimate+topology_aware+easy_oracle,tenant_t1_bsld_p95,20,2.814359263,2.401331201,3.227387326
s10-user,shortest_estimate+topology_aware+easy_oracle,tenant_t2_bsld_mean,20,1.309005896,1.250317412,1.367694381
s10-user,shortest_estimate+topology_aware+easy_oracle,tenant_t2_bsld_p95,20,2.778834358,2.423220294,3.134448422
s10-user,shortest_estimate+topology_aware+easy_oracle,tenant_t3_bsld_mean,20,1.325314799,1.24371585,1.406913747
s10-user,shortest_estimate+topology_aware+easy_oracle,tenant_t3_bsld_p95,20,2.531562735,2.124909073,2.938216397
s10-user,shortest_estimate+topology_aware+easy_oracle,prio_1_wait_p95,20,2161.7809,1634.85175,2688.71005
s10-user,shortest_estimate+topology_aware+easy_oracle,prio_1_bsld_p95,20,2.78317409,2.42948705,3.136861131
s10-user,shortest_estimate+topology_aware+easy_oracle,prio_8_wait_p95,20,2135.45705,1538.847028,2732.067072
s10-user,shortest_estimate+topology_aware+easy_predicted,J,20,0.2323765468,0.1736578579,0.2910952357
s10-user,shortest_estimate+topology_aware+easy_predicted,J_slowdown,20,0.03331012873,0.02746283125,0.0391574262
s10-user,shortest_estimate+topology_aware+easy_predicted,J_wait,20,0.1193482137,0.07882157593,0.1598748514
s10-user,shortest_estimate+topology_aware+easy_predicted,J_waste,20,0.04113787244,0.0356893368,0.04658640807
s10-user,shortest_estimate+topology_aware+easy_predicted,J_slo,20,0.03210092349,0.02406384631,0.04013800066
s10-user,shortest_estimate+topology_aware+easy_predicted,J_fairness,20,0.006479408518,0.00219041311,0.01076840392
s10-user,shortest_estimate+topology_aware+easy_predicted,wait_mean,20,696.0408715,441.1566046,950.9251383
s10-user,shortest_estimate+topology_aware+easy_predicted,wait_p95,20,2639.6137,1743.289701,3535.937699
s10-user,shortest_estimate+topology_aware+easy_predicted,wait_p99,20,16740.04275,9635.659166,23844.42633
s10-user,shortest_estimate+topology_aware+easy_predicted,jct_mean,20,3347.775935,2968.355659,3727.196212
s10-user,shortest_estimate+topology_aware+easy_predicted,jct_p95,20,11770.8986,10230.59727,13311.19993
s10-user,shortest_estimate+topology_aware+easy_predicted,bsld_mean,20,1.407099382,1.310627981,1.503570782
s10-user,shortest_estimate+topology_aware+easy_predicted,bsld_p95,20,3.018788559,2.488867019,3.548710098
s10-user,shortest_estimate+topology_aware+easy_predicted,bsld_p99,20,9.027280727,7.235968785,10.81859267
s10-user,shortest_estimate+topology_aware+easy_predicted,wflow_mean,20,1.407099382,1.310627981,1.503570782
s10-user,shortest_estimate+topology_aware+easy_predicted,wflow_sum_all,20,2743.987574,2569.811204,2918.163943
s10-user,shortest_estimate+topology_aware+easy_predicted,large_wait_mean,20,2952.102355,1849.445871,4054.75884
s10-user,shortest_estimate+topology_aware+easy_predicted,large_wait_p95,20,15568.76085,8859.814304,22277.7074
s10-user,shortest_estimate+topology_aware+easy_predicted,utilization,20,0.8592001062,0.8438413892,0.8745588232
s10-user,shortest_estimate+topology_aware+easy_predicted,frag_blocked_frac,20,0.4283926886,0.3727413546,0.4840440225
s10-user,shortest_estimate+topology_aware+easy_predicted,stranded_frac,20,0.1931652426,0.1740537647,0.2122767205
s10-user,shortest_estimate+topology_aware+easy_predicted,goodput_ratio,20,0.9588621276,0.9534135919,0.9643106632
s10-user,shortest_estimate+topology_aware+easy_predicted,wasted_gpu_hours,20,197.871269,164.3514505,231.3910875
s10-user,shortest_estimate+topology_aware+easy_predicted,lost_gpu_hours,20,0,0,0
s10-user,shortest_estimate+topology_aware+easy_predicted,overhead_gpu_hours,20,0,0,0
s10-user,shortest_estimate+topology_aware+easy_predicted,topology_gpu_hours,20,197.8711789,164.3513632,231.3909946
s10-user,shortest_estimate+topology_aware+easy_predicted,slack_gpu_hours,20,9.013737377e-05,8.212704885e-05,9.814769869e-05
s10-user,shortest_estimate+topology_aware+easy_predicted,preemptions,20,0,0,0
s10-user,shortest_estimate+topology_aware+easy_predicted,failure_kills,20,0,0,0
s10-user,shortest_estimate+topology_aware+easy_predicted,node_downtime_gpu_hours,20,0,0,0
s10-user,shortest_estimate+topology_aware+easy_predicted,jain_bsld,20,0.9935205915,0.9892315961,0.9978095869
s10-user,shortest_estimate+topology_aware+easy_predicted,tenant_worst_best_ratio,20,1.203423012,1.140413816,1.266432209
s10-user,shortest_estimate+topology_aware+easy_predicted,slo_attainment,20,0.9678990765,0.9598619993,0.9759361537
s10-user,shortest_estimate+topology_aware+easy_predicted,makespan,20,231953.9427,201424.4741,262483.4112
s10-user,shortest_estimate+topology_aware+easy_predicted,reservations,20,241.55,218.419592,264.680408
s10-user,shortest_estimate+topology_aware+easy_predicted,broken_reservations,20,148.3,132.5015901,164.0984099
s10-user,shortest_estimate+topology_aware+easy_predicted,tenant_t0_bsld_mean,20,1.421677745,1.317350087,1.526005403
s10-user,shortest_estimate+topology_aware+easy_predicted,tenant_t0_bsld_p95,20,3.154077219,2.557411189,3.75074325
s10-user,shortest_estimate+topology_aware+easy_predicted,tenant_t1_bsld_mean,20,1.417284942,1.314280945,1.520288939
s10-user,shortest_estimate+topology_aware+easy_predicted,tenant_t1_bsld_p95,20,3.062128898,2.439175354,3.685082442
s10-user,shortest_estimate+topology_aware+easy_predicted,tenant_t2_bsld_mean,20,1.356186287,1.273534293,1.43883828
s10-user,shortest_estimate+topology_aware+easy_predicted,tenant_t2_bsld_p95,20,3.07307397,2.472673557,3.673474383
s10-user,shortest_estimate+topology_aware+easy_predicted,tenant_t3_bsld_mean,20,1.422291717,1.251648739,1.592934696
s10-user,shortest_estimate+topology_aware+easy_predicted,tenant_t3_bsld_p95,20,3.231449662,2.210050671,4.252848653
s10-user,shortest_estimate+topology_aware+easy_predicted,prio_1_wait_p95,20,2611.807,1796.518164,3427.095836
s10-user,shortest_estimate+topology_aware+easy_predicted,prio_1_bsld_p95,20,2.994148919,2.444073941,3.544223898
s10-user,shortest_estimate+topology_aware+easy_predicted,prio_8_wait_p95,20,2704.9267,1792.676395,3617.177005
s10-user,shortest_estimate+topology_aware+risk,J,20,0.2172116892,0.1698490021,0.2645743763
s10-user,shortest_estimate+topology_aware+risk,J_slowdown,20,0.03201242094,0.027218237,0.03680660488
s10-user,shortest_estimate+topology_aware+risk,J_wait,20,0.1091360276,0.07664232788,0.1416297273
s10-user,shortest_estimate+topology_aware+risk,J_waste,20,0.03954168739,0.03447782943,0.04460554535
s10-user,shortest_estimate+topology_aware+risk,J_slo,20,0.03160955385,0.02431957349,0.03889953421
s10-user,shortest_estimate+topology_aware+risk,J_fairness,20,0.004911999425,0.002621111272,0.007202887579
s10-user,shortest_estimate+topology_aware+risk,wait_mean,20,684.0470988,432.7985864,935.2956112
s10-user,shortest_estimate+topology_aware+risk,wait_p95,20,2413.7517,1695.091468,3132.411932
s10-user,shortest_estimate+topology_aware+risk,wait_p99,20,15785.7229,9151.628734,22419.81707
s10-user,shortest_estimate+topology_aware+risk,jct_mean,20,3334.83334,2949.559735,3720.106944
s10-user,shortest_estimate+topology_aware+risk,jct_p95,20,11631.148,10123.54055,13138.75545
s10-user,shortest_estimate+topology_aware+risk,bsld_mean,20,1.398897987,1.315967792,1.481828182
s10-user,shortest_estimate+topology_aware+risk,bsld_p95,20,2.901181525,2.466700237,3.335662813
s10-user,shortest_estimate+topology_aware+risk,bsld_p99,20,8.776305004,7.160034112,10.3925759
s10-user,shortest_estimate+topology_aware+risk,wflow_mean,20,1.398897987,1.315967792,1.481828182
s10-user,shortest_estimate+topology_aware+risk,wflow_sum_all,20,2727.29186,2575.895021,2878.688698
s10-user,shortest_estimate+topology_aware+risk,large_wait_mean,20,2902.867828,1811.76271,3993.972947
s10-user,shortest_estimate+topology_aware+risk,large_wait_p95,20,14433.15285,8334.726404,20531.5793
s10-user,shortest_estimate+topology_aware+risk,utilization,20,0.8603383205,0.845482722,0.875193919
s10-user,shortest_estimate+topology_aware+risk,frag_blocked_frac,20,0.4086927038,0.3563077307,0.4610776769
s10-user,shortest_estimate+topology_aware+risk,stranded_frac,20,0.1905252095,0.1707552215,0.2102951975
s10-user,shortest_estimate+topology_aware+risk,goodput_ratio,20,0.9604583126,0.9553944546,0.9655221706
s10-user,shortest_estimate+topology_aware+risk,wasted_gpu_hours,20,192.3916076,157.7708746,227.0123405
s10-user,shortest_estimate+topology_aware+risk,lost_gpu_hours,20,0,0,0
s10-user,shortest_estimate+topology_aware+risk,overhead_gpu_hours,20,0,0,0
s10-user,shortest_estimate+topology_aware+risk,topology_gpu_hours,20,192.3915185,157.7707898,227.0122471
s10-user,shortest_estimate+topology_aware+risk,slack_gpu_hours,20,8.909292933e-05,8.104302584e-05,9.714283281e-05
s10-user,shortest_estimate+topology_aware+risk,preemptions,20,0,0,0
s10-user,shortest_estimate+topology_aware+risk,failure_kills,20,0,0,0
s10-user,shortest_estimate+topology_aware+risk,node_downtime_gpu_hours,20,0,0,0
s10-user,shortest_estimate+topology_aware+risk,jain_bsld,20,0.9950880006,0.9927971124,0.9973788887
s10-user,shortest_estimate+topology_aware+risk,tenant_worst_best_ratio,20,1.17813933,1.131093931,1.225184729
s10-user,shortest_estimate+topology_aware+risk,slo_attainment,20,0.9683904461,0.9611004658,0.9756804265
s10-user,shortest_estimate+topology_aware+risk,makespan,20,230671.8613,200611.274,260732.4487
s10-user,shortest_estimate+topology_aware+risk,reservations,20,242.3,220.0917684,264.5082316
s10-user,shortest_estimate+topology_aware+risk,broken_reservations,20,137.85,123.7503493,151.9496507
s10-user,shortest_estimate+topology_aware+risk,tenant_t0_bsld_mean,20,1.400177034,1.31361449,1.486739579
s10-user,shortest_estimate+topology_aware+risk,tenant_t0_bsld_p95,20,3.008215492,2.518895781,3.497535203
s10-user,shortest_estimate+topology_aware+risk,tenant_t1_bsld_mean,20,1.4102629,1.314713569,1.505812231
s10-user,shortest_estimate+topology_aware+risk,tenant_t1_bsld_p95,20,2.889231683,2.412054868,3.366408499
s10-user,shortest_estimate+topology_aware+risk,tenant_t2_bsld_mean,20,1.386450718,1.29704495,1.475856486
s10-user,shortest_estimate+topology_aware+risk,tenant_t2_bsld_p95,20,2.886871182,2.43299167,3.340750694
s10-user,shortest_estimate+topology_aware+risk,tenant_t3_bsld_mean,20,1.384902067,1.264132707,1.505671426
s10-user,shortest_estimate+topology_aware+risk,tenant_t3_bsld_p95,20,3.063062324,2.251426202,3.874698446
s10-user,shortest_estimate+topology_aware+risk,prio_1_wait_p95,20,2512.19825,1799.778495,3224.618005
s10-user,shortest_estimate+topology_aware+risk,prio_1_bsld_p95,20,2.981230596,2.514349848,3.448111343
s10-user,shortest_estimate+topology_aware+risk,prio_8_wait_p95,20,2662.3872,1695.165024,3629.609376
