scenario,policy,seed,J,J_slowdown,J_wait,J_waste,J_slo,J_fairness,jobs,window_jobs,infeasible_jobs,wait_mean,wait_p50,wait_p95,wait_p99,jct_mean,jct_p50,jct_p95,jct_p99,bsld_mean,bsld_p50,bsld_p95,bsld_p99,wflow_mean,wflow_sum_all,large_jobs,large_wait_mean,large_wait_p95,utilization,frag_blocked_frac,stranded_frac,goodput_ratio,wasted_gpu_hours,lost_gpu_hours,overhead_gpu_hours,topology_gpu_hours,slack_gpu_hours,grace_gpu_hours,preemptions,failure_kills,node_downtime_gpu_hours,jain_bsld,tenant_worst_best_ratio,slo_attainment,slo_violation_rate,slo_jobs,makespan,reservations,broken_reservations,invocations,tenant_t0_jobs,tenant_t0_wait_mean,tenant_t0_wait_p50,tenant_t0_wait_p95,tenant_t0_wait_p99,tenant_t0_jct_mean,tenant_t0_jct_p50,tenant_t0_jct_p95,tenant_t0_jct_p99,tenant_t0_bsld_mean,tenant_t0_bsld_p50,tenant_t0_bsld_p95,tenant_t0_bsld_p99,tenant_t1_jobs,tenant_t1_wait_mean,tenant_t1_wait_p50,tenant_t1_wait_p95,tenant_t1_wait_p99,tenant_t1_jct_mean,tenant_t1_jct_p50,tenant_t1_jct_p95,tenant_t1_jct_p99,tenant_t1_bsld_mean,tenant_t1_bsld_p50,tenant_t1_bsld_p95,tenant_t1_bsld_p99,tenant_t2_jobs,tenant_t2_wait_mean,tenant_t2_wait_p50,tenant_t2_wait_p95,tenant_t2_wait_p99,tenant_t2_jct_mean,tenant_t2_jct_p50,tenant_t2_jct_p95,tenant_t2_jct_p99,tenant_t2_bsld_mean,tenant_t2_bsld_p50,tenant_t2_bsld_p95,tenant_t2_bsld_p99,tenant_t3_jobs,tenant_t3_wait_mean,tenant_t3_wait_p50,tenant_t3_wait_p95,tenant_t3_wait_p99,tenant_t3_jct_mean,tenant_t3_jct_p50,tenant_t3_jct_p95,tenant_t3_jct_p99,tenant_t3_bsld_mean,tenant_t3_bsld_p50,tenant_t3_bsld_p95,tenant_t3_bsld_p99,prio_1_jobs,prio_1_wait_mean,prio_1_wait_p50,prio_1_wait_p95,prio_1_wait_p99,prio_1_jct_mean,prio_1_jct_p50,prio_1_jct_p95,prio_1_jct_p99,prio_1_bsld_mean,prio_1_bsld_p50,prio_1_bsld_p95,prio_1_bsld_p99,prio_4_jobs,prio_4_wait_mean,prio_4_wait_p50,prio_4_wait_p95,prio_4_wait_p99,prio_4_jct_mean,prio_4_jct_p50,prio_4_jct_p95,prio_4_jct_p99,prio_4_bsld_mean,prio_4_bsld_p50,prio_4_bsld_p95,prio_4_bsld_p99,prio_8_jobs,prio_8_wait_mean,prio_8_wait_p50,prio_8_wait_p95,prio_8_wait_p99,prio_8_jct_mean,prio_8_jct_p50,prio_8_jct_p95,prio_8_jct_p99,prio_8_bsld_mean,prio_8_bsld_p50,prio_8_bsld_p95,prio_8_bsld_p99,prio_9_jobs,prio_9_wait_mean,prio_9_wait_p50,prio_9_wait_p95,prio_9_wait_p99,prio_9_jct_mean,prio_9_jct_p50,prio_9_jct_p95,prio_9_jct_p99,prio_9_bsld_mean,prio_9_bsld_p50,prio_9_bsld_p95,prio_9_bsld_p99
s6-ckpt-long,fifo+first_fit+none,1,2.815819045,0.8499970831,1.028083385,0.04487092254,0.8748898678,0.01797778695,2390,1912,0,13813.77951,13124.207,26704.864,28895.583,17083.17533,15272.731,31413.867,59744.025,24.35976247,10.2251006,97.93523749,231.6320187,24.35976247,51798.53236,435,14065.20417,27649.867,0.7980923536,0.8335295927,0.2414938309,0.9551290775,320.5254733,0,0,320.5253143,0.0001590707071,0,0,0,0,0.9820222131,1.476696238,0.1251101322,0.8748898678,1135,380059.7,0,0,4433,770,13912.76715,13193.078,26642.381,28903.527,16212.69149,15316.221,29602.845,33230.202,23.48147777,8.817645282,96.65020179,259.468583,557,13391.12585,12826.154,26464.502,28521.25,15092.11922,14436.64,28719.38,31638.46,27.71840233,13.43892371,109.4653836,231.2248875,396,13929.13191,13162.651,27894.56,28898.835,21391.38219,16460.443,59744.025,94052.141,24.01096892,9.606426501,101.2604615,161.6224864,189,14414.40414,13538.824,26977.909,29067.834,17470.69325,15633.567,31709.56,39465.387,18.77055119,7.749151142,80.91958856,186.3059648,777,13777.36894,13005.252,27373.653,29067.536,17067.63786,15280.488,31338.53,59744.025,22.81470286,9.372184352,100.3873782,186.3059648,609,13939.87616,13192.322,26724.455,28640.602,16933.25653,15255.513,32182.344,52219.43,25.85090191,11.16989674,101.483137,259.468583,166,12140.7692,12063.834,26282.764,28260.419,16278.89086,13850.077,30964.182,92896.663,24.80975305,9.759627385,84.89478479,302.1278667,360,14450.49579,13785.979,25285.49,28903.527,17741.18751,16062.904,30787.926,72782.536,24.96450959,10.50019954,88.59554916,253.9940784
s6-ckpt-long,fifo+first_fit+none,2,2.913815871,0.7709709504,1.527287301,0.06138844562,0.5421686747,0.0120004999,2330,1864,0,13311.09065,4453.446,39671.879,42550.77,16548.14668,7783.999,43846.019,50594.502,18.36088665,4.210693622,88.8299791,209.6815965,18.36088665,51625.96888,383,13559.90945,40187.044,0.7798469173,0.691949951,0.1909560658,0.9386115544,434.3951,0,0,434.3949647,0.0001352727274,0,0,0,0,0.9879995001,1.362384891,0.4578313253,0.5421686747,1079,341457.908,0,0,4126,748,13520.80665,4416.325,39946.854,42571.492,18183.09892,9130.72,46993.819,58782.878,15.64717639,3.59513973,75.75700299,208.0767439,567,12763.28424,4315.121,39160.519,41938.173,15220.57477,6602.346,42211.492,45534.081,19.87815147,3.901803042,91.50676582,279.4407945,367,13217.8676,4623.712,39416.936,42836.522,14950.13177,6304.9,41939.424,44901.612,21.31747671,5.760052005,96.28482989,207.6532098,182,14343.79138,5052.855,40260.261,43209.368,17186.94053,8279.717,41793.858,48056.105,18.82515898,4.872009353,91.69755969,163.3151653,785,13038.06275,4153.881,40349.347,42980.134,16223.07297,6985.516,44361.453,52472.66,16.83661056,3.975886722,86.42353834,198.6921414,640,12678.50549,4350.981,39899.047,42754.799,15750.48188,7512.803,43926.133,49473.556,19.27199099,3.501210866,86.82088675,224.4199856,139,11486.24955,3288.408,39946.854,41534.549,14390.75548,5235.374,42673.752,45297.525,15.68978019,4.213261038,76.34177477,208.0767439,300,16220.53839,12982.346,35725.121,37323.685,20100.03242,16836.818,41125.082,60261.077,21.64333247,6.471257148,95.86506983,212.8192003
s6-ckpt-long,fifo+first_fit+none,3,2.499762521,0.7485260821,0.685335963,0.04004942098,1,0.02585105453,2270,1816,0,13462.04752,13336.371,17801.867,18723.747,16037.81387,15544.561,23448.954,33546.911,23.92697669,12.44349745,86.24391904,166.3452727,23.92697669,54370.1353,426,13819.2601,18056.89,0.8203156724,0.8499804229,0.2572305485,0.959950579,210.8658422,0,0,210.86572,0.0001221818182,0,0,0,0,0.9741489455,1.579850179,0,1,959,256321.397,0,0,4517,725,13415.18531,13336.371,17745.84,18632.033,17113.71528,16226.281,28427.379,44340.163,18.43383946,8.652498859,62.64872385,125.7099336,543,13430.41596,13290.718,17751.606,18993.79,15065.08916,14888.686,20086.38,24830.445,29.12270457,15.81549612,98.79910706,177.2702036,359,13512.68601,13256.287,17693.09,18511.78,15730.55285,15591.888,21933.898,25302.313,25.2319611,12.00044123,100.7533245,169.3584171,189,13636.5016,13650.635,17943.552,18892.365,15288.96578,15403.317,20654.35,23978.802,27.59234627,16.219711,81.32039328,278.4888741,857,13566.73004,13483.04,17928.741,18892.365,16183.87618,15689.182,23490.446,35593.265,24.80749833,12.42578481,87.44803566,174.1526332,652,13436.00619,13321.963,17853.289,18723.747,15791.91062,15386.65,22915.076,29621.115,24.18869807,12.98184838,86.81160019,148.3683491,161,13489.36104,13623.452,17453.296,18832.421,16503.30024,15634.701,24576.142,44976.461,22.96434317,12.6858671,91.01160091,169.5871349,146,12933.7499,13007.61,17059.679,17342.983,15765.28118,15313.475,23372.939,35725.495,18.65118637,9.371227698,60.83167343,117.5293713
s6-ckpt-long,fifo+first_fit+none,4,2.767344413,0.922695059,0.9116465452,0.05066302596,0.6992031873,0.1831365953,2270,1816,0,10399.91045,10073.169,23680.372,24469.387,12961.92509,12299.36,26673.079,32380.061,20.83101195,5.289590509,106.3113763,226.3529724,20.83101195,48345.72323,411,11012.62864,24084.014,0.8005387192,0.7015797952,0.2279194183,0.949336974,278.7254867,0,0,278.7253458,0.0001408888889,0,0,0,0,0.8168634047,3.137837332,0.3007968127,0.6992031873,1004,296565.75,0,0,4108,698,10883.29519,10699.595,23744.742,24532.554,12787.3122,12368.061,25966.856,31052.697,33.44571394,7.510345422,168.3142416,323.8234667,559,10165.24845,10016.577,23552.969,24645.37,13765.60182,12927.37,28096.013,35972.136,12.06099366,4.165029448,46.60223043,157.5809278,375,9906.56,9516.428,23680.372,24370.613,12327.10172,11170.339,26012.611,31736.243,10.65884251,5.460488108,38.55559716,79.02537346,184,10284.58395,9629.789,23511.857,24352.197,12476.50803,11428.835,25128.367,28727.789,20.35243459,5.235290593,107.8716842,290.795547,812,9623.135005,9459.782,23511.67,24487.892,12331.82615,11428.835,27147.166,31589.468,17.95179747,4.624510916,83.70883784,194.2379649,597,10107.65146,9898.568,23168.872,24339.473,12627.21667,11974.872,26096.326,32096.101,20.48701957,5.230722931,103.137636,273.3205656,137,9576.509708,8952.47,23450.92,24532.554,11832.43665,11076.215,26358.462,32651.871,18.50617465,4.850518763,106.1741756,175.068025,270,13800.00741,16577.737,24152.825,24755.549,16170.0776,18862.525,27288.576,35972.136,31.43022793,9.227353222,129.094312,324.32025
s6-ckpt-long,fifo+first_fit+none,5,0.6821106264,0.08076063469,0.2150251296,0.05514431421,0.2755905512,0.05558999671,2300,1840,0,1577.805231,1139.952,5585.361,6513.17,3784.549696,3136.674,9154.88,14507.883,2.98018707,1.654367659,9.305104801,18.64382512,2.98018707,7766.030957,386,1748.267528,5824.632,0.8180860632,0.614597442,0.2114390225,0.9448556858,253.9679933,0,0,253.9678717,0.0001216161617,0,0,0,0,0.9444100033,1.887531288,0.7244094488,0.2755905512,1016,203714.073,0,0,3991,731,1532.247424,1096.779,5585.361,6529.887,3719.333488,3022.784,9243.115,16007.751,2.950503991,1.654367659,9.170995211,18.32680265,559,1656.620791,1335.017,5593.486,6333.837,3530.78053,2993.076,8738.975,12354.574,2.982815672,1.84767644,8.901072357,16.29994858,378,1552.822685,1025.155,5824.632,6539.206,4239.661376,3620.167,9377.896,13545.928,2.361515864,1.45013786,6.767942626,14.40883456,172,1570.178843,1129.568,5625.087,6721.917,3886.281076,3128.31,9616.547,16602.434,4.45743508,1.646539124,15.06703556,43.78131667,824,1648.363137,1215.957,5844.19,6440.12,3882.363096,3062.35,9587.965,15695.159,2.993226372,1.654367659,9.438943438,18.32680265,586,1626.494469,1089.455,5790.581,6614.289,3766.935816,3265.94,8690.616,12429.502,3.070713533,1.700120343,9.337592361,33.39047719,160,1311.552231,825.115,3654.384,6764.679,3544.395769,2802.911,8868.569,14738.915,2.711746628,1.400404931,9.714014738,15.12411928,270,1414.57883,1093.401,2833.343,3152.968,3666.579774,3150.692,8185.593,13607.486,2.902992914,1.751157348,8.420004951,16.6666224
s6-ckpt-long,fifo+first_fit+none,6,2.919834625,1.071849089,0.8211901457,0.05787685641,0.9557692308,0.01314930323,2270,1816,0,13428.51257,12051.28,21330.732,22300.462,15340.36422,14328.751,23780.699,28381.48,29.09100135,12.72186176,123.4966534,234.4787333,29.09100135,63008.02083,438,13772.46015,21863.081,0.8245896341,0.8810131289,0.257803508,0.9421231436,234.8061889,0,0,234.806049,0.0001398787879,0,0,0,0,0.9868506968,1.317467547,0.04423076923,0.9557692308,1040,183200.842,0,0,4449,732,13439.23411,12226.706,21194.78,22387.79,15499.80592,14439.832,24579.764,29612.418,33.33190848,11.90870038,147.9948437,281.7212282,535,13113.27321,11632.038,21397.116,22175.69,14923.02007,13680.648,23332.689,28205.48,26.68182453,13.32274925,96.64415412,197.6140146,372,13824.18881,12740.604,21301.86,22300.462,15104.02249,14310.3,23089.331,24884.818,26.01459159,14.46091128,95.30764242,173.8103256,177,13505.42397,12247.566,21603.385,22701.842,16439.16034,15407.148,25779.642,47288.69,25.29998447,11.13844506,116.3813794,228.055938,776,13309.87549,11760.825,21401.216,22396.986,15309.19839,13854.947,24213.406,29821.156,29.88581683,12.39824634,126.5503667,267.5582265,660,13379.77184,11852.883,21397.116,22387.79,15174.49576,14424.645,23598.507,27680.79,26.92574555,12.92579464,102.7177193,228.055938,170,13911.87941,12376.226,21218.534,22596.699,15847.45389,15476.52,23133.133,28205.48,29.21487843,12.56638906,120.628039,194.2883407,210,13628.79296,12740.604,21154.013,21322.149,15566.32907,14574.305,23391.155,27820.87,32.85877711,12.58887107,139.8675033,209.5242833
s6-ckpt-long,fifo+first_fit+none,7,3.481406746,1.188618539,1.291364619,0.04123866806,0.898637138,0.06154778202,2450,1960,0,18396.71384,18198.092,33543.696,35921.07,22183.10177,20621.961,39453.685,62179.331,32.59079641,12.09236715,136.9506333,334.0842017,32.59079641,70487.363,434,18544.01694,34374.928,0.8023985597,0.8347074728,0.2292295912,0.9587613319,329.95022,0,0,329.9500756,0.0001443636365,0,0,0,0,0.938452218,2.009945543,0.101362862,0.898637138,1174,418413.65,0,0,4691,777,18464.41553,18255.064,34259.878,36059.711,21775.25142,20497.344,37402.791,52104.628,31.64213657,12.49742043,138.0651553,254.5919063,622,18188.53898,18063.024,33116.943,35912.686,23788.41268,21266.656,49101.987,89000.02,22.79948652,9.388763546,77.64168054,259.204711,365,18701.678,18623.653,34082.802,35842.275,21165.19393,20608.822,38489.591,44930.331,45.82572632,15.97962276,165.1384214,473.8308167,196,18221.04358,17633.875,34265.15,35563.773,20601.12579,20006.678,36895.58,47672.281,42.77729662,11.8455436,240.2977995,588.309,786,18866.9188,18337.459,34489.35,36059.711,22962.30242,21220.957,40302.011,62179.331,32.22330946,12.22428126,135.3265859,334.0842017,633,18701.65873,18889.062,34634.185,36466.35,22583.83078,21140.282,41520.414,64799.9,34.90334552,11.53081386,152.9543607,435.3455833,148,18720.65075,18741.873,34381.041,35291.589,22178.82014,21351.224,37402.791,49101.987,32.70207724,11.75239363,122.48744,254.5919063,393,16843.14162,16310.475,31770.585,32445.362,19980.86391,19231.436,35512.83,58263.589,29.55907021,12.94296425,126.6842974,239.1167167
s6-ckpt-long,fifo+first_fit+none,8,0.5334811571,0.1379668344,0.1823197846,0.03517266094,0.1356725146,0.04234936249,2060,1648,0,1052.103086,160.234,4735.827,6110.449,2574.306576,1638.23,7630.737,13202.824,3.741814701,1.193457057,15.89630713,36.10344924,3.741814701,6613.600162,397,1173.244499,5088.182,0.7181101191,0.4134830619,0.1311836703,0.9648273391,96.00222667,0,0,96.00211382,0.0001128484849,0,0,0,0,0.9576506375,1.790435196,0.8643274854,0.1356725146,855,158093.299,0,0,2973,696,1104.711944,204.653,5180.444,6264.763,2284.461055,1503.54,7325.142,11042.789,4.622315646,1.249257814,20.35864584,44.48596503,505,1012.75004,151.416,4458.742,5801.454,2381.267842,1512.969,6047.474,14322.84,3.341751527,1.20475427,12.95062146,24.52121572,311,972.2095659,123.235,4634.346,5869.201,3215.077084,1976.627,9160.828,15792.415,2.581671571,1.090667558,9.902034983,21.36795965,136,1111.694316,119.57,4945.686,5821.384,3309.140522,2055.419,11138.25,14700.107,3.374224685,1.149760759,17.85832403,27.76584534,793,1006.369748,72.765,4727.715,6238.022,2571.733652,1561.091,7630.737,15792.415,3.768323799,1.10000149,17.13380764,35.49851786,627,1078.101263,85.157,4791.45,5829.262,2590.355305,1587.606,7546.552,11254.226,3.771349978,1.134583291,15.47773664,41.40125463,168,1153.115958,478.3,5264.449,6317.017,2581.267702,1852.025,8043.375,12290.832,3.450984636,1.249257814,17.31515037,36.10344924,60,1102.028367,1018.835,1880.368,1964.437,2421.1117,1900.425,6121.624,9134.713,3.897133321,2.355090423,15.46608884,26.58289003
s6-ckpt-long,fifo+first_fit+none,9,1.437772847,0.340580467,0.5750543345,0.04351567168,0.4209944751,0.05762789825,2150,1720,0,4852.340627,3499.007,14937.259,16419.484,7296.092841,5762.905,17590.146,24888.108,10.13895364,3.637174381,39.24110987,105.142,10.13895364,28459.1482,368,5352.395054,15122.705,0.7779453926,0.6960839484,0.1984555329,0.9564843283,219.4924578,0,0,219.4923422,0.0001155555556,0,0,0,0,0.9423721018,1.830446102,0.5790055249,0.4209944751,905,241476.852,0,0,3963,686,4702.908879,3453.32,14453.761,15867.353,7126.106694,5594.525,16999.213,24888.108,8.685399536,3.602953086,30.53547193,81.74478185,515,5011.267089,3571.426,15001.676,16609.395,7460.227957,5795.759,17514.688,23125.211,9.443139574,3.513801092,38.96873957,90.16746656,356,5009.65411,3507.948,15063.73,17226.579,7772.806601,6125.004,19688.017,27301.816,11.30955034,3.336429663,47.46304034,138.4083346,163,4635.527442,3412.076,13865.565,15862.865,6451.742006,4745.066,15852.101,21808.782,15.89815573,4.54910825,57.86793333,224.9314167,815,4970.092892,3663.554,14953.086,16367.669,7495.238688,6034.175,17590.146,23553.316,10.79848216,3.661296453,39.0237131,125.3448599,622,4825.644174,3340.384,14979.634,16707.342,7300.271257,5589.06,17762.376,28356.286,9.88416865,3.438387972,41.95721188,92.79479709,173,5188.738682,3760.798,15063.73,15801.406,7260.713023,5548.155,17764.272,24695.028,9.771120483,4.069423129,37.30752085,112.8563981,110,3601.7973,3097.294,7335.131,7825.498,5852.618918,4804.845,11076.444,20255.789,7.271641461,3.552196022,27.02429956,58.98215
s6-ckpt-long,fifo+first_fit+none,10,4.877783011,1.916001646,1.885120003,0.05191000841,1,0.02475135352,2360,1888,0,38640.88601,40487.557,48966.722,51442.971,41496.50004,42630.87,53636.768,64490.732,60.2685032,29.63714106,220.7584943,498.6994961,60.2685032,138001.1829,420,39422.0541,49097.82,0.8439322148,0.8472860464,0.243704665,0.9480899916,369.0713556,0,0,369.0712167,0.0001388686869,0,0,0,0,0.9752486465,1.574568029,0,1,1042,359181.774,0,0,4665,749,38785.89972,40297.87,49831.071,51658.199,41514.52328,42373.843,53142.359,63690.026,71.20990632,28.12776297,295.6470062,629.7589884,568,38611.19785,40532.936,48826.94,50242.638,42416.34779,43027.305,56158.332,66389.287,56.40210965,29.03360647,186.4926894,432.7657475,388,38120.84471,40356.355,47745.776,49999.331,40469.11871,42308.692,52185.36,62187.995,45.22504267,28.5785327,169.3805524,286.3878131,183,39242.10804,41179.225,48609.21,51689.788,40745.95923,42697.213,51147.115,54513.01,59.38251025,39.70992488,165.2264676,277.231705,846,38930.10858,40658.001,49579.706,51693.721,41659.60742,42615.204,53436.173,63475.91,60.67323393,29.32124966,220.7584943,428.0475667,647,39378.42449,40773.914,48719.193,50925.551,42306.42874,43391.076,53731.289,65047.968,62.99772442,29.77068509,246.4712491,543.5457013,155,37758.79542,40319.767,50026.186,51689.788,40559.02083,42429.229,52912.17,58927.485,55.36855256,30.72842017,228.9229757,331.8591511,240,36202.77913,39668.56,43589.012,43937.219,39343.56909,41887.77,51474.424,66759.909,54.64885332,28.75555462,177.3512165,520.2954862
s6-ckpt-long,fifo+first_fit+none,11,1.01653629,0.1889454881,0.4311815995,0.0379665051,0.3525498891,0.005892808519,2120,1696,0,3870.836426,2520.035,11200.109,12652.453,6692.435864,5305.971,15350.35,27681.004,5.522321183,2.453711329,21.76998206,43.419491,5.522321183,10384.4795,349,4128.271158,11524.225,0.795728727,0.6963068327,0.2080631545,0.9620334949,192.6302911,0,0,192.6301636,0.0001275151515,0,0,0,0,0.9941071915,1.216725503,0.6474501109,0.3525498891,902,257005.194,0,0,3679,676,3896.192161,2565.802,11214.389,12648.12,7147.334393,5874.749,16774.026,34095.638,5.675846631,2.34360015,23.6829716,53.77270064,499,4065.523743,2613.357,11501.517,12736.653,6230.85912,5086.293,14319.978,18607.594,5.661342981,2.762709399,20.21607947,38.01351561,348,3439.572572,2299.378,10915.283,12492.573,6184.324922,4710.138,14989.749,27681.004,5.451018801,2.293972526,20.39009076,45.64368561,173,4077.717197,2913.809,11146.728,12047.748,7268.378046,5971.85,15712.712,34002.074,4.664853836,2.406896428,19.55404626,32.01369805,794,4162.186615,2896.135,11101.993,12652.453,7058.897286,5644.373,15350.35,31914.878,5.790457216,2.569913958,21.26319051,42.20571403,628,3960.778323,2394.025,11417.371,12676.834,6563.299127,5354.633,15161.477,23626.361,5.536961235,2.548606059,22.0877921,43.60057808,154,3512.372968,2307.573,11471.075,12941.323,7003.301571,5109.018,19361.542,29016.85,5.943611414,1.910897154,24.45263681,69.43505201,120,1932.401525,1356.491,5247.329,5314.231,4544.554058,3602.687,9783.672,17412.306,3.130882367,1.761541214,8.544336349,25.66220954
s6-ckpt-long,fifo+first_fit+none,12,0.8922077331,0.1749044998,0.2855700646,0.03637542234,0.3542234332,0.0411343131,2330,1864,0,2404.050933,1953.404,7417.793,9138.82,4929.65535,3986.859,12208.224,21209.909,5.086079737,1.993319,20.15220295,50.99163333,5.086079737,14634.76589,398,2508.510935,7363.642,0.7748407887,0.6275392203,0.1967115124,0.9636245777,174.5579956,0,0,174.557868,0.0001275151515,0,0,0,0,0.9588656869,1.594865741,0.6457765668,0.3542234332,1101,248697.709,0,0,4111,708,2520.32009,2086.373,8032.248,9193.861,4006.84051,3366.548,10201.237,13398.035,6.463893596,2.833529236,25.26654761,54.8779732,594,2392.365998,1946.085,7105.791,9126.941,6198.464579,4693.675,17762.893,30131.386,4.387856908,1.723611974,17.63743795,49.95380777,380,2287.5388,1846.146,7039.394,8672.362,5063.681182,4439.682,11431.379,14826.66,4.05293902,1.748072212,13.60895338,48.81665832,182,2233.154769,1646.883,7379.208,9243.493,4098.613643,3404.258,9876.299,14669.267,4.162154578,1.853265224,12.95734242,49.81816414,763,2306.023346,1872.987,7114.332,8672.362,4806.187813,3826.826,12174.927,21376.639,4.99397743,1.877810087,19.12656078,52.55276618,646,2194.632176,1658.834,7414.772,8918.114,4671.904974,3725.259,11841.301,19259.867,4.807003467,1.805494327,19.01179664,50.99163333,155,2111.671658,1629.394,7003.471,9138.82,4963.8722,3494.61,13172.674,29684.858,4.103562581,1.676737127,18.63561411,49.40367689,300,3255.378777,2712.389,9126.941,9291.946,5781.018227,4818.301,12684.679,20244,6.428904702,2.917737156,22.41173518,48.81665832
s6-ckpt-long,fifo+first_fit+none,13,0.6045998221,0.09789147844,0.2325034061,0.04078806629,0.1835443038,0.04987256745,2180,1744,0,1513.506224,388.288,6039.366,7961.772,3654.021108,2458.252,9977.187,15040.678,3.304437075,1.250000195,11.27889187,32.23212565,3.304437075,8949.212963,386,1753.764021,6668.341,0.8017548888,0.4465051544,0.1615735504,0.9592119337,174.2610489,0,0,174.2609626,8.630303034e-05,0,0,0,0,0.9501274326,1.655325101,0.8164556962,0.1835443038,948,211460.436,0,0,3508,686,1519.997592,438.848,6018.508,8457.828,3650.54137,2600.859,9788.464,12993.646,2.504092009,1.262769106,7.702086391,16.38108272,529,1623.647675,562.586,6120.41,7569.886,3614.953603,2339.881,10029.939,14555.811,4.004609511,1.400526646,18.24781553,37.57391472,355,1449.938758,290.54,5929.631,7607.676,3347.170794,2117.939,8977.559,18786.729,4.14508636,1.193620995,17.14136667,60.53220747,174,1282.750736,125.868,6034.903,7961.772,4412.559454,3190.899,11643.265,17705.717,2.616017541,1.07230689,8.644012094,20.6994052,796,1458.8113,353.047,6047.813,8251.401,3612.295288,2456.346,9989.498,15678.949,3.061561446,1.202167607,9.586295907,32.23212565,640,1406.152611,261.611,6003.816,7708.267,3444.157231,2386.295,9311.646,13374.535,3.500827943,1.178076874,12.67025503,44.05098863,158,1172.512867,0,7224.382,8183.411,3386.442335,1812.988,9725.895,18464.159,2.749471137,1,12.13642283,25.07149615,150,2620.975707,2195.835,5989.705,6105.866,5052.71498,4396.791,11475.69,21768.312,4.339926831,2.505028761,14.37203475,29.31571409
s6-ckpt-long,fifo+first_fit+none,14,1.485248784,0.3660500673,0.4525742354,0.06076804354,0.476340694,0.1295157438,2180,1744,0,5105.20819,4042.181,11755.791,12644.327,7118.549044,6008.952,14287.957,20925.779,11.50775465,5.312828509,42.17567447,89.43993455,11.50775465,20820.90105,408,5376.030301,11931.846,0.8364049524,0.8097648923,0.2604913521,0.9392319565,257.9931111,0,0,257.9929644,0.0001466666667,0,0,0,0,0.8704842562,2.696395437,0.523659306,0.476340694,951,191120.953,0,0,4056,646,5309.26563,4083.882,11825.61,12664.735,6752.758672,5609.823,13727.346,17539.29,16.28025007,7.85832496,57.4241596,109.9269333,565,4935.035457,4030.961,11605.07,12548.443,7319.962382,6399.319,13996.259,17404.38,7.447424445,3.956979219,29.16844457,49.99739169,363,5007.087309,3951.764,11759.418,12422.783,6656.565755,5749.335,13444.598,16397.748,11.89604592,5.957227626,41.63178435,101.4323008,170,5104.880947,4086.975,12003.192,12963.939,8825.6195,6488.876,21635.136,37107.158,6.03778283,3.494103811,19.85964663,36.3533835,793,5162.469129,3981.984,11682.245,12433.904,7160.853937,6071.579,14362.138,20600.218,11.04224723,5.397120174,39.08903735,82.2323576,638,5229.706223,4067.069,11951.601,12793.515,7210.45285,5982.886,14065.037,21635.136,12.42628675,5.261974314,48.43216747,101.4323008,163,4858.895006,3979.109,11768.195,12695.493,7132.477417,5380.403,15043.845,37107.158,10.52988284,4.820138125,33.43339609,60.34004091,150,4540.617393,4574.565,6729.699,6779.123,6488.864153,6276.155,11622.251,15915.189,11.12453469,5.60586772,44.06722297,96.01251857
s6-ckpt-long,fifo+first_fit+none,15,4.113830768,1.424934225,1.540188706,0.05886557531,0.9854014599,0.1044408016,2360,1888,0,30602.93664,31305.562,40006.998,41755.22,33649.49461,34204.32,45738.228,54525.513,44.46133203,20.91259925,164.1785301,380.2954208,44.46133203,101180.823,412,30611.94334,40089.073,0.8259538066,0.8666493936,0.257752216,0.9411344247,406.7423289,0,0,406.7421966,0.0001322828284,0,0,0,0,0.8955591984,2.209816515,0.01459854015,0.9854014599,1096,367558.817,0,0,4619,778,30864.36283,31696.962,39925.678,41755.22,33392.43772,34096.647,44264.437,53034.17,44.95319608,22.83121065,159.494333,337.8943046,566,30169.49788,30797.592,40014.132,41852.96,34376.11742,34526.56,47612.444,59769.603,31.42615131,13.44858779,112.8616994,302.5298185,364,30702.22286,31657.513,40075.866,41498.264,32836.07339,33401.073,43974.927,57479.944,69.44602817,34.80815733,256.0515115,544.0749,180,30635.13982,30471.449,39713.381,41396.65,34120.64504,34221.104,47250.855,54525.513,32.79918015,18.19360727,115.464586,214.5277035,792,30541.82393,31038.296,40069.164,41430.616,33711.82396,34215.222,45845.897,53305.103,43.58748816,21.07158447,161.3224223,416.3648272,611,30877.19255,31787.355,39738.587,41308.695,33818.22232,34299.925,44755.14,54771.15,45.38813345,21.70130392,167.5448568,372.5759677,155,31593.39119,32708.176,39831.466,41540.494,34198.93315,34089.326,47248.248,59769.603,52.26451253,23.84951973,158.9882766,517.0787787,330,29776.60466,31141.199,40423.189,41920.38,32929.43264,34054.053,45975.261,52436.636,41.17744022,18.0117106,169.7385657,293.0793939
s6-ckpt-long,fifo+first_fit+none,16,2.58731232,0.8448488707,0.9233117803,0.05455475097,0.6837060703,0.08089084739,2150,1720,0,9086.280401,8224.02,23983.381,24815.364,10747.53007,9712.624,25250.555,29368.257,23.92689855,9.094049628,97.3420691,199.6640167,23.92689855,52740.07313,397,9416.524549,24288.979,0.8429035896,0.7852548902,0.234890603,0.945445249,207.1736067,0,0,207.1734668,0.0001398787879,0,0,0,0,0.9191091526,2.378498007,0.3162939297,0.6837060703,939,171149.195,0,0,4119,669,8788.00422,8030.95,23918.492,24960.108,10208.32819,9083.594,24989.83,29786.669,27.32686566,10.23526325,117.2072526,199.6640167,528,9136.324386,8251.821,24025.119,24722.113,11146.10015,10101.833,25552.448,29367.893,20.98178409,7.902228169,91.152393,193.3695833,355,9472.418645,8253.159,24034.133,25006.474,10903.96547,9830.609,25225.364,29104.053,27.70982422,9.575844185,117.4841162,296.0408916,168,9300.83078,8823.91,23718.012,24576.549,11311.49724,10561.294,25484.904,28106.033,11.65013556,7.64811434,42.47170192,71.56219751,781,8734.10679,8145.864,24255.272,25006.474,10434.81465,9262.735,25231.222,28476.745,23.1903203,8.503561209,91.152393,199.6640167,631,9360.353239,8251.821,24020.782,24931.685,11000.13377,9751.558,25437.121,30156.933,24.59953612,8.69654907,98.67942397,235.3890122,158,9333.349266,8240.019,23966.336,24494.797,10983.37082,9725.513,25830.717,28208.153,21.25186941,9.720059446,89.26605677,124.6933951,150,9506.752053,10531.409,19094.231,19172.58,11064.69647,11739.815,21023.358,29670.832,27.75015128,11.88571199,99.65504425,190.0697331
s6-ckpt-long,fifo+first_fit+none,17,3.441314021,0.9195632276,1.414997925,0.05709587012,0.9962997225,0.05335727562,2420,1936,0,22190.66406,23834.497,36755.119,37972.573,25060.02796,26041.533,39814.199,47258.469,30.14319551,14.82113582,105.9505319,249.7629167,30.14319551,69529.31841,452,22310.34829,37091.721,0.8414606695,0.8691563526,0.2611593589,0.9429041299,394.0038111,0,0,394.0036685,0.0001425858586,0,0,0,0,0.9466427244,1.69043098,0.003700277521,0.9962997225,1081,303103.178,0,0,4747,738,22227.33029,24258.775,36527.815,37934.186,25264.96143,26624.888,39202.508,45397.552,25.85383383,13.28624995,92.092744,212.9345048,606,22009.22033,22666.361,37024.365,38104.33,25295.86897,25699.184,41242.731,46336.502,27.32573881,11.5415989,97.07315698,224.2315209,402,22001.77587,23351.65,36722.639,37740.065,24056.10664,24523.326,38456.45,49249.025,43.70412168,23.72631612,141.2767444,318.86425,190,23026.60229,24590.391,37055.769,37477.73,25635.90068,27167.586,40390.61,48377.648,27.09811841,14.03090463,92.63278821,216.8112038,855,22556.99385,24117.91,36959.819,37965.044,25400.4352,26281.739,39809.775,46380.53,30.29074271,15.07440345,114.1057236,263.4162011,645,22550.27372,24027.929,36923.793,38017.446,25384.98949,26177.641,39737.117,48377.648,29.25915959,14.29268336,100.1057093,218.5495055,166,22495.40359,24014.56,36523.627,38619.451,25051.32118,25769.035,38870.466,44370.866,36.68157089,17.13600839,135.1504854,299.3486075,270,19984.1938,14607.812,33185.114,33269.583,23211.12777,17689.162,41444.882,51331.198,27.7679362,14.66508411,86.73766298,249.7629167
s6-ckpt-long,fifo+first_fit+none,18,3.164052689,0.7925952014,1.321132068,0.03805070342,0.9433497537,0.06892496304,2540,2032,0,17179.42446,15198.463,34316.917,37775.98,21251.01382,18157.354,39800.296,60960.991,24.15932735,10.51885055,91.32148902,204.3924366,24.15932735,64244.33267,471,17826.25186,35187.8,0.7864902784,0.9206357628,0.2623310571,0.9619492966,332.9363422,0,0,332.9361981,0.0001441616162,0,0,0,0,0.931075037,2.069018319,0.05665024631,0.9433497537,1218,476334.583,0,0,5008,809,17023.72487,14753.479,35142.169,37568.683,23739.3642,20325.326,47317.766,75087.371,15.75060395,6.123921836,64.57036133,154.6082402,629,17228.85718,15758.304,32515.319,37254.06,19858.80029,17561.637,36651.038,45145.037,32.5882881,14.90703693,128.6277275,258.4544992,400,16802.68679,14550.389,34383.002,37317.988,18186.76203,15989.649,35672.462,38684.161,29.51549877,16.01913382,89.84599562,188.7897929,194,18445.21238,16227.307,35602.541,38462.867,21706.31054,19016.999,38781.942,47485.649,20.85196829,10.38879961,76.05178739,156.822281,814,16422.23549,14605.028,32685.289,36632.353,20113.13003,17478.707,37849.14,55335.135,23.93918793,11.02659723,95.36750481,162.8037634,634,17362.81052,15198.463,35185.026,38462.867,22182.65659,18373.905,42552.98,69143.745,22.68942064,9.90554956,82.14350538,204.3924366,164,17194.37218,15840.904,35171.769,38802.507,20919.63793,18080.984,39278.343,73524.733,24.17331734,10.5596312,94.71480004,188.7897929,420,18364.26644,15888.695,35203.792,37016.544,22179.39842,19210.42,41465.285,50912.378,26.79937491,10.52394187,95.94118271,221.2471482
s6-ckpt-long,fifo+first_fit+none,19,0.7185994725,0.1678483111,0.2264798578,0.03735543328,0.2393822394,0.04753363092,2240,1792,0,1722.993429,962.85,5882.902,8493.087,4397.69978,3070.188,12289.071,27851.136,4.810474063,1.506466211,19.33920073,50.5313014,4.810474063,12367.10695,372,1794.447489,5559.658,0.7767635006,0.5120325962,0.1664056659,0.9626445667,205.8677289,0,0,205.8676322,9.672727278e-05,0,0,0,0,0.9524663691,1.895459686,0.7606177606,0.2393822394,1036,272201.284,0,0,3595,734,1599.677719,970.146,5300.55,8260.069,5531.501797,3585.367,17484.912,42543.581,3.219042328,1.332016523,10.81298528,32.46101171,506,1790.084148,808.882,7123.38,8348.559,3355.090628,2403.871,9247.405,15317.015,5.94579548,1.868234606,22.89125357,50.69493401,365,1762.727951,1049.616,5524.98,8555.184,3931.765641,2844.492,11844.259,24255.929,6.101564961,1.646645486,34.52046325,59.02165,187,1947.927791,1050.743,7057.368,8505.209,3677.996631,2930.815,9225.572,16715.139,5.464966464,2.130165665,22.48934897,50.80026667,756,1665.76677,893.257,5524.98,8237.511,4296.661175,3104.402,11637.798,29987.058,4.523193668,1.436593581,16.83459848,43.75423771,653,1550.950827,748.706,5180.229,8161.907,4331.46192,2900.443,12217.538,27851.136,4.866977928,1.383388255,20.58576721,47.51796667,170,1353.0315,486.573,4828.699,7546.11,4068.937947,2783.976,12527.443,27094.338,3.346546661,1.314108144,9.929760366,32.46101171,213,2748.818315,1971.683,8465.302,9012.567,5221.774991,3860.983,14184.149,19822.415,6.825284456,2.378007216,24.98751628,64.45859594
s6-ckpt-long,fifo+first_fit+none,20,1.565873539,0.3823663532,0.5492658835,0.04242125235,0.4522560336,0.1395640168,2180,1744,0,5177.799647,3211.479,14267.394,15199.695,8264.338217,6303.002,19811.987,33383.04,10.74313424,2.75081073,44.05560955,162.5279197,10.74313424,21139.81825,387,5431.579661,14825.26,0.8065744337,0.6342941763,0.2046195491,0.9575787476,250.2840489,0,0,250.2839345,0.0001144242425,0,0,0,0,0.8604359832,2.591865522,0.5477439664,0.4522560336,953,290213.815,0,0,3818,696,5276.380891,3352.175,14423.571,15356.565,10398.48554,8181.046,25589.956,43623.633,7.237226052,2.015095526,31.20003452,90.25828213,503,5144.561539,2929.654,14407.992,15154.401,6488.225541,4500.988,15828.577,17763.623,16.79946724,4.066067453,75.0172947,191.8466643,346,5173.439728,3208.31,14131.317,14970.833,7601.843254,6287.99,17011.879,22576.542,6.481612222,2.629200734,27.23607868,53.58233038,199,4924.607457,3200.522,14147.344,15462.406,6441.430668,4679.314,16574.901,23575.662,15.10626596,4.739504025,62.32053327,176.2439333,791,5171.040153,3433.628,14134.182,15356.565,8105.759355,6037.667,19320.829,33877.51,10.54507636,2.886405341,42.26551102,131.6678287,629,5379.759866,3679.995,14101.385,15178.994,8705.080787,6693.416,21038.905,33863.018,11.33358839,2.75081073,47.62521248,176.2439333,174,5458.928782,3455.73,14193.178,15889.773,8140.69677,6740.719,17465.327,27147.759,10.40070149,3.088524907,43.76583152,172.2262956,150,4040.448393,1848.519,14956.558,15137.084,7395.82098,3946.55,20174.361,38826.448,9.708810327,1.625299597,56.46346965,141.5944812
s6-ckpt-long,fifo+topology_aware+easy_predicted,1,0.5865681764,0.07654681689,0.2453618093,0.02700076366,0.2273127753,0.01034601125,2390,1912,0,1134.717922,0,6373.368,11913.248,4382.871415,2125.686,13834.398,48633.587,2.686251562,1,8.819595785,26.31221667,2.686251562,5800.707379,435,3656.631644,11681.803,0.8336849912,0.3208477209,0.1289353319,0.9729992363,189.3316267,0,0,189.33152,0.0001066262627,0,0,0,0,0.9896539887,1.313531394,0.7726872247,0.2273127753,1135,366932.364,181,160,4064,770,1260.624755,0,6878.409,12281.484,3552.760487,2315.705,11480.368,17468.546,2.734158107,1,7.890724817,28.44617302,557,1017.817149,0,6093.155,12060.636,2711.785905,1487.005,9235.755,14835.905,2.865011504,1,11.8605719,28.29258934,396,1021.602689,0,4674.543,11681.803,8415.030058,2345.163,48633.587,86400,2.227370242,1,7.935434856,16.43053616,189,1203.284598,0,6417.612,12715.473,4241.311735,2950.003,13015.547,18448.199,2.92572074,1,8.531706288,48.11194484,777,956.9212342,0,5911.233,12145.215,4237.148682,2048.532,13184.449,54805.593,2.327593769,1,7.563006251,21.58529159,609,1043.515342,0,6516.551,12715.473,4024.515642,1787.289,14119.095,39352.127,2.632739085,1,9.333308622,28.29258934,166,921.9874398,0,4530.895,11638.762,5051.867777,1949.298,15199.784,81318.175,2.321098262,1,7.242289285,29.67522909,360,1770.839194,788.178,7167.518,11657.309,4995.126506,2965.454,13943.385,50182.692,3.719256146,1.484974293,11.85845381,26.44927607
s6-ckpt-long,fifo+topology_aware+easy_predicted,2,1.561190799,0.1708613565,1.092604425,0.05967695063,0.1974050046,0.04064306169,2330,1864,0,2951.014115,0,28380.823,41816.066,6187.883101,2635.486,32809.93,46075.965,4.528150352,1,19.68635876,72.97230701,4.528150352,11349.66285,383,11377.80825,41790.453,0.819783877,0.2994755361,0.11424792,0.9403230494,421.5156644,0,0,421.5155545,0.0001099797981,0,0,0,0,0.9593569383,1.795548576,0.8025949954,0.1974050046,1079,316219.349,186,152,3995,748,2819.542166,0,30024.329,41446.127,7478.002265,3334.349,34448.16,49473.556,3.331309968,1,13.02544374,40.03789412,567,3120.206339,0,28380.823,41941.456,5587.249489,2495.738,31650.517,45589.377,4.821406761,1,19.68635876,76.74022412,367,2824.766872,0,27101.645,41816.066,4553.470896,1899.965,27949.519,43795.615,5.981528869,1,22.61858464,125.5202665,182,3218.826011,0,29144.485,42979.86,6052.605093,2410.235,34142.899,43839.515,5.602712486,1,31.19539519,63.74579773,785,2725.138325,0,19519.028,41790.453,5908.040945,2629.739,31253.212,45260.57,4.272114524,1,18.31192825,72.97230701,640,2780.146747,0,26528.006,42815.94,5845.408502,2459.267,31650.517,47087.188,4.269039315,1,17.44680702,63.74579773,139,2864.298043,0,33670.707,40498.794,5766.481964,1890.922,33820.721,45831.665,5.311451844,1,18.12515876,98.7253516,300,3946.751263,420.363,31668.531,36351.738,7845.998413,3519.684,34697.818,43795.615,5.387951292,1.206213487,23.11594638,68.5964345
s6-ckpt-long,fifo+topology_aware+easy_predicted,3,0.6307711061,0.1046587155,0.3026148538,0.03426350101,0.1689259645,0.02030807126,2270,1816,0,1374.684295,0,7860.538,9919.668,3944.812444,2223.886,12595.227,23243.76,3.099985577,1,12.05860156,28.98619903,3.099985577,7046.910472,426,3995.909667,9873.608,0.8558441688,0.2747028448,0.132352591,0.965736499,179.3213333,0,0,179.3212322,0.0001011313131,0,0,0,0,0.9796919287,1.418160279,0.8310740355,0.1689259645,959,242813.587,218,193,4060,725,1500.192539,0,8061.977,9901.149,5187.47783,3162.761,15125.442,30617.045,2.929042117,1,12.16059876,27.85791138,543,1116.52619,0,7230.179,9863.622,2747.973343,1473.518,9337.246,13293.454,2.854986363,1,10.6057707,30.5771285,359,1488.450136,0,8662.316,9975.074,3706.793749,2444.325,11911.667,16326.394,3.316245508,1,14.92059191,27.49674327,189,1418.834751,0,7831.287,11810.906,3068.62164,1811.897,9852.367,13790.85,4.048828256,1,13.00113434,93.98450364,857,1373.998732,0,7787.185,9863.622,3978.46328,2300.889,12934.597,25739.772,3.334173764,1,13.10509105,31.60106128,652,1158.727494,0,7542.261,9978.381,3507.717779,1916.374,11659.803,15277.054,2.8128649,1,10.04433598,27.91882924,161,1245.229348,0,7757.73,9950.523,4263.548671,2139.153,13435.487,30617.045,2.23679769,1,8.351723242,18.82513434,146,2485.87339,1225.421,8911.483,9919.668,5347.760541,4182.045,13124.096,23243.76,3.959414713,1.574565604,19.82613224,24.02928472
s6-ckpt-long,fifo+topology_aware+easy_predicted,4,0.8748052889,0.1141127808,0.3406790025,0.04062415354,0.2669322709,0.1124570812,2270,1816,0,1471.008117,0,8849.269,12206.19,4024.18252,2461.23,12931.338,18411.233,3.427712279,1,13.14788311,46.05256667,3.427712279,7553.933742,411,4355.446462,11966.039,0.8619846011,0.2346696846,0.1424082217,0.9593758465,221.1574111,0,0,221.1572988,0.0001122828283,0,0,0,0,0.8875429188,2.425493838,0.7330677291,0.2669322709,1004,272277.254,200,176,3978,698,1613.9546,0,9920.654,12708.64,3507.710775,1801.02,12928.036,17393.248,4.898963932,1,24.79746307,60.29462855,559,1307.076628,0,8168.467,11621.633,4889.126737,3202.047,14721.417,22008.584,2.019779995,1,6.650191793,13.81719964,375,1363.571709,0,8849.269,11592.584,3791.071661,2416.855,11663.148,15016.468,2.403555249,1,7.870992136,24.09954904,184,1645.734799,0,10809.266,12991.991,3830.758788,2351.424,12067.599,14252.341,4.211187163,1,15.80615292,64.86059486,812,1149.999707,0,8150.161,11621.633,3851.942983,2185.036,12579.392,18498.758,2.606990097,1,8.423718698,28.45994782,597,1191.92439,0,8221.593,11620.118,3696.883913,2327.376,12560.565,18500.185,2.85954263,1,10.32841092,38.95566932,137,1573.158511,0,9321.992,11835.596,3830.277664,2166.124,12946.253,14651.699,3.164884212,1,13.85239965,28.19764275,270,3001.664448,1640.7,11110.817,13049.858,5364.25933,3732.944,13654.874,19833.009,7.285605378,2.323003752,34.62089798,90.74644979
s6-ckpt-long,fifo+topology_aware+easy_predicted,5,0.231851241,0.0273253952,0.07159273453,0.03896902475,0.08267716535,0.01128692113,2300,1840,0,340.2399391,0,1859.649,4599.597,2536.295207,1718.992,7310.069,12879.222,1.386792925,1,3.148386179,7.59989264,1.386792925,3393.146935,386,1118.436187,4480.893,0.8142210413,0.2284753715,0.1121927443,0.9610309753,176.4517133,0,0,176.4516384,7.494949498e-05,0,0,0,0,0.9887130789,1.297497954,0.9173228346,0.08267716535,1016,197673.601,213,181,3711,731,299.8133639,0,1610.937,4149.655,2479.445932,1613.203,7140.153,14379.291,1.323342429,1,2.639456112,6.352787882,559,380.2935313,0,2432.083,4599.597,2236.076106,1628.114,6390.33,10126.524,1.435607885,1,3.588545402,9.045921909,378,335.4972646,0,2045.958,4009.944,3018.25495,2367.741,7816.1,12879.222,1.300516186,1,2.630287085,6.688054176,172,392.301564,0,2059.848,6982.26,2694.426105,1658.689,8059.987,14734.819,1.68741709,1,4.227516294,17.95231667,824,359.4705995,0,2117.958,5642.264,2580.511908,1673.591,7612.259,13631.779,1.366578743,1,2.81150449,8.088493384,586,314.1247253,0,1994.772,3866.732,2445.330551,1717.059,6699.557,11151.189,1.364976182,1,3.161192951,7.32382074,160,224.1524062,0,1500.892,2821.73,2451.73775,1689.935,7017.101,14738.915,1.264155001,1,2.316145146,7.101169755,270,407.0231111,132.879,1469.37,3065.293,2648.8875,1877.962,7375.786,11253.638,1.568508348,1.071081931,4.060102406,7.899914894
s6-ckpt-long,fifo+topology_aware+easy_predicted,6,0.5957845051,0.116445052,0.2450058954,0.04247228639,0.1913461538,0.0005151174312,2270,1816,0,1401.455703,111.697,6364.123,9887.67,3303.101758,2161.157,10162.244,15458.253,3.414306619,1.0851164,13.41660348,32.91353333,3.414306619,6993.638828,438,4206.429434,9664.281,0.9192013605,0.3737546413,0.2082176876,0.9575277136,169.5378089,0,0,169.5376987,0.0001101818182,0,0,0,0,0.9994848826,1.063208123,0.8086538462,0.1913461538,1040,163913.795,257,222,4281,732,1318.896721,172.878,5540.268,9887.67,3369.384363,2279.584,10184.461,15017.02,3.430674297,1.095647166,13.41660348,38.03588995,535,1485.976879,39.793,6916.046,9664.281,3286.836301,2184.199,10226.235,15458.253,3.451147408,1.04382242,14.12340323,30.23638333,372,1460.222266,107.053,6588.656,10468.941,2734.40554,1743.659,8472.899,13043.195,3.289545484,1.119957242,12.28099004,36.30860334,177,1363.903073,222.097,5765.82,9505.278,4273.373763,2530.774,12441.299,27389.032,3.49747148,1.073693045,12.6602475,60.07271072,776,1341.456832,5.854,6705.41,9856.788,3324.282329,2040.999,10590.282,16868.975,3.415169451,1.005889047,14.12340323,32.91353333,660,1406.923973,175.142,5636.212,9423.54,3195.026077,2184.199,9617.353,12805.558,3.251414167,1.111500977,12.05363078,32.88856915,170,1175.012041,66.834,5752.822,10370.049,3106.545288,1861.59,10494.131,14569.556,2.997895625,1.042564364,11.76637637,38.09444763,210,1789.291362,862.947,6867.144,11917.817,3723.618071,2528.748,11740.432,16752.838,4.260160571,1.586024367,16.57363986,35.64561667
s6-ckpt-long,fifo+topology_aware+easy_predicted,7,0.5494578398,0.07308978991,0.2295854516,0.02588685884,0.1908006814,0.03009505803,2450,1960,0,955.7227439,0,5963.571,11541.331,4725.601988,2127.974,16383.72,41059.091,2.376160658,1,8.421282938,24.92750919,2.376160658,5333.28625,434,3487.615876,11418.814,0.8416847849,0.3138989161,0.1435681481,0.9741131412,203.8563556,0,0,203.8562463,0.0001092525253,0,0,0,0,0.969904942,1.565792918,0.8091993186,0.1908006814,1174,408265.74,198,166,4128,777,901.6258314,0,5102.938,11785.972,4199.818699,1904.132,15087.857,31856.608,2.353063175,1,9.167485132,23.99809885,622,920.6316463,0,5608.317,11196.602,6489.190772,2623.35,33180.079,73347.309,2.138737043,1,6.369980363,22.05625513,365,1094.112989,0,6413.338,13091.02,3549.405932,1870.145,13097.72,24778.908,3.05737075,1,14.05575488,34.46714148,196,1023.822357,0,6405.539,11572.566,3403.627255,1790.57,12164.437,18297.788,1.952602234,1,5.48877353,19.48227304,786,855.2165407,0,5492.613,11541.331,4916.637641,2007.637,18140.272,48141.762,1.995120171,1,6.369980363,21.04559835,633,897.3593997,0,6057.536,11702.718,4770.962218,1979.993,17661.462,41541.625,2.40367743,1,8.092391201,27.45401308,148,922.4407095,0,7746.733,13398.462,4377.319466,2051.58,13177.012,29334.663,2.13809398,1,6.208484262,26.17401782,393,1263.273924,367.233,6058.643,10485.297,4401.629377,2415.036,14593.086,41059.091,3.183574332,1.166960314,11.77337695,32.42893237
s6-ckpt-long,fifo+topology_aware+easy_predicted,8,0.1515822482,0.02749302324,0.04625678881,0.02403701569,0.0432748538,0.0105205667,2060,1648,0,179.8052184,0,1201.538,3653.237,1697.158329,860.032,5575.48,12334.941,1.431939809,1,3.1677,11.91966614,1.431939809,2785.6964,397,600.5278514,3134.275,0.7109825128,0.1459806427,0.074171906,0.9759629843,64.85939333,0,0,64.85932917,6.416161618e-05,0,0,0,0,0.9894794333,1.25478346,0.9567251462,0.0432748538,855,158093.299,121,106,2743,696,203.4852213,0,1522.668,3905.103,1379.642366,726.317,5184.041,9222.564,1.593000018,1,4.028781201,17.87806861,505,152.4981901,0,965.773,3058.143,1519.210279,781.135,4636.94,12334.941,1.281300659,1,2.759981848,5.010839192,311,138.9321543,0,1003.225,2756.068,2368.404907,1272.352,7934.927,15792.415,1.269541773,1,2.287520618,6.924032265,136,253.4838235,0,1815.723,3840.824,2447.872956,1256.642,9994.052,14700.107,1.538415213,1,3.678146282,10.25348136,793,145.2029458,0,977.82,3242.121,1703.78031,809.222,5847.418,15792.415,1.39297006,1,2.489414139,13.0883806,627,187.7967018,0,1310.606,3686.005,1696.486815,882.107,5448.061,11138.25,1.407230483,1,2.911633079,10.36784694,168,201.9817917,0,1339.541,3953.271,1628.29997,848.387,5998.813,9222.564,1.364818838,1,3.7991877,4.720705599,60,491.5265167,242.411,1462.458,1677.803,1809.458533,1286.026,4913.661,8173.967,2.393141186,1.338926105,5.309483801,17.85380052
s6-ckpt-long,fifo+topology_aware+easy_predicted,9,0.4374161006,0.05862322612,0.204266445,0.03422587484,0.1149171271,0.02538342756,2150,1720,0,747.1870314,0,5305.9,7639.725,3182.394448,1713.011,10336.104,19515.525,2.083335876,1,6.754469736,17.16643588,2.083335876,5466.098543,368,2527.344342,7519.848,0.8114704006,0.2242029027,0.101780432,0.9657741252,170.9742711,0,0,170.9741914,7.971717173e-05,0,0,0,0,0.9746165724,1.495492062,0.8850828729,0.1149171271,905,221991.582,147,128,3777,686,677.5836822,0,4907.202,7721.448,3087.193592,1697.74,9064.825,20309.472,1.897418782,1,6.487234501,14.22254327,515,793.1099825,0,5643.444,7080.612,3236.519627,1765.197,11020.792,14892.737,2.059345847,1,7.271821502,18.69460373,356,769.002323,0,5305.9,8694.026,3529.124556,1965.084,12209.099,22069.472,2.13095683,1,6.27725162,21.65541864,163,847.3792638,0,5591.064,7295.835,2654.771147,1289.181,8968.362,16573.814,2.837574726,1,6.98024459,33.29136969,815,678.8268209,0,5057.077,7283.534,3195.909479,1715.42,10858.367,17520.631,2.089430412,1,6.754469736,17.16643588,622,703.8504405,0,5486.431,7688.7,3174.682452,1595.033,10138.114,21576.121,1.959008903,1,6.216688716,16.7565248,173,820.0999249,0,5865.945,7721.448,2866.069948,1473.206,10457.609,15302.624,1.93818157,1,5.987358255,22.08175753,110,1384.050673,836.265,4569.54,5682.368,3623.360364,2649.369,8968.362,18986.932,2.969481566,1.419495201,8.753974686,16.64251599
s6-ckpt-long,fifo+topology_aware+easy_predicted,10,1.84270621,0.3302517955,0.9364156466,0.0477698128,0.5201535509,0.008115404329,2360,1888,0,7240.988926,3589.205,24323.759,28962.876,10092.33763,6821.308,28918.089,37674.24,10.03447558,3.334318172,38.05105766,101.021251,10.03447558,21798.5282,420,19415.79476,28566.898,0.9572621074,0.09761102102,0.09642485997,0.9522301872,338.1585689,0,0,338.1584502,0.0001186666667,0,0,0,0,0.9918845957,1.243343789,0.4798464491,0.5201535509,1042,307262.846,227,186,4669,749,6956.170932,3298.731,24005.771,28238.116,9678.210228,6332.529,28236.111,35522.301,11.0602791,3.045019039,47.61490187,120.2545875,568,7392.971055,3748.81,25349.525,29429.788,11192.26672,7804.379,31245.498,46658.509,9.272285393,3.081548436,36.78140007,78.91458275,388,7617.79468,4376.107,24334.356,28962.876,9971.855302,6728.406,26333.529,34049.76,8.895592028,3.623242227,33.83609846,65.62772777,183,7136.082891,3778.845,23292.658,30374.251,8628.779437,6039.467,23854.005,32050.116,10.61635544,4.319163408,38.05105766,97.15409263,846,7343.177283,3474.277,24291.958,28408.292,10070.66179,6734.732,28385.817,37626.08,9.740203632,3.31047678,38.19696621,76.43423184,647,7071.105968,3309.602,23893.005,28566.898,9994.653189,6680.186,28918.089,37568.267,9.680180968,3.076194344,34.60169005,104.7372089,155,6222.779561,3030.519,23292.658,26486.479,9017.220929,6224.946,27417.114,33832.592,8.169081492,2.816279965,28.46376557,79.05023554,240,7996.344658,5008.529,27019.203,31183.244,11126.43217,7969.746,31283.328,39695.311,13.23163714,4.171165285,47.61490187,116.2038248
s6-ckpt-long,fifo+topology_aware+easy_predicted,11,0.2184008495,0.02754246898,0.09342709625,0.02477602938,0.07095343681,0.001701818109,2120,1696,0,383.1723096,0,2426.805,3976.048,3195.417961,1809.958,10278.899,23930.686,1.403195899,1,3.173397056,7.47921016,1.403195899,2852.797034,349,1132.653868,3817.374,0.7843815171,0.1686820774,0.1064880667,0.9752239706,124.0056556,0,0,124.005575,8.056565659e-05,0,0,0,0,0.9982981819,1.103010325,0.9290465632,0.07095343681,902,257005.194,150,132,3117,676,391.3154246,0,2443.945,3817.374,3630.513604,2007.714,12461.357,29243.886,1.368303307,1,3.16557548,7.47921016,499,377.3552906,0,2374.942,4433.143,2533.989832,1653.781,7225.853,13118.289,1.390168457,1,3.320359631,6.255480709,348,374.6802213,0,2210.262,4116.54,3114.083721,1540.834,10987.488,26474.038,1.507701197,1,3.753457588,10.30182439,173,385.2138902,0,2540.258,3545.619,3566.702919,2039.623,11052.617,27238.38,1.366896721,1,2.825301628,7.030374515,794,405.3777053,0,2652.644,4433.143,3292.010684,1892.215,10535.72,24400.136,1.42254461,1,3.430224818,7.880145271,628,310.7300892,0,2195.293,3842.996,2902.649053,1634.615,9532.404,17801.209,1.362624749,1,2.995959634,6.771396656,154,239.6375779,0,1879.739,3724.457,3725.70839,1951.638,14488.35,26474.038,1.239433267,1,2.166057012,8.131607285,120,799.5638,443.58,2816.08,4055.11,3407.914017,2647.967,8781.155,17416.104,1.697656325,1.188730517,3.713396197,7.030374515
s6-ckpt-long,fifo+topology_aware+easy_predicted,12,0.2442236914,0.0311278489,0.07436439677,0.01751123516,0.1144414169,0.006778793661,2330,1864,0,347.3065526,0,1931.644,3726.777,2860.996975,1686.292,9016.338,20139.327,1.530725628,1,3.586498513,10.52664079,1.530725628,3638.285437,398,1085.880646,3723.642,0.789114596,0.2795699889,0.1240098368,0.9824887648,82.41926889,0,0,82.41918412,8.476767678e-05,0,0,0,0,0.9932212063,1.22898676,0.8855585831,0.1144414169,1101,238480.284,186,163,3834,708,353.595709,0,2024.251,3524.356,1834.480469,1162.275,5846.338,9913.322,1.658651689,1,4.28435036,12.70215736,594,334.6545976,0,1835.948,3694.795,4121.693865,2209.303,15091.977,28479.054,1.463533478,1,3.183779043,9.721178174,380,321.4172,0,1801.423,3339.801,3090.611811,2368.947,8407.497,11913.327,1.349609079,1,2.722145591,5.236917593,182,418.1883791,0,2908.952,4129.576,2260.261236,1475.538,6134.016,12484.475,1.63053208,1,3.643066425,16.70306483,763,340.6860852,0,2148.796,4129.576,2827.773685,1616.516,10005.906,20139.327,1.470620392,1,3.429038369,10.52664079,646,285.6385418,0,1801.423,3798.606,2754.524932,1641.463,8718.529,15853.852,1.444087899,1,3.138973423,9.721178174,155,285.5261484,0,1932.733,3205.787,3120.189748,1548.445,9134.131,28479.054,1.489070344,1,3.298764618,15.83738333,300,528.8562667,180.62,1779.519,2682.372,3040.848407,2099.67,8657.09,18473.887,1.891675083,1.100752851,5.060487458,16.18124146
s6-ckpt-long,fifo+topology_aware+easy_predicted,13,0.1881188028,0.02393211859,0.06276645609,0.0312390226,0.06223628692,0.007944918642,2180,1744,0,266.2744874,0,1630.383,3707.18,2400.359627,1557.428,7329.097,12999.49,1.372950344,1,2.757418542,7.363734279,1.372950344,2950.323718,386,844.7274404,3408.623,0.817596338,0.1708527096,0.1126860386,0.9687609774,132.1486044,0,0,132.1485405,6.391919196e-05,0,0,0,0,0.9920550814,1.215349677,0.9377637131,0.06223628692,948,203916.046,183,168,3399,686,265.9233222,0,1522.147,3706.152,2387.8038,1662.175,7329.097,11565.637,1.238484985,1,2.166700434,4.651079497,529,291.7102968,0,1940.148,4190.778,2276.086319,1314.157,6828.232,13887.83,1.505192327,1,3.628778872,11.46483303,355,256.3725155,0,1644.39,3408.623,2152.340251,1485.559,5768.228,17671.932,1.488507958,1,3.472653189,8.577594963,174,210.5305575,0,1221.063,3350.067,3333.697305,2107.444,11136.956,17584.985,1.265273765,1,2.701087975,7.363734279,796,237.3645804,0,1516.767,3408.623,2386.766729,1562.85,7003.266,13516.357,1.365217093,1,2.661845612,9.410449573,640,247.6500984,0,1513.386,4146.02,2275.313866,1557.751,7329.097,10829.723,1.350657203,1,2.547359203,7.372555405,158,211.0244114,0,1451.757,3809.65,2424.858943,1415.416,8448.058,18413.02,1.276058998,1,3.065698579,7.112871081,150,557.3505333,263.121,2625.375,3975.173,2980.215247,1821.538,9235.31,17704.069,1.611164418,1.15968642,3.656521456,7.363734279
s6-ckpt-long,fifo+topology_aware+easy_predicted,14,0.32524513,0.05658279594,0.1136821552,0.04345062549,0.08622502629,0.02530452702,2180,1744,0,547.3896319,0,2952.938,6968.939,2550.425233,1481.264,8882.753,15461.498,2.027525127,1,6.519374793,20.72491566,2.027525127,4016.918727,408,1792.180873,6667.648,0.8325065546,0.3690776002,0.1662697896,0.9565493745,181.1316556,0,0,181.1315548,0.0001007676768,0,0,0,0,0.974695473,1.534077645,0.9137749737,0.08622502629,951,191120.953,201,169,3551,646,545.9873313,0,2952.938,6968.939,1985.388707,1098.839,7476.239,12351.756,2.416351745,1,10.54541667,25.96729792,565,622.456915,0,3833.733,7028.185,2990.957409,2045.829,9300.06,14827.595,1.778827193,1,4.683472984,14.11760223,363,421.1553223,0,2548.468,5377.132,2060.716672,1175.773,6450.372,10886.357,1.934527119,1,5.599987196,19.87093835,170,572.7774294,0,2342.635,8641.75,4279.1142,2135.343,16589.569,31756.379,1.575116978,1,3.666613314,9.253067871,793,570.9452396,0,3236.926,7683.017,2557.587182,1442.783,8538.023,16022.651,1.935585432,1,6.888810127,19.52064682,638,524.2775392,0,2972.667,7301.432,2491.743538,1425.751,9421.994,15461.498,2.081060233,1,6.366993133,25.17036186,163,504.0079448,0,2913.21,6290.388,2776.408025,1584.95,10018.671,25809.39,2.026359444,1,4.450246183,27.01203829,150,568.3038533,73.747,2125.859,3968.232,2516.587247,1792.559,7710.508,11637.873,2.287143711,1.049278938,7.48107019,22.19899347
s6-ckpt-long,fifo+topology_aware+easy_predicted,15,1.371409984,0.1870027462,0.6732964504,0.05082325232,0.4178832117,0.04240432372,2360,1888,0,4077.962125,1098.718,17489.136,27394.973,7120.768544,4023.385,22830.011,37420.015,5.478083838,1.674887167,21.5461426,52.64997485,5.478083838,11516.8201,412,12861.67517,27195.758,0.9396083051,0.2951325447,0.2068930302,0.9491767477,348.19698,0,0,348.1968881,9.1919192e-05,0,0,0,0,0.9575956763,1.626235279,0.5821167883,0.4178832117,1096,321982.102,191,163,4659,778,4067.586384,967.374,17020.677,27394.973,6596.399497,3627.76,22073.391,33571.547,5.437510309,1.69504883,22.04642891,52.52471346,566,4367.157461,1243.834,19173.353,28757.089,8564.923339,5295.561,25310.126,44274.509,4.590593347,1.547592338,16.30063587,40.16178437,364,3637.948104,976.751,15784.546,26917.691,5773.054297,2864.037,20554.08,32067.335,7.402725504,1.924380202,34.16347895,68.3074747,180,4103.255844,1476.21,15501.322,25918.563,7571.521267,4964.201,23978.496,30059.991,4.552063039,1.686002116,18.08528027,34.2103195,792,3869.678735,877.72,16315.323,25731.683,7039.83625,4241.514,22126.393,36045.757,5.139691477,1.547342241,21.69810195,50.89795843,611,3778.83046,736.935,19000.852,26917.691,6723.43481,3386.869,23065.215,39623.271,5.399701008,1.39933118,20.31154337,52.64997485,155,4319.062277,1246.238,18705.536,24643.48,6919.297174,3546.027,22835.844,44274.509,6.161496509,1.775735994,23.16440335,62.11983153,330,5018.445061,2809.094,19173.353,29381.464,8145.30597,5420.855,24138.548,30823.713,6.114355639,2.41423707,21.09527028,48.39107746
s6-ckpt-long,fifo+topology_aware+easy_predicted,16,0.6760674412,0.1250973154,0.3099077961,0.04312680728,0.1576144835,0.04032103896,2150,1720,0,1502.144936,58.868,8049.975,15582.502,3156.850182,1400.534,11908.37,18881.969,3.915033337,1.04627724,14.41350275,48.15206724,3.915033337,8567.262551,397,4908.061209,15539.591,0.9187574821,0.3359278921,0.20495713,0.9568731927,161.8196111,0,0,161.8195031,0.000108,0,0,0,0,0.959678961,1.811380578,0.8423855165,0.1576144835,939,160432.33,210,175,4030,669,1298.396535,18.205,7162.764,15811.407,2717.070828,1126.711,11353.808,21195.238,3.721754975,1.024738739,17.11522063,45.81336184,528,1509.434998,86.545,7838.767,11381.121,3504.600703,1624.261,11903.016,18649.718,3.871977049,1.054241542,14.4333096,48.47621599,355,1764.031761,65.107,10274.855,15809.036,3192.030755,1553.799,13679.648,18382.194,4.912595037,1.077217051,14.42152365,65.35014452,168,1737.19675,65.325,8173.061,16080.042,3740.844286,1945.782,12334.199,21199.66,2.71207227,1.071883831,11.2016677,18.77355292,781,1406.240631,11.299,7838.767,15355.283,3096.890834,1354.28,12461.1,18649.718,3.616088391,1.023543094,13.57297666,37.58139043,631,1453.76352,64.564,7929.272,15809.036,3092.375594,1417.276,11434.28,17824.38,3.862009877,1.037260374,13.74277001,50.9856562,158,1819.658601,55.65,10405.824,16143.925,3467.282044,1546.457,14280.876,21195.238,3.458353696,1.086209818,11.8060242,41.16371317,150,1870.563447,278.77,8050.525,10771.031,3413.273393,1605.614,10915.141,23165.781,6.175627934,1.328768954,27.13820581,82.20337014
s6-ckpt-long,fifo+topology_aware+easy_predicted,17,1.086204607,0.1530279772,0.5007056834,0.0511568451,0.3607770583,0.02053704335,2420,1936,0,3144.131003,828.052,13006.024,16092.829,6009.189348,3732.356,17533.231,25415.249,4.519994715,1.430489703,17.63162673,38.47247513,4.519994715,10490.11634,452,9187.62552,15981.185,0.9389797783,0.2861236684,0.1891056079,0.9488431549,350.8105044,0,0,350.8103838,0.0001206464647,0,0,0,0,0.9794629566,1.401789244,0.6392229417,0.3607770583,1081,270342.934,255,228,4749,738,3207.649095,922.075,13167.873,15850.849,6230.219652,4251.403,17232.5,24717.667,4.09145045,1.478822666,15.07009391,38.57923413,606,3179.726236,682.445,13376.13,17040.416,6468.644384,4088.538,19168.662,27980.032,4.331981844,1.259649961,16.22773728,37.79377053,402,3114.932124,874.846,12201.827,15910.727,5166.263318,2644.618,15954.92,25288.178,5.735351231,1.809960231,22.27737223,36.83301679,190,2845.661979,591.113,13249.76,15548.393,5468.695384,3368.971,17269.991,22840.834,4.212774438,1.279354579,16.43176254,40.6781954,855,2960.281775,626.023,13190.054,16216.724,5793.570123,3538.832,17269.991,25415.249,4.202388826,1.310045757,17.10904488,38.57923413,645,3320.737287,733.858,14590.681,16139.685,6152.925456,3570.219,18504.092,27960.495,4.124155159,1.386800973,16.84473192,33.93529541,166,2727.825042,610.333,11707.312,19917.157,5281.204066,3270.675,14139.975,24751.733,5.438276372,1.315250782,16.96724412,81.05013145,270,3560.378504,1832.341,10870.835,13921.646,6796.190104,4911.408,17137.742,32391.645,5.906790245,1.809979085,22.91621224,58.27070345
s6-ckpt-long,fifo+topology_aware+easy_predicted,18,0.8464843608,0.102104205,0.3793673574,0.02903122905,0.2684729064,0.06750866292,2540,2032,0,1705.411201,0,9854.214,17801.701,5766.322965,2686.351,20449.561,39554.367,3.33686399,1,11.76427516,38.33440661,3.33686399,8043.716095,471,5677.767648,16994.177,0.8573553788,0.2819931071,0.1608400446,0.9709687709,251.6580667,0,0,251.657939,0.0001276363637,0,0,0,0,0.9324913371,2.141934452,0.7315270936,0.2684729064,1218,445900.564,210,183,4584,809,1590.569277,0,8754.124,16230.621,8287.188726,4646.178,26237.255,52110.989,2.194596337,1,6.385234592,22.93157047,629,1782.28359,0,10446.751,19165.985,4402.315515,2110.152,15185.441,26184.687,4.700681502,1,15.54118392,50.53740438,400,1580.66251,0,9361.366,14452.753,2961.190755,1517.056,11565.235,16244.888,3.647909294,1,14.92865807,43.60553721,194,2192.286773,0,11759.785,15669.03,5460.308371,3167.113,17776.411,22515.219,3.037045407,1.008322257,10.55428836,26.54294597,814,1425.054952,0,9142.808,16994.177,5093.537088,2196.122,19297.282,35152.969,2.871216161,1,10.24078931,38.24182608,634,1582.55611,0,9582.628,16685.659,6395.3585,2899.848,21589.496,45192.477,2.666999096,1,10.3259981,24.33403816,164,1251.376811,0,8374.896,18294.328,4991.497433,2290.119,16973.858,48156.859,2.824321516,1,9.190916315,46.82676319,420,2611.510617,883.919,11393.378,19709.182,6423.252871,4019.127,20488.145,31975.77,5.45064647,1.398283871,19.39442724,47.45277003
s6-ckpt-long,fifo+topology_aware+easy_predicted,19,0.1841203854,0.02582348576,0.0500161168,0.01948687476,0.05984555985,0.02894834822,2240,1792,0,228.3400028,0,1299.188,3981.55,2888.640603,1312.576,10190.207,25665.543,1.519878796,1,2.975338694,11.62895167,1.519878796,3410.615501,372,868.2437581,3735.765,0.7774677558,0.2135852629,0.09605659098,0.9805131252,105.4360778,0,0,105.4360328,4.492929296e-05,0,0,0,0,0.9710516518,1.4781795,0.9401544402,0.05984555985,1036,260959.56,172,156,3420,734,225.3616798,0,1301.885,3378.23,4131.844753,1952.278,14508.574,42543.581,1.24838059,1,2.105288003,6.864853846,506,253.1623103,0,1412.948,4182.137,1806.059733,805.425,6750.855,13640.091,1.759089464,1,4.274949408,14.77431667,365,201.0788575,0,1117.47,3735.765,2367.173734,1220.527,7528.268,20652.104,1.845330597,1,2.121747252,30.6689,187,226.0743316,0,1413.529,5438.644,1956.070979,1016.874,6693.495,16715.139,1.303029482,1,2.846249428,8.030801759,756,194.2287593,0,1139.771,3560.852,2820.896336,1297.919,8845.475,22857.645,1.420910907,1,2.341711267,10.98354137,653,169.334098,0,1041.278,3278.486,2917.083354,1239.248,10422.386,25665.543,1.40339822,1,2.48251708,11.08387413,170,145.3630118,0,801.373,2685.972,2856.469159,1203.607,10760.908,27094.338,1.402677568,1,2.608359223,8.033981637,213,596.5326995,46.782,2896.363,8111.025,3067.564052,1563.817,11445.964,18910.941,2.321783724,1.046957172,6.433982715,16.81407419
s6-ckpt-long,fifo+topology_aware+easy_predicted,20,0.4668902229,0.05655181952,0.2068968196,0.03455913989,0.111227702,0.05765474189,2180,1744,0,817.4376588,0,5374.225,9873.929,3895.663504,1985.871,14141.856,25587.693,2.294010066,1,6.515805742,26.44032796,2.294010066,4546.459972,387,2857.61115,9517.644,0.8180258114,0.2567755588,0.1223963364,0.9654408601,202.2373822,0,0,202.2372909,9.127272731e-05,0,0,0,0,0.9423452581,1.838226611,0.888772298,0.111227702,953,279166.914,180,158,3558,696,940.7551595,0,7014.498,11306.978,6048.971418,3591.394,19600.575,39676.774,1.99549854,1,5.886627791,20.39085126,503,791.2634771,0,5076.658,9102.159,2131.066509,1267.12,7598.684,12575.875,2.927560487,1,8.514,42.54333333,346,737.8134942,0,4899.653,9517.644,3157.961746,1982.081,9659.986,14632.674,1.600607317,1,4.411722067,10.98738342,199,590.7371256,0,3827.945,9020.218,2107.396111,1037.522,9100.342,15659.987,2.942278964,1,7.679598391,47.2854,791,807.6764817,0,5983.042,9642.814,3739.139063,1845.107,12735.064,23988.622,2.171977616,1,6.076106654,26.44032796,629,842.9525755,0,5509.011,12034.342,4152.788919,2097.772,15211.429,26904.888,2.269842079,1,6.351255338,20.39085126,174,713.1888333,0,4163.632,8902.151,3389.379466,1926.446,11306.749,26503.318,2.218886033,1,7.221069234,26.09016235,150,882.8476867,330.789,3011.365,9173.06,4230.145967,2194.519,14084.377,37409.907,3.126016153,1.106686896,7.463605307,62.04629186
s6-ckpt-long,priority+topology_aware+easy_predicted,1,0.61987231,0.08287276285,0.3595477491,0.02654168303,0.1418502203,0.009059894793,2390,1912,0,1336.444908,0,9339.392,18583.871,4585.717309,1868.539,16644.735,47521.187,2.975113774,1,9.548460663,39.9026572,2.975113774,6328.647101,435,5206.225366,17877.831,0.8337797797,0.4535347823,0.1717406468,0.973458317,186.0247444,0,0,186.0246183,0.0001261818182,0,0,0,0,0.9909401052,1.287446258,0.8581497797,0.1418502203,1135,367845.735,231,203,4210,770,1475.756286,0,11272.343,18583.871,3766.009022,2005.901,15047.002,22349.983,2.819325558,1,8.435672591,39.9026572,557,1237.742005,0,9379.299,16474.508,2932.264657,1317.954,12307.78,18489.205,3.395878994,1,11.02937296,57.88424358,396,1155.036328,0,7084.808,22366.006,8553.663129,2115.65,47521.187,86400,2.637686018,1,9.22834551,24.53570936,189,1439.860534,0,9156.902,23787.273,4484.352032,2784.635,13317.151,24525.442,3.076765048,1,12.91087412,46.29852024,777,1822.727671,0,13538.908,22066.6,5107.250987,1999.658,18134.226,54203.464,3.587866963,1,12.98955659,54.88597893,609,1261.808424,0,8716.293,17817.572,4243.381113,1652.708,15816.68,39352.127,2.841647424,1,9.824282169,38.92180917,166,533.3843554,0,3620.447,8434.786,4660.030301,1481.479,14375.399,81318.175,2.007763627,1,5.005952987,18.22977568,360,783.4448083,181.544,3502.237,6404.428,4004.925969,1948.429,10390.268,48633.587,2.324424617,1.075496389,5.77787734,18.21527647
s6-ckpt-long,priority+topology_aware+easy_predicted,2,1.236842216,0.151477485,0.7892295827,0.05369699697,0.2159406858,0.02649746559,2330,1864,0,2768.961174,0,20500.544,39184.073,5998.176165,2530.437,28085.785,42415.302,4.25809226,1,17.45298162,68.15909619,4.25809226,11229.75795,383,10377.89849,37845.671,0.8256891981,0.3436748677,0.1296178312,0.946303003,376.8807511,0,0,376.8806497,0.0001014545455,0,0,0,0,0.9735025344,1.583914054,0.7840593142,0.2159406858,1079,315301.005,189,165,4033,748,2644.217428,0,18713.546,37845.671,7300.296372,3271.856,30711.113,44452.876,3.275652734,1,12.94739408,44.16179253,567,2830.621215,0,22994.546,40866.047,5287.303683,2383.326,26479.481,42250.34,4.985485933,1,17.64283262,74.25017266,367,2728.224098,0,22135.782,39951.52,4450.265098,1793.325,23584.701,40708.323,4.675327156,1,22.85044186,78.03865296,182,3171.695159,0,23947.104,37370.487,5982.583549,2238.439,26034.426,38951.188,5.1883524,1,28.21959245,54.85736139,785,3390.263606,0,29793.827,41565.594,6561.84533,2757.479,34187.161,46568.165,5.207139393,1,24.33935641,80.12064536,640,2475.028241,0,25310.845,34585.146,5544.084975,2216.543,29879.806,38666.485,3.775925892,1,16.27744615,54.16943388,139,1478.614777,0,17773.032,25082.324,4383.153439,1663.479,26131.671,29759.55,2.303987877,1,9.079287398,17.45298162,300,2368.13723,625.139,15368.675,21139.09,6240.263583,3278.804,22903.571,29269.87,3.70877554,1.217460977,13.52122758,43.55971526
s6-ckpt-long,priority+topology_aware+easy_predicted,3,0.6189319757,0.09094217521,0.3724562381,0.02877283757,0.1084462982,0.01831442663,2270,1816,0,1256.970189,0,9674.695,15926.123,3822.208577,1769.473,14821.865,25187.483,2.84643382,1,10.47820481,34.6109322,2.84643382,6176.868984,426,4677.7208,15590.835,0.8576609505,0.3080331943,0.141028935,0.9712271624,149.7341089,0,0,149.7340238,8.513131315e-05,0,0,0,0,0.9816855734,1.377835762,0.8915537018,0.1084462982,959,249317.265,206,176,4073,725,1270.008295,0,9167.235,15089.046,4949.827761,2574.401,17093.609,31220.665,2.562542411,1,10.05775306,28.57853461,543,983.5668306,0,7273.034,15883.229,2612.81819,1223.879,9714.81,19328.274,2.673068066,1,8.111162683,37.94060251,359,1679.444097,0,11374.281,19960.626,3892.178476,1838.082,15146.337,25187.483,3.32170051,1,16.77255033,35.7884222,189,1189.971587,0,8592.67,15590.835,2838.377238,1320.76,10309.746,18664.277,3.530762576,1,14.97598171,39.54325074,857,1737.375884,0,11872.579,18766.525,4333.455898,1949.542,16941.517,29790.791,3.645560035,1,15.94614913,39.54325074,652,879.3368344,0,7592.754,11926.939,3227.934232,1549.265,12812.276,17188.133,2.238610431,1,5.765713232,27.30470674,161,346.0160559,0,3726.113,5401.049,3373.151776,1402.609,11894.199,30617.045,1.344858119,1,3.584575284,6.015232683,146,1128.017329,385.651,4638.297,9205.241,3970.332295,2484.534,11516.509,22821.639,2.525908971,1.298608852,7.626585582,19.80145317
s6-ckpt-long,priority+topology_aware+easy_predicted,4,0.6541281617,0.08113020056,0.3173376757,0.03333647567,0.1553784861,0.06694532372,2270,1816,0,1248.936051,0,8242.969,18817.989,3798.758694,2004.965,13789.995,23880.431,2.628620446,1,9.34768556,31.01234298,2.628620446,5842.599864,411,4751.761358,18436.403,0.8481299182,0.3440129953,0.1697472125,0.9666635243,180.1151756,0,0,180.1150817,9.381818186e-05,0,0,0,0,0.9330546763,2.044765212,0.8446215139,0.1553784861,1004,270889.088,215,196,4027,698,1254.587003,0,8189.209,19075.548,3145.264066,1386.214,12252.457,22381.083,3.578975261,1,14.13049197,47.87029211,559,1326.618923,0,10913.576,18348.145,4912.403413,2854.67,18467.242,29747.865,1.750311107,1,5.815691108,12.64963231,375,1186.311829,0,7616.17,17927.885,3596.522805,2075.635,12725.375,19858.886,2.181913146,1,8.744826777,19.03221574,184,1119.126234,0,5449.51,20503.369,3306.640821,1979.395,10943.215,23706.514,2.602220973,1,10.09206327,25.69669469,812,1697.152043,0,13248.02,20503.369,4396.966547,2022.596,18467.242,28102.865,2.874707219,1,9.800654454,39.47122352,597,893.3680352,0,5215.582,14133.651,3391.165628,1863.235,12674.319,20149.299,2.213690664,1,6.713701093,33.70279138,137,571.3501533,0,3121.009,9307.32,2827.724956,1492.058,10582.297,11658.269,1.752336255,1,6.811552123,13.3814913,270,1030.980452,379.768,4811.935,6756.097,3393.647237,2400.257,10057.751,17073.061,3.250626201,1.335213582,14.29930783,31.01234298
s6-ckpt-long,priority+topology_aware+easy_predicted,5,0.1839430627,0.0237277468,0.08239095662,0.04153229645,0.03051181102,0.005780251798,2300,1840,0,344.1991788,0,2140.137,6386.887,2540.913009,1661.423,7755.977,13054.056,1.356611661,1,2.733871167,8.374891338,1.356611661,3204.401267,386,1250.077394,5568.762,0.8165568163,0.296305541,0.135606241,0.9584677036,188.5611378,0,0,188.5610493,8.852525256e-05,0,0,0,0,0.9942197482,1.19648341,0.969488189,0.03051181102,1016,199731.685,233,196,3827,731,301.6570192,0,1561.902,6124.662,2479.763706,1516.044,7638.788,14738.915,1.317780195,1,2.60611484,6.772916231,559,386.3491789,0,3037.409,5583.077,2247.810179,1482.82,7370.813,12025.832,1.362581443,1,2.769376181,7.964641765,378,335.5873466,0,2334.159,6400.41,3013.921659,2367.741,8191.277,12757.214,1.322731055,1,2.766524851,8.374891338,172,406.9418605,0,2589.6,7475.629,2713.862738,1581.591,9036.674,15386.477,1.576702141,1,3.311831887,13.46128316,824,572.6468046,0,4023.593,7283.274,2798.236114,1712.64,9120.465,13621.894,1.551160355,1,4.509674791,11.94687796,586,162.8242491,0,1081.724,3369.969,2287.161109,1581.591,6695.854,10223.758,1.176552565,1,1.829466164,5.717258101,160,50.54266875,0,269.009,1042.087,2278.128013,1425.943,6843.273,14738.915,1.051608879,1,1.215803919,1.778925746,270,214.6803148,68.19,984.067,1204.379,2462.061063,1691.195,6896.15,11009.37,1.334415187,1.02794091,2.626426209,5.424612766
s6-ckpt-long,priority+topology_aware+easy_predicted,6,0.5609695684,0.1046305245,0.3265368456,0.03969210279,0.08653846154,0.003571633937,2270,1816,0,1290.366049,0,8481.921,12671.718,3190.251996,1760.646,11675.246,16780.4,3.092196704,1,12.05535345,33.43383195,3.092196704,6629.024421,438,4597.10168,12374.966,0.9110498796,0.4522465806,0.2219092685,0.9603078972,157.9813733,0,0,157.9812624,0.000110949495,0,0,0,0,0.9964283661,1.171795665,0.9134615385,0.08653846154,1040,162532.093,265,242,4333,732,1211.894082,0,7844.549,12540.488,3261.506984,1917.997,11080.346,16020.066,3.179981888,1,12.05535345,34.59792569,535,1397.986544,0,9433.767,12742.348,3195.508039,1768.811,12319.751,16807.825,3.092410716,1,12.6106979,32.28480822,372,1352.581661,0,8351.282,12167.296,2630.547148,1463.879,10589.176,16129.654,3.099209024,1,11.26344904,39.628752,177,1158.842362,0,7391.81,13124.083,4056.012271,2112.742,14986.419,27378.452,2.713768265,1,12.22515589,32.12079825,776,2004.924994,0,11392.537,14849.077,3988.962305,1904.632,14044.602,20616.41,4.137624718,1,17.58599964,38.59974235,660,929.6410455,0,5212.554,8132.791,2719.589811,1781.885,8923.32,11942.955,2.48796581,1,8.969818577,24.78787551,170,258.2472059,0,1644.842,3684.596,2172.475324,1323.185,7131.103,12307.186,1.617931394,1,3.223621186,30.90223686,210,619.1325476,257.651,2805.414,5016.334,2541.96569,1725.55,6650.202,12237.875,2.321555533,1.213903799,6.90495,16.10338333
s6-ckpt-long,priority+topology_aware+easy_predicted,7,0.5930147587,0.07523168638,0.3231035955,0.03242380963,0.1584327087,0.003822958412,2450,1960,0,1187.675578,0,8392.741,17606.006,4966.47698,2041.332,19389.327,44086.175,2.498359587,1,8.668068655,28.69249616,2.498359587,5570.919632,434,4717.640523,17164.173,0.8479275694,0.4254471949,0.169119694,0.9675761904,257.0592111,0,0,257.0590906,0.0001205252526,0,0,0,0,0.9961770416,1.175185988,0.8415672913,0.1584327087,1174,408265.74,229,197,4280,777,1100.998328,0,8222.273,16927.14,4403.680301,1925.459,16397.182,31856.608,2.366736023,1,8.517636374,28.44835376,622,1232.55232,0,8753.512,17852.426,6822.125616,2480.504,33670.89,73347.309,2.458194592,1,6.175983678,24.81724658,365,1160.432756,0,7049.937,15037.211,3616.876871,1746.479,15161.749,26312.353,2.781355011,1,13.82663255,31.70964936,196,1439.606796,0,12019.671,26341.944,3822.005592,1881.853,15718.809,27311.817,2.620608601,1,10.38419314,41.14694438,786,1612.743099,0,13147.219,20723.57,5693.972938,2077.615,24076.626,53501.674,2.777706061,1,9.117980651,38.5422875,633,1086.333118,0,8392.741,14408.454,4960.795818,2002.613,19229.62,41541.625,2.499476579,1,9.463048578,33.30399063,148,433.8062365,0,3150.477,6369.019,3890.135318,1931.963,12490.125,29393.476,1.544271383,1,5.0576,10.38419314,393,784.6714224,159.043,3281.025,10144.051,3925.975501,2073.232,13020.373,41059.091,2.297167907,1.088980484,7.176722706,23.19690169
s6-ckpt-long,priority+topology_aware+easy_predicted,8,0.1059487572,0.02020780241,0.02858683084,0.02468403355,0.01637426901,0.01609582137,2060,1648,0,180.0553883,0,742.554,5432.714,1698.2464,798.471,6361.566,13200.612,1.483460802,1,2.328309082,13.94541953,1.483460802,2865.913427,397,678.4618287,4576.404,0.7105737728,0.1571033067,0.07897599526,0.9753159664,66.64943556,0,0,66.64938356,5.200000002e-05,0,0,0,0,0.9839041786,1.371278286,0.983625731,0.01637426901,855,158093.299,121,100,2729,696,217.119533,0,902.446,7672.776,1393.254333,703.526,5373.781,11139.827,1.723011362,1,2.788309521,21.33456696,505,174.7915327,0,493.617,6448.133,1541.267929,720.544,4782.318,13460.468,1.327428646,1,1.876934202,8.319932329,311,101.1476624,0,598.792,2032.521,2335.493206,1174.9,7791.48,15792.415,1.256500143,1,1.732551228,7.330183204,136,190.3635147,0,1281.426,3606.133,2384.752647,1234.369,9994.052,14700.107,1.355915313,1,2.453617139,8.915114092,793,267.4321034,0,857.006,8554.032,1827.207219,779.024,6856.626,15792.415,1.772089595,1,2.765508537,21.33456696,627,95.83373684,0,598.024,2278.681,1606.567909,836.179,5373.781,11138.25,1.193977371,1,1.941070624,5.647598366,168,33.55534524,0,200.528,622.083,1455.170982,718.429,5628.353,8762.088,1.064348864,1,1.499534423,3.042112046,60,315.54285,81.524,1143.265,1352.976,1632.465633,1085.98,5056.183,8173.967,1.867365526,1.15908131,4.876435204,12.11058078
s6-ckpt-long,priority+topology_aware+easy_predicted,9,0.3643022593,0.04325681697,0.1385833817,0.0365156192,0.04751381215,0.09843262928,2150,1720,0,640.1521651,0,3599.757,10601.673,3079.599263,1588.447,10983.995,20601.138,2.112102844,1,4.98397786,18.97429815,2.112102844,5478.114306,368,2572.37709,10597.81,0.8115014346,0.282488777,0.1112866892,0.9634843808,182.8461244,0,0,182.8460403,8.416161619e-05,0,0,0,0,0.9015673707,2.005345964,0.9524861878,0.04751381215,905,222537.48,158,151,3754,686,523.041344,0,2816.574,8986.532,2934.091898,1592.091,8988.441,24279.705,1.885626768,1,4.384396826,16.85197593,515,786.4580058,0,5353.467,15447.375,3231.009911,1646.156,11661.314,18438.42,1.976624099,1,6.803917811,18.92158322,356,630.9238427,0,3433.37,10003.994,3408.547795,1802.961,12610.793,22993.178,1.980219303,1,4.22849324,21.71926705,163,690.9239325,0,3505.404,11016.166,2495.156877,1192.162,11763.35,18492.516,3.781334027,1,7.946308029,21.5402,815,925.4414564,0,6105.175,16556.604,3446.690126,1765.776,12378.95,22993.178,2.763868301,1,9.16648699,23.86699101,622,432.9115611,0,3066.136,7262.253,2909.556309,1462.533,9497.29,20601.138,1.592902042,1,3.775381716,15.56441817,173,147.1364913,0,817.404,2035.518,2201.260925,1272.536,7715.593,13807.219,1.204739344,1,2.537577894,3.767382746,110,473.6484818,96.658,2166.527,3245.188,2702.691955,1853.223,7762.321,18438.42,1.645993182,1.06463546,3.713424414,7.94269382
s6-ckpt-long,priority+topology_aware+easy_predicted,10,1.957174526,0.3186264092,1.266533228,0.03542983989,0.3358925144,0.000692534914,2360,1888,0,6311.19718,354.027,32898.691,43406.152,9157.24848,3065.909,37446.137,50386.994,8.430063943,1.191589917,36.71160017,108.9938048,8.430063943,18868.77009,420,24884.32693,42848.622,0.9408364122,0.206999811,0.1553425531,0.9645701601,247.5963111,0,0,247.5962009,0.0001101818182,0,0,0,0,0.9993074651,1.072094867,0.6641074856,0.3358925144,1042,306745.891,213,181,4693,749,6057.661367,354.243,32942.653,44601.725,8776.579263,3082.157,37875.697,49822.813,8.716383401,1.180840031,34.05765565,114.1858764,568,6403.240486,331.461,31929.392,41380.018,10201.93622,3777.6,38884.689,52983.681,8.254061849,1.161058775,36.35096809,118.7408384,388,7058.576188,307.04,35963.321,46988.577,9393.228149,2790.37,37622.759,50386.994,8.130235174,1.188245419,38.33492664,87.37950449,183,5478.599754,567.775,29103.317,33625.774,6972.431503,2380.899,30852.753,41447.102,8.44017038,1.433923745,41.98910601,73.84802891,846,7662.1474,435.634,36903.373,48193.649,10381.74148,3248.667,40093.708,52983.681,9.339990862,1.27083766,41.11811305,100.1420222,647,6214.163947,134.268,31929.392,41057.138,9131.010304,2717.492,37106.701,47096.678,9.069270438,1.059542188,39.77126707,129.4607004,155,2890.073219,66.45,20606.386,27805.751,5689.44891,2311.515,25078.688,33972.386,4.133363164,1.019854016,18.00891829,70.10925044,240,4020.158971,1149.814,24772.021,30438.943,7151.264954,3336.422,30506.603,42442.369,6.274329965,1.697375617,22.27247798,108.9938048
s6-ckpt-long,priority+topology_aware+easy_predicted,11,0.2025624005,0.02862445547,0.1153818027,0.02811261165,0.02771618625,0.002727344465,2120,1696,0,444.3570277,0,2997.087,8833.505,3259.08367,1671.995,11273.547,24108.673,1.433330253,1,3.298061724,9.362169882,1.433330253,2909.594709,349,1623.974814,7638.467,0.7871154712,0.3249940512,0.1317149326,0.9718873884,141.1885244,0,0,141.1884408,8.363636366e-05,0,0,0,0,0.9972726555,1.141177819,0.9722838137,0.02771618625,902,257005.194,178,158,3263,676,447.5300044,0,3296.91,9193.572,3685.627686,1869.882,12927.831,27804.957,1.423016943,1,2.553540065,12.16693733,499,433.0703487,0,3202.719,8276.46,2596.564591,1527.383,8494.325,14054.698,1.370246952,1,3.679549673,8.800237697,348,398.9933506,0,2677.72,6531.621,3140.46819,1452.885,11761.423,26474.038,1.563695428,1,3.404118213,12.68117009,173,555.7655838,0,3972.943,11010.334,3741.924434,1853.777,13419.286,26050.137,1.393349233,1,3.152896456,8.752041257,794,724.671228,0,5548.247,10777.4,3613.272248,1814.423,12440.801,24400.136,1.691133028,1,5.052891199,14.27074268,628,211.8440908,0,1479.705,3972.943,2808.981482,1459.267,9646.941,18370.356,1.221814047,1,1.829019952,7.443012109,154,50.51257143,0,384.651,934.239,3533.521526,1813.434,14119.809,26474.038,1.056126715,1,1.389534554,2.271610686,120,311.862825,29.952,1582.549,2746.132,2918.875442,1903.426,8781.155,15991.817,1.318547913,1.006856168,2.504766872,4.848113668
s6-ckpt-long,priority+topology_aware+easy_predicted,12,0.18192328,0.02653548294,0.06553734837,0.02065944373,0.06267029973,0.00652070528,2330,1864,0,354.4780601,0,1702.358,7226.324,2870.881611,1572.339,9883.917,20362.513,1.518316468,1,3.057373814,11.88434185,1.518316468,3694.923793,398,1355.947206,7171.783,0.7829792219,0.328578177,0.134292734,0.9793405563,97.54936667,0,0,97.54927939,8.727272728e-05,0,0,0,0,0.9934792947,1.24067121,0.9373297003,0.06267029973,1101,239336.851,212,184,3886,708,366.3038178,0,1838.066,7246.631,1842.543301,1035.333,6582.413,11719.45,1.539068105,1,3.779539821,11.76606023,594,324.9824259,0,1625.417,7171.783,4119.08063,2014.093,15091.977,28479.054,1.491788806,1,2.655517188,11.88434185,380,344.4400684,0,1586.201,5725.885,3115.086153,2232.072,8506.997,15280.268,1.410293959,1,2.623847583,7.767644881,182,425.698978,0,2257.482,8933.311,2287.560621,1419.779,6845.201,12484.475,1.749711113,1,3.186845033,22.243619,763,522.507633,0,2755.864,11405.261,3013.554756,1611.754,11186.065,20362.513,1.702875985,1,3.723747981,15.53943884,646,213.7652012,0,1046.203,4879.973,2683.813523,1454.107,9006.009,15466.331,1.312584168,1,2.039957027,9.151737784,155,138.1557161,0,871.226,2822.585,2979.68949,1365.293,9134.131,28479.054,1.16597071,1,1.81437105,4.381393224,300,341.89108,111.75,1582.645,2124.004,2854.618787,1822.413,7985.761,18473.887,1.673975624,1.051153306,3.779539821,12.78916667
s6-ckpt-long,priority+topology_aware+easy_predicted,13,0.1820420826,0.02605051818,0.08133692036,0.02307256815,0.0305907173,0.02099135861,2180,1744,0,310.9148739,0,2112.758,5200.844,2440.821118,1529.418,7978.461,13048.531,1.477781159,1,3.001496988,7.992169753,1.477781159,3149.717614,386,932.4488886,4350.282,0.8133083734,0.1857445927,0.1098508678,0.9769274318,96.78664,0,0,96.78659196,4.804040406e-05,0,0,0,0,0.9790086414,1.488101024,0.9694092827,0.0305907173,948,203916.046,185,175,3369,686,296.7049257,0,1874.336,5137.76,2416.119108,1624.999,7793.716,12112.193,1.268779102,1,2.388856721,5.780474385,529,318.3898488,0,2527.838,5173.722,2300.793463,1224.602,7563.342,13887.83,1.463425624,1,3.69461831,7.975091394,355,327.4127042,0,1835.487,6121.396,2214.721082,1471.914,7231.965,17577.253,1.888071481,1,2.741776579,18.17205,174,310.5529943,0,2405.961,5721.971,3425.22181,2288.515,11136.956,17324.584,1.508335326,1,3.559994692,14.51232184,796,421.5249246,0,2747.434,6156.314,2561.23042,1602.84,8415.333,13887.83,1.687223304,1,3.931346138,14.51232184,640,217.0614609,0,1478.857,3807.091,2247.083814,1497.617,7607.77,10829.723,1.324260314,1,2.236262903,7.448911207,158,78.02537342,0,455.788,2259.805,2287.491703,1334.715,6937.209,17324.584,1.14501069,1,1.586811206,4.662815012,150,369.6957067,127.397,1641.671,3140.76,2789.968567,1524.272,8251.606,17704.069,1.371882013,1.079453909,2.809281929,4.234294595
s6-ckpt-long,priority+topology_aware+easy_predicted,14,0.2418775381,0.04101964753,0.09576342331,0.04296392453,0.04521556257,0.01691498019,2180,1744,0,432.1527815,0,2487.492,7449.748,2434.175405,1319.57,8652.157,15154.122,1.73256658,1,4.726214951,16.68142862,1.73256658,3493.950385,408,1573.942809,7273.429,0.8323956889,0.3383126965,0.1520117309,0.9570360755,179.0116733,0,0,179.0115707,0.0001026666667,0,0,0,0,0.9830850198,1.442210422,0.9547844374,0.04521556257,951,191120.953,227,196,3516,646,400.907839,0,1985.062,7449.748,1839.812556,881.453,7069.235,12624.902,1.979327011,1,6.834883274,20.85443333,565,491.5252389,0,3031.214,8279.06,2862.865623,1823.994,8655.572,13685.358,1.638097184,1,3.982080327,15.03636462,363,379.0381708,0,2418.235,7263.45,2008.206256,1056.576,6309.826,12185.958,1.609128226,1,4.726214951,12.37894331,170,466.9727706,0,3329.981,6320.268,4177.559106,1910.564,15611.443,31756.379,1.372425951,1,2.842453737,7.64102756,793,673.9005788,0,5007.835,9065.416,2667.301851,1352.557,9513.505,16526.249,1.948086649,1,6.974998111,17.18813814,638,219.3879295,0,1415.951,3033.236,2177.653904,1254.336,7755.366,15154.122,1.489199524,1,3.400018243,11.07800653,163,111.2570798,0,589.532,2892.411,2382.621994,1136.419,8216.604,25809.39,1.401108817,1,1.417712065,17.48831816,150,407.77926,105.92,1541.985,2751.796,2348.80642,1498.316,7067.395,10160.359,1.988489133,1.073074919,5.391144847,18.38846833
s6-ckpt-long,priority+topology_aware+easy_predicted,15,1.552271808,0.2146795964,0.945309258,0.04973454478,0.3156934307,0.02685497808,2360,1888,0,4184.07793,317.779,24554.774,35004.461,7223.91876,3340.175,27804.03,40389.693,5.627132948,1.17925941,24.73502283,56.89158805,5.627132948,11664.29695,412,15519.50368,33836.257,0.9316936808,0.3400035629,0.2235313762,0.9502654552,340.3477178,0,0,340.3476318,8.593939403e-05,0,0,0,0,0.9731450219,1.474034844,0.6843065693,0.3156934307,1096,321982.102,204,171,4625,778,4127.252757,317.842,23872.877,33799.081,6649.752631,3047.578,27390.882,38341.867,5.600538711,1.20067408,27.54327175,55.62301744,566,4462.204081,320.589,25593.65,36967.038,8657.957323,4540.042,29591.329,46491.716,4.881481419,1.135226696,19.25334003,53.60606726,364,3448.336805,247.813,22608.44,31814.519,5584.293294,2125.403,25003.09,40080.635,7.195473701,1.174636461,28.32585,76.13316249,180,5042.968772,599.073,24527.81,38431.298,8512.024817,4069.559,28341.376,40389.693,4.915205439,1.189789311,21.40051296,47.39268629,792,5723.597649,413.422,26777.437,38110.971,8888.929652,4241.514,31858.707,43884.199,7.249391728,1.232361971,32.32970144,60.23861109,611,3507.192429,118.91,21451.4,31600.489,6438.41117,2487.417,25419.845,40389.693,4.983427025,1.070438744,19.30527951,54.92909019,155,2065.903019,151.107,9992.131,19358.246,4678.142194,2354.777,17276.184,33700.721,3.510979498,1.100000113,15.16601921,36.92316433,330,2737.3947,991.097,11271.549,27169.437,5878.015361,3519.181,19124.957,29002.86,3.919494011,1.507541776,18.0931899,37.09989448
s6-ckpt-long,priority+topology_aware+easy_predicted,16,0.7843959641,0.1463082923,0.4593073015,0.04796675598,0.08626198083,0.04455163353,2150,1720,0,1605.022884,0,11930.685,19623.639,3262.741833,1225.71,14585.589,22449.017,4.008276152,1,16.85739591,47.75564655,4.008276152,8343.08357,397,6169.281708,18758.569,0.9117910393,0.4232246611,0.2217025735,0.952033244,180.89496,0,0,180.8948432,0.0001168080808,0,0,0,0,0.9554483665,1.854750568,0.9137380192,0.08626198083,939,163764.184,225,199,4102,669,1449.505851,0,11395.554,18758.569,2870.12816,1005.175,14367.885,21924.948,3.774272695,1,21.45214669,42.8398702,528,1561.966896,0,10996.979,18531.713,3561.280769,1433.021,13876.088,22559.496,3.92305972,1,15.06624067,59.71245,355,1831.581023,0,13440.422,20345.765,3262.249025,1252.738,14941.436,23423.47,5.1570542,1,18.08374504,71.81488086,168,1880.893827,0,13882.583,21056.774,3888.96169,1701.618,16491.498,24437.449,2.780457001,1,11.00509015,28.98766812,781,2493.347183,0,14765.804,21116.364,4189.184971,1356.24,18055.581,24437.449,5.63463056,1,28.98766812,67.94466721,631,1113.735323,0,6986.439,14302.397,2752.307487,1219.921,10984.065,16648.978,3.050942482,1,12.05558453,39.35100513,158,309.4907342,0,1958.655,4387.223,1967.452101,988.716,6531.098,11295.153,1.482919715,1,4.625253305,11.00509015,150,411.1245733,18.206,1795.806,2842.393,1950.660233,1102.645,7629.262,16507.662,2.227616623,1.011987398,7.983429615,19.89268093
s6-ckpt-long,priority+topology_aware+easy_predicted,17,1.172502054,0.1545642128,0.708471441,0.05064453004,0.2562442183,0.002577651673,2420,1936,0,3210.688744,126.236,18402.82,24052.012,6074.122077,2804.038,22881.416,30912.418,4.332103546,1.063043701,17.80862922,44.39646584,4.332103546,10294.55621,452,11862.20608,23886.1,0.9313909629,0.2983698965,0.1907259637,0.94935547,347.1098622,0,0,347.1097362,0.000125979798,0,0,0,0,0.9974223483,1.149968092,0.7437557817,0.2562442183,1081,273740.559,249,224,4767,738,3523.13173,151.996,19995.66,25046.418,6547.396359,3077.342,24100.931,30825.078,4.230101051,1.06683192,17.39595341,47.40363418,606,3145.425419,103.854,18718.669,23642.331,6426.87601,3325.023,23292.469,31800.993,4.344541465,1.042043941,13.15319245,34.88684925,402,2867.629724,118.12,16282.639,21618.573,4921.059749,1630.921,20296.26,26812.872,4.640768298,1.11224686,23.55541863,36.40397891,190,2931.090726,51.6,18242.373,23886.1,5550.362879,2761.3,22441.518,29142.784,4.035562665,1.029794006,17.80862922,50.49391155,855,4343.141658,99.47,22290.226,25207.858,7184.955902,3126.117,26126.065,32507.987,5.905646945,1.053381329,25.85727092,58.04540856,645,3112.742164,84.058,16501.998,18971.936,5929.711879,2715.132,20322.99,28654.99,3.532174387,1.036197449,15.64704348,32.44250261,166,991.8341386,0,7014.498,9388.299,3549.775777,2271.382,11514.985,21338.91,2.515463103,1,7.68280634,26.29219911,270,1222.756026,441.355,6563.411,8010.82,4453.467052,2528.316,15567.011,27028.028,2.377055451,1.178608898,6.812899546,26.32725866
s6-ckpt-long,priority+topology_aware+easy_predicted,18,0.8798828323,0.09915429767,0.4828522441,0.03105312025,0.2003284072,0.06649476313,2540,2032,0,1764.987164,0,12542.274,23128.012,5828.782211,2480.229,22586.626,41543.564,3.083523023,1,11.42439178,33.55863031,3.083523023,7863.107936,471,6508.802756,22408.422,0.8497273589,0.3637113885,0.1555181148,0.9689468797,269.7465956,0,0,269.7464644,0.0001311111112,0,0,0,0,0.9335052369,2.077419685,0.7996715928,0.2003284072,1218,435275.968,241,208,4616,809,1749.895517,0,12481.32,23128.012,8451.177642,4096.674,29186.151,53704.882,2.10571215,1,7.247142362,17.58468407,629,1779.11961,0,12542.274,26753.253,4402.820259,1948.465,16533.117,33476.574,4.374447871,1,18.53142264,83.45928997,400,1609.357782,0,8892.413,22231.628,2989.31914,1446.8,10465.588,23915.283,3.195049079,1,13.44769017,33.55863031,194,2102.985036,4.865,15674.533,21794.827,5371.036814,2634.531,20837.897,27076.735,2.745620164,1.008697003,10.20884678,38.91854483,814,2426.407214,0,19065.648,27695.5,6092.307043,2332.269,24085.129,41543.564,3.844580132,1,14.27957982,54.86710538,634,1646.313016,0,12791.909,19922.726,6469.113524,2525.13,24617.933,45192.477,2.670062555,1,10.10258681,27.13064561,164,620.2192256,0,3751.603,16248.582,4362.837506,1880.443,16973.858,48156.859,1.879556558,1,6.500739014,24.45679463,420,1109.238193,450.742,4267.957,8237.68,4923.867131,2778.557,16950.661,29302.939,2.702770526,1.196554153,9.493784757,32.08285449
s6-ckpt-long,priority+topology_aware+easy_predicted,19,0.1513200974,0.02086522291,0.03791204314,0.01616620594,0.03088803089,0.04548859453,2240,1792,0,203.6588415,0,984.78,4349.756,2862.886031,1254.82,10019.401,25431.954,1.456521864,1,2.404055968,8.913833064,1.456521864,3457.722123,372,817.0246022,4330.219,0.7744907189,0.2409012004,0.1047547384,0.9838337941,87.17397111,0,0,87.17392513,4.5979798e-05,0,0,0,0,0.9545114055,1.684763524,0.9691119691,0.03088803089,1036,260959.56,163,145,3470,734,196.865154,0,1041.278,4349.756,4101.650665,1869.483,14508.574,42543.581,1.187159734,1,1.838869974,4.854281792,506,203.9832352,0,992.599,3999.812,1757.2932,749.632,6906.814,13854.887,1.539319913,1,3.409049904,9.06946651,365,227.3585918,0,891.541,4330.219,2391.025288,1301.884,7633.662,21433.692,2.000083416,1,2.612361765,32.70412407,187,183.1883316,0,833.917,5438.644,1913.184979,1008.863,6580.979,16715.139,1.22880007,1,2.542425833,6.654367773,756,216.8428201,0,1114.668,4392.753,2845.732532,1263.735,8845.475,22857.645,1.402800152,1,2.072428283,9.625936145,653,135.0101807,0,774.379,2294.154,2880.844123,1217.174,10422.386,25431.954,1.393235116,1,1.92375,7.107125304,170,54.83616471,0,486.573,745.955,2753.819559,1185.463,10345.494,27094.338,1.107428515,1,1.615518536,3.952774401,213,486.1017653,0,2876.935,7757.77,2955.762615,1412.371,11335.847,18910.941,2.119835151,1,5.312245694,17.89380988
s6-ckpt-long,priority+topology_aware+easy_predicted,20,0.2936853047,0.0391594875,0.1420713759,0.03999546447,0.04721930745,0.02523966933,2180,1744,0,609.4314352,0,3690.359,12456.15,3692.867291,1733.7,14467.406,26503.318,1.766102382,1,4.511890435,15.77350252,1.766102382,3626.556477,387,2416.653984,11434.99,0.8223032904,0.3283841126,0.1466641814,0.9600045355,235.3757111,0,0,235.375611,0.0001000808081,0,0,0,0,0.9747603307,1.496168804,0.9527806925,0.04721930745,953,279166.914,198,176,3580,696,754.912546,0,5490.938,14203.593,5869.511519,3403.172,20210.927,39676.774,1.616591517,1,4.073061117,15.31934117,503,502.8307694,0,2531.484,10199.004,1846.287513,1130.049,6732.965,14191.391,2.018021831,1,5.606737931,17.93216224,346,555.5489104,0,3589.773,10578.905,2983.650561,1829.091,9003.985,17639.439,1.460020184,1,3.132627521,10.07447821,199,463.7461859,0,3176.8,7554.963,1980.677513,899.331,7979.382,15659.987,2.184436652,1,4.869852538,44.76542095,791,889.0243957,0,6756.504,14595.706,3825.095716,1692.783,15228.041,23600.304,1.917886064,1,5.897281033,22.03851882,629,464.1015596,0,2571.139,9164.022,3784.984787,1819.585,14764.766,26904.888,1.771559935,1,3.765049773,14.70301764,174,165.2959253,0,766.482,4089.992,2832.409115,1603.355,9003.985,26503.318,1.313872561,1,1.955294921,10.32723608,150,259.65836,54.362,1148.426,1904.812,3607.434847,1827.217,11788.492,35893.261,1.467397685,1.01473088,3.897733895,6.933138986
s6-ckpt-long,priority+topology_aware+easy_predicted+preempt,1,0.5367808409,0.0818556209,0.2696812158,0.05310855951,0.1268722467,0.005263198009,2390,1912,0,1131.250366,0,7005.074,18074.494,4621.774122,1895.427,16718.497,53226.334,2.693530761,1,9.431267274,32.0605682,2.693530761,5747.744553,435,4294.362209,16868.9,0.8573485384,0.3485895236,0.1631748187,0.9468914405,382.6695886,61.35615349,36.54727306,284.7660364,0.0001256565657,0,328,0,0,0.994736802,1.199461072,0.8731277533,0.1268722467,1135,365196.36,168,142,4162,770,1288.290875,0,8411.275,19296.85,3786.59634,2051.135,13422.45,25953.286,2.607572752,1,9.023883333,31.3314915,557,1062.570151,0,7064.701,18380.874,2922.780779,1358.646,11451.169,24213.824,2.930564205,1,11.63109597,47.77273052,396,946.7724823,0,5399.554,18735.724,8784.97146,2128.708,53226.334,86876.768,2.443234111,1,8.024833086,23.28364536,189,1080.387561,0,6432.377,14147.383,4308.546815,2784.635,11790.004,19921.009,2.869602253,1,6.960382484,47.53763333,777,1653.168542,0,10918.135,22738.763,5443.809562,2120.517,19860.205,56421.588,3.378338039,1,12.58380136,47.89999161,609,862.4280985,0,5399.554,14100.961,3953.775041,1613.435,15228.178,39352.127,2.333945657,1,8.245436011,30.77023686,166,485.5941386,0,3472.782,8411.275,4613.533843,1491.714,13058.231,81318.175,1.764149305,1,7.853858589,17.07966667,360,757.2539,21.405,3584.084,7051.103,3981.379094,2005.771,11471.827,48633.587,2.252334637,1.007398254,5.636574982,22.79685858
s6-ckpt-long,priority+topology_aware+easy_predicted+preempt,2,0.8073547583,0.1059697281,0.4586794379,0.05860391377,0.1501390176,0.03396266093,2330,1864,0,2368.891343,0,11914.376,50786.325,5903.15606,2257.816,24356.728,57370.042,3.978021128,1,12.20965424,64.02962368,3.978021128,9563.681216,383,9365.497198,50635.314,0.8303316484,0.2595868932,0.1131971029,0.9413960862,413.4646733,61.47249944,26.20415167,325.787934,8.820202026e-05,0,335,0,0,0.9660373391,1.661060746,0.8498609824,0.1501390176,1079,306448.964,152,127,3958,748,2161.109258,0,10978.078,47872.72,7227.721246,3058.777,25871.625,62015.281,3.032757332,1,7.833342821,50.65943368,567,2302.683593,0,9541.881,55799.387,5012.083446,2253.685,19011.559,59273.546,4.216834059,1,12.23266209,74.61515,367,2605.690074,0,16610.848,50786.325,4535.403755,1660.436,19574.93,53871.357,5.037594156,1,19.94881985,119.0443713,182,2951.614747,0,23209.586,46546.947,5993.422593,2078.014,36117.451,47473.74,4.982345779,1,26.04791679,76.57757717,785,3561.742161,0,25326.753,58180.375,7370.602603,2670.041,38568.725,67443.706,5.166563538,1,22.95611635,72.73392116,640,1598.4791,0,10392.099,40329.903,4781.552614,1920.628,19456.444,47035.113,3.361082007,1,8.959378359,63.00253732,139,940.8018777,0,4320.326,20550.13,3842.985799,1611.004,15105.541,29759.55,3.471125537,1,4.018614103,135.3955544,300,1552.82594,31.554,6773.466,17247.078,5410.63718,2580.13,19011.559,39354.365,2.419000237,1.009844033,8.017059385,23.19959644
s6-ckpt-long,priority+topology_aware+easy_predicted+preempt,3,0.6811818437,0.1015091444,0.4369569898,0.05187678443,0.05943691345,0.03140201161,2270,1816,0,1429.614656,0,11350.127,23740.685,4140.419879,1778.282,19150.377,32097.327,3.385253953,1,11.69571327,51.74087659,3.385253953,7173.709621,426,5772.520174,23219.195,0.8796708181,0.3223815724,0.1662274693,0.9481232156,276.5458439,52.78129122,31.68272556,192.0817224,0.0001047272728,0,251,0,0,0.9685979884,1.554821375,0.9405630865,0.05943691345,959,250278.473,128,115,4158,725,1447.884601,0,10458.574,23740.685,5380.893429,2431.147,23192.973,38347.732,3.006771979,1,11.41022909,50.9748833,543,1083.403597,0,6181.408,22982.723,2742.556993,1237.65,9591.203,25086.596,3.152280158,1,9.948399555,51.74087659,359,1859.975758,0,16348.848,24360.702,4214.204109,1848.226,19642.941,33721.878,3.822979459,1,16.10736264,45.81608671,189,1536.743016,0,12325.729,26705.473,3257.920857,1240.543,13455.537,27829.164,4.674993344,1,20.20465941,159.1693125,857,2344.253338,0,20997.368,24484.693,5217.098595,2083.331,24447.478,38750.695,4.875058296,1,23.314384,73.83420586,652,603.5136887,0,3162.324,9398.981,2997.809534,1482.465,11055.285,24265.275,2.125043647,1,4.59623669,26.69554842,161,242.2075652,0,1974.771,3472.225,3252.665516,1304.018,10253.091,30617.045,1.305645773,1,2.351653566,9.129902453,146,1059.375082,96.76,3284.376,18971.268,3902.04137,2172.368,19150.377,22691.536,2.561361589,1.05541122,6.830615289,41.32686191
s6-ckpt-long,priority+topology_aware+easy_predicted+preempt,4,0.8801165157,0.08787965895,0.4485758734,0.05708611733,0.1434262948,0.1431485712,2270,1816,0,1360.339908,0,11651.932,21165.111,4062.637104,2020.964,15488.311,26688.223,3.349209374,1,10.12534683,55.13346667,3.349209374,7130.467751,411,5437.218229,20356.907,0.8529848954,0.3283952557,0.1638446146,0.9429138827,316.2018661,50.51075917,34.93294917,230.7580547,0.0001030707071,0,246,0,0,0.8568514288,2.821997125,0.8565737052,0.1434262948,1004,271284.246,166,144,4039,698,1427.716785,0,11953.549,20430.968,3452.203135,1392.414,14977.486,24134.703,5.171436057,1,15.17204928,104.3316795,559,1365.482896,0,12231.021,22467.609,5152.507492,2763.993,20228.963,31024.449,1.832544764,1,6.626809864,13.48543088,375,1238.426384,0,10001.87,19374.229,3780.618461,2041.253,14289.509,23139.574,2.410737826,1,10.17966887,26.634421,184,1337.58763,0,7554.282,22147.072,3641.997723,2160.207,12188.994,24044.585,2.956970907,1,13.26271944,43.80378671,812,2013.238868,0,15752.896,22984.719,5020.431515,2160.207,21357.071,30783.23,4.253630449,1,13.71227374,69.12582663,597,672.9627052,0,4070.534,14114.52,3215.552059,1852.197,11068.928,20532.025,2.220165745,1,5.082898827,24.21115709,137,592.5026715,0,4792.328,10396.533,2846.766299,1492.495,10702.024,12515.903,1.719902396,1,6.994723121,13.41667638,270,1306.280411,164.975,7991.143,13536.777,3672.100104,2195.863,13259.852,17330.871,3.952410074,1.105669921,11.83862338,81.73412181
s6-ckpt-long,priority+topology_aware+easy_predicted+preempt,5,0.1910128516,0.02439585326,0.08355779197,0.04897349666,0.02952755906,0.004558150661,2300,1840,0,331.3319272,0,2170.446,5877.949,2601.481682,1705.547,8059.987,13584.208,1.407955652,1,2.810849273,8.62905074,1.407955652,3318.37088,386,1358.95913,5868.74,0.8243747285,0.3341720317,0.1479223635,0.9510265033,224.0847086,23.47977578,11.26396083,189.3408836,8.840404044e-05,0,137,0,0,0.9954418493,1.196080592,0.9704724409,0.02952755906,1016,199807.733,205,173,3864,731,272.369684,0,1679.983,4042.119,2533.461057,1565.201,7519.548,14597.343,1.37514713,1,2.810849273,7.570245558,559,413.0321932,0,3208.558,6545.488,2329.80775,1520.885,7895.884,11311.416,1.522587184,1,3.259733115,14.4083115,378,301.9014048,0,2101.847,5891.786,3072.236077,2303.106,8263.008,13621.894,1.272980427,1,2.256546735,7.199816561,172,381.0743023,0,2023.979,8365.108,2738.944727,1581.591,9240.086,15386.477,1.471470992,1,3.045721401,8.547908787,824,544.3462184,0,3977.748,7556.556,2905.900824,1812.083,9062.153,15386.477,1.646597462,1,4.510101323,11.56594685,586,190.9485597,0,1262.119,4050.915,2355.827483,1630.125,6656.713,11200.64,1.249958653,1,2.040973223,6.483208735,160,74.56395,0,357.73,1631.207,2302.149294,1466.775,6843.273,14738.915,1.076979444,1,1.358133679,3.171473978,270,138.0865704,0,789.173,1249.306,2382.982311,1580.37,6896.15,10648.567,1.218702258,1,1.909338437,5.424612766
s6-ckpt-long,priority+topology_aware+easy_predicted+preempt,6,0.6177710978,0.1099678904,0.347804902,0.07698784211,0.07692307692,0.006087386371,2270,1816,0,1446.169852,0,9034.367,23646.266,3542.604689,1660.961,15713.544,27654.557,3.462043074,1.00295254,12.67031579,49.08686044,3.462043074,7749.884148,438,5443.261164,23240.499,0.9156666945,0.3487067546,0.1979215611,0.9230121579,318.8063794,75.23923278,44.99241778,198.5746061,0.0001227474748,0,301,0,0,0.9939126136,1.23319406,0.9230769231,0.07692307692,1040,162868.092,133,118,4442,732,1157.768378,0,6439.447,19090.847,3444.709775,1761.919,12153.385,26865.288,3.142677881,1.001851536,10.47157672,36.45790953,535,1693.997684,0,10217.932,25541.629,3607.266948,1726.884,15720.515,26929.975,3.875531697,1.015336404,18.86312837,51.29694151,372,1642.8335,0,13189.468,22792.101,3083.101462,1398.353,15860.996,28091.087,3.400148873,1,10.92590474,50.13892609,177,1476.469915,0,9640.784,25165.555,4717.745757,1849.605,21982.519,40484.233,3.663080083,1.00295254,9.480285902,48.73833479,776,2643.921751,0,18199.743,25849.954,5037.986892,1969.113,23775.319,33065.705,5.435376422,1.051758677,25.24884183,59.94557593,660,575.0604212,0,2708.124,6749.959,2420.042477,1514.678,7839.149,12457.707,2.095599157,1,5.979940558,15.72362014,170,277.3168412,0,1229.334,4705.686,2190.491324,1277.054,7209.631,12307.186,1.48057457,1,3.174657704,8.124862837,210,704.1782429,167.59,1668.841,9047.548,2639.432033,1606.494,9744.805,18619.788,2.068690469,1.127315306,6.854650815,14.29443333
s6-ckpt-long,priority+topology_aware+easy_predicted+preempt,7,0.3889674324,0.05472769357,0.1885494896,0.04798520871,0.09199318569,0.005711854731,2450,1960,0,757.6419286,0,4897.646,12977.594,4721.104171,1931.46,16994.825,45715.751,2.096272057,1,6.305633013,23.88798152,2.096272057,4742.694421,434,3108.446675,11997.468,0.8598039216,0.3540927235,0.1706994511,0.9520147913,386.6499822,97.32183918,27.47634833,261.8516697,0.0001250505051,0,252,0,0,0.9942881453,1.214325181,0.9080068143,0.09199318569,1174,409323.349,171,147,4260,777,661.0393192,0,4752.362,10727.195,4095.294752,1736.421,15087.857,36476.078,1.980165325,1,4.832921965,21.70380694,622,889.6318505,0,6175.88,16060.18,6778.773095,2419.035,36791.919,79335.063,2.065672765,1,5.590437857,24.73561969,365,711.4803425,0,3643.118,11713.634,3311.479066,1649.254,12725.312,26312.353,2.404564616,1,8.569716214,26.74873064,196,807.7004745,0,6604.684,13651.451,3297.109332,1790.57,12482.877,20792.66,2.07954199,1,8.395840819,24.26121231,786,1124.510669,0,8339.346,16692.536,5642.013429,2056.925,20509.153,68672.501,2.300890776,1,7.438792961,24.3626117,633,592.8890506,0,4218.486,8128.193,4498.058995,1858.465,16909.231,41541.625,2.163295992,1,6.10225658,29.10910562,148,239.1965676,0,1592.993,5113.3,3693.925878,1855.429,11597.579,29231.413,1.239089748,1,1.949787968,4.475359474,393,484.5112799,0,2583.178,6015.786,3625.367038,1852.299,12851.156,41059.091,1.901886607,1,4.854483412,23.25229476
s6-ckpt-long,priority+topology_aware+easy_predicted+preempt,8,0.1141686837,0.02118109712,0.02843722768,0.02896508181,0.01052631579,0.0250589613,2060,1648,0,183.8702779,0,738.668,5875.93,1718.004081,817.863,6361.566,12710.929,1.544690666,1,2.440450465,15.34165062,1.544690666,2967.190682,397,713.9683778,5690.141,0.7137321102,0.1735734127,0.08151782203,0.9710349182,78.55350972,1.644901111,4.318730833,72.58981644,6.133333335e-05,0,39,0,0,0.9749410387,1.463225715,0.9894736842,0.01052631579,855,158093.299,116,100,2731,696,235.1855546,0,961.794,6417.036,1428.515552,716.255,5859.484,9176.255,1.860711573,1,3.313156756,27.51846287,505,133.2303624,0,561.247,3395.309,1516.156426,718.936,4608.851,12710.929,1.271650404,1,1.644902653,7.537327437,311,113.2624437,0,705.226,2834.914,2366.333376,1190.666,7934.927,15792.415,1.287910659,1,1.886082079,5.9121135,136,270.7582279,0,1446.257,7355.976,2466.435485,1256.642,9994.052,14700.107,1.528465401,1,3.977295821,13.85892673,793,213.1765965,0,624.787,7177.113,1803.862175,794.561,6738.728,15792.415,1.73291752,1,2.349942906,21.76982853,627,175.9478469,0,953.873,4535.126,1688.935657,860.083,5752.397,11138.25,1.40838912,1,2.453617139,13.85892673,168,54.54767262,0,428.24,1446.257,1478.97497,777.481,5628.353,8736.714,1.121978304,1,1.438885781,3.873291653,60,241.4311333,90.196,1120.127,1859.89,1556.2928,835.998,4516.861,8137.934,1.664904869,1.05012231,5.440476892,6.813924108
s6-ckpt-long,priority+topology_aware+easy_predicted+preempt,9,0.4258170833,0.04758722998,0.1441006046,0.03355545278,0.06187845304,0.1386953429,2150,1720,0,587.527125,0,3743.069,8140.767,3105.822726,1581.238,10205.942,23855.961,2.263294688,1,5.48292078,22.48092144,2.263294688,5409.599765,368,2277.977345,7987.483,0.8155502269,0.2081064381,0.1127830725,0.9664445472,167.5089175,5.424887222,20.76784361,141.3161255,6.117171718e-05,0,128,0,0,0.8613046571,2.290183194,0.938121547,0.06187845304,905,221886.827,134,119,3716,686,483.174758,0,3280.269,7428.227,2924.812273,1595.155,8957.487,23715.121,2.02930891,1,5.125669448,17.48779665,515,696.673934,0,5132.022,9661.742,3271.876283,1582.269,10972.605,21621.991,2.09614214,1,6.138047691,27.62401862,356,566.9456938,0,3561.416,8353.933,3468.306267,1802.961,13505.057,24309.936,1.948783793,1,4.523474584,27.27476917,163,726.8038528,0,3922.322,7881.297,2551.29173,1189.334,9351.221,26067.889,4.463071892,1,8.761564217,12.11156313,815,820.4005411,0,5793.466,9805.688,3508.122363,1694.254,11386.91,26207.381,2.983168026,1,7.446060069,28.810557,622,342.8910643,0,1911.7,6006.062,2827.29814,1497.275,8934.132,19411.027,1.586774302,1,3.743113061,12.09844341,173,237.8363295,0,1989.746,3338.079,2267.027561,1313.538,8321,13807.219,1.379490756,1,3.371203629,15.17836039,110,795.4207909,68.663,3643.529,4917.542,3019.2741,1942.322,7351.046,18986.932,2.145085504,1.047523923,6.594208875,20.2764473
s6-ckpt-long,priority+topology_aware+easy_predicted+preempt,10,2.165953761,0.3036296764,1.650432491,0.07632577851,0.1285988484,0.006966966312,2360,1888,0,5490.047391,20.437,42870.623,82330.221,8964.6788,2411.091,48779.815,97227.946,6.970371209,1.042401663,34.98370178,89.41096146,6.970371209,15567.66505,420,23143.97387,79955.078,0.9343436168,0.3385438147,0.1973836205,0.9236742215,557.00773,164.0111438,79.34110194,313.6553762,0.0001080808081,0,493,0,0,0.9930330337,1.269368792,0.8714011516,0.1285988484,1042,320810.345,64,54,4690,749,5319.226421,0.148,42418.159,88552.906,8478.164662,2314.129,45817.978,94108.934,7.678431049,1.029461148,29.34265659,125.8210183,568,5346.530335,71.43,42668.369,79072.968,10057.34177,2903.293,52713.28,107077.927,6.049015145,1.06645863,35.47986076,72.34509597,388,6283.156384,0,49617.961,82126.274,9314.786356,2343.616,55609.541,102744.125,6.930301997,1.001498093,36.58796796,94.74619537,183,4953.087317,79.953,36869,72798.994,6822.191306,1747.732,43668.17,79400.507,7.017039398,1.048210467,40.58881982,94.40746261,846,10562.25189,80.404,66377.298,91638.868,14521.32908,2970.032,79843.08,108007.293,11.81338176,1.214115611,57.51043948,136.8229157,647,1610.155821,0,8280.203,23905.467,4741.321023,2113.731,15880.882,34970.476,3.438179828,1,10.99566983,52.69290659,155,735.5299161,0,3946.824,5792.689,3530.308994,1781.011,13061.399,28051.84,1.833109419,1,4.842782369,14.14986838,240,1140.693446,117.901,7822.11,13506.087,4272.652413,1915.072,15607.671,24908.175,2.738773199,1.051996853,9.414868024,32.01031823
s6-ckpt-long,priority+topology_aware+easy_predicted+preempt,11,0.2003043879,0.02669720206,0.1080307669,0.0379605829,0.01884700665,0.008768829419,2120,1696,0,391.0520619,0,2806.141,7304.591,3271.184986,1676.818,11132.601,25110.791,1.385638173,1,3.07600682,8.146128612,1.385638173,2825.542205,349,1610.634229,7147.492,0.7958589158,0.3010897603,0.1154833349,0.9620394171,192.5990581,26.77949766,16.19344694,149.6260174,9.608080811e-05,0,92,0,0,0.9912311706,1.240165656,0.9811529933,0.01884700665,902,257005.194,147,126,3354,676,363.1853876,0,2420.338,7548.39,3731.875506,1869.882,13244.856,30974.656,1.321015006,1,2.582801593,8.130677319,499,401.076976,0,3054.706,7851.071,2588.173074,1527.383,8365.61,15092.365,1.333241075,1,2.928908008,7.456549183,348,427.8195603,0,2969.11,6235.993,3188.855003,1523.516,10987.488,26474.038,1.624108663,1,4.076508152,9.829609076,173,397.0656474,0,2911.201,6525.979,3606.716705,1898.063,12157.879,25692.499,1.309590098,1,2.63972415,8.13689092,794,660.9015957,0,4335.194,9686.315,3682.473506,1869.882,12731.736,27235.82,1.649018191,1,4.580356742,12.07406718,628,157.7764952,0,1075.821,2835.382,2762.044989,1452.885,8679.893,17801.209,1.163722729,1,1.885207899,5.151715863,154,74.78066883,0,502.016,1105.851,3563.450896,1901.144,14119.809,26474.038,1.068228015,1,1.274669252,3.238392593,120,232.2380667,0,1712.706,2358.649,2839.250683,1735.48,8843.803,16315.754,1.211640922,1,2.553233481,3.651326254
s6-ckpt-long,priority+topology_aware+easy_predicted+preempt,12,0.1807655284,0.03221137166,0.06451807579,0.03587307452,0.03178928247,0.01637372392,2330,1864,0,344.8764528,0,1675.882,6952.634,2952.792135,1566.922,10281.73,20529.804,1.622226088,1,3.711340188,15.09645642,1.622226088,3810.11745,398,1425.626264,6596.643,0.7991047915,0.3217530049,0.1427329886,0.9641269255,172.0576386,39.40050489,11.23089194,121.4261446,9.713131314e-05,0,150,0,0,0.9836262761,1.366737679,0.9682107175,0.03178928247,1101,239981.271,200,171,3925,708,349.7482401,0,1789.931,7255.996,1906.228501,1013.766,6924.096,13242.009,1.762277217,1,4.751135947,17.34907975,594,295.6440303,0,1625.417,6086.672,4181.697938,2103.272,15591.383,28479.054,1.438383134,1,2.772366667,12.84321085,380,354.4367816,0,1738.428,6482.589,3225.525537,2226.597,8718.529,15280.268,1.484066199,1,2.584392726,8.150086897,182,466.6451813,0,1588.527,10576.392,2443.771879,1462.753,7826.793,15444.069,1.965892426,1,3.950472832,31.6761634,763,602.8960354,0,3785.817,12933.087,3298.046735,1715.965,12840.38,20912.821,2.028982185,1,5.558593102,21.74704577,646,172.4325,0,820.404,3415.791,2666.744159,1450.296,9082.635,15483.057,1.340993666,1,1.904117567,9.656516667,155,117.8508581,0,925.052,2384.917,2956.827148,1372.206,9134.131,28479.054,1.197483482,1,1.829366724,8.331930232,300,177.2725167,0,1327.071,1746.03,2688.566487,1550.794,8106.207,18473.887,1.412747245,1,2.772366667,14.34372077
s6-ckpt-long,priority+topology_aware+easy_predicted+preempt,13,0.1858897661,0.02647437461,0.07138646234,0.03843319023,0.0305907173,0.01900502167,2180,1744,0,282.4563721,0,1854.291,4801.251,2483.98414,1531.991,8027.987,14302.579,1.526959901,1,3.050333015,10.2415353,1.526959901,3242.544831,386,941.2392254,4304.855,0.8228792194,0.1616539336,0.1104083909,0.9615668098,163.7980592,17.52631,7.839931389,138.4317577,6.012121216e-05,0,134,0,0,0.9809949783,1.454742583,0.9694092827,0.0305907173,948,203916.046,199,181,3405,686,255.3997974,0,1598.341,4419.819,2432.556569,1615.343,7755.89,12002.774,1.263309394,1,2.364379992,5.921357193,529,306.9591909,0,2402.741,4801.251,2387.12814,1304.538,7857.076,14707.371,1.680891711,1,4.144095185,15.21362212,355,301.4367577,0,1921.046,6470.151,2244.256034,1465.03,7092.266,18388.537,1.837789972,1,3.213467144,15.62171738,174,275.9091437,0,2599.557,4643.3,3470.303776,2411.424,11140.416,17229.279,1.464256713,1,4.026209295,10.2415353,796,400.545554,0,2599.557,6072.952,2684.469638,1650.451,8448.176,14924.595,1.811968976,1,4.315637862,16.91318841,640,170.1584875,0,1184.047,3582.652,2214.804002,1467.707,7324.005,11355.731,1.297066298,1,2.023842609,8.392678928,158,89.49594937,0,740.076,2263.205,2298.962278,1320.233,6747.896,17229.279,1.146158985,1,1.535666307,5.916280817,150,338.1857333,0,2271.223,3320.47,2763.466053,1508.719,8556.791,17728.705,1.396501412,1,3.001957058,6.749099122
s6-ckpt-long,priority+topology_aware+easy_predicted+preempt,14,0.2195456059,0.03675601452,0.09550013561,0.05678556543,0.02418506835,0.006318822011,2180,1744,0,436.7229065,0,2480.653,9425.291,2504.777326,1274.535,9366.253,16182.78,1.707057334,1,4.234966311,18.38846833,1.707057334,3453.485318,408,1736.388525,8668.365,0.844961272,0.3646698444,0.1769062112,0.9432144346,240.0674239,42.04646261,16.2774675,181.7433918,0.000102020202,0,117,0,0,0.993681178,1.253390098,0.9758149317,0.02418506835,951,191120.953,176,154,3623,646,367.2873916,0,1528.586,8428.191,1836.372707,838.835,7476.239,13478.378,1.815620691,1,5.324658109,18.87138368,565,553.8170142,0,3327.779,9713.554,2977.801984,1802.694,9575.427,15600.33,1.688220005,1,3.97929361,19.64536017,363,371.1621129,0,2067.781,8642.581,2100.316033,1022.685,7334.537,13937.125,1.664231883,1,4.230766667,15.76997452,170,451.4037294,0,2600.207,9559.044,4336.247335,1759.12,17690.944,31756.379,1.448567923,1,2.880301396,13.3513077,793,759.6771148,0,5858.179,11830.693,2887.972074,1364.208,11812.003,17690.944,2.062089129,1,6.340935715,20.0292116,638,163.3086129,0,1092.385,2659.736,2135.251201,1189.473,7755.646,15069.862,1.33524072,1,2.249348531,6.93914927,163,117.1389632,0,728.559,2634.434,2388.000141,1162.424,8216.604,25809.39,1.373134329,1,2.074262845,14.76100679,150,239.5750067,9.535,1240.389,2029.31,2177.570087,1283.937,6973.599,10234.323,1.774445567,1.007714457,2.888316255,18.87138368
s6-ckpt-long,priority+topology_aware+easy_predicted+preempt,15,1.195041249,0.148708008,0.7312652109,0.05947140449,0.2034671533,0.05212947203,2360,1888,0,2829.068092,50.868,18994.897,33012.482,6153.879738,2816.907,25211.616,42385.459,4.71580724,1.075092761,17.13388713,65.7877451,4.71580724,9893.676195,412,11222.97675,32099.688,0.9361084347,0.375534539,0.2426763469,0.9405285955,411.1931092,39.63925412,50.96642556,320.5873186,0.000110909091,0,419,0,0,0.947870528,1.691959121,0.7965328467,0.2034671533,1096,322899.789,88,72,4623,778,2835.025692,39.113,18735.969,34091.202,5529.00665,2640.991,21332.239,36947.94,4.551724475,1.072274145,17.82153943,57.72033544,566,2926.522058,69.724,19986.896,34350.783,7500.183574,4012.386,29812.546,46936.92,3.938177777,1.071492327,12.74773014,57.72281435,364,2409.274577,4.37,18129.48,31934.198,4795.23833,1751.11,25413.472,39255.27,6.660905744,1.036671455,23.64930422,110.8088247,180,3345.795211,80.171,22034.033,29140,7368.817311,3308.141,30139.727,44073.934,3.936800637,1.134901331,15.8773942,35.93462415,792,4616.691148,123.9,25584.695,35606.168,8415.740645,3809.234,31908.156,44809.281,7.302449285,1.29697593,32.90142376,108.0050149,611,1466.162728,0,7632.059,23122.455,4470.846218,2059.183,15567.865,36759.556,2.91556336,1,9.566475414,20.70520252,155,1265.161748,1.938,6049.037,18558.872,3839.961323,2156,14447.234,36080.779,2.117695582,1.004437905,6.771777402,19.12791101,330,1796.774758,361.063,6668.48,29569.431,4928.416091,2824.396,16728.75,34965.745,3.061370324,1.216528067,8.425461111,38.57867665
s6-ckpt-long,priority+topology_aware+easy_predicted+preempt,16,0.7503264186,0.1432995206,0.450653571,0.06045480356,0.06389776358,0.03202075986,2150,1720,0,1435.487974,0,11705.901,24870.696,3242.135746,1159.316,14757.154,29847.447,3.906071157,1,16.51073029,70.66068333,3.906071157,7813.076513,397,5802.802154,23933.182,0.9015174676,0.415765719,0.2012275496,0.9395451964,231.0209528,6.898531495,33.748965,190.3733352,0.0001210505051,0,231,0,0,0.9679792401,1.656162503,0.9361022364,0.06389776358,939,165111.391,123,110,4071,669,1253.853224,0,11034.83,22585.104,2832.803006,901.881,14926.18,25881.722,3.564269456,1,17.35723138,49.06432785,528,1485.706598,0,12574.223,23933.182,3627.805708,1331.23,15095.486,31154.729,4.0313183,1,13.04947528,81.36830018,355,1583.168042,0,12025.394,25977.53,3109.927335,1198.893,13863.383,31509.888,4.831770531,1,17.02708128,98.55045,168,1688.891488,0,11777.218,30621.64,3939.42056,1630.581,18847.255,37228.437,2.917449539,1,17.60276081,36.79619843,781,2391.0957,0,14928.932,27880.784,4396.495344,1217.835,20507.092,35150.872,5.42432981,1,25.41625715,81.36830018,631,736.5722488,0,3278.725,22159.427,2397.545415,1059.237,8825.051,23286.216,2.791773128,1,6.301279763,64.16966667,158,290.0974873,0,2162.829,3775.642,1949.791032,928.984,6482.151,12597.758,1.470549677,1,3.857896074,9.397013204,150,606.5405467,0,2407.462,5782.735,2145.94986,1139.602,7555.978,16507.662,3.253900765,1,13.73320918,25.53194553
s6-ckpt-long,priority+topology_aware+easy_predicted+preempt,17,1.048510719,0.136096844,0.6627508906,0.08117365536,0.1535615171,0.01492781187,2420,1936,0,2792.76307,0,17215.211,38697.562,6013.837186,2576.621,24906.987,49531.273,3.912090444,1.018286945,15.68084998,46.70514396,3.912090444,9160.102924,452,10712.19496,37717.786,0.9191229343,0.3808068932,0.1983110058,0.9188263446,574.8372847,162.5630955,75.23756028,337.0365143,0.0001146262626,0,439,0,0,0.9850721881,1.369558772,0.8464384829,0.1535615171,1081,286178.262,86,78,4770,738,2871.986165,0,15867.054,37826.089,6200.205222,2800.681,25174.086,46954.465,3.526069514,1.024464785,15.68356089,35.2304233,606,2941.907213,0,19558.742,39381.32,6726.849223,2947.269,28215.285,51488.796,3.723192545,1.015414134,11.86785239,41.06620015,402,2691.975537,0.3,11455.37,36616.01,5064.114719,1493.584,22288.739,41436.762,4.829159433,1.036409603,22.11811921,50.65295412,190,2222.597768,0,14665.878,37717.786,5025.224174,2431.331,17649.515,47803.751,4.073636962,1,14.33464174,79.97567543,855,4735.783974,0,33635.174,50884.514,8323.812874,3006.115,40776.925,58197.456,5.885741535,1.084453947,26.33742478,79.97567543,645,1389.047093,0,7917.677,13986.013,4294.074171,2221.156,14605.29,27709.347,2.288277635,1,7.895005166,22.13805348,166,1146.831645,0,6340.345,28291.207,3697.909867,1908.426,11518.881,29451.456,2.565492371,1,8.510183088,25.38373746,270,1005.128063,227.891,5104.905,7354.621,4231.103363,2446.463,15864.365,29129.995,2.369212143,1.110960452,6.95030994,18.03157472
s6-ckpt-long,priority+topology_aware+easy_predicted+preempt,18,0.7256393912,0.09324474355,0.3298913288,0.04351395518,0.1436781609,0.1153112027,2540,2032,0,1781.482027,0,8569.055,38165.159,6206.465546,2340.688,26334.919,53011.452,3.686495511,1,10.74350287,49.73658333,3.686495511,8963.869874,471,6877.106178,35563.658,0.8507361673,0.2942438656,0.1562608201,0.9564860448,382.9134467,113.770729,43.59766222,225.5449441,0.0001113939394,0,403,0,0,0.8846887973,2.667867354,0.8563218391,0.1436781609,1218,462404.353,151,134,4560,809,1495.157583,0,7094.142,32685.527,8830.157541,3922.463,33250.891,66971.39,2.184625102,1,5.952553268,21.6982952,629,1846.770685,0,8831.805,39249.301,4673.655203,1729.815,17195.899,45274.441,5.82828999,1,16.26019224,142.0017893,400,1815.028852,0,7269.125,38167.073,3300.676488,1471.579,10464.267,39832.367,3.610423608,1,13.71347947,49.73658333,194,2694.632433,0,24409.666,38375.629,6226.499077,2635.295,25903.884,48861.604,3.162027448,1,12.59706682,47.54843581,814,2718.446586,0,23090.419,43230.058,7208.113903,2283.837,36242.309,55795.585,4.678961094,1,16.26019224,88.23084922,634,1045.517043,0,7223.6,16588.266,5976.549733,2360.407,22011.197,45192.477,2.274680081,1,6.867175117,28.29981091,164,1067.459787,0,4005.133,30464.086,4786.743268,1880.443,18934.345,48156.859,2.528658077,1,5.419271261,45.14207686,420,1355.320829,24.932,4882.369,28690.315,5166.606776,2417.57,18815.719,35817.068,4.346279649,1.008565838,8.889540046,38.3548534
s6-ckpt-long,priority+topology_aware+easy_predicted+preempt,19,0.1794249666,0.02322150746,0.04467059494,0.02510293461,0.0250965251,0.06133340451,2240,1792,0,214.6372517,0,1160.336,4568.514,2912.75106,1288.164,10190.207,27094.338,1.612191989,1,2.675543121,10.40659897,1.612191989,4020.235915,372,940.3084543,4543.975,0.7801566305,0.24153228,0.1020954951,0.9748970654,136.6048728,5.26067699,8.389947222,122.9541903,5.822222226e-05,0,69,0,0,0.9386665955,1.854231785,0.9749034749,0.0250965251,1036,261743.192,164,140,3519,734,176.0864005,0,1118.073,4223.836,4112.619653,1876.914,13947.871,42543.581,1.229554025,1,1.917605595,7.906378699,506,256.5726245,0,1407.524,5457.147,1826.501053,786.501,7042.073,13854.887,1.799041763,1,4.071583333,10.58475423,365,250.7092329,0,938.948,6036.392,2438.397195,1209.931,7984.065,22058.263,2.279878155,1,2.135229901,38.61979123,187,182.0744332,0,934.219,4568.514,2068.249016,1002.043,6580.979,18126.287,1.305265941,1,3.125865635,7.419651897,756,294.1689934,0,1623.401,5703.582,2997.716582,1354.883,9885.404,29815.067,1.770097225,1,2.975338694,11.1115304,653,118.9676462,0,797.096,2394.465,2881.419259,1238.785,10349.06,25396.469,1.328953288,1,1.9389798,8.373445528,170,44.84087647,0,486.573,843.381,2756.649882,1153.824,10338.864,27094.338,1.15570637,1,1.483316561,5.94026888,213,361.17077,0,1445.158,6644.66,2831.825859,1349.551,11049.002,18910.941,2.284403578,1,5.006202898,15.73300096
s6-ckpt-long,priority+topology_aware+easy_predicted+preempt,20,0.3078334715,0.03696704541,0.1340216788,0.03419198761,0.03567681007,0.06697594963,2180,1744,0,579.134262,0,3481.265,12834.019,3733.645,1735.695,14656.33,27059.856,1.971035855,1,4.259280936,18.45423303,1.971035855,3975.83507,387,2379.13076,12314.539,0.8195271815,0.2671421435,0.1350844764,0.9658080124,200.0127719,13.57396728,18.40364556,168.0350834,7.571717174e-05,0,120,0,0,0.9330240504,1.94973338,0.9643231899,0.03567681007,953,279166.914,131,116,3430,696,698.038227,0,5026.042,13626.769,5933.853491,3403.172,20280.661,39676.774,1.640104363,1,4.477626721,17.27277554,503,575.1731233,0,3298.957,12314.539,1943.543567,1079.316,8075.05,14237.314,2.811420728,1,5.183719946,63.22378333,346,513.3416474,0,3440.84,10294.057,2984.501324,1829.091,9518.032,18315.645,1.441951375,1,3.517793135,12.76398778,199,287.6746533,0,1569.514,8934.785,1865.703407,778.502,6748.734,16103.016,1.924191418,1,2.844325424,28.52924276,791,870.3360733,0,8071.275,14505.916,3954.763856,1686.098,15396.099,33140.352,2.458156929,1,7.847410558,28.52924276,629,363.2501415,0,2151.087,7013.987,3695.190304,1736.062,14672.396,26904.888,1.475624017,1,2.883264627,10.36180917,174,226.0629483,0,1658.236,5608.964,2891.379511,1647.354,9003.985,27059.856,1.348958918,1,4.753414574,8.233699427,150,358.3668467,0,1559.771,6515.965,3705.892893,1908.857,11788.492,35991.936,2.201320278,1,3.780902727,44.363447
s6-ckpt-none,fifo+first_fit+none,1,2.815819045,0.8499970831,1.028083385,0.04487092254,0.8748898678,0.01797778695,2390,1912,0,13813.77951,13124.207,26704.864,28895.583,17083.17533,15272.731,31413.867,59744.025,24.35976247,10.2251006,97.93523749,231.6320187,24.35976247,51798.53236,435,14065.20417,27649.867,0.7980923536,0.8335295927,0.2414938309,0.9551290775,320.5254733,0,0,320.5253143,0.0001590707071,0,0,0,0,0.9820222131,1.476696238,0.1251101322,0.8748898678,1135,380059.7,0,0,4433,770,13912.76715,13193.078,26642.381,28903.527,16212.69149,15316.221,29602.845,33230.202,23.48147777,8.817645282,96.65020179,259.468583,557,13391.12585,12826.154,26464.502,28521.25,15092.11922,14436.64,28719.38,31638.46,27.71840233,13.43892371,109.4653836,231.2248875,396,13929.13191,13162.651,27894.56,28898.835,21391.38219,16460.443,59744.025,94052.141,24.01096892,9.606426501,101.2604615,161.6224864,189,14414.40414,13538.824,26977.909,29067.834,17470.69325,15633.567,31709.56,39465.387,18.77055119,7.749151142,80.91958856,186.3059648,777,13777.36894,13005.252,27373.653,29067.536,17067.63786,15280.488,31338.53,59744.025,22.81470286,9.372184352,100.3873782,186.3059648,609,13939.87616,13192.322,26724.455,28640.602,16933.25653,15255.513,32182.344,52219.43,25.85090191,11.16989674,101.483137,259.468583,166,12140.7692,12063.834,26282.764,28260.419,16278.89086,13850.077,30964.182,92896.663,24.80975305,9.759627385,84.89478479,302.1278667,360,14450.49579,13785.979,25285.49,28903.527,17741.18751,16062.904,30787.926,72782.536,24.96450959,10.50019954,88.59554916,253.9940784
s6-ckpt-none,fifo+first_fit+none,2,2.913815871,0.7709709504,1.527287301,0.06138844562,0.5421686747,0.0120004999,2330,1864,0,13311.09065,4453.446,39671.879,42550.77,16548.14668,7783.999,43846.019,50594.502,18.36088665,4.210693622,88.8299791,209.6815965,18.36088665,51625.96888,383,13559.90945,40187.044,0.7798469173,0.691949951,0.1909560658,0.9386115544,434.3951,0,0,434.3949647,0.0001352727274,0,0,0,0,0.9879995001,1.362384891,0.4578313253,0.5421686747,1079,341457.908,0,0,4126,748,13520.80665,4416.325,39946.854,42571.492,18183.09892,9130.72,46993.819,58782.878,15.64717639,3.59513973,75.75700299,208.0767439,567,12763.28424,4315.121,39160.519,41938.173,15220.57477,6602.346,42211.492,45534.081,19.87815147,3.901803042,91.50676582,279.4407945,367,13217.8676,4623.712,39416.936,42836.522,14950.13177,6304.9,41939.424,44901.612,21.31747671,5.760052005,96.28482989,207.6532098,182,14343.79138,5052.855,40260.261,43209.368,17186.94053,8279.717,41793.858,48056.105,18.82515898,4.872009353,91.69755969,163.3151653,785,13038.06275,4153.881,40349.347,42980.134,16223.07297,6985.516,44361.453,52472.66,16.83661056,3.975886722,86.42353834,198.6921414,640,12678.50549,4350.981,39899.047,42754.799,15750.48188,7512.803,43926.133,49473.556,19.27199099,3.501210866,86.82088675,224.4199856,139,11486.24955,3288.408,39946.854,41534.549,14390.75548,5235.374,42673.752,45297.525,15.68978019,4.213261038,76.34177477,208.0767439,300,16220.53839,12982.346,35725.121,37323.685,20100.03242,16836.818,41125.082,60261.077,21.64333247,6.471257148,95.86506983,212.8192003
s6-ckpt-none,fifo+first_fit+none,3,2.499762521,0.7485260821,0.685335963,0.04004942098,1,0.02585105453,2270,1816,0,13462.04752,13336.371,17801.867,18723.747,16037.81387,15544.561,23448.954,33546.911,23.92697669,12.44349745,86.24391904,166.3452727,23.92697669,54370.1353,426,13819.2601,18056.89,0.8203156724,0.8499804229,0.2572305485,0.959950579,210.8658422,0,0,210.86572,0.0001221818182,0,0,0,0,0.9741489455,1.579850179,0,1,959,256321.397,0,0,4517,725,13415.18531,13336.371,17745.84,18632.033,17113.71528,16226.281,28427.379,44340.163,18.43383946,8.652498859,62.64872385,125.7099336,543,13430.41596,13290.718,17751.606,18993.79,15065.08916,14888.686,20086.38,24830.445,29.12270457,15.81549612,98.79910706,177.2702036,359,13512.68601,13256.287,17693.09,18511.78,15730.55285,15591.888,21933.898,25302.313,25.2319611,12.00044123,100.7533245,169.3584171,189,13636.5016,13650.635,17943.552,18892.365,15288.96578,15403.317,20654.35,23978.802,27.59234627,16.219711,81.32039328,278.4888741,857,13566.73004,13483.04,17928.741,18892.365,16183.87618,15689.182,23490.446,35593.265,24.80749833,12.42578481,87.44803566,174.1526332,652,13436.00619,13321.963,17853.289,18723.747,15791.91062,15386.65,22915.076,29621.115,24.18869807,12.98184838,86.81160019,148.3683491,161,13489.36104,13623.452,17453.296,18832.421,16503.30024,15634.701,24576.142,44976.461,22.96434317,12.6858671,91.01160091,169.5871349,146,12933.7499,13007.61,17059.679,17342.983,15765.28118,15313.475,23372.939,35725.495,18.65118637,9.371227698,60.83167343,117.5293713
s6-ckpt-none,fifo+first_fit+none,4,2.767344413,0.922695059,0.9116465452,0.05066302596,0.6992031873,0.1831365953,2270,1816,0,10399.91045,10073.169,23680.372,24469.387,12961.92509,12299.36,26673.079,32380.061,20.83101195,5.289590509,106.3113763,226.3529724,20.83101195,48345.72323,411,11012.62864,24084.014,0.8005387192,0.7015797952,0.2279194183,0.949336974,278.7254867,0,0,278.7253458,0.0001408888889,0,0,0,0,0.8168634047,3.137837332,0.3007968127,0.6992031873,1004,296565.75,0,0,4108,698,10883.29519,10699.595,23744.742,24532.554,12787.3122,12368.061,25966.856,31052.697,33.44571394,7.510345422,168.3142416,323.8234667,559,10165.24845,10016.577,23552.969,24645.37,13765.60182,12927.37,28096.013,35972.136,12.06099366,4.165029448,46.60223043,157.5809278,375,9906.56,9516.428,23680.372,24370.613,12327.10172,11170.339,26012.611,31736.243,10.65884251,5.460488108,38.55559716,79.02537346,184,10284.58395,9629.789,23511.857,24352.197,12476.50803,11428.835,25128.367,28727.789,20.35243459,5.235290593,107.8716842,290.795547,812,9623.135005,9459.782,23511.67,24487.892,12331.82615,11428.835,27147.166,31589.468,17.95179747,4.624510916,83.70883784,194.2379649,597,10107.65146,9898.568,23168.872,24339.473,12627.21667,11974.872,26096.326,32096.101,20.48701957,5.230722931,103.137636,273.3205656,137,9576.509708,8952.47,23450.92,24532.554,11832.43665,11076.215,26358.462,32651.871,18.50617465,4.850518763,106.1741756,175.068025,270,13800.00741,16577.737,24152.825,24755.549,16170.0776,18862.525,27288.576,35972.136,31.43022793,9.227353222,129.094312,324.32025
s6-ckpt-none,fifo+first_fit+none,5,0.6821106264,0.08076063469,0.2150251296,0.05514431421,0.2755905512,0.05558999671,2300,1840,0,1577.805231,1139.952,5585.361,6513.17,3784.549696,3136.674,9154.88,14507.883,2.98018707,1.654367659,9.305104801,18.64382512,2.98018707,7766.030957,386,1748.267528,5824.632,0.8180860632,0.614597442,0.2114390225,0.9448556858,253.9679933,0,0,253.9678717,0.0001216161617,0,0,0,0,0.9444100033,1.887531288,0.7244094488,0.2755905512,1016,203714.073,0,0,3991,731,1532.247424,1096.779,5585.361,6529.887,3719.333488,3022.784,9243.115,16007.751,2.950503991,1.654367659,9.170995211,18.32680265,559,1656.620791,1335.017,5593.486,6333.837,3530.78053,2993.076,8738.975,12354.574,2.982815672,1.84767644,8.901072357,16.29994858,378,1552.822685,1025.155,5824.632,6539.206,4239.661376,3620.167,9377.896,13545.928,2.361515864,1.45013786,6.767942626,14.40883456,172,1570.178843,1129.568,5625.087,6721.917,3886.281076,3128.31,9616.547,16602.434,4.45743508,1.646539124,15.06703556,43.78131667,824,1648.363137,1215.957,5844.19,6440.12,3882.363096,3062.35,9587.965,15695.159,2.993226372,1.654367659,9.438943438,18.32680265,586,1626.494469,1089.455,5790.581,6614.289,3766.935816,3265.94,8690.616,12429.502,3.070713533,1.700120343,9.337592361,33.39047719,160,1311.552231,825.115,3654.384,6764.679,3544.395769,2802.911,8868.569,14738.915,2.711746628,1.400404931,9.714014738,15.12411928,270,1414.57883,1093.401,2833.343,3152.968,3666.579774,3150.692,8185.593,13607.486,2.902992914,1.751157348,8.420004951,16.6666224
s6-ckpt-none,fifo+first_fit+none,6,2.919834625,1.071849089,0.8211901457,0.05787685641,0.9557692308,0.01314930323,2270,1816,0,13428.51257,12051.28,21330.732,22300.462,15340.36422,14328.751,23780.699,28381.48,29.09100135,12.72186176,123.4966534,234.4787333,29.09100135,63008.02083,438,13772.46015,21863.081,0.8245896341,0.8810131289,0.257803508,0.9421231436,234.8061889,0,0,234.806049,0.0001398787879,0,0,0,0,0.9868506968,1.317467547,0.04423076923,0.9557692308,1040,183200.842,0,0,4449,732,13439.23411,12226.706,21194.78,22387.79,15499.80592,14439.832,24579.764,29612.418,33.33190848,11.90870038,147.9948437,281.7212282,535,13113.27321,11632.038,21397.116,22175.69,14923.02007,13680.648,23332.689,28205.48,26.68182453,13.32274925,96.64415412,197.6140146,372,13824.18881,12740.604,21301.86,22300.462,15104.02249,14310.3,23089.331,24884.818,26.01459159,14.46091128,95.30764242,173.8103256,177,13505.42397,12247.566,21603.385,22701.842,16439.16034,15407.148,25779.642,47288.69,25.29998447,11.13844506,116.3813794,228.055938,776,13309.87549,11760.825,21401.216,22396.986,15309.19839,13854.947,24213.406,29821.156,29.88581683,12.39824634,126.5503667,267.5582265,660,13379.77184,11852.883,21397.116,22387.79,15174.49576,14424.645,23598.507,27680.79,26.92574555,12.92579464,102.7177193,228.055938,170,13911.87941,12376.226,21218.534,22596.699,15847.45389,15476.52,23133.133,28205.48,29.21487843,12.56638906,120.628039,194.2883407,210,13628.79296,12740.604,21154.013,21322.149,15566.32907,14574.305,23391.155,27820.87,32.85877711,12.58887107,139.8675033,209.5242833
s6-ckpt-none,fifo+first_fit+none,7,3.481406746,1.188618539,1.291364619,0.04123866806,0.898637138,0.06154778202,2450,1960,0,18396.71384,18198.092,33543.696,35921.07,22183.10177,20621.961,39453.685,62179.331,32.59079641,12.09236715,136.9506333,334.0842017,32.59079641,70487.363,434,18544.01694,34374.928,0.8023985597,0.8347074728,0.2292295912,0.9587613319,329.95022,0,0,329.9500756,0.0001443636365,0,0,0,0,0.938452218,2.009945543,0.101362862,0.898637138,1174,418413.65,0,0,4691,777,18464.41553,18255.064,34259.878,36059.711,21775.25142,20497.344,37402.791,52104.628,31.64213657,12.49742043,138.0651553,254.5919063,622,18188.53898,18063.024,33116.943,35912.686,23788.41268,21266.656,49101.987,89000.02,22.79948652,9.388763546,77.64168054,259.204711,365,18701.678,18623.653,34082.802,35842.275,21165.19393,20608.822,38489.591,44930.331,45.82572632,15.97962276,165.1384214,473.8308167,196,18221.04358,17633.875,34265.15,35563.773,20601.12579,20006.678,36895.58,47672.281,42.77729662,11.8455436,240.2977995,588.309,786,18866.9188,18337.459,34489.35,36059.711,22962.30242,21220.957,40302.011,62179.331,32.22330946,12.22428126,135.3265859,334.0842017,633,18701.65873,18889.062,34634.185,36466.35,22583.83078,21140.282,41520.414,64799.9,34.90334552,11.53081386,152.9543607,435.3455833,148,18720.65075,18741.873,34381.041,35291.589,22178.82014,21351.224,37402.791,49101.987,32.70207724,11.75239363,122.48744,254.5919063,393,16843.14162,16310.475,31770.585,32445.362,19980.86391,19231.436,35512.83,58263.589,29.55907021,12.94296425,126.6842974,239.1167167
s6-ckpt-none,fifo+first_fit+none,8,0.5334811571,0.1379668344,0.1823197846,0.03517266094,0.1356725146,0.04234936249,2060,1648,0,1052.103086,160.234,4735.827,6110.449,2574.306576,1638.23,7630.737,13202.824,3.741814701,1.193457057,15.89630713,36.10344924,3.741814701,6613.600162,397,1173.244499,5088.182,0.7181101191,0.4134830619,0.1311836703,0.9648273391,96.00222667,0,0,96.00211382,0.0001128484849,0,0,0,0,0.9576506375,1.790435196,0.8643274854,0.1356725146,855,158093.299,0,0,2973,696,1104.711944,204.653,5180.444,6264.763,2284.461055,1503.54,7325.142,11042.789,4.622315646,1.249257814,20.35864584,44.48596503,505,1012.75004,151.416,4458.742,5801.454,2381.267842,1512.969,6047.474,14322.84,3.341751527,1.20475427,12.95062146,24.52121572,311,972.2095659,123.235,4634.346,5869.201,3215.077084,1976.627,9160.828,15792.415,2.581671571,1.090667558,9.902034983,21.36795965,136,1111.694316,119.57,4945.686,5821.384,3309.140522,2055.419,11138.25,14700.107,3.374224685,1.149760759,17.85832403,27.76584534,793,1006.369748,72.765,4727.715,6238.022,2571.733652,1561.091,7630.737,15792.415,3.768323799,1.10000149,17.13380764,35.49851786,627,1078.101263,85.157,4791.45,5829.262,2590.355305,1587.606,7546.552,11254.226,3.771349978,1.134583291,15.47773664,41.40125463,168,1153.115958,478.3,5264.449,6317.017,2581.267702,1852.025,8043.375,12290.832,3.450984636,1.249257814,17.31515037,36.10344924,60,1102.028367,1018.835,1880.368,1964.437,2421.1117,1900.425,6121.624,9134.713,3.897133321,2.355090423,15.46608884,26.58289003
s6-ckpt-none,fifo+first_fit+none,9,1.437772847,0.340580467,0.5750543345,0.04351567168,0.4209944751,0.05762789825,2150,1720,0,4852.340627,3499.007,14937.259,16419.484,7296.092841,5762.905,17590.146,24888.108,10.13895364,3.637174381,39.24110987,105.142,10.13895364,28459.1482,368,5352.395054,15122.705,0.7779453926,0.6960839484,0.1984555329,0.9564843283,219.4924578,0,0,219.4923422,0.0001155555556,0,0,0,0,0.9423721018,1.830446102,0.5790055249,0.4209944751,905,241476.852,0,0,3963,686,4702.908879,3453.32,14453.761,15867.353,7126.106694,5594.525,16999.213,24888.108,8.685399536,3.602953086,30.53547193,81.74478185,515,5011.267089,3571.426,15001.676,16609.395,7460.227957,5795.759,17514.688,23125.211,9.443139574,3.513801092,38.96873957,90.16746656,356,5009.65411,3507.948,15063.73,17226.579,7772.806601,6125.004,19688.017,27301.816,11.30955034,3.336429663,47.46304034,138.4083346,163,4635.527442,3412.076,13865.565,15862.865,6451.742006,4745.066,15852.101,21808.782,15.89815573,4.54910825,57.86793333,224.9314167,815,4970.092892,3663.554,14953.086,16367.669,7495.238688,6034.175,17590.146,23553.316,10.79848216,3.661296453,39.0237131,125.3448599,622,4825.644174,3340.384,14979.634,16707.342,7300.271257,5589.06,17762.376,28356.286,9.88416865,3.438387972,41.95721188,92.79479709,173,5188.738682,3760.798,15063.73,15801.406,7260.713023,5548.155,17764.272,24695.028,9.771120483,4.069423129,37.30752085,112.8563981,110,3601.7973,3097.294,7335.131,7825.498,5852.618918,4804.845,11076.444,20255.789,7.271641461,3.552196022,27.02429956,58.98215
s6-ckpt-none,fifo+first_fit+none,10,4.877783011,1.916001646,1.885120003,0.05191000841,1,0.02475135352,2360,1888,0,38640.88601,40487.557,48966.722,51442.971,41496.50004,42630.87,53636.768,64490.732,60.2685032,29.63714106,220.7584943,498.6994961,60.2685032,138001.1829,420,39422.0541,49097.82,0.8439322148,0.8472860464,0.243704665,0.9480899916,369.0713556,0,0,369.0712167,0.0001388686869,0,0,0,0,0.9752486465,1.574568029,0,1,1042,359181.774,0,0,4665,749,38785.89972,40297.87,49831.071,51658.199,41514.52328,42373.843,53142.359,63690.026,71.20990632,28.12776297,295.6470062,629.7589884,568,38611.19785,40532.936,48826.94,50242.638,42416.34779,43027.305,56158.332,66389.287,56.40210965,29.03360647,186.4926894,432.7657475,388,38120.84471,40356.355,47745.776,49999.331,40469.11871,42308.692,52185.36,62187.995,45.22504267,28.5785327,169.3805524,286.3878131,183,39242.10804,41179.225,48609.21,51689.788,40745.95923,42697.213,51147.115,54513.01,59.38251025,39.70992488,165.2264676,277.231705,846,38930.10858,40658.001,49579.706,51693.721,41659.60742,42615.204,53436.173,63475.91,60.67323393,29.32124966,220.7584943,428.0475667,647,39378.42449,40773.914,48719.193,50925.551,42306.42874,43391.076,53731.289,65047.968,62.99772442,29.77068509,246.4712491,543.5457013,155,37758.79542,40319.767,50026.186,51689.788,40559.02083,42429.229,52912.17,58927.485,55.36855256,30.72842017,228.9229757,331.8591511,240,36202.77913,39668.56,43589.012,43937.219,39343.56909,41887.77,51474.424,66759.909,54.64885332,28.75555462,177.3512165,520.2954862
s6-ckpt-none,fifo+first_fit+none,11,1.01653629,0.1889454881,0.4311815995,0.0379665051,0.3525498891,0.005892808519,2120,1696,0,3870.836426,2520.035,11200.109,12652.453,6692.435864,5305.971,15350.35,27681.004,5.522321183,2.453711329,21.76998206,43.419491,5.522321183,10384.4795,349,4128.271158,11524.225,0.795728727,0.6963068327,0.2080631545,0.9620334949,192.6302911,0,0,192.6301636,0.0001275151515,0,0,0,0,0.9941071915,1.216725503,0.6474501109,0.3525498891,902,257005.194,0,0,3679,676,3896.192161,2565.802,11214.389,12648.12,7147.334393,5874.749,16774.026,34095.638,5.675846631,2.34360015,23.6829716,53.77270064,499,4065.523743,2613.357,11501.517,12736.653,6230.85912,5086.293,14319.978,18607.594,5.661342981,2.762709399,20.21607947,38.01351561,348,3439.572572,2299.378,10915.283,12492.573,6184.324922,4710.138,14989.749,27681.004,5.451018801,2.293972526,20.39009076,45.64368561,173,4077.717197,2913.809,11146.728,12047.748,7268.378046,5971.85,15712.712,34002.074,4.664853836,2.406896428,19.55404626,32.01369805,794,4162.186615,2896.135,11101.993,12652.453,7058.897286,5644.373,15350.35,31914.878,5.790457216,2.569913958,21.26319051,42.20571403,628,3960.778323,2394.025,11417.371,12676.834,6563.299127,5354.633,15161.477,23626.361,5.536961235,2.548606059,22.0877921,43.60057808,154,3512.372968,2307.573,11471.075,12941.323,7003.301571,5109.018,19361.542,29016.85,5.943611414,1.910897154,24.45263681,69.43505201,120,1932.401525,1356.491,5247.329,5314.231,4544.554058,3602.687,9783.672,17412.306,3.130882367,1.761541214,8.544336349,25.66220954
s6-ckpt-none,fifo+first_fit+none,12,0.8922077331,0.1749044998,0.2855700646,0.03637542234,0.3542234332,0.0411343131,2330,1864,0,2404.050933,1953.404,7417.793,9138.82,4929.65535,3986.859,12208.224,21209.909,5.086079737,1.993319,20.15220295,50.99163333,5.086079737,14634.76589,398,2508.510935,7363.642,0.7748407887,0.6275392203,0.1967115124,0.9636245777,174.5579956,0,0,174.557868,0.0001275151515,0,0,0,0,0.9588656869,1.594865741,0.6457765668,0.3542234332,1101,248697.709,0,0,4111,708,2520.32009,2086.373,8032.248,9193.861,4006.84051,3366.548,10201.237,13398.035,6.463893596,2.833529236,25.26654761,54.8779732,594,2392.365998,1946.085,7105.791,9126.941,6198.464579,4693.675,17762.893,30131.386,4.387856908,1.723611974,17.63743795,49.95380777,380,2287.5388,1846.146,7039.394,8672.362,5063.681182,4439.682,11431.379,14826.66,4.05293902,1.748072212,13.60895338,48.81665832,182,2233.154769,1646.883,7379.208,9243.493,4098.613643,3404.258,9876.299,14669.267,4.162154578,1.853265224,12.95734242,49.81816414,763,2306.023346,1872.987,7114.332,8672.362,4806.187813,3826.826,12174.927,21376.639,4.99397743,1.877810087,19.12656078,52.55276618,646,2194.632176,1658.834,7414.772,8918.114,4671.904974,3725.259,11841.301,19259.867,4.807003467,1.805494327,19.01179664,50.99163333,155,2111.671658,1629.394,7003.471,9138.82,4963.8722,3494.61,13172.674,29684.858,4.103562581,1.676737127,18.63561411,49.40367689,300,3255.378777,2712.389,9126.941,9291.946,5781.018227,4818.301,12684.679,20244,6.428904702,2.917737156,22.41173518,48.81665832
s6-ckpt-none,fifo+first_fit+none,13,0.6045998221,0.09789147844,0.2325034061,0.04078806629,0.1835443038,0.04987256745,2180,1744,0,1513.506224,388.288,6039.366,7961.772,3654.021108,2458.252,9977.187,15040.678,3.304437075,1.250000195,11.27889187,32.23212565,3.304437075,8949.212963,386,1753.764021,6668.341,0.8017548888,0.4465051544,0.1615735504,0.9592119337,174.2610489,0,0,174.2609626,8.630303034e-05,0,0,0,0,0.9501274326,1.655325101,0.8164556962,0.1835443038,948,211460.436,0,0,3508,686,1519.997592,438.848,6018.508,8457.828,3650.54137,2600.859,9788.464,12993.646,2.504092009,1.262769106,7.702086391,16.38108272,529,1623.647675,562.586,6120.41,7569.886,3614.953603,2339.881,10029.939,14555.811,4.004609511,1.400526646,18.24781553,37.57391472,355,1449.938758,290.54,5929.631,7607.676,3347.170794,2117.939,8977.559,18786.729,4.14508636,1.193620995,17.14136667,60.53220747,174,1282.750736,125.868,6034.903,7961.772,4412.559454,3190.899,11643.265,17705.717,2.616017541,1.07230689,8.644012094,20.6994052,796,1458.8113,353.047,6047.813,8251.401,3612.295288,2456.346,9989.498,15678.949,3.061561446,1.202167607,9.586295907,32.23212565,640,1406.152611,261.611,6003.816,7708.267,3444.157231,2386.295,9311.646,13374.535,3.500827943,1.178076874,12.67025503,44.05098863,158,1172.512867,0,7224.382,8183.411,3386.442335,1812.988,9725.895,18464.159,2.749471137,1,12.13642283,25.07149615,150,2620.975707,2195.835,5989.705,6105.866,5052.71498,4396.791,11475.69,21768.312,4.339926831,2.505028761,14.37203475,29.31571409
s6-ckpt-none,fifo+first_fit+none,14,1.485248784,0.3660500673,0.4525742354,0.06076804354,0.476340694,0.1295157438,2180,1744,0,5105.20819,4042.181,11755.791,12644.327,7118.549044,6008.952,14287.957,20925.779,11.50775465,5.312828509,42.17567447,89.43993455,11.50775465,20820.90105,408,5376.030301,11931.846,0.8364049524,0.8097648923,0.2604913521,0.9392319565,257.9931111,0,0,257.9929644,0.0001466666667,0,0,0,0,0.8704842562,2.696395437,0.523659306,0.476340694,951,191120.953,0,0,4056,646,5309.26563,4083.882,11825.61,12664.735,6752.758672,5609.823,13727.346,17539.29,16.28025007,7.85832496,57.4241596,109.9269333,565,4935.035457,4030.961,11605.07,12548.443,7319.962382,6399.319,13996.259,17404.38,7.447424445,3.956979219,29.16844457,49.99739169,363,5007.087309,3951.764,11759.418,12422.783,6656.565755,5749.335,13444.598,16397.748,11.89604592,5.957227626,41.63178435,101.4323008,170,5104.880947,4086.975,12003.192,12963.939,8825.6195,6488.876,21635.136,37107.158,6.03778283,3.494103811,19.85964663,36.3533835,793,5162.469129,3981.984,11682.245,12433.904,7160.853937,6071.579,14362.138,20600.218,11.04224723,5.397120174,39.08903735,82.2323576,638,5229.706223,4067.069,11951.601,12793.515,7210.45285,5982.886,14065.037,21635.136,12.42628675,5.261974314,48.43216747,101.4323008,163,4858.895006,3979.109,11768.195,12695.493,7132.477417,5380.403,15043.845,37107.158,10.52988284,4.820138125,33.43339609,60.34004091,150,4540.617393,4574.565,6729.699,6779.123,6488.864153,6276.155,11622.251,15915.189,11.12453469,5.60586772,44.06722297,96.01251857
s6-ckpt-none,fifo+first_fit+none,15,4.113830768,1.424934225,1.540188706,0.05886557531,0.9854014599,0.1044408016,2360,1888,0,30602.93664,31305.562,40006.998,41755.22,33649.49461,34204.32,45738.228,54525.513,44.46133203,20.91259925,164.1785301,380.2954208,44.46133203,101180.823,412,30611.94334,40089.073,0.8259538066,0.8666493936,0.257752216,0.9411344247,406.7423289,0,0,406.7421966,0.0001322828284,0,0,0,0,0.8955591984,2.209816515,0.01459854015,0.9854014599,1096,367558.817,0,0,4619,778,30864.36283,31696.962,39925.678,41755.22,33392.43772,34096.647,44264.437,53034.17,44.95319608,22.83121065,159.494333,337.8943046,566,30169.49788,30797.592,40014.132,41852.96,34376.11742,34526.56,47612.444,59769.603,31.42615131,13.44858779,112.8616994,302.5298185,364,30702.22286,31657.513,40075.866,41498.264,32836.07339,33401.073,43974.927,57479.944,69.44602817,34.80815733,256.0515115,544.0749,180,30635.13982,30471.449,39713.381,41396.65,34120.64504,34221.104,47250.855,54525.513,32.79918015,18.19360727,115.464586,214.5277035,792,30541.82393,31038.296,40069.164,41430.616,33711.82396,34215.222,45845.897,53305.103,43.58748816,21.07158447,161.3224223,416.3648272,611,30877.19255,31787.355,39738.587,41308.695,33818.22232,34299.925,44755.14,54771.15,45.38813345,21.70130392,167.5448568,372.5759677,155,31593.39119,32708.176,39831.466,41540.494,34198.93315,34089.326,47248.248,59769.603,52.26451253,23.84951973,158.9882766,517.0787787,330,29776.60466,31141.199,40423.189,41920.38,32929.43264,34054.053,45975.261,52436.636,41.17744022,18.0117106,169.7385657,293.0793939
s6-ckpt-none,fifo+first_fit+none,16,2.58731232,0.8448488707,0.9233117803,0.05455475097,0.6837060703,0.08089084739,2150,1720,0,9086.280401,8224.02,23983.381,24815.364,10747.53007,9712.624,25250.555,29368.257,23.92689855,9.094049628,97.3420691,199.6640167,23.92689855,52740.07313,397,9416.524549,24288.979,0.8429035896,0.7852548902,0.234890603,0.945445249,207.1736067,0,0,207.1734668,0.0001398787879,0,0,0,0,0.9191091526,2.378498007,0.3162939297,0.6837060703,939,171149.195,0,0,4119,669,8788.00422,8030.95,23918.492,24960.108,10208.32819,9083.594,24989.83,29786.669,27.32686566,10.23526325,117.2072526,199.6640167,528,9136.324386,8251.821,24025.119,24722.113,11146.10015,10101.833,25552.448,29367.893,20.98178409,7.902228169,91.152393,193.3695833,355,9472.418645,8253.159,24034.133,25006.474,10903.96547,9830.609,25225.364,29104.053,27.70982422,9.575844185,117.4841162,296.0408916,168,9300.83078,8823.91,23718.012,24576.549,11311.49724,10561.294,25484.904,28106.033,11.65013556,7.64811434,42.47170192,71.56219751,781,8734.10679,8145.864,24255.272,25006.474,10434.81465,9262.735,25231.222,28476.745,23.1903203,8.503561209,91.152393,199.6640167,631,9360.353239,8251.821,24020.782,24931.685,11000.13377,9751.558,25437.121,30156.933,24.59953612,8.69654907,98.67942397,235.3890122,158,9333.349266,8240.019,23966.336,24494.797,10983.37082,9725.513,25830.717,28208.153,21.25186941,9.720059446,89.26605677,124.6933951,150,9506.752053,10531.409,19094.231,19172.58,11064.69647,11739.815,21023.358,29670.832,27.75015128,11.88571199,99.65504425,190.0697331
s6-ckpt-none,fifo+first_fit+none,17,3.441314021,0.9195632276,1.414997925,0.05709587012,0.9962997225,0.05335727562,2420,1936,0,22190.66406,23834.497,36755.119,37972.573,25060.02796,26041.533,39814.199,47258.469,30.14319551,14.82113582,105.9505319,249.7629167,30.14319551,69529.31841,452,22310.34829,37091.721,0.8414606695,0.8691563526,0.2611593589,0.9429041299,394.0038111,0,0,394.0036685,0.0001425858586,0,0,0,0,0.9466427244,1.69043098,0.003700277521,0.9962997225,1081,303103.178,0,0,4747,738,22227.33029,24258.775,36527.815,37934.186,25264.96143,26624.888,39202.508,45397.552,25.85383383,13.28624995,92.092744,212.9345048,606,22009.22033,22666.361,37024.365,38104.33,25295.86897,25699.184,41242.731,46336.502,27.32573881,11.5415989,97.07315698,224.2315209,402,22001.77587,23351.65,36722.639,37740.065,24056.10664,24523.326,38456.45,49249.025,43.70412168,23.72631612,141.2767444,318.86425,190,23026.60229,24590.391,37055.769,37477.73,25635.90068,27167.586,40390.61,48377.648,27.09811841,14.03090463,92.63278821,216.8112038,855,22556.99385,24117.91,36959.819,37965.044,25400.4352,26281.739,39809.775,46380.53,30.29074271,15.07440345,114.1057236,263.4162011,645,22550.27372,24027.929,36923.793,38017.446,25384.98949,26177.641,39737.117,48377.648,29.25915959,14.29268336,100.1057093,218.5495055,166,22495.40359,24014.56,36523.627,38619.451,25051.32118,25769.035,38870.466,44370.866,36.68157089,17.13600839,135.1504854,299.3486075,270,19984.1938,14607.812,33185.114,33269.583,23211.12777,17689.162,41444.882,51331.198,27.7679362,14.66508411,86.73766298,249.7629167
s6-ckpt-none,fifo+first_fit+none,18,3.164052689,0.7925952014,1.321132068,0.03805070342,0.9433497537,0.06892496304,2540,2032,0,17179.42446,15198.463,34316.917,37775.98,21251.01382,18157.354,39800.296,60960.991,24.15932735,10.51885055,91.32148902,204.3924366,24.15932735,64244.33267,471,17826.25186,35187.8,0.7864902784,0.9206357628,0.2623310571,0.9619492966,332.9363422,0,0,332.9361981,0.0001441616162,0,0,0,0,0.931075037,2.069018319,0.05665024631,0.9433497537,1218,476334.583,0,0,5008,809,17023.72487,14753.479,35142.169,37568.683,23739.3642,20325.326,47317.766,75087.371,15.75060395,6.123921836,64.57036133,154.6082402,629,17228.85718,15758.304,32515.319,37254.06,19858.80029,17561.637,36651.038,45145.037,32.5882881,14.90703693,128.6277275,258.4544992,400,16802.68679,14550.389,34383.002,37317.988,18186.76203,15989.649,35672.462,38684.161,29.51549877,16.01913382,89.84599562,188.7897929,194,18445.21238,16227.307,35602.541,38462.867,21706.31054,19016.999,38781.942,47485.649,20.85196829,10.38879961,76.05178739,156.822281,814,16422.23549,14605.028,32685.289,36632.353,20113.13003,17478.707,37849.14,55335.135,23.93918793,11.02659723,95.36750481,162.8037634,634,17362.81052,15198.463,35185.026,38462.867,22182.65659,18373.905,42552.98,69143.745,22.68942064,9.90554956,82.14350538,204.3924366,164,17194.37218,15840.904,35171.769,38802.507,20919.63793,18080.984,39278.343,73524.733,24.17331734,10.5596312,94.71480004,188.7897929,420,18364.26644,15888.695,35203.792,37016.544,22179.39842,19210.42,41465.285,50912.378,26.79937491,10.52394187,95.94118271,221.2471482
s6-ckpt-none,fifo+first_fit+none,19,0.7185994725,0.1678483111,0.2264798578,0.03735543328,0.2393822394,0.04753363092,2240,1792,0,1722.993429,962.85,5882.902,8493.087,4397.69978,3070.188,12289.071,27851.136,4.810474063,1.506466211,19.33920073,50.5313014,4.810474063,12367.10695,372,1794.447489,5559.658,0.7767635006,0.5120325962,0.1664056659,0.9626445667,205.8677289,0,0,205.8676322,9.672727278e-05,0,0,0,0,0.9524663691,1.895459686,0.7606177606,0.2393822394,1036,272201.284,0,0,3595,734,1599.677719,970.146,5300.55,8260.069,5531.501797,3585.367,17484.912,42543.581,3.219042328,1.332016523,10.81298528,32.46101171,506,1790.084148,808.882,7123.38,8348.559,3355.090628,2403.871,9247.405,15317.015,5.94579548,1.868234606,22.89125357,50.69493401,365,1762.727951,1049.616,5524.98,8555.184,3931.765641,2844.492,11844.259,24255.929,6.101564961,1.646645486,34.52046325,59.02165,187,1947.927791,1050.743,7057.368,8505.209,3677.996631,2930.815,9225.572,16715.139,5.464966464,2.130165665,22.48934897,50.80026667,756,1665.76677,893.257,5524.98,8237.511,4296.661175,3104.402,11637.798,29987.058,4.523193668,1.436593581,16.83459848,43.75423771,653,1550.950827,748.706,5180.229,8161.907,4331.46192,2900.443,12217.538,27851.136,4.866977928,1.383388255,20.58576721,47.51796667,170,1353.0315,486.573,4828.699,7546.11,4068.937947,2783.976,12527.443,27094.338,3.346546661,1.314108144,9.929760366,32.46101171,213,2748.818315,1971.683,8465.302,9012.567,5221.774991,3860.983,14184.149,19822.415,6.825284456,2.378007216,24.98751628,64.45859594
s6-ckpt-none,fifo+first_fit+none,20,1.565873539,0.3823663532,0.5492658835,0.04242125235,0.4522560336,0.1395640168,2180,1744,0,5177.799647,3211.479,14267.394,15199.695,8264.338217,6303.002,19811.987,33383.04,10.74313424,2.75081073,44.05560955,162.5279197,10.74313424,21139.81825,387,5431.579661,14825.26,0.8065744337,0.6342941763,0.2046195491,0.9575787476,250.2840489,0,0,250.2839345,0.0001144242425,0,0,0,0,0.8604359832,2.591865522,0.5477439664,0.4522560336,953,290213.815,0,0,3818,696,5276.380891,3352.175,14423.571,15356.565,10398.48554,8181.046,25589.956,43623.633,7.237226052,2.015095526,31.20003452,90.25828213,503,5144.561539,2929.654,14407.992,15154.401,6488.225541,4500.988,15828.577,17763.623,16.79946724,4.066067453,75.0172947,191.8466643,346,5173.439728,3208.31,14131.317,14970.833,7601.843254,6287.99,17011.879,22576.542,6.481612222,2.629200734,27.23607868,53.58233038,199,4924.607457,3200.522,14147.344,15462.406,6441.430668,4679.314,16574.901,23575.662,15.10626596,4.739504025,62.32053327,176.2439333,791,5171.040153,3433.628,14134.182,15356.565,8105.759355,6037.667,19320.829,33877.51,10.54507636,2.886405341,42.26551102,131.6678287,629,5379.759866,3679.995,14101.385,15178.994,8705.080787,6693.416,21038.905,33863.018,11.33358839,2.75081073,47.62521248,176.2439333,174,5458.928782,3455.73,14193.178,15889.773,8140.69677,6740.719,17465.327,27147.759,10.40070149,3.088524907,43.76583152,172.2262956,150,4040.448393,1848.519,14956.558,15137.084,7395.82098,3946.55,20174.361,38826.448,9.708810327,1.625299597,56.46346965,141.5944812
s6-ckpt-none,fifo+topology_aware+easy_predicted,1,0.6791479976,0.09062350666,0.2915691282,0.03662064717,0.2422907489,0.01804396669,2390,1912,0,1402.668325,0,7573.621,13960.766,4659.367781,2237.273,14984.431,52205.048,2.953380348,1,10.44148836,28.6557651,2.953380348,6327.947566,435,4246.133018,13720.864,0.8401510607,0.2734027172,0.1387491377,0.9633793528,259.3512222,0,0,259.3511029,0.0001192727273,0,0,0,0,0.9819560333,1.422068482,0.7577092511,0.2422907489,1135,366932.364,175,160,4040,770,1499.833652,23.606,7880.038,14315.128,3795.450847,2444.49,12467.6,17775.658,2.84025444,1.012343164,9.580083333,29.67522909,557,1330.338106,0,7514.648,12546.106,3027.288627,1629.221,10447.561,15433.336,3.327780955,1,14.60662077,31.08402002,396,1205.682924,0,6195.206,13579.525,8633.106846,2347.542,52205.048,86400,2.416310959,1,9.681789343,21.79653973,189,1632.704561,135.25,8247.902,14189.568,4662.983963,3247.257,13614.677,17607.577,3.436159658,1.08720515,11.28183684,53.54461393,777,1219.708618,0,6701.014,13720.864,4500.970344,2197.723,13908.101,54232.419,2.568655382,1,8.165145208,27.02752908,609,1314.286304,0,7779.786,13960.766,4316.178378,2009.388,14721.67,39352.127,2.937118649,1,9.923633856,38.04318973,166,1276.169886,0,8379.056,14487.279,5404.10959,2117.092,16079.393,81318.175,2.681843486,1,9.580083333,29.67522909,360,2005.399114,754.109,7986.924,14204.617,5238.3956,2800.075,15624.865,52205.048,3.936463105,1.475838592,13.45200207,31.07192505
s6-ckpt-none,fifo+topology_aware+easy_predicted,2,1.471068312,0.1766599485,0.9747953247,0.05439089828,0.234476367,0.03074577379,2330,1864,0,3015.879844,0,25320.686,35316.374,6246.017665,2719.724,31659.6,40779.961,4.860491495,1,20.35446281,82.28143017,4.860491495,11947.12945,383,10977.17896,35143.241,0.8244040054,0.2961362631,0.1184318381,0.9456091017,382.03114,0,0,382.0310353,0.0001047272728,0,0,0,0,0.9692542262,1.678898974,0.765523633,0.234476367,1079,311557.752,178,149,3982,748,2888.956574,0,28704.143,34301.887,7538.832016,3505.658,33047.421,45562.071,3.701285686,1,15.76240121,54.33645448,567,3162.58119,0,25320.686,37071.705,5620.49048,2550.84,30383.735,40657.208,5.495280168,1,18.63399313,99.67323707,367,2795.392008,0,21090.541,36137.303,4523.400866,2081.047,21280.663,38441.717,5.571136719,1,20.62705136,105.9293908,182,3525.099511,0,30301.939,35562.861,6355.078896,2510.538,32678.707,36250.585,6.214084741,1,30.29409507,124.946566,785,2925.950609,0,24417.149,34744.068,6104.350619,2710.502,31738.438,39719.565,4.821031099,1,22.02206412,78.75398861,640,2891.481353,0,24374.044,37071.705,5956.217709,2611.709,29660.865,43006.694,4.914750928,1,18.63399313,100.7996965,139,2719.943439,0,28576.031,35700.076,5621.911511,1906.246,30540.459,39218.702,4.548321088,1,16.29764959,90.0437737,300,3653.695327,652.619,29467.778,33018.182,7524.12219,3482.165,31730.196,39677.777,4.992631697,1.265089157,20.99877704,69.38943564
s6-ckpt-none,fifo+topology_aware+easy_predicted,3,0.6099231309,0.1047131829,0.3017615075,0.02953487307,0.1564129301,0.01750063723,2270,1816,0,1407.034731,0,7838.372,10994.041,3972.100571,2308.204,12858.09,22251.727,3.141418952,1,12.06487721,30.60737616,3.141418952,6813.401734,426,3934.381685,10835.478,0.8529122682,0.2181860467,0.1212545998,0.9704651269,153.8204378,0,0,153.8203498,8.795959598e-05,0,0,0,0,0.9824993628,1.429264927,0.8435870699,0.1564129301,959,246768.692,240,209,3997,725,1612.470139,30.062,8227.726,10994.041,5293.321554,3240.272,15710.1,30431.909,3.109963658,1.010857084,12.42277291,31.14738243,543,1057.357094,0,6723.561,10147.807,2685.537941,1402.609,9601.447,12993.574,2.66700216,1,10.24113305,24.0833479,359,1515.417972,0,7839.016,11407.343,3727.254833,2489.729,11280.086,15446.782,3.569556664,1,16.10297935,30.60737616,189,1417.747439,45.447,8310.838,13155.158,3065.317053,1613.683,9881.999,14523.304,3.811852646,1.025718981,12.50994728,83.11899333,857,1423.927641,0,7818.101,11132.157,4025.734453,2398.72,12642.737,25943.258,3.388778843,1,12.70709563,33.99171243,652,1185.863229,0,6989.108,10835.478,3533.321397,1956.012,12092.997,15290.878,2.824757771,1,10.81384496,28.86555478,161,1319.772752,0,7839.016,10936.95,4341.106379,2251.627,14277.735,31280.713,2.364162722,1,9.135137006,21.99935172,146,2391.800308,773.193,9347.411,11271.759,5209.839267,3993.465,13773.366,22938.781,3.960692353,1.414430718,15.44241426,29.45026278
s6-ckpt-none,fifo+topology_aware+easy_predicted,4,0.7937593579,0.09070540916,0.3195140437,0.03439928768,0.2470119522,0.1021286652,2270,1816,0,1316.347195,0,8299.501,11893.62,3868.272559,2384.115,12429.087,18245.21,3.125545471,1,10.45092503,42.16862076,3.125545471,6825.717071,411,4110.548993,11579.648,0.8603739176,0.2987600566,0.1560589586,0.9656007123,186.06206,0,0,186.0619635,9.648484851e-05,0,0,0,0,0.8978713348,2.322985316,0.7529880478,0.2470119522,1004,270819.081,206,180,3979,698,1429.324358,0,8797.884,12498.34,3324.30858,1721.833,12270.843,17182.948,4.403085646,1,17.91026763,61.09077744,559,1182.606762,0,7968.071,12200.979,4768.04025,3117.277,14483.186,22945.519,1.895442737,1,5.552035728,13.71122159,375,1239.235677,0,8321.482,10894.56,3658.362243,2383.368,11092.642,14523.743,2.256596838,1,7.730142244,16.7697728,184,1451.236658,0,8864.023,11579.648,3626.061076,2351.424,11527.312,13526.077,3.78728528,1,13.58868752,58.16839115,812,1070.345049,0,8162.014,10960.152,3763.723099,2075.635,12304.736,17875.303,2.494467246,1,7.565268083,29.49619273,597,1078.669564,0,7552.269,10458.663,3592.42091,2261.675,11681.45,18710.098,2.714527334,1,9.552964879,35.85268762,137,1360.535277,0,8886.935,11198.111,3609.168474,2066.354,12154.848,14943.87,2.73328473,1,10.43400793,26.9508782,270,2559.286159,1339.315,10277.42,12707.477,4924.105363,3508.73,13313.546,19680.447,6.131297578,1.950352891,31.77005796,68.60980223
s6-ckpt-none,fifo+topology_aware+easy_predicted,5,0.2301227701,0.02863262299,0.0841753766,0.03944276774,0.07381889764,0.004053105138,2300,1840,0,369.2305109,0,2186.488,4593.961,2565.655198,1756.552,7446.37,12927.041,1.415692101,1,3.299002771,9.195289423,1.415692101,3395.386811,386,1177.148725,4397.522,0.8175601478,0.2637019581,0.122571411,0.9605572323,178.6849044,0,0,178.6848335,7.098989902e-05,0,0,0,0,0.9959468949,1.1789084,0.9261811024,0.07381889764,1016,198087.562,206,178,3792,731,334.1344774,0,2084.971,4095.247,2512.486438,1617.203,7446.37,14549.981,1.378433644,1,2.945895041,8.50817091,559,408.1991753,0,2275.887,4397.522,2270.849335,1630.125,6277.785,10589.938,1.468098296,1,3.836542365,8.576717982,378,372.0218571,0,2601.866,4809.302,3052.112143,2402.729,8097.31,12766.731,1.337136082,1,3.014109015,7.679568117,172,385.6060233,0,2281.954,5990.838,2680.667506,1734.507,8059.987,14734.819,1.576360959,1,2.929374176,13.03845,824,401.6591468,0,2642.927,5339.136,2624.538532,1725.126,7672.283,13581.694,1.396895637,1,2.867612437,9.474552955,586,344.642814,0,2167.403,4702.842,2474.653196,1748.438,6924.766,10589.938,1.410299734,1,3.299002771,9.195289423,160,246.85665,0,1890.325,2821.73,2474.441994,1680.597,7482.876,14738.915,1.288478364,1,2.811149796,7.101169755,270,396.1453704,99.176,1898.767,4095.247,2637.512307,1877.962,7528.89,10942.616,1.560145473,1.045130962,3.964665255,9.410279261
s6-ckpt-none,fifo+topology_aware+easy_predicted,6,0.5907703378,0.1136443893,0.2355540633,0.04631360304,0.1865384615,0.008719820674,2270,1816,0,1429.581494,340.74,6118.608,10042.675,3333.543205,2198.415,10119.397,16031.357,3.740170631,1.279317933,13.09391582,37.23923854,3.740170631,7627.945511,438,4054.903557,9786.315,0.9290246977,0.3031181797,0.1862182415,0.953686397,185.6159356,0,0,185.6158204,0.0001151919192,0,0,0,0,0.9912801793,1.271447399,0.8134615385,0.1865384615,1040,163982.407,273,248,4251,732,1394.596877,349.123,5741.121,10218.51,3449.821119,2336.479,10391.398,15200.172,4.01261923,1.300888173,13.09391582,43.92954582,535,1474.275908,325.682,6161.046,9567.515,3277.558396,2222.718,9824.646,16032.185,3.666658998,1.266233794,13.89281076,35.8418638,372,1420.5105,340.74,6739.581,10282.945,2695.592879,1735.424,7992.242,12723.425,3.171027732,1.284237484,10.81240465,28.75717212,177,1458.234819,332.985,6625.568,9677.913,4362.661627,2642.571,12297.404,28428.446,4.031794963,1.182261411,13.48115548,71.55928841,776,1358.156305,149.21,6141.923,9786.315,3349.758006,2085.332,10384.034,17351.021,3.617685147,1.100001017,13.48115548,37.62126051,660,1453.908977,414.689,5651.239,8579.524,3238.877038,2254.457,9401.265,12056.225,3.66302842,1.329664868,11.75947172,37.23923854,170,1330.459218,262.969,5929.427,11297.869,3260.393965,2222.718,11613.356,14419.33,3.301486948,1.199747111,13.45454625,36.81088603,210,1697.298614,704.486,8030.139,11512.87,3630.363943,2279.584,11834.354,18059.765,4.790355491,1.596498185,16.04275191,37.40252516
s6-ckpt-none,fifo+topology_aware+easy_predicted,7,0.62095206,0.08349874912,0.2469659817,0.03737931645,0.2282793867,0.024828626,2450,1960,0,1196.008639,0,6415.037,12891.939,4976.442937,2385.949,17122.406,41541.625,2.730263523,1,9.620585751,26.92289228,2.730263523,6077.594388,434,4001.982728,12793.194,0.8500298153,0.3091182209,0.1471561365,0.9626206835,297.87254,0,0,297.8724201,0.000119878788,0,0,0,0,0.975171374,1.493035249,0.7717206133,0.2282793867,1174,408265.74,242,220,4247,777,1172.695247,0,6467.027,13057.15,4477.40643,2267.407,15809.385,33038.59,2.751456324,1,9.611374788,26.92289228,622,1140.340695,0,5878.659,13303.57,6733.567169,2667.864,33816.714,73347.309,2.436745144,1,6.46210205,23.93375643,365,1332.785668,0,6761.36,12390.704,3790.056279,1959.708,13106.313,26233.304,3.421037416,1,17.39665955,34.47347436,196,1210.377781,0,7201.668,12793.194,3587.928776,2210.59,12164.437,20389.606,2.291330642,1,7.832227192,25.87151575,786,1100.774673,0,6382.48,13275.003,5181.909791,2248.532,17889.562,56966.447,2.485135897,1,8.500867094,23.93375643,633,1175.440322,0,6725.765,15025.633,5057.478085,2288.821,18168.643,46157.547,2.687286992,1,9.611374788,43.89667497,148,1238.968669,0,7333.753,13393.464,4694.696426,2393.188,16110.187,33038.59,2.400592237,1,10.13717984,19.48361346,393,1403.427361,660.106,5237.559,11608.119,4541.08998,2632.358,14861.636,41364.961,3.413891535,1.290805661,13.50642947,29.41307334
s6-ckpt-none,fifo+topology_aware+easy_predicted,8,0.1497949615,0.02789403324,0.04804636752,0.02193692995,0.04210526316,0.009812367598,2060,1648,0,180.516091,0,1248.023,3431.592,1697.263829,860.832,5610.542,12334.941,1.416987443,1,3.213903699,9.807096972,1.416987443,2756.425987,397,601.4060101,3340.505,0.7092517748,0.1915593547,0.08879880739,0.9780630701,59.06560667,0,0,59.06554489,6.177777779e-05,0,0,0,0,0.9901876324,1.248686676,0.9578947368,0.04210526316,855,158093.299,133,113,2774,696,196.6667112,0,1295.461,3815.581,1371.84943,720.585,4980.904,9222.564,1.537787469,1,3.864600851,12.23941795,505,158.8613545,0,967.317,3129.684,1524.103741,767.583,4621.278,12334.941,1.278033364,1,2.576920411,5.536869263,311,137.4933859,0,967.78,2892,2367.283395,1228.375,7791.48,15792.415,1.294054595,1,2.363514442,6.745205914,136,276.6548529,0,2237.667,3585.571,2473.426934,1301.075,9994.052,14700.107,1.595863233,1,3.353778779,17.48591449,793,136.7479042,0,914.632,3382.05,1694.434252,781.135,5627.905,15792.415,1.349733659,1,2.37098172,10.82526637,627,190.866008,0,1318.277,3513.406,1699.232649,908.199,5468.613,11139.827,1.393266255,1,3.353778779,8.529414313,168,230.8616964,0,1260.585,3678.252,1655.461577,867.577,5859.484,9222.564,1.441871284,1,3.821386517,11.86835678,60,509.8613,312.221,1466.733,1631.775,1831.13355,1376.993,4626.117,8137.934,2.484069943,1.370875778,7.480613684,16.16391962
s6-ckpt-none,fifo+topology_aware+easy_predicted,9,0.3910942041,0.05558682413,0.1766118813,0.02840023328,0.1060773481,0.02441791734,2150,1720,0,691.4723738,0,4587.562,7068.447,3125.329421,1723.105,10001.411,18986.932,2.0791278,1,6.404620594,17.22353333,2.0791278,5157.60186,368,2371.247106,6973.038,0.8135442542,0.1906123178,0.09832243401,0.9715997667,141.0218067,0,0,141.021736,7.070707073e-05,0,0,0,0,0.9755820827,1.470156031,0.8939226519,0.1060773481,905,222680.988,147,125,3708,686,640.3603192,0,4349.343,6773.751,3044.297794,1759.213,8771.385,21010.431,1.916251593,1,6.27401758,16.78449079,515,704.2467029,0,4874.538,6354.427,3154.142037,1802.224,10406.415,14635.394,2.021610722,1,7.013996017,16.5614656,356,712.0927219,0,4503.324,8328.115,3468.685267,1899.365,12018.212,20923.327,2.138258208,1,6.38163265,20.25432327,163,821.1855399,0,5177.431,7688.7,2625.418485,1283.487,10034.342,17853.309,2.817188837,1,6.276649928,30.25455397,815,645.0471742,0,4553.461,6863.68,3155.024555,1694.47,10323.738,16018.343,2.095250654,1,6.60773905,16.94848412,622,659.2715289,0,4745.964,7757.323,3134.51227,1674.486,10034.342,21010.431,1.97751115,1,6.596016003,16.95786724,173,630.0148266,0,4295.023,6612.997,2680.181006,1443.844,9622.855,14618.811,1.637514046,1,4.860196034,9.183144891,110,1314.178,541.835,5018.425,5937.74,3553.487691,2836.44,8298.59,18986.932,3.228806081,1.328543315,11.91877678,24.03863108
s6-ckpt-none,fifo+topology_aware+easy_predicted,10,1.767750158,0.281940705,0.9430603983,0.03941234967,0.5009596929,0.002377012411,2360,1888,0,6381.209873,3671.097,24496.359,32759.759,9225.406167,5936.166,29020.665,40893.481,8.552309729,2.963231776,32.48473489,82.66242789,8.552309729,19165.13745,420,18302.65385,32590.253,0.9577097157,0.1211591734,0.1197908517,0.9605876503,276.5694022,0,0,276.5692962,0.000105979798,0,0,0,0,0.9976229876,1.122747637,0.4990403071,0.5009596929,1042,305772.961,218,194,4668,749,6176.425191,3384.391,24617.567,32428.919,8895.286677,5839.411,28467.267,37591.91,9.063648317,2.888289713,33.90015081,104.3305938,568,6396.00494,3868.121,23800.474,33697.112,10197.50187,6788.632,32793.394,45755.259,8.072738717,2.795529371,31.32129392,69.12690685,388,6952.992335,3804.487,25856.007,32853.72,9277.323515,5671.751,29020.665,37690.951,8.160550517,3.024736132,31.38838561,71.43524686,183,5961.147219,3548.056,23080.357,35123.301,7449.259749,4885.194,23913.892,36560.071,8.778573698,3.677346277,36.52515869,60.87298985,846,6207.252079,2849.595,24179.189,31956.135,8921.59735,5555.966,27116.422,37738.188,8.027983183,2.77384457,30.26230588,65.79042715,647,6285.584433,3237.983,25248.067,31418.152,9208.07217,5671.751,29766.194,41035.516,8.611316196,2.585900786,34.62494361,88.33049359,155,5434.122271,2477.839,23704.29,27971.218,8235.196032,5092.246,28733.445,37611.604,6.614024923,2.602141522,22.69071978,51.39359987,240,7863.862092,4882.492,31464.521,35405.508,10982.57253,7662.507,33938.553,44140.629,11.49329814,4.681000295,41.80796411,118.9382675
s6-ckpt-none,fifo+topology_aware+easy_predicted,11,0.2513599498,0.03321829001,0.1067288036,0.02845948977,0.07871396896,0.004239397382,2120,1696,0,427.0798213,0,2772.322,5288.995,3242.550348,1813.434,10349.774,24400.136,1.440799938,1,3.82735563,8.00413902,1.440799938,2940.793466,349,1364.284278,5102.394,0.7874007764,0.1910405501,0.1087819004,0.9715405102,142.9816644,0,0,142.981571,9.341414144e-05,0,0,0,0,0.9957606026,1.19165785,0.921286031,0.07871396896,902,257005.194,150,132,3169,676,428.2232056,0,2674.069,5009.478,3668.213425,2032.425,12927.831,28939.796,1.391643212,1,3.412652683,6.585431833,499,442.9389319,0,3091.988,5823.518,2602.691058,1674.571,7421.877,14066.736,1.448185381,1,4.130373574,7.383451204,348,413.3944368,0,2635.331,4697.403,3153.182063,1533.389,10932.102,26474.038,1.581994131,1,4.010438803,10.30182439,173,404.397104,0,2412.989,5033.714,3604.64115,2055.155,12987.225,27110.03,1.327557345,1,2.816797262,6.026008444,794,469.3966751,0,3091.988,5407.554,3357.883845,1892.215,10552.681,25830.226,1.482865712,1,4.130373574,8.836386231,628,344.8063041,0,2403.39,4963.1,2943.269404,1637.913,9754.588,17801.209,1.397619933,1,3.438258732,7.523631085,154,268.3325974,0,2144.959,4355.551,3753.672513,1951.638,14633.466,26474.038,1.173633944,1,2.015336999,5.375964825,120,781.37365,426.141,2412.989,3461.583,3389.723867,2613.035,9336.276,17822.001,1.731303116,1.177610083,4.232751166,6.107820158
s6-ckpt-none,fifo+topology_aware+easy_predicted,12,0.297036498,0.03709730342,0.09586421103,0.02405241459,0.1344232516,0.005599317349,2330,1864,0,425.1993798,0,2490.11,3844.643,2943.528734,1766.435,9082.635,20139.327,1.659244806,1,4.274289045,12.11949222,1.659244806,3963.736525,398,1234.079437,3805.058,0.7947194524,0.2763402285,0.1239099401,0.9759475854,113.9650689,0,0,113.9649798,8.913131314e-05,0,0,0,0,0.9944006827,1.203314798,0.8655767484,0.1344232516,1101,238480.284,204,181,3889,708,408.9788658,0,2297.08,3874.572,1887.330685,1194.672,5682.023,10005.906,1.768717938,1,4.904373706,11.95370351,594,422.5860118,0,2379.05,3723.642,4220.876315,2367.311,15591.383,28479.054,1.599700844,1,3.639428211,14.56046697,380,411.67815,0,2696.918,3608.262,3182.070505,2423.132,8506.997,12120.882,1.486398702,1,3.368156444,7.205629109,182,525.0594451,0,3076.642,4468.076,2385.275346,1644.319,6522.508,12484.475,1.788605554,1,5.082417315,21.56957994,763,416.4435767,0,2818.822,3805.058,2904.86899,1702.489,10136.249,20139.327,1.582412862,1,3.550135432,9.822092046,646,330.3347755,0,2273.918,4022.708,2809.302249,1668.818,8757.637,15618.413,1.563482655,1,3.874469857,11.95370351,155,362.1856194,0,2496.697,3797.055,3203.962897,1570.678,9261.454,28479.054,1.661739849,1,3.386754643,19.52176543,300,684.30053,277.126,2208.601,3197.606,3196.330067,2233.249,8780.129,18651.302,2.059572777,1.196625622,5.060764765,16.18124146
s6-ckpt-none,fifo+topology_aware+easy_predicted,13,0.1905680656,0.02458131356,0.0632986137,0.02758953602,0.0664556962,0.008642906104,2180,1744,0,277.6206451,0,1644.206,3948.224,2409.96337,1560.762,7488.909,12999.49,1.384886333,1,2.832217697,8.467544882,1.384886333,2979.37413,386,837.5148005,3617.807,0.8174601205,0.1970090162,0.1083275796,0.972410464,116.2723778,0,0,116.2723223,5.547474751e-05,0,0,0,0,0.9913570939,1.246432778,0.9335443038,0.0664556962,948,203916.046,182,169,3341,686,277.6094242,0,1658.948,3942.415,2401.664016,1664.834,6987.08,11565.637,1.244517152,1,2.325005307,4.775056312,529,297.0760189,0,1710.592,4351.54,2284.463025,1314.157,7148.175,13887.83,1.487932438,1,3.733063682,10.14344028,355,274.5646479,0,1622.312,4322.751,2161.260932,1513.949,5872.791,14328.07,1.551206972,1,2.880506588,14.36505031,174,224.7510115,0,1165.547,4514.979,3331.643856,2317.683,11136.956,17584.985,1.285679672,1,2.694227624,10.2415353,796,254.0961319,0,1604.086,3734.952,2396.057421,1583.392,7003.266,13516.357,1.377670292,1,2.694227624,10.15463631,640,257.2108406,0,1542.841,4504.34,2287.771063,1549.029,7265.725,11413.256,1.355778746,1,2.585934801,9.811765535,158,243.9175759,0,1644.206,4322.751,2455.778892,1428.752,8595.196,17915.887,1.368288384,1,3.655759505,6.643636284,150,525.0397933,227.811,2367.245,3038.796,2956.852433,1859.768,9503.63,17704.069,1.564855,1.179035415,3.519282845,5.167489725
s6-ckpt-none,fifo+topology_aware+easy_predicted,14,0.3366868675,0.05819939027,0.1259688633,0.04459866302,0.08307045216,0.02484949869,2180,1744,0,564.0343085,0,3272.09,6367.36,2566.319581,1474.17,8792.665,15756.096,2.047175935,1,6.70563608,21.18834313,2.047175935,4062.000138,408,1788.364488,6301.923,0.8317247899,0.3344998359,0.1660612348,0.955401337,186.1408578,0,0,186.1407523,0.0001054949495,0,0,0,0,0.9751505013,1.541446569,0.9169295478,0.08307045216,951,191120.953,213,179,3555,646,569.3944892,0,3389.012,6212.306,2005.677844,1039.272,7375.382,12200.893,2.413226238,1,9.027700522,27.01203829,565,629.0182442,0,3725.212,6638.207,2998.204846,2058.123,9027.068,13795.928,1.804581825,1,5.184323126,16.47122771,363,457.0704848,0,2641.652,6347.327,2097.106628,1271.52,6674.33,10886.357,1.998889378,1,5.623306576,21.08129095,170,556.0888235,0,2539.722,6822.907,4263.282465,2187.446,16575.631,31756.379,1.565559447,1,3.666613314,9.253067871,793,596.3070378,0,3460.495,6675.655,2581.078455,1447.705,8643.239,15980.723,1.959559564,1,6.854875563,19.19415409,638,555.1930298,0,3389.012,6237.842,2524.674439,1432.147,9377.456,15532.184,2.113579014,1,6.730016667,26.50157256,163,455.5835031,0,3284.044,5473.245,2727.844663,1559.464,9693.305,25809.39,1.909678672,1,4.450246183,27.01203829,150,548.8739267,165.043,2125.859,4012.244,2489.901087,1650.675,7610.828,11094.156,2.377353751,1.101714226,7.48107019,22.67756404
s6-ckpt-none,fifo+topology_aware+easy_predicted,15,1.47254379,0.2209151816,0.6497806123,0.05361810555,0.4817518248,0.06647806587,2360,1888,0,4818.121841,2644.813,16878.303,24831.941,7859.061319,5543.828,22699.426,34703.092,6.608398634,2.276025427,25.4534765,55.04388303,6.608398634,13629.16402,412,11958.42474,24416.202,0.9454469033,0.190910373,0.1780924632,0.9463818944,368.42974,0,0,368.4296501,8.993939405e-05,0,0,0,0,0.9335219341,1.917078009,0.5182481752,0.4817518248,1096,321982.102,218,177,4658,778,4854.416041,2704.834,16514.013,24416.202,7372.479824,5214.228,21111.904,31464.585,6.597055513,2.429012203,26.59737946,55.04388303,566,5063.863542,2825.951,18385.469,27886.632,9264.443341,6820.014,24668.457,41343.055,5.361324437,2.008109374,18.62770406,41.34648501,364,4422.405005,2436.187,15818.185,24383.706,6562.233124,4004.48,20568.732,31196.878,9.41189057,2.836368617,35.56663752,90.954,180,4688.756494,2532.702,16396.59,25048.106,8165.503778,5797.543,22887.009,28899.273,4.909497959,2.223147755,18.79456671,28.3997091,792,4579.452015,2412.088,16514.013,24383.706,7746.822412,5478.997,22622.069,34556.717,6.187336003,2.110456456,24.61981201,59.52870603,611,4559.610139,1983.737,16965.059,25031.294,7492.053358,4562.608,23428.252,35225.086,6.335912592,1.941710044,25.05642402,47.6174414,155,4902.054406,2801.122,17686.538,19797.584,7500.443142,4993.093,20640.966,39568.624,7.669901218,2.521431116,26.26796978,51.26473362,330,5830.144885,3929.472,16625.995,29537.259,8976.39737,7091.15,22699.426,31196.878,7.624876435,3.146674015,28.92597037,61.07532653
s6-ckpt-none,fifo+topology_aware+easy_predicted,16,0.5775498137,0.1214833439,0.2350082389,0.04294656187,0.1416400426,0.03647162653,2150,1720,0,1303.58642,125.207,6104.43,16718.26,2958.821356,1439.087,10727.974,20436.34,3.772306608,1.100529503,13.99710701,44.43894944,3.772306608,8022.997582,397,4501.438907,16549.491,0.9246677318,0.293552989,0.1852476079,0.9570534381,161.1129489,0,0,161.1128427,0.0001061818182,0,0,0,0,0.9635283735,1.774857202,0.8583599574,0.1416400426,939,161332.871,193,168,4081,669,1218.204433,98.989,5631.494,18106.851,2635.325976,1220.979,10640.044,22799.444,3.732755677,1.097589556,15.01700482,37.64188138,528,1200.119934,148.441,5171.902,12038.99,3196.995773,1736.278,10520.208,17769.789,3.682007478,1.111151342,11.23931874,32.41407514,355,1553.296763,118.264,9984.209,17056.559,2979.276285,1447.074,12436.405,19255.55,4.552493763,1.079613105,17.94464232,69.53250278,168,1441.108339,143.665,6995.131,18711.651,3455.254798,2072.48,9961.57,21234.632,2.564991571,1.088553744,10.10195797,17.59686658,781,1219.557469,52.707,5777.444,16150.367,2910.99021,1398.463,11197.771,19437.47,3.489374745,1.058263029,12.15291539,37.64188138,631,1224.767288,142.175,5471.643,17056.559,2863.876456,1414.347,9567.907,20281,3.659065586,1.09861897,12.702278,66.85376667,158,1656.123272,57.681,7489.207,18286.175,3305.85743,1438.361,14642.947,22799.444,3.5595395,1.045897912,16.45846581,34.61153592,150,1701.32416,355.141,7093.832,12038.99,3241.719073,1816.832,12094.591,20436.34,5.945920426,1.769607478,28.42411949,92.80081406
s6-ckpt-none,fifo+topology_aware+easy_predicted,17,1.106882641,0.1519918171,0.5034742658,0.04897673973,0.3691026827,0.0333371358,2420,1936,0,3165.92907,740.234,13077.939,17632.073,6028.533219,3807.466,17648.47,27147.535,4.488329226,1.413259651,17.51224211,41.50930306,4.488329226,10698.18134,452,9343.534858,17426.076,0.9343065365,0.2050780478,0.1488055197,0.9510232603,335.0904089,0,0,335.0902884,0.0001204848485,0,0,0,0,0.9666628642,1.566301113,0.6308973173,0.3691026827,1081,267541.352,244,220,4750,738,3159.516561,773.55,12820.296,16771.511,6179.210205,4205.609,16940.934,27283.86,3.890991279,1.363900465,14.85567362,34.22179101,606,3190.738663,721.445,13991.751,17663.549,6477.902726,4112.555,19229.974,26300.076,4.194037121,1.299317548,15.56551572,32.77561667,402,3242.481246,939.702,11885.54,16310.438,5292.529286,2687.663,16099.466,25551.736,6.09446397,1.783799335,24.85467103,42.14177942,190,2949.738774,408.003,13637.183,23362.854,5567.249242,3125.403,17321.246,27792.188,4.348909513,1.240921296,15.89417696,49.05029782,855,2970.118556,482.145,12924.98,17852.819,5805.053425,3682.848,17061.078,27049.703,4.336591612,1.249132046,17.10121192,42.16730221,645,3404.612594,726.443,14506.848,19097.109,6228.284299,3705.943,18742.518,28029.187,4.241791814,1.380155136,18.8446235,35.64021667,166,2705.950145,479.682,11844.366,19203.506,5262.121723,3411.19,15312.543,24038.082,5.403616941,1.360911041,15.82562419,59.98416822,270,3498.609141,1613.39,11396.558,13238.74,6730.237241,4650.951,16947.086,34718.032,4.99504971,1.957396972,17.95571721,28.66916322
s6-ckpt-none,fifo+topology_aware+easy_predicted,18,0.8218402967,0.09873606175,0.3509425646,0.02905356598,0.2840722496,0.0590358548,2540,2032,0,1696.701385,0,9115.869,15557.801,5760.018187,2931.016,20096.637,39079.836,3.327121089,1.007560828,11.37620334,39.33428695,3.327121089,8276.97874,471,5142.483293,14814.729,0.8584463866,0.2897628945,0.1438881373,0.970946434,251.8574889,0,0,251.8573694,0.0001194747475,0,0,0,0,0.9409641452,2.036982133,0.7159277504,0.2840722496,1218,441781.656,227,191,4617,809,1578.175818,0,8246.315,14591.518,8283.461977,4434.125,25771.115,52110.989,2.240507092,1,6.484645455,21.76169183,629,1799.582057,98.841,9710.551,17399.519,4418.617911,2342.598,13866.736,26814.646,4.563872915,1.043656122,17.09813001,48.29151296,400,1601.869688,0,9063.524,11860.373,2981.573665,1771.328,10149.499,14577.576,3.701162583,1,13.78174613,39.02944151,194,2052.927773,111.816,9916.289,14814.729,5314.928268,3498.914,17390.555,23155.387,3.077312981,1.064776791,14.3164069,24.7661932,814,1365.466743,0,8085.777,14814.729,5038.935737,2390.118,18957.153,35152.969,2.928293291,1,9.048632557,30.81361925,634,1535.706047,0,8510.618,17051.964,6351.007295,3086.767,21589.496,45192.477,2.680043266,1,9.786712718,27.79688058,164,1386.771518,0,8034.431,17362.875,5118.35475,2666.82,16973.858,48623.797,2.88720404,1,11.37620334,39.02944151,420,2702.712195,1152.035,10315.318,17292.179,6515.986812,3942.224,20872.078,31419.373,5.248643858,1.586453509,21.76169183,58.20916366
s6-ckpt-none,fifo+topology_aware+easy_predicted,19,0.1785248018,0.02582348576,0.04219944795,0.01471446113,0.05598455598,0.03980285103,2240,1792,0,229.8265391,0,1096.147,4300.21,2887.778107,1288.164,10307.948,25431.954,1.574065722,1,2.975338694,12.55143968,1.574065722,3791.172419,372,895.7867608,4159.024,0.7732199381,0.2356740479,0.1046643414,0.9852855389,79.22873333,0,0,79.22868101,5.232323235e-05,0,0,0,0,0.960197149,1.622065088,0.944015444,0.05598455598,1036,260959.56,162,145,3452,734,226.6894387,0,1238.234,4037.07,4128.076293,1937.396,14508.574,42543.581,1.283880137,1,1.972466077,8.033981637,506,249.3764723,0,1164.849,4300.21,1802.099543,780.302,6975.626,13578.108,1.721887545,1,3.896043864,14.77431667,365,224.4901068,0,930.528,5769.714,2390.253068,1204.353,7817.09,20601.008,2.082537148,1,2.510958084,33.1948,187,199.6562888,0,893.072,5438.644,1928.265401,1030.059,7259.356,16715.139,1.320623512,1,3.243679775,9.127042709,756,192.3492447,0,1129.61,4159.024,2817.594978,1270.44,9252.663,22857.645,1.428251705,1,2.454437811,12.63915746,653,158.04851,0,893.072,3065.942,2903.765178,1238.785,10422.386,25431.954,1.403022995,1,2.315527814,9.708350452,170,99.24958824,0,628.09,1742.038,2812.435971,1183.745,10698.925,27094.338,1.279205684,1,2.296786789,9.272064477,213,687.1127793,18.38,3005.776,9397.433,3147.999009,1514.592,11557.676,19545.541,2.851307529,1.011523696,6.003807596,41.84303881
s6-ckpt-none,fifo+topology_aware+easy_predicted,20,0.4125267558,0.05065342736,0.2014597111,0.03509795259,0.1028331584,0.02248250635,2180,1744,0,729.8914977,0,5232.994,10865.078,3809.341609,1856.478,14442.141,25587.693,2.035650894,1,5.836202896,21.83503509,2.035650894,4088.616281,387,2883.196067,10853.783,0.8184779784,0.3308395142,0.1312014407,0.9649020474,205.5051644,0,0,205.5050728,9.163636367e-05,0,0,0,0,0.9775174937,1.52058195,0.8971668416,0.1028331584,953,279166.914,160,134,3541,696,931.559556,0,7291.41,12917.089,6043.482885,3530.935,19480.517,39676.774,1.917424011,1,5.890493171,22.9815952,503,627.8378131,0,3611.353,10696.645,1970.125696,1202.73,7238.014,14417.438,2.444015149,1,6.664060859,37.6558,346,664.9537688,0,3886.561,10656.773,3080.404055,1897.671,10678.784,16274.419,1.607289334,1,4.297296496,13.4769931,199,395.421593,0,2710.841,8317.256,1911.73191,899.331,7342.224,15659.987,2.161740295,1,4.744077996,37.60494524,791,724.8029646,0,5769.354,10854.077,3657.892929,1727.86,13689.294,23984.169,1.963325671,1,6.161444278,17.97035453,629,757.4093148,0,5697.828,13552.871,4071.526577,1897.434,16391.237,26904.888,1.95172622,1,5.411122354,18.35778365,174,662.3983736,0,3614.615,10696.645,3327.790138,1926.446,12586.705,26503.318,2.091813316,1,5.382960784,28.33645896,150,719.6256733,278.525,3429.978,11519.82,4067.15172,2005.594,14084.377,36001.197,2.703821632,1.068447685,6.523448538,28.76910637
s6-ckpt-none,priority+topology_aware+easy_predicted,1,0.6537380105,0.08218108113,0.325565041,0.04006751066,0.1955947137,0.01032966399,2390,1912,0,1254.9921,0,8456.678,14553.83,4514.696591,1909.273,15300.034,50486.467,2.74783298,1,9.468766256,33.79515096,2.74783298,5918.215112,435,4329.374809,14183.582,0.8456975195,0.3461940821,0.1567410854,0.9599324893,284.7811822,0,0,284.781056,0.0001262626263,0,0,0,0,0.989670336,1.311065387,0.8044052863,0.1955947137,1135,367845.735,216,178,4129,770,1394.417451,0,10142.54,15725.906,3690.173284,2094.582,13401.907,18584.523,2.620540034,1,8.413006063,34.64343322,557,1241.972774,0,9274.592,13779.165,2942.340454,1345.848,11694.786,16218.054,3.1789376,1,12.01248652,41.0989247,396,972.8021843,0,6076.799,12725.192,8404.83397,2086.94,50486.467,86400,2.424697983,1,8.348153547,29.22263437,189,1316.587085,0,7490.636,12180.808,4356.97655,2665.653,13431.893,17891.232,2.672974537,1,9.016417644,44.30667173,777,1544.574095,0,11604.527,16089.848,4831.030731,1999.658,16548.395,54203.464,3.031645979,1,11.91498737,41.0989247,609,1210.341539,0,9221.924,12857.933,4214.721404,1613.435,14721.67,39352.127,2.681434751,1,9.173764971,33.79515096,166,556.7143133,0,3831.835,7490.636,4688.981771,1551.97,13667.759,81318.175,1.691687656,1,5.793517034,12.08170791,360,1027.495142,487.475,4835.695,6621.219,4259.035264,2134.549,11123.084,50486.467,2.734593939,1.22814196,8.626118423,21.47106115
s6-ckpt-none,priority+topology_aware+easy_predicted,2,1.326371355,0.1823615875,0.8482766717,0.05268742069,0.2057460612,0.03729961376,2330,1864,0,2724.440822,0,22034.315,32719,5953.654506,2598.864,26695.518,37345.821,4.522424495,1,21.01139608,65.79463549,4.522424495,12988.63492,383,9693.627966,32458.258,0.8306780294,0.2813788459,0.1204449177,0.9473125793,369.4007822,0,0,369.400686,9.620202026e-05,0,0,0,0,0.9627003862,1.770632603,0.7942539388,0.2057460612,1079,306756.287,195,168,3969,748,2534.638297,0,19272.446,34120.263,7188.682207,3336.47,28092.181,42165.664,3.276948223,1,14.92403643,42.0499842,567,2724.250748,0,23199.261,32719,5179.201944,2385.475,26905.723,33846.552,5.248162803,1,21.26696326,113.0097463,367,2767.287052,0,25151.48,31026.542,4495.571907,1796.738,26649.671,35644.047,5.304959919,1,24.29190671,92.95905762,182,3418.70178,0,22518.972,33359.76,6230.743495,2513.814,24597.732,40022.455,5.802271362,1,36.35665885,59.40086057,785,3280.161153,0,25147.193,36936.5,6456.6124,2861.608,28793.29,42165.664,5.357747511,1,29.78681259,87.2975956,640,2373.096575,0,22927.984,30344.187,5440.997488,2244.876,26834.686,36445.015,4.042352545,1,14.93853689,73.06230161,139,1644.723827,0,16402.64,26617.884,4546.907748,1873.455,22827.295,29938.471,3.135053493,1,13.53437226,65.61654608,300,2520.109223,360.56,17181.32,22540.393,6383.04232,3237.066,23805.149,30468.498,4.003631326,1.181899248,14.14385556,57.07586094
s6-ckpt-none,priority+topology_aware+easy_predicted,3,0.7204480388,0.1316055736,0.3901726246,0.03003959089,0.1511991658,0.01743108384,2270,1816,0,1611.379394,0,10134.885,15428.769,4178.089069,2109.087,14615.765,24852.792,3.615692302,1,15.16337334,41.97872545,3.615692302,7666.400115,426,5309.247594,15001.905,0.8589203051,0.3083752075,0.1320630858,0.9699604091,156.5304644,0,0,156.5303721,9.232323233e-05,0,0,0,0,0.9825689162,1.424357447,0.8488008342,0.1511991658,959,250553.104,206,181,4091,725,1664.787415,0,10296.182,14491.629,5342.974046,2979.664,17199.674,30617.045,3.200381178,1,13.82675069,35.86465443,543,1336.525586,0,9185.03,15208.484,2969.162726,1376.55,11508.829,18490.448,3.558316301,1,16.39420791,46.88023658,359,1952.057134,0,11285.172,16440.148,4173.299284,2289.147,14949.078,20965.696,4.044849904,1,17.14531441,44.54223508,189,1549.059254,0,9657.973,17369.053,3191.977587,1460.251,10718.197,19338.504,4.558486764,1,15.28452538,140.3687119,857,2037.111603,0,11753.828,16403.488,4640.75402,2421.006,16511.514,27500.979,4.44501478,1,21.17345531,52.87296667,652,1275.495626,0,9869.817,12828.536,3627.02538,1736.114,13636.547,19216.017,3.122599742,1,11.4153681,35.86465443,161,669.6750807,0,4494.893,10100.563,3681.97354,1639.305,11894.199,30617.045,1.689442552,1,5.175547509,14.35493318,146,1650.818486,432.203,7969.504,9352.789,4470.310048,3094.962,13826.726,22893.051,3.073864865,1.254770962,11.88203792,18.53873184
s6-ckpt-none,priority+topology_aware+easy_predicted,4,0.7663077084,0.09524102752,0.3581156627,0.04326647973,0.1932270916,0.07645744684,2270,1816,0,1453.657571,0,9302.193,16898.135,4008.18747,2232.828,14504.631,22466.731,3.024176768,1,10.97351136,37.88780612,3.024176768,6778.463335,411,5217.17337,16776.567,0.8569070211,0.2220324814,0.1398785502,0.9567335203,236.1927289,0,0,236.1926172,0.0001116767677,0,0,0,0,0.9235425532,2.090252524,0.8067729084,0.1932270916,1004,271178.824,200,178,4028,698,1457.213765,0,9005.64,17449.128,3349.125543,1516.296,13500.318,20626.881,4.167352732,1,16.72696243,62.74881177,559,1443.207751,0,10378.518,16447.839,5038.426436,2992.664,17509.769,25388.692,1.993707786,1,5.780920856,18.47210303,375,1401.992645,0,9302.193,15888.765,3818.367,2327.376,12282.051,18120.382,2.337737713,1,9.578919118,22.16944535,184,1577.209598,0,9025.86,18498.988,3765.276158,2211.151,12172.283,19464.425,3.217165814,1,16.48337544,34.90834911,812,1783.409777,0,13280.958,17836.524,4488.958831,2213.74,17893.03,24865.182,3.096608158,1,11.18858908,40.38146213,597,1142.840042,0,7434.28,14034.731,3648.101972,2061.182,13385.698,19733.371,2.731956756,1,9.158692401,37.88780612,137,814.4715693,0,6007.01,9081.503,3066.429905,1641.403,10702.024,12195.574,1.978176775,1,7.678437904,16.72696243,270,1473.538148,610.278,8012.354,9186.287,3836.355926,2597.38,10753.399,17509.769,3.983225131,1.454349644,17.37488508,48.13773333
s6-ckpt-none,priority+topology_aware+easy_predicted,5,0.1865319309,0.02653006081,0.08513459233,0.04308142718,0.02755905512,0.004226795455,2300,1840,0,368.4027033,0,2211.404,5989.757,2566.850606,1694.849,8059.987,13054.056,1.401981817,1,3.056749085,8.615291763,1.401981817,3301.36898,386,1374.606741,5969.29,0.8203505955,0.2957886092,0.1267637985,0.9569185728,195.9110022,0,0,195.910912,9.018181822e-05,0,0,0,0,0.9957732045,1.187844658,0.9724409449,0.02755905512,1016,199424.428,243,209,3861,731,323.6645923,0,1891.325,5516.969,2504.440694,1565.213,7638.788,14738.915,1.370850065,1,2.994672691,6.979134877,559,431.3213578,0,2862.047,6378.287,2295.528612,1510.415,7895.884,10959.377,1.460955459,1,3.399613113,9.028177814,378,338.8204524,0,2329.906,5964.317,3018.045897,2356.889,8181.944,13295.068,1.306661373,1,2.662755426,8.409699784,172,419.0662035,0,2491.319,7649.129,2722.308866,1593.685,9036.674,15102.167,1.552110732,1,3.056749085,18.52705,824,585.2533143,0,4388.685,7320.649,2811.619254,1767.144,8811.513,13621.894,1.612357343,1,4.864263219,11.35870458,586,220.0392372,0,1479.922,3566.341,2348.585717,1630.125,6656.713,10223.758,1.230462896,1,2.222780107,4.570389272,160,70.70719375,0,368.077,1665.942,2298.816994,1458.374,6880.407,14738.915,1.075548666,1,1.286542143,2.332279309,270,205.0225889,110.825,857.775,1342.133,2452.403337,1643.141,6896.15,10942.616,1.325648333,1.028228128,2.555337767,5.868670764
s6-ckpt-none,priority+topology_aware+easy_predicted,6,0.5083673984,0.1016753039,0.2855772637,0.03904093325,0.07980769231,0.00226620526,2270,1816,0,1166.588993,0,7417.98,10754.464,3069.074492,1667.301,10665.201,16006.422,3.004883491,1,11.71485789,32.50119082,3.004883491,6348.224467,438,3947.834445,10680.134,0.9130378371,0.3973311763,0.2149712982,0.9609590668,155.2843111,0,0,155.2841976,0.0001134949495,0,0,0,0,0.9977337947,1.13025567,0.9201923077,0.07980769231,1040,162938.036,285,260,4206,732,1112.870034,0,7268.345,11026.145,3168.144445,1782.409,10617.836,15189.1,3.120242655,1,11.59972058,33.57305851,535,1255.447867,0,7575.107,10760.491,3054.048065,1683.91,11110.799,15568.881,3.028054361,1,11.6089518,29.45299164,372,1202.347884,0,7677.649,10704.085,2477.912145,1463.879,9394.935,12045.772,2.860769612,1,11.73452344,27.25555251,177,1045.00974,0,6320.298,10239.573,3947.22322,1955.052,13101.112,27378.452,2.760652071,1,12.4169463,36.92138149,776,1623.343506,0,9659.625,11954.19,3614.394798,1794.585,12043.375,18684.209,3.707421377,1,16.72871618,51.17906108,660,1027.213005,0,6007.245,7948.035,2813.239614,1628.629,9120.008,11717.555,2.647286956,1,9.616377652,30.42207932,170,277.5443118,0,1307.635,3594.332,2203.433094,1378.473,7010.605,12307.186,1.74915604,1,3.931286526,34.28905787,210,636.5139714,218.141,3107.88,4661.715,2558.795919,1676.468,7143.481,12237.875,2.549254822,1.176388691,6.964371869,20.62408227
s6-ckpt-none,priority+topology_aware+easy_predicted,7,0.6457314291,0.07667939631,0.3487829048,0.03727203194,0.1626916525,0.02030544362,2450,1960,0,1211.402808,0,9059.771,16975.259,4994.120088,2059.12,18689.972,43023.969,2.757380288,1,8.834871363,34.7217821,2.757380288,6094.571768,434,4777.874912,16727.96,0.8524353168,0.3080616089,0.1516922586,0.9627279681,296.9845,0,0,296.9843819,0.0001180606062,0,0,0,0,0.9796945564,1.497466139,0.8373083475,0.1626916525,1174,408265.74,226,203,4199,777,1161.636297,0,8243.291,16206.333,4462.529416,1948.236,16836.269,31856.608,2.75733494,1,9.198012387,38.43051411,622,1223.510553,0,9517.104,17238.285,6828.116889,2489.578,34293.779,73347.309,2.617846845,1,7.428701073,33.68245581,365,1276.822238,0,10118.793,16727.96,3731.125915,1790.441,15378.616,26405.852,3.294526474,1,14.42391847,38.53537344,196,1248.440913,0,9269.331,19002.644,3633.369143,1806.165,14574.876,27847.959,2.200067427,1,7.987467595,26.17944604,786,1577.862702,0,11431.216,20632.483,5667.896903,2153.824,22586.95,58601.894,3.044413923,1,10.03152787,38.53537344,633,1165.321348,0,9511.748,16215.829,5043.871174,1948.98,19229.62,43023.969,2.894977827,1,8.713402419,34.50332503,148,628.4889122,0,4185.992,8099.464,4083.07523,2079.597,12686.419,29715.187,1.787866327,1,6.342240459,15.35873394,393,772.2255649,181.123,2908.611,7987.853,3909.523712,2069.452,12945.3,41059.091,2.326796029,1.086455794,8.197042851,19.41195905
s6-ckpt-none,priority+topology_aware+easy_predicted,8,0.1003691317,0.01999851727,0.02637781661,0.02319613107,0.01871345029,0.01208321649,2060,1648,0,142.4483167,0,685.174,4400.337,1659.771576,820.032,5603.351,12710.929,1.380297521,1,2.304195599,9.532141772,1.380297521,2696.150342,397,509.2070202,3050.857,0.7094936062,0.1410317624,0.07862235021,0.9768038689,62.53654222,0,0,62.5364783,6.391919194e-05,0,0,0,0,0.9879167835,1.335833915,0.9812865497,0.01871345029,855,158093.299,112,97,2722,696,174.6857141,0,930.028,5196.166,1349.210009,708.687,5315.625,9016.893,1.580268388,1,2.817281764,15.95191087,505,102.7340713,0,513.846,1807.898,1466.978927,734.558,4636.94,12414.104,1.182982682,1,1.733089003,4.440480267,311,108.2157042,0,850.688,2135.789,2345.190781,1190.666,7791.48,15792.415,1.262157563,1,1.761495022,7.330183204,136,203.2189632,0,1385.57,2616.991,2397.608096,1256.642,9994.052,14700.107,1.359751915,1,3.321013309,7.954356081,793,174.2878335,0,617.996,5409.6,1730.839603,782.55,6042.081,15792.415,1.514767892,1,2.440981061,14.59762387,627,107.8807368,0,664.996,2295.495,1619.904209,860.083,5373.781,11139.827,1.226228231,1,1.86185307,7.169474807,168,29.8319881,0,238.476,648.849,1453.338506,718.429,5628.353,9016.893,1.051811514,1,1.520923323,2.196623961,60,398.1929667,167.287,1400.796,1656.555,1715.11575,1133.787,5056.183,8173.967,2.13283236,1.188100179,4.876435204,15.89259747
s6-ckpt-none,priority+topology_aware+easy_predicted,9,0.4230729349,0.05377292343,0.1965789368,0.03389753136,0.06850828729,0.07031525595,2150,1720,0,697.9757308,0,5106.214,9901.06,3133.400548,1600.036,10689.148,18969.147,2.185620793,1,6.195625999,20.63573412,2.185620793,5526.250858,368,2699.755696,9734.148,0.8125566558,0.2427173637,0.1085345393,0.9661024686,169.2764911,0,0,169.2764097,8.137373739e-05,0,0,0,0,0.929684744,1.790487025,0.9314917127,0.06850828729,905,222151.751,150,132,3731,686,618.9362493,0,4991.466,8540.662,3025.479165,1638.207,9064.825,20659.915,2.039619589,1,5.96738798,19.94576778,515,763.529,0,5900.719,10415.476,3211.219674,1704.424,11020.792,15862.502,2.07348012,1,6.694766554,25.2866749,356,688.6120197,0,4742.789,10028.281,3447.99127,1696.414,13635.377,23052.489,1.994671128,1,5.442533365,19.72363403,163,843.9550675,0,5131.349,8567.697,2654.645472,1161.165,11162.545,16694.073,3.571432775,1,6.057724163,29.47311805,815,923.3592479,0,6605.927,10752.031,3440.874753,1668.13,11925.806,19068.955,2.769051579,1,8.619062143,30.98662912,622,508.4311029,0,4372.021,7312.436,2978.105161,1542.253,9489.766,20659.915,1.67558068,1,5.701415202,15.49930455,173,240.3740116,0,1560.398,4275.874,2289.837543,1230.347,8557.097,13807.219,1.261267541,1,2.643032351,4.696697497,110,819.5601818,188.221,3096.871,5831.542,3060.115582,2409.191,8051.5,18426.339,2.200729628,1.250000099,5.569805252,18.66172252
s6-ckpt-none,priority+topology_aware+easy_predicted,10,1.891840005,0.3725260711,0.9948685192,0.04005666792,0.480806142,0.003582604744,2360,1888,0,7633.385018,3494.135,25842.095,31221.875,10477.68567,6688.654,30110.025,39026.364,10.09809149,2.919669998,42.92182876,89.6073041,10.09809149,22194.3382,420,20227.58038,30522.279,0.9560293869,0.1792663314,0.1535680873,0.9599433321,281.2794644,0,0,281.2793576,0.0001068686869,0,0,0,0,0.9964173953,1.149408109,0.519193858,0.480806142,1042,307434.587,240,202,4691,749,7360.187117,3242.142,25010.083,31465.369,10077.11332,6499.415,29909.415,36362.821,10.85957459,2.8705253,47.62380717,125.548643,568,7698.570379,3810.697,26039.852,31439.393,11491.4357,8268.062,32171.137,44163.875,9.4479711,2.693503954,44.28800614,75.95343408,388,8232.197693,3494.135,27032.648,30472.89,10571.79821,6177.42,29276.772,38414.46,9.463669744,3.506482784,38.85650845,75.35617024,183,7279.61794,3951.768,23765.521,28584.997,8771.14477,5353.757,26113.573,32057.224,10.34439304,4.213441232,34.94290577,81.72760465,846,9185.940409,5259.004,28803.316,32371.827,11906.30135,8486.477,32539.258,40988.291,11.85837016,3.729829682,45.89402704,89.6073041,647,7212.868329,2739.822,24584.557,28530.775,10128.78631,6564.192,29276.772,36834.915,9.520842191,2.573559639,38.1405398,113.42554,155,4122.720484,704.996,19222.544,22954.931,6917.161852,4234.895,24320.263,28862.93,4.905985071,1.514839934,21.20799027,32.06043561,240,5561.57435,3228.807,20761.492,23241.109,8681.894892,5890.231,25698.971,32397.947,8.802512509,2.901769222,37.99274211,76.11298961
s6-ckpt-none,priority+topology_aware+easy_predicted,11,0.2159220371,0.02918107693,0.129925686,0.02870010876,0.02771618625,0.0003989791652,2120,1696,0,443.8636108,0,3374.87,8116.87,3259.327101,1677.66,11132.601,24400.136,1.450463527,1,3.362194714,10.87423025,1.450463527,2931.624504,349,1957.836977,8073.26,0.7875988038,0.3297079629,0.1271794234,0.9712998912,144.2262644,0,0,144.2261677,9.676767679e-05,0,0,0,0,0.9996010208,1.053603185,0.9722838137,0.02771618625,902,257005.194,171,148,3363,676,446.7698225,0,3599.007,8870.371,3687.495092,1869.882,12461.357,27538.624,1.461104627,1,3.045175966,13.505874,499,458.8691583,0,4091.051,8277.84,2621.086868,1579.635,8535.131,14148.781,1.429844792,1,3.898503635,10.86552519,348,393.607023,0,2719.966,6839.159,3134.543161,1459.406,11434.214,26474.038,1.48143142,1,3.404118213,10.5162187,173,490.3198266,0,4213.477,8031.339,3678.200665,1845.545,12987.225,25599.004,1.406062017,1,2.551996686,8.828747652,794,698.4867746,0,5518.912,9809.799,3591.14686,1800.778,11953.909,25234.275,1.695740102,1,5.160087794,14.8047189,628,235.8623137,0,1292.649,4928.466,2830.051889,1515.147,9646.941,17801.209,1.266266379,1,2.001814819,7.883122962,154,127.2322987,0,418.727,6709.992,3609.449214,1813.434,14589.248,26474.038,1.07595093,1,1.338303743,2.88382675,120,253.99065,0,908.774,2746.132,2861.003267,1903.426,8781.155,15914.633,1.272139765,1,1.89314317,5.475834787
s6-ckpt-none,priority+topology_aware+easy_predicted,12,0.1688144314,0.0239808431,0.06203691932,0.02292514721,0.04541326067,0.01445826111,2330,1864,0,297.0709651,0,1611.433,4856.907,2814.418023,1562.978,9826.247,20072.319,1.445444911,1,2.763032499,10.95322443,1.445444911,3568.934002,398,1137.93051,4778.079,0.7850834795,0.2928062084,0.1305989304,0.9770748528,108.4985333,0,0,108.4984508,8.254545456e-05,0,0,0,0,0.9855417389,1.384130079,0.9545867393,0.04541326067,1101,238480.284,198,173,3836,708,322.1688404,0,1648.153,6511.688,1800.474665,1005.339,6131.388,12510.052,1.502178408,1,3.167273869,12.55923429,594,248.234436,0,1572.329,3798.356,4039.681347,2087.027,15091.977,28479.054,1.395243875,1,2.407343366,10.83313012,380,274.6695237,0,1299.434,6359.351,3050.590526,2191.318,8506.997,15075.787,1.269152277,1,2.265299572,5.876646109,182,405.5992637,0,1907.075,11240.839,2266.725335,1410.621,6611.472,14201.113,1.75667184,1,3.260965509,32.37776187,763,426.6069201,0,2136.482,10535.509,2919.125163,1600.2,11016.119,20139.327,1.575178455,1,3.512812006,13.27145088,646,196.4541115,0,1012.081,4100.63,2669.185899,1496.075,8946.114,15649.867,1.314946209,1,2.018678334,10.40177231,155,157.8635613,0,977.096,3803.362,2999.640839,1418.655,9134.131,28479.054,1.196928805,1,1.805014457,7.27348559,300,256.2033033,58.901,1253.316,1838.992,2765.14758,1776.874,8095.124,18473.887,1.52489646,1.025781011,2.986760825,9.799781533
s6-ckpt-none,priority+topology_aware+easy_predicted,13,0.1590460555,0.02246034038,0.05799174382,0.02853884433,0.0358649789,0.01419014805,2180,1744,0,265.3681795,0,1506.358,4695.759,2397.888257,1512.028,7654.817,13048.531,1.433455063,1,2.587842726,7.897239856,1.433455063,3063.8582,386,835.9971244,4077.217,0.8154000856,0.171307036,0.106862144,0.9714611557,120.39064,0,0,120.3905809,5.907070709e-05,0,0,0,0,0.9858098519,1.408430471,0.9641350211,0.0358649789,948,203916.046,199,174,3343,686,238.2380335,0,1383.508,4077.217,2360.614758,1602.075,7551.526,11565.637,1.231289956,1,2.077856172,5.330174968,529,295.6775274,0,1761.795,4846.391,2280.938198,1287.551,7200.603,13887.83,1.471822809,1,3.652752069,8.21396686,355,278.1601746,0,1506.358,6782.725,2171.882048,1471.158,6696.961,19426.386,1.734186292,1,3.142957984,17.87828464,174,254.0835632,0,1287.427,4967.569,3361.499782,2243.175,11136.956,17191.957,1.500289201,1,2.788359728,14.51232184,796,345.2237638,0,1986.724,5700.943,2487.448867,1588.293,7655.549,13516.357,1.581361939,1,3.530429428,9.024125044,640,184.3243594,0,1049.146,3722.539,2216.266836,1453.612,7329.097,11413.256,1.323153777,1,1.884487469,7.897239856,158,82.51408228,0,429.952,2333.118,2293.727696,1377.587,6747.896,17191.957,1.144232063,1,1.773957211,4.662815012,150,379.9944933,76.825,1939.075,4004.328,2807.253807,1692.632,8433.58,17704.069,1.423829618,1.04536843,3.24710184,4.795302002
s6-ckpt-none,priority+topology_aware+easy_predicted,14,0.2585902331,0.041761144,0.1055654716,0.04220817791,0.04521556257,0.02383987705,2180,1744,0,444.7301405,0,2742.104,6688.455,2446.113885,1356.306,8350.419,14784.704,1.816998941,1,4.811648931,19.72992873,1.816998941,3642.842562,408,1545.397865,6163.024,0.831732404,0.2834969978,0.1508037306,0.9577918221,175.7240467,0,0,175.7239519,9.474747479e-05,0,0,0,0,0.976160123,1.521184849,0.9547844374,0.04521556257,951,191120.953,205,175,3509,646,440.5686966,0,2619.484,7133.226,1877.183029,897.175,7670.891,11888.526,2.14840611,1,7.783255607,24.92035612,565,503.4200478,0,3131.351,6129.845,2868.653747,1868.921,8497.723,13585.81,1.681372648,1,3.891680107,19.72992873,363,361.6519477,0,2326.207,7589.903,2002.815223,1085.655,6113.991,12462.981,1.627837887,1,4.405069138,13.94881824,170,442.8823706,0,3143.217,6163.024,4150.300506,1878.332,15461.498,31756.379,1.412324157,1,2.780824808,12.48124662,793,633.075053,0,4896.456,7700.82,2619.993168,1359.455,9418.842,14865.695,1.979406376,1,7.725482779,21.34657268,638,294.8509624,0,1776.263,4213.503,2259.759373,1274.541,7843.257,15410.517,1.686325749,1,3.710486038,17.5765813,163,124.4233742,0,682.475,2727.287,2395.788454,1271.89,8216.604,25809.39,1.356725271,1,1.845548293,17.48831816,150,434.56616,139.936,1580.539,2628.72,2374.186907,1535.465,7610.828,10201.048,2.014365663,1.05637143,5.089283333,21.73127821
s6-ckpt-none,priority+topology_aware+easy_predicted,15,1.450517566,0.2041612154,0.7901115715,0.04680459843,0.3631386861,0.04630149501,2360,1888,0,4535.552313,842.105,20523.454,29982.182,7574.430657,4014.445,26616.244,39536.149,6.267451781,1.524217012,23.52311262,57.40700722,6.267451781,12916.19485,412,14101.80252,29822.18,0.9312245299,0.2518526498,0.1746366809,0.9531954016,319.3127222,0,0,319.3126337,8.856565664e-05,0,0,0,0,0.953698505,1.737155316,0.6368613139,0.3631386861,1096,321982.102,208,175,4625,778,4500.582775,695.375,20723.324,29193.605,7019.853861,3601.847,25341.385,34724.052,6.637145158,1.476480915,25.14441138,53.4046006,566,4644.567408,851.942,20872.528,30804.532,8842.32444,5270.922,28178.325,43605.472,4.779304567,1.440412654,17.75981699,42.3467036,364,4090.211354,899.854,19424.691,30987.684,6218.269865,2815.715,23687.95,36528.732,8.302394335,1.706317736,36.01493227,105.8081312,180,5244.484894,1497.409,20523.454,29982.182,8727.071733,5157.623,27477.346,36573.317,5.23384504,1.7596714,21.63868282,41.04232612,792,5797.939203,1713.318,23677.077,30975.524,8969.696136,5330.516,28948.485,39536.149,8.052756862,2.009521916,29.63356543,68.98888471,611,3985.054298,302.009,20506.204,29306.555,6911.81552,3194.83,25400.989,42598.651,5.40190294,1.220191291,19.94872571,51.96844512,155,3107.96931,383.721,16081.074,21682.684,5712.461555,2761.234,20360.898,38331.527,4.826101995,1.219708567,19.55700258,50.97834983,330,3195.6106,1052.92,14114.276,28345.234,6327.196715,3912.535,19834.473,29896.016,4.262294008,1.548394691,17.90164454,38.70123601
s6-ckpt-none,priority+topology_aware+easy_predicted,16,0.7053109262,0.1535227013,0.3894829718,0.05209685441,0.08945686901,0.02075152967,2150,1720,0,1638.582301,9.994,10116.971,18645.41,3298.446322,1301.246,13612.542,22006.729,3.985180318,1.007874209,17.68862801,48.38595769,3.985180318,8517.18535,397,6051.045101,18558.092,0.9084573793,0.3945514924,0.1916576018,0.9479031456,197.3266622,0,0,197.3265375,0.0001246868687,0,0,0,0,0.9792484703,1.496226882,0.910543131,0.08945686901,939,163710.973,196,170,4102,669,1497.405904,0,9440.563,19343.523,2917.395215,1027.385,13687.329,22636.116,4.041157458,1,18.88686135,48.38595769,528,1543.029826,19.338,9445.97,16847.546,3550.880504,1506.64,12856.374,21749.577,3.689561551,1.01457207,15.01177761,41.73218099,355,1854.069014,26.324,12143.596,18561.477,3282.593237,1422.577,15966.497,21570.675,4.714252317,1.019122165,20.26413892,68.57609369,168,2045.730714,21.421,14079.023,19641.777,4055.980774,1817.939,16772.979,20708.735,3.150760338,1.016539205,13.77081865,27.93079438,781,2237.783935,0,12286.899,20139.499,3939.191604,1440.703,17379.216,23232.199,5.001503383,1.004399526,25.66653818,54.97761667,631,1378.549886,17.356,8228.161,16847.546,3016.149482,1272.79,11563.798,18655.833,3.510358618,1.013769091,12.93135618,48.38595769,158,649.9614684,0,5324.226,10409.942,2299.208203,988.716,10358.594,15413.019,1.796777415,1,5.310081039,16.38971823,150,653.9561,69.282,4310.316,5604.229,2202.358747,1039.106,8673.445,16507.662,2.996059241,1.050286844,12.75932416,35.07729751
s6-ckpt-none,priority+topology_aware+easy_predicted,17,1.032216739,0.1357190264,0.5643558992,0.05120141,0.2673450509,0.01359535229,2420,1936,0,2688.208688,246.925,14659.363,19602.291,5551.359918,2955.094,18780.525,27072.261,3.964427741,1.111864487,15.63731847,39.07916935,3.964427741,9562.242595,452,9228.618489,19285.614,0.9406019257,0.2654730563,0.1868930661,0.94879859,351.1326022,0,0,351.1324749,0.0001273131314,0,0,0,0,0.9864046477,1.376013587,0.7326549491,0.2673450509,1081,272006.343,242,213,4720,738,2826.883481,248.779,15556.829,19976.356,5853.969902,3249.611,19569.73,27380.399,3.739490072,1.097739267,14.51291288,35.83335092,606,2766.862401,280.321,14666.823,19602.291,6043.486015,3585.286,19835.457,28256.479,3.979041574,1.120475174,11.51758108,46.942551,402,2503.005453,246.428,12545.937,17801.806,4554.125483,1826.898,17045.366,23140.72,4.636515131,1.15066737,19.21224095,34.11701921,190,2290.5537,88.059,15256.865,20534.692,4916.273921,2577.581,18953.281,25435.578,3.369527143,1.028219887,15.28199738,41.55012248,855,3349.861207,203.773,17168.811,20524.605,6187.64511,3335.527,20639.917,27590.641,4.754957842,1.090919598,18.79868417,51.97790856,645,2734.370264,157.974,13806.981,17080.169,5558.56984,2763.599,17959.994,27443.751,3.500314454,1.081404945,13.76005663,27.95340758,166,1163.296127,2.367,8465.874,11386.291,3719.908325,2093.323,11933.364,22268.355,3.394816065,1.005060103,9.515839835,78.05511368,270,1420.239667,677.261,5405.36,7424.293,4645.236681,2864.213,15778.926,25861.606,2.920003192,1.381448668,8.359662152,17.04710076
s6-ckpt-none,priority+topology_aware+easy_predicted,18,0.8431030304,0.1105610605,0.4182655649,0.03196490694,0.223316913,0.05899458509,2540,2032,0,1736.573061,0,10864.61,18851.391,5800.308528,2619.1,20807.65,39500.183,3.29405684,1,12.73865986,37.46048485,3.29405684,7968.492892,471,5720.138584,18237.999,0.8560400951,0.2647356402,0.1398611333,0.9680350931,277.9284711,0,0,277.9283423,0.0001288080809,0,0,0,0,0.9410054149,2.026484854,0.776683087,0.223316913,1218,455847.178,221,194,4545,809,1709.730278,0,10620.579,19279.502,8413.551136,4434.125,27707.593,53704.882,2.252947714,1,7.704048191,19.47377899,629,1731.860665,0,10667.54,19604.106,4354.897421,2048.786,14372.045,27615.772,4.565564421,1,16.74098211,74.31786214,400,1584.507102,0,9613.495,16236.416,2965.26132,1452.364,11141.152,17887.605,3.523229584,1,14.35982315,34.47648694,194,2177.327144,0,13065.033,18243.08,5434.685845,2738.741,18444.541,26134.686,3.040499708,1,12.35348937,30.18480589,814,2116.115265,0,14810.248,22092.956,5790.19858,2422.734,21652.521,38060.982,3.821466456,1,14.02977365,56.8585292,634,1567.159306,0,10799.07,18237.999,6385.538901,2513.626,23466.849,45192.477,2.625009879,1,10.26388213,24.54234537,164,797.8388293,0,5982.207,17575.988,4522.71353,1880.443,16973.858,48156.859,2.193825989,1,5.613119011,24.95575427,420,1623.271586,497.113,7429.723,16119.526,5435.353817,3242.896,17947.337,30991.273,3.711443042,1.275092903,14.3155135,34.16549053
s6-ckpt-none,priority+topology_aware+easy_predicted,19,0.2054771547,0.03059740836,0.0625066332,0.02222279102,0.04150579151,0.04864453056,2240,1792,0,263.5368331,0,1623.634,4728.179,2926.617673,1310.302,10307.948,25443.606,1.58875132,1,3.525382045,12.29676432,1.58875132,3648.536792,372,1030.639062,4667.842,0.7794342007,0.2617403341,0.1028603487,0.977777209,120.5755222,0,0,120.5754811,4.11717172e-05,0,0,0,0,0.9513554694,1.738813716,0.9584942085,0.04150579151,1036,260959.56,178,164,3534,734,257.6114155,0,1814.554,4550.679,4167.583159,1955.356,14631.618,42543.581,1.257563238,1,2.288116572,6.964876297,506,273.5401581,0,1591.919,4961.041,1830.581536,776.349,6750.855,13854.887,1.729686339,1,4.650686919,11.74138935,365,305.5641342,0,1623.284,7387.29,2472.548504,1337.86,7817.09,20601.008,2.186668206,1,4.724680061,22.57854724,187,177.6951711,0,1263.97,3373.654,1907.691818,1067.71,6580.979,16426.456,1.34029822,1,3.145040983,6.654367773,756,310.0968016,0,2205.629,4961.041,2942.656439,1354.409,9378.715,23490.441,1.643965811,1,3.503238722,17.54636667,653,161.8633951,0,992.599,2930.068,2910.774855,1217.174,10349.06,25443.606,1.466536532,1,2.842806784,6.501659022,170,84.59092941,0,684.336,1862.991,2797.124335,1227.188,10345.494,27094.338,1.252727609,1,2.227461178,7.393737282,213,552.8054836,76.83,2879.435,7387.29,3021.612606,1512.194,11445.964,18910.941,2.035643964,1.043871258,5.339779117,14.46313187
s6-ckpt-none,priority+topology_aware+easy_predicted,20,0.4015720888,0.04435591681,0.2185207079,0.03590587226,0.05771248688,0.04507710493,2180,1744,0,719.3046107,0,5676.16,12529.663,3796.987863,1807.866,14388.559,26503.318,2.057970653,1,5.110614299,23.27126258,2.057970653,4126.582703,387,2985.626225,11876.886,0.8188699776,0.345698182,0.1445036692,0.9640941277,210.4118667,0,0,210.4117618,0.0001048484849,0,0,0,0,0.9549228951,1.693481522,0.9422875131,0.05771248688,953,279166.914,183,157,3613,696,869.9257773,0,7523.196,13152.308,5973.077216,3470.204,20044.505,39676.774,1.806507389,1,5.048291614,19.54589567,503,660.6165746,0,5368.625,11945.767,2002.03569,1138.397,7208.952,14237.314,2.54384155,1,7.369590698,32.81009681,346,597.5699509,0,3801.16,10626.305,3023.128642,1865.964,10031.395,14394.335,1.540578371,1,3.910449314,11.14689323,199,552.5103518,0,3259.102,13333.211,2068.636327,924.739,9072.942,16103.016,2.608941004,1,6.552079611,55.31836667,791,938.473665,0,8711.217,13152.308,3864.410752,1777.65,14513.864,25266.754,2.185344886,1,7.369590698,28.0874363,629,636.0340477,0,4944.89,10243.043,3950.910965,1839.468,15404.066,26904.888,2.052675848,1,3.906121694,25.21929823,174,356.7769885,0,3133.332,6156.464,3032.967621,1647.354,9030.017,26503.318,1.794580029,1,5.048291614,14.99353029,150,333.2664,54.588,1590.093,3437.122,3682.2571,1909.237,11846.048,36280.964,1.714019867,1.015943759,3.843370105,23.27126258
s6-ckpt-none,priority+topology_aware+easy_predicted+preempt,1,1.125311284,0.1741716275,0.5854107923,0.2172256489,0.1286343612,0.0198688546,2390,1912,0,3151.952696,0,15206.272,72138.775,7806.09386,2020.415,37835.379,91722.097,5.692414763,1,20.06776263,90.20204584,5.692414763,12995.3354,435,12883.25047,71403.828,0.8992684606,0.3650232688,0.1765140113,0.7827743511,1893.364084,1545.232209,85.57788306,262.5538733,0.0001187878788,0,573,0,0,0.9801311454,1.440059688,0.8713656388,0.1286343612,1135,384006.297,110,96,4443,770,3208.803866,0,15850.02,80685.176,6285.552495,2094.582,27629.779,88543.833,5.464592502,1,18.22977568,100.0716371,557,3270.630092,0,15801.101,73151.773,5387.552485,1528.331,19930.53,83767.002,6.492180462,1,25.08335885,77.98455901,396,2686.479732,0,9702.369,70560.937,14424.79944,2272.088,82119.927,224052.789,4.579688427,1,15.30950843,79.46407684,189,3545.86054,0,19025.891,69968.102,7260.78691,3195.348,34565.942,71578.426,6.595024687,1,25.70799754,152.5719847,777,5558.083983,0,36639.637,86249.991,11786.03228,2600.654,70758.41,116341.928,9.085512869,1.126266332,38.00546846,152.5719847,609,1763.463064,0,8155.841,41345.023,5402.60519,1652.708,18880.288,74764.71,3.802954066,1,11.19682376,48.13435127,166,1332.323145,0,4733.533,36331.429,5453.639259,1629.221,25147.317,82212.728,2.397778234,1,8.182616667,33.43402268,360,1146.632364,17.233,6825.422,11246.063,4366.704722,1941.942,12516.725,48633.587,3.084509206,1.003204132,7.586207938,37.98803402
s6-ckpt-none,priority+topology_aware+easy_predicted+preempt,2,1.089038541,0.1704461841,0.6495491239,0.08889809414,0.140871177,0.03927396232,2330,1864,0,3160.652058,0,16872.29,67457.126,6930.877663,2486.353,28568.601,76939.582,5.385725234,1,19.63852329,99.87334193,5.385725234,13115.08509,383,11393.69777,66847.003,0.8338310762,0.1960049048,0.09850881211,0.9111019059,648.0517267,248.0590673,44.07495361,355.9176098,9.595959602e-05,0,452,0,0,0.9607260377,1.809781712,0.859128823,0.140871177,1079,324529.684,151,123,3959,748,2903.092868,0,15649.222,63514.596,8267.543293,3359.075,30628.695,79371.928,4.087332448,1,13.3624983,77.01601135,567,3118.127097,0,13922.334,70522.661,6044.301256,2406.097,25168.9,76484.573,6.197900605,1,22.95412918,154.1599571,367,3206.568499,0,17055.269,68925.666,5292.398371,1615.816,19712.927,71985.391,5.779757084,1,17.47417141,100.8718786,182,4259.083896,0,32081.386,66847.003,7503.321797,2240.821,34142.899,67516.981,7.397179514,1,41.55111897,100.7749225,785,5575.125552,0,42449.235,78417.186,9868.992659,3103.057,52126.443,83870.388,8.708572587,1.030551976,46.39934739,165.7814314,640,1534.796988,0,8569.036,32392.937,4810.821173,2121.094,18504.467,39830.088,3.152066215,1,8.969449785,48.3516527,139,966.7056763,0,3294.711,13037.464,3867.103921,1694.482,14845.168,29759.55,3.06370779,1,5.024717878,85.13893726,300,1327.79906,0,7384.334,12048.045,5185.14577,2631.388,18206.172,28568.601,2.531948647,1,9.292862644,25.43619459
s6-ckpt-none,priority+topology_aware+easy_predicted+preempt,3,1.39140988,0.2335072185,0.9590494574,0.07870606411,0.07090719499,0.04923994514,2270,1816,0,2844.753437,0,24911.681,40910.773,5834.673387,2101.741,30508.747,49514.058,6.190990794,1,26.90430986,103.5542639,6.190990794,12282.51796,426,11330.83259,40765.219,0.9236673373,0.4227285087,0.2276408888,0.9212939359,431.7862919,143.2481499,57.231905,231.3061188,0.0001182626263,0,404,0,0,0.9507600549,1.874548667,0.929092805,0.07090719499,959,252796.728,119,106,4523,725,2862.067903,0,22417.624,41536.288,6876.714175,2817.439,31729.382,54798.528,4.738836708,1,19.73504073,82.62338902,543,2203.591593,0,12674.197,38281.194,4292.749665,1458.011,23520.941,45136.969,6.176791946,1,22.80897368,103.5640817,359,3778.732267,0,28724.933,41184.795,6475.018028,2302.996,33862.957,55334.92,7.727753804,1.025742501,38.59593196,128.0523874,189,2846.338053,0,22089.368,41060.489,5051.082296,1482.465,27940.731,48243.389,8.883180036,1,41.28825436,302.0695339,857,5158.800307,3.464,38281.194,43475.625,8565.092027,2782.414,41683.497,58785.304,10.46510756,1.120182473,54.83008159,163.2015172,652,759.0353328,0,4953.957,13447.36,3228.725906,1579.201,11104.431,22631.766,2.536922755,1,7.064676773,25.1735937,161,335.0619938,0,2108.355,5317.344,3348.396286,1385.999,10253.091,30617.045,1.30391476,1,2.088210707,5.840928936,146,1343.454521,49.075,5728.168,30089.413,4186.725418,1987.547,18090.713,31226.57,2.809850603,1.032619507,7.601280858,59.78608284
s6-ckpt-none,priority+topology_aware+easy_predicted+preempt,4,0.6438797647,0.08958025128,0.3070159432,0.0723784664,0.109561753,0.06534335083,2270,1816,0,1449.66721,0,7974.858,28574.562,4287.553573,1936.462,16425.534,35950.868,2.852487058,1,10.32128622,33.96593333,2.852487058,6507.392465,411,5955.688431,28315.556,0.8460348778,0.3935492328,0.1609446947,0.9276215336,407.5158528,140.193878,55.43674722,211.8851226,0.000104929293,0,314,0,0,0.9346566492,2.097183639,0.890438247,0.109561753,1004,270819.081,104,94,4033,698,1506.222606,0,5646.789,31721.821,3646.972825,1300.521,15345.958,38704.127,3.860033822,1,12.84380926,46.41291667,559,1405.429766,0,11785.94,28369.799,5428.942102,2787.934,21636.86,38577.668,1.84057979,1,5.358589856,14.07683635,375,1419.815768,0,11481.701,28264.978,4009.637483,2036.41,15130.711,30737.38,2.508750551,1,14.62563375,24.29225847,184,1430.359359,0,7846.694,29550.979,3816.399815,2107.543,12013.181,34826.429,2.805148535,1,13.57879558,35.84016231,812,2606.924951,0,24186.215,32631.913,5894.086163,2137.034,30674.825,45390.347,4.023420783,1,15.44956849,46.82410552,597,456.6884724,0,2686.411,10260.642,3030.735551,1825.263,9731.302,19573.386,1.695771985,1,4.132587706,13.08960835,137,366.5291971,0,3090.739,6021.865,2621.691161,1491.114,10582.297,12195.574,1.470447664,1,4.502691248,10.32128622,270,714.5002778,16.456,3728.69,5646.789,3080.290785,2037.956,9470.483,17045.224,2.589894877,1.006078306,12.84380926,27.41093052
s6-ckpt-none,priority+topology_aware+easy_predicted+preempt,5,0.3252560724,0.03927291344,0.1579485214,0.09467502058,0.03149606299,0.001863554055,2300,1840,0,565.1943098,0,4102.774,10028.915,2964.003049,1785.274,9677.807,15747.321,1.718284546,1,4.524959181,15.8228015,1.718284546,3860.32616,386,2366.814588,9683.46,0.8661824495,0.3325675234,0.1568220229,0.9053249794,455.0662561,202.3221464,30.98549944,221.7585062,0.0001040404041,0,269,0,0,0.9981364459,1.114821302,0.968503937,0.03149606299,1016,208882.9,186,162,4040,731,584.2016895,0,4040.51,10442.178,2923.388123,1662.185,9731.669,15910.596,1.702059893,1,4.456530477,15.15517609,559,618.1032147,0,5032.075,9618.467,2653.558295,1576.18,9211.429,14041.723,1.793443212,1,5.729080293,18.11478466,378,465.1926931,0,3017.077,8549.726,3464.368897,2371.967,10316.602,15434.711,1.608727074,1,3.355391491,11.04628249,172,532.23,0,2599.353,10985.34,3045.920709,1768.422,10847.611,18914.33,1.783745309,1,4.329014991,13.03845,824,984.6762852,0,7464.352,10815.994,3614.554308,1963.425,12309.374,18791.284,2.213183611,1,8.717796776,19.94786454,586,275.5317577,0,1989.002,5136.506,2468.261693,1669.768,7336.633,12465.071,1.412918867,1,2.328788141,8.730535159,160,189.2179125,0,1239.979,3670.716,2417.327713,1507.125,6864.943,14738.915,1.238972009,1,1.778925746,5.892624705,270,136.4733148,0,935.445,2463.722,2378.515089,1576.18,6574.088,10648.567,1.154719599,1,1.737798644,2.5458772
s6-ckpt-none,priority+topology_aware+easy_predicted+preempt,6,0.6733063457,0.1256377522,0.3847435237,0.07830095691,0.05288461538,0.03173949752,2270,1816,0,1505.287839,0,9993.862,24137.07,3705.073644,1674.868,16007.023,31143.376,4.121575988,1,14.47577097,53.08757988,4.121575988,9118.758551,438,5797.626187,22987.313,0.9220803986,0.4310471458,0.2281952131,0.9216990431,324.7059231,109.2880854,56.01564306,159.4020699,0.0001246868687,0,421,0,0,0.9682605025,1.624781623,0.9471153846,0.05288461538,1040,162468.356,159,134,4444,732,1258.363959,0,7231.758,20783.805,3583.142052,1722.896,12694.351,26120.145,3.948215631,1,11.94580783,64.15903112,535,1734.641538,0,11798.677,27622.763,3884.02608,1752.836,16612.048,31818.041,5.046285667,1,23.72311667,53.08757988,372,1672.530444,0,12619.604,26958.827,3112.98929,1390.844,16244.396,32363.436,3.616114201,1,12.6315169,61.81620104,177,1481.727395,0,9993.862,25083.035,4912.81235,2093.084,21064.287,46539.488,3.105823943,1,13.06159995,45.29198333,776,2823.360916,0,19295.745,29757.079,5473.948245,2101.544,23889.148,36307.157,6.810109067,1.066200273,30.11097217,83.54072421,660,585.9736061,0,3600.797,7775.246,2416.927624,1488.959,7814.087,11932.941,2.09633504,1,6.707360341,14.73199749,170,177.5640941,0,1141.239,3968.525,2090.953676,1314.718,6451.24,12307.186,1.459604791,1,2.685668155,17.58777382,210,598.7912762,1.512,4442.399,5891.064,2523.788295,1570.623,7044.621,12191.147,2.706778175,1.00050623,8.936043453,27.49907289
s6-ckpt-none,priority+topology_aware+easy_predicted+preempt,7,0.6944439547,0.08765432719,0.4147854628,0.06442992221,0.1039182283,0.02365601431,2450,1960,0,1387.310226,0,10774.213,23714.244,5569.474116,1951.784,25419.858,48822.857,2.988064543,1,10.09938448,36.66684404,2.988064543,6573.423504,434,5873.90171,23253.802,0.8741545147,0.3784483965,0.1670347881,0.9355700778,528.2817236,231.8800157,57.07828833,239.3232983,0.0001212121213,0,426,0,0,0.9763439857,1.521923685,0.8960817717,0.1039182283,1174,408265.74,131,114,4351,777,1277.390139,0,10209.008,23115.845,4963.866093,1810.012,23476.68,37653.478,2.524846546,1,7.751639833,35.30051318,622,1449.279432,0,12191.797,24014.271,7537.851055,2491.63,37494.879,76816.252,3.095232797,1,9.463048578,39.52000844,365,1431.824701,0,10414.953,23253.802,4216.880384,1515.549,19151.739,34147.074,3.842623761,1,14.22194158,38.39165535,196,1543.510617,0,15428.98,20072.501,4242.554173,2039.356,18773.421,34140.404,2.892899315,1,12.32791184,40.21562357,786,2438.167323,0,18532.756,27639.014,7435.972369,2420.751,32385.952,67836.269,4.055847753,1,16.21620923,49.03094642,633,763.2282954,0,5257.364,15785.605,4750.560141,1773.337,19128.153,44786.76,2.726222468,1,4.427231324,36.66684404,148,518.0073243,0,4943.723,8014.624,3973.603811,1961.545,12362.324,29231.413,1.532189375,1,4.625126176,9.9189775,393,618.1677634,0,3603.234,10769.698,3756.481051,1682.599,13607.938,41059.091,1.822512266,1,6.00262594,18.08337314
s6-ckpt-none,priority+topology_aware+easy_predicted+preempt,8,0.1102409535,0.02233796366,0.03154066554,0.02914873949,0.01520467836,0.01200890646,2060,1648,0,157.1266044,0,819.281,4624.041,1706.771695,830.666,6139.243,12710.929,1.475319565,1,2.573742686,12.73603045,1.475319565,2852.617107,397,549.5688942,4399.735,0.7138668483,0.1276623357,0.08252274664,0.9708512605,79.066545,6.671482444,8.907915,63.48709297,5.458585861e-05,0,93,0,0,0.9879910935,1.300682216,0.9847953216,0.01520467836,855,158093.299,104,87,2741,696,196.7416925,0,917.216,5532.788,1397.209323,715.848,5607.044,9285.724,1.687875936,1,3.251104906,18.2128382,505,133.2805208,0,639.723,4511.541,1544.070592,734.558,4968.523,12710.929,1.309972123,1,1.971166785,10.78635764,311,89.3695209,0,670.976,1651.503,2356.83974,1228.375,7791.48,15792.415,1.297685104,1,2.249677208,5.964616181,136,197.8811912,0,1340.201,3557.032,2408.597478,1256.642,9994.052,14700.107,1.407713251,1,3.411813296,7.562706271,793,232.307691,0,1283.158,5557.741,1853.931462,826.443,6576.82,15792.415,1.744555446,1,3.983095905,18.2128382,627,82.59240191,0,660.347,1778.857,1598.555097,840.41,5341.281,11139.827,1.208201334,1,1.633822871,6.043977055,168,29.79947619,0,200.528,670.976,1448.886357,734.001,5628.353,8800.814,1.05563482,1,1.281120742,2.761865,60,298.8816167,61.372,997.356,1341.179,1614.752517,1007.235,4769.799,8111.117,1.883421485,1.034057728,4.420790792,11.96857436
s6-ckpt-none,priority+topology_aware+easy_predicted+preempt,9,0.4699468523,0.05464072891,0.2020160839,0.052997519,0.03425414365,0.1260383768,2150,1720,0,891.8511512,0,5247.446,21084.462,3490.446883,1629.868,12622.183,26587.572,2.710535952,1,6.295613089,29.29041115,2.710535952,6564.261791,368,3687.64003,19035.373,0.8227322882,0.3018794989,0.1236596152,0.947002481,269.9952919,49.68552872,34.76342056,185.5462457,9.701010103e-05,0,224,0,0,0.8739616232,2.322694872,0.9657458564,0.03425414365,905,227939.237,131,113,3919,686,834.3890889,0,5035.692,15338.04,3383.812353,1648.534,11921.756,26727.064,2.626482812,1,6.534553119,34.71213911,515,971.145701,0,5719.744,23552.241,3553.30485,1688.297,12303.783,24987.351,2.216963233,1,6.908217074,27.78877102,356,771.7801517,0,3988.218,15244.22,3792.820244,1784.633,13807.219,29014.395,2.46988178,1,6.106233266,21.75415738,163,1145.394448,0,6656.4,24713.587,3080.229202,1284.488,11823.08,28844.382,5.149329135,1,6.748637546,38.77898354,815,1481.997015,0,9740.4,24331.571,4323.786533,1929.066,17433.366,29181.642,3.966616811,1,12.2899435,40.31974402,622,365.2461672,0,2423.148,6656.4,2860.066449,1528.633,8964.499,17279.076,1.654656754,1,4.072991432,16.58468698,173,240.7607746,0,938.801,5550.419,2295.234306,1230.347,7715.593,15838.318,1.336269734,1,2.366401338,12.40545489,110,521.1062091,28.71,3339.801,5247.446,2760.4159,1674.129,7957.988,18986.932,1.535981554,1.015724678,4.172347624,7.5269016
s6-ckpt-none,priority+topology_aware+easy_predicted+preempt,10,4.373943557,0.5166552143,3.567670937,0.1458426827,0.1266794626,0.0170952603,2360,1888,0,9573.998933,51.38,92671.634,139233.501,13669.57832,2538.931,108208.107,149753.089,11.57419579,1.061483375,59.52814677,201.270635,11.57419579,25316.26091,420,41006.74861,138117.704,0.928136755,0.2998165412,0.1680128159,0.8541573173,1150.947678,732.7853602,80.73157639,337.430628,0.0001138181819,0,545,0,0,0.9829047397,1.420508087,0.8733205374,0.1266794626,1042,341179.209,74,60,4690,749,8654.711789,63.252,80167.994,140713.609,12449.79052,2605.486,89051.816,148479.776,12.41528947,1.063527545,56.55975004,169.1033409,568,8899.255481,84.381,87346.833,135096.401,13974.94938,2920.84,95100.292,158918.826,9.168697433,1.091046153,50.47165413,166.4260167,388,12529.49631,34.31,120700.501,146233.081,16317.35166,2468.401,133945.799,154996.068,12.78809143,1.052311071,88.82898321,215.9338374,183,9164.531011,0,104800.658,135650.572,12100.36655,1818.401,109940.334,137123.883,13.02420885,1.029403069,74.39899063,215.3559573,846,19576.22292,268.086,131121.203,147571.199,24900.78079,3474.517,136289.272,164181.151,21.97451153,1.627069164,116.5646137,251.8358337,647,1587.307062,0,8403.328,22556.417,4744.846519,1983.4,17634.699,33452.757,3.569180222,1,10.08255556,44.83686831,155,977.5908581,0,7261.805,22454.793,3774.15309,1564.467,16649.874,27659.046,1.610937649,1,5.385701495,7.835205668,240,1398.796433,112.144,8027.368,15077.322,4529.974567,2100.99,15156.733,32687.888,2.927874815,1.052783654,11.76526279,33.74026439
s6-ckpt-none,priority+topology_aware+easy_predicted+preempt,11,0.2952807483,0.0402629476,0.1546196778,0.04055881413,0.05099778271,0.00884152604,2120,1696,0,625.5981162,0,4016.306,11049.582,3540.20095,1774.148,12746.702,26307.827,1.673381891,1,4.639029256,12.71745156,1.673381891,3311.639442,349,2561.825209,11017.84,0.7974814959,0.2756213841,0.1197603629,0.9594411859,206.3388681,38.78146444,25.97447917,141.5828257,9.870707073e-05,0,138,0,0,0.991158474,1.266620301,0.9490022173,0.05099778271,902,257005.194,135,117,3443,676,566.1995873,0,3560.284,9990.944,3942.709124,1910.056,14633.466,30974.656,1.517656582,1,3.934347798,11.27274563,499,650.5988778,0,4401.273,11049.582,2917.172088,1715.161,9866.243,15296.101,1.747223996,1,5.245970287,13.01240052,348,637.7933276,0,3880.918,11410.915,3412.76996,1572.402,12483.339,27681.004,1.922294636,1,6.047266967,14.42984262,173,761.0552948,0,4919.822,15014.863,4020.78974,2033.506,14856.491,26644.256,1.568188036,1,4.527566583,9.367613443,794,1019.89612,0,7222.414,13586.798,4114.64012,1964.456,14520.285,28352.498,2.125738939,1,7.283144991,18.40823839,628,231.2813535,0,1599.361,4344.341,2835.871209,1477.337,9754.588,17801.209,1.231740628,1,1.891071432,6.068402328,154,166.9604675,0,1150.299,2655.824,3655.630695,1910.056,14633.466,26474.038,1.13828619,1,1.621290936,4.881455464,120,668.8357,0,3417.657,5845.353,3277.185917,2271.441,11720.046,17438.377,1.678248181,1,4.677728794,9.367613443
s6-ckpt-none,priority+topology_aware+easy_predicted+preempt,12,0.200667762,0.02981702839,0.075342746,0.04473638323,0.03269754768,0.01807405665,2330,1864,0,381.4640038,0,1957.057,10444.318,3041.281268,1622.732,11128.934,20534.186,1.649391656,1,3.435467974,14.82490853,1.649391656,3929.969086,398,1619.674864,10339.452,0.8040085055,0.3039570263,0.1350394065,0.9552636168,216.5594817,75.11147,21.59175167,119.8561742,8.581818183e-05,0,210,0,0,0.9819259433,1.389673106,0.9673024523,0.03269754768,1101,239432.081,176,150,3975,708,355.7275254,0,1820.633,9674.478,1946.678829,1015.07,6682.785,16639.112,1.674977945,1,3.839600404,14.61210806,594,334.1900017,0,1746.03,9164.62,4298.104418,2144.579,16032.041,28980.704,1.564983812,1,3.039216306,13.45032061,380,417.9211526,0,1911.568,10665.349,3355.986266,2261.283,9375.496,17646.06,1.515168603,1,3.11897037,7.079077918,182,559.7522857,0,2346.313,13156.64,2540.389385,1490.252,8863.406,14915.386,2.105589058,1,3.622607342,30.99642049,763,674.5914273,0,3680.396,13474.587,3487.987115,1819.528,13595.247,21376.639,2.121143875,1,5.655677154,22.5216614,646,194.5108746,0,1103.778,3284.424,2698.44945,1506.165,9170.064,15466.331,1.318230592,1,2.034242012,8.322118917,155,118.7575226,0,549.751,3041.379,2962.015606,1328.012,9134.131,28479.054,1.153752382,1,1.632530728,5.64785,300,174.2473433,0,1306.916,1929.064,2684.344503,1635.706,8050.341,18386.149,1.418748963,1,2.941805091,12.11606667
s6-ckpt-none,priority+topology_aware+easy_predicted+preempt,13,0.2562216061,0.03102792303,0.07479334129,0.07110570396,0.0305907173,0.04870392049,2180,1744,0,426.5366565,0,1942.786,12272.007,2730.796731,1577.447,8991.278,18051.169,1.853991031,1,3.574985222,13.73244138,1.853991031,3994.102394,386,1696.546912,11805.984,0.836273135,0.2283836794,0.1224968262,0.928894296,313.703905,145.4695814,24.49101889,143.7432428,6.189898993e-05,0,233,0,0,0.9512960795,1.818933571,0.9694092827,0.0305907173,948,203916.046,159,147,3550,686,374.5363528,0,1383.508,11793.095,2643.057723,1668.561,8537.336,15964.298,1.367496163,1,2.65522787,7.135360236,529,488.3079395,0,2063.645,12272.007,2644.360106,1314.157,8901.153,19694.925,2.128224258,1,5.388587683,17.40338327,355,477.1742845,0,2142.257,13517.047,2565.982865,1471.158,8027.987,26931.097,2.48738468,1,4.393497156,47.81297992,174,340.438046,0,2123.691,6357.367,3675.755672,2288.515,12657.921,17584.985,1.646010316,1,4.662815012,15.09551634,796,684.2104472,0,4130.373,14186.85,3181.112795,1727.822,11442.284,20917.9,2.303219423,1,6.336659696,21.38472839,640,225.4204609,0,1000.987,5974.381,2285.186963,1470.885,7922.939,12999.49,1.612064813,1,1.896169501,7.460300484,158,97.73556962,0,860.716,2142.257,2311.570101,1320.233,6747.896,17351.562,1.137225153,1,1.577117105,4.662815012,150,263.5806533,0,1290.558,3788.908,2683.973207,1345.807,8004.445,17704.069,1.257297615,1,2.539485919,3.743406353
s6-ckpt-none,priority+topology_aware+easy_predicted+preempt,14,0.3943725482,0.06229604861,0.1656923905,0.08567764793,0.03785488959,0.04285157159,2180,1744,0,758.8128045,0,4303.924,14179.172,2909.244222,1465.555,10684.585,20594.2,2.362874124,1,7.177646179,28.9822252,2.362874124,4602.286936,408,2666.434963,13214.132,0.87058334,0.362184858,0.1711349172,0.9143223521,373.6576814,109.4453571,34.19863583,230.0135847,0.0001037575758,0,238,0,0,0.9571484284,1.75037439,0.9621451104,0.03785488959,951,191120.953,194,159,3718,646,746.5758793,0,4148.511,14296.02,2294.277556,1030.5,9693.305,17683.201,2.930311477,1,11.76973061,37.75948356,565,895.2011487,0,4609.688,15497.471,3408.532393,2096.276,10463.127,20594.2,2.16514019,1,6.272696604,23.01097525,363,577.0242011,0,3241.156,10248.882,2354.914576,1189.189,8267.478,18247.876,1.983385973,1,5.821926983,21.66159167,170,740.1945824,0,4818.296,14193.606,4770.375465,2061.077,18683.611,33025.582,1.674105548,1,3.582195049,14.09334442,793,1348.343427,0,8519.234,16437.839,3635.453497,1759.12,15330.556,23668.425,3.25378808,1,13.76036658,41.53479665,638,285.6690329,0,1719.425,4818.296,2284.198716,1254.336,8122.502,15461.498,1.61075608,1,3.740065856,14.09334442,163,134.6751656,0,620.453,3132.039,2407.893098,1356.306,8216.604,25809.39,1.208802022,1,1.774768935,7.288578301,150,332.8286533,0,1527.496,4127.403,2273.346293,1451.817,7161.145,10457.72,2.106009444,1,3.281843795,32.62989874
s6-ckpt-none,priority+topology_aware+easy_predicted+preempt,15,3.267077993,0.4389707826,2.527548617,0.114585295,0.1660583942,0.01991490441,2360,1888,0,7044.845872,22.336,65654.054,94344.037,11054.51561,2904.794,78247.417,104795.868,10.74909461,1.064140982,50.57747692,194.8532486,10.74909461,21862.32287,412,30179.38183,92528.668,0.9119380745,0.366145979,0.1960022977,0.885414705,841.5730008,353.0862999,74.92977222,413.5568074,0.0001213333334,0,626,0,0,0.9800850956,1.48345379,0.8339416058,0.1660583942,1096,322766.786,110,98,4654,778,6941.203585,17.359,62264.919,97702.814,10446.18214,2738.825,75383.828,105313.4,12.21166027,1.070094384,54.19752024,174.4351362,566,7210.204779,47.282,68961.26,91329.661,12545.76019,4225.21,80029.045,102458.87,8.231911467,1.06813568,35.52656725,194.2142577,364,5402.817566,1.325,48923.734,88067.108,8306.539473,1768.755,52758.117,98674.362,11.62270995,1.046577656,57.88066499,233.9120861,180,10293.39511,29.351,78640.124,107083.126,14551.75077,3633.694,84555.133,116276.857,10.57605907,1.040052982,57.28509485,165.9006876,792,14706.24873,168.012,82620.58,106152.73,19925.45124,4626.464,92908.168,111849.172,21.51641267,1.667169955,103.7359794,296.4681048,611,1561.219293,0,10036.605,20675.469,4822.709321,2101.801,15767.563,39432.979,3.34658296,1,10.11107242,36.15873853,155,1241.794819,0,7887.527,12398.494,3851.112677,2147.815,14261.646,31254.495,2.652666822,1,7.915767478,31.76533168,330,1536.172215,136.996,5901.748,26640.128,4685.970394,2612.051,15107.707,31713.331,2.416261375,1.069628695,7.723306007,28.23870945
s6-ckpt-none,priority+topology_aware+easy_predicted+preempt,16,0.7495165859,0.1598468403,0.4468594793,0.06380534413,0.05963791267,0.01936700944,2150,1720,0,1728.906269,0,11607.348,34752.916,3634.855397,1137.93,16509.284,39634.045,4.311713937,1,18.41728469,64.50080176,4.311713937,8803.929006,397,7038.443451,34394,0.8863091843,0.3961752983,0.1690110536,0.9361946559,244.6972736,15.93981117,47.41768556,181.3396694,0.0001074747475,0,319,0,0,0.9806329906,1.463698244,0.9403620873,0.05963791267,939,168790.29,113,104,4043,669,1518.931525,0,12080.929,32145.88,3274.204525,867.982,17039.593,38399.733,4.36097611,1,20.32112304,65.91720938,528,1700.990277,0,10489.586,37043.798,3917.870892,1259.387,16498.892,39449.065,3.963031427,1,12.90887189,59.66515966,355,1858.567648,0,10986.731,34292.602,3464.90553,1089.765,15536.838,39634.045,5.121941876,1,22.35175658,89.30398333,168,2378.804827,0,14574.342,38233.635,4540.661673,1817.939,19842.9,47701.782,3.499315449,1,17.10841381,53.60682154,781,3147.399352,0,23150.574,39241.134,5368.713261,1235.635,31042.737,47701.782,6.708556135,1,36.08110409,90.12213358,631,576.0297496,0,3873.891,8918.874,2239.771092,1040.862,8407.75,13868.01,2.354369148,1,7.833342346,25.53063287,158,350.5317215,0,2433.685,7889.997,1997.191924,933.306,6920.71,11295.153,1.497642451,1,2.964876781,11.87956549,150,644.9406933,4.041,3874.703,4242.869,2200.895613,1044.484,7574.935,16215.346,3.030207939,1.002319728,11.72950616,38.69166342
s6-ckpt-none,priority+topology_aware+easy_predicted+preempt,17,1.722778214,0.2211087099,1.219331583,0.1020754485,0.1461609621,0.03410151064,2420,1936,0,4255.22294,0,31672.61,65810.472,7989.755319,2519.695,39058.443,77578.814,6.086528039,1,25.47577451,98.65088846,6.086528039,13724.51504,452,17089.06499,63252.341,0.9205685807,0.4155670066,0.2071910466,0.8979245515,739.6814289,311.3487591,80.51640583,347.8161495,0.0001145454546,0,507,0,0,0.9658984894,1.646950365,0.8538390379,0.1461609621,1081,292405.793,104,92,4772,738,4961.785828,0,36799.032,67839.449,9050.045203,2835.821,44935.023,89239.915,6.105370977,1,30.38827449,111.5608398,606,4304.176569,0,28414.334,65897.605,8285.685531,2906.548,38157.706,77422.355,4.885812504,1,16.54732154,66.07818867,402,3538.114485,0,25185.254,39500.134,6478.46998,1495.165,32870.051,61244.698,8.046690686,1.043263289,38.66275212,99.39061866,190,2871.898137,0,21502.581,54254.806,6125.066174,2515.883,30006.209,56190.063,5.695697207,1,15.72719509,114.4922313,855,7761.575952,0,46896.971,78046.649,12381.62453,3148.216,60948.237,91099.462,10.41192163,1.047789727,50.80846643,131.7661271,645,1811.663367,0,11469.267,27527.791,4890.776639,2218.825,19853.406,32870.051,2.746699785,1,10.49556312,35.03465103,166,1019.834898,0,5365.603,21736.2,3566.559373,1745.901,12043.396,25216.638,3.303172144,1,5.638187868,17.0695617,270,978.3285444,230.858,4579.134,8543.489,4204.731626,2086.959,15778.926,28916.86,2.079175378,1.090505891,5.967660869,13.11165
s6-ckpt-none,priority+topology_aware+easy_predicted+preempt,18,0.9583974029,0.145708705,0.4519464103,0.1282011474,0.1486042693,0.08393687095,2540,2032,0,2792.479253,0,11739.483,65736.178,7744.627865,2450.085,36044.845,86400,4.700594,1,16.78831247,77.75662732,4.700594,11810.13974,471,11367.92117,59043.266,0.8928698394,0.3631370326,0.2097688483,0.8717988526,1237.731132,834.6696338,73.79312167,329.2682381,0.0001381414142,0,526,0,0,0.916063129,2.180187461,0.8513957307,0.1486042693,1218,487197.629,130,114,4765,809,2422.254188,0,9023.388,53535.314,10684.72807,4239.319,45192.477,86485.793,3.027757091,1,8.218774894,43.35192609,629,2741.14521,0,11254.132,67608.086,5666.962374,1835.906,19427.705,71603.21,6.601078045,1,20.22326348,117.3761465,400,3142.86585,0,12679.237,85300.54,4747.511168,1442.531,15778.241,86309.302,5.58181026,1,22.88469101,93.37161834,194,3780.348082,0,24150.139,77659.222,8400.077381,2888.844,38495.846,104581.991,3.697676944,1,22.41373427,39.85074949,814,4943.168741,0,33743.702,96625.24,10616.74776,2558.007,51977.878,111494.627,7.429465454,1,27.42502649,142.7961395,634,1432.32239,0,8007.578,22529,6528.548621,2318.228,22946.065,67883.999,2.853485472,1,8.263012559,34.55139249,164,952.0695854,0,2798.582,26791.545,4686.605482,1782.276,16973.858,53704.882,2.131841707,1,4.916877875,38.40254027,420,1396.063526,94.55,6930.063,20772.484,5207.971481,2754.147,18025.5,46195.87,3.20307214,1.020135095,12.72382481,33.1507361
s6-ckpt-none,priority+topology_aware+easy_predicted+preempt,19,0.2000336191,0.03181970563,0.06257943289,0.03630664389,0.03088803089,0.03843980578,2240,1792,0,304.4041479,0,1625.525,6120.483,3083.220799,1361.052,11019.788,27094.338,1.70003134,1,3.666213084,11.64171523,1.70003134,3958.280484,372,1168.350417,5984.3,0.8085908644,0.2313679626,0.1093718046,0.9636933561,199.8700403,52.63875889,18.36406583,128.8671578,5.773737377e-05,0,187,0,0,0.9615601942,1.588703128,0.9691119691,0.03088803089,1036,260959.56,163,141,3613,734,344.6053161,0,1629.964,6995.45,4385.125181,2005.071,17334.135,44764.264,1.40674396,1,3.181790663,9.662084855,506,286.3239723,0,1689.762,4728.179,1956.062111,776.349,7587.237,15923.809,1.856333617,1,5.412010449,15.0287493,365,278.1378192,0,1362.749,6141.261,2563.522337,1351.872,8803.638,21212.267,2.226202143,1,3.83895,36.77889812,187,246.8005187,0,1616.078,5438.644,2037.415545,1207.197,7723.31,16715.139,1.40127007,1,3.232693713,9.793642329,756,487.5626349,0,2938.173,8676.976,3373.511095,1527.474,11757.821,27106.91,2.072530343,1,6.260737279,30.32004631,653,140.3122205,0,892.557,2808.735,2913.293245,1255.696,10422.386,26484.48,1.379596801,1,2.071007792,7.3732847,170,51.06399412,0,380.817,1295.359,2762.990853,1185.463,10337.541,27094.338,1.117334025,1,1.339523981,5.927982149,213,359.5780376,0,1763.147,6644.66,2829.428869,1386.435,11019.788,18910.941,1.825350831,1,5.019368792,15.0287493
s6-ckpt-none,priority+topology_aware+easy_predicted+preempt,20,0.3779386158,0.04827207208,0.1538678892,0.05704771663,0.05036726128,0.06838367657,2180,1744,0,901.1948102,0,3996.778,21976.437,4214.217414,1779.049,17233.52,36308.723,2.478164214,1,5.561827138,30.35218974,2.478164214,4867.064852,387,3804.08139,20575.165,0.8359359437,0.3775870873,0.1562913906,0.9429522834,341.8005325,104.0735341,39.39021,198.3366861,0.0001023030303,0,208,0,0,0.9316163234,1.997485902,0.9496327387,0.05036726128,953,279166.914,122,108,3713,696,1152.485066,0,8142.304,25527.314,6559.044276,3483.417,24619.069,42937.578,2.138420293,1,4.892798776,29.66753362,503,824.9122048,0,3234.245,18003.835,2339.641046,1148.32,8233.854,26245.777,3.514903857,1,6.557497613,43.06635585,346,722.9918382,0,3801.16,17763.163,3346.544078,1868.189,9900.313,29508.596,1.759663913,1,4.222483951,19.31246706,199,524.9654673,0,2618.851,10960.223,2260.083704,924.739,8717.12,25170.045,2.295163369,1,6.92638659,38.42030265,791,1527.45848,0,12117.696,26942.168,4961.491223,1811.656,23028.149,38434.809,3.341395003,1,11.34120494,39.10255,629,380.2981033,0,2080.551,10043.123,3709.275797,1758.546,14516.759,26904.888,1.632797825,1,2.815855001,8.162624143,174,252.4494253,0,1236.614,4954.563,2933.591575,1603.355,11869.787,26503.318,1.300890334,1,2.687281452,7.992286168,150,535.5358933,0,2571.751,11153.753,3876.50802,1871.103,13235.003,35668.559,2.836601276,1,4.222483951,74.20692914
s6-ckpt-short,fifo+first_fit+none,1,2.815819045,0.8499970831,1.028083385,0.04487092254,0.8748898678,0.01797778695,2390,1912,0,13813.77951,13124.207,26704.864,28895.583,17083.17533,15272.731,31413.867,59744.025,24.35976247,10.2251006,97.93523749,231.6320187,24.35976247,51798.53236,435,14065.20417,27649.867,0.7980923536,0.8335295927,0.2414938309,0.9551290775,320.5254733,0,0,320.5253143,0.0001590707071,0,0,0,0,0.9820222131,1.476696238,0.1251101322,0.8748898678,1135,380059.7,0,0,4433,770,13912.76715,13193.078,26642.381,28903.527,16212.69149,15316.221,29602.845,33230.202,23.48147777,8.817645282,96.65020179,259.468583,557,13391.12585,12826.154,26464.502,28521.25,15092.11922,14436.64,28719.38,31638.46,27.71840233,13.43892371,109.4653836,231.2248875,396,13929.13191,13162.651,27894.56,28898.835,21391.38219,16460.443,59744.025,94052.141,24.01096892,9.606426501,101.2604615,161.6224864,189,14414.40414,13538.824,26977.909,29067.834,17470.69325,15633.567,31709.56,39465.387,18.77055119,7.749151142,80.91958856,186.3059648,777,13777.36894,13005.252,27373.653,29067.536,17067.63786,15280.488,31338.53,59744.025,22.81470286,9.372184352,100.3873782,186.3059648,609,13939.87616,13192.322,26724.455,28640.602,16933.25653,15255.513,32182.344,52219.43,25.85090191,11.16989674,101.483137,259.468583,166,12140.7692,12063.834,26282.764,28260.419,16278.89086,13850.077,30964.182,92896.663,24.80975305,9.759627385,84.89478479,302.1278667,360,14450.49579,13785.979,25285.49,28903.527,17741.18751,16062.904,30787.926,72782.536,24.96450959,10.50019954,88.59554916,253.9940784
s6-ckpt-short,fifo+first_fit+none,2,2.913815871,0.7709709504,1.527287301,0.06138844562,0.5421686747,0.0120004999,2330,1864,0,13311.09065,4453.446,39671.879,42550.77,16548.14668,7783.999,43846.019,50594.502,18.36088665,4.210693622,88.8299791,209.6815965,18.36088665,51625.96888,383,13559.90945,40187.044,0.7798469173,0.691949951,0.1909560658,0.9386115544,434.3951,0,0,434.3949647,0.0001352727274,0,0,0,0,0.9879995001,1.362384891,0.4578313253,0.5421686747,1079,341457.908,0,0,4126,748,13520.80665,4416.325,39946.854,42571.492,18183.09892,9130.72,46993.819,58782.878,15.64717639,3.59513973,75.75700299,208.0767439,567,12763.28424,4315.121,39160.519,41938.173,15220.57477,6602.346,42211.492,45534.081,19.87815147,3.901803042,91.50676582,279.4407945,367,13217.8676,4623.712,39416.936,42836.522,14950.13177,6304.9,41939.424,44901.612,21.31747671,5.760052005,96.28482989,207.6532098,182,14343.79138,5052.855,40260.261,43209.368,17186.94053,8279.717,41793.858,48056.105,18.82515898,4.872009353,91.69755969,163.3151653,785,13038.06275,4153.881,40349.347,42980.134,16223.07297,6985.516,44361.453,52472.66,16.83661056,3.975886722,86.42353834,198.6921414,640,12678.50549,4350.981,39899.047,42754.799,15750.48188,7512.803,43926.133,49473.556,19.27199099,3.501210866,86.82088675,224.4199856,139,11486.24955,3288.408,39946.854,41534.549,14390.75548,5235.374,42673.752,45297.525,15.68978019,4.213261038,76.34177477,208.0767439,300,16220.53839,12982.346,35725.121,37323.685,20100.03242,16836.818,41125.082,60261.077,21.64333247,6.471257148,95.86506983,212.8192003
s6-ckpt-short,fifo+first_fit+none,3,2.499762521,0.7485260821,0.685335963,0.04004942098,1,0.02585105453,2270,1816,0,13462.04752,13336.371,17801.867,18723.747,16037.81387,15544.561,23448.954,33546.911,23.92697669,12.44349745,86.24391904,166.3452727,23.92697669,54370.1353,426,13819.2601,18056.89,0.8203156724,0.8499804229,0.2572305485,0.959950579,210.8658422,0,0,210.86572,0.0001221818182,0,0,0,0,0.9741489455,1.579850179,0,1,959,256321.397,0,0,4517,725,13415.18531,13336.371,17745.84,18632.033,17113.71528,16226.281,28427.379,44340.163,18.43383946,8.652498859,62.64872385,125.7099336,543,13430.41596,13290.718,17751.606,18993.79,15065.08916,14888.686,20086.38,24830.445,29.12270457,15.81549612,98.79910706,177.2702036,359,13512.68601,13256.287,17693.09,18511.78,15730.55285,15591.888,21933.898,25302.313,25.2319611,12.00044123,100.7533245,169.3584171,189,13636.5016,13650.635,17943.552,18892.365,15288.96578,15403.317,20654.35,23978.802,27.59234627,16.219711,81.32039328,278.4888741,857,13566.73004,13483.04,17928.741,18892.365,16183.87618,15689.182,23490.446,35593.265,24.80749833,12.42578481,87.44803566,174.1526332,652,13436.00619,13321.963,17853.289,18723.747,15791.91062,15386.65,22915.076,29621.115,24.18869807,12.98184838,86.81160019,148.3683491,161,13489.36104,13623.452,17453.296,18832.421,16503.30024,15634.701,24576.142,44976.461,22.96434317,12.6858671,91.01160091,169.5871349,146,12933.7499,13007.61,17059.679,17342.983,15765.28118,15313.475,23372.939,35725.495,18.65118637,9.371227698,60.83167343,117.5293713
s6-ckpt-short,fifo+first_fit+none,4,2.767344413,0.922695059,0.9116465452,0.05066302596,0.6992031873,0.1831365953,2270,1816,0,10399.91045,10073.169,23680.372,24469.387,12961.92509,12299.36,26673.079,32380.061,20.83101195,5.289590509,106.3113763,226.3529724,20.83101195,48345.72323,411,11012.62864,24084.014,0.8005387192,0.7015797952,0.2279194183,0.949336974,278.7254867,0,0,278.7253458,0.0001408888889,0,0,0,0,0.8168634047,3.137837332,0.3007968127,0.6992031873,1004,296565.75,0,0,4108,698,10883.29519,10699.595,23744.742,24532.554,12787.3122,12368.061,25966.856,31052.697,33.44571394,7.510345422,168.3142416,323.8234667,559,10165.24845,10016.577,23552.969,24645.37,13765.60182,12927.37,28096.013,35972.136,12.06099366,4.165029448,46.60223043,157.5809278,375,9906.56,9516.428,23680.372,24370.613,12327.10172,11170.339,26012.611,31736.243,10.65884251,5.460488108,38.55559716,79.02537346,184,10284.58395,9629.789,23511.857,24352.197,12476.50803,11428.835,25128.367,28727.789,20.35243459,5.235290593,107.8716842,290.795547,812,9623.135005,9459.782,23511.67,24487.892,12331.82615,11428.835,27147.166,31589.468,17.95179747,4.624510916,83.70883784,194.2379649,597,10107.65146,9898.568,23168.872,24339.473,12627.21667,11974.872,26096.326,32096.101,20.48701957,5.230722931,103.137636,273.3205656,137,9576.509708,8952.47,23450.92,24532.554,11832.43665,11076.215,26358.462,32651.871,18.50617465,4.850518763,106.1741756,175.068025,270,13800.00741,16577.737,24152.825,24755.549,16170.0776,18862.525,27288.576,35972.136,31.43022793,9.227353222,129.094312,324.32025
s6-ckpt-short,fifo+first_fit+none,5,0.6821106264,0.08076063469,0.2150251296,0.05514431421,0.2755905512,0.05558999671,2300,1840,0,1577.805231,1139.952,5585.361,6513.17,3784.549696,3136.674,9154.88,14507.883,2.98018707,1.654367659,9.305104801,18.64382512,2.98018707,7766.030957,386,1748.267528,5824.632,0.8180860632,0.614597442,0.2114390225,0.9448556858,253.9679933,0,0,253.9678717,0.0001216161617,0,0,0,0,0.9444100033,1.887531288,0.7244094488,0.2755905512,1016,203714.073,0,0,3991,731,1532.247424,1096.779,5585.361,6529.887,3719.333488,3022.784,9243.115,16007.751,2.950503991,1.654367659,9.170995211,18.32680265,559,1656.620791,1335.017,5593.486,6333.837,3530.78053,2993.076,8738.975,12354.574,2.982815672,1.84767644,8.901072357,16.29994858,378,1552.822685,1025.155,5824.632,6539.206,4239.661376,3620.167,9377.896,13545.928,2.361515864,1.45013786,6.767942626,14.40883456,172,1570.178843,1129.568,5625.087,6721.917,3886.281076,3128.31,9616.547,16602.434,4.45743508,1.646539124,15.06703556,43.78131667,824,1648.363137,1215.957,5844.19,6440.12,3882.363096,3062.35,9587.965,15695.159,2.993226372,1.654367659,9.438943438,18.32680265,586,1626.494469,1089.455,5790.581,6614.289,3766.935816,3265.94,8690.616,12429.502,3.070713533,1.700120343,9.337592361,33.39047719,160,1311.552231,825.115,3654.384,6764.679,3544.395769,2802.911,8868.569,14738.915,2.711746628,1.400404931,9.714014738,15.12411928,270,1414.57883,1093.401,2833.343,3152.968,3666.579774,3150.692,8185.593,13607.486,2.902992914,1.751157348,8.420004951,16.6666224
s6-ckpt-short,fifo+first_fit+none,6,2.919834625,1.071849089,0.8211901457,0.05787685641,0.9557692308,0.01314930323,2270,1816,0,13428.51257,12051.28,21330.732,22300.462,15340.36422,14328.751,23780.699,28381.48,29.09100135,12.72186176,123.4966534,234.4787333,29.09100135,63008.02083,438,13772.46015,21863.081,0.8245896341,0.8810131289,0.257803508,0.9421231436,234.8061889,0,0,234.806049,0.0001398787879,0,0,0,0,0.9868506968,1.317467547,0.04423076923,0.9557692308,1040,183200.842,0,0,4449,732,13439.23411,12226.706,21194.78,22387.79,15499.80592,14439.832,24579.764,29612.418,33.33190848,11.90870038,147.9948437,281.7212282,535,13113.27321,11632.038,21397.116,22175.69,14923.02007,13680.648,23332.689,28205.48,26.68182453,13.32274925,96.64415412,197.6140146,372,13824.18881,12740.604,21301.86,22300.462,15104.02249,14310.3,23089.331,24884.818,26.01459159,14.46091128,95.30764242,173.8103256,177,13505.42397,12247.566,21603.385,22701.842,16439.16034,15407.148,25779.642,47288.69,25.29998447,11.13844506,116.3813794,228.055938,776,13309.87549,11760.825,21401.216,22396.986,15309.19839,13854.947,24213.406,29821.156,29.88581683,12.39824634,126.5503667,267.5582265,660,13379.77184,11852.883,21397.116,22387.79,15174.49576,14424.645,23598.507,27680.79,26.92574555,12.92579464,102.7177193,228.055938,170,13911.87941,12376.226,21218.534,22596.699,15847.45389,15476.52,23133.133,28205.48,29.21487843,12.56638906,120.628039,194.2883407,210,13628.79296,12740.604,21154.013,21322.149,15566.32907,14574.305,23391.155,27820.87,32.85877711,12.58887107,139.8675033,209.5242833
s6-ckpt-short,fifo+first_fit+none,7,3.481406746,1.188618539,1.291364619,0.04123866806,0.898637138,0.06154778202,2450,1960,0,18396.71384,18198.092,33543.696,35921.07,22183.10177,20621.961,39453.685,62179.331,32.59079641,12.09236715,136.9506333,334.0842017,32.59079641,70487.363,434,18544.01694,34374.928,0.8023985597,0.8347074728,0.2292295912,0.9587613319,329.95022,0,0,329.9500756,0.0001443636365,0,0,0,0,0.938452218,2.009945543,0.101362862,0.898637138,1174,418413.65,0,0,4691,777,18464.41553,18255.064,34259.878,36059.711,21775.25142,20497.344,37402.791,52104.628,31.64213657,12.49742043,138.0651553,254.5919063,622,18188.53898,18063.024,33116.943,35912.686,23788.41268,21266.656,49101.987,89000.02,22.79948652,9.388763546,77.64168054,259.204711,365,18701.678,18623.653,34082.802,35842.275,21165.19393,20608.822,38489.591,44930.331,45.82572632,15.97962276,165.1384214,473.8308167,196,18221.04358,17633.875,34265.15,35563.773,20601.12579,20006.678,36895.58,47672.281,42.77729662,11.8455436,240.2977995,588.309,786,18866.9188,18337.459,34489.35,36059.711,22962.30242,21220.957,40302.011,62179.331,32.22330946,12.22428126,135.3265859,334.0842017,633,18701.65873,18889.062,34634.185,36466.35,22583.83078,21140.282,41520.414,64799.9,34.90334552,11.53081386,152.9543607,435.3455833,148,18720.65075,18741.873,34381.041,35291.589,22178.82014,21351.224,37402.791,49101.987,32.70207724,11.75239363,122.48744,254.5919063,393,16843.14162,16310.475,31770.585,32445.362,19980.86391,19231.436,35512.83,58263.589,29.55907021,12.94296425,126.6842974,239.1167167
s6-ckpt-short,fifo+first_fit+none,8,0.5334811571,0.1379668344,0.1823197846,0.03517266094,0.1356725146,0.04234936249,2060,1648,0,1052.103086,160.234,4735.827,6110.449,2574.306576,1638.23,7630.737,13202.824,3.741814701,1.193457057,15.89630713,36.10344924,3.741814701,6613.600162,397,1173.244499,5088.182,0.7181101191,0.4134830619,0.1311836703,0.9648273391,96.00222667,0,0,96.00211382,0.0001128484849,0,0,0,0,0.9576506375,1.790435196,0.8643274854,0.1356725146,855,158093.299,0,0,2973,696,1104.711944,204.653,5180.444,6264.763,2284.461055,1503.54,7325.142,11042.789,4.622315646,1.249257814,20.35864584,44.48596503,505,1012.75004,151.416,4458.742,5801.454,2381.267842,1512.969,6047.474,14322.84,3.341751527,1.20475427,12.95062146,24.52121572,311,972.2095659,123.235,4634.346,5869.201,3215.077084,1976.627,9160.828,15792.415,2.581671571,1.090667558,9.902034983,21.36795965,136,1111.694316,119.57,4945.686,5821.384,3309.140522,2055.419,11138.25,14700.107,3.374224685,1.149760759,17.85832403,27.76584534,793,1006.369748,72.765,4727.715,6238.022,2571.733652,1561.091,7630.737,15792.415,3.768323799,1.10000149,17.13380764,35.49851786,627,1078.101263,85.157,4791.45,5829.262,2590.355305,1587.606,7546.552,11254.226,3.771349978,1.134583291,15.47773664,41.40125463,168,1153.115958,478.3,5264.449,6317.017,2581.267702,1852.025,8043.375,12290.832,3.450984636,1.249257814,17.31515037,36.10344924,60,1102.028367,1018.835,1880.368,1964.437,2421.1117,1900.425,6121.624,9134.713,3.897133321,2.355090423,15.46608884,26.58289003
s6-ckpt-short,fifo+first_fit+none,9,1.437772847,0.340580467,0.5750543345,0.04351567168,0.4209944751,0.05762789825,2150,1720,0,4852.340627,3499.007,14937.259,16419.484,7296.092841,5762.905,17590.146,24888.108,10.13895364,3.637174381,39.24110987,105.142,10.13895364,28459.1482,368,5352.395054,15122.705,0.7779453926,0.6960839484,0.1984555329,0.9564843283,219.4924578,0,0,219.4923422,0.0001155555556,0,0,0,0,0.9423721018,1.830446102,0.5790055249,0.4209944751,905,241476.852,0,0,3963,686,4702.908879,3453.32,14453.761,15867.353,7126.106694,5594.525,16999.213,24888.108,8.685399536,3.602953086,30.53547193,81.74478185,515,5011.267089,3571.426,15001.676,16609.395,7460.227957,5795.759,17514.688,23125.211,9.443139574,3.513801092,38.96873957,90.16746656,356,5009.65411,3507.948,15063.73,17226.579,7772.806601,6125.004,19688.017,27301.816,11.30955034,3.336429663,47.46304034,138.4083346,163,4635.527442,3412.076,13865.565,15862.865,6451.742006,4745.066,15852.101,21808.782,15.89815573,4.54910825,57.86793333,224.9314167,815,4970.092892,3663.554,14953.086,16367.669,7495.238688,6034.175,17590.146,23553.316,10.79848216,3.661296453,39.0237131,125.3448599,622,4825.644174,3340.384,14979.634,16707.342,7300.271257,5589.06,17762.376,28356.286,9.88416865,3.438387972,41.95721188,92.79479709,173,5188.738682,3760.798,15063.73,15801.406,7260.713023,5548.155,17764.272,24695.028,9.771120483,4.069423129,37.30752085,112.8563981,110,3601.7973,3097.294,7335.131,7825.498,5852.618918,4804.845,11076.444,20255.789,7.271641461,3.552196022,27.02429956,58.98215
s6-ckpt-short,fifo+first_fit+none,10,4.877783011,1.916001646,1.885120003,0.05191000841,1,0.02475135352,2360,1888,0,38640.88601,40487.557,48966.722,51442.971,41496.50004,42630.87,53636.768,64490.732,60.2685032,29.63714106,220.7584943,498.6994961,60.2685032,138001.1829,420,39422.0541,49097.82,0.8439322148,0.8472860464,0.243704665,0.9480899916,369.0713556,0,0,369.0712167,0.0001388686869,0,0,0,0,0.9752486465,1.574568029,0,1,1042,359181.774,0,0,4665,749,38785.89972,40297.87,49831.071,51658.199,41514.52328,42373.843,53142.359,63690.026,71.20990632,28.12776297,295.6470062,629.7589884,568,38611.19785,40532.936,48826.94,50242.638,42416.34779,43027.305,56158.332,66389.287,56.40210965,29.03360647,186.4926894,432.7657475,388,38120.84471,40356.355,47745.776,49999.331,40469.11871,42308.692,52185.36,62187.995,45.22504267,28.5785327,169.3805524,286.3878131,183,39242.10804,41179.225,48609.21,51689.788,40745.95923,42697.213,51147.115,54513.01,59.38251025,39.70992488,165.2264676,277.231705,846,38930.10858,40658.001,49579.706,51693.721,41659.60742,42615.204,53436.173,63475.91,60.67323393,29.32124966,220.7584943,428.0475667,647,39378.42449,40773.914,48719.193,50925.551,42306.42874,43391.076,53731.289,65047.968,62.99772442,29.77068509,246.4712491,543.5457013,155,37758.79542,40319.767,50026.186,51689.788,40559.02083,42429.229,52912.17,58927.485,55.36855256,30.72842017,228.9229757,331.8591511,240,36202.77913,39668.56,43589.012,43937.219,39343.56909,41887.77,51474.424,66759.909,54.64885332,28.75555462,177.3512165,520.2954862
s6-ckpt-short,fifo+first_fit+none,11,1.01653629,0.1889454881,0.4311815995,0.0379665051,0.3525498891,0.005892808519,2120,1696,0,3870.836426,2520.035,11200.109,12652.453,6692.435864,5305.971,15350.35,27681.004,5.522321183,2.453711329,21.76998206,43.419491,5.522321183,10384.4795,349,4128.271158,11524.225,0.795728727,0.6963068327,0.2080631545,0.9620334949,192.6302911,0,0,192.6301636,0.0001275151515,0,0,0,0,0.9941071915,1.216725503,0.6474501109,0.3525498891,902,257005.194,0,0,3679,676,3896.192161,2565.802,11214.389,12648.12,7147.334393,5874.749,16774.026,34095.638,5.675846631,2.34360015,23.6829716,53.77270064,499,4065.523743,2613.357,11501.517,12736.653,6230.85912,5086.293,14319.978,18607.594,5.661342981,2.762709399,20.21607947,38.01351561,348,3439.572572,2299.378,10915.283,12492.573,6184.324922,4710.138,14989.749,27681.004,5.451018801,2.293972526,20.39009076,45.64368561,173,4077.717197,2913.809,11146.728,12047.748,7268.378046,5971.85,15712.712,34002.074,4.664853836,2.406896428,19.55404626,32.01369805,794,4162.186615,2896.135,11101.993,12652.453,7058.897286,5644.373,15350.35,31914.878,5.790457216,2.569913958,21.26319051,42.20571403,628,3960.778323,2394.025,11417.371,12676.834,6563.299127,5354.633,15161.477,23626.361,5.536961235,2.548606059,22.0877921,43.60057808,154,3512.372968,2307.573,11471.075,12941.323,7003.301571,5109.018,19361.542,29016.85,5.943611414,1.910897154,24.45263681,69.43505201,120,1932.401525,1356.491,5247.329,5314.231,4544.554058,3602.687,9783.672,17412.306,3.130882367,1.761541214,8.544336349,25.66220954
s6-ckpt-short,fifo+first_fit+none,12,0.8922077331,0.1749044998,0.2855700646,0.03637542234,0.3542234332,0.0411343131,2330,1864,0,2404.050933,1953.404,7417.793,9138.82,4929.65535,3986.859,12208.224,21209.909,5.086079737,1.993319,20.15220295,50.99163333,5.086079737,14634.76589,398,2508.510935,7363.642,0.7748407887,0.6275392203,0.1967115124,0.9636245777,174.5579956,0,0,174.557868,0.0001275151515,0,0,0,0,0.9588656869,1.594865741,0.6457765668,0.3542234332,1101,248697.709,0,0,4111,708,2520.32009,2086.373,8032.248,9193.861,4006.84051,3366.548,10201.237,13398.035,6.463893596,2.833529236,25.26654761,54.8779732,594,2392.365998,1946.085,7105.791,9126.941,6198.464579,4693.675,17762.893,30131.386,4.387856908,1.723611974,17.63743795,49.95380777,380,2287.5388,1846.146,7039.394,8672.362,5063.681182,4439.682,11431.379,14826.66,4.05293902,1.748072212,13.60895338,48.81665832,182,2233.154769,1646.883,7379.208,9243.493,4098.613643,3404.258,9876.299,14669.267,4.162154578,1.853265224,12.95734242,49.81816414,763,2306.023346,1872.987,7114.332,8672.362,4806.187813,3826.826,12174.927,21376.639,4.99397743,1.877810087,19.12656078,52.55276618,646,2194.632176,1658.834,7414.772,8918.114,4671.904974,3725.259,11841.301,19259.867,4.807003467,1.805494327,19.01179664,50.99163333,155,2111.671658,1629.394,7003.471,9138.82,4963.8722,3494.61,13172.674,29684.858,4.103562581,1.676737127,18.63561411,49.40367689,300,3255.378777,2712.389,9126.941,9291.946,5781.018227,4818.301,12684.679,20244,6.428904702,2.917737156,22.41173518,48.81665832
s6-ckpt-short,fifo+first_fit+none,13,0.6045998221,0.09789147844,0.2325034061,0.04078806629,0.1835443038,0.04987256745,2180,1744,0,1513.506224,388.288,6039.366,7961.772,3654.021108,2458.252,9977.187,15040.678,3.304437075,1.250000195,11.27889187,32.23212565,3.304437075,8949.212963,386,1753.764021,6668.341,0.8017548888,0.4465051544,0.1615735504,0.9592119337,174.2610489,0,0,174.2609626,8.630303034e-05,0,0,0,0,0.9501274326,1.655325101,0.8164556962,0.1835443038,948,211460.436,0,0,3508,686,1519.997592,438.848,6018.508,8457.828,3650.54137,2600.859,9788.464,12993.646,2.504092009,1.262769106,7.702086391,16.38108272,529,1623.647675,562.586,6120.41,7569.886,3614.953603,2339.881,10029.939,14555.811,4.004609511,1.400526646,18.24781553,37.57391472,355,1449.938758,290.54,5929.631,7607.676,3347.170794,2117.939,8977.559,18786.729,4.14508636,1.193620995,17.14136667,60.53220747,174,1282.750736,125.868,6034.903,7961.772,4412.559454,3190.899,11643.265,17705.717,2.616017541,1.07230689,8.644012094,20.6994052,796,1458.8113,353.047,6047.813,8251.401,3612.295288,2456.346,9989.498,15678.949,3.061561446,1.202167607,9.586295907,32.23212565,640,1406.152611,261.611,6003.816,7708.267,3444.157231,2386.295,9311.646,13374.535,3.500827943,1.178076874,12.67025503,44.05098863,158,1172.512867,0,7224.382,8183.411,3386.442335,1812.988,9725.895,18464.159,2.749471137,1,12.13642283,25.07149615,150,2620.975707,2195.835,5989.705,6105.866,5052.71498,4396.791,11475.69,21768.312,4.339926831,2.505028761,14.37203475,29.31571409
s6-ckpt-short,fifo+first_fit+none,14,1.485248784,0.3660500673,0.4525742354,0.06076804354,0.476340694,0.1295157438,2180,1744,0,5105.20819,4042.181,11755.791,12644.327,7118.549044,6008.952,14287.957,20925.779,11.50775465,5.312828509,42.17567447,89.43993455,11.50775465,20820.90105,408,5376.030301,11931.846,0.8364049524,0.8097648923,0.2604913521,0.9392319565,257.9931111,0,0,257.9929644,0.0001466666667,0,0,0,0,0.8704842562,2.696395437,0.523659306,0.476340694,951,191120.953,0,0,4056,646,5309.26563,4083.882,11825.61,12664.735,6752.758672,5609.823,13727.346,17539.29,16.28025007,7.85832496,57.4241596,109.9269333,565,4935.035457,4030.961,11605.07,12548.443,7319.962382,6399.319,13996.259,17404.38,7.447424445,3.956979219,29.16844457,49.99739169,363,5007.087309,3951.764,11759.418,12422.783,6656.565755,5749.335,13444.598,16397.748,11.89604592,5.957227626,41.63178435,101.4323008,170,5104.880947,4086.975,12003.192,12963.939,8825.6195,6488.876,21635.136,37107.158,6.03778283,3.494103811,19.85964663,36.3533835,793,5162.469129,3981.984,11682.245,12433.904,7160.853937,6071.579,14362.138,20600.218,11.04224723,5.397120174,39.08903735,82.2323576,638,5229.706223,4067.069,11951.601,12793.515,7210.45285,5982.886,14065.037,21635.136,12.42628675,5.261974314,48.43216747,101.4323008,163,4858.895006,3979.109,11768.195,12695.493,7132.477417,5380.403,15043.845,37107.158,10.52988284,4.820138125,33.43339609,60.34004091,150,4540.617393,4574.565,6729.699,6779.123,6488.864153,6276.155,11622.251,15915.189,11.12453469,5.60586772,44.06722297,96.01251857
s6-ckpt-short,fifo+first_fit+none,15,4.113830768,1.424934225,1.540188706,0.05886557531,0.9854014599,0.1044408016,2360,1888,0,30602.93664,31305.562,40006.998,41755.22,33649.49461,34204.32,45738.228,54525.513,44.46133203,20.91259925,164.1785301,380.2954208,44.46133203,101180.823,412,30611.94334,40089.073,0.8259538066,0.8666493936,0.257752216,0.9411344247,406.7423289,0,0,406.7421966,0.0001322828284,0,0,0,0,0.8955591984,2.209816515,0.01459854015,0.9854014599,1096,367558.817,0,0,4619,778,30864.36283,31696.962,39925.678,41755.22,33392.43772,34096.647,44264.437,53034.17,44.95319608,22.83121065,159.494333,337.8943046,566,30169.49788,30797.592,40014.132,41852.96,34376.11742,34526.56,47612.444,59769.603,31.42615131,13.44858779,112.8616994,302.5298185,364,30702.22286,31657.513,40075.866,41498.264,32836.07339,33401.073,43974.927,57479.944,69.44602817,34.80815733,256.0515115,544.0749,180,30635.13982,30471.449,39713.381,41396.65,34120.64504,34221.104,47250.855,54525.513,32.79918015,18.19360727,115.464586,214.5277035,792,30541.82393,31038.296,40069.164,41430.616,33711.82396,34215.222,45845.897,53305.103,43.58748816,21.07158447,161.3224223,416.3648272,611,30877.19255,31787.355,39738.587,41308.695,33818.22232,34299.925,44755.14,54771.15,45.38813345,21.70130392,167.5448568,372.5759677,155,31593.39119,32708.176,39831.466,41540.494,34198.93315,34089.326,47248.248,59769.603,52.26451253,23.84951973,158.9882766,517.0787787,330,29776.60466,31141.199,40423.189,41920.38,32929.43264,34054.053,45975.261,52436.636,41.17744022,18.0117106,169.7385657,293.0793939
s6-ckpt-short,fifo+first_fit+none,16,2.58731232,0.8448488707,0.9233117803,0.05455475097,0.6837060703,0.08089084739,2150,1720,0,9086.280401,8224.02,23983.381,24815.364,10747.53007,9712.624,25250.555,29368.257,23.92689855,9.094049628,97.3420691,199.6640167,23.92689855,52740.07313,397,9416.524549,24288.979,0.8429035896,0.7852548902,0.234890603,0.945445249,207.1736067,0,0,207.1734668,0.0001398787879,0,0,0,0,0.9191091526,2.378498007,0.3162939297,0.6837060703,939,171149.195,0,0,4119,669,8788.00422,8030.95,23918.492,24960.108,10208.32819,9083.594,24989.83,29786.669,27.32686566,10.23526325,117.2072526,199.6640167,528,9136.324386,8251.821,24025.119,24722.113,11146.10015,10101.833,25552.448,29367.893,20.98178409,7.902228169,91.152393,193.3695833,355,9472.418645,8253.159,24034.133,25006.474,10903.96547,9830.609,25225.364,29104.053,27.70982422,9.575844185,117.4841162,296.0408916,168,9300.83078,8823.91,23718.012,24576.549,11311.49724,10561.294,25484.904,28106.033,11.65013556,7.64811434,42.47170192,71.56219751,781,8734.10679,8145.864,24255.272,25006.474,10434.81465,9262.735,25231.222,28476.745,23.1903203,8.503561209,91.152393,199.6640167,631,9360.353239,8251.821,24020.782,24931.685,11000.13377,9751.558,25437.121,30156.933,24.59953612,8.69654907,98.67942397,235.3890122,158,9333.349266,8240.019,23966.336,24494.797,10983.37082,9725.513,25830.717,28208.153,21.25186941,9.720059446,89.26605677,124.6933951,150,9506.752053,10531.409,19094.231,19172.58,11064.69647,11739.815,21023.358,29670.832,27.75015128,11.88571199,99.65504425,190.0697331
s6-ckpt-short,fifo+first_fit+none,17,3.441314021,0.9195632276,1.414997925,0.05709587012,0.9962997225,0.05335727562,2420,1936,0,22190.66406,23834.497,36755.119,37972.573,25060.02796,26041.533,39814.199,47258.469,30.14319551,14.82113582,105.9505319,249.7629167,30.14319551,69529.31841,452,22310.34829,37091.721,0.8414606695,0.8691563526,0.2611593589,0.9429041299,394.0038111,0,0,394.0036685,0.0001425858586,0,0,0,0,0.9466427244,1.69043098,0.003700277521,0.9962997225,1081,303103.178,0,0,4747,738,22227.33029,24258.775,36527.815,37934.186,25264.96143,26624.888,39202.508,45397.552,25.85383383,13.28624995,92.092744,212.9345048,606,22009.22033,22666.361,37024.365,38104.33,25295.86897,25699.184,41242.731,46336.502,27.32573881,11.5415989,97.07315698,224.2315209,402,22001.77587,23351.65,36722.639,37740.065,24056.10664,24523.326,38456.45,49249.025,43.70412168,23.72631612,141.2767444,318.86425,190,23026.60229,24590.391,37055.769,37477.73,25635.90068,27167.586,40390.61,48377.648,27.09811841,14.03090463,92.63278821,216.8112038,855,22556.99385,24117.91,36959.819,37965.044,25400.4352,26281.739,39809.775,46380.53,30.29074271,15.07440345,114.1057236,263.4162011,645,22550.27372,24027.929,36923.793,38017.446,25384.98949,26177.641,39737.117,48377.648,29.25915959,14.29268336,100.1057093,218.5495055,166,22495.40359,24014.56,36523.627,38619.451,25051.32118,25769.035,38870.466,44370.866,36.68157089,17.13600839,135.1504854,299.3486075,270,19984.1938,14607.812,33185.114,33269.583,23211.12777,17689.162,41444.882,51331.198,27.7679362,14.66508411,86.73766298,249.7629167
s6-ckpt-short,fifo+first_fit+none,18,3.164052689,0.7925952014,1.321132068,0.03805070342,0.9433497537,0.06892496304,2540,2032,0,17179.42446,15198.463,34316.917,37775.98,21251.01382,18157.354,39800.296,60960.991,24.15932735,10.51885055,91.32148902,204.3924366,24.15932735,64244.33267,471,17826.25186,35187.8,0.7864902784,0.9206357628,0.2623310571,0.9619492966,332.9363422,0,0,332.9361981,0.0001441616162,0,0,0,0,0.931075037,2.069018319,0.05665024631,0.9433497537,1218,476334.583,0,0,5008,809,17023.72487,14753.479,35142.169,37568.683,23739.3642,20325.326,47317.766,75087.371,15.75060395,6.123921836,64.57036133,154.6082402,629,17228.85718,15758.304,32515.319,37254.06,19858.80029,17561.637,36651.038,45145.037,32.5882881,14.90703693,128.6277275,258.4544992,400,16802.68679,14550.389,34383.002,37317.988,18186.76203,15989.649,35672.462,38684.161,29.51549877,16.01913382,89.84599562,188.7897929,194,18445.21238,16227.307,35602.541,38462.867,21706.31054,19016.999,38781.942,47485.649,20.85196829,10.38879961,76.05178739,156.822281,814,16422.23549,14605.028,32685.289,36632.353,20113.13003,17478.707,37849.14,55335.135,23.93918793,11.02659723,95.36750481,162.8037634,634,17362.81052,15198.463,35185.026,38462.867,22182.65659,18373.905,42552.98,69143.745,22.68942064,9.90554956,82.14350538,204.3924366,164,17194.37218,15840.904,35171.769,38802.507,20919.63793,18080.984,39278.343,73524.733,24.17331734,10.5596312,94.71480004,188.7897929,420,18364.26644,15888.695,35203.792,37016.544,22179.39842,19210.42,41465.285,50912.378,26.79937491,10.52394187,95.94118271,221.2471482
s6-ckpt-short,fifo+first_fit+none,19,0.7185994725,0.1678483111,0.2264798578,0.03735543328,0.2393822394,0.04753363092,2240,1792,0,1722.993429,962.85,5882.902,8493.087,4397.69978,3070.188,12289.071,27851.136,4.810474063,1.506466211,19.33920073,50.5313014,4.810474063,12367.10695,372,1794.447489,5559.658,0.7767635006,0.5120325962,0.1664056659,0.9626445667,205.8677289,0,0,205.8676322,9.672727278e-05,0,0,0,0,0.9524663691,1.895459686,0.7606177606,0.2393822394,1036,272201.284,0,0,3595,734,1599.677719,970.146,5300.55,8260.069,5531.501797,3585.367,17484.912,42543.581,3.219042328,1.332016523,10.81298528,32.46101171,506,1790.084148,808.882,7123.38,8348.559,3355.090628,2403.871,9247.405,15317.015,5.94579548,1.868234606,22.89125357,50.69493401,365,1762.727951,1049.616,5524.98,8555.184,3931.765641,2844.492,11844.259,24255.929,6.101564961,1.646645486,34.52046325,59.02165,187,1947.927791,1050.743,7057.368,8505.209,3677.996631,2930.815,9225.572,16715.139,5.464966464,2.130165665,22.48934897,50.80026667,756,1665.76677,893.257,5524.98,8237.511,4296.661175,3104.402,11637.798,29987.058,4.523193668,1.436593581,16.83459848,43.75423771,653,1550.950827,748.706,5180.229,8161.907,4331.46192,2900.443,12217.538,27851.136,4.866977928,1.383388255,20.58576721,47.51796667,170,1353.0315,486.573,4828.699,7546.11,4068.937947,2783.976,12527.443,27094.338,3.346546661,1.314108144,9.929760366,32.46101171,213,2748.818315,1971.683,8465.302,9012.567,5221.774991,3860.983,14184.149,19822.415,6.825284456,2.378007216,24.98751628,64.45859594
s6-ckpt-short,fifo+first_fit+none,20,1.565873539,0.3823663532,0.5492658835,0.04242125235,0.4522560336,0.1395640168,2180,1744,0,5177.799647,3211.479,14267.394,15199.695,8264.338217,6303.002,19811.987,33383.04,10.74313424,2.75081073,44.05560955,162.5279197,10.74313424,21139.81825,387,5431.579661,14825.26,0.8065744337,0.6342941763,0.2046195491,0.9575787476,250.2840489,0,0,250.2839345,0.0001144242425,0,0,0,0,0.8604359832,2.591865522,0.5477439664,0.4522560336,953,290213.815,0,0,3818,696,5276.380891,3352.175,14423.571,15356.565,10398.48554,8181.046,25589.956,43623.633,7.237226052,2.015095526,31.20003452,90.25828213,503,5144.561539,2929.654,14407.992,15154.401,6488.225541,4500.988,15828.577,17763.623,16.79946724,4.066067453,75.0172947,191.8466643,346,5173.439728,3208.31,14131.317,14970.833,7601.843254,6287.99,17011.879,22576.542,6.481612222,2.629200734,27.23607868,53.58233038,199,4924.607457,3200.522,14147.344,15462.406,6441.430668,4679.314,16574.901,23575.662,15.10626596,4.739504025,62.32053327,176.2439333,791,5171.040153,3433.628,14134.182,15356.565,8105.759355,6037.667,19320.829,33877.51,10.54507636,2.886405341,42.26551102,131.6678287,629,5379.759866,3679.995,14101.385,15178.994,8705.080787,6693.416,21038.905,33863.018,11.33358839,2.75081073,47.62521248,176.2439333,174,5458.928782,3455.73,14193.178,15889.773,8140.69677,6740.719,17465.327,27147.759,10.40070149,3.088524907,43.76583152,172.2262956,150,4040.448393,1848.519,14956.558,15137.084,7395.82098,3946.55,20174.361,38826.448,9.708810327,1.625299597,56.46346965,141.5944812
s6-ckpt-short,fifo+topology_aware+easy_predicted,1,0.5865681764,0.07654681689,0.2453618093,0.02700076366,0.2273127753,0.01034601125,2390,1912,0,1134.717922,0,6373.368,11913.248,4382.871415,2125.686,13834.398,48633.587,2.686251562,1,8.819595785,26.31221667,2.686251562,5800.707379,435,3656.631644,11681.803,0.8336849912,0.3208477209,0.1289353319,0.9729992363,189.3316267,0,0,189.33152,0.0001066262627,0,0,0,0,0.9896539887,1.313531394,0.7726872247,0.2273127753,1135,366932.364,181,160,4064,770,1260.624755,0,6878.409,12281.484,3552.760487,2315.705,11480.368,17468.546,2.734158107,1,7.890724817,28.44617302,557,1017.817149,0,6093.155,12060.636,2711.785905,1487.005,9235.755,14835.905,2.865011504,1,11.8605719,28.29258934,396,1021.602689,0,4674.543,11681.803,8415.030058,2345.163,48633.587,86400,2.227370242,1,7.935434856,16.43053616,189,1203.284598,0,6417.612,12715.473,4241.311735,2950.003,13015.547,18448.199,2.92572074,1,8.531706288,48.11194484,777,956.9212342,0,5911.233,12145.215,4237.148682,2048.532,13184.449,54805.593,2.327593769,1,7.563006251,21.58529159,609,1043.515342,0,6516.551,12715.473,4024.515642,1787.289,14119.095,39352.127,2.632739085,1,9.333308622,28.29258934,166,921.9874398,0,4530.895,11638.762,5051.867777,1949.298,15199.784,81318.175,2.321098262,1,7.242289285,29.67522909,360,1770.839194,788.178,7167.518,11657.309,4995.126506,2965.454,13943.385,50182.692,3.719256146,1.484974293,11.85845381,26.44927607
s6-ckpt-short,fifo+topology_aware+easy_predicted,2,1.561190799,0.1708613565,1.092604425,0.05967695063,0.1974050046,0.04064306169,2330,1864,0,2951.014115,0,28380.823,41816.066,6187.883101,2635.486,32809.93,46075.965,4.528150352,1,19.68635876,72.97230701,4.528150352,11349.66285,383,11377.80825,41790.453,0.819783877,0.2994755361,0.11424792,0.9403230494,421.5156644,0,0,421.5155545,0.0001099797981,0,0,0,0,0.9593569383,1.795548576,0.8025949954,0.1974050046,1079,316219.349,186,152,3995,748,2819.542166,0,30024.329,41446.127,7478.002265,3334.349,34448.16,49473.556,3.331309968,1,13.02544374,40.03789412,567,3120.206339,0,28380.823,41941.456,5587.249489,2495.738,31650.517,45589.377,4.821406761,1,19.68635876,76.74022412,367,2824.766872,0,27101.645,41816.066,4553.470896,1899.965,27949.519,43795.615,5.981528869,1,22.61858464,125.5202665,182,3218.826011,0,29144.485,42979.86,6052.605093,2410.235,34142.899,43839.515,5.602712486,1,31.19539519,63.74579773,785,2725.138325,0,19519.028,41790.453,5908.040945,2629.739,31253.212,45260.57,4.272114524,1,18.31192825,72.97230701,640,2780.146747,0,26528.006,42815.94,5845.408502,2459.267,31650.517,47087.188,4.269039315,1,17.44680702,63.74579773,139,2864.298043,0,33670.707,40498.794,5766.481964,1890.922,33820.721,45831.665,5.311451844,1,18.12515876,98.7253516,300,3946.751263,420.363,31668.531,36351.738,7845.998413,3519.684,34697.818,43795.615,5.387951292,1.206213487,23.11594638,68.5964345
s6-ckpt-short,fifo+topology_aware+easy_predicted,3,0.6307711061,0.1046587155,0.3026148538,0.03426350101,0.1689259645,0.02030807126,2270,1816,0,1374.684295,0,7860.538,9919.668,3944.812444,2223.886,12595.227,23243.76,3.099985577,1,12.05860156,28.98619903,3.099985577,7046.910472,426,3995.909667,9873.608,0.8558441688,0.2747028448,0.132352591,0.965736499,179.3213333,0,0,179.3212322,0.0001011313131,0,0,0,0,0.9796919287,1.418160279,0.8310740355,0.1689259645,959,242813.587,218,193,4060,725,1500.192539,0,8061.977,9901.149,5187.47783,3162.761,15125.442,30617.045,2.929042117,1,12.16059876,27.85791138,543,1116.52619,0,7230.179,9863.622,2747.973343,1473.518,9337.246,13293.454,2.854986363,1,10.6057707,30.5771285,359,1488.450136,0,8662.316,9975.074,3706.793749,2444.325,11911.667,16326.394,3.316245508,1,14.92059191,27.49674327,189,1418.834751,0,7831.287,11810.906,3068.62164,1811.897,9852.367,13790.85,4.048828256,1,13.00113434,93.98450364,857,1373.998732,0,7787.185,9863.622,3978.46328,2300.889,12934.597,25739.772,3.334173764,1,13.10509105,31.60106128,652,1158.727494,0,7542.261,9978.381,3507.717779,1916.374,11659.803,15277.054,2.8128649,1,10.04433598,27.91882924,161,1245.229348,0,7757.73,9950.523,4263.548671,2139.153,13435.487,30617.045,2.23679769,1,8.351723242,18.82513434,146,2485.87339,1225.421,8911.483,9919.668,5347.760541,4182.045,13124.096,23243.76,3.959414713,1.574565604,19.82613224,24.02928472
s6-ckpt-short,fifo+topology_aware+easy_predicted,4,0.8748052889,0.1141127808,0.3406790025,0.04062415354,0.2669322709,0.1124570812,2270,1816,0,1471.008117,0,8849.269,12206.19,4024.18252,2461.23,12931.338,18411.233,3.427712279,1,13.14788311,46.05256667,3.427712279,7553.933742,411,4355.446462,11966.039,0.8619846011,0.2346696846,0.1424082217,0.9593758465,221.1574111,0,0,221.1572988,0.0001122828283,0,0,0,0,0.8875429188,2.425493838,0.7330677291,0.2669322709,1004,272277.254,200,176,3978,698,1613.9546,0,9920.654,12708.64,3507.710775,1801.02,12928.036,17393.248,4.898963932,1,24.79746307,60.29462855,559,1307.076628,0,8168.467,11621.633,4889.126737,3202.047,14721.417,22008.584,2.019779995,1,6.650191793,13.81719964,375,1363.571709,0,8849.269,11592.584,3791.071661,2416.855,11663.148,15016.468,2.403555249,1,7.870992136,24.09954904,184,1645.734799,0,10809.266,12991.991,3830.758788,2351.424,12067.599,14252.341,4.211187163,1,15.80615292,64.86059486,812,1149.999707,0,8150.161,11621.633,3851.942983,2185.036,12579.392,18498.758,2.606990097,1,8.423718698,28.45994782,597,1191.92439,0,8221.593,11620.118,3696.883913,2327.376,12560.565,18500.185,2.85954263,1,10.32841092,38.95566932,137,1573.158511,0,9321.992,11835.596,3830.277664,2166.124,12946.253,14651.699,3.164884212,1,13.85239965,28.19764275,270,3001.664448,1640.7,11110.817,13049.858,5364.25933,3732.944,13654.874,19833.009,7.285605378,2.323003752,34.62089798,90.74644979
s6-ckpt-short,fifo+topology_aware+easy_predicted,5,0.231851241,0.0273253952,0.07159273453,0.03896902475,0.08267716535,0.01128692113,2300,1840,0,340.2399391,0,1859.649,4599.597,2536.295207,1718.992,7310.069,12879.222,1.386792925,1,3.148386179,7.59989264,1.386792925,3393.146935,386,1118.436187,4480.893,0.8142210413,0.2284753715,0.1121927443,0.9610309753,176.4517133,0,0,176.4516384,7.494949498e-05,0,0,0,0,0.9887130789,1.297497954,0.9173228346,0.08267716535,1016,197673.601,213,181,3711,731,299.8133639,0,1610.937,4149.655,2479.445932,1613.203,7140.153,14379.291,1.323342429,1,2.639456112,6.352787882,559,380.2935313,0,2432.083,4599.597,2236.076106,1628.114,6390.33,10126.524,1.435607885,1,3.588545402,9.045921909,378,335.4972646,0,2045.958,4009.944,3018.25495,2367.741,7816.1,12879.222,1.300516186,1,2.630287085,6.688054176,172,392.301564,0,2059.848,6982.26,2694.426105,1658.689,8059.987,14734.819,1.68741709,1,4.227516294,17.95231667,824,359.4705995,0,2117.958,5642.264,2580.511908,1673.591,7612.259,13631.779,1.366578743,1,2.81150449,8.088493384,586,314.1247253,0,1994.772,3866.732,2445.330551,1717.059,6699.557,11151.189,1.364976182,1,3.161192951,7.32382074,160,224.1524062,0,1500.892,2821.73,2451.73775,1689.935,7017.101,14738.915,1.264155001,1,2.316145146,7.101169755,270,407.0231111,132.879,1469.37,3065.293,2648.8875,1877.962,7375.786,11253.638,1.568508348,1.071081931,4.060102406,7.899914894
s6-ckpt-short,fifo+topology_aware+easy_predicted,6,0.5957845051,0.116445052,0.2450058954,0.04247228639,0.1913461538,0.0005151174312,2270,1816,0,1401.455703,111.697,6364.123,9887.67,3303.101758,2161.157,10162.244,15458.253,3.414306619,1.0851164,13.41660348,32.91353333,3.414306619,6993.638828,438,4206.429434,9664.281,0.9192013605,0.3737546413,0.2082176876,0.9575277136,169.5378089,0,0,169.5376987,0.0001101818182,0,0,0,0,0.9994848826,1.063208123,0.8086538462,0.1913461538,1040,163913.795,257,222,4281,732,1318.896721,172.878,5540.268,9887.67,3369.384363,2279.584,10184.461,15017.02,3.430674297,1.095647166,13.41660348,38.03588995,535,1485.976879,39.793,6916.046,9664.281,3286.836301,2184.199,10226.235,15458.253,3.451147408,1.04382242,14.12340323,30.23638333,372,1460.222266,107.053,6588.656,10468.941,2734.40554,1743.659,8472.899,13043.195,3.289545484,1.119957242,12.28099004,36.30860334,177,1363.903073,222.097,5765.82,9505.278,4273.373763,2530.774,12441.299,27389.032,3.49747148,1.073693045,12.6602475,60.07271072,776,1341.456832,5.854,6705.41,9856.788,3324.282329,2040.999,10590.282,16868.975,3.415169451,1.005889047,14.12340323,32.91353333,660,1406.923973,175.142,5636.212,9423.54,3195.026077,2184.199,9617.353,12805.558,3.251414167,1.111500977,12.05363078,32.88856915,170,1175.012041,66.834,5752.822,10370.049,3106.545288,1861.59,10494.131,14569.556,2.997895625,1.042564364,11.76637637,38.09444763,210,1789.291362,862.947,6867.144,11917.817,3723.618071,2528.748,11740.432,16752.838,4.260160571,1.586024367,16.57363986,35.64561667
s6-ckpt-short,fifo+topology_aware+easy_predicted,7,0.5494578398,0.07308978991,0.2295854516,0.02588685884,0.1908006814,0.03009505803,2450,1960,0,955.7227439,0,5963.571,11541.331,4725.601988,2127.974,16383.72,41059.091,2.376160658,1,8.421282938,24.92750919,2.376160658,5333.28625,434,3487.615876,11418.814,0.8416847849,0.3138989161,0.1435681481,0.9741131412,203.8563556,0,0,203.8562463,0.0001092525253,0,0,0,0,0.969904942,1.565792918,0.8091993186,0.1908006814,1174,408265.74,198,166,4128,777,901.6258314,0,5102.938,11785.972,4199.818699,1904.132,15087.857,31856.608,2.353063175,1,9.167485132,23.99809885,622,920.6316463,0,5608.317,11196.602,6489.190772,2623.35,33180.079,73347.309,2.138737043,1,6.369980363,22.05625513,365,1094.112989,0,6413.338,13091.02,3549.405932,1870.145,13097.72,24778.908,3.05737075,1,14.05575488,34.46714148,196,1023.822357,0,6405.539,11572.566,3403.627255,1790.57,12164.437,18297.788,1.952602234,1,5.48877353,19.48227304,786,855.2165407,0,5492.613,11541.331,4916.637641,2007.637,18140.272,48141.762,1.995120171,1,6.369980363,21.04559835,633,897.3593997,0,6057.536,11702.718,4770.962218,1979.993,17661.462,41541.625,2.40367743,1,8.092391201,27.45401308,148,922.4407095,0,7746.733,13398.462,4377.319466,2051.58,13177.012,29334.663,2.13809398,1,6.208484262,26.17401782,393,1263.273924,367.233,6058.643,10485.297,4401.629377,2415.036,14593.086,41059.091,3.183574332,1.166960314,11.77337695,32.42893237
s6-ckpt-short,fifo+topology_aware+easy_predicted,8,0.1515822482,0.02749302324,0.04625678881,0.02403701569,0.0432748538,0.0105205667,2060,1648,0,179.8052184,0,1201.538,3653.237,1697.158329,860.032,5575.48,12334.941,1.431939809,1,3.1677,11.91966614,1.431939809,2785.6964,397,600.5278514,3134.275,0.7109825128,0.1459806427,0.074171906,0.9759629843,64.85939333,0,0,64.85932917,6.416161618e-05,0,0,0,0,0.9894794333,1.25478346,0.9567251462,0.0432748538,855,158093.299,121,106,2743,696,203.4852213,0,1522.668,3905.103,1379.642366,726.317,5184.041,9222.564,1.593000018,1,4.028781201,17.87806861,505,152.4981901,0,965.773,3058.143,1519.210279,781.135,4636.94,12334.941,1.281300659,1,2.759981848,5.010839192,311,138.9321543,0,1003.225,2756.068,2368.404907,1272.352,7934.927,15792.415,1.269541773,1,2.287520618,6.924032265,136,253.4838235,0,1815.723,3840.824,2447.872956,1256.642,9994.052,14700.107,1.538415213,1,3.678146282,10.25348136,793,145.2029458,0,977.82,3242.121,1703.78031,809.222,5847.418,15792.415,1.39297006,1,2.489414139,13.0883806,627,187.7967018,0,1310.606,3686.005,1696.486815,882.107,5448.061,11138.25,1.407230483,1,2.911633079,10.36784694,168,201.9817917,0,1339.541,3953.271,1628.29997,848.387,5998.813,9222.564,1.364818838,1,3.7991877,4.720705599,60,491.5265167,242.411,1462.458,1677.803,1809.458533,1286.026,4913.661,8173.967,2.393141186,1.338926105,5.309483801,17.85380052
s6-ckpt-short,fifo+topology_aware+easy_predicted,9,0.4374161006,0.05862322612,0.204266445,0.03422587484,0.1149171271,0.02538342756,2150,1720,0,747.1870314,0,5305.9,7639.725,3182.394448,1713.011,10336.104,19515.525,2.083335876,1,6.754469736,17.16643588,2.083335876,5466.098543,368,2527.344342,7519.848,0.8114704006,0.2242029027,0.101780432,0.9657741252,170.9742711,0,0,170.9741914,7.971717173e-05,0,0,0,0,0.9746165724,1.495492062,0.8850828729,0.1149171271,905,221991.582,147,128,3777,686,677.5836822,0,4907.202,7721.448,3087.193592,1697.74,9064.825,20309.472,1.897418782,1,6.487234501,14.22254327,515,793.1099825,0,5643.444,7080.612,3236.519627,1765.197,11020.792,14892.737,2.059345847,1,7.271821502,18.69460373,356,769.002323,0,5305.9,8694.026,3529.124556,1965.084,12209.099,22069.472,2.13095683,1,6.27725162,21.65541864,163,847.3792638,0,5591.064,7295.835,2654.771147,1289.181,8968.362,16573.814,2.837574726,1,6.98024459,33.29136969,815,678.8268209,0,5057.077,7283.534,3195.909479,1715.42,10858.367,17520.631,2.089430412,1,6.754469736,17.16643588,622,703.8504405,0,5486.431,7688.7,3174.682452,1595.033,10138.114,21576.121,1.959008903,1,6.216688716,16.7565248,173,820.0999249,0,5865.945,7721.448,2866.069948,1473.206,10457.609,15302.624,1.93818157,1,5.987358255,22.08175753,110,1384.050673,836.265,4569.54,5682.368,3623.360364,2649.369,8968.362,18986.932,2.969481566,1.419495201,8.753974686,16.64251599
s6-ckpt-short,fifo+topology_aware+easy_predicted,10,1.84270621,0.3302517955,0.9364156466,0.0477698128,0.5201535509,0.008115404329,2360,1888,0,7240.988926,3589.205,24323.759,28962.876,10092.33763,6821.308,28918.089,37674.24,10.03447558,3.334318172,38.05105766,101.021251,10.03447558,21798.5282,420,19415.79476,28566.898,0.9572621074,0.09761102102,0.09642485997,0.9522301872,338.1585689,0,0,338.1584502,0.0001186666667,0,0,0,0,0.9918845957,1.243343789,0.4798464491,0.5201535509,1042,307262.846,227,186,4669,749,6956.170932,3298.731,24005.771,28238.116,9678.210228,6332.529,28236.111,35522.301,11.0602791,3.045019039,47.61490187,120.2545875,568,7392.971055,3748.81,25349.525,29429.788,11192.26672,7804.379,31245.498,46658.509,9.272285393,3.081548436,36.78140007,78.91458275,388,7617.79468,4376.107,24334.356,28962.876,9971.855302,6728.406,26333.529,34049.76,8.895592028,3.623242227,33.83609846,65.62772777,183,7136.082891,3778.845,23292.658,30374.251,8628.779437,6039.467,23854.005,32050.116,10.61635544,4.319163408,38.05105766,97.15409263,846,7343.177283,3474.277,24291.958,28408.292,10070.66179,6734.732,28385.817,37626.08,9.740203632,3.31047678,38.19696621,76.43423184,647,7071.105968,3309.602,23893.005,28566.898,9994.653189,6680.186,28918.089,37568.267,9.680180968,3.076194344,34.60169005,104.7372089,155,6222.779561,3030.519,23292.658,26486.479,9017.220929,6224.946,27417.114,33832.592,8.169081492,2.816279965,28.46376557,79.05023554,240,7996.344658,5008.529,27019.203,31183.244,11126.43217,7969.746,31283.328,39695.311,13.23163714,4.171165285,47.61490187,116.2038248
s6-ckpt-short,fifo+topology_aware+easy_predicted,11,0.2184008495,0.02754246898,0.09342709625,0.02477602938,0.07095343681,0.001701818109,2120,1696,0,383.1723096,0,2426.805,3976.048,3195.417961,1809.958,10278.899,23930.686,1.403195899,1,3.173397056,7.47921016,1.403195899,2852.797034,349,1132.653868,3817.374,0.7843815171,0.1686820774,0.1064880667,0.9752239706,124.0056556,0,0,124.005575,8.056565659e-05,0,0,0,0,0.9982981819,1.103010325,0.9290465632,0.07095343681,902,257005.194,150,132,3117,676,391.3154246,0,2443.945,3817.374,3630.513604,2007.714,12461.357,29243.886,1.368303307,1,3.16557548,7.47921016,499,377.3552906,0,2374.942,4433.143,2533.989832,1653.781,7225.853,13118.289,1.390168457,1,3.320359631,6.255480709,348,374.6802213,0,2210.262,4116.54,3114.083721,1540.834,10987.488,26474.038,1.507701197,1,3.753457588,10.30182439,173,385.2138902,0,2540.258,3545.619,3566.702919,2039.623,11052.617,27238.38,1.366896721,1,2.825301628,7.030374515,794,405.3777053,0,2652.644,4433.143,3292.010684,1892.215,10535.72,24400.136,1.42254461,1,3.430224818,7.880145271,628,310.7300892,0,2195.293,3842.996,2902.649053,1634.615,9532.404,17801.209,1.362624749,1,2.995959634,6.771396656,154,239.6375779,0,1879.739,3724.457,3725.70839,1951.638,14488.35,26474.038,1.239433267,1,2.166057012,8.131607285,120,799.5638,443.58,2816.08,4055.11,3407.914017,2647.967,8781.155,17416.104,1.697656325,1.188730517,3.713396197,7.030374515
s6-ckpt-short,fifo+topology_aware+easy_predicted,12,0.2442236914,0.0311278489,0.07436439677,0.01751123516,0.1144414169,0.006778793661,2330,1864,0,347.3065526,0,1931.644,3726.777,2860.996975,1686.292,9016.338,20139.327,1.530725628,1,3.586498513,10.52664079,1.530725628,3638.285437,398,1085.880646,3723.642,0.789114596,0.2795699889,0.1240098368,0.9824887648,82.41926889,0,0,82.41918412,8.476767678e-05,0,0,0,0,0.9932212063,1.22898676,0.8855585831,0.1144414169,1101,238480.284,186,163,3834,708,353.595709,0,2024.251,3524.356,1834.480469,1162.275,5846.338,9913.322,1.658651689,1,4.28435036,12.70215736,594,334.6545976,0,1835.948,3694.795,4121.693865,2209.303,15091.977,28479.054,1.463533478,1,3.183779043,9.721178174,380,321.4172,0,1801.423,3339.801,3090.611811,2368.947,8407.497,11913.327,1.349609079,1,2.722145591,5.236917593,182,418.1883791,0,2908.952,4129.576,2260.261236,1475.538,6134.016,12484.475,1.63053208,1,3.643066425,16.70306483,763,340.6860852,0,2148.796,4129.576,2827.773685,1616.516,10005.906,20139.327,1.470620392,1,3.429038369,10.52664079,646,285.6385418,0,1801.423,3798.606,2754.524932,1641.463,8718.529,15853.852,1.444087899,1,3.138973423,9.721178174,155,285.5261484,0,1932.733,3205.787,3120.189748,1548.445,9134.131,28479.054,1.489070344,1,3.298764618,15.83738333,300,528.8562667,180.62,1779.519,2682.372,3040.848407,2099.67,8657.09,18473.887,1.891675083,1.100752851,5.060487458,16.18124146
s6-ckpt-short,fifo+topology_aware+easy_predicted,13,0.1881188028,0.02393211859,0.06276645609,0.0312390226,0.06223628692,0.007944918642,2180,1744,0,266.2744874,0,1630.383,3707.18,2400.359627,1557.428,7329.097,12999.49,1.372950344,1,2.757418542,7.363734279,1.372950344,2950.323718,386,844.7274404,3408.623,0.817596338,0.1708527096,0.1126860386,0.9687609774,132.1486044,0,0,132.1485405,6.391919196e-05,0,0,0,0,0.9920550814,1.215349677,0.9377637131,0.06223628692,948,203916.046,183,168,3399,686,265.9233222,0,1522.147,3706.152,2387.8038,1662.175,7329.097,11565.637,1.238484985,1,2.166700434,4.651079497,529,291.7102968,0,1940.148,4190.778,2276.086319,1314.157,6828.232,13887.83,1.505192327,1,3.628778872,11.46483303,355,256.3725155,0,1644.39,3408.623,2152.340251,1485.559,5768.228,17671.932,1.488507958,1,3.472653189,8.577594963,174,210.5305575,0,1221.063,3350.067,3333.697305,2107.444,11136.956,17584.985,1.265273765,1,2.701087975,7.363734279,796,237.3645804,0,1516.767,3408.623,2386.766729,1562.85,7003.266,13516.357,1.365217093,1,2.661845612,9.410449573,640,247.6500984,0,1513.386,4146.02,2275.313866,1557.751,7329.097,10829.723,1.350657203,1,2.547359203,7.372555405,158,211.0244114,0,1451.757,3809.65,2424.858943,1415.416,8448.058,18413.02,1.276058998,1,3.065698579,7.112871081,150,557.3505333,263.121,2625.375,3975.173,2980.215247,1821.538,9235.31,17704.069,1.611164418,1.15968642,3.656521456,7.363734279
s6-ckpt-short,fifo+topology_aware+easy_predicted,14,0.32524513,0.05658279594,0.1136821552,0.04345062549,0.08622502629,0.02530452702,2180,1744,0,547.3896319,0,2952.938,6968.939,2550.425233,1481.264,8882.753,15461.498,2.027525127,1,6.519374793,20.72491566,2.027525127,4016.918727,408,1792.180873,6667.648,0.8325065546,0.3690776002,0.1662697896,0.9565493745,181.1316556,0,0,181.1315548,0.0001007676768,0,0,0,0,0.974695473,1.534077645,0.9137749737,0.08622502629,951,191120.953,201,169,3551,646,545.9873313,0,2952.938,6968.939,1985.388707,1098.839,7476.239,12351.756,2.416351745,1,10.54541667,25.96729792,565,622.456915,0,3833.733,7028.185,2990.957409,2045.829,9300.06,14827.595,1.778827193,1,4.683472984,14.11760223,363,421.1553223,0,2548.468,5377.132,2060.716672,1175.773,6450.372,10886.357,1.934527119,1,5.599987196,19.87093835,170,572.7774294,0,2342.635,8641.75,4279.1142,2135.343,16589.569,31756.379,1.575116978,1,3.666613314,9.253067871,793,570.9452396,0,3236.926,7683.017,2557.587182,1442.783,8538.023,16022.651,1.935585432,1,6.888810127,19.52064682,638,524.2775392,0,2972.667,7301.432,2491.743538,1425.751,9421.994,15461.498,2.081060233,1,6.366993133,25.17036186,163,504.0079448,0,2913.21,6290.388,2776.408025,1584.95,10018.671,25809.39,2.026359444,1,4.450246183,27.01203829,150,568.3038533,73.747,2125.859,3968.232,2516.587247,1792.559,7710.508,11637.873,2.287143711,1.049278938,7.48107019,22.19899347
s6-ckpt-short,fifo+topology_aware+easy_predicted,15,1.371409984,0.1870027462,0.6732964504,0.05082325232,0.4178832117,0.04240432372,2360,1888,0,4077.962125,1098.718,17489.136,27394.973,7120.768544,4023.385,22830.011,37420.015,5.478083838,1.674887167,21.5461426,52.64997485,5.478083838,11516.8201,412,12861.67517,27195.758,0.9396083051,0.2951325447,0.2068930302,0.9491767477,348.19698,0,0,348.1968881,9.1919192e-05,0,0,0,0,0.9575956763,1.626235279,0.5821167883,0.4178832117,1096,321982.102,191,163,4659,778,4067.586384,967.374,17020.677,27394.973,6596.399497,3627.76,22073.391,33571.547,5.437510309,1.69504883,22.04642891,52.52471346,566,4367.157461,1243.834,19173.353,28757.089,8564.923339,5295.561,25310.126,44274.509,4.590593347,1.547592338,16.30063587,40.16178437,364,3637.948104,976.751,15784.546,26917.691,5773.054297,2864.037,20554.08,32067.335,7.402725504,1.924380202,34.16347895,68.3074747,180,4103.255844,1476.21,15501.322,25918.563,7571.521267,4964.201,23978.496,30059.991,4.552063039,1.686002116,18.08528027,34.2103195,792,3869.678735,877.72,16315.323,25731.683,7039.83625,4241.514,22126.393,36045.757,5.139691477,1.547342241,21.69810195,50.89795843,611,3778.83046,736.935,19000.852,26917.691,6723.43481,3386.869,23065.215,39623.271,5.399701008,1.39933118,20.31154337,52.64997485,155,4319.062277,1246.238,18705.536,24643.48,6919.297174,3546.027,22835.844,44274.509,6.161496509,1.775735994,23.16440335,62.11983153,330,5018.445061,2809.094,19173.353,29381.464,8145.30597,5420.855,24138.548,30823.713,6.114355639,2.41423707,21.09527028,48.39107746
s6-ckpt-short,fifo+topology_aware+easy_predicted,16,0.6760674412,0.1250973154,0.3099077961,0.04312680728,0.1576144835,0.04032103896,2150,1720,0,1502.144936,58.868,8049.975,15582.502,3156.850182,1400.534,11908.37,18881.969,3.915033337,1.04627724,14.41350275,48.15206724,3.915033337,8567.262551,397,4908.061209,15539.591,0.9187574821,0.3359278921,0.20495713,0.9568731927,161.8196111,0,0,161.8195031,0.000108,0,0,0,0,0.959678961,1.811380578,0.8423855165,0.1576144835,939,160432.33,210,175,4030,669,1298.396535,18.205,7162.764,15811.407,2717.070828,1126.711,11353.808,21195.238,3.721754975,1.024738739,17.11522063,45.81336184,528,1509.434998,86.545,7838.767,11381.121,3504.600703,1624.261,11903.016,18649.718,3.871977049,1.054241542,14.4333096,48.47621599,355,1764.031761,65.107,10274.855,15809.036,3192.030755,1553.799,13679.648,18382.194,4.912595037,1.077217051,14.42152365,65.35014452,168,1737.19675,65.325,8173.061,16080.042,3740.844286,1945.782,12334.199,21199.66,2.71207227,1.071883831,11.2016677,18.77355292,781,1406.240631,11.299,7838.767,15355.283,3096.890834,1354.28,12461.1,18649.718,3.616088391,1.023543094,13.57297666,37.58139043,631,1453.76352,64.564,7929.272,15809.036,3092.375594,1417.276,11434.28,17824.38,3.862009877,1.037260374,13.74277001,50.9856562,158,1819.658601,55.65,10405.824,16143.925,3467.282044,1546.457,14280.876,21195.238,3.458353696,1.086209818,11.8060242,41.16371317,150,1870.563447,278.77,8050.525,10771.031,3413.273393,1605.614,10915.141,23165.781,6.175627934,1.328768954,27.13820581,82.20337014
s6-ckpt-short,fifo+topology_aware+easy_predicted,17,1.086204607,0.1530279772,0.5007056834,0.0511568451,0.3607770583,0.02053704335,2420,1936,0,3144.131003,828.052,13006.024,16092.829,6009.189348,3732.356,17533.231,25415.249,4.519994715,1.430489703,17.63162673,38.47247513,4.519994715,10490.11634,452,9187.62552,15981.185,0.9389797783,0.2861236684,0.1891056079,0.9488431549,350.8105044,0,0,350.8103838,0.0001206464647,0,0,0,0,0.9794629566,1.401789244,0.6392229417,0.3607770583,1081,270342.934,255,228,4749,738,3207.649095,922.075,13167.873,15850.849,6230.219652,4251.403,17232.5,24717.667,4.09145045,1.478822666,15.07009391,38.57923413,606,3179.726236,682.445,13376.13,17040.416,6468.644384,4088.538,19168.662,27980.032,4.331981844,1.259649961,16.22773728,37.79377053,402,3114.932124,874.846,12201.827,15910.727,5166.263318,2644.618,15954.92,25288.178,5.735351231,1.809960231,22.27737223,36.83301679,190,2845.661979,591.113,13249.76,15548.393,5468.695384,3368.971,17269.991,22840.834,4.212774438,1.279354579,16.43176254,40.6781954,855,2960.281775,626.023,13190.054,16216.724,5793.570123,3538.832,17269.991,25415.249,4.202388826,1.310045757,17.10904488,38.57923413,645,3320.737287,733.858,14590.681,16139.685,6152.925456,3570.219,18504.092,27960.495,4.124155159,1.386800973,16.84473192,33.93529541,166,2727.825042,610.333,11707.312,19917.157,5281.204066,3270.675,14139.975,24751.733,5.438276372,1.315250782,16.96724412,81.05013145,270,3560.378504,1832.341,10870.835,13921.646,6796.190104,4911.408,17137.742,32391.645,5.906790245,1.809979085,22.91621224,58.27070345
s6-ckpt-short,fifo+topology_aware+easy_predicted,18,0.8464843608,0.102104205,0.3793673574,0.02903122905,0.2684729064,0.06750866292,2540,2032,0,1705.411201,0,9854.214,17801.701,5766.322965,2686.351,20449.561,39554.367,3.33686399,1,11.76427516,38.33440661,3.33686399,8043.716095,471,5677.767648,16994.177,0.8573553788,0.2819931071,0.1608400446,0.9709687709,251.6580667,0,0,251.657939,0.0001276363637,0,0,0,0,0.9324913371,2.141934452,0.7315270936,0.2684729064,1218,445900.564,210,183,4584,809,1590.569277,0,8754.124,16230.621,8287.188726,4646.178,26237.255,52110.989,2.194596337,1,6.385234592,22.93157047,629,1782.28359,0,10446.751,19165.985,4402.315515,2110.152,15185.441,26184.687,4.700681502,1,15.54118392,50.53740438,400,1580.66251,0,9361.366,14452.753,2961.190755,1517.056,11565.235,16244.888,3.647909294,1,14.92865807,43.60553721,194,2192.286773,0,11759.785,15669.03,5460.308371,3167.113,17776.411,22515.219,3.037045407,1.008322257,10.55428836,26.54294597,814,1425.054952,0,9142.808,16994.177,5093.537088,2196.122,19297.282,35152.969,2.871216161,1,10.24078931,38.24182608,634,1582.55611,0,9582.628,16685.659,6395.3585,2899.848,21589.496,45192.477,2.666999096,1,10.3259981,24.33403816,164,1251.376811,0,8374.896,18294.328,4991.497433,2290.119,16973.858,48156.859,2.824321516,1,9.190916315,46.82676319,420,2611.510617,883.919,11393.378,19709.182,6423.252871,4019.127,20488.145,31975.77,5.45064647,1.398283871,19.39442724,47.45277003
s6-ckpt-short,fifo+topology_aware+easy_predicted,19,0.1841203854,0.02582348576,0.0500161168,0.01948687476,0.05984555985,0.02894834822,2240,1792,0,228.3400028,0,1299.188,3981.55,2888.640603,1312.576,10190.207,25665.543,1.519878796,1,2.975338694,11.62895167,1.519878796,3410.615501,372,868.2437581,3735.765,0.7774677558,0.2135852629,0.09605659098,0.9805131252,105.4360778,0,0,105.4360328,4.492929296e-05,0,0,0,0,0.9710516518,1.4781795,0.9401544402,0.05984555985,1036,260959.56,172,156,3420,734,225.3616798,0,1301.885,3378.23,4131.844753,1952.278,14508.574,42543.581,1.24838059,1,2.105288003,6.864853846,506,253.1623103,0,1412.948,4182.137,1806.059733,805.425,6750.855,13640.091,1.759089464,1,4.274949408,14.77431667,365,201.0788575,0,1117.47,3735.765,2367.173734,1220.527,7528.268,20652.104,1.845330597,1,2.121747252,30.6689,187,226.0743316,0,1413.529,5438.644,1956.070979,1016.874,6693.495,16715.139,1.303029482,1,2.846249428,8.030801759,756,194.2287593,0,1139.771,3560.852,2820.896336,1297.919,8845.475,22857.645,1.420910907,1,2.341711267,10.98354137,653,169.334098,0,1041.278,3278.486,2917.083354,1239.248,10422.386,25665.543,1.40339822,1,2.48251708,11.08387413,170,145.3630118,0,801.373,2685.972,2856.469159,1203.607,10760.908,27094.338,1.402677568,1,2.608359223,8.033981637,213,596.5326995,46.782,2896.363,8111.025,3067.564052,1563.817,11445.964,18910.941,2.321783724,1.046957172,6.433982715,16.81407419
s6-ckpt-short,fifo+topology_aware+easy_predicted,20,0.4668902229,0.05655181952,0.2068968196,0.03455913989,0.111227702,0.05765474189,2180,1744,0,817.4376588,0,5374.225,9873.929,3895.663504,1985.871,14141.856,25587.693,2.294010066,1,6.515805742,26.44032796,2.294010066,4546.459972,387,2857.61115,9517.644,0.8180258114,0.2567755588,0.1223963364,0.9654408601,202.2373822,0,0,202.2372909,9.127272731e-05,0,0,0,0,0.9423452581,1.838226611,0.888772298,0.111227702,953,279166.914,180,158,3558,696,940.7551595,0,7014.498,11306.978,6048.971418,3591.394,19600.575,39676.774,1.99549854,1,5.886627791,20.39085126,503,791.2634771,0,5076.658,9102.159,2131.066509,1267.12,7598.684,12575.875,2.927560487,1,8.514,42.54333333,346,737.8134942,0,4899.653,9517.644,3157.961746,1982.081,9659.986,14632.674,1.600607317,1,4.411722067,10.98738342,199,590.7371256,0,3827.945,9020.218,2107.396111,1037.522,9100.342,15659.987,2.942278964,1,7.679598391,47.2854,791,807.6764817,0,5983.042,9642.814,3739.139063,1845.107,12735.064,23988.622,2.171977616,1,6.076106654,26.44032796,629,842.9525755,0,5509.011,12034.342,4152.788919,2097.772,15211.429,26904.888,2.269842079,1,6.351255338,20.39085126,174,713.1888333,0,4163.632,8902.151,3389.379466,1926.446,11306.749,26503.318,2.218886033,1,7.221069234,26.09016235,150,882.8476867,330.789,3011.365,9173.06,4230.145967,2194.519,14084.377,37409.907,3.126016153,1.106686896,7.463605307,62.04629186
s6-ckpt-short,priority+topology_aware+easy_predicted,1,0.713752043,0.09241959875,0.3922256066,0.02861995079,0.1885462555,0.01194063138,2390,1912,0,1447.356134,0,10188.212,16411.62,4697.316663,1935.831,16512.476,48633.587,3.021893789,1,10.64843107,35.80079372,3.021893789,6468.455673,435,4829.400467,16007.771,0.8343647762,0.3918328286,0.1583700023,0.9713800492,201.0200244,0,0,201.0199053,0.0001191111112,0,0,0,0,0.9880593686,1.349137435,0.8114537445,0.1885462555,1135,367845.735,231,200,4141,770,1522.504375,0,10708.78,17377.818,3816.067803,2084.519,14917.073,19655.637,2.880584648,1,9.586016667,34.50184557,557,1420.303544,0,9618.197,16064.252,3114.738359,1429.023,12754.297,18754.942,3.487313374,1,13.31535054,48.33209004,396,1162.535381,0,7426.866,16007.771,8560.514003,2127.919,48633.587,86400,2.584846647,1,8.718513354,26.65577235,189,1817.690339,0,12221.291,17408.156,4857.272169,2965.895,15802.148,19921.009,3.141682138,1,11.54766273,36.60359391,777,1804.12609,0,13179.73,18093.045,5092.833205,2119.721,17619.19,54203.464,3.319929262,1,11.85010569,37.03601308,609,1403.065754,0,10401.129,15928.152,4381.126227,1644.605,15816.68,39352.127,3.013802217,1,12.12934542,40.31715497,166,920.4378916,0,5845.77,12294.518,5052.705349,1657.969,16242.024,81318.175,2.72699177,1,7.244151685,34.50184557,360,995.2200611,328.033,4783.262,9707.233,4214.675275,2093.295,11186.79,49494.438,2.528304733,1.197174753,7.037513368,25.04430404
s6-ckpt-short,priority+topology_aware+easy_predicted,2,1.359379193,0.1465613141,0.9226353708,0.04442946418,0.2057460612,0.04000698289,2330,1864,0,2690.374473,0,23965.811,39762.894,5915.513219,2467.784,30653.944,44842.305,4.185077915,1,16.88654866,72.63591889,4.185077915,10639.3549,383,10990.38508,39753.378,0.8134744002,0.300776309,0.109869339,0.9555705358,308.8108156,0,0,308.8107276,8.795959601e-05,0,0,0,0,0.9599930171,1.830214318,0.7942539388,0.2057460612,1079,309271.108,192,163,3958,748,2455.017755,0,23397.526,39462.89,7099.966876,3079.341,31564.626,45646.646,3.057382856,1,10.46733046,40.26189482,567,2901.448176,0,29776.521,39937.629,5353.798795,2429.13,30924.403,45188.37,4.738379831,1,16.88654866,89.56796023,367,2601.300907,0,23077.269,37841.989,4323.132193,1793.325,26391.143,40969.684,4.929128893,1,20.34514187,97.03048305,182,3179.70433,0,23786.875,41620.926,6008.505412,2188.041,31242.764,42802.412,5.595665879,1,30.65077532,84.04661671,785,3009.475246,0,31658.476,43427.045,6181.601299,2670.041,33268.096,46309.22,4.610882446,1,21.67476438,79.24306942,640,2479.215695,0,27010.503,38647.491,5539.685003,2136.672,30659.092,43347.11,3.880670982,1,13.8617,63.29706402,139,1905.693662,0,23405.718,34697.997,4807.877583,1640.135,28228.209,37039.576,3.437824428,1,10.46246975,89.56796023,300,2669.434953,750.09,18821.338,29722.955,6534.22078,3183.11,26009.269,33643.803,4.066518301,1.27007821,15.61165342,58.93629855
s6-ckpt-short,priority+topology_aware+easy_predicted,3,0.673041255,0.1183268783,0.3707137424,0.03219392687,0.1376433785,0.01416332885,2270,1816,0,1466.698621,0,9629.433,15302.636,4034.417357,1997.17,14748.845,25943.258,3.362422979,1,13.63342435,39.41024576,3.362422979,7307.300344,426,5041.06227,15208.785,0.8603736059,0.2622357165,0.1334622751,0.9678060731,168.1297156,0,0,168.1296259,8.969696972e-05,0,0,0,0,0.9858366712,1.329859019,0.8623566215,0.1376433785,959,249110.042,224,193,4067,725,1546.208375,0,10152.003,14380.896,5235.026491,2872.399,17307.525,31195.015,3.133609028,1,12.48822603,38.30059873,543,1151.261985,0,8191.917,13769.308,2777.136634,1294.202,10410.293,17594.693,3.16837535,1,11.59327405,44.82325923,359,1797.624716,0,11526.322,16856.053,4010.506546,2076.93,15109.119,20871.899,3.694300737,1,14.6089315,44.71325462,189,1439.370857,0,9247.661,17588.778,3086.511497,1460.251,10478.614,19529.27,4.167258226,1,14.36283562,61.62645387,857,1806.210382,0,11268.595,16870.118,4408.269335,2228.158,16086.451,27509.265,4.096757354,1,17.96251437,54.88287273,652,1177.379268,0,9732.507,14003.101,3527.711035,1684.755,13857.573,19153.483,2.908879499,1,10.27582751,33.75166135,161,669.7794596,0,4799.9,8874.423,3692.535062,1454.646,12937.452,30617.045,1.640001351,1,4.742471434,13.00048755,146,1644.634397,326.125,7609.35,9629.433,4479.790144,3013.577,12906.253,22976.825,2.976776897,1.174583112,11.59327405,18.84328771
s6-ckpt-short,priority+topology_aware+easy_predicted,4,0.7305439383,0.08892317243,0.3541141439,0.04117055131,0.1842629482,0.06207312245,2270,1816,0,1427.388144,0,9198.252,15329.213,3981.166809,2256.775,14109.84,21693.869,2.837309751,1,10.2455787,33.08723185,2.837309751,6360.961179,411,4970.640119,15114.983,0.8611758879,0.2554007053,0.1394494713,0.9588294487,224.2597178,0,0,224.2596107,0.0001070303031,0,0,0,0,0.9379268776,1.946339674,0.8157370518,0.1842629482,1004,271501.898,213,187,4037,698,1454.835924,0,9312.321,15976.045,3346.436205,1514.618,13057.123,21556.449,3.834275314,1,14.17585572,52.48090559,559,1420.897585,0,9974.045,14721.803,5009.426621,3044.12,17054.192,24954.921,1.969992887,1,5.482796026,12.72904176,375,1442.26584,0,8819.664,15648.648,3865.874277,2327.376,12471.371,17584.892,2.404841679,1,9.319772214,24.58465953,184,1312.662793,0,6970.526,16307.956,3500.076734,2351.424,10259.785,17825.966,2.571677641,1,11.74298325,20.72952335,812,1743.846762,0,13392.332,16394.832,4446.842356,2232.828,16670.936,23551.66,2.872697229,1,10.42880735,34.070467,597,1184.057025,0,7588.759,12933.226,3689.916883,2213.466,12666.343,20532.025,2.667082709,1,8.082338003,35.00151182,137,840.5120365,0,6819.046,8701.438,3093.056839,1713.057,11202.311,12301.048,2.035373545,1,6.620500676,16.06878195,270,1311.485574,531.361,6769.419,7898.731,3675.310244,2572.239,10174.227,17509.769,3.514184466,1.400326629,15.68513333,31.01301756
s6-ckpt-short,priority+topology_aware+easy_predicted,5,0.1882292907,0.02351374943,0.08893669158,0.04181165818,0.03051181102,0.003455380498,2300,1840,0,350.7687723,0,2310.165,5490.421,2547.845015,1684.431,7577.64,13054.056,1.384784816,1,2.70921475,8.470454103,1.384784816,3239.245212,386,1357.243332,5419.604,0.8182020006,0.3104479955,0.1316935725,0.9581883418,189.8848156,0,0,189.8847208,9.470707074e-05,0,0,0,0,0.9965446195,1.173360479,0.969488189,0.03051181102,1016,200258.368,227,198,3823,731,308.1229398,0,1890.057,5087.062,2485.843627,1570.16,7231.219,14738.915,1.365955305,1,2.707086866,8.383656676,559,397.4554383,0,2749.221,5745.138,2262.191109,1504.326,7248.226,10942.616,1.429570681,1,3.092970334,8.389160624,378,322.3635344,0,2334.159,5303.426,3004.807611,2328.831,8125.866,13295.068,1.29413147,1,2.563285037,8.354972825,172,442.7073605,0,2639.06,8463.661,2735.471099,1603.45,8898.37,15386.477,1.518482722,1,2.795721174,13.76285988,824,542.1519612,0,3776.933,8270.259,2767.100629,1749.912,8782.011,15054.153,1.556591123,1,4.053939499,11.94687796,586,221.0184812,0,1622.931,3864.556,2350.509788,1664.594,6699.557,10811.07,1.248868152,1,2.206551312,7.128419284,160,71.3842125,0,556.37,1531.434,2298.969556,1458.374,6843.273,14738.915,1.078172728,1,1.633539799,2.542051118,270,213.8630407,113.172,794.046,1171.584,2454.481644,1628.844,6896.15,10942.616,1.337142974,1.038437685,2.563285037,5.868670764
s6-ckpt-short,priority+topology_aware+easy_predicted,6,0.5446050514,0.09704403958,0.2968530918,0.04697667485,0.1019230769,0.001808168262,2270,1816,0,1203.044874,0,7710.874,11644.3,3107.866434,1705.36,10571.79,16046.878,3.070836555,1,11.18125139,34.49196829,3.070836555,6559.886192,438,4137.729189,11573.397,0.9230114841,0.3526092757,0.2175525951,0.9530233251,188.4043911,0,0,188.4042756,0.0001155151515,0,0,0,0,0.9981918317,1.120192495,0.8980769231,0.1019230769,1040,163246.397,264,237,4239,732,1108.391531,0,7021.812,12198.818,3164.338158,1761.919,10522.979,15236.942,3.117793331,1,10.48259441,36.19088333,535,1341.779447,0,8367.903,11832.887,3140.431968,1798.595,11296.938,15293.85,3.173087462,1,12.72922955,34.49431999,372,1226.85428,0,7697.164,11519.093,2501.101352,1471.758,9595.39,13918.658,2.832626959,1,10.52929926,30.56973241,177,1125.113525,62.001,7463.506,11468.893,4051.124893,2198.746,14692.873,27378.452,3.068222846,1.037823186,16.2471116,32.13733111,776,1667.54118,0,9861.11,12640.959,3660.728299,1884.33,13079.573,19284.732,3.857360965,1,16.2471116,37.76523496,660,1078.252815,0,6823.902,9245.616,2868.031976,1705.36,9494.051,12802.79,2.667956998,1,9.630082091,27.1760479,170,325.5239118,0,1893.811,3472.828,2251.368282,1395.165,7652.996,12307.186,1.792376716,1,4.51180908,32.13733111,210,589.1981524,128.056,2759.789,5016.334,2512.031295,1660.633,6661.773,12237.875,2.465578161,1.106280418,8.080719952,14.59133343
s6-ckpt-short,priority+topology_aware+easy_predicted,7,0.4734269808,0.06830502137,0.2156053327,0.02621957911,0.1575809199,0.005716127649,2450,1960,0,955.6299071,0,5600.432,13666.305,4725.712796,2110.964,16994.825,41549.392,2.435218187,1,7.869989937,25.87427246,2.435218187,5453.593858,434,3241.691606,13208.496,0.8419476288,0.3086576722,0.1435771201,0.9737804209,206.5470422,0,0,206.5469426,9.96363637e-05,0,0,0,0,0.9942838724,1.222833743,0.8424190801,0.1575809199,1174,408265.74,234,208,4187,777,905.8582716,0,5178.538,13769.882,4201.795197,1955.833,15548.042,31856.608,2.419942816,1,7.398671993,26.12777768,622,974.9550691,0,5482.194,13666.305,6541.82969,2613.682,33769.869,73602.264,2.267200046,1,6.471984178,22.85679359,365,959.5892219,0,5969.514,10672.753,3422.180704,1739.379,12223.467,25251.55,2.772408719,1,11.80819181,39.23853713,196,1084.237867,0,6949.518,15459.556,3466.776469,2039.356,12482.877,22756.405,2.401043201,1,9.46153084,25.87427246,786,1262.439821,0,7771.461,15593.448,5328.947943,2333.386,20471.366,48141.762,2.765041857,1,9.524546506,36.64105735,633,839.0930885,0,5482.194,13698.695,4709.524111,1951.784,17863.644,41541.625,2.282517703,1,6.977142652,21.3863933,148,391.2221149,0,2197.003,5519.856,3841.553169,1912.7,11946.59,29393.476,1.562786087,1,3.370334605,9.823242818,393,742.2649389,333.645,2871.987,4786.15,3878.283374,2073.232,12945.3,41549.392,2.350073029,1.163893688,7.667289774,22.70975526
s6-ckpt-short,priority+topology_aware+easy_predicted,8,0.09170652924,0.01860612472,0.02889781755,0.0196710754,0.01637426901,0.008157242569,2060,1648,0,148.6410643,0,750.632,3650.412,1664.801044,807.052,5984.095,12710.929,1.371057248,1,2.143766466,9.562822174,1.371057248,2680.672371,397,549.0172519,3251.014,0.7069476217,0.1622081025,0.08330217497,0.9803289246,52.84233111,0,0,52.84226832,6.27878788e-05,0,0,0,0,0.9918427574,1.279005268,0.983625731,0.01637426901,855,158093.299,108,91,2729,696,172.8346293,0,929.95,5550.816,1347.818109,708.687,5336.454,8762.088,1.521345769,1,2.788309521,16.3020088,505,133.2446891,0,575.362,3251.014,1499.110204,731.862,4636.94,12334.941,1.290893721,1,2.143902184,8.993762753,311,86.88498714,0,660.89,1898.645,2314.036553,1128.991,7791.48,15792.415,1.189475764,1,1.582891132,5.680525442,136,223.2189191,0,1608.966,3318.022,2417.608051,1256.642,10979.158,14700.107,1.314833803,1,2.453617139,8.397782917,793,184.3122547,0,737.041,6351.791,1741.145284,782.55,6415.669,15792.415,1.504813883,1,2.580644256,14.72097674,627,120.9661802,0,705.226,2499.61,1630.200644,840.41,5439.346,11139.827,1.239271976,1,1.969894533,6.554696697,168,23.94339286,0,132.899,430.995,1445.120048,713.238,5628.353,8762.088,1.05428259,1,1.326252013,2.945912756,60,315.54285,81.524,1143.265,1352.976,1632.465633,1085.98,5056.183,8173.967,1.867365526,1.15908131,4.876435204,12.11058078
s6-ckpt-short,priority+topology_aware+easy_predicted,9,0.3883628506,0.0562206011,0.2013869884,0.03296561429,0.06850828729,0.02928135954,2150,1720,0,698.2867081,0,5231.105,9846.864,3135.524222,1606.244,10527.054,18438.42,2.097789937,1,6.477643313,19.17249813,2.097789937,5153.799636,368,2701.627372,9626.612,0.8109287682,0.1955315502,0.1070069506,0.9670343857,164.4640667,0,0,164.4639972,6.949494952e-05,0,0,0,0,0.9707186405,1.474653729,0.9314917127,0.06850828729,905,222002.229,173,145,3662,686,621.6906195,0,4739.74,9872.311,3029.929752,1639.948,9347.892,20659.915,2.008108225,1,7.203246528,16.20511672,515,757.3615379,0,5480.157,9333.829,3200.889124,1635.954,10972.605,15862.502,2.052179104,1,6.774049149,24.52585748,356,724.6585562,0,5458.036,12096.125,3498.554761,1783.742,13747.912,20816.144,1.96818594,1,4.613525743,19.17249813,163,776.4032822,0,5567.594,9925.487,2580.530411,1167.292,10726.584,14134.26,2.902392737,1,5.899378442,27.30950139,815,947.4661534,0,7277.325,10924.791,3463.773682,1648.534,11686.397,17834.613,2.517355657,1,9.599103796,27.95630858,622,487.3246109,0,4216.363,7690.474,2964.758823,1542.253,9642.982,20659.915,1.772218052,1,5.334299985,14.50798044,173,278.532237,0,2015.38,4832.872,2331.127757,1260.084,8341.389,13807.219,1.349300816,1,2.960860298,13.68338736,110,705.1476182,154.734,3336.76,4565.23,2934.191091,2027.915,7762.321,18438.42,2.007319658,1.124232208,5.327295635,12.11008837
s6-ckpt-short,priority+topology_aware+easy_predicted,10,1.805246468,0.3359494865,1.01099159,0.03529382096,0.4222648752,0.0007466959293,2360,1888,0,6173.535515,1543.83,26260.898,33856.912,9014.855341,4906.176,30614.611,40065.589,8.314179728,2.029274051,38.70753606,92.65403103,8.314179728,18376.76356,420,19101.85629,33542.231,0.9562309122,0.1701829855,0.1583819014,0.964706179,246.6109867,0,0,246.6108771,0.0001095353536,0,0,0,0,0.9992533041,1.07782166,0.5777351248,0.4222648752,1042,305479.347,218,168,4691,749,5821.071626,1317.933,25320.431,34945.201,8533.533633,4402.263,30905.097,37683.977,8.336468017,2.029274051,36.62556594,85.13913007,568,6329.875996,1681.018,26006.618,33542.231,10133.25668,6240.498,33260.579,45830.699,8.536950072,1.893761337,40.9491768,101.896119,388,6809.789876,1730.169,27328.228,35244.786,9127.344379,4745.611,30315.899,40065.589,7.920559019,2.079472571,35.28966543,94.7190962,183,5781.881787,2533.002,24181.548,27654.244,7275.031585,4375.379,25688.333,33061.04,8.366077827,2.61965274,34.1488651,74.05600584,846,7428.625343,2087.255,29162.908,35411.467,10142.27761,5804.037,33310.115,41929.936,9.348047172,2.380724284,40.9491768,84.85964871,647,5661.468799,945.603,25889.646,33157.202,8577.144371,4600.319,30417.032,39272.022,7.97961807,1.753975054,34.5062858,97.82168333,155,3310.578277,271.996,20607.099,24473.126,6100.423032,3176.654,26217.469,31302.151,4.395620446,1.212678285,17.50500086,47.75524449,240,4978.783612,2237.54,22884.81,26776.274,8102.925192,4976.975,28452.139,33952.348,8.102455661,2.780065064,31.98877074,101.896119
s6-ckpt-short,priority+topology_aware+easy_predicted,11,0.190630939,0.02669720206,0.1095419282,0.0312392081,0.0177383592,0.005414241383,2120,1696,0,389.9914682,0,2845.394,6708.747,3206.427811,1675.268,10741.273,24108.673,1.411862034,1,3.07600682,8.961111349,1.411862034,2869.165064,349,1614.026215,6591.032,0.7896944573,0.3070901803,0.1280854068,0.9687607919,157.3974222,0,0,157.3973213,0.000100929293,0,0,0,0,0.9945857586,1.208511467,0.9822616408,0.0177383592,902,257005.194,179,155,3278,676,387.7185621,0,3179.139,6591.032,3631.179534,1832.518,12927.831,27131.87,1.414561324,1,2.434653955,11.11668495,499,389.1998537,0,3386.731,6877.567,2553.572277,1525.418,7966.526,14066.736,1.33756615,1,3.601431674,6.628479012,348,384.8702356,0,2669.233,6937.269,3125.319828,1479.922,10987.488,26474.038,1.569432942,1,3.534341332,15.98403775,173,411.4578786,0,2661.457,6525.979,3592.949919,1845.545,12987.225,25425.573,1.298649607,1,2.659892283,8.157575971,794,606.8888526,0,4358.233,8387.668,3500.140103,1780.963,11132.601,24441.966,1.608699277,1,4.470034266,12.04398194,628,203.8288089,0,1344.825,4533.301,2799.823538,1459.267,9256.207,17801.209,1.275617056,1,2.074122376,7.123652147,154,119.3238961,0,567.778,4061.916,3601.845584,1813.434,14119.809,26474.038,1.063135399,1,1.427600149,2.180877988,120,276.4617417,12.677,1406.72,2746.132,2883.474358,1875.521,8962.151,16450.523,1.270003513,1.006856168,2.358680101,4.086890787
s6-ckpt-short,priority+topology_aware+easy_predicted,12,0.179828191,0.03076840103,0.08220320196,0.02604267531,0.03178928247,0.009024630201,2330,1864,0,368.7865832,0,2135.26,7466.754,2888.461502,1585.226,9912.272,20072.319,1.569425708,1,3.545083533,15.23608194,1.569425708,3717.310867,398,1500.505658,7372.635,0.7901305438,0.3507488625,0.1391349134,0.9739573247,123.6474711,0,0,123.6473878,8.327272728e-05,0,0,0,0,0.9909753698,1.290644418,0.9682107175,0.03178928247,1101,238480.284,192,162,3910,708,382.6924393,0,2450.185,7075.266,1861.036747,1015.07,6973.882,12360.81,1.674486045,1,3.77471384,16.24021701,594,341.1921532,0,2114.317,7070.026,4139.824882,2137.888,15487.225,28479.054,1.537546208,1,3.300841957,17.19931637,380,343.7988868,0,1745.717,7466.754,3120.556671,2232.072,8577.837,15280.268,1.344242322,1,3.038258437,7.794107879,182,456.9243297,0,2271.465,12290.08,2316.542346,1420.965,6683.041,14557.935,1.734938849,1,3.260965509,29.64469787,763,578.2176815,0,3832.468,10739.761,3070.565336,1622.732,11339.366,20169.603,1.812792657,1,5.230720625,18.1322798,646,249.2157632,0,1192.198,6005.724,2727.841265,1562.978,9082.635,15649.867,1.42689432,1,2.480391742,10.83313012,155,124.921,0,933.897,1567.697,2970.8004,1387.869,8725.277,28479.054,1.188095415,1,1.805014457,5.105575461,300,219.60654,27.196,1306.916,2040.154,2728.637897,1635.706,8144.362,18473.887,1.454400677,1.011300971,3.145087822,8.2807
s6-ckpt-short,priority+topology_aware+easy_predicted,13,0.1705967451,0.02346906294,0.0736006353,0.02364996592,0.03270042194,0.01717665902,2180,1744,0,282.7171766,0,1911.805,4961.608,2411.667262,1528.542,7664.597,12999.49,1.441236478,1,2.704066047,7.879058676,1.441236478,3122.056845,386,898.7959534,4200.094,0.8128583175,0.2370997777,0.1170972861,0.9763500341,99.26742444,0,0,99.26737196,5.248484851e-05,0,0,0,0,0.982823341,1.448484179,0.9672995781,0.03270042194,948,203916.046,195,180,3408,686,263.0134169,0,1858.496,4656.834,2380.010665,1603.234,7397.549,12273.678,1.235800806,1,2.104102661,5.900152081,529,297.8497146,0,2492.267,5036.898,2280.747631,1273.021,7289.557,13887.83,1.460536733,1,3.361762434,10.90959434,355,293.2821268,0,1558.947,5873.444,2178.051685,1471.914,6349.038,17066.009,1.790037917,1,2.704066047,11.80430216,174,292.8384943,0,2207.06,5624.195,3411.129563,2411.424,11136.956,17584.985,1.480860182,1,2.771200784,14.51232184,796,360.2124636,0,2666.828,5873.444,2498.368333,1551.955,7728.115,13516.357,1.601207775,1,3.442728109,10.90959434,640,203.2000953,0,1455.737,4077.899,2233.822748,1528.542,7379.971,10829.723,1.301236442,1,2.30383746,6.25925788,158,100.0482278,0,816.424,2291.852,2309.514557,1377.587,6828.017,17745.396,1.18400088,1,1.904674156,7.09587723,150,403.1596933,97.218,2221.391,3589.68,2817.977687,1631.003,8554.777,17704.069,1.460610443,1.082150182,3.039763419,7.351958756
s6-ckpt-short,priority+topology_aware+easy_predicted,14,0.2772494685,0.04287516424,0.1247276114,0.04070396609,0.03575184017,0.03319088663,2180,1744,0,483.251887,0,3239.848,7475.89,2485.364348,1327.543,8695.379,15107.775,1.867403521,1,4.940004473,21.21688237,1.867403521,3736.979006,408,1801.814417,7417.718,0.8286096339,0.4057106668,0.1605524785,0.9592960339,169.1958844,0,0,169.1957863,9.810101015e-05,0,0,0,0,0.9668091134,1.648306948,0.9642481598,0.03575184017,951,191120.953,215,181,3552,646,487.4870232,0,3362.232,7701.442,1919.783243,870.484,7670.891,12418.994,2.267340574,1,6.955016667,26.29324197,565,534.4100142,0,3525.45,7541.365,2903.26035,1868.079,8695.379,14780.747,1.693417514,1,3.884695281,21.02934985,363,402.5320496,0,2462.97,7420.729,2043.34786,1051.245,7247.656,11139.925,1.656815708,1,4.287906289,14.54979709,170,469.4934235,0,3813.606,7216.127,4189.5181,1915.191,15461.498,31756.379,1.375557251,1,2.848398175,8.569219254,793,698.1408033,0,5854.327,8997.708,2685.983342,1348.911,9545.414,16302.687,2.096945887,1,6.867776865,22.51652711,638,336.5707398,0,2271.569,6039.01,2304.43594,1289.699,8401.428,15107.775,1.728113995,1,3.767803276,21.21688237,163,133.4314417,0,846.824,2821.47,2395.22854,1180.017,8216.604,25809.39,1.361395956,1,1.69312233,17.48831816,150,351.2278467,106.628,1629.935,2746.221,2292.255007,1448.328,7067.395,9946.003,1.796195883,1.08397517,3.411633333,14.54979709
s6-ckpt-short,priority+topology_aware+easy_predicted,15,1.476007259,0.2294068842,0.7743049928,0.05615991896,0.3777372263,0.03839823638,2360,1888,0,4252.777974,818.753,20112.872,28470.848,7296.205209,3789.43,24868.472,38306.681,5.861175756,1.449697378,26.43187622,61.87122073,5.861175756,12129.01146,412,13342.19142,27944.202,0.9447587659,0.2752447414,0.1961404713,0.943840081,386.9347133,0,0,386.9345977,0.0001156767678,0,0,0,0,0.9616017636,1.666022663,0.6222627737,0.3777372263,1096,321982.102,229,190,4622,778,4123.603341,732.95,19394.45,26650.334,6646.376301,3302.515,22966.085,35072.505,5.633670949,1.452520492,27.156404,55.27600033,566,4449.586541,822.339,20365.952,30379.341,8654.594337,5513.55,26684.208,43051.72,4.833550529,1.336549214,17.69599668,49.90639531,364,3837.126607,688.132,19284.942,29059.877,5976.103607,2518.424,22568.435,38302.228,8.052804726,1.523309362,36.53228032,97.40996677,180,5032.785267,1329.606,21656.547,27944.202,8503.0698,5225.257,27295.68,34436.617,5.643851717,1.589126188,23.74041345,58.59752627,792,5171.297121,1250.13,21656.547,29059.877,8342.944856,4652.496,26874.365,39170.145,6.817807323,1.683450407,28.36147519,94.08219582,611,3925.192966,312.058,20128.957,27944.202,6856.13145,3032.637,24105.737,38306.681,5.693325393,1.180653051,25.83967638,61.87122073,155,3166.351135,267.023,15905.799,19929.054,5773.903181,2938.198,20634.998,38446.111,5.191828736,1.221386773,26.43187622,55.27600033,330,3165.152018,1322.695,11940.828,28470.848,6313.853936,3678.485,18544.38,30623.344,4.190427751,1.693302614,16.63627554,41.76128843
s6-ckpt-short,priority+topology_aware+easy_predicted,16,0.7283988396,0.1526068302,0.4005152616,0.04827426647,0.1064962726,0.02050620862,2150,1720,0,1596.525634,0,10403.539,18167.568,3254.557513,1243.799,14605.539,21265.762,4.011747127,1,17.58310288,51.94318333,4.011747127,8917.285534,397,6023.919257,17958.875,0.9058732248,0.3836796266,0.1877685019,0.9517257335,182.1134844,0,0,182.1133843,0.0001001212121,0,0,0,0,0.9794937914,1.50845773,0.8935037274,0.1064962726,939,163619.307,201,165,4102,669,1495.123377,0,10199.048,18850.5,2913.78077,1040.744,14357.272,22134.578,4.132976737,1,20.26960012,50.58105246,528,1454.473934,0,9592.055,16638.287,3458.247898,1410.244,12337.686,21125.686,3.840052769,1,15.16863669,51.94318333,355,1828.061301,21.959,14408.71,18043.925,3257.411152,1344.405,15938.836,20951.571,4.519344264,1.016529031,18.15594552,62.2731,168,1957.515196,0,12624.314,19017.886,3965.379399,1733.83,15750.48,20084.844,2.996003251,1,14.28696606,25.75084501,781,2193.553818,0,13537.481,19486.96,3893.023083,1299.743,17410.15,22740.504,5.031347239,1,24.21049875,58.32976451,631,1350.427442,0,8369.002,15595.66,2988.512106,1234.698,11270.347,18763.124,3.550561837,1,13.9647301,51.94318333,158,599.0888354,0,3183.863,9714.538,2241.659968,1086.28,8681.107,14605.539,1.994663101,1,5.975252885,21.2409453,150,573.88538,90.987,3628.322,4466.5,2116.363207,1131.856,8104.399,16507.662,2.767743836,1.058517433,12.7825952,29.97501633
s6-ckpt-short,priority+topology_aware+easy_predicted,17,1.133614013,0.1481981134,0.6137972796,0.03594595199,0.3034227567,0.03224991123,2420,1936,0,2932.174545,149.706,15943.622,21055.909,5787.61498,2938.676,19899.338,30408.822,4.378419186,1.072604749,17.07513793,53.19495375,4.378419186,10157.38718,452,10460.01365,20598.274,0.927920823,0.2856805551,0.193931517,0.964054048,242.6117733,0,0,242.6116819,9.147474749e-05,0,0,0,0,0.9677500888,1.4927423,0.6965772433,0.3034227567,1081,272128.34,220,192,4767,738,3028.216398,134.204,16258.806,23604.3,6038.619539,3174.427,19899.338,30336.027,3.945299965,1.048559702,14.0851523,36.94767382,606,2923.61882,194.983,15969.049,20354.629,6197.556581,3540.846,20176.357,29534.87,4.074494249,1.08181455,13.03254526,44.91855095,402,2960.957517,165.714,15010.168,21055.909,5008.909498,1952.16,19336.924,27826.482,5.849134527,1.153160198,27.53991699,60.51507066,190,2525.517316,90.638,15773.928,24497.692,5152.739342,2672.436,19473.876,31124.992,3.918381979,1.02760501,17.63648311,62.41833333,855,3471.736458,59.106,18592.941,23604.3,6298.154628,3046.485,21438.495,31675.518,5.106913077,1.026311804,21.02663775,69.77121667,645,3073.21924,24.667,15155.435,24497.692,5891.384522,2769.389,19773.46,30621.024,3.900323621,1.011116245,15.28027227,40.31077591,166,1508.454313,0,9090.457,11259.053,4060.997373,2434.092,12128.875,21302.621,4.108747652,1,14.50725316,114.4082031,270,1761.946004,947.442,6465.294,8817.05,4984.56227,3270.145,15795.711,26280.148,3.379437102,1.530952145,9.681483905,31.19206799
s6-ckpt-short,priority+topology_aware+easy_predicted,18,0.8328021298,0.1087170966,0.4126234931,0.02929059016,0.2257799672,0.05639098286,2540,2032,0,1676.200951,0,10718.055,17048.824,5737.579194,2579.828,20692.783,38828.76,3.24981871,1,12.52620142,37.29447921,3.24981871,7859.344061,471,5837.293098,16419.407,0.8563139921,0.4281139478,0.1873181331,0.9707094098,253.9741867,0,0,253.9740819,0.0001048080809,0,0,0,0,0.9436090171,1.996722252,0.7742200328,0.2257799672,1218,453056.945,227,197,4669,809,1589.71936,0,10530.006,16704.469,8284.826193,4266.968,26988.854,53390.988,2.212451124,1,7.704048191,20.87835987,629,1697.303367,0,10916.396,17614.541,4321.062362,1910.55,15047.625,25869.298,4.417650391,1,16.33919995,64.40362007,400,1639.183598,0,10351.243,15437.718,3019.891915,1482.601,11655.459,17895.28,3.631118384,1,18.16630598,37.73054305,194,2044.742851,0,11324.221,15445.819,5311.502784,3075.92,16606.215,26923.688,3.003140259,1,13.68433565,26.77239591,814,2010.850779,0,13695.025,21799.81,5679.396396,2347.021,20900.041,38060.982,3.649087919,1,14.69015405,45.54550396,634,1495.910574,0,10127.95,15626.826,6313.551565,2537.55,21603.505,45192.477,2.57210779,1,9.881090168,27.89366368,164,741.9143293,0,5195.348,13747.306,4462.842622,2074.239,16007.24,48156.859,2.322492631,1,7.05956746,33.98261651,420,1664.58701,496.644,7957.32,13059.513,5478.653271,3501.861,17890.939,30694.489,3.861116482,1.217998,14.49700964,37.11571901
s6-ckpt-short,priority+topology_aware+easy_predicted,19,0.2418333254,0.02717595994,0.05916473884,0.01976596124,0.03088803089,0.1048386345,2240,1792,0,285.3598164,0,1536.827,5913.214,2945.808374,1301.884,10337.541,25471.892,1.756817223,1,3.131168499,11.62828093,1.756817223,4471.447091,372,1180.597763,5544.961,0.776923303,0.2552985526,0.1024274127,0.9802340388,106.9765578,0,0,106.9765049,5.284848488e-05,0,0,0,0,0.8951613655,2.161848888,0.9691119691,0.03088803089,1036,260959.56,178,163,3549,734,258.3035668,0,1633.535,4918.516,4164.537396,1952.428,14508.574,42543.581,1.316507674,1,2.118277624,8.50081092,506,293.8923577,0,1977.139,5121.726,1846.874221,763.354,6975.626,13854.887,1.765724524,1,4.331447315,13.19065421,365,363.0099699,0,1412.469,9571.449,2530.456595,1302.323,8845.475,21088.081,2.846090651,1,3.357974302,65.80857619,187,216.9080267,0,950.827,5438.644,1946.43393,1055.54,6883.699,16715.139,1.334867027,1,3.864598126,8.084266667,756,322.5691164,0,1901.636,6039.109,2950.638954,1318.023,9719.137,23283.707,1.892738811,1,3.039578675,13.19065421,653,183.1951669,0,1068.845,4324.971,2929.953182,1237.84,10422.386,25471.892,1.468308183,1,2.542425833,8.189279186,170,78.04194118,0,486.573,1633.535,2789.566847,1203.607,10345.494,27094.338,1.157900236,1,1.732910171,4.195031589,213,631.9669718,114.896,2896.363,8923.781,3101.970732,1466.391,11383.767,19398.419,2.636890324,1.075545178,5.339779117,34.70440793
s6-ckpt-short,priority+topology_aware+easy_predicted,20,0.3634823949,0.04641221515,0.1959417182,0.03160557499,0.05876180483,0.0307610817,2180,1744,0,658.568035,0,5089.662,11626.219,3737.297518,1780.801,14388.559,25626.64,1.869385912,1,5.347537543,18.93778401,1.869385912,3803.216082,387,2519.137504,11349.133,0.814804123,0.3310376864,0.1471501265,0.968394425,184.3892511,0,0,184.3891613,8.977777782e-05,0,0,0,0,0.9692389183,1.541180629,0.9412381952,0.05876180483,953,279166.914,173,147,3496,696,820.7872845,0,6283.57,12568.41,5930.811625,3473.335,19049.879,39676.774,1.693158656,1,4.601201151,18.19793245,503,609.4032525,0,4383.329,10815.631,1949.909575,1142.291,6953.145,13186.922,2.254156568,1,6.69644985,33.04139497,346,534.3137659,0,4140.134,7980.374,2952.184471,1838.624,8466.237,14123.421,1.462616727,1,3.42064486,8.690558841,199,431.5191156,0,2632.449,12323.991,1948.450442,883.303,6673.197,15659.987,2.220424443,1,6.933138986,44.76542095,791,843.2939924,0,6518.534,13185.791,3772.670995,1686.098,14513.864,25038.504,2.003534815,1,6.62074065,20.14991161,629,598.2998649,0,4530.385,11349.133,3914.979944,1865.83,15121.045,26904.888,1.855583984,1,4.766566024,19.65992789,174,369.678523,0,2632.703,6242.386,3035.246149,1647.354,10105.194,27116.335,1.621939989,1,4.220435594,15.8399341,150,272.2828467,0,1487.846,1962.62,3620.059333,1885.645,11997.191,35496.253,1.506887384,1,4.228080256,6.933138986
s6-ckpt-short,priority+topology_aware+easy_predicted+preempt,1,0.4683983501,0.06507840423,0.250700594,0.04824653492,0.08370044053,0.02067237642,2390,1912,0,961.5142113,0,6512.045,17243.985,4455.950893,1713.411,16259.861,58093.373,2.326323086,1,7.498224524,25.75824245,2.326323086,5052.669542,435,3810.725421,16627.275,0.8512423843,0.3161800412,0.1465234856,0.9517534651,345.8607503,19.71625183,50.13862556,276.0057485,0.0001244040404,0,392,0,0,0.9793276236,1.497526831,0.9162995595,0.08370044053,1135,365229.778,134,114,4157,770,1086.160964,0,7507.04,18253.953,3546.309629,1906.688,13534.103,25500.36,2.406989855,1,7.848336753,31.63016621,557,853.2560485,0,5600.232,15802.607,2643.550829,1259.868,9916.043,19159.864,2.513044101,1,8.327356474,27.32838621,396,831.3805152,0,4194.445,21531.501,8832.464641,1716.069,58093.373,86697.055,1.759535609,1,4.886084608,19.53987266,189,1045.40173,0,6512.045,16103.807,4333.364466,2657.53,15421.41,19921.009,2.634951784,1,9.377272322,29.6591759,777,1544.104162,0,10322.965,19383.99,5318.75571,1950.926,18967.028,60478.041,2.801451943,1,9.877287812,29.6591759,609,637.3405567,0,3366.886,12851.954,3758.382384,1522.16,14629.63,39352.127,1.995448979,1,5.934943852,22.12448737,166,358.8917952,0,1953.684,7624.464,4489.21862,1517.485,12882.688,81318.175,1.655619727,1,3.646184866,15.3758853,360,530.3605583,0,2534.369,10135.182,3758.443772,1781.079,10620.986,48633.587,2.169834107,1,4.886084608,12.92313016
s6-ckpt-short,priority+topology_aware+easy_predicted+preempt,2,0.640751786,0.09311579437,0.3518959286,0.05772806678,0.1000926784,0.03791931781,2330,1864,0,2152.250741,0,9140.633,58122.686,5728.617745,2088.457,22956.317,65976.015,3.769951048,1,10.72864557,69.60586682,3.769951048,9482.912244,383,9261.715666,58045.374,0.8304750547,0.2359309229,0.1055033654,0.9422719332,406.9067886,11.777518,34.72011861,360.4090522,9.983838394e-05,0,397,0,0,0.9620806822,1.726185951,0.8999073216,0.1000926784,1079,305997.88,143,111,3940,748,1922.618406,0,8062.842,55704.811,6982.247959,2760.742,25753.934,70321.175,2.903354955,1,5.939780912,54.33607608,567,2062.382069,0,7466.2,60840.849,4731.949081,2050.907,17160.029,65976.015,3.824723427,1,10.04461898,69.60586682,367,2538.613613,0,11717.348,60130.56,4694.338703,1548.608,23036.815,63601.958,5.011730535,1,15.89931183,92.88045723,182,2596.895516,0,12981.71,53311.315,5766.948187,1901.534,20687.193,58792.664,4.656900865,1,19.13729095,87.75312622,785,3603.241927,0,30676.628,68602.618,7528.375115,2374.511,47012.288,74369.76,5.583099798,1,24.15092247,130.8924049,640,1132.698336,0,4678.214,24813.348,4285.217175,1836.294,16869.526,37741.34,2.445619491,1,6.190789839,34.56704869,139,854.2448345,0,2463.44,17016.693,3756.428755,1640.135,14988.267,29759.55,2.936268405,1,4.975340439,84.04922049,300,1131.945003,0,7872.617,18150.711,5012.288073,2240.821,18239.931,27169.403,2.237058765,1,7.760935485,26.56792128
s6-ckpt-short,priority+topology_aware+easy_predicted+preempt,3,0.5540710126,0.06979353348,0.3753329229,0.04669123343,0.0385818561,0.02367146674,2270,1816,0,1221.638527,0,9749.418,23360.825,3949.147508,1600.649,16261.675,35093.267,2.841807723,1,8.041493804,38.99126306,2.841807723,6007.217277,426,4871.654955,21962.97,0.8716311881,0.2981484858,0.1565679666,0.9533087666,247.5486875,16.05747667,40.79804194,190.6930744,9.450505053e-05,0,321,0,0,0.9763285333,1.524555411,0.9614181439,0.0385818561,959,244654.467,137,112,4122,725,1216.118668,0,7705.856,22748.974,5134.699112,2341.046,20214.604,41304.81,2.335968246,1,7.087794766,30.39598704,543,998.7191179,0,4249.952,21284.67,2722.10065,1153.537,9821.774,25395.892,2.91015374,1,6.556625378,49.2528433,359,1589.790808,0,13396.588,27703.161,3980.399237,1626.517,19130.162,35652.717,3.381181625,1,12.5005551,48.8639048,189,1183.969048,0,8565.103,24637.976,2867.36,1183.914,11086.812,26982.376,3.56131303,1,16.88879448,117.2824324,857,2225.281722,0,18067.962,27418.074,5117.437173,1959.9,23212.355,43437.063,4.288848831,1,21.45473722,55.31126813,652,317.9487071,0,1733.087,6598.564,2732.575061,1362.202,10502.963,15260.985,1.609904857,1,2.630811217,8.92744382,161,140.0716273,0,825.404,2574.557,3153.333932,1304.018,10375.276,30617.045,1.11843994,1,1.827354711,3.027483704,146,558.7331507,76.599,1692.058,12404.795,3401.935034,1835.206,12433.842,22691.536,1.749675208,1.023869719,3.859172452,25.00009956
s6-ckpt-short,priority+topology_aware+easy_predicted+preempt,4,0.6554125681,0.07116359541,0.3650960783,0.05508305229,0.07569721116,0.0883726309,2270,1816,0,1227.482835,0,9483.512,24441.761,3951.272753,1852.197,14989.213,32187.991,2.639778597,1,8.199350041,29.49768072,2.639778597,5792.203001,411,4987.847151,24046.102,0.8547934659,0.3742655234,0.1669096685,0.9449169477,304.4600483,15.89616861,45.64463972,242.9191306,0.0001094141414,0,306,0,0,0.9116273691,2.327215517,0.9243027888,0.07569721116,1004,270819.081,144,126,4069,698,1357.928375,0,10008.782,25209.149,3391.458471,1169.507,13598.83,33190.839,3.744026318,1,11.7051188,56.91964273,559,1176.688587,0,8585.922,23013.709,5004.010998,2770.662,19672.252,32815.474,1.608800857,1,4.641283141,10.41269806,375,1105.098744,0,9553.589,20900.05,3642.267803,1904.846,13233.343,22377.807,2.161256964,1,9.478251058,25.18898447,184,1136.379745,0,6553.59,26278.896,3506.417022,1974.204,12214.106,28176.409,2.558241968,1,8.291479739,22.66127692,812,2234.684677,0,17749.556,26431,5294.068734,2128.859,24802.166,37371.528,3.862538847,1,13.34781207,56.91964273,597,356.120201,0,1991.136,9670.158,2893.021387,1743.237,9512.814,17590.582,1.469553053,1,2.890640108,10.78992741,137,446.2887445,0,3997.083,7045.25,2704.968219,1465.75,10602.117,11234.271,1.556368133,1,6.092387177,10.59841823,270,521.4798222,37.354,3069.895,7598.78,2885.233678,1725.939,9762,18617.99,2.099669563,1.015690706,6.60244793,25.64240081
s6-ckpt-short,priority+topology_aware+easy_predicted+preempt,5,0.1708735736,0.02615585835,0.083910164,0.04747171474,0.008858267717,0.004477568835,2300,1840,0,343.5440011,0,2179.599,7197.28,2611.536261,1697.224,8429.162,13581.694,1.39634115,1,3.013634106,8.933640741,1.39634115,3309.458045,386,1327.808837,6670.552,0.821326146,0.3418645223,0.1411504517,0.9525282853,216.8706428,8.098285788,25.69855667,183.0737152,8.509090913e-05,0,222,0,0,0.9955224312,1.166042299,0.9911417323,0.008858267717,1016,200322.99,227,190,3877,731,290.7543803,0,1676.44,7074.743,2534.078432,1565.201,8205.958,14738.915,1.331627217,1,2.687835191,7.824917894,559,416.8159535,0,3203.302,7610.821,2346.941279,1520.885,7895.884,12230.658,1.479243742,1,3.216673558,10.67533696,378,321.5258016,0,2179.599,6670.552,3083.481722,2328.831,8735.58,13538.745,1.329078975,1,2.670313057,8.350685789,172,378.1548779,0,2119.282,7584.562,2763.483256,1581.591,9110.015,17157.683,1.549762303,1,2.855824992,14.89843333,824,628.7169466,0,4773.616,7848.76,2998.579437,1838.309,9550.923,15072.352,1.703926299,1,4.998484272,13.2011911,586,150.8807713,0,1116.79,2951.12,2298.913336,1630.125,6565.645,10364.662,1.186065746,1,1.893336659,4.855328736,160,50.81368125,0,218.38,1716.633,2277.318081,1425.943,6843.273,14738.915,1.060065155,1,1.197284479,2.849028087,270,64.8588037,0,303.156,1106.169,2306.900578,1520.885,6574.088,10648.567,1.113287013,1,1.435965593,2.449139819
s6-ckpt-short,priority+topology_aware+easy_predicted+preempt,6,0.6344292222,0.1068195434,0.3784099896,0.06698483677,0.05288461538,0.02933023704,2270,1816,0,1232.198065,0,9829.346,16743.739,3307.286406,1569.026,13914.795,22264.8,3.254177727,1,12.30756853,41.1743948,3.254177727,7030.01139,438,4663.678881,15981.606,0.9259634647,0.4219496018,0.2452297897,0.9330151632,274.4100919,12.16162089,49.83153417,212.4168065,0.0001303838384,0,394,0,0,0.970669763,1.663101552,0.9471153846,0.05288461538,1040,162472.441,183,160,4381,732,1136.973175,0,8664.336,16525.261,3326.916616,1622.595,13127.262,20193.687,3.136434212,1,10.59948341,44.42445679,535,1339.425331,0,11671.069,17230.144,3369.531308,1610.824,15647.458,21220.689,3.794581571,1,17.4921039,43.31191716,372,1347.564419,0,9932.777,17011.025,2726.385306,1385.179,12840.749,19535.387,3.171417597,1,12.30756853,43.83305319,177,1059.439582,0,8416.108,15949.81,4258.839362,1749.352,17535.54,36460.825,2.281629506,1,10.91696633,32.37155157,776,2305.748383,0,14452.322,18654.658,4659.03268,1874.766,18336.36,24216.202,5.267891247,1.041558717,23.51521048,58.49889912,660,459.0358697,0,2384.815,8673.2,2290.533964,1429.261,7749.681,11973.092,1.730860802,1,4.932021141,14.38166664,170,241.0428941,0,1090.414,6521.847,2164.608447,1314.718,7070.807,12307.186,1.508756423,1,2.526635908,20.00898017,210,497.4760714,0,3395.696,6285.458,2432.794771,1527.815,7000.491,13805.584,2.013554395,1,6.557428411,15.55170898
s6-ckpt-short,priority+topology_aware+easy_predicted+preempt,7,0.322595966,0.04666330546,0.1616935666,0.04305633567,0.06303236797,0.008150390337,2450,1960,0,736.6873403,0,4200.053,13767.917,4708.011792,1855.429,17505.818,45715.751,2.112727002,1,5.376467748,19.55740333,2.112727002,4790.796007,434,3022.385903,13175.61,0.8565457814,0.3700213255,0.1624297966,0.9569436643,345.1477108,22.37880372,52.82748889,269.9412924,0.0001258181819,0,335,0,0,0.9918496097,1.294451245,0.936967632,0.06303236797,1174,408596.96,161,140,4358,777,643.2150322,0,3651.13,12210.883,4119.144024,1712.238,15282.546,36405.999,1.857334945,1,4.984087433,16.17305366,622,823.3148923,0,5646.773,14747.426,6724.187461,2393.188,33511.408,77435.98,2.404229532,1,5.299142321,22.90739946,365,693.7293425,0,4622.484,13767.917,3241.834775,1475.022,13097.72,26312.353,2.130953442,1,7.009671491,19.0243158,196,912.3267041,0,6028.07,18828.802,3374.56077,1790.57,12989.844,23849.431,2.166157638,1,7.267031588,30.11640027,786,1367.334949,0,9517.073,17383.148,5895.86491,2125.626,22818.76,71538.511,2.907895384,1,9.145485562,30.11640027,633,374.5505292,0,2116.2,9421.094,4292.573506,1774.667,16243.339,41541.625,1.737834007,1,3.395169811,21.96135508,148,187.2814865,0,1007.538,3781.076,3643.052905,1716.327,11597.579,29231.413,1.218848622,1,2.236813715,3.906725837,393,265.582117,0,1647.708,3029.188,3402.499832,1660.645,12945.3,41059.091,1.462851476,1,3.744284276,11.94248979
s6-ckpt-short,priority+topology_aware+easy_predicted+preempt,8,0.09748789103,0.01577805123,0.01886909312,0.03037079256,0.01169590643,0.02077404768,2060,1648,0,133.7005795,0,490.132,5248.813,1679.694773,789.245,6139.316,13299.03,1.412587204,1,1.817920585,9.663969454,1.412587204,2757.189764,397,506.7409622,4345.476,0.7158976163,0.1625992499,0.08071823059,0.9696292074,82.48521639,2.033789414,10.82685861,69.62450194,6.642424243e-05,0,91,0,0,0.9792259523,1.455719944,0.9883040936,0.01169590643,855,158093.299,116,90,2754,696,171.3143793,0,609.22,5559.557,1367.696072,703.487,5587.458,9075.765,1.667855133,1,2.285929339,15.37782794,505,122.146899,0,319.488,5380.167,1526.392422,724.586,4691.374,12835.308,1.250873728,1,1.645385544,8.087102795,311,60.08517685,0,428.24,1021.87,2317.82091,1173.421,7791.48,15792.415,1.145725275,1,1.62252734,3.449319834,136,152.4490662,0,678.891,2470.861,2386.397382,1234.369,9994.052,14700.107,1.316946672,1,2.923770185,7.156382044,793,211.8064956,0,692.07,6214.28,1829.126494,794.561,6499.205,15792.415,1.708985684,1,2.734741654,15.37782794,627,48.55846571,0,304.93,1041.649,1558.95775,798.471,5341.281,11139.827,1.094062443,1,1.427467968,2.509629145,168,42.13458929,0,306.771,1117.964,1464.557125,766.23,5628.353,8705.806,1.097117531,1,1.424591926,4.804483174,60,247.5205833,88.644,1120.127,1506.328,1568.792833,907.368,4241,8137.934,1.707086135,1.110596741,5.256884834,6.965897939
s6-ckpt-short,priority+topology_aware+easy_predicted+preempt,9,0.4444561266,0.05298063136,0.1615715665,0.04089980268,0.0364640884,0.1525400377,2150,1720,0,696.368732,0,4196.884,11685.988,3290.410532,1600.036,11160.822,24263.904,2.400335671,1,6.104339437,27.12720458,2.400335671,5242.638859,368,2804.858139,11069.467,0.8200023388,0.198308432,0.1055061171,0.9591001973,205.7353886,18.59199097,34.19466306,152.9486531,8.145454548e-05,0,228,0,0,0.8474599623,2.472260135,0.9635359116,0.0364640884,905,225898.956,151,130,3734,686,592.4381385,0,3362.324,9090.719,3137.822822,1638.207,9916.951,25209.478,2.276869084,1,6.596637653,24.87521268,515,780.5913495,0,6345.127,13781.95,3321.367598,1600.982,11160.822,19697.864,2.101862943,1,5.864014982,30.72039133,356,642.6763596,0,3421.541,9992.582,3625.659789,1798.965,14281.028,24077.224,1.955504588,1,4.627354075,18.48994369,163,984.9345215,0,5183.302,20754.97,3102.579515,1246.494,13055.13,29736.694,4.834516037,1,11.25681505,30.85142623,815,1172.310506,0,8271.691,20754.97,4002.739643,1828.119,14371.945,28858.517,3.414766618,1,12.02633737,33.04528532,622,280.3488408,0,2149.408,5092.983,2778.676875,1471.418,8795.946,19934.169,1.539982676,1,3.736294121,12.18257357,173,134.632,0,1018.677,2114.655,2184.736312,1195.701,7797.148,13807.219,1.1579985,1,2.079629917,3.679082999,110,405.9349273,0,2095.571,3854.623,2645.244618,1830.866,6987.251,18357.235,1.703087236,1,3.531798362,15.25080907
s6-ckpt-short,priority+topology_aware+easy_predicted+preempt,10,2.252268292,0.2767964153,1.825407938,0.05523309834,0.07581573896,0.01901510129,2360,1888,0,5262.935335,0,47415.678,80929.001,8678.373945,2048.394,52302.949,95087.425,6.580321184,1.000206925,31.89201847,111.0190382,6.580321184,15117.06615,420,22775.80129,80608.423,0.9233502163,0.339310577,0.1848178144,0.9447669017,394.0792233,25.12785861,83.00422028,285.9470316,0.0001128080809,0,527,0,0,0.9809848987,1.386511664,0.924184261,0.07581573896,1042,322271.444,81,72,4691,749,5053.362874,0,46827.078,81851.594,8270.749073,2055.567,53627.608,91376.04,7.325038302,1,31.78855416,129.9333738,568,4972.679731,0,46722.805,78662.718,9537.770528,2495.439,52589.655,99094.249,5.301916807,1.01266142,29.32802488,87.25300875,388,6632.79292,0,52063.733,88471.832,9598.367358,2251.396,59998.409,102738.825,7.351169492,1,42.79929091,124.1210249,183,4117.198798,0,30748.499,70015.995,5728.736377,1726.582,31397.116,71369.711,5.865848077,1.038902414,31.91368049,91.58387729,846,10658.4889,27.895,70015.995,90535.26,14510.26981,2772.905,81826.96,103456.829,11.97382511,1.090233759,60.48304381,143.3332497,647,1069.891287,0,6343.002,14785.37,4173.920788,1792.473,14421.945,33587.538,2.500040944,1,7.204832329,27.42114273,155,237.5139871,0,897.89,6402.861,3028.20709,1347.821,13025.342,19557.455,1.141335789,1,1.932184964,2.912271772,240,792.9415417,32.437,6099.206,14583.207,3913.262083,1787.926,14858.427,28267.109,2.08065338,1.015772961,6.349070348,30.49116845
s6-ckpt-short,priority+topology_aware+easy_predicted+preempt,11,0.1571707744,0.02275459766,0.08058967452,0.03171147788,0.0133037694,0.008811254943,2120,1696,0,317.8287518,0,2093.348,6655.017,3190.39607,1653.781,10748.621,24400.136,1.374144784,1,2.621746557,8.709967944,1.374144784,2795.471553,349,1337.066057,6558.72,0.7901937745,0.1867008747,0.1222024758,0.9682885221,159.8548625,3.699128667,14.00965028,142.1459938,8.973737376e-05,0,105,0,0,0.9911887451,1.258965677,0.9866962306,0.0133037694,902,257005.194,144,122,3216,676,322.1372101,0,2211.136,6910.053,3629.681096,1795.411,12909.301,28420.845,1.301728122,1,2.414305175,8.044429459,499,328.4873527,0,2554.983,6443.085,2515.490461,1544.276,8128.074,14054.698,1.282193843,1,2.705065317,5.85910388,348,275.0445891,0,1620.386,5653.152,3088.130922,1447.473,11434.214,26474.038,1.614238039,1,3.262599046,12.89921003,173,356.3127341,0,1925.629,6968.858,3626.289087,1930.449,12987.225,26232.768,1.439374434,1,2.178682603,17.57083634,794,565.7917217,0,3572.666,7506.626,3570.134578,1838.367,11841.878,26232.768,1.68584424,1,4.066588766,16.18711992,628,102.2409602,0,452.791,2582.916,2709.443228,1441.013,8824.553,17801.209,1.114828875,1,1.524398872,3.943149222,154,70.09975974,0,156.013,1925.629,3552.316675,1813.434,14275.822,26474.038,1.038841896,1,1.123855646,2.000967893,120,123.3020833,0,516.636,2012.833,2730.3147,1683.554,8493.645,16144.822,1.099125341,1,1.504709808,2.772858171
s6-ckpt-short,priority+topology_aware+easy_predicted+preempt,12,0.1501562438,0.02166161079,0.05317668566,0.02938322545,0.02361489555,0.02231982632,2330,1864,0,280.7431872,0,1381.285,6038.426,2895.392832,1533.461,10384.244,21214.863,1.462043184,1,2.495814444,12.80277503,1.462043184,3519.440211,398,1188.860555,5872.356,0.7957597405,0.3000811595,0.1347318418,0.9706167745,139.9881406,5.686116111,28.39560222,105.9063359,8.630303032e-05,0,210,0,0,0.9776801737,1.409411636,0.9763851045,0.02361489555,1101,238676.329,181,152,3868,708,281.4641073,0,1180.809,6040.681,1817.781672,968.634,6582.413,15069.478,1.433530896,1,2.780431628,12.31786907,594,213.1138805,0,1595.119,4844.498,4129.795611,2009.78,15591.383,28479.054,1.380026861,1,2.323072052,12.80277503,380,315.1296579,0,1369.906,7407.899,3228.226142,2191.318,8988.511,16874.381,1.412047231,1,2.31563474,9.518188692,182,426.867022,0,1483.982,9788.884,2363.726852,1462.753,7631.275,15444.069,1.945025916,1,3.373104348,47.41807358,763,538.6785321,0,3382.325,10306.197,3259.139341,1696.956,12200.235,22612.341,1.799574553,1,4.96829421,19.59338516,646,94.45814706,0,483.425,1370.729,2578.531923,1414.106,8757.637,15487.225,1.187194806,1,1.477487331,2.893008907,155,85.43914839,0,538.404,2555.738,2921.210142,1319.475,9134.131,28479.054,1.127905705,1,1.520458027,4.241776231,300,126.7685,0,1355.156,1843.039,2639.232423,1550.794,7985.761,18378.971,1.368066273,1,2.495814444,11.57938556
s6-ckpt-short,priority+topology_aware+easy_predicted+preempt,13,0.1632848578,0.02457354044,0.05588678963,0.04279404339,0.01265822785,0.02737225648,2180,1744,0,240.4302334,0,1451.681,4291.321,2477.675141,1512.028,7958.512,14506.461,1.484873854,1,2.831322092,7.663228338,1.484873854,3148.90404,386,794.8306269,4066.497,0.8255533484,0.2092490354,0.1128143593,0.9572059566,183.2144447,7.871696833,26.29895722,149.0437315,5.919191922e-05,0,241,0,0,0.9726277435,1.557147886,0.9873417722,0.01265822785,948,203916.046,198,173,3449,686,228.6406531,0,1497.06,4291.321,2428.389187,1614.985,7437.189,12676.055,1.240114231,1,2.287127468,5.545442611,529,244.7410813,0,1543.158,4164.569,2343.786439,1233.553,7464.567,14707.371,1.531068457,1,4.244710734,8.864306953,355,254.698893,0,1021.051,5927.805,2253.37322,1400.388,7231.965,24185.965,1.931041253,1,2.704066047,10.91515791,174,244.6936782,0,1925.48,4218.144,3536.666351,2288.515,12741.353,17715.641,1.399119428,1,3.97855717,8.620476074,796,394.7139761,0,2967.858,5911.303,2756.539224,1680.133,8857.325,16640.865,1.790870176,1,4.53294544,9.610706499,640,111.7779531,0,416.997,3960.497,2156.584555,1411.145,6910.925,10829.723,1.276583866,1,1.561636837,5.990330417,158,51.55268987,0,466.976,934.845,2257.193076,1320.233,6747.896,17715.641,1.081623437,1,1.24063449,3.207528394,150,169.5652467,0,1404.315,2489.665,2600.06402,1330.866,8004.445,17704.069,1.174514427,1,2.184003854,2.831322092
s6-ckpt-short,priority+topology_aware+easy_predicted+preempt,14,0.1903588908,0.03230589392,0.07696739935,0.05137703632,0.01577287066,0.01393569053,2180,1744,0,347.3582752,0,1999.258,7518.702,2409.528374,1253.328,8964.916,15461.498,1.57760896,1,3.722230883,14.5478874,1.57760896,3211.265759,408,1381.584282,7010.81,0.8402796429,0.3270760737,0.1502692825,0.9486229637,215.9638847,6.925429611,23.39340444,185.6449499,0.0001007676768,0,170,0,0,0.9860643095,1.40587918,0.9842271293,0.01577287066,951,191256.767,190,157,3509,646,352.608226,0,1919.055,8575.671,1814.033099,802.675,7476.239,13450.137,1.749242109,1,5.226640861,18.42276245,565,387.5269699,0,2396.583,7010.81,2838.484565,1841.042,8964.916,14683.289,1.530196873,1,3.228083719,13.66866911,363,278.6920523,0,1363.405,8161.225,1987.220339,1051.245,6655.726,13407.446,1.502090024,1,3.706795041,12.97918215,170,340.5292059,0,1913.689,6740.153,4148.513765,1825.832,18444.338,31756.379,1.244233597,1,2.433112771,6.371294707,793,605.3091803,0,4467.718,9153.312,2711.810874,1399.189,10217.072,18444.338,1.895898956,1,6.432757886,18.58877992,638,138.9334216,0,1190.968,2268.138,2121.096025,1197.806,7755.646,15058.718,1.261372012,1,2.124265609,6.99289962,163,55.72418405,0,284.852,1530.491,2329.649374,1124.619,8216.604,25809.39,1.186077929,1,1.339205471,6.680678859,150,187.0672467,0,1015.527,2768.459,2125.062327,1175.072,6464.672,9981.432,1.665440717,1,2.181513524,18.66545216
s6-ckpt-short,priority+topology_aware+easy_predicted+preempt,15,1.816425429,0.2209898196,1.416242219,0.07231781962,0.1058394161,0.001036155219,2360,1888,0,4243.360306,0,36787.44,67291.662,7708.385861,2362.766,46265.251,76142.569,5.11679616,1.011076052,25.46207616,85.68814311,5.11679616,10657.24725,412,18354.91589,66842.58,0.9126097092,0.4115847997,0.2136754904,0.9276821804,506.93905,19.4432978,80.74149778,406.7541301,0.0001242828284,0,528,0,0,0.9989638448,1.091992357,0.8941605839,0.1058394161,1096,322438.155,88,80,4633,778,4160.149519,0,35149.422,66842.58,7096.652904,2182.36,38597.506,78688.651,5.296098957,1.010262121,27.29916616,79.58949729,566,4590.366367,0,42560.606,66563.85,9322.462625,3423.279,52604.908,73223.461,4.849941414,1.00993402,24.32240943,94.42749708,364,3085.023437,0,18312.7,59387.683,5383.350948,1566.881,22529.677,72625.259,5.174488035,1.00607814,22.42264151,72.44188503,180,5854.289094,0,47255.002,69094.095,9978.794194,2925.201,57983.519,84234.665,5.064253755,1.022713678,25.62986491,68.19392603,792,9014.558963,11.103,64099.229,70721.741,13098.7214,3280.708,68761.526,81379.746,9.580722333,1.123194239,49.80974753,122.5378657,611,848.4669722,0,4089.714,16149.062,3894.478083,1899.069,14424.404,30187.127,2.08503938,1,5.766612772,15.34816025,155,517.8346194,0,2990.77,10046.199,3130.744084,1723.059,11964.523,24986.862,1.535411028,1,3.424432248,10.92065139,330,828.0481,99.628,2957.177,16084.546,3983.193082,2429.182,13527.965,22491.233,1.698882702,1.045803245,5.006083969,12.33109985
s6-ckpt-short,priority+topology_aware+easy_predicted+preempt,16,0.4995481322,0.101478739,0.2791279662,0.05578644368,0.03940362087,0.0237513624,2150,1720,0,1129.301624,0,7250.457,23828.019,2964.045897,1079.178,11777.626,28144.541,3.224055212,1,11.69221001,40.36415551,3.224055212,6773.250322,397,4532.972128,22968.758,0.9214635138,0.2936551375,0.1923825404,0.9442135563,212.1273556,5.178060444,49.79265556,157.1565117,0.0001278787879,0,355,0,0,0.9762486376,1.544284243,0.9605963791,0.03940362087,939,163014.024,134,119,4053,669,1038.862052,0,7112.591,22079.354,2618.064909,892.361,11295.153,24625.612,3.034944975,1,12.15404341,38.11710467,528,1075.742008,0,7271.801,24979.319,3283.903148,1204.421,12681.039,28719.629,3.212583433,1,9.976050611,46.0466,355,1292.954408,0,7250.457,25646.479,2833.957437,1081.302,10602.372,29960.122,3.921515205,1,14.55981603,52.63186528,168,1311.961226,0,9129.641,25015.694,3611.415274,1627.715,13244.973,39450.299,2.539373968,1,9.903678856,35.89430844,781,2137.769191,0,12316.838,28128.016,4210.918556,1229.63,20196.72,35873.024,5.028780185,1.055352066,24.57016003,59.71176979,631,298.5040808,0,1714.447,5676.933,1953.161802,1005.175,6970.322,11091.66,1.747020383,1,3.435762285,22.52488333,158,183.7478671,0,772.357,6863.909,1827.848684,875.749,6531.098,11295.153,1.282243556,1,1.92107739,7.965144824,150,369.4187867,0,1654.795,4965.733,1921.242407,1017.915,7377.915,16507.662,2.08622198,1,9.908407444,18.48949466
s6-ckpt-short,priority+topology_aware+easy_predicted+preempt,17,0.9193105504,0.1258167505,0.6803560949,0.05932464332,0.04810360777,0.005709453873,2420,1936,0,2542.376668,0,17672.513,45254.229,5749.22715,2249.654,25678.572,53897.753,3.495589287,1,14.49639485,49.69302817,3.495589287,8049.85915,452,10420.05097,43962.584,0.9212001384,0.3661558174,0.2056642454,0.9406753567,410.3539647,18.08244811,74.87726861,317.3941241,0.0001238787879,0,466,0,0,0.9942905461,1.236952619,0.9518963922,0.04810360777,1081,281841.499,113,102,4762,738,2864.51771,0,23084.322,45254.229,6186.345283,2514.48,29510.477,50972.416,3.820468846,1,16.27359185,55.55209524,606,2746.848224,0,15064.719,50621.721,6523.65168,2666.18,27465.536,61962.071,3.088613733,1,9.60153691,41.90704602,402,2066.752724,0,12653.041,33922.279,4307.416754,1246.143,21302.621,46574.136,3.547256777,1,18.57513021,37.30583133,190,1645.276532,0,9289.964,42753.221,4631.928895,2110.831,18866.149,49872.632,3.422408972,1,7.408032232,90.48578388,855,4996.782766,0,39974.691,51797.238,8558.467608,2855.097,45023.82,61962.071,5.899641625,1.051328195,30.92746248,76.36058136,645,726.7035581,0,4589.072,9209.394,3626.41173,2084.989,12018.418,21600.603,1.730453398,1,4.626136201,15.76691095,166,354.4233735,0,2913.023,5686.61,2895.714729,1548.479,9651.019,21302.621,1.412294119,1,3.118252607,8.249219868,270,452.7181111,28.509,1072.225,10275.609,3678.850911,1609.997,15675.584,25326.421,1.380311133,1.004305001,2.822665359,7.986596062
s6-ckpt-short,priority+topology_aware+easy_predicted+preempt,18,0.576090498,0.06873593254,0.2335955169,0.04576188003,0.08620689655,0.141790272,2540,2032,0,1461.560745,0,6067.734,35242.695,5812.035676,2026.928,25771.115,48660.172,3.086867917,1,7.919638798,38.78880582,3.086867917,7587.258231,471,6000.603605,34738.323,0.8595573338,0.3762970794,0.2031660955,0.95423812,403.6433408,29.76594594,58.96604333,314.9112049,0.0001466666667,0,446,0,0,0.858209728,2.647881374,0.9137931034,0.08620689655,1218,469345.405,143,122,4620,809,1254.179007,0,4149.285,34738.323,8510.630724,3708.438,33372.441,63614.044,1.89504606,1,4.370943354,20.67124841,629,1572.871633,0,7870.515,34900.956,4274.76234,1579.086,17890.939,40443.228,5.017857166,1,13.72239439,104.7263659,400,1451.81114,0,7231.566,36314.725,2963.190925,1251.543,10708.328,38223.228,2.892687175,1,8.371682908,44.60111471,194,1985.56651,0,15516.024,37541.994,5416.775026,2339.313,21076.737,48660.172,2.19647586,1,9.362437944,28.45600343,814,2628.08637,0,21483.209,39960.503,6917.747462,2144.981,35254.878,52592.843,4.175189008,1,16.49785457,53.62298155,634,722.946511,0,3191.944,18880.762,5663.130729,1931.265,22528.038,45192.477,1.919846423,1,3.737333396,21.0954922,164,394.4746463,0,1443.368,9041.12,4137.691421,1613.354,12317.851,48156.859,1.546428427,1,2.832879656,18.91012072,420,732.3504714,0,2709.915,24012.585,4547.628057,2022.652,17890.939,28762.807,3.340749666,1.001107273,3.924149014,18.6708559
s6-ckpt-short,priority+topology_aware+easy_predicted+preempt,19,0.1797420762,0.0184150161,0.03608054012,0.03527748299,0.02895752896,0.06101150807,2240,1792,0,180.9761027,0,937.206,4164.71,2895.786177,1250.556,10484.61,27094.338,1.500856528,1,2.121747252,8.873370937,1.500856528,3588.601278,372,773.9653145,3797.915,0.7807848615,0.1847855288,0.09262970248,0.964722517,193.9972775,2.654537333,13.31674861,178.0259367,5.482828289e-05,0,120,0,0,0.9389884919,1.822764473,0.971042471,0.02895752896,1036,270854.427,163,134,3398,734,141.8833215,0,865.291,2848.184,4124.380519,1796.424,14472.507,42934.591,1.175863767,1,1.770808137,5.111621077,506,231.6714091,0,1224.404,4310.916,1805.704688,725.884,7042.073,13854.887,1.617318159,1,3.667298309,12.56694006,365,207.7902767,0,609.036,4758.321,2414.497408,1183.322,7877.576,21921.49,2.1433227,1,1.819309778,30.32004631,187,144.9071337,0,806.062,3145.746,1962.435305,1002.043,6580.979,16426.456,1.207353583,1,2.204549014,6.170933333,756,280.3417011,0,1560.945,5461.498,3011.066435,1309.306,10499.756,29903.473,1.835989838,1,2.771212329,13.35020364,653,78.98446861,0,495.066,1304.032,2855.945057,1176.46,10422.386,25549.389,1.166719143,1,1.648037102,5.571915067,170,26.77832353,0,83.057,912.982,2738.939306,1139.202,10312.284,27094.338,1.083132742,1,1.250000527,2.656062727,213,264.0454319,0,1511.776,3346.336,2733.947418,1347.774,11019.788,18910.941,1.669138097,1,3.352542672,17.30562476
s6-ckpt-short,priority+topology_aware+easy_predicted+preempt,20,0.225923761,0.03188993498,0.1083551894,0.03613699675,0.01888772298,0.03065391684,2180,1744,0,562.3843222,0,2814.568,14083.298,3744.277483,1692.783,14637.793,27829.155,1.765618491,1,3.674304792,16.99029871,1.765618491,3584.538352,387,2359.714995,13341.019,0.8195131106,0.3019907168,0.1295783593,0.9638630033,211.8170578,5.224857444,27.91458389,178.6775252,9.123232326e-05,0,179,0,0,0.9693460832,1.576965555,0.981112277,0.01888772298,953,279654.596,120,101,3511,696,678.6856293,0,3761.344,15902.901,5983.166269,3268.81,20811.961,42774.535,1.561521955,1,3.83922909,14.65526057,503,532.2949702,0,2429.255,13295.634,1900.406746,1035.031,6950.726,15167.369,2.237975012,1,3.857911843,33.66168166,346,500.6190954,0,2467.61,13219.774,2982.031971,1787.93,9003.985,18921.518,1.419165438,1,2.927714977,13.12714239,199,339.0677538,0,1803.805,6357.412,1899.741472,791.584,7249.77,15659.987,1.887872836,1,3.985143578,31.57836492,791,985.7551378,0,6583.332,18034.199,4139.93009,1686.098,17233.52,33495.933,2.209217396,1,7.219870403,24.66265659,629,254.7409571,0,1549.62,5976.131,3573.961574,1705.35,13810.848,26904.888,1.37988533,1,2.192580488,11.12165111,174,94.69728161,0,677.591,2043.695,2763.490316,1599.662,9003.985,26503.318,1.282960357,1,1.879900828,4.052028946,150,162.3770333,0,529.034,2006.386,3509.7739,1750.588,11844.957,34998.182,1.603764755,1,2.011288084,5.866378794
