scenario,policy,baseline,metric,n,diff_mean,diff_ci95_low,diff_ci95_high,win,tie,loss
s1-load60,drf+topology_aware+easy_predicted,fifo+first_fit+none,J,20,-1.475934863,-2.175104905,-0.7767648199,20,0,0
s1-load60,drf+topology_aware+easy_predicted,fifo+first_fit+none,J_slowdown,20,-0.6032129124,-0.92310937,-0.2833164549,20,0,0
s1-load60,drf+topology_aware+easy_predicted,fifo+first_fit+none,J_wait,20,-0.8075108083,-1.184631937,-0.4303896794,19,1,0
s1-load60,drf+topology_aware+easy_predicted,fifo+first_fit+none,J_waste,20,-0.02724361905,-0.03066701691,-0.02382022119,20,0,0
s1-load60,drf+topology_aware+easy_predicted,fifo+first_fit+none,J_slo,20,-0.02467686414,-0.03881602652,-0.01053770176,17,2,1
s1-load60,drf+topology_aware+easy_predicted,fifo+first_fit+none,J_fairness,20,-0.01329065863,-0.02291717831,-0.003664138952,18,0,2
s1-load60,drf+topology_aware+easy_predicted,fifo+first_fit+none,wait_mean,20,-360.4506857,-564.3665728,-156.5347987,20,0,0
s1-load60,drf+topology_aware+easy_predicted,fifo+first_fit+none,wait_p95,20,-2449.3715,-3593.269186,-1305.473814,19,1,0
s1-load60,drf+topology_aware+easy_predicted,fifo+first_fit+none,wait_p99,20,-2872.3643,-4139.210417,-1605.518183,20,0,0
s1-load60,drf+topology_aware+easy_predicted,fifo+first_fit+none,jct_mean,20,-378.512607,-583.2502609,-173.774953,20,0,0
s1-load60,drf+topology_aware+easy_predicted,fifo+first_fit+none,jct_p95,20,-477.83975,-752.6197517,-203.0597483,20,0,0
s1-load60,drf+topology_aware+easy_predicted,fifo+first_fit+none,bsld_mean,20,-0.5810108447,-0.8765504605,-0.2854712289,20,0,0
s1-load60,drf+topology_aware+easy_predicted,fifo+first_fit+none,bsld_p95,20,-3.146120245,-4.814573788,-1.477666701,20,0,0
s1-load60,drf+topology_aware+easy_predicted,fifo+first_fit+none,bsld_p99,20,-10.01920114,-14.48757316,-5.550829121,20,0,0
s1-load60,drf+topology_aware+easy_predicted,fifo+first_fit+none,wflow_mean,20,-0.5810108447,-0.8765504605,-0.2854712289,20,0,0
s1-load60,drf+topology_aware+easy_predicted,fifo+first_fit+none,wflow_sum_all,20,-1156.29957,-1743.5984,-569.0007395,20,0,0
s1-load60,drf+topology_aware+easy_predicted,fifo+first_fit+none,large_wait_mean,20,-280.3909731,-442.4895132,-118.292433,20,0,0
s1-load60,drf+topology_aware+easy_predicted,fifo+first_fit+none,large_wait_p95,20,-1618.65415,-2464.170295,-773.1380054,20,0,0
s1-load60,drf+topology_aware+easy_predicted,fifo+first_fit+none,utilization,20,-0.01622101915,-0.02006857238,-0.01237346592,0,0,20
s1-load60,drf+topology_aware+easy_predicted,fifo+first_fit+none,frag_blocked_frac,20,-0.08189703459,-0.1098119449,-0.05398212424,20,0,0
s1-load60,drf+topology_aware+easy_predicted,fifo+first_fit+none,stranded_frac,20,-0.0195407838,-0.02423875923,-0.01484280838,20,0,0
s1-load60,drf+topology_aware+easy_predicted,fifo+first_fit+none,goodput_ratio,20,0.02724361905,0.02382022119,0.03066701691,20,0,0
s1-load60,drf+topology_aware+easy_predicted,fifo+first_fit+none,wasted_gpu_hours,20,-136.2374459,-161.8772243,-110.5976675,20,0,0
s1-load60,drf+topology_aware+easy_predicted,fifo+first_fit+none,lost_gpu_hours,20,0,0,0,0,20,0
s1-load60,drf+topology_aware+easy_predicted,fifo+first_fit+none,overhead_gpu_hours,20,0,0,0,0,20,0
s1-load60,drf+topology_aware+easy_predicted,fifo+first_fit+none,topology_gpu_hours,20,-136.2373798,-161.877154,-110.5976056,20,0,0
s1-load60,drf+topology_aware+easy_predicted,fifo+first_fit+none,slack_gpu_hours,20,-6.611919194e-05,-7.353281568e-05,-5.87055682e-05,20,0,0
s1-load60,drf+topology_aware+easy_predicted,fifo+first_fit+none,preemptions,20,0,0,0,0,20,0
s1-load60,drf+topology_aware+easy_predicted,fifo+first_fit+none,failure_kills,20,0,0,0,0,20,0
s1-load60,drf+topology_aware+easy_predicted,fifo+first_fit+none,node_downtime_gpu_hours,20,0,0,0,0,20,0
s1-load60,drf+topology_aware+easy_predicted,fifo+first_fit+none,jain_bsld,20,0.01329065863,0.003664138952,0.02291717831,18,0,2
s1-load60,drf+topology_aware+easy_predicted,fifo+first_fit+none,tenant_worst_best_ratio,20,-0.2216035955,-0.3368973427,-0.1063098483,18,0,2
s1-load60,drf+topology_aware+easy_predicted,fifo+first_fit+none,slo_attainment,20,0.02467686414,0.01053770176,0.03881602652,17,2,1
s1-load60,drf+topology_aware+easy_predicted,fifo+first_fit+none,makespan,20,-949.31505,-2280.969798,382.3396984,4,16,0
s1-load60,drf+topology_aware+easy_predicted,fifo+first_fit+none,reservations,20,49.5,38.34024631,60.65975369,0,0,20
s1-load60,drf+topology_aware+easy_predicted,fifo+first_fit+none,broken_reservations,20,22.95,16.77744643,29.12255357,0,0,20
s1-load60,drf+topology_aware+easy_predicted,fifo+first_fit+none,tenant_t0_bsld_mean,20,-0.6046841874,-0.9565392358,-0.252829139,20,0,0
s1-load60,drf+topology_aware+easy_predicted,fifo+first_fit+none,tenant_t0_bsld_p95,20,-3.151651514,-4.969044585,-1.334258443,20,0,0
s1-load60,drf+topology_aware+easy_predicted,fifo+first_fit+none,tenant_t1_bsld_mean,20,-0.5284673371,-0.7733786431,-0.2835560311,20,0,0
s1-load60,drf+topology_aware+easy_predicted,fifo+first_fit+none,tenant_t1_bsld_p95,20,-3.035739044,-4.730223738,-1.341254351,20,0,0
s1-load60,drf+topology_aware+easy_predicted,fifo+first_fit+none,tenant_t2_bsld_mean,20,-0.6683402821,-1.050837905,-0.2858426596,20,0,0
s1-load60,drf+topology_aware+easy_predicted,fifo+first_fit+none,tenant_t2_bsld_p95,20,-3.798267766,-5.864274141,-1.73226139,19,1,0
s1-load60,drf+topology_aware+easy_predicted,fifo+first_fit+none,tenant_t3_bsld_mean,20,-0.4907226336,-0.7486164755,-0.2328287916,20,0,0
s1-load60,drf+topology_aware+easy_predicted,fifo+first_fit+none,tenant_t3_bsld_p95,20,-2.755229579,-4.16409874,-1.346360419,20,0,0
s1-load60,drf+topology_aware+easy_predicted,fifo+first_fit+none,prio_1_wait_p95,20,-2506.23195,-3657.897073,-1354.566827,20,0,0
s1-load60,drf+topology_aware+easy_predicted,fifo+first_fit+none,prio_1_bsld_p95,20,-3.317517324,-5.026854498,-1.608180149,20,0,0
s1-load60,drf+topology_aware+easy_predicted,fifo+first_fit+none,prio_8_wait_p95,20,-2460.68115,-3702.098839,-1219.263461,19,1,0
s1-load60,fifo+topology_aware+easy_predicted,fifo+first_fit+none,J,20,-1.434807286,-2.111424388,-0.7581901845,20,0,0
s1-load60,fifo+topology_aware+easy_predicted,fifo+first_fit+none,J_slowdown,20,-0.5889682865,-0.9002486471,-0.277687926,20,0,0
s1-load60,fifo+topology_aware+easy_predicted,fifo+first_fit+none,J_wait,20,-0.7822251464,-1.147637149,-0.4168131438,19,1,0
s1-load60,fifo+topology_aware+easy_predicted,fifo+first_fit+none,J_waste,20,-0.02594782067,-0.02990338787,-0.02199225346,20,0,0
s1-load60,fifo+topology_aware+easy_predicted,fifo+first_fit+none,J_slo,20,-0.02356823615,-0.03672196573,-0.01041450657,18,1,1
s1-load60,fifo+topology_aware+easy_predicted,fifo+first_fit+none,J_fairness,20,-0.01409779645,-0.02386551309,-0.004330079815,19,0,1
s1-load60,fifo+topology_aware+easy_predicted,fifo+first_fit+none,wait_mean,20,-362.3084855,-568.1092572,-156.5077138,20,0,0
s1-load60,fifo+topology_aware+easy_predicted,fifo+first_fit+none,wait_p95,20,-2372.6741,-3481.055233,-1264.292967,19,1,0
s1-load60,fifo+topology_aware+easy_predicted,fifo+first_fit+none,wait_p99,20,-2853.05895,-4158.099543,-1548.018357,20,0,0
s1-load60,fifo+topology_aware+easy_predicted,fifo+first_fit+none,jct_mean,20,-379.9438779,-585.82788,-174.0598759,20,0,0
s1-load60,fifo+topology_aware+easy_predicted,fifo+first_fit+none,jct_p95,20,-530.5436,-838.909271,-222.177929,20,0,0
s1-load60,fifo+topology_aware+easy_predicted,fifo+first_fit+none,bsld_mean,20,-0.5882545471,-0.8873086142,-0.2892004801,20,0,0
s1-load60,fifo+topology_aware+easy_predicted,fifo+first_fit+none,bsld_p95,20,-3.071825903,-4.695341289,-1.448310518,20,0,0
s1-load60,fifo+topology_aware+easy_predicted,fifo+first_fit+none,bsld_p99,20,-9.960338121,-14.48098187,-5.439694374,20,0,0
s1-load60,fifo+topology_aware+easy_predicted,fifo+first_fit+none,wflow_mean,20,-0.5882545471,-0.8873086142,-0.2892004801,20,0,0
s1-load60,fifo+topology_aware+easy_predicted,fifo+first_fit+none,wflow_sum_all,20,-1162.015783,-1751.928407,-572.1031585,20,0,0
s1-load60,fifo+topology_aware+easy_predicted,fifo+first_fit+none,large_wait_mean,20,-301.9081617,-481.6979878,-122.1183355,20,0,0
s1-load60,fifo+topology_aware+easy_predicted,fifo+first_fit+none,large_wait_p95,20,-1563.7512,-2431.281248,-696.2211516,19,0,1
s1-load60,fifo+topology_aware+easy_predicted,fifo+first_fit+none,utilization,20,-0.01580416235,-0.01933332392,-0.01227500078,1,0,19
s1-load60,fifo+topology_aware+easy_predicted,fifo+first_fit+none,frag_blocked_frac,20,-0.08531529321,-0.1125847955,-0.05804579088,20,0,0
s1-load60,fifo+topology_aware+easy_predicted,fifo+first_fit+none,stranded_frac,20,-0.02019658788,-0.02490900658,-0.01548416918,20,0,0
s1-load60,fifo+topology_aware+easy_predicted,fifo+first_fit+none,goodput_ratio,20,0.02594782067,0.02199225346,0.02990338787,20,0,0
s1-load60,fifo+topology_aware+easy_predicted,fifo+first_fit+none,wasted_gpu_hours,20,-127.4023151,-152.0928255,-102.7118048,20,0,0
s1-load60,fifo+topology_aware+easy_predicted,fifo+first_fit+none,lost_gpu_hours,20,0,0,0,0,20,0
s1-load60,fifo+topology_aware+easy_predicted,fifo+first_fit+none,overhead_gpu_hours,20,0,0,0,0,20,0
s1-load60,fifo+topology_aware+easy_predicted,fifo+first_fit+none,topology_gpu_hours,20,-127.4022496,-152.092755,-102.7117441,20,0,0
s1-load60,fifo+topology_aware+easy_predicted,fifo+first_fit+none,slack_gpu_hours,20,-6.551313134e-05,-7.357284797e-05,-5.74534147e-05,20,0,0
s1-load60,fifo+topology_aware+easy_predicted,fifo+first_fit+none,preemptions,20,0,0,0,0,20,0
s1-load60,fifo+topology_aware+easy_predicted,fifo+first_fit+none,failure_kills,20,0,0,0,0,20,0
s1-load60,fifo+topology_aware+easy_predicted,fifo+first_fit+none,node_downtime_gpu_hours,20,0,0,0,0,20,0
s1-load60,fifo+topology_aware+easy_predicted,fifo+first_fit+none,jain_bsld,20,0.01409779645,0.004330079815,0.02386551309,19,0,1
s1-load60,fifo+topology_aware+easy_predicted,fifo+first_fit+none,tenant_worst_best_ratio,20,-0.248121987,-0.3688338612,-0.1274101129,19,0,1
s1-load60,fifo+topology_aware+easy_predicted,fifo+first_fit+none,slo_attainment,20,0.02356823615,0.01041450657,0.03672196573,18,1,1
s1-load60,fifo+topology_aware+easy_predicted,fifo+first_fit+none,makespan,20,-983.69995,-2322.491892,355.0919923,4,16,0
s1-load60,fifo+topology_aware+easy_predicted,fifo+first_fit+none,reservations,20,47.05,36.44321007,57.65678993,0,0,20
s1-load60,fifo+topology_aware+easy_predicted,fifo+first_fit+none,broken_reservations,20,17.5,13.11620516,21.88379484,0,0,20
s1-load60,fifo+topology_aware+easy_predicted,fifo+first_fit+none,tenant_t0_bsld_mean,20,-0.6164478226,-0.9677802981,-0.265115347,20,0,0
s1-load60,fifo+topology_aware+easy_predicted,fifo+first_fit+none,tenant_t0_bsld_p95,20,-3.109726401,-4.904548281,-1.314904521,20,0,0
s1-load60,fifo+topology_aware+easy_predicted,fifo+first_fit+none,tenant_t1_bsld_mean,20,-0.5503042888,-0.8137800598,-0.2868285179,20,0,0
s1-load60,fifo+topology_aware+easy_predicted,fifo+first_fit+none,tenant_t1_bsld_p95,20,-2.977743472,-4.64034552,-1.315141424,20,0,0
s1-load60,fifo+topology_aware+easy_predicted,fifo+first_fit+none,tenant_t2_bsld_mean,20,-0.6580201687,-1.037211743,-0.2788285946,20,0,0
s1-load60,fifo+topology_aware+easy_predicted,fifo+first_fit+none,tenant_t2_bsld_p95,20,-3.707839747,-5.73160939,-1.684070104,19,1,0
s1-load60,fifo+topology_aware+easy_predicted,fifo+first_fit+none,tenant_t3_bsld_mean,20,-0.4688001768,-0.7198705652,-0.2177297885,20,0,0
s1-load60,fifo+topology_aware+easy_predicted,fifo+first_fit+none,tenant_t3_bsld_p95,20,-2.61125004,-3.960160352,-1.262339729,20,0,0
s1-load60,fifo+topology_aware+easy_predicted,fifo+first_fit+none,prio_1_wait_p95,20,-2446.18445,-3568.649022,-1323.719878,20,0,0
s1-load60,fifo+topology_aware+easy_predicted,fifo+first_fit+none,prio_1_bsld_p95,20,-3.259015026,-4.933391057,-1.584638994,20,0,0
s1-load60,fifo+topology_aware+easy_predicted,fifo+first_fit+none,prio_8_wait_p95,20,-2393.16725,-3579.716994,-1206.617506,19,1,0
s1-load60,priority+topology_aware+easy_predicted,fifo+first_fit+none,J,20,-1.466077483,-2.155732647,-0.77642232,20,0,0
s1-load60,priority+topology_aware+easy_predicted,fifo+first_fit+none,J_slowdown,20,-0.5985439928,-0.9150111016,-0.282076884,20,0,0
s1-load60,priority+topology_aware+easy_predicted,fifo+first_fit+none,J_wait,20,-0.8016551329,-1.174466882,-0.428843384,19,1,0
s1-load60,priority+topology_aware+easy_predicted,fifo+first_fit+none,J_waste,20,-0.02648488685,-0.03081247423,-0.02215729948,20,0,0
s1-load60,priority+topology_aware+easy_predicted,fifo+first_fit+none,J_slo,20,-0.0257527701,-0.0402569365,-0.0112486037,18,2,0
s1-load60,priority+topology_aware+easy_predicted,fifo+first_fit+none,J_fairness,20,-0.01364070077,-0.02305451642,-0.004226885116,18,0,2
s1-load60,priority+topology_aware+easy_predicted,fifo+first_fit+none,wait_mean,20,-360.3446944,-562.3816668,-158.3077221,20,0,0
s1-load60,priority+topology_aware+easy_predicted,fifo+first_fit+none,wait_p95,20,-2431.60985,-3562.436166,-1300.783534,19,1,0
s1-load60,priority+topology_aware+easy_predicted,fifo+first_fit+none,wait_p99,20,-2707.426,-3822.247229,-1592.604771,20,0,0
s1-load60,priority+topology_aware+easy_predicted,fifo+first_fit+none,jct_mean,20,-377.8535592,-579.4986725,-176.2084459,20,0,0
s1-load60,priority+topology_aware+easy_predicted,fifo+first_fit+none,jct_p95,20,-504.45845,-764.1646466,-244.7522534,20,0,0
s1-load60,priority+topology_aware+easy_predicted,fifo+first_fit+none,bsld_mean,20,-0.5833299085,-0.8780844078,-0.2885754092,20,0,0
s1-load60,priority+topology_aware+easy_predicted,fifo+first_fit+none,bsld_p95,20,-3.121769004,-4.77233642,-1.471201589,20,0,0
s1-load60,priority+topology_aware+easy_predicted,fifo+first_fit+none,bsld_p99,20,-9.857769376,-14.26619409,-5.449344666,20,0,0
s1-load60,priority+topology_aware+easy_predicted,fifo+first_fit+none,wflow_mean,20,-0.5833299085,-0.8780844078,-0.2885754092,20,0,0
s1-load60,priority+topology_aware+easy_predicted,fifo+first_fit+none,wflow_sum_all,20,-1148.670274,-1730.474919,-566.8656296,20,0,0
s1-load60,priority+topology_aware+easy_predicted,fifo+first_fit+none,large_wait_mean,20,-282.2744283,-436.0762785,-128.4725781,20,0,0
s1-load60,priority+topology_aware+easy_predicted,fifo+first_fit+none,large_wait_p95,20,-1474.1224,-2171.742712,-776.5020878,19,0,1
s1-load60,priority+topology_aware+easy_predicted,fifo+first_fit+none,utilization,20,-0.01608239566,-0.01918343438,-0.01298135695,0,0,20
s1-load60,priority+topology_aware+easy_predicted,fifo+first_fit+none,frag_blocked_frac,20,-0.08272557928,-0.1098970571,-0.05555410144,20,0,0
s1-load60,priority+topology_aware+easy_predicted,fifo+first_fit+none,stranded_frac,20,-0.01950380592,-0.02402967528,-0.01497793656,20,0,0
s1-load60,priority+topology_aware+easy_predicted,fifo+first_fit+none,goodput_ratio,20,0.02648488685,0.02215729948,0.03081247423,20,0,0
s1-load60,priority+topology_aware+easy_predicted,fifo+first_fit+none,wasted_gpu_hours,20,-128.719099,-154.4169699,-103.0212281,20,0,0
s1-load60,priority+topology_aware+easy_predicted,fifo+first_fit+none,lost_gpu_hours,20,0,0,0,0,20,0
s1-load60,priority+topology_aware+easy_predicted,fifo+first_fit+none,overhead_gpu_hours,20,0,0,0,0,20,0
s1-load60,priority+topology_aware+easy_predicted,fifo+first_fit+none,topology_gpu_hours,20,-128.7190332,-154.4168992,-103.0211673,20,0,0
s1-load60,priority+topology_aware+easy_predicted,fifo+first_fit+none,slack_gpu_hours,20,-6.5779798e-05,-7.42325665e-05,-5.732702951e-05,20,0,0
s1-load60,priority+topology_aware+easy_predicted,fifo+first_fit+none,preemptions,20,0,0,0,0,20,0
s1-load60,priority+topology_aware+easy_predicted,fifo+first_fit+none,failure_kills,20,0,0,0,0,20,0
s1-load60,priority+topology_aware+easy_predicted,fifo+first_fit+none,node_downtime_gpu_hours,20,0,0,0,0,20,0
s1-load60,priority+topology_aware+easy_predicted,fifo+first_fit+none,jain_bsld,20,0.01364070077,0.004226885116,0.02305451642,18,0,2
s1-load60,priority+topology_aware+easy_predicted,fifo+first_fit+none,tenant_worst_best_ratio,20,-0.2367554737,-0.3512715396,-0.1222394078,19,0,1
s1-load60,priority+topology_aware+easy_predicted,fifo+first_fit+none,slo_attainment,20,0.0257527701,0.0112486037,0.0402569365,18,2,0
s1-load60,priority+topology_aware+easy_predicted,fifo+first_fit+none,makespan,20,-973.88025,-2293.545457,345.7849574,4,16,0
s1-load60,priority+topology_aware+easy_predicted,fifo+first_fit+none,reservations,20,50.15,38.88457759,61.41542241,0,0,20
s1-load60,priority+topology_aware+easy_predicted,fifo+first_fit+none,broken_reservations,20,21.25,15.73767863,26.76232137,0,0,20
s1-load60,priority+topology_aware+easy_predicted,fifo+first_fit+none,tenant_t0_bsld_mean,20,-0.6137524406,-0.9626444076,-0.2648604736,20,0,0
s1-load60,priority+topology_aware+easy_predicted,fifo+first_fit+none,tenant_t0_bsld_p95,20,-3.135113349,-4.946765922,-1.323460777,20,0,0
s1-load60,priority+topology_aware+easy_predicted,fifo+first_fit+none,tenant_t1_bsld_mean,20,-0.5384054404,-0.7879959541,-0.2888149267,20,0,0
s1-load60,priority+topology_aware+easy_predicted,fifo+first_fit+none,tenant_t1_bsld_p95,20,-3.039372909,-4.740887394,-1.337858424,20,0,0
s1-load60,priority+topology_aware+easy_predicted,fifo+first_fit+none,tenant_t2_bsld_mean,20,-0.6510301614,-1.023735426,-0.2783248962,20,0,0
s1-load60,priority+topology_aware+easy_predicted,fifo+first_fit+none,tenant_t2_bsld_p95,20,-3.764227682,-5.790067028,-1.738388336,19,1,0
s1-load60,priority+topology_aware+easy_predicted,fifo+first_fit+none,tenant_t3_bsld_mean,20,-0.4801199088,-0.7352099745,-0.225029843,20,0,0
s1-load60,priority+topology_aware+easy_predicted,fifo+first_fit+none,tenant_t3_bsld_p95,20,-2.693007168,-4.080365089,-1.305649247,20,0,0
s1-load60,priority+topology_aware+easy_predicted,fifo+first_fit+none,prio_1_wait_p95,20,-2419.3339,-3520.117055,-1318.550745,20,0,0
s1-load60,priority+topology_aware+easy_predicted,fifo+first_fit+none,prio_1_bsld_p95,20,-3.251857965,-4.923182443,-1.580533487,20,0,0
s1-load60,priority+topology_aware+easy_predicted,fifo+first_fit+none,prio_8_wait_p95,20,-2557.1266,-3842.217247,-1272.035953,19,1,0
s1-load60,shortest_estimate+best_fit+easy_predicted,fifo+first_fit+none,J,20,-1.410629804,-2.119664264,-0.7015953435,20,0,0
s1-load60,shortest_estimate+best_fit+easy_predicted,fifo+first_fit+none,J_slowdown,20,-0.5729454441,-0.8976199289,-0.2482709593,20,0,0
s1-load60,shortest_estimate+best_fit+easy_predicted,fifo+first_fit+none,J_wait,20,-0.801823402,-1.18222283,-0.4214239743,19,1,0
s1-load60,shortest_estimate+best_fit+easy_predicted,fifo+first_fit+none,J_waste,20,0.003505822373,0.0001092607193,0.006902384027,5,0,15
s1-load60,shortest_estimate+best_fit+easy_predicted,fifo+first_fit+none,J_slo,20,-0.02468226245,-0.03883774578,-0.01052677911,17,3,0
s1-load60,shortest_estimate+best_fit+easy_predicted,fifo+first_fit+none,J_fairness,20,-0.01468451762,-0.02421348458,-0.005155550667,19,0,1
s1-load60,shortest_estimate+best_fit+easy_predicted,fifo+first_fit+none,wait_mean,20,-362.2078138,-572.1102056,-152.3054221,20,0,0
s1-load60,shortest_estimate+best_fit+easy_predicted,fifo+first_fit+none,wait_p95,20,-2432.12025,-3585.961793,-1278.278707,19,1,0
s1-load60,shortest_estimate+best_fit+easy_predicted,fifo+first_fit+none,wait_p99,20,-2849.9107,-4182.156292,-1517.665108,20,0,0
s1-load60,shortest_estimate+best_fit+easy_predicted,fifo+first_fit+none,jct_mean,20,-358.9551267,-569.0477489,-148.8625046,20,0,0
s1-load60,shortest_estimate+best_fit+easy_predicted,fifo+first_fit+none,jct_p95,20,-404.64295,-710.2664513,-99.01944866,14,2,4
s1-load60,shortest_estimate+best_fit+easy_predicted,fifo+first_fit+none,bsld_mean,20,-0.5942025691,-0.9035934187,-0.2848117195,20,0,0
s1-load60,shortest_estimate+best_fit+easy_predicted,fifo+first_fit+none,bsld_p95,20,-2.988257087,-4.681630934,-1.294883241,20,0,0
s1-load60,shortest_estimate+best_fit+easy_predicted,fifo+first_fit+none,bsld_p99,20,-10.18151075,-14.88531158,-5.47770993,20,0,0
s1-load60,shortest_estimate+best_fit+easy_predicted,fifo+first_fit+none,wflow_mean,20,-0.5942025691,-0.9035934187,-0.2848117195,20,0,0
s1-load60,shortest_estimate+best_fit+easy_predicted,fifo+first_fit+none,wflow_sum_all,20,-1183.846506,-1799.062126,-568.6308851,20,0,0
s1-load60,shortest_estimate+best_fit+easy_predicted,fifo+first_fit+none,large_wait_mean,20,-281.4766415,-464.4076542,-98.54562876,19,0,1
s1-load60,shortest_estimate+best_fit+easy_predicted,fifo+first_fit+none,large_wait_p95,20,-1592.33225,-2481.488937,-703.1755632,19,0,1
s1-load60,shortest_estimate+best_fit+easy_predicted,fifo+first_fit+none,utilization,20,0.002604858036,-0.0001378907243,0.005347606797,14,0,6
s1-load60,shortest_estimate+best_fit+easy_predicted,fifo+first_fit+none,frag_blocked_frac,20,-0.06360902636,-0.0885011776,-0.03871687512,20,0,0
s1-load60,shortest_estimate+best_fit+easy_predicted,fifo+first_fit+none,stranded_frac,20,-0.007847263321,-0.0126487572,-0.003045769443,16,0,4
s1-load60,shortest_estimate+best_fit+easy_predicted,fifo+first_fit+none,goodput_ratio,20,-0.003505822373,-0.006902384027,-0.0001092607193,5,0,15
s1-load60,shortest_estimate+best_fit+easy_predicted,fifo+first_fit+none,wasted_gpu_hours,20,19.56026422,-1.778040266,40.89856871,5,0,15
s1-load60,shortest_estimate+best_fit+easy_predicted,fifo+first_fit+none,lost_gpu_hours,20,0,0,0,0,20,0
s1-load60,shortest_estimate+best_fit+easy_predicted,fifo+first_fit+none,overhead_gpu_hours,20,0,0,0,0,20,0
s1-load60,shortest_estimate+best_fit+easy_predicted,fifo+first_fit+none,topology_gpu_hours,20,19.56026054,-1.778042697,40.89856377,5,0,15
s1-load60,shortest_estimate+best_fit+easy_predicted,fifo+first_fit+none,slack_gpu_hours,20,3.686868694e-06,8.602082115e-08,7.287716568e-06,7,0,13
s1-load60,shortest_estimate+best_fit+easy_predicted,fifo+first_fit+none,preemptions,20,0,0,0,0,20,0
s1-load60,shortest_estimate+best_fit+easy_predicted,fifo+first_fit+none,failure_kills,20,0,0,0,0,20,0
s1-load60,shortest_estimate+best_fit+easy_predicted,fifo+first_fit+none,node_downtime_gpu_hours,20,0,0,0,0,20,0
s1-load60,shortest_estimate+best_fit+easy_predicted,fifo+first_fit+none,jain_bsld,20,0.01468451762,0.005155550667,0.02421348458,19,0,1
s1-load60,shortest_estimate+best_fit+easy_predicted,fifo+first_fit+none,tenant_worst_best_ratio,20,-0.2644663858,-0.3789629793,-0.1499697924,20,0,0
s1-load60,shortest_estimate+best_fit+easy_predicted,fifo+first_fit+none,slo_attainment,20,0.02468226245,0.01052677911,0.03883774578,17,3,0
s1-load60,shortest_estimate+best_fit+easy_predicted,fifo+first_fit+none,makespan,20,-673.46475,-2046.807031,699.877531,4,14,2
s1-load60,shortest_estimate+best_fit+easy_predicted,fifo+first_fit+none,reservations,20,61.7,48.82895444,74.57104556,0,0,20
s1-load60,shortest_estimate+best_fit+easy_predicted,fifo+first_fit+none,broken_reservations,20,27.3,21.0612655,33.5387345,0,0,20
s1-load60,shortest_estimate+best_fit+easy_predicted,fifo+first_fit+none,tenant_t0_bsld_mean,20,-0.616937665,-0.9746179269,-0.2592574032,20,0,0
s1-load60,shortest_estimate+best_fit+easy_predicted,fifo+first_fit+none,tenant_t0_bsld_p95,20,-3.008877797,-4.861384844,-1.156370751,20,0,0
s1-load60,shortest_estimate+best_fit+easy_predicted,fifo+first_fit+none,tenant_t1_bsld_mean,20,-0.5595852127,-0.8354996733,-0.2836707522,20,0,0
s1-load60,shortest_estimate+best_fit+easy_predicted,fifo+first_fit+none,tenant_t1_bsld_p95,20,-2.901151796,-4.624046143,-1.178257448,20,0,0
s1-load60,shortest_estimate+best_fit+easy_predicted,fifo+first_fit+none,tenant_t2_bsld_mean,20,-0.662251755,-1.051889728,-0.2726137816,20,0,0
s1-load60,shortest_estimate+best_fit+easy_predicted,fifo+first_fit+none,tenant_t2_bsld_p95,20,-3.660905705,-5.725673283,-1.596138127,19,1,0
s1-load60,shortest_estimate+best_fit+easy_predicted,fifo+first_fit+none,tenant_t3_bsld_mean,20,-0.4883240834,-0.7436420744,-0.2330060924,20,0,0
s1-load60,shortest_estimate+best_fit+easy_predicted,fifo+first_fit+none,tenant_t3_bsld_p95,20,-2.620037016,-3.999845659,-1.240228372,20,0,0
s1-load60,shortest_estimate+best_fit+easy_predicted,fifo+first_fit+none,prio_1_wait_p95,20,-2489.51285,-3656.35149,-1322.67421,20,0,0
s1-load60,shortest_estimate+best_fit+easy_predicted,fifo+first_fit+none,prio_1_bsld_p95,20,-3.171149523,-4.913503246,-1.4287958,20,0,0
s1-load60,shortest_estimate+best_fit+easy_predicted,fifo+first_fit+none,prio_8_wait_p95,20,-2478.201,-3730.482865,-1225.919135,19,1,0
s1-load60,shortest_estimate+first_fit+easy_predicted,fifo+first_fit+none,J,20,-1.423485313,-2.130722797,-0.7162478286,20,0,0
s1-load60,shortest_estimate+first_fit+easy_predicted,fifo+first_fit+none,J_slowdown,20,-0.5767655163,-0.8994387764,-0.2540922562,20,0,0
s1-load60,shortest_estimate+first_fit+easy_predicted,fifo+first_fit+none,J_wait,20,-0.805402928,-1.185591423,-0.4252144326,19,1,0
s1-load60,shortest_estimate+first_fit+easy_predicted,fifo+first_fit+none,J_waste,20,-0.001230422786,-0.002883489431,0.0004226438594,12,0,8
s1-load60,shortest_estimate+first_fit+easy_predicted,fifo+first_fit+none,J_slo,20,-0.02505080372,-0.03931412342,-0.01078748402,17,2,1
s1-load60,shortest_estimate+first_fit+easy_predicted,fifo+first_fit+none,J_fairness,20,-0.01503564219,-0.02486591373,-0.005205370654,20,0,0
s1-load60,shortest_estimate+first_fit+easy_predicted,fifo+first_fit+none,wait_mean,20,-362.7763203,-571.551277,-154.0013636,20,0,0
s1-load60,shortest_estimate+first_fit+easy_predicted,fifo+first_fit+none,wait_p95,20,-2442.9778,-3596.179535,-1289.776065,19,1,0
s1-load60,shortest_estimate+first_fit+easy_predicted,fifo+first_fit+none,wait_p99,20,-2938.34535,-4320.013018,-1556.677682,20,0,0
s1-load60,shortest_estimate+first_fit+easy_predicted,fifo+first_fit+none,jct_mean,20,-363.3342029,-572.0525846,-154.6158212,20,0,0
s1-load60,shortest_estimate+first_fit+easy_predicted,fifo+first_fit+none,jct_p95,20,-413.37185,-689.1029143,-137.6407857,16,4,0
s1-load60,shortest_estimate+first_fit+easy_predicted,fifo+first_fit+none,bsld_mean,20,-0.5999391741,-0.9102357175,-0.2896426308,20,0,0
s1-load60,shortest_estimate+first_fit+easy_predicted,fifo+first_fit+none,bsld_p95,20,-3.008181075,-4.691117324,-1.325244826,20,0,0
s1-load60,shortest_estimate+first_fit+easy_predicted,fifo+first_fit+none,bsld_p99,20,-10.2829724,-14.99227822,-5.573666574,20,0,0
s1-load60,shortest_estimate+first_fit+easy_predicted,fifo+first_fit+none,wflow_mean,20,-0.5999391741,-0.9102357175,-0.2896426308,20,0,0
s1-load60,shortest_estimate+first_fit+easy_predicted,fifo+first_fit+none,wflow_sum_all,20,-1196.28091,-1814.471884,-578.0899366,20,0,0
s1-load60,shortest_estimate+first_fit+easy_predicted,fifo+first_fit+none,large_wait_mean,20,-285.678605,-465.0349552,-106.3222548,20,0,0
s1-load60,shortest_estimate+first_fit+easy_predicted,fifo+first_fit+none,large_wait_p95,20,-1643.80365,-2595.250049,-692.3572511,18,0,2
s1-load60,shortest_estimate+first_fit+easy_predicted,fifo+first_fit+none,utilization,20,0.0006209302569,-0.0009484666227,0.002190327137,11,0,9
s1-load60,shortest_estimate+first_fit+easy_predicted,fifo+first_fit+none,frag_blocked_frac,20,-0.0652864401,-0.09130012788,-0.03927275232,20,0,0
s1-load60,shortest_estimate+first_fit+easy_predicted,fifo+first_fit+none,stranded_frac,20,-0.007055200176,-0.01077274128,-0.003337659071,17,0,3
s1-load60,shortest_estimate+first_fit+easy_predicted,fifo+first_fit+none,goodput_ratio,20,0.001230422786,-0.0004226438594,0.002883489431,12,0,8
s1-load60,shortest_estimate+first_fit+easy_predicted,fifo+first_fit+none,wasted_gpu_hours,20,-6.460278222,-14.12754605,1.206989608,12,0,8
s1-load60,shortest_estimate+first_fit+easy_predicted,fifo+first_fit+none,lost_gpu_hours,20,0,0,0,0,20,0
s1-load60,shortest_estimate+first_fit+easy_predicted,fifo+first_fit+none,overhead_gpu_hours,20,0,0,0,0,20,0
s1-load60,shortest_estimate+first_fit+easy_predicted,fifo+first_fit+none,topology_gpu_hours,20,-6.46027816,-14.12754444,1.206988123,12,0,8
s1-load60,shortest_estimate+first_fit+easy_predicted,fifo+first_fit+none,slack_gpu_hours,20,-6.262626326e-08,-3.00489178e-06,2.879639253e-06,11,0,9
s1-load60,shortest_estimate+first_fit+easy_predicted,fifo+first_fit+none,preemptions,20,0,0,0,0,20,0
s1-load60,shortest_estimate+first_fit+easy_predicted,fifo+first_fit+none,failure_kills,20,0,0,0,0,20,0
s1-load60,shortest_estimate+first_fit+easy_predicted,fifo+first_fit+none,node_downtime_gpu_hours,20,0,0,0,0,20,0
s1-load60,shortest_estimate+first_fit+easy_predicted,fifo+first_fit+none,jain_bsld,20,0.01503564219,0.005205370654,0.02486591373,20,0,0
s1-load60,shortest_estimate+first_fit+easy_predicted,fifo+first_fit+none,tenant_worst_best_ratio,20,-0.2752910888,-0.3893762201,-0.1612059575,20,0,0
s1-load60,shortest_estimate+first_fit+easy_predicted,fifo+first_fit+none,slo_attainment,20,0.02505080372,0.01078748402,0.03931412342,17,2,1
s1-load60,shortest_estimate+first_fit+easy_predicted,fifo+first_fit+none,makespan,20,-972.63855,-2345.193561,399.9164613,4,15,1
s1-load60,shortest_estimate+first_fit+easy_predicted,fifo+first_fit+none,reservations,20,62.25,49.54684674,74.95315326,0,0,20
s1-load60,shortest_estimate+first_fit+easy_predicted,fifo+first_fit+none,broken_reservations,20,27.65,20.66307544,34.63692456,0,0,20
s1-load60,shortest_estimate+first_fit+easy_predicted,fifo+first_fit+none,tenant_t0_bsld_mean,20,-0.623668473,-0.9827306889,-0.264606257,20,0,0
s1-load60,shortest_estimate+first_fit+easy_predicted,fifo+first_fit+none,tenant_t0_bsld_p95,20,-3.009145431,-4.854962304,-1.163328558,20,0,0
s1-load60,shortest_estimate+first_fit+easy_predicted,fifo+first_fit+none,tenant_t1_bsld_mean,20,-0.5643753295,-0.8426174937,-0.2861331653,20,0,0
s1-load60,shortest_estimate+first_fit+easy_predicted,fifo+first_fit+none,tenant_t1_bsld_p95,20,-2.923340044,-4.634178102,-1.212501985,20,0,0
s1-load60,shortest_estimate+first_fit+easy_predicted,fifo+first_fit+none,tenant_t2_bsld_mean,20,-0.6676152431,-1.057022728,-0.2782077578,20,0,0
s1-load60,shortest_estimate+first_fit+easy_predicted,fifo+first_fit+none,tenant_t2_bsld_p95,20,-3.667335774,-5.735640322,-1.599031227,19,1,0
s1-load60,shortest_estimate+first_fit+easy_predicted,fifo+first_fit+none,tenant_t3_bsld_mean,20,-0.4942818323,-0.7563729543,-0.2321907102,20,0,0
s1-load60,shortest_estimate+first_fit+easy_predicted,fifo+first_fit+none,tenant_t3_bsld_p95,20,-2.665038191,-4.071209273,-1.25886711,20,0,0
s1-load60,shortest_estimate+first_fit+easy_predicted,fifo+first_fit+none,prio_1_wait_p95,20,-2497.3313,-3650.852985,-1343.809615,20,0,0
s1-load60,shortest_estimate+first_fit+easy_predicted,fifo+first_fit+none,prio_1_bsld_p95,20,-3.190084091,-4.922733791,-1.457434391,20,0,0
s1-load60,shortest_estimate+first_fit+easy_predicted,fifo+first_fit+none,prio_8_wait_p95,20,-2496.75265,-3768.273563,-1225.231737,19,1,0
s1-load60,shortest_estimate+least_fragmentation+easy_predicted,fifo+first_fit+none,J,20,-1.407020166,-2.110358256,-0.703682075,20,0,0
s1-load60,shortest_estimate+least_fragmentation+easy_predicted,fifo+first_fit+none,J_slowdown,20,-0.5710800881,-0.8946828683,-0.2474773079,20,0,0
s1-load60,shortest_estimate+least_fragmentation+easy_predicted,fifo+first_fit+none,J_wait,20,-0.7991615425,-1.174504901,-0.4238181842,19,1,0
s1-load60,shortest_estimate+least_fragmentation+easy_predicted,fifo+first_fit+none,J_waste,20,0.001922713918,-0.0001533751466,0.003998802983,7,0,13
s1-load60,shortest_estimate+least_fragmentation+easy_predicted,fifo+first_fit+none,J_slo,20,-0.02392231859,-0.03789081265,-0.009953824541,17,2,1
s1-load60,shortest_estimate+least_fragmentation+easy_predicted,fifo+first_fit+none,J_fairness,20,-0.01477893022,-0.02440563373,-0.005152226708,19,0,1
s1-load60,shortest_estimate+least_fragmentation+easy_predicted,fifo+first_fit+none,wait_mean,20,-357.8506889,-562.5132876,-153.1880902,20,0,0
s1-load60,shortest_estimate+least_fragmentation+easy_predicted,fifo+first_fit+none,wait_p95,20,-2424.0462,-3562.551487,-1285.540913,19,1,0
s1-load60,shortest_estimate+least_fragmentation+easy_predicted,fifo+first_fit+none,wait_p99,20,-2811.96925,-4063.360036,-1560.578464,20,0,0
s1-load60,shortest_estimate+least_fragmentation+easy_predicted,fifo+first_fit+none,jct_mean,20,-356.0791509,-561.398985,-150.7593168,20,0,0
s1-load60,shortest_estimate+least_fragmentation+easy_predicted,fifo+first_fit+none,jct_p95,20,-370.73265,-663.043732,-78.421568,12,3,5
s1-load60,shortest_estimate+least_fragmentation+easy_predicted,fifo+first_fit+none,bsld_mean,20,-0.5929244267,-0.89920663,-0.2866422235,20,0,0
s1-load60,shortest_estimate+least_fragmentation+easy_predicted,fifo+first_fit+none,bsld_p95,20,-2.978528128,-4.666312386,-1.290743869,20,0,0
s1-load60,shortest_estimate+least_fragmentation+easy_predicted,fifo+first_fit+none,bsld_p99,20,-10.13057261,-14.71501265,-5.546132565,20,0,0
s1-load60,shortest_estimate+least_fragmentation+easy_predicted,fifo+first_fit+none,wflow_mean,20,-0.5929244267,-0.89920663,-0.2866422235,20,0,0
s1-load60,shortest_estimate+least_fragmentation+easy_predicted,fifo+first_fit+none,wflow_sum_all,20,-1180.348682,-1791.691443,-569.0059211,20,0,0
s1-load60,shortest_estimate+least_fragmentation+easy_predicted,fifo+first_fit+none,large_wait_mean,20,-262.2443818,-424.0339185,-100.454845,20,0,0
s1-load60,shortest_estimate+least_fragmentation+easy_predicted,fifo+first_fit+none,large_wait_p95,20,-1535.51755,-2348.674096,-722.3610041,20,0,0
s1-load60,shortest_estimate+least_fragmentation+easy_predicted,fifo+first_fit+none,utilization,20,0.001997630239,-0.0003548831991,0.004350143677,14,0,6
s1-load60,shortest_estimate+least_fragmentation+easy_predicted,fifo+first_fit+none,frag_blocked_frac,20,-0.05922015872,-0.08061931317,-0.03782100426,20,0,0
s1-load60,shortest_estimate+least_fragmentation+easy_predicted,fifo+first_fit+none,stranded_frac,20,-0.008520148275,-0.01300343575,-0.004036860798,18,0,2
s1-load60,shortest_estimate+least_fragmentation+easy_predicted,fifo+first_fit+none,goodput_ratio,20,-0.001922713918,-0.003998802983,0.0001533751466,7,0,13
s1-load60,shortest_estimate+least_fragmentation+easy_predicted,fifo+first_fit+none,wasted_gpu_hours,20,7.973487333,-2.772488388,18.71946306,7,0,13
s1-load60,shortest_estimate+least_fragmentation+easy_predicted,fifo+first_fit+none,lost_gpu_hours,20,0,0,0,0,20,0
s1-load60,shortest_estimate+least_fragmentation+easy_predicted,fifo+first_fit+none,overhead_gpu_hours,20,0,0,0,0,20,0
s1-load60,shortest_estimate+least_fragmentation+easy_predicted,fifo+first_fit+none,topology_gpu_hours,20,7.973483374,-2.772490239,18.71945699,7,0,13
s1-load60,shortest_estimate+least_fragmentation+easy_predicted,fifo+first_fit+none,slack_gpu_hours,20,3.959595965e-06,-3.620858022e-07,8.281277731e-06,6,0,14
s1-load60,shortest_estimate+least_fragmentation+easy_predicted,fifo+first_fit+none,preemptions,20,0,0,0,0,20,0
s1-load60,shortest_estimate+least_fragmentation+easy_predicted,fifo+first_fit+none,failure_kills,20,0,0,0,0,20,0
s1-load60,shortest_estimate+least_fragmentation+easy_predicted,fifo+first_fit+none,node_downtime_gpu_hours,20,0,0,0,0,20,0
s1-load60,shortest_estimate+least_fragmentation+easy_predicted,fifo+first_fit+none,jain_bsld,20,0.01477893022,0.005152226708,0.02440563373,19,0,1
s1-load60,shortest_estimate+least_fragmentation+easy_predicted,fifo+first_fit+none,tenant_worst_best_ratio,20,-0.2658930265,-0.3802821903,-0.1515038627,19,0,1
s1-load60,shortest_estimate+least_fragmentation+easy_predicted,fifo+first_fit+none,slo_attainment,20,0.02392231859,0.009953824541,0.03789081265,17,2,1
s1-load60,shortest_estimate+least_fragmentation+easy_predicted,fifo+first_fit+none,makespan,20,368.8344,-607.831262,1345.500062,2,15,3
s1-load60,shortest_estimate+least_fragmentation+easy_predicted,fifo+first_fit+none,reservations,20,63.3,49.31955252,77.28044748,0,0,20
s1-load60,shortest_estimate+least_fragmentation+easy_predicted,fifo+first_fit+none,broken_reservations,20,28.15,20.94376987,35.35623013,0,0,20
s1-load60,shortest_estimate+least_fragmentation+easy_predicted,fifo+first_fit+none,tenant_t0_bsld_mean,20,-0.6147040287,-0.9720739696,-0.2573340878,20,0,0
s1-load60,shortest_estimate+least_fragmentation+easy_predicted,fifo+first_fit+none,tenant_t0_bsld_p95,20,-2.983058172,-4.831930887,-1.134185456,20,0,0
s1-load60,shortest_estimate+least_fragmentation+easy_predicted,fifo+first_fit+none,tenant_t1_bsld_mean,20,-0.5592250514,-0.8312509482,-0.2871991545,20,0,0
s1-load60,shortest_estimate+least_fragmentation+easy_predicted,fifo+first_fit+none,tenant_t1_bsld_p95,20,-2.876954148,-4.587529551,-1.166378745,20,0,0
s1-load60,shortest_estimate+least_fragmentation+easy_predicted,fifo+first_fit+none,tenant_t2_bsld_mean,20,-0.6625639181,-1.045892165,-0.2792356712,20,0,0
s1-load60,shortest_estimate+least_fragmentation+easy_predicted,fifo+first_fit+none,tenant_t2_bsld_p95,20,-3.656656011,-5.703416974,-1.609895048,19,1,0
s1-load60,shortest_estimate+least_fragmentation+easy_predicted,fifo+first_fit+none,tenant_t3_bsld_mean,20,-0.4854536681,-0.7418145763,-0.2290927599,20,0,0
s1-load60,shortest_estimate+least_fragmentation+easy_predicted,fifo+first_fit+none,tenant_t3_bsld_p95,20,-2.614432864,-3.996455222,-1.232410506,20,0,0
s1-load60,shortest_estimate+least_fragmentation+easy_predicted,fifo+first_fit+none,prio_1_wait_p95,20,-2470.43965,-3611.766785,-1329.112515,20,0,0
s1-load60,shortest_estimate+least_fragmentation+easy_predicted,fifo+first_fit+none,prio_1_bsld_p95,20,-3.159640551,-4.898754774,-1.420526327,20,0,0
s1-load60,shortest_estimate+least_fragmentation+easy_predicted,fifo+first_fit+none,prio_8_wait_p95,20,-2490.7954,-3748.312797,-1233.278003,19,1,0
s1-load60,shortest_estimate+topology_aware+conservative,fifo+first_fit+none,J,20,-1.480296188,-2.185042509,-0.7755498682,20,0,0
s1-load60,shortest_estimate+topology_aware+conservative,fifo+first_fit+none,J_slowdown,20,-0.6024154202,-0.9229993568,-0.2818314837,20,0,0
s1-load60,shortest_estimate+topology_aware+conservative,fifo+first_fit+none,J_wait,20,-0.8115934272,-1.192558494,-0.4306283601,19,1,0
s1-load60,shortest_estimate+topology_aware+conservative,fifo+first_fit+none,J_waste,20,-0.02643501594,-0.02983973889,-0.02303029299,20,0,0
s1-load60,shortest_estimate+topology_aware+conservative,fifo+first_fit+none,J_slo,20,-0.02486290254,-0.03885065663,-0.01087514844,18,2,0
s1-load60,shortest_estimate+topology_aware+conservative,fifo+first_fit+none,J_fairness,20,-0.01498942254,-0.02475788162,-0.005220963461,20,0,0
s1-load60,shortest_estimate+topology_aware+conservative,fifo+first_fit+none,wait_mean,20,-370.0624886,-578.1324779,-161.9924993,20,0,0
s1-load60,shortest_estimate+topology_aware+conservative,fifo+first_fit+none,wait_p95,20,-2461.75505,-3617.312311,-1306.197789,19,1,0
s1-load60,shortest_estimate+topology_aware+conservative,fifo+first_fit+none,wait_p99,20,-3122.0484,-4400.179358,-1843.917442,20,0,0
s1-load60,shortest_estimate+topology_aware+conservative,fifo+first_fit+none,jct_mean,20,-387.8597222,-595.9761812,-179.7432631,20,0,0
s1-load60,shortest_estimate+topology_aware+conservative,fifo+first_fit+none,jct_p95,20,-508.1534,-798.2813902,-218.0254098,20,0,0
s1-load60,shortest_estimate+topology_aware+conservative,fifo+first_fit+none,bsld_mean,20,-0.6129735242,-0.9216347989,-0.3043122495,20,0,0
s1-load60,shortest_estimate+topology_aware+conservative,fifo+first_fit+none,bsld_p95,20,-3.14196084,-4.814000003,-1.469921678,20,0,0
s1-load60,shortest_estimate+topology_aware+conservative,fifo+first_fit+none,bsld_p99,20,-10.38495329,-15.04023877,-5.729667806,20,0,0
s1-load60,shortest_estimate+topology_aware+conservative,fifo+first_fit+none,wflow_mean,20,-0.6129735242,-0.9216347989,-0.3043122495,20,0,0
s1-load60,shortest_estimate+topology_aware+conservative,fifo+first_fit+none,wflow_sum_all,20,-1220.868018,-1836.955749,-604.7802877,20,0,0
s1-load60,shortest_estimate+topology_aware+conservative,fifo+first_fit+none,large_wait_mean,20,-330.7840817,-514.4117332,-147.1564301,20,0,0
s1-load60,shortest_estimate+topology_aware+conservative,fifo+first_fit+none,large_wait_p95,20,-1934.63,-2808.800586,-1060.459414,20,0,0
s1-load60,shortest_estimate+topology_aware+conservative,fifo+first_fit+none,utilization,20,-0.01524843541,-0.0180427391,-0.01245413173,0,0,20
s1-load60,shortest_estimate+topology_aware+conservative,fifo+first_fit+none,frag_blocked_frac,20,-0.08949982236,-0.1177890239,-0.06121062079,20,0,0
s1-load60,shortest_estimate+topology_aware+conservative,fifo+first_fit+none,stranded_frac,20,-0.01976904234,-0.02422095323,-0.01531713146,20,0,0
s1-load60,shortest_estimate+topology_aware+conservative,fifo+first_fit+none,goodput_ratio,20,0.02643501594,0.02303029299,0.02983973889,20,0,0
s1-load60,shortest_estimate+topology_aware+conservative,fifo+first_fit+none,wasted_gpu_hours,20,-129.6941659,-150.4140176,-108.9743141,20,0,0
s1-load60,shortest_estimate+topology_aware+conservative,fifo+first_fit+none,lost_gpu_hours,20,0,0,0,0,20,0
s1-load60,shortest_estimate+topology_aware+conservative,fifo+first_fit+none,overhead_gpu_hours,20,0,0,0,0,20,0
s1-load60,shortest_estimate+topology_aware+conservative,fifo+first_fit+none,topology_gpu_hours,20,-129.6941016,-150.4139498,-108.9742533,20,0,0
s1-load60,shortest_estimate+topology_aware+conservative,fifo+first_fit+none,slack_gpu_hours,20,-6.430505052e-05,-7.241157027e-05,-5.619853077e-05,20,0,0
s1-load60,shortest_estimate+topology_aware+conservative,fifo+first_fit+none,preemptions,20,0,0,0,0,20,0
s1-load60,shortest_estimate+topology_aware+conservative,fifo+first_fit+none,failure_kills,20,0,0,0,0,20,0
s1-load60,shortest_estimate+topology_aware+conservative,fifo+first_fit+none,node_downtime_gpu_hours,20,0,0,0,0,20,0
s1-load60,shortest_estimate+topology_aware+conservative,fifo+first_fit+none,jain_bsld,20,0.01498942254,0.005220963461,0.02475788162,20,0,0
s1-load60,shortest_estimate+topology_aware+conservative,fifo+first_fit+none,tenant_worst_best_ratio,20,-0.2770599817,-0.3921667929,-0.1619531706,20,0,0
s1-load60,shortest_estimate+topology_aware+conservative,fifo+first_fit+none,slo_attainment,20,0.02486290254,0.01087514844,0.03885065663,18,2,0
s1-load60,shortest_estimate+topology_aware+conservative,fifo+first_fit+none,makespan,20,-1062.32845,-2413.52597,288.8690702,4,16,0
s1-load60,shortest_estimate+topology_aware+conservative,fifo+first_fit+none,reservations,20,70.25,51.89077284,88.60922716,0,0,20
s1-load60,shortest_estimate+topology_aware+conservative,fifo+first_fit+none,broken_reservations,20,16.2,10.46882211,21.93117789,0,0,20
s1-load60,shortest_estimate+topology_aware+conservative,fifo+first_fit+none,tenant_t0_bsld_mean,20,-0.6361477297,-0.9957046005,-0.2765908589,20,0,0
s1-load60,shortest_estimate+topology_aware+conservative,fifo+first_fit+none,tenant_t0_bsld_p95,20,-3.163801893,-4.9991633,-1.328440487,20,0,0
s1-load60,shortest_estimate+topology_aware+conservative,fifo+first_fit+none,tenant_t1_bsld_mean,20,-0.5785342012,-0.852162336,-0.3049060664,20,0,0
s1-load60,shortest_estimate+topology_aware+conservative,fifo+first_fit+none,tenant_t1_bsld_p95,20,-3.051558437,-4.756580195,-1.346536679,20,0,0
s1-load60,shortest_estimate+topology_aware+conservative,fifo+first_fit+none,tenant_t2_bsld_mean,20,-0.683206707,-1.071355589,-0.295057825,20,0,0
s1-load60,shortest_estimate+topology_aware+conservative,fifo+first_fit+none,tenant_t2_bsld_p95,20,-3.801269539,-5.859095639,-1.743443439,19,1,0
s1-load60,shortest_estimate+topology_aware+conservative,fifo+first_fit+none,tenant_t3_bsld_mean,20,-0.5012394763,-0.7596876082,-0.2427913444,20,0,0
s1-load60,shortest_estimate+topology_aware+conservative,fifo+first_fit+none,tenant_t3_bsld_p95,20,-2.711523646,-4.085677458,-1.337369834,20,0,0
s1-load60,shortest_estimate+topology_aware+conservative,fifo+first_fit+none,prio_1_wait_p95,20,-2533.1641,-3702.021507,-1364.306693,20,0,0
s1-load60,shortest_estimate+topology_aware+conservative,fifo+first_fit+none,prio_1_bsld_p95,20,-3.333989763,-5.060515756,-1.60746377,20,0,0
s1-load60,shortest_estimate+topology_aware+conservative,fifo+first_fit+none,prio_8_wait_p95,20,-2492.4983,-3757.309668,-1227.686932,19,1,0
s1-load60,shortest_estimate+topology_aware+easy,fifo+first_fit+none,J,20,-1.481836311,-2.183742225,-0.7799303976,20,0,0
s1-load60,shortest_estimate+topology_aware+easy,fifo+first_fit+none,J_slowdown,20,-0.6030556316,-0.9226786086,-0.2834326546,20,0,0
s1-load60,shortest_estimate+topology_aware+easy,fifo+first_fit+none,J_wait,20,-0.8126830058,-1.191396722,-0.4339692896,19,1,0
s1-load60,shortest_estimate+topology_aware+easy,fifo+first_fit+none,J_waste,20,-0.0267051158,-0.03025779062,-0.02315244098,20,0,0
s1-load60,shortest_estimate+topology_aware+easy,fifo+first_fit+none,J_slo,20,-0.0247443635,-0.03892386359,-0.01056486341,17,3,0
s1-load60,shortest_estimate+topology_aware+easy,fifo+first_fit+none,J_fairness,20,-0.01464819478,-0.02399877185,-0.005297617697,20,0,0
s1-load60,shortest_estimate+topology_aware+easy,fifo+first_fit+none,wait_mean,20,-369.4654053,-577.619511,-161.3112995,20,0,0
s1-load60,shortest_estimate+topology_aware+easy,fifo+first_fit+none,wait_p95,20,-2465.06,-3613.788381,-1316.331619,19,1,0
s1-load60,shortest_estimate+topology_aware+easy,fifo+first_fit+none,wait_p99,20,-3131.6347,-4436.686,-1826.5834,20,0,0
s1-load60,shortest_estimate+topology_aware+easy,fifo+first_fit+none,jct_mean,20,-387.2314314,-595.6289198,-178.833943,20,0,0
s1-load60,shortest_estimate+topology_aware+easy,fifo+first_fit+none,jct_p95,20,-515.5502,-812.3713567,-218.7290433,19,1,0
s1-load60,shortest_estimate+topology_aware+easy,fifo+first_fit+none,bsld_mean,20,-0.6096685792,-0.9173881792,-0.3019489792,20,0,0
s1-load60,shortest_estimate+topology_aware+easy,fifo+first_fit+none,bsld_p95,20,-3.14529993,-4.812327107,-1.478272753,20,0,0
s1-load60,shortest_estimate+topology_aware+easy,fifo+first_fit+none,bsld_p99,20,-10.40482438,-15.04925359,-5.760395167,20,0,0
s1-load60,shortest_estimate+topology_aware+easy,fifo+first_fit+none,wflow_mean,20,-0.6096685792,-0.9173881792,-0.3019489792,20,0,0
s1-load60,shortest_estimate+topology_aware+easy,fifo+first_fit+none,wflow_sum_all,20,-1215.396432,-1830.042694,-600.7501708,20,0,0
s1-load60,shortest_estimate+topology_aware+easy,fifo+first_fit+none,large_wait_mean,20,-318.6102486,-498.7370944,-138.4834029,20,0,0
s1-load60,shortest_estimate+topology_aware+easy,fifo+first_fit+none,large_wait_p95,20,-1863.58835,-2744.231735,-982.9449651,20,0,0
s1-load60,shortest_estimate+topology_aware+easy,fifo+first_fit+none,utilization,20,-0.01543744478,-0.01815102813,-0.01272386142,0,0,20
s1-load60,shortest_estimate+topology_aware+easy,fifo+first_fit+none,frag_blocked_frac,20,-0.08484462721,-0.1126141379,-0.05707511657,20,0,0
s1-load60,shortest_estimate+topology_aware+easy,fifo+first_fit+none,stranded_frac,20,-0.01966745422,-0.02429613118,-0.01503877726,20,0,0
s1-load60,shortest_estimate+topology_aware+easy,fifo+first_fit+none,goodput_ratio,20,0.0267051158,0.02315244098,0.03025779062,20,0,0
s1-load60,shortest_estimate+topology_aware+easy,fifo+first_fit+none,wasted_gpu_hours,20,-131.339072,-153.1356402,-109.5425038,20,0,0
s1-load60,shortest_estimate+topology_aware+easy,fifo+first_fit+none,lost_gpu_hours,20,0,0,0,0,20,0
s1-load60,shortest_estimate+topology_aware+easy,fifo+first_fit+none,overhead_gpu_hours,20,0,0,0,0,20,0
s1-load60,shortest_estimate+topology_aware+easy,fifo+first_fit+none,topology_gpu_hours,20,-131.3390065,-153.1355707,-109.5424424,20,0,0
s1-load60,shortest_estimate+topology_aware+easy,fifo+first_fit+none,slack_gpu_hours,20,-6.54848485e-05,-7.305849434e-05,-5.791120267e-05,20,0,0
s1-load60,shortest_estimate+topology_aware+easy,fifo+first_fit+none,preemptions,20,0,0,0,0,20,0
s1-load60,shortest_estimate+topology_aware+easy,fifo+first_fit+none,failure_kills,20,0,0,0,0,20,0
s1-load60,shortest_estimate+topology_aware+easy,fifo+first_fit+none,node_downtime_gpu_hours,20,0,0,0,0,20,0
s1-load60,shortest_estimate+topology_aware+easy,fifo+first_fit+none,jain_bsld,20,0.01464819478,0.005297617697,0.02399877185,20,0,0
s1-load60,shortest_estimate+topology_aware+easy,fifo+first_fit+none,tenant_worst_best_ratio,20,-0.2725514921,-0.383653399,-0.1614495852,20,0,0
s1-load60,shortest_estimate+topology_aware+easy,fifo+first_fit+none,slo_attainment,20,0.0247443635,0.01056486341,0.03892386359,17,3,0
s1-load60,shortest_estimate+topology_aware+easy,fifo+first_fit+none,makespan,20,-1003.4892,-2350.195085,343.2166854,4,16,0
s1-load60,shortest_estimate+topology_aware+easy,fifo+first_fit+none,reservations,20,52.85,41.13804376,64.56195624,0,0,20
s1-load60,shortest_estimate+topology_aware+easy,fifo+first_fit+none,broken_reservations,20,9.9,6.657856634,13.14214337,0,0,20
s1-load60,shortest_estimate+topology_aware+easy,fifo+first_fit+none,tenant_t0_bsld_mean,20,-0.6304964265,-0.9887592718,-0.2722335813,20,0,0
s1-load60,shortest_estimate+topology_aware+easy,fifo+first_fit+none,tenant_t0_bsld_p95,20,-3.158903796,-4.989558051,-1.32824954,20,0,0
s1-load60,shortest_estimate+topology_aware+easy,fifo+first_fit+none,tenant_t1_bsld_mean,20,-0.5731626147,-0.8432893296,-0.3030358999,20,0,0
s1-load60,shortest_estimate+topology_aware+easy,fifo+first_fit+none,tenant_t1_bsld_p95,20,-3.069276967,-4.774090647,-1.364463287,20,0,0
s1-load60,shortest_estimate+topology_aware+easy,fifo+first_fit+none,tenant_t2_bsld_mean,20,-0.6857570814,-1.073764033,-0.2977501299,20,0,0
s1-load60,shortest_estimate+topology_aware+easy,fifo+first_fit+none,tenant_t2_bsld_p95,20,-3.802739713,-5.862603028,-1.742876398,19,1,0
s1-load60,shortest_estimate+topology_aware+easy,fifo+first_fit+none,tenant_t3_bsld_mean,20,-0.5016071567,-0.7601354783,-0.2430788351,20,0,0
s1-load60,shortest_estimate+topology_aware+easy,fifo+first_fit+none,tenant_t3_bsld_p95,20,-2.708516096,-4.076973117,-1.340059075,20,0,0
s1-load60,shortest_estimate+topology_aware+easy,fifo+first_fit+none,prio_1_wait_p95,20,-2528.5585,-3682.685974,-1374.431026,20,0,0
s1-load60,shortest_estimate+topology_aware+easy,fifo+first_fit+none,prio_1_bsld_p95,20,-3.326467254,-5.041633221,-1.611301288,20,0,0
s1-load60,shortest_estimate+topology_aware+easy,fifo+first_fit+none,prio_8_wait_p95,20,-2526.8756,-3796.871353,-1256.879847,19,1,0
s1-load60,shortest_estimate+topology_aware+easy_oracle,fifo+first_fit+none,J,20,-1.481836311,-2.183742225,-0.7799303976,20,0,0
s1-load60,shortest_estimate+topology_aware+easy_oracle,fifo+first_fit+none,J_slowdown,20,-0.6030556316,-0.9226786086,-0.2834326546,20,0,0
s1-load60,shortest_estimate+topology_aware+easy_oracle,fifo+first_fit+none,J_wait,20,-0.8126830058,-1.191396722,-0.4339692896,19,1,0
s1-load60,shortest_estimate+topology_aware+easy_oracle,fifo+first_fit+none,J_waste,20,-0.0267051158,-0.03025779062,-0.02315244098,20,0,0
s1-load60,shortest_estimate+topology_aware+easy_oracle,fifo+first_fit+none,J_slo,20,-0.0247443635,-0.03892386359,-0.01056486341,17,3,0
s1-load60,shortest_estimate+topology_aware+easy_oracle,fifo+first_fit+none,J_fairness,20,-0.01464819478,-0.02399877185,-0.005297617697,20,0,0
s1-load60,shortest_estimate+topology_aware+easy_oracle,fifo+first_fit+none,wait_mean,20,-369.4654053,-577.619511,-161.3112995,20,0,0
s1-load60,shortest_estimate+topology_aware+easy_oracle,fifo+first_fit+none,wait_p95,20,-2465.06,-3613.788381,-1316.331619,19,1,0
s1-load60,shortest_estimate+topology_aware+easy_oracle,fifo+first_fit+none,wait_p99,20,-3131.6347,-4436.686,-1826.5834,20,0,0
s1-load60,shortest_estimate+topology_aware+easy_oracle,fifo+first_fit+none,jct_mean,20,-387.2314314,-595.6289198,-178.833943,20,0,0
s1-load60,shortest_estimate+topology_aware+easy_oracle,fifo+first_fit+none,jct_p95,20,-515.5502,-812.3713567,-218.7290433,19,1,0
s1-load60,shortest_estimate+topology_aware+easy_oracle,fifo+first_fit+none,bsld_mean,20,-0.6096685792,-0.9173881792,-0.3019489792,20,0,0
s1-load60,shortest_estimate+topology_aware+easy_oracle,fifo+first_fit+none,bsld_p95,20,-3.14529993,-4.812327107,-1.478272753,20,0,0
s1-load60,shortest_estimate+topology_aware+easy_oracle,fifo+first_fit+none,bsld_p99,20,-10.40482438,-15.04925359,-5.760395167,20,0,0
s1-load60,shortest_estimate+topology_aware+easy_oracle,fifo+first_fit+none,wflow_mean,20,-0.6096685792,-0.9173881792,-0.3019489792,20,0,0
s1-load60,shortest_estimate+topology_aware+easy_oracle,fifo+first_fit+none,wflow_sum_all,20,-1215.396432,-1830.042694,-600.7501708,20,0,0
s1-load60,shortest_estimate+topology_aware+easy_oracle,fifo+first_fit+none,large_wait_mean,20,-318.6102486,-498.7370944,-138.4834029,20,0,0
s1-load60,shortest_estimate+topology_aware+easy_oracle,fifo+first_fit+none,large_wait_p95,20,-1863.58835,-2744.231735,-982.9449651,20,0,0
s1-load60,shortest_estimate+topology_aware+easy_oracle,fifo+first_fit+none,utilization,20,-0.01543744478,-0.01815102813,-0.01272386142,0,0,20
s1-load60,shortest_estimate+topology_aware+easy_oracle,fifo+first_fit+none,frag_blocked_frac,20,-0.08484462721,-0.1126141379,-0.05707511657,20,0,0
s1-load60,shortest_estimate+topology_aware+easy_oracle,fifo+first_fit+none,stranded_frac,20,-0.01966745422,-0.02429613118,-0.01503877726,20,0,0
s1-load60,shortest_estimate+topology_aware+easy_oracle,fifo+first_fit+none,goodput_ratio,20,0.0267051158,0.02315244098,0.03025779062,20,0,0
s1-load60,shortest_estimate+topology_aware+easy_oracle,fifo+first_fit+none,wasted_gpu_hours,20,-131.339072,-153.1356402,-109.5425038,20,0,0
s1-load60,shortest_estimate+topology_aware+easy_oracle,fifo+first_fit+none,lost_gpu_hours,20,0,0,0,0,20,0
s1-load60,shortest_estimate+topology_aware+easy_oracle,fifo+first_fit+none,overhead_gpu_hours,20,0,0,0,0,20,0
s1-load60,shortest_estimate+topology_aware+easy_oracle,fifo+first_fit+none,topology_gpu_hours,20,-131.3390065,-153.1355707,-109.5424424,20,0,0
s1-load60,shortest_estimate+topology_aware+easy_oracle,fifo+first_fit+none,slack_gpu_hours,20,-6.54848485e-05,-7.305849434e-05,-5.791120267e-05,20,0,0
s1-load60,shortest_estimate+topology_aware+easy_oracle,fifo+first_fit+none,preemptions,20,0,0,0,0,20,0
s1-load60,shortest_estimate+topology_aware+easy_oracle,fifo+first_fit+none,failure_kills,20,0,0,0,0,20,0
s1-load60,shortest_estimate+topology_aware+easy_oracle,fifo+first_fit+none,node_downtime_gpu_hours,20,0,0,0,0,20,0
s1-load60,shortest_estimate+topology_aware+easy_oracle,fifo+first_fit+none,jain_bsld,20,0.01464819478,0.005297617697,0.02399877185,20,0,0
s1-load60,shortest_estimate+topology_aware+easy_oracle,fifo+first_fit+none,tenant_worst_best_ratio,20,-0.2725514921,-0.383653399,-0.1614495852,20,0,0
s1-load60,shortest_estimate+topology_aware+easy_oracle,fifo+first_fit+none,slo_attainment,20,0.0247443635,0.01056486341,0.03892386359,17,3,0
s1-load60,shortest_estimate+topology_aware+easy_oracle,fifo+first_fit+none,makespan,20,-1003.4892,-2350.195085,343.2166854,4,16,0
s1-load60,shortest_estimate+topology_aware+easy_oracle,fifo+first_fit+none,reservations,20,52.85,41.13804376,64.56195624,0,0,20
s1-load60,shortest_estimate+topology_aware+easy_oracle,fifo+first_fit+none,broken_reservations,20,9.9,6.657856634,13.14214337,0,0,20
s1-load60,shortest_estimate+topology_aware+easy_oracle,fifo+first_fit+none,tenant_t0_bsld_mean,20,-0.6304964265,-0.9887592718,-0.2722335813,20,0,0
s1-load60,shortest_estimate+topology_aware+easy_oracle,fifo+first_fit+none,tenant_t0_bsld_p95,20,-3.158903796,-4.989558051,-1.32824954,20,0,0
s1-load60,shortest_estimate+topology_aware+easy_oracle,fifo+first_fit+none,tenant_t1_bsld_mean,20,-0.5731626147,-0.8432893296,-0.3030358999,20,0,0
s1-load60,shortest_estimate+topology_aware+easy_oracle,fifo+first_fit+none,tenant_t1_bsld_p95,20,-3.069276967,-4.774090647,-1.364463287,20,0,0
s1-load60,shortest_estimate+topology_aware+easy_oracle,fifo+first_fit+none,tenant_t2_bsld_mean,20,-0.6857570814,-1.073764033,-0.2977501299,20,0,0
s1-load60,shortest_estimate+topology_aware+easy_oracle,fifo+first_fit+none,tenant_t2_bsld_p95,20,-3.802739713,-5.862603028,-1.742876398,19,1,0
s1-load60,shortest_estimate+topology_aware+easy_oracle,fifo+first_fit+none,tenant_t3_bsld_mean,20,-0.5016071567,-0.7601354783,-0.2430788351,20,0,0
s1-load60,shortest_estimate+topology_aware+easy_oracle,fifo+first_fit+none,tenant_t3_bsld_p95,20,-2.708516096,-4.076973117,-1.340059075,20,0,0
s1-load60,shortest_estimate+topology_aware+easy_oracle,fifo+first_fit+none,prio_1_wait_p95,20,-2528.5585,-3682.685974,-1374.431026,20,0,0
s1-load60,shortest_estimate+topology_aware+easy_oracle,fifo+first_fit+none,prio_1_bsld_p95,20,-3.326467254,-5.041633221,-1.611301288,20,0,0
s1-load60,shortest_estimate+topology_aware+easy_oracle,fifo+first_fit+none,prio_8_wait_p95,20,-2526.8756,-3796.871353,-1256.879847,19,1,0
s1-load60,shortest_estimate+topology_aware+easy_predicted,fifo+first_fit+none,J,20,-1.484443064,-2.188785337,-0.7801007906,20,0,0
s1-load60,shortest_estimate+topology_aware+easy_predicted,fifo+first_fit+none,J_slowdown,20,-0.6043273072,-0.9247599801,-0.2838946342,20,0,0
s1-load60,shortest_estimate+topology_aware+easy_predicted,fifo+first_fit+none,J_wait,20,-0.8143140358,-1.195279903,-0.4333481682,19,1,0
s1-load60,shortest_estimate+topology_aware+easy_predicted,fifo+first_fit+none,J_waste,20,-0.02586258811,-0.02974551439,-0.02197966183,20,0,0
s1-load60,shortest_estimate+topology_aware+easy_predicted,fifo+first_fit+none,J_slo,20,-0.02524681473,-0.03936693907,-0.0111266904,18,2,0
s1-load60,shortest_estimate+topology_aware+easy_predicted,fifo+first_fit+none,J_fairness,20,-0.01469231783,-0.02419872006,-0.005185915609,20,0,0
s1-load60,shortest_estimate+topology_aware+easy_predicted,fifo+first_fit+none,wait_mean,20,-370.4339827,-579.2055806,-161.6623848,20,0,0
s1-load60,shortest_estimate+topology_aware+easy_predicted,fifo+first_fit+none,wait_p95,20,-2470.0073,-3625.566989,-1314.447611,19,1,0
s1-load60,shortest_estimate+topology_aware+easy_predicted,fifo+first_fit+none,wait_p99,20,-3120.76965,-4446.326982,-1795.212318,20,0,0
s1-load60,shortest_estimate+topology_aware+easy_predicted,fifo+first_fit+none,jct_mean,20,-387.7569664,-596.4884207,-179.0255121,20,0,0
s1-load60,shortest_estimate+topology_aware+easy_predicted,fifo+first_fit+none,jct_p95,20,-511.05655,-800.0663006,-222.0467994,19,1,0
s1-load60,shortest_estimate+topology_aware+easy_predicted,fifo+first_fit+none,bsld_mean,20,-0.6106206988,-0.9180012832,-0.3032401143,20,0,0
s1-load60,shortest_estimate+topology_aware+easy_predicted,fifo+first_fit+none,bsld_p95,20,-3.151932487,-4.823182719,-1.480682256,20,0,0
s1-load60,shortest_estimate+topology_aware+easy_predicted,fifo+first_fit+none,bsld_p99,20,-10.38696648,-15.02636336,-5.747569604,20,0,0
s1-load60,shortest_estimate+topology_aware+easy_predicted,fifo+first_fit+none,wflow_mean,20,-0.6106206988,-0.9180012832,-0.3032401143,20,0,0
s1-load60,shortest_estimate+topology_aware+easy_predicted,fifo+first_fit+none,wflow_sum_all,20,-1217.052892,-1832.438645,-601.6671394,20,0,0
s1-load60,shortest_estimate+topology_aware+easy_predicted,fifo+first_fit+none,large_wait_mean,20,-317.0022444,-495.8445728,-138.159916,20,0,0
s1-load60,shortest_estimate+topology_aware+easy_predicted,fifo+first_fit+none,large_wait_p95,20,-1829.59455,-2709.677432,-949.5116681,20,0,0
s1-load60,shortest_estimate+topology_aware+easy_predicted,fifo+first_fit+none,utilization,20,-0.01504875431,-0.0177487716,-0.01234873702,0,0,20
s1-load60,shortest_estimate+topology_aware+easy_predicted,fifo+first_fit+none,frag_blocked_frac,20,-0.08478456096,-0.1119539897,-0.05761513221,20,0,0
s1-load60,shortest_estimate+topology_aware+easy_predicted,fifo+first_fit+none,stranded_frac,20,-0.02002686076,-0.02463869178,-0.01541502974,20,0,0
s1-load60,shortest_estimate+topology_aware+easy_predicted,fifo+first_fit+none,goodput_ratio,20,0.02586258811,0.02197966183,0.02974551439,20,0,0
s1-load60,shortest_estimate+topology_aware+easy_predicted,fifo+first_fit+none,wasted_gpu_hours,20,-126.8836176,-149.5911619,-104.1760732,20,0,0
s1-load60,shortest_estimate+topology_aware+easy_predicted,fifo+first_fit+none,lost_gpu_hours,20,0,0,0,0,20,0
s1-load60,shortest_estimate+topology_aware+easy_predicted,fifo+first_fit+none,overhead_gpu_hours,20,0,0,0,0,20,0
s1-load60,shortest_estimate+topology_aware+easy_predicted,fifo+first_fit+none,topology_gpu_hours,20,-126.8835523,-149.5910918,-104.1760128,20,0,0
s1-load60,shortest_estimate+topology_aware+easy_predicted,fifo+first_fit+none,slack_gpu_hours,20,-6.52767677e-05,-7.343913043e-05,-5.711440496e-05,20,0,0
s1-load60,shortest_estimate+topology_aware+easy_predicted,fifo+first_fit+none,preemptions,20,0,0,0,0,20,0
s1-load60,shortest_estimate+topology_aware+easy_predicted,fifo+first_fit+none,failure_kills,20,0,0,0,0,20,0
s1-load60,shortest_estimate+topology_aware+easy_predicted,fifo+first_fit+none,node_downtime_gpu_hours,20,0,0,0,0,20,0
s1-load60,shortest_estimate+topology_aware+easy_predicted,fifo+first_fit+none,jain_bsld,20,0.01469231783,0.005185915609,0.02419872006,20,0,0
s1-load60,shortest_estimate+topology_aware+easy_predicted,fifo+first_fit+none,tenant_worst_best_ratio,20,-0.2704374246,-0.3837224943,-0.1571523549,20,0,0
s1-load60,shortest_estimate+topology_aware+easy_predicted,fifo+first_fit+none,slo_attainment,20,0.02524681473,0.0111266904,0.03936693907,18,2,0
s1-load60,shortest_estimate+topology_aware+easy_predicted,fifo+first_fit+none,makespan,20,-863.55255,-2193.220033,466.1149328,3,16,1
s1-load60,shortest_estimate+topology_aware+easy_predicted,fifo+first_fit+none,reservations,20,53.55,40.38812258,66.71187742,0,0,20
s1-load60,shortest_estimate+topology_aware+easy_predicted,fifo+first_fit+none,broken_reservations,20,23.8,16.84727248,30.75272752,0,0,20
s1-load60,shortest_estimate+topology_aware+easy_predicted,fifo+first_fit+none,tenant_t0_bsld_mean,20,-0.632184207,-0.9911911348,-0.2731772793,20,0,0
s1-load60,shortest_estimate+topology_aware+easy_predicted,fifo+first_fit+none,tenant_t0_bsld_p95,20,-3.166156865,-4.995918746,-1.336394983,20,0,0
s1-load60,shortest_estimate+topology_aware+easy_predicted,fifo+first_fit+none,tenant_t1_bsld_mean,20,-0.5758162311,-0.8465560997,-0.3050763624,20,0,0
s1-load60,shortest_estimate+topology_aware+easy_predicted,fifo+first_fit+none,tenant_t1_bsld_p95,20,-3.064182098,-4.772109306,-1.356254891,20,0,0
s1-load60,shortest_estimate+topology_aware+easy_predicted,fifo+first_fit+none,tenant_t2_bsld_mean,20,-0.6814975875,-1.065743854,-0.2972513205,20,0,0
s1-load60,shortest_estimate+topology_aware+easy_predicted,fifo+first_fit+none,tenant_t2_bsld_p95,20,-3.801926791,-5.859602598,-1.744250983,19,1,0
s1-load60,shortest_estimate+topology_aware+easy_predicted,fifo+first_fit+none,tenant_t3_bsld_mean,20,-0.504731566,-0.7650724576,-0.2443906745,20,0,0
s1-load60,shortest_estimate+topology_aware+easy_predicted,fifo+first_fit+none,tenant_t3_bsld_p95,20,-2.73328158,-4.113488683,-1.353074476,20,0,0
s1-load60,shortest_estimate+topology_aware+easy_predicted,fifo+first_fit+none,prio_1_wait_p95,20,-2532.52095,-3692.65333,-1372.38857,20,0,0
s1-load60,shortest_estimate+topology_aware+easy_predicted,fifo+first_fit+none,prio_1_bsld_p95,20,-3.33990983,-5.060019965,-1.619799696,20,0,0
s1-load60,shortest_estimate+topology_aware+easy_predicted,fifo+first_fit+none,prio_8_wait_p95,20,-2556.84365,-3841.292124,-1272.395176,19,1,0
s1-load60,shortest_estimate+topology_aware+none,fifo+first_fit+none,J,20,-1.295181451,-1.919823173,-0.6705397284,20,0,0
s1-load60,shortest_estimate+topology_aware+none,fifo+first_fit+none,J_slowdown,20,-0.5623582046,-0.8681865824,-0.2565298269,20,0,0
s1-load60,shortest_estimate+topology_aware+none,fifo+first_fit+none,J_wait,20,-0.6726690775,-0.9926177083,-0.3527204466,19,1,0
s1-load60,shortest_estimate+topology_aware+none,fifo+first_fit+none,J_waste,20,-0.02473188194,-0.02829945635,-0.02116430754,20,0,0
s1-load60,shortest_estimate+topology_aware+none,fifo+first_fit+none,J_slo,20,-0.02081874527,-0.03315826607,-0.008479224479,18,1,1
s1-load60,shortest_estimate+topology_aware+none,fifo+first_fit+none,J_fairness,20,-0.01460354135,-0.02390258502,-0.005304497667,19,0,1
s1-load60,shortest_estimate+topology_aware+none,fifo+first_fit+none,wait_mean,20,-310.0573021,-492.9588417,-127.1557625,20,0,0
s1-load60,shortest_estimate+topology_aware+none,fifo+first_fit+none,wait_p95,20,-2040.3646,-3010.844561,-1069.884639,19,1,0
s1-load60,shortest_estimate+topology_aware+none,fifo+first_fit+none,wait_p99,20,-1791.6784,-2595.570427,-987.7863733,20,0,0
s1-load60,shortest_estimate+topology_aware+none,fifo+first_fit+none,jct_mean,20,-327.0410839,-509.9457857,-144.136382,20,0,0
s1-load60,shortest_estimate+topology_aware+none,fifo+first_fit+none,jct_p95,20,-330.374,-532.4780528,-128.2699472,17,2,1
s1-load60,shortest_estimate+topology_aware+none,fifo+first_fit+none,bsld_mean,20,-0.5818607844,-0.8817261858,-0.2819953831,20,0,0
s1-load60,shortest_estimate+topology_aware+none,fifo+first_fit+none,bsld_p95,20,-2.933038229,-4.528118226,-1.337958232,20,0,0
s1-load60,shortest_estimate+topology_aware+none,fifo+first_fit+none,bsld_p99,20,-9.783834215,-14.30143759,-5.26623084,20,0,0
s1-load60,shortest_estimate+topology_aware+none,fifo+first_fit+none,wflow_mean,20,-0.5818607844,-0.8817261858,-0.2819953831,20,0,0
s1-load60,shortest_estimate+topology_aware+none,fifo+first_fit+none,wflow_sum_all,20,-1158.512389,-1755.381909,-561.6428695,20,0,0
s1-load60,shortest_estimate+topology_aware+none,fifo+first_fit+none,large_wait_mean,20,-303.7137589,-478.5120224,-128.9154954,19,0,1
s1-load60,shortest_estimate+topology_aware+none,fifo+first_fit+none,large_wait_p95,20,-1745.7611,-2580.226964,-911.2952362,20,0,0
s1-load60,shortest_estimate+topology_aware+none,fifo+first_fit+none,utilization,20,-0.01497705221,-0.01790552632,-0.0120485781,0,0,20
s1-load60,shortest_estimate+topology_aware+none,fifo+first_fit+none,frag_blocked_frac,20,-0.06861868692,-0.09077609336,-0.04646128048,20,0,0
s1-load60,shortest_estimate+topology_aware+none,fifo+first_fit+none,stranded_frac,20,-0.01868139283,-0.02237102656,-0.0149917591,20,0,0
s1-load60,shortest_estimate+topology_aware+none,fifo+first_fit+none,goodput_ratio,20,0.02473188194,0.02116430754,0.02829945635,20,0,0
s1-load60,shortest_estimate+topology_aware+none,fifo+first_fit+none,wasted_gpu_hours,20,-122.156007,-143.9325665,-100.3794475,20,0,0
s1-load60,shortest_estimate+topology_aware+none,fifo+first_fit+none,lost_gpu_hours,20,0,0,0,0,20,0
s1-load60,shortest_estimate+topology_aware+none,fifo+first_fit+none,overhead_gpu_hours,20,0,0,0,0,20,0
s1-load60,shortest_estimate+topology_aware+none,fifo+first_fit+none,topology_gpu_hours,20,-122.1559448,-143.9325001,-100.3793894,20,0,0
s1-load60,shortest_estimate+topology_aware+none,fifo+first_fit+none,slack_gpu_hours,20,-6.224242426e-05,-7.04825356e-05,-5.400231292e-05,20,0,0
s1-load60,shortest_estimate+topology_aware+none,fifo+first_fit+none,preemptions,20,0,0,0,0,20,0
s1-load60,shortest_estimate+topology_aware+none,fifo+first_fit+none,failure_kills,20,0,0,0,0,20,0
s1-load60,shortest_estimate+topology_aware+none,fifo+first_fit+none,node_downtime_gpu_hours,20,0,0,0,0,20,0
s1-load60,shortest_estimate+topology_aware+none,fifo+first_fit+none,jain_bsld,20,0.01460354135,0.005304497667,0.02390258502,19,0,1
s1-load60,shortest_estimate+topology_aware+none,fifo+first_fit+none,tenant_worst_best_ratio,20,-0.2686978146,-0.3763044577,-0.1610911716,19,0,1
s1-load60,shortest_estimate+topology_aware+none,fifo+first_fit+none,slo_attainment,20,0.02081874527,0.008479224479,0.03315826607,18,1,1
s1-load60,shortest_estimate+topology_aware+none,fifo+first_fit+none,makespan,20,-480.9464,-2017.830473,1055.937673,3,16,1
s1-load60,shortest_estimate+topology_aware+none,fifo+first_fit+none,reservations,20,0,0,0,0,20,0
s1-load60,shortest_estimate+topology_aware+none,fifo+first_fit+none,broken_reservations,20,0,0,0,0,20,0
s1-load60,shortest_estimate+topology_aware+none,fifo+first_fit+none,tenant_t0_bsld_mean,20,-0.6013275524,-0.9516545748,-0.2510005301,20,0,0
s1-load60,shortest_estimate+topology_aware+none,fifo+first_fit+none,tenant_t0_bsld_p95,20,-2.942991363,-4.710140398,-1.175842327,20,0,0
s1-load60,shortest_estimate+topology_aware+none,fifo+first_fit+none,tenant_t1_bsld_mean,20,-0.5482989502,-0.811697651,-0.2849002494,20,0,0
s1-load60,shortest_estimate+topology_aware+none,fifo+first_fit+none,tenant_t1_bsld_p95,20,-2.865979438,-4.507103909,-1.224854967,20,0,0
s1-load60,shortest_estimate+topology_aware+none,fifo+first_fit+none,tenant_t2_bsld_mean,20,-0.6512814507,-1.029119099,-0.2734438023,20,0,0
s1-load60,shortest_estimate+topology_aware+none,fifo+first_fit+none,tenant_t2_bsld_p95,20,-3.549418948,-5.499482902,-1.599354995,19,1,0
s1-load60,shortest_estimate+topology_aware+none,fifo+first_fit+none,tenant_t3_bsld_mean,20,-0.4833884372,-0.7388409234,-0.227935951,20,0,0
s1-load60,shortest_estimate+topology_aware+none,fifo+first_fit+none,tenant_t3_bsld_p95,20,-2.588339222,-3.958867895,-1.217810548,20,0,0
s1-load60,shortest_estimate+topology_aware+none,fifo+first_fit+none,prio_1_wait_p95,20,-2080.16395,-3028.735859,-1131.592041,20,0,0
s1-load60,shortest_estimate+topology_aware+none,fifo+first_fit+none,prio_1_bsld_p95,20,-3.119280781,-4.764436945,-1.474124617,20,0,0
s1-load60,shortest_estimate+topology_aware+none,fifo+first_fit+none,prio_8_wait_p95,20,-2158.84395,-3270.044615,-1047.643285,19,1,0
s1-load80,drf+topology_aware+easy_predicted,fifo+first_fit+none,J,20,-1.746222559,-2.358545977,-1.133899142,20,0,0
s1-load80,drf+topology_aware+easy_predicted,fifo+first_fit+none,J_slowdown,20,-0.7102661255,-1.019227949,-0.4013043015,20,0,0
s1-load80,drf+topology_aware+easy_predicted,fifo+first_fit+none,J_wait,20,-0.6992491585,-0.9117759117,-0.4867224053,20,0,0
s1-load80,drf+topology_aware+easy_predicted,fifo+first_fit+none,J_waste,20,-0.01507303832,-0.01846055988,-0.01168551676,20,0,0
s1-load80,drf+topology_aware+easy_predicted,fifo+first_fit+none,J_slo,20,-0.3078304546,-0.4391042585,-0.1765566507,20,0,0
s1-load80,drf+topology_aware+easy_predicted,fifo+first_fit+none,J_fairness,20,-0.01380378254,-0.04254264215,0.01493507707,14,0,6
s1-load80,drf+topology_aware+easy_predicted,fifo+first_fit+none,wait_mean,20,-4334.876835,-6690.407115,-1979.346555,20,0,0
s1-load80,drf+topology_aware+easy_predicted,fifo+first_fit+none,wait_p95,20,-8866.6003,-11561.4763,-6171.724302,20,0,0
s1-load80,drf+topology_aware+easy_predicted,fifo+first_fit+none,wait_p99,20,-2841.073,-5348.539039,-333.6069607,18,0,2
s1-load80,drf+topology_aware+easy_predicted,fifo+first_fit+none,jct_mean,20,-4346.933047,-6701.955875,-1991.910219,20,0,0
s1-load80,drf+topology_aware+easy_predicted,fifo+first_fit+none,jct_p95,20,-4983.29075,-7213.191271,-2753.390229,20,0,0
s1-load80,drf+topology_aware+easy_predicted,fifo+first_fit+none,bsld_mean,20,-7.435675372,-11.20510961,-3.66624113,20,0,0
s1-load80,drf+topology_aware+easy_predicted,fifo+first_fit+none,bsld_p95,20,-31.06385332,-44.57645717,-17.55124947,20,0,0
s1-load80,drf+topology_aware+easy_predicted,fifo+first_fit+none,bsld_p99,20,-69.51861425,-97.5670475,-41.47018099,20,0,0
s1-load80,drf+topology_aware+easy_predicted,fifo+first_fit+none,wflow_mean,20,-7.435675372,-11.20510961,-3.66624113,20,0,0
s1-load80,drf+topology_aware+easy_predicted,fifo+first_fit+none,wflow_sum_all,20,-14540.89648,-21726.81516,-7354.977795,20,0,0
s1-load80,drf+topology_aware+easy_predicted,fifo+first_fit+none,large_wait_mean,20,-3189.94144,-5022.280132,-1357.602748,20,0,0
s1-load80,drf+topology_aware+easy_predicted,fifo+first_fit+none,large_wait_p95,20,-1695.02655,-4002.107458,612.0543583,18,0,2
s1-load80,drf+topology_aware+easy_predicted,fifo+first_fit+none,utilization,20,0.008597405435,-0.005482386174,0.02267719704,12,0,8
s1-load80,drf+topology_aware+easy_predicted,fifo+first_fit+none,frag_blocked_frac,20,-0.3261904709,-0.3786841972,-0.2736967446,20,0,0
s1-load80,drf+topology_aware+easy_predicted,fifo+first_fit+none,stranded_frac,20,-0.0604484923,-0.0746397005,-0.04625728409,20,0,0
s1-load80,drf+topology_aware+easy_predicted,fifo+first_fit+none,goodput_ratio,20,0.01507303832,0.01168551676,0.01846055988,20,0,0
s1-load80,drf+topology_aware+easy_predicted,fifo+first_fit+none,wasted_gpu_hours,20,-77.85526344,-99.11198188,-56.598545,20,0,0
s1-load80,drf+topology_aware+easy_predicted,fifo+first_fit+none,lost_gpu_hours,20,0,0,0,0,20,0
s1-load80,drf+topology_aware+easy_predicted,fifo+first_fit+none,overhead_gpu_hours,20,0,0,0,0,20,0
s1-load80,drf+topology_aware+easy_predicted,fifo+first_fit+none,topology_gpu_hours,20,-77.85522286,-99.11193549,-56.59851023,20,0,0
s1-load80,drf+topology_aware+easy_predicted,fifo+first_fit+none,slack_gpu_hours,20,-4.05838384e-05,-4.843915005e-05,-3.272852675e-05,20,0,0
s1-load80,drf+topology_aware+easy_predicted,fifo+first_fit+none,preemptions,20,0,0,0,0,20,0
s1-load80,drf+topology_aware+easy_predicted,fifo+first_fit+none,failure_kills,20,0,0,0,0,20,0
s1-load80,drf+topology_aware+easy_predicted,fifo+first_fit+none,node_downtime_gpu_hours,20,0,0,0,0,20,0
s1-load80,drf+topology_aware+easy_predicted,fifo+first_fit+none,jain_bsld,20,0.01380378254,-0.01493507707,0.04254264215,14,0,6
s1-load80,drf+topology_aware+easy_predicted,fifo+first_fit+none,tenant_worst_best_ratio,20,-0.1899350008,-0.5013671874,0.1214971859,12,0,8
s1-load80,drf+topology_aware+easy_predicted,fifo+first_fit+none,slo_attainment,20,0.3078304546,0.1765566507,0.4391042585,20,0,0
s1-load80,drf+topology_aware+easy_predicted,fifo+first_fit+none,makespan,20,-6104.6573,-9283.145636,-2926.168964,15,5,0
s1-load80,drf+topology_aware+easy_predicted,fifo+first_fit+none,reservations,20,158.75,138.6371989,178.8628011,0,0,20
s1-load80,drf+topology_aware+easy_predicted,fifo+first_fit+none,broken_reservations,20,77.85,66.07913284,89.62086716,0,0,20
s1-load80,drf+topology_aware+easy_predicted,fifo+first_fit+none,tenant_t0_bsld_mean,20,-7.661066879,-11.93568687,-3.386446885,20,0,0
s1-load80,drf+topology_aware+easy_predicted,fifo+first_fit+none,tenant_t0_bsld_p95,20,-33.30150652,-50.90231953,-15.70069351,20,0,0
s1-load80,drf+topology_aware+easy_predicted,fifo+first_fit+none,tenant_t1_bsld_mean,20,-6.939171641,-10.39737756,-3.480965725,20,0,0
s1-load80,drf+topology_aware+easy_predicted,fifo+first_fit+none,tenant_t1_bsld_p95,20,-28.24303812,-40.14634894,-16.3397273,20,0,0
s1-load80,drf+topology_aware+easy_predicted,fifo+first_fit+none,tenant_t2_bsld_mean,20,-8.07117148,-12.35411965,-3.788223314,20,0,0
s1-load80,drf+topology_aware+easy_predicted,fifo+first_fit+none,tenant_t2_bsld_p95,20,-33.65321804,-49.0636347,-18.24280138,20,0,0
s1-load80,drf+topology_aware+easy_predicted,fifo+first_fit+none,tenant_t3_bsld_mean,20,-7.028525691,-10.59465917,-3.462392209,20,0,0
s1-load80,drf+topology_aware+easy_predicted,fifo+first_fit+none,tenant_t3_bsld_p95,20,-28.85108659,-40.527367,-17.17480617,20,0,0
s1-load80,drf+topology_aware+easy_predicted,fifo+first_fit+none,prio_1_wait_p95,20,-7613.25705,-9976.156525,-5250.357575,20,0,0
s1-load80,drf+topology_aware+easy_predicted,fifo+first_fit+none,prio_1_bsld_p95,20,-30.93310094,-45.05134155,-16.81486034,20,0,0
s1-load80,drf+topology_aware+easy_predicted,fifo+first_fit+none,prio_8_wait_p95,20,-9796.12545,-12985.76469,-6606.486212,20,0,0
s1-load80,fifo+topology_aware+easy_predicted,fifo+first_fit+none,J,20,-1.680601187,-2.29709602,-1.064106354,20,0,0
s1-load80,fifo+topology_aware+easy_predicted,fifo+first_fit+none,J_slowdown,20,-0.6909849135,-0.9966676535,-0.3853021734,20,0,0
s1-load80,fifo+topology_aware+easy_predicted,fifo+first_fit+none,J_wait,20,-0.6443875963,-0.8474432152,-0.4413319774,20,0,0
s1-load80,fifo+topology_aware+easy_predicted,fifo+first_fit+none,J_waste,20,-0.01390030817,-0.01684386452,-0.01095675181,20,0,0
s1-load80,fifo+topology_aware+easy_predicted,fifo+first_fit+none,J_slo,20,-0.2922332991,-0.4162004848,-0.1682661135,20,0,0
s1-load80,fifo+topology_aware+easy_predicted,fifo+first_fit+none,J_fairness,20,-0.0390950698,-0.05729483866,-0.02089530094,19,0,1
s1-load80,fifo+topology_aware+easy_predicted,fifo+first_fit+none,wait_mean,20,-4319.592062,-6683.651129,-1955.532995,20,0,0
s1-load80,fifo+topology_aware+easy_predicted,fifo+first_fit+none,wait_p95,20,-8170.9462,-10745.72658,-5596.165824,20,0,0
s1-load80,fifo+topology_aware+easy_predicted,fifo+first_fit+none,wait_p99,20,-6919.12985,-9214.256446,-4624.003254,20,0,0
s1-load80,fifo+topology_aware+easy_predicted,fifo+first_fit+none,jct_mean,20,-4331.613393,-6696.115509,-1967.111278,20,0,0
s1-load80,fifo+topology_aware+easy_predicted,fifo+first_fit+none,jct_p95,20,-5529.97835,-8011.035452,-3048.921248,20,0,0
s1-load80,fifo+topology_aware+easy_predicted,fifo+first_fit+none,bsld_mean,20,-7.334009675,-11.07953611,-3.588483238,20,0,0
s1-load80,fifo+topology_aware+easy_predicted,fifo+first_fit+none,bsld_p95,20,-30.22057962,-43.58977106,-16.85138819,20,0,0
s1-load80,fifo+topology_aware+easy_predicted,fifo+first_fit+none,bsld_p99,20,-69.59037467,-98.0999043,-41.08084504,20,0,0
s1-load80,fifo+topology_aware+easy_predicted,fifo+first_fit+none,wflow_mean,20,-7.334009675,-11.07953611,-3.588483238,20,0,0
s1-load80,fifo+topology_aware+easy_predicted,fifo+first_fit+none,wflow_sum_all,20,-14270.69354,-21375.742,-7165.645083,20,0,0
s1-load80,fifo+topology_aware+easy_predicted,fifo+first_fit+none,large_wait_mean,20,-3553.426812,-5674.091365,-1432.762259,20,0,0
s1-load80,fifo+topology_aware+easy_predicted,fifo+first_fit+none,large_wait_p95,20,-5461.87,-7744.429701,-3179.310299,20,0,0
s1-load80,fifo+topology_aware+easy_predicted,fifo+first_fit+none,utilization,20,0.01345786945,-0.002259100994,0.02917483989,10,0,10
s1-load80,fifo+topology_aware+easy_predicted,fifo+first_fit+none,frag_blocked_frac,20,-0.3982814036,-0.4722678897,-0.3242949176,20,0,0
s1-load80,fifo+topology_aware+easy_predicted,fifo+first_fit+none,stranded_frac,20,-0.07468631975,-0.09078418495,-0.05858845456,20,0,0
s1-load80,fifo+topology_aware+easy_predicted,fifo+first_fit+none,goodput_ratio,20,0.01390030817,0.01095675181,0.01684386452,20,0,0
s1-load80,fifo+topology_aware+easy_predicted,fifo+first_fit+none,wasted_gpu_hours,20,-70.78019378,-89.32766973,-52.23271782,20,0,0
s1-load80,fifo+topology_aware+easy_predicted,fifo+first_fit+none,lost_gpu_hours,20,0,0,0,0,20,0
s1-load80,fifo+topology_aware+easy_predicted,fifo+first_fit+none,overhead_gpu_hours,20,0,0,0,0,20,0
s1-load80,fifo+topology_aware+easy_predicted,fifo+first_fit+none,topology_gpu_hours,20,-70.78015322,-89.32762454,-52.23268189,20,0,0
s1-load80,fifo+topology_aware+easy_predicted,fifo+first_fit+none,slack_gpu_hours,20,-4.056161617e-05,-4.739000218e-05,-3.373323016e-05,20,0,0
s1-load80,fifo+topology_aware+easy_predicted,fifo+first_fit+none,preemptions,20,0,0,0,0,20,0
s1-load80,fifo+topology_aware+easy_predicted,fifo+first_fit+none,failure_kills,20,0,0,0,0,20,0
s1-load80,fifo+topology_aware+easy_predicted,fifo+first_fit+none,node_downtime_gpu_hours,20,0,0,0,0,20,0
s1-load80,fifo+topology_aware+easy_predicted,fifo+first_fit+none,jain_bsld,20,0.0390950698,0.02089530094,0.05729483866,19,0,1
s1-load80,fifo+topology_aware+easy_predicted,fifo+first_fit+none,tenant_worst_best_ratio,20,-0.5049723285,-0.688630135,-0.3213145219,19,0,1
s1-load80,fifo+topology_aware+easy_predicted,fifo+first_fit+none,slo_attainment,20,0.2922332991,0.1682661135,0.4162004848,20,0,0
s1-load80,fifo+topology_aware+easy_predicted,fifo+first_fit+none,makespan,20,-5704.29475,-8852.178857,-2556.410643,15,5,0
s1-load80,fifo+topology_aware+easy_predicted,fifo+first_fit+none,reservations,20,143,123.6233825,162.3766175,0,0,20
s1-load80,fifo+topology_aware+easy_predicted,fifo+first_fit+none,broken_reservations,20,56.85,49.35057784,64.34942216,0,0,20
s1-load80,fifo+topology_aware+easy_predicted,fifo+first_fit+none,tenant_t0_bsld_mean,20,-7.676924288,-11.93419066,-3.419657917,20,0,0
s1-load80,fifo+topology_aware+easy_predicted,fifo+first_fit+none,tenant_t0_bsld_p95,20,-33.00865344,-50.4975764,-15.51973048,20,0,0
s1-load80,fifo+topology_aware+easy_predicted,fifo+first_fit+none,tenant_t1_bsld_mean,20,-6.939008999,-10.44259265,-3.435425344,20,0,0
s1-load80,fifo+topology_aware+easy_predicted,fifo+first_fit+none,tenant_t1_bsld_p95,20,-27.81916308,-39.87485234,-15.76347382,20,0,0
s1-load80,fifo+topology_aware+easy_predicted,fifo+first_fit+none,tenant_t2_bsld_mean,20,-7.718327208,-11.84430667,-3.592347744,20,0,0
s1-load80,fifo+topology_aware+easy_predicted,fifo+first_fit+none,tenant_t2_bsld_p95,20,-31.7870832,-46.39233536,-17.18183103,20,0,0
s1-load80,fifo+topology_aware+easy_predicted,fifo+first_fit+none,tenant_t3_bsld_mean,20,-6.628262564,-10.05143665,-3.205088478,20,0,0
s1-load80,fifo+topology_aware+easy_predicted,fifo+first_fit+none,tenant_t3_bsld_p95,20,-26.59731257,-37.62903361,-15.56559153,20,0,0
s1-load80,fifo+topology_aware+easy_predicted,fifo+first_fit+none,prio_1_wait_p95,20,-8103.77735,-10628.20396,-5579.350743,20,0,0
s1-load80,fifo+topology_aware+easy_predicted,fifo+first_fit+none,prio_1_bsld_p95,20,-30.74257088,-45.10985754,-16.37528421,20,0,0
s1-load80,fifo+topology_aware+easy_predicted,fifo+first_fit+none,prio_8_wait_p95,20,-8190.0824,-10742.55933,-5637.605467,20,0,0
s1-load80,priority+topology_aware+easy_predicted,fifo+first_fit+none,J,20,-1.736209209,-2.344841206,-1.127577212,20,0,0
s1-load80,priority+topology_aware+easy_predicted,fifo+first_fit+none,J_slowdown,20,-0.7032505787,-1.00850291,-0.3979982474,20,0,0
s1-load80,priority+topology_aware+easy_predicted,fifo+first_fit+none,J_wait,20,-0.662600873,-0.8510097582,-0.4741919879,20,0,0
s1-load80,priority+topology_aware+easy_predicted,fifo+first_fit+none,J_waste,20,-0.01545283313,-0.01932510498,-0.01158056127,20,0,0
s1-load80,priority+topology_aware+easy_predicted,fifo+first_fit+none,J_slo,20,-0.3184443534,-0.4534274017,-0.1834613051,20,0,0
s1-load80,priority+topology_aware+easy_predicted,fifo+first_fit+none,J_fairness,20,-0.03646057034,-0.0559796008,-0.01694153987,18,0,2
s1-load80,priority+topology_aware+easy_predicted,fifo+first_fit+none,wait_mean,20,-4339.530008,-6696.070067,-1982.98995,20,0,0
s1-load80,priority+topology_aware+easy_predicted,fifo+first_fit+none,wait_p95,20,-8401.8937,-10790.95096,-6012.836442,20,0,0
s1-load80,priority+topology_aware+easy_predicted,fifo+first_fit+none,wait_p99,20,-3626.149,-4941.847155,-2310.450845,19,0,1
s1-load80,priority+topology_aware+easy_predicted,fifo+first_fit+none,jct_mean,20,-4351.930595,-6708.242099,-1995.619091,20,0,0
s1-load80,priority+topology_aware+easy_predicted,fifo+first_fit+none,jct_p95,20,-4970.23055,-7044.756735,-2895.704365,20,0,0
s1-load80,priority+topology_aware+easy_predicted,fifo+first_fit+none,bsld_mean,20,-7.403324936,-11.17070871,-3.635941162,20,0,0
s1-load80,priority+topology_aware+easy_predicted,fifo+first_fit+none,bsld_p95,20,-30.75702479,-44.10739207,-17.4066575,20,0,0
s1-load80,priority+topology_aware+easy_predicted,fifo+first_fit+none,bsld_p99,20,-69.37887099,-97.65935518,-41.0983868,20,0,0
s1-load80,priority+topology_aware+easy_predicted,fifo+first_fit+none,wflow_mean,20,-7.403324936,-11.17070871,-3.635941162,20,0,0
s1-load80,priority+topology_aware+easy_predicted,fifo+first_fit+none,wflow_sum_all,20,-14443.77611,-21613.28217,-7274.270045,20,0,0
s1-load80,priority+topology_aware+easy_predicted,fifo+first_fit+none,large_wait_mean,20,-3298.174537,-5191.235892,-1405.113183,20,0,0
s1-load80,priority+topology_aware+easy_predicted,fifo+first_fit+none,large_wait_p95,20,-2350.12965,-3554.096941,-1146.162359,18,0,2
s1-load80,priority+topology_aware+easy_predicted,fifo+first_fit+none,utilization,20,0.01032323578,-0.005212738205,0.02585920976,11,0,9
s1-load80,priority+topology_aware+easy_predicted,fifo+first_fit+none,frag_blocked_frac,20,-0.3527118127,-0.4124868275,-0.292936798,20,0,0
s1-load80,priority+topology_aware+easy_predicted,fifo+first_fit+none,stranded_frac,20,-0.06689337412,-0.08268267206,-0.05110407617,20,0,0
s1-load80,priority+topology_aware+easy_predicted,fifo+first_fit+none,goodput_ratio,20,0.01545283313,0.01158056127,0.01932510498,20,0,0
s1-load80,priority+topology_aware+easy_predicted,fifo+first_fit+none,wasted_gpu_hours,20,-78.23505067,-102.451839,-54.01826234,20,0,0
s1-load80,priority+topology_aware+easy_predicted,fifo+first_fit+none,lost_gpu_hours,20,0,0,0,0,20,0
s1-load80,priority+topology_aware+easy_predicted,fifo+first_fit+none,overhead_gpu_hours,20,0,0,0,0,20,0
s1-load80,priority+topology_aware+easy_predicted,fifo+first_fit+none,topology_gpu_hours,20,-78.23501051,-102.4517926,-54.01822839,20,0,0
s1-load80,priority+topology_aware+easy_predicted,fifo+first_fit+none,slack_gpu_hours,20,-4.015757577e-05,-4.832173559e-05,-3.199341595e-05,20,0,0
s1-load80,priority+topology_aware+easy_predicted,fifo+first_fit+none,preemptions,20,0,0,0,0,20,0
s1-load80,priority+topology_aware+easy_predicted,fifo+first_fit+none,failure_kills,20,0,0,0,0,20,0
s1-load80,priority+topology_aware+easy_predicted,fifo+first_fit+none,node_downtime_gpu_hours,20,0,0,0,0,20,0
s1-load80,priority+topology_aware+easy_predicted,fifo+first_fit+none,jain_bsld,20,0.03646057034,0.01694153987,0.0559796008,18,0,2
s1-load80,priority+topology_aware+easy_predicted,fifo+first_fit+none,tenant_worst_best_ratio,20,-0.4544526474,-0.6605114843,-0.2483938105,18,0,2
s1-load80,priority+topology_aware+easy_predicted,fifo+first_fit+none,slo_attainment,20,0.3184443534,0.1834613051,0.4534274017,20,0,0
s1-load80,priority+topology_aware+easy_predicted,fifo+first_fit+none,makespan,20,-5898.1696,-9233.301988,-2563.037212,14,5,1
s1-load80,priority+topology_aware+easy_predicted,fifo+first_fit+none,reservations,20,161.6,137.5484784,185.6515216,0,0,20
s1-load80,priority+topology_aware+easy_predicted,fifo+first_fit+none,broken_reservations,20,68.95,57.22309167,80.67690833,0,0,20
s1-load80,priority+topology_aware+easy_predicted,fifo+first_fit+none,tenant_t0_bsld_mean,20,-7.739687762,-12.00199457,-3.477380955,20,0,0
s1-load80,priority+topology_aware+easy_predicted,fifo+first_fit+none,tenant_t0_bsld_p95,20,-33.59124691,-51.23160252,-15.95089129,20,0,0
s1-load80,priority+topology_aware+easy_predicted,fifo+first_fit+none,tenant_t1_bsld_mean,20,-6.998465342,-10.5507085,-3.446222179,20,0,0
s1-load80,priority+topology_aware+easy_predicted,fifo+first_fit+none,tenant_t1_bsld_p95,20,-28.6002918,-40.79024225,-16.41034134,20,0,0
s1-load80,priority+topology_aware+easy_predicted,fifo+first_fit+none,tenant_t2_bsld_mean,20,-7.798758277,-11.98939507,-3.608121487,20,0,0
s1-load80,priority+topology_aware+easy_predicted,fifo+first_fit+none,tenant_t2_bsld_p95,20,-32.16042243,-46.93261948,-17.38822537,20,0,0
s1-load80,priority+topology_aware+easy_predicted,fifo+first_fit+none,tenant_t3_bsld_mean,20,-6.739820566,-10.12995596,-3.349685168,20,0,0
s1-load80,priority+topology_aware+easy_predicted,fifo+first_fit+none,tenant_t3_bsld_p95,20,-27.52814478,-38.4757209,-16.58056867,20,0,0
s1-load80,priority+topology_aware+easy_predicted,fifo+first_fit+none,prio_1_wait_p95,20,-6548.68115,-8271.985357,-4825.376943,20,0,0
s1-load80,priority+topology_aware+easy_predicted,fifo+first_fit+none,prio_1_bsld_p95,20,-29.64960681,-43.27451976,-16.02469387,20,0,0
s1-load80,priority+topology_aware+easy_predicted,fifo+first_fit+none,prio_8_wait_p95,20,-10247.2326,-13642.85129,-6851.613906,20,0,0
s1-load80,shortest_estimate+best_fit+easy_predicted,fifo+first_fit+none,J,20,-1.852694289,-2.556077407,-1.149311171,20,0,0
s1-load80,shortest_estimate+best_fit+easy_predicted,fifo+first_fit+none,J_slowdown,20,-0.7318175618,-1.056491261,-0.4071438624,20,0,0
s1-load80,shortest_estimate+best_fit+easy_predicted,fifo+first_fit+none,J_wait,20,-0.7682622824,-1.02813281,-0.5083917546,20,0,0
s1-load80,shortest_estimate+best_fit+easy_predicted,fifo+first_fit+none,J_waste,20,0.001068940673,-0.001612871693,0.003750753039,9,0,11
s1-load80,shortest_estimate+best_fit+easy_predicted,fifo+first_fit+none,J_slo,20,-0.3086098023,-0.4419851203,-0.1752344843,20,0,0
s1-load80,shortest_estimate+best_fit+easy_predicted,fifo+first_fit+none,J_fairness,20,-0.04507358346,-0.06525767327,-0.02488949366,19,0,1
s1-load80,shortest_estimate+best_fit+easy_predicted,fifo+first_fit+none,wait_mean,20,-4496.120291,-6958.577554,-2033.663027,20,0,0
s1-load80,shortest_estimate+best_fit+easy_predicted,fifo+first_fit+none,wait_p95,20,-9741.69865,-13036.9019,-6446.495401,20,0,0
s1-load80,shortest_estimate+best_fit+easy_predicted,fifo+first_fit+none,wait_p99,20,-7162.04655,-9520.206638,-4803.886462,20,0,0
s1-load80,shortest_estimate+best_fit+easy_predicted,fifo+first_fit+none,jct_mean,20,-4494.286044,-6957.373516,-2031.198572,20,0,0
s1-load80,shortest_estimate+best_fit+easy_predicted,fifo+first_fit+none,jct_p95,20,-5744.9842,-8496.502265,-2993.466135,20,0,0
s1-load80,shortest_estimate+best_fit+easy_predicted,fifo+first_fit+none,bsld_mean,20,-7.730728935,-11.65845085,-3.803007016,20,0,0
s1-load80,shortest_estimate+best_fit+easy_predicted,fifo+first_fit+none,bsld_p95,20,-32.00641644,-46.20618723,-17.80664566,20,0,0
s1-load80,shortest_estimate+best_fit+easy_predicted,fifo+first_fit+none,bsld_p99,20,-75.86117136,-106.8933788,-44.8289639,20,0,0
s1-load80,shortest_estimate+best_fit+easy_predicted,fifo+first_fit+none,wflow_mean,20,-7.730728935,-11.65845085,-3.803007016,20,0,0
s1-load80,shortest_estimate+best_fit+easy_predicted,fifo+first_fit+none,wflow_sum_all,20,-15079.25421,-22545.52249,-7612.98592,20,0,0
s1-load80,shortest_estimate+best_fit+easy_predicted,fifo+first_fit+none,large_wait_mean,20,-3862.805412,-6130.029139,-1595.581686,20,0,0
s1-load80,shortest_estimate+best_fit+easy_predicted,fifo+first_fit+none,large_wait_p95,20,-6056.32375,-8388.008674,-3724.638826,20,0,0
s1-load80,shortest_estimate+best_fit+easy_predicted,fifo+first_fit+none,utilization,20,0.0165272079,0.008241812118,0.02481260368,17,0,3
s1-load80,shortest_estimate+best_fit+easy_predicted,fifo+first_fit+none,frag_blocked_frac,20,-0.2827912351,-0.3236099269,-0.2419725433,20,0,0
s1-load80,shortest_estimate+best_fit+easy_predicted,fifo+first_fit+none,stranded_frac,20,-0.04225819818,-0.05307851887,-0.03143787749,20,0,0
s1-load80,shortest_estimate+best_fit+easy_predicted,fifo+first_fit+none,goodput_ratio,20,-0.001068940673,-0.003750753039,0.001612871693,9,0,11
s1-load80,shortest_estimate+best_fit+easy_predicted,fifo+first_fit+none,wasted_gpu_hours,20,7.319588222,-7.722657461,22.3618339,9,0,11
s1-load80,shortest_estimate+best_fit+easy_predicted,fifo+first_fit+none,lost_gpu_hours,20,0,0,0,0,20,0
s1-load80,shortest_estimate+best_fit+easy_predicted,fifo+first_fit+none,overhead_gpu_hours,20,0,0,0,0,20,0
s1-load80,shortest_estimate+best_fit+easy_predicted,fifo+first_fit+none,topology_gpu_hours,20,7.319590364,-7.722654463,22.36183519,9,0,11
s1-load80,shortest_estimate+best_fit+easy_predicted,fifo+first_fit+none,slack_gpu_hours,20,-2.141414138e-06,-5.323802968e-06,1.040974692e-06,14,0,6
s1-load80,shortest_estimate+best_fit+easy_predicted,fifo+first_fit+none,preemptions,20,0,0,0,0,20,0
s1-load80,shortest_estimate+best_fit+easy_predicted,fifo+first_fit+none,failure_kills,20,0,0,0,0,20,0
s1-load80,shortest_estimate+best_fit+easy_predicted,fifo+first_fit+none,node_downtime_gpu_hours,20,0,0,0,0,20,0
s1-load80,shortest_estimate+best_fit+easy_predicted,fifo+first_fit+none,jain_bsld,20,0.04507358346,0.02488949366,0.06525767327,19,0,1
s1-load80,shortest_estimate+best_fit+easy_predicted,fifo+first_fit+none,tenant_worst_best_ratio,20,-0.6301199983,-0.8499673541,-0.4102726426,19,0,1
s1-load80,shortest_estimate+best_fit+easy_predicted,fifo+first_fit+none,slo_attainment,20,0.3086098023,0.1752344843,0.4419851203,20,0,0
s1-load80,shortest_estimate+best_fit+easy_predicted,fifo+first_fit+none,makespan,20,-3392.24805,-7596.772186,812.2760863,12,5,3
s1-load80,shortest_estimate+best_fit+easy_predicted,fifo+first_fit+none,reservations,20,192.25,165.4854354,219.0145646,0,0,20
s1-load80,shortest_estimate+best_fit+easy_predicted,fifo+first_fit+none,broken_reservations,20,92.8,77.8492711,107.7507289,0,0,20
s1-load80,shortest_estimate+best_fit+easy_predicted,fifo+first_fit+none,tenant_t0_bsld_mean,20,-8.059195639,-12.52254256,-3.595848713,20,0,0
s1-load80,shortest_estimate+best_fit+easy_predicted,fifo+first_fit+none,tenant_t0_bsld_p95,20,-34.9387591,-53.3557452,-16.521773,20,0,0
s1-load80,shortest_estimate+best_fit+easy_predicted,fifo+first_fit+none,tenant_t1_bsld_mean,20,-7.365840314,-11.0584614,-3.673219226,20,0,0
s1-load80,shortest_estimate+best_fit+easy_predicted,fifo+first_fit+none,tenant_t1_bsld_p95,20,-29.80424351,-42.7307932,-16.87769382,20,0,0
s1-load80,shortest_estimate+best_fit+easy_predicted,fifo+first_fit+none,tenant_t2_bsld_mean,20,-8.117273904,-12.41510449,-3.819443317,20,0,0
s1-load80,shortest_estimate+best_fit+easy_predicted,fifo+first_fit+none,tenant_t2_bsld_p95,20,-33.58782786,-49.11292691,-18.06272881,20,0,0
s1-load80,shortest_estimate+best_fit+easy_predicted,fifo+first_fit+none,tenant_t3_bsld_mean,20,-6.99717319,-10.56149028,-3.432856097,20,0,0
s1-load80,shortest_estimate+best_fit+easy_predicted,fifo+first_fit+none,tenant_t3_bsld_p95,20,-28.46124521,-40.1226416,-16.79984881,20,0,0
s1-load80,shortest_estimate+best_fit+easy_predicted,fifo+first_fit+none,prio_1_wait_p95,20,-9778.8653,-13078.05903,-6479.671571,20,0,0
s1-load80,shortest_estimate+best_fit+easy_predicted,fifo+first_fit+none,prio_1_bsld_p95,20,-32.68598728,-47.88627864,-17.48569593,20,0,0
s1-load80,shortest_estimate+best_fit+easy_predicted,fifo+first_fit+none,prio_8_wait_p95,20,-9676.51675,-12962.25201,-6390.781491,20,0,0
s1-load80,shortest_estimate+first_fit+easy_predicted,fifo+first_fit+none,J,20,-1.849365538,-2.543826318,-1.154904759,20,0,0
s1-load80,shortest_estimate+first_fit+easy_predicted,fifo+first_fit+none,J_slowdown,20,-0.7315817345,-1.055492684,-0.4076707853,20,0,0
s1-load80,shortest_estimate+first_fit+easy_predicted,fifo+first_fit+none,J_wait,20,-0.7652144691,-1.019050168,-0.51137877,20,0,0
s1-load80,shortest_estimate+first_fit+easy_predicted,fifo+first_fit+none,J_waste,20,-0.001384686851,-0.003814474111,0.00104510041,12,0,8
s1-load80,shortest_estimate+first_fit+easy_predicted,fifo+first_fit+none,J_slo,20,-0.3063991498,-0.4385505469,-0.1742477528,20,0,0
s1-load80,shortest_estimate+first_fit+easy_predicted,fifo+first_fit+none,J_fairness,20,-0.04478549795,-0.06459115783,-0.02497983807,19,0,1
s1-load80,shortest_estimate+first_fit+easy_predicted,fifo+first_fit+none,wait_mean,20,-4486.888374,-6933.359786,-2040.416963,20,0,0
s1-load80,shortest_estimate+first_fit+easy_predicted,fifo+first_fit+none,wait_p95,20,-9703.05185,-12921.73243,-6484.371273,20,0,0
s1-load80,shortest_estimate+first_fit+easy_predicted,fifo+first_fit+none,wait_p99,20,-6894.41245,-9127.35998,-4661.46492,20,0,0
s1-load80,shortest_estimate+first_fit+easy_predicted,fifo+first_fit+none,jct_mean,20,-4487.465547,-6934.134422,-2040.796673,20,0,0
s1-load80,shortest_estimate+first_fit+easy_predicted,fifo+first_fit+none,jct_p95,20,-5637.3066,-8328.656808,-2945.956392,20,0,0
s1-load80,shortest_estimate+first_fit+easy_predicted,fifo+first_fit+none,bsld_mean,20,-7.727153418,-11.65175346,-3.802553381,20,0,0
s1-load80,shortest_estimate+first_fit+easy_predicted,fifo+first_fit+none,bsld_p95,20,-31.99610242,-46.16251393,-17.82969091,20,0,0
s1-load80,shortest_estimate+first_fit+easy_predicted,fifo+first_fit+none,bsld_p99,20,-75.92680257,-106.9406471,-44.91295802,20,0,0
s1-load80,shortest_estimate+first_fit+easy_predicted,fifo+first_fit+none,wflow_mean,20,-7.727153418,-11.65175346,-3.802553381,20,0,0
s1-load80,shortest_estimate+first_fit+easy_predicted,fifo+first_fit+none,wflow_sum_all,20,-15073.90114,-22539.24221,-7608.560064,20,0,0
s1-load80,shortest_estimate+first_fit+easy_predicted,fifo+first_fit+none,large_wait_mean,20,-3835.149199,-6032.929346,-1637.369052,20,0,0
s1-load80,shortest_estimate+first_fit+easy_predicted,fifo+first_fit+none,large_wait_p95,20,-5788.0749,-7915.433746,-3660.716054,19,0,1
s1-load80,shortest_estimate+first_fit+easy_predicted,fifo+first_fit+none,utilization,20,0.01506541838,0.005474746808,0.02465608995,15,0,5
s1-load80,shortest_estimate+first_fit+easy_predicted,fifo+first_fit+none,frag_blocked_frac,20,-0.2485439568,-0.2936036989,-0.2034842147,20,0,0
s1-load80,shortest_estimate+first_fit+easy_predicted,fifo+first_fit+none,stranded_frac,20,-0.03176762941,-0.04273526154,-0.02079999728,19,0,1
s1-load80,shortest_estimate+first_fit+easy_predicted,fifo+first_fit+none,goodput_ratio,20,0.001384686851,-0.00104510041,0.003814474111,12,0,8
s1-load80,shortest_estimate+first_fit+easy_predicted,fifo+first_fit+none,wasted_gpu_hours,20,-4.574964667,-14.78607426,5.63614493,12,0,8
s1-load80,shortest_estimate+first_fit+easy_predicted,fifo+first_fit+none,lost_gpu_hours,20,0,0,0,0,20,0
s1-load80,shortest_estimate+first_fit+easy_predicted,fifo+first_fit+none,overhead_gpu_hours,20,0,0,0,0,20,0
s1-load80,shortest_estimate+first_fit+easy_predicted,fifo+first_fit+none,topology_gpu_hours,20,-4.574958986,-14.78606559,5.63614762,12,0,8
s1-load80,shortest_estimate+first_fit+easy_predicted,fifo+first_fit+none,slack_gpu_hours,20,-5.68080808e-06,-1.042026304e-05,-9.413531232e-07,15,0,5
s1-load80,shortest_estimate+first_fit+easy_predicted,fifo+first_fit+none,preemptions,20,0,0,0,0,20,0
s1-load80,shortest_estimate+first_fit+easy_predicted,fifo+first_fit+none,failure_kills,20,0,0,0,0,20,0
s1-load80,shortest_estimate+first_fit+easy_predicted,fifo+first_fit+none,node_downtime_gpu_hours,20,0,0,0,0,20,0
s1-load80,shortest_estimate+first_fit+easy_predicted,fifo+first_fit+none,jain_bsld,20,0.04478549795,0.02497983807,0.06459115783,19,0,1
s1-load80,shortest_estimate+first_fit+easy_predicted,fifo+first_fit+none,tenant_worst_best_ratio,20,-0.6212916783,-0.8312582814,-0.4113250751,19,0,1
s1-load80,shortest_estimate+first_fit+easy_predicted,fifo+first_fit+none,slo_attainment,20,0.3063991498,0.1742477528,0.4385505469,20,0,0
s1-load80,shortest_estimate+first_fit+easy_predicted,fifo+first_fit+none,makespan,20,-2706.64105,-6618.719813,1205.437713,11,6,3
s1-load80,shortest_estimate+first_fit+easy_predicted,fifo+first_fit+none,reservations,20,201.05,170.186261,231.913739,0,0,20
s1-load80,shortest_estimate+first_fit+easy_predicted,fifo+first_fit+none,broken_reservations,20,99.85,83.07191628,116.6280837,0,0,20
s1-load80,shortest_estimate+first_fit+easy_predicted,fifo+first_fit+none,tenant_t0_bsld_mean,20,-8.052816099,-12.51074503,-3.594887167,20,0,0
s1-load80,shortest_estimate+first_fit+easy_predicted,fifo+first_fit+none,tenant_t0_bsld_p95,20,-34.87901133,-53.251059,-16.50696366,20,0,0
s1-load80,shortest_estimate+first_fit+easy_predicted,fifo+first_fit+none,tenant_t1_bsld_mean,20,-7.354458812,-11.04412662,-3.664791001,20,0,0
s1-load80,shortest_estimate+first_fit+easy_predicted,fifo+first_fit+none,tenant_t1_bsld_p95,20,-29.74121354,-42.63662475,-16.84580233,20,0,0
s1-load80,shortest_estimate+first_fit+easy_predicted,fifo+first_fit+none,tenant_t2_bsld_mean,20,-8.115524998,-12.41699231,-3.814057689,20,0,0
s1-load80,shortest_estimate+first_fit+easy_predicted,fifo+first_fit+none,tenant_t2_bsld_p95,20,-33.67699292,-49.18295479,-18.17103105,20,0,0
s1-load80,shortest_estimate+first_fit+easy_predicted,fifo+first_fit+none,tenant_t3_bsld_mean,20,-7.025066699,-10.59173209,-3.458401312,20,0,0
s1-load80,shortest_estimate+first_fit+easy_predicted,fifo+first_fit+none,tenant_t3_bsld_p95,20,-28.59409206,-40.20795045,-16.98023366,20,0,0
s1-load80,shortest_estimate+first_fit+easy_predicted,fifo+first_fit+none,prio_1_wait_p95,20,-9725.0537,-12946.978,-6503.129397,20,0,0
s1-load80,shortest_estimate+first_fit+easy_predicted,fifo+first_fit+none,prio_1_bsld_p95,20,-32.69147904,-47.85966604,-17.52329205,20,0,0
s1-load80,shortest_estimate+first_fit+easy_predicted,fifo+first_fit+none,prio_8_wait_p95,20,-9623.1039,-12864.16511,-6382.042689,20,0,0
s1-load80,shortest_estimate+least_fragmentation+easy_predicted,fifo+first_fit+none,J,20,-1.851335228,-2.548926541,-1.153743916,20,0,0
s1-load80,shortest_estimate+least_fragmentation+easy_predicted,fifo+first_fit+none,J_slowdown,20,-0.7309439679,-1.055143893,-0.406744043,20,0,0
s1-load80,shortest_estimate+least_fragmentation+easy_predicted,fifo+first_fit+none,J_wait,20,-0.769075836,-1.025029265,-0.5131224074,20,0,0
s1-load80,shortest_estimate+least_fragmentation+easy_predicted,fifo+first_fit+none,J_waste,20,0.001591638578,-0.0005398589272,0.003723136083,7,0,13
s1-load80,shortest_estimate+least_fragmentation+easy_predicted,fifo+first_fit+none,J_slo,20,-0.3076615509,-0.4398205209,-0.1755025808,20,0,0
s1-load80,shortest_estimate+least_fragmentation+easy_predicted,fifo+first_fit+none,J_fairness,20,-0.04524551198,-0.06531498592,-0.02517603803,20,0,0
s1-load80,shortest_estimate+least_fragmentation+easy_predicted,fifo+first_fit+none,wait_mean,20,-4478.459252,-6922.921614,-2033.996891,20,0,0
s1-load80,shortest_estimate+least_fragmentation+easy_predicted,fifo+first_fit+none,wait_p95,20,-9752.01465,-12997.5484,-6506.480896,20,0,0
s1-load80,shortest_estimate+least_fragmentation+easy_predicted,fifo+first_fit+none,wait_p99,20,-6490.7386,-8708.074477,-4273.402723,20,0,0
s1-load80,shortest_estimate+least_fragmentation+easy_predicted,fifo+first_fit+none,jct_mean,20,-4476.204642,-6920.88145,-2031.527834,20,0,0
s1-load80,shortest_estimate+least_fragmentation+easy_predicted,fifo+first_fit+none,jct_p95,20,-5607.2652,-8295.427143,-2919.103257,20,0,0
s1-load80,shortest_estimate+least_fragmentation+easy_predicted,fifo+first_fit+none,bsld_mean,20,-7.733601191,-11.65876482,-3.808437566,20,0,0
s1-load80,shortest_estimate+least_fragmentation+easy_predicted,fifo+first_fit+none,bsld_p95,20,-31.96820937,-46.14725938,-17.78915936,20,0,0
s1-load80,shortest_estimate+least_fragmentation+easy_predicted,fifo+first_fit+none,bsld_p99,20,-76.01732232,-106.9513462,-45.08329847,20,0,0
s1-load80,shortest_estimate+least_fragmentation+easy_predicted,fifo+first_fit+none,wflow_mean,20,-7.733601191,-11.65876482,-3.808437566,20,0,0
s1-load80,shortest_estimate+least_fragmentation+easy_predicted,fifo+first_fit+none,wflow_sum_all,20,-15085.03803,-22550.95049,-7619.125579,20,0,0
s1-load80,shortest_estimate+least_fragmentation+easy_predicted,fifo+first_fit+none,large_wait_mean,20,-3785.182904,-5983.58896,-1586.776847,20,0,0
s1-load80,shortest_estimate+least_fragmentation+easy_predicted,fifo+first_fit+none,large_wait_p95,20,-5344.00005,-7371.382039,-3316.618061,18,0,2
s1-load80,shortest_estimate+least_fragmentation+easy_predicted,fifo+first_fit+none,utilization,20,0.0143160464,0.006064105928,0.02256798687,16,0,4
s1-load80,shortest_estimate+least_fragmentation+easy_predicted,fifo+first_fit+none,frag_blocked_frac,20,-0.2546068048,-0.3058993585,-0.2033142511,20,0,0
s1-load80,shortest_estimate+least_fragmentation+easy_predicted,fifo+first_fit+none,stranded_frac,20,-0.04453877667,-0.0553945984,-0.03368295494,20,0,0
s1-load80,shortest_estimate+least_fragmentation+easy_predicted,fifo+first_fit+none,goodput_ratio,20,-0.001591638578,-0.003723136083,0.0005398589272,7,0,13
s1-load80,shortest_estimate+least_fragmentation+easy_predicted,fifo+first_fit+none,wasted_gpu_hours,20,9.956447667,-2.259914633,22.17280997,7,0,13
s1-load80,shortest_estimate+least_fragmentation+easy_predicted,fifo+first_fit+none,lost_gpu_hours,20,0,0,0,0,20,0
s1-load80,shortest_estimate+least_fragmentation+easy_predicted,fifo+first_fit+none,overhead_gpu_hours,20,0,0,0,0,20,0
s1-load80,shortest_estimate+least_fragmentation+easy_predicted,fifo+first_fit+none,topology_gpu_hours,20,9.956446141,-2.259914627,22.17280691,7,0,13
s1-load80,shortest_estimate+least_fragmentation+easy_predicted,fifo+first_fit+none,slack_gpu_hours,20,1.525252533e-06,-2.627888801e-06,5.678393866e-06,8,0,12
s1-load80,shortest_estimate+least_fragmentation+easy_predicted,fifo+first_fit+none,preemptions,20,0,0,0,0,20,0
s1-load80,shortest_estimate+least_fragmentation+easy_predicted,fifo+first_fit+none,failure_kills,20,0,0,0,0,20,0
s1-load80,shortest_estimate+least_fragmentation+easy_predicted,fifo+first_fit+none,node_downtime_gpu_hours,20,0,0,0,0,20,0
s1-load80,shortest_estimate+least_fragmentation+easy_predicted,fifo+first_fit+none,jain_bsld,20,0.04524551198,0.02517603803,0.06531498592,20,0,0
s1-load80,shortest_estimate+least_fragmentation+easy_predicted,fifo+first_fit+none,tenant_worst_best_ratio,20,-0.6315254369,-0.8467931588,-0.416257715,20,0,0
s1-load80,shortest_estimate+least_fragmentation+easy_predicted,fifo+first_fit+none,slo_attainment,20,0.3076615509,0.1755025808,0.4398205209,20,0,0
s1-load80,shortest_estimate+least_fragmentation+easy_predicted,fifo+first_fit+none,makespan,20,-1902.4146,-5840.679003,2035.849803,10,5,5
s1-load80,shortest_estimate+least_fragmentation+easy_predicted,fifo+first_fit+none,reservations,20,196.1,168.0479292,224.1520708,0,0,20
s1-load80,shortest_estimate+least_fragmentation+easy_predicted,fifo+first_fit+none,broken_reservations,20,103.1,86.29471184,119.9052882,0,0,20
s1-load80,shortest_estimate+least_fragmentation+easy_predicted,fifo+first_fit+none,tenant_t0_bsld_mean,20,-8.058225102,-12.51728028,-3.599169928,20,0,0
s1-load80,shortest_estimate+least_fragmentation+easy_predicted,fifo+first_fit+none,tenant_t0_bsld_p95,20,-34.86757281,-53.27852747,-16.45661816,20,0,0
s1-load80,shortest_estimate+least_fragmentation+easy_predicted,fifo+first_fit+none,tenant_t1_bsld_mean,20,-7.360907734,-11.05491434,-3.666901127,20,0,0
s1-load80,shortest_estimate+least_fragmentation+easy_predicted,fifo+first_fit+none,tenant_t1_bsld_p95,20,-29.74833747,-42.63644286,-16.86023208,20,0,0
s1-load80,shortest_estimate+least_fragmentation+easy_predicted,fifo+first_fit+none,tenant_t2_bsld_mean,20,-8.129058807,-12.4277709,-3.830346718,20,0,0
s1-load80,shortest_estimate+least_fragmentation+easy_predicted,fifo+first_fit+none,tenant_t2_bsld_p95,20,-33.6487598,-49.15232174,-18.14519787,20,0,0
s1-load80,shortest_estimate+least_fragmentation+easy_predicted,fifo+first_fit+none,tenant_t3_bsld_mean,20,-7.023155736,-10.59094057,-3.455370902,20,0,0
s1-load80,shortest_estimate+least_fragmentation+easy_predicted,fifo+first_fit+none,tenant_t3_bsld_p95,20,-28.54118331,-40.19892609,-16.88344054,20,0,0
s1-load80,shortest_estimate+least_fragmentation+easy_predicted,fifo+first_fit+none,prio_1_wait_p95,20,-9762.23535,-13035.96375,-6488.506946,20,0,0
s1-load80,shortest_estimate+least_fragmentation+easy_predicted,fifo+first_fit+none,prio_1_bsld_p95,20,-32.65093138,-47.81254352,-17.48931923,20,0,0
s1-load80,shortest_estimate+least_fragmentation+easy_predicted,fifo+first_fit+none,prio_8_wait_p95,20,-9735.3215,-12953.35815,-6517.284845,20,0,0
s1-load80,shortest_estimate+topology_aware+conservative,fifo+first_fit+none,J,20,-1.880584768,-2.57717736,-1.183992176,20,0,0
s1-load80,shortest_estimate+topology_aware+conservative,fifo+first_fit+none,J_slowdown,20,-0.7352122697,-1.060110097,-0.4103144419,20,0,0
s1-load80,shortest_estimate+topology_aware+conservative,fifo+first_fit+none,J_wait,20,-0.7786501612,-1.035268696,-0.5220316264,20,0,0
s1-load80,shortest_estimate+topology_aware+conservative,fifo+first_fit+none,J_waste,20,-0.01262795097,-0.01584622702,-0.009409674908,19,0,1
s1-load80,shortest_estimate+topology_aware+conservative,fifo+first_fit+none,J_slo,20,-0.3085232635,-0.4408573343,-0.1761891927,20,0,0
s1-load80,shortest_estimate+topology_aware+conservative,fifo+first_fit+none,J_fairness,20,-0.04557112274,-0.06550851891,-0.02563372657,20,0,0
s1-load80,shortest_estimate+topology_aware+conservative,fifo+first_fit+none,wait_mean,20,-4538.065107,-7000.826748,-2075.303465,20,0,0
s1-load80,shortest_estimate+topology_aware+conservative,fifo+first_fit+none,wait_p95,20,-9873.41875,-13127.38617,-6619.451335,20,0,0
s1-load80,shortest_estimate+topology_aware+conservative,fifo+first_fit+none,wait_p99,20,-8109.7907,-10736.62294,-5482.958456,20,0,0
s1-load80,shortest_estimate+topology_aware+conservative,fifo+first_fit+none,jct_mean,20,-4548.891175,-7010.802792,-2086.979557,20,0,0
s1-load80,shortest_estimate+topology_aware+conservative,fifo+first_fit+none,jct_p95,20,-5723.60595,-8382.868336,-3064.343564,20,0,0
s1-load80,shortest_estimate+topology_aware+conservative,fifo+first_fit+none,bsld_mean,20,-7.758679129,-11.68326547,-3.834092793,20,0,0
s1-load80,shortest_estimate+topology_aware+conservative,fifo+first_fit+none,bsld_p95,20,-32.15488574,-46.36445889,-17.94531259,20,0,0
s1-load80,shortest_estimate+topology_aware+conservative,fifo+first_fit+none,bsld_p99,20,-76.49550611,-107.5768042,-45.41420805,20,0,0
s1-load80,shortest_estimate+topology_aware+conservative,fifo+first_fit+none,wflow_mean,20,-7.758679129,-11.68326547,-3.834092793,20,0,0
s1-load80,shortest_estimate+topology_aware+conservative,fifo+first_fit+none,wflow_sum_all,20,-15129.56454,-22591.05004,-7668.079034,20,0,0
s1-load80,shortest_estimate+topology_aware+conservative,fifo+first_fit+none,large_wait_mean,20,-4141.684096,-6461.576233,-1821.791959,20,0,0
s1-load80,shortest_estimate+topology_aware+conservative,fifo+first_fit+none,large_wait_p95,20,-7224.21065,-9812.349484,-4636.071816,20,0,0
s1-load80,shortest_estimate+topology_aware+conservative,fifo+first_fit+none,utilization,20,0.008098855309,-0.00484492988,0.0210426405,9,0,11
s1-load80,shortest_estimate+topology_aware+conservative,fifo+first_fit+none,frag_blocked_frac,20,-0.3603092864,-0.4235912474,-0.2970273254,20,0,0
s1-load80,shortest_estimate+topology_aware+conservative,fifo+first_fit+none,stranded_frac,20,-0.06468651184,-0.07881246419,-0.05056055949,20,0,0
s1-load80,shortest_estimate+topology_aware+conservative,fifo+first_fit+none,goodput_ratio,20,0.01262795097,0.009409674908,0.01584622702,19,0,1
s1-load80,shortest_estimate+topology_aware+conservative,fifo+first_fit+none,wasted_gpu_hours,20,-62.98673133,-81.24849363,-44.72496904,19,0,1
s1-load80,shortest_estimate+topology_aware+conservative,fifo+first_fit+none,lost_gpu_hours,20,0,0,0,0,20,0
s1-load80,shortest_estimate+topology_aware+conservative,fifo+first_fit+none,overhead_gpu_hours,20,0,0,0,0,20,0
s1-load80,shortest_estimate+topology_aware+conservative,fifo+first_fit+none,topology_gpu_hours,20,-62.9866964,-81.24845381,-44.72493899,19,0,1
s1-load80,shortest_estimate+topology_aware+conservative,fifo+first_fit+none,slack_gpu_hours,20,-3.493737375e-05,-4.17005759e-05,-2.81741716e-05,20,0,0
s1-load80,shortest_estimate+topology_aware+conservative,fifo+first_fit+none,preemptions,20,0,0,0,0,20,0
s1-load80,shortest_estimate+topology_aware+conservative,fifo+first_fit+none,failure_kills,20,0,0,0,0,20,0
s1-load80,shortest_estimate+topology_aware+conservative,fifo+first_fit+none,node_downtime_gpu_hours,20,0,0,0,0,20,0
s1-load80,shortest_estimate+topology_aware+conservative,fifo+first_fit+none,jain_bsld,20,0.04557112274,0.02563372657,0.06550851891,20,0,0
s1-load80,shortest_estimate+topology_aware+conservative,fifo+first_fit+none,tenant_worst_best_ratio,20,-0.6482369447,-0.8598255098,-0.4366483796,20,0,0
s1-load80,shortest_estimate+topology_aware+conservative,fifo+first_fit+none,slo_attainment,20,0.3085232635,0.1761891927,0.4408573343,20,0,0
s1-load80,shortest_estimate+topology_aware+conservative,fifo+first_fit+none,makespan,20,-3470.3131,-6995.354115,54.72791457,14,5,1
s1-load80,shortest_estimate+topology_aware+conservative,fifo+first_fit+none,reservations,20,286.05,223.6433525,348.4566475,0,0,20
s1-load80,shortest_estimate+topology_aware+conservative,fifo+first_fit+none,broken_reservations,20,91.3,65.64686889,116.9531311,0,0,20
s1-load80,shortest_estimate+topology_aware+conservative,fifo+first_fit+none,tenant_t0_bsld_mean,20,-8.094997311,-12.5531149,-3.636879719,20,0,0
s1-load80,shortest_estimate+topology_aware+conservative,fifo+first_fit+none,tenant_t0_bsld_p95,20,-35.06636909,-53.49810248,-16.63463569,20,0,0
s1-load80,shortest_estimate+topology_aware+conservative,fifo+first_fit+none,tenant_t1_bsld_mean,20,-7.375897636,-11.06326997,-3.688525297,20,0,0
s1-load80,shortest_estimate+topology_aware+conservative,fifo+first_fit+none,tenant_t1_bsld_p95,20,-29.87818677,-42.80403211,-16.95234144,20,0,0
s1-load80,shortest_estimate+topology_aware+conservative,fifo+first_fit+none,tenant_t2_bsld_mean,20,-8.145768563,-12.44644883,-3.845088296,20,0,0
s1-load80,shortest_estimate+topology_aware+conservative,fifo+first_fit+none,tenant_t2_bsld_p95,20,-33.86492116,-49.43605877,-18.29378355,20,0,0
s1-load80,shortest_estimate+topology_aware+conservative,fifo+first_fit+none,tenant_t3_bsld_mean,20,-7.046592188,-10.61676874,-3.47641564,20,0,0
s1-load80,shortest_estimate+topology_aware+conservative,fifo+first_fit+none,tenant_t3_bsld_p95,20,-28.68306339,-40.33749592,-17.02863086,20,0,0
s1-load80,shortest_estimate+topology_aware+conservative,fifo+first_fit+none,prio_1_wait_p95,20,-9938.5962,-13204.65599,-6672.53641,20,0,0
s1-load80,shortest_estimate+topology_aware+conservative,fifo+first_fit+none,prio_1_bsld_p95,20,-32.87133481,-48.07787189,-17.66479773,20,0,0
s1-load80,shortest_estimate+topology_aware+conservative,fifo+first_fit+none,prio_8_wait_p95,20,-9764.872,-12977.36173,-6552.382266,20,0,0
s1-load80,shortest_estimate+topology_aware+easy,fifo+first_fit+none,J,20,-1.878733095,-2.576043301,-1.181422888,20,0,0
s1-load80,shortest_estimate+topology_aware+easy,fifo+first_fit+none,J_slowdown,20,-0.7338735524,-1.058427609,-0.4093194963,20,0,0
s1-load80,shortest_estimate+topology_aware+easy,fifo+first_fit+none,J_wait,20,-0.7788518816,-1.035397098,-0.5223066649,20,0,0
s1-load80,shortest_estimate+topology_aware+easy,fifo+first_fit+none,J_waste,20,-0.01161068638,-0.01529541373,-0.007925959039,19,0,1
s1-load80,shortest_estimate+topology_aware+easy,fifo+first_fit+none,J_slo,20,-0.3091355149,-0.4421477898,-0.1761232399,20,0,0
s1-load80,shortest_estimate+topology_aware+easy,fifo+first_fit+none,J_fairness,20,-0.04526145933,-0.06510113999,-0.02542177867,20,0,0
s1-load80,shortest_estimate+topology_aware+easy,fifo+first_fit+none,wait_mean,20,-4536.990252,-7001.466087,-2072.514417,20,0,0
s1-load80,shortest_estimate+topology_aware+easy,fifo+first_fit+none,wait_p95,20,-9875.9766,-13129.01433,-6622.938869,20,0,0
s1-load80,shortest_estimate+topology_aware+easy,fifo+first_fit+none,wait_p99,20,-7941.6725,-10348.18414,-5535.160855,20,0,0
s1-load80,shortest_estimate+topology_aware+easy,fifo+first_fit+none,jct_mean,20,-4547.392781,-7011.178952,-2083.60661,20,0,0
s1-load80,shortest_estimate+topology_aware+easy,fifo+first_fit+none,jct_p95,20,-5801.1763,-8515.522529,-3086.830071,20,0,0
s1-load80,shortest_estimate+topology_aware+easy,fifo+first_fit+none,bsld_mean,20,-7.752225488,-11.67583926,-3.828611711,20,0,0
s1-load80,shortest_estimate+topology_aware+easy,fifo+first_fit+none,bsld_p95,20,-32.09633625,-46.29087437,-17.90179813,20,0,0
s1-load80,shortest_estimate+topology_aware+easy,fifo+first_fit+none,bsld_p99,20,-76.36104954,-107.3332091,-45.38889001,20,0,0
s1-load80,shortest_estimate+topology_aware+easy,fifo+first_fit+none,wflow_mean,20,-7.752225488,-11.67583926,-3.828611711,20,0,0
s1-load80,shortest_estimate+topology_aware+easy,fifo+first_fit+none,wflow_sum_all,20,-15117.61635,-22575.5324,-7659.700305,20,0,0
s1-load80,shortest_estimate+topology_aware+easy,fifo+first_fit+none,large_wait_mean,20,-4061.715925,-6348.201464,-1775.230386,20,0,0
s1-load80,shortest_estimate+topology_aware+easy,fifo+first_fit+none,large_wait_p95,20,-6618.24625,-8927.738978,-4308.753522,20,0,0
s1-load80,shortest_estimate+topology_aware+easy,fifo+first_fit+none,utilization,20,0.00841791021,-0.003191581301,0.02002740172,11,0,9
s1-load80,shortest_estimate+topology_aware+easy,fifo+first_fit+none,frag_blocked_frac,20,-0.3388190378,-0.3912970552,-0.2863410204,20,0,0
s1-load80,shortest_estimate+topology_aware+easy,fifo+first_fit+none,stranded_frac,20,-0.06167171923,-0.07478971227,-0.04855372619,20,0,0
s1-load80,shortest_estimate+topology_aware+easy,fifo+first_fit+none,goodput_ratio,20,0.01161068638,0.007925959039,0.01529541373,19,0,1
s1-load80,shortest_estimate+topology_aware+easy,fifo+first_fit+none,wasted_gpu_hours,20,-59.17700689,-79.48835952,-38.86565426,19,0,1
s1-load80,shortest_estimate+topology_aware+easy,fifo+first_fit+none,lost_gpu_hours,20,0,0,0,0,20,0
s1-load80,shortest_estimate+topology_aware+easy,fifo+first_fit+none,overhead_gpu_hours,20,0,0,0,0,20,0
s1-load80,shortest_estimate+topology_aware+easy,fifo+first_fit+none,topology_gpu_hours,20,-59.17697523,-79.48832258,-38.86562787,19,0,1
s1-load80,shortest_estimate+topology_aware+easy,fifo+first_fit+none,slack_gpu_hours,20,-3.166262627e-05,-3.960516349e-05,-2.372008905e-05,19,0,1
s1-load80,shortest_estimate+topology_aware+easy,fifo+first_fit+none,preemptions,20,0,0,0,0,20,0
s1-load80,shortest_estimate+topology_aware+easy,fifo+first_fit+none,failure_kills,20,0,0,0,0,20,0
s1-load80,shortest_estimate+topology_aware+easy,fifo+first_fit+none,node_downtime_gpu_hours,20,0,0,0,0,20,0
s1-load80,shortest_estimate+topology_aware+easy,fifo+first_fit+none,jain_bsld,20,0.04526145933,0.02542177867,0.06510113999,20,0,0
s1-load80,shortest_estimate+topology_aware+easy,fifo+first_fit+none,tenant_worst_best_ratio,20,-0.6343724209,-0.8409767486,-0.4277680933,20,0,0
s1-load80,shortest_estimate+topology_aware+easy,fifo+first_fit+none,slo_attainment,20,0.3091355149,0.1761232399,0.4421477898,20,0,0
s1-load80,shortest_estimate+topology_aware+easy,fifo+first_fit+none,makespan,20,-4849.39635,-7968.335202,-1730.457498,13,5,2
s1-load80,shortest_estimate+topology_aware+easy,fifo+first_fit+none,reservations,20,192.9,163.9890205,221.8109795,0,0,20
s1-load80,shortest_estimate+topology_aware+easy,fifo+first_fit+none,broken_reservations,20,48.2,38.47534795,57.92465205,0,0,20
s1-load80,shortest_estimate+topology_aware+easy,fifo+first_fit+none,tenant_t0_bsld_mean,20,-8.089207484,-12.54487249,-3.633542474,20,0,0
s1-load80,shortest_estimate+topology_aware+easy,fifo+first_fit+none,tenant_t0_bsld_p95,20,-35.02220012,-53.42680796,-16.61759228,20,0,0
s1-load80,shortest_estimate+topology_aware+easy,fifo+first_fit+none,tenant_t1_bsld_mean,20,-7.376141808,-11.0624744,-3.689809216,20,0,0
s1-load80,shortest_estimate+topology_aware+easy,fifo+first_fit+none,tenant_t1_bsld_p95,20,-29.83028631,-42.74420054,-16.91637207,20,0,0
s1-load80,shortest_estimate+topology_aware+easy,fifo+first_fit+none,tenant_t2_bsld_mean,20,-8.133220344,-12.43223433,-3.834206357,20,0,0
s1-load80,shortest_estimate+topology_aware+easy,fifo+first_fit+none,tenant_t2_bsld_p95,20,-33.77353889,-49.28788378,-18.259194,20,0,0
s1-load80,shortest_estimate+topology_aware+easy,fifo+first_fit+none,tenant_t3_bsld_mean,20,-7.029774498,-10.59957416,-3.459974836,20,0,0
s1-load80,shortest_estimate+topology_aware+easy,fifo+first_fit+none,tenant_t3_bsld_p95,20,-28.57433065,-40.18106334,-16.96759796,20,0,0
s1-load80,shortest_estimate+topology_aware+easy,fifo+first_fit+none,prio_1_wait_p95,20,-9901.2868,-13141.08946,-6661.484141,20,0,0
s1-load80,shortest_estimate+topology_aware+easy,fifo+first_fit+none,prio_1_bsld_p95,20,-32.76630182,-47.93445426,-17.59814937,20,0,0
s1-load80,shortest_estimate+topology_aware+easy,fifo+first_fit+none,prio_8_wait_p95,20,-9679.00855,-12859.49059,-6498.526509,20,0,0
s1-load80,shortest_estimate+topology_aware+easy_oracle,fifo+first_fit+none,J,20,-1.878733095,-2.576043301,-1.181422888,20,0,0
s1-load80,shortest_estimate+topology_aware+easy_oracle,fifo+first_fit+none,J_slowdown,20,-0.7338735524,-1.058427609,-0.4093194963,20,0,0
s1-load80,shortest_estimate+topology_aware+easy_oracle,fifo+first_fit+none,J_wait,20,-0.7788518816,-1.035397098,-0.5223066649,20,0,0
s1-load80,shortest_estimate+topology_aware+easy_oracle,fifo+first_fit+none,J_waste,20,-0.01161068638,-0.01529541373,-0.007925959039,19,0,1
s1-load80,shortest_estimate+topology_aware+easy_oracle,fifo+first_fit+none,J_slo,20,-0.3091355149,-0.4421477898,-0.1761232399,20,0,0
s1-load80,shortest_estimate+topology_aware+easy_oracle,fifo+first_fit+none,J_fairness,20,-0.04526145933,-0.06510113999,-0.02542177867,20,0,0
s1-load80,shortest_estimate+topology_aware+easy_oracle,fifo+first_fit+none,wait_mean,20,-4536.990252,-7001.466087,-2072.514417,20,0,0
s1-load80,shortest_estimate+topology_aware+easy_oracle,fifo+first_fit+none,wait_p95,20,-9875.9766,-13129.01433,-6622.938869,20,0,0
s1-load80,shortest_estimate+topology_aware+easy_oracle,fifo+first_fit+none,wait_p99,20,-7941.6725,-10348.18414,-5535.160855,20,0,0
s1-load80,shortest_estimate+topology_aware+easy_oracle,fifo+first_fit+none,jct_mean,20,-4547.392781,-7011.178952,-2083.60661,20,0,0
s1-load80,shortest_estimate+topology_aware+easy_oracle,fifo+first_fit+none,jct_p95,20,-5801.1763,-8515.522529,-3086.830071,20,0,0
s1-load80,shortest_estimate+topology_aware+easy_oracle,fifo+first_fit+none,bsld_mean,20,-7.752225488,-11.67583926,-3.828611711,20,0,0
s1-load80,shortest_estimate+topology_aware+easy_oracle,fifo+first_fit+none,bsld_p95,20,-32.09633625,-46.29087437,-17.90179813,20,0,0
s1-load80,shortest_estimate+topology_aware+easy_oracle,fifo+first_fit+none,bsld_p99,20,-76.36104954,-107.3332091,-45.38889001,20,0,0
s1-load80,shortest_estimate+topology_aware+easy_oracle,fifo+first_fit+none,wflow_mean,20,-7.752225488,-11.67583926,-3.828611711,20,0,0
s1-load80,shortest_estimate+topology_aware+easy_oracle,fifo+first_fit+none,wflow_sum_all,20,-15117.61635,-22575.5324,-7659.700305,20,0,0
s1-load80,shortest_estimate+topology_aware+easy_oracle,fifo+first_fit+none,large_wait_mean,20,-4061.715925,-6348.201464,-1775.230386,20,0,0
s1-load80,shortest_estimate+topology_aware+easy_oracle,fifo+first_fit+none,large_wait_p95,20,-6618.24625,-8927.738978,-4308.753522,20,0,0
s1-load80,shortest_estimate+topology_aware+easy_oracle,fifo+first_fit+none,utilization,20,0.00841791021,-0.003191581301,0.02002740172,11,0,9
s1-load80,shortest_estimate+topology_aware+easy_oracle,fifo+first_fit+none,frag_blocked_frac,20,-0.3388190378,-0.3912970552,-0.2863410204,20,0,0
s1-load80,shortest_estimate+topology_aware+easy_oracle,fifo+first_fit+none,stranded_frac,20,-0.06167171923,-0.07478971227,-0.04855372619,20,0,0
s1-load80,shortest_estimate+topology_aware+easy_oracle,fifo+first_fit+none,goodput_ratio,20,0.01161068638,0.007925959039,0.01529541373,19,0,1
s1-load80,shortest_estimate+topology_aware+easy_oracle,fifo+first_fit+none,wasted_gpu_hours,20,-59.17700689,-79.48835952,-38.86565426,19,0,1
s1-load80,shortest_estimate+topology_aware+easy_oracle,fifo+first_fit+none,lost_gpu_hours,20,0,0,0,0,20,0
s1-load80,shortest_estimate+topology_aware+easy_oracle,fifo+first_fit+none,overhead_gpu_hours,20,0,0,0,0,20,0
s1-load80,shortest_estimate+topology_aware+easy_oracle,fifo+first_fit+none,topology_gpu_hours,20,-59.17697523,-79.48832258,-38.86562787,19,0,1
s1-load80,shortest_estimate+topology_aware+easy_oracle,fifo+first_fit+none,slack_gpu_hours,20,-3.166262627e-05,-3.960516349e-05,-2.372008905e-05,19,0,1
s1-load80,shortest_estimate+topology_aware+easy_oracle,fifo+first_fit+none,preemptions,20,0,0,0,0,20,0
s1-load80,shortest_estimate+topology_aware+easy_oracle,fifo+first_fit+none,failure_kills,20,0,0,0,0,20,0
s1-load80,shortest_estimate+topology_aware+easy_oracle,fifo+first_fit+none,node_downtime_gpu_hours,20,0,0,0,0,20,0
s1-load80,shortest_estimate+topology_aware+easy_oracle,fifo+first_fit+none,jain_bsld,20,0.04526145933,0.02542177867,0.06510113999,20,0,0
s1-load80,shortest_estimate+topology_aware+easy_oracle,fifo+first_fit+none,tenant_worst_best_ratio,20,-0.6343724209,-0.8409767486,-0.4277680933,20,0,0
s1-load80,shortest_estimate+topology_aware+easy_oracle,fifo+first_fit+none,slo_attainment,20,0.3091355149,0.1761232399,0.4421477898,20,0,0
s1-load80,shortest_estimate+topology_aware+easy_oracle,fifo+first_fit+none,makespan,20,-4849.39635,-7968.335202,-1730.457498,13,5,2
s1-load80,shortest_estimate+topology_aware+easy_oracle,fifo+first_fit+none,reservations,20,192.9,163.9890205,221.8109795,0,0,20
s1-load80,shortest_estimate+topology_aware+easy_oracle,fifo+first_fit+none,broken_reservations,20,48.2,38.47534795,57.92465205,0,0,20
s1-load80,shortest_estimate+topology_aware+easy_oracle,fifo+first_fit+none,tenant_t0_bsld_mean,20,-8.089207484,-12.54487249,-3.633542474,20,0,0
s1-load80,shortest_estimate+topology_aware+easy_oracle,fifo+first_fit+none,tenant_t0_bsld_p95,20,-35.02220012,-53.42680796,-16.61759228,20,0,0
s1-load80,shortest_estimate+topology_aware+easy_oracle,fifo+first_fit+none,tenant_t1_bsld_mean,20,-7.376141808,-11.0624744,-3.689809216,20,0,0
s1-load80,shortest_estimate+topology_aware+easy_oracle,fifo+first_fit+none,tenant_t1_bsld_p95,20,-29.83028631,-42.74420054,-16.91637207,20,0,0
s1-load80,shortest_estimate+topology_aware+easy_oracle,fifo+first_fit+none,tenant_t2_bsld_mean,20,-8.133220344,-12.43223433,-3.834206357,20,0,0
s1-load80,shortest_estimate+topology_aware+easy_oracle,fifo+first_fit+none,tenant_t2_bsld_p95,20,-33.77353889,-49.28788378,-18.259194,20,0,0
s1-load80,shortest_estimate+topology_aware+easy_oracle,fifo+first_fit+none,tenant_t3_bsld_mean,20,-7.029774498,-10.59957416,-3.459974836,20,0,0
s1-load80,shortest_estimate+topology_aware+easy_oracle,fifo+first_fit+none,tenant_t3_bsld_p95,20,-28.57433065,-40.18106334,-16.96759796,20,0,0
s1-load80,shortest_estimate+topology_aware+easy_oracle,fifo+first_fit+none,prio_1_wait_p95,20,-9901.2868,-13141.08946,-6661.484141,20,0,0
s1-load80,shortest_estimate+topology_aware+easy_oracle,fifo+first_fit+none,prio_1_bsld_p95,20,-32.76630182,-47.93445426,-17.59814937,20,0,0
s1-load80,shortest_estimate+topology_aware+easy_oracle,fifo+first_fit+none,prio_8_wait_p95,20,-9679.00855,-12859.49059,-6498.526509,20,0,0
s1-load80,shortest_estimate+topology_aware+easy_predicted,fifo+first_fit+none,J,20,-1.878924099,-2.570409689,-1.187438509,20,0,0
s1-load80,shortest_estimate+topology_aware+easy_predicted,fifo+first_fit+none,J_slowdown,20,-0.7342371176,-1.058023771,-0.4104504639,20,0,0
s1-load80,shortest_estimate+topology_aware+easy_predicted,fifo+first_fit+none,J_wait,20,-0.7781027672,-1.030054125,-0.5261514093,20,0,0
s1-load80,shortest_estimate+topology_aware+easy_predicted,fifo+first_fit+none,J_waste,20,-0.01218501046,-0.01564042319,-0.008729597727,19,0,1
s1-load80,shortest_estimate+topology_aware+easy_predicted,fifo+first_fit+none,J_slo,20,-0.3092570319,-0.4417503698,-0.176763694,20,0,0
s1-load80,shortest_estimate+topology_aware+easy_predicted,fifo+first_fit+none,J_fairness,20,-0.04514217207,-0.06504395413,-0.02524039001,20,0,0
s1-load80,shortest_estimate+topology_aware+easy_predicted,fifo+first_fit+none,wait_mean,20,-4525.564596,-6971.367512,-2079.76168,20,0,0
s1-load80,shortest_estimate+topology_aware+easy_predicted,fifo+first_fit+none,wait_p95,20,-9866.4777,-13061.26451,-6671.690894,20,0,0
s1-load80,shortest_estimate+topology_aware+easy_predicted,fifo+first_fit+none,wait_p99,20,-7543.19875,-9769.852106,-5316.545394,20,0,0
s1-load80,shortest_estimate+topology_aware+easy_predicted,fifo+first_fit+none,jct_mean,20,-4536.156036,-6981.517181,-2090.79489,20,0,0
s1-load80,shortest_estimate+topology_aware+easy_predicted,fifo+first_fit+none,jct_p95,20,-5751.94495,-8422.593367,-3081.296533,20,0,0
s1-load80,shortest_estimate+topology_aware+easy_predicted,fifo+first_fit+none,bsld_mean,20,-7.752217391,-11.67058923,-3.833845555,20,0,0
s1-load80,shortest_estimate+topology_aware+easy_predicted,fifo+first_fit+none,bsld_p95,20,-32.11223696,-46.27321234,-17.95126158,20,0,0
s1-load80,shortest_estimate+topology_aware+easy_predicted,fifo+first_fit+none,bsld_p99,20,-76.30746566,-107.2231917,-45.39173958,20,0,0
s1-load80,shortest_estimate+topology_aware+easy_predicted,fifo+first_fit+none,wflow_mean,20,-7.752217391,-11.67058923,-3.833845555,20,0,0
s1-load80,shortest_estimate+topology_aware+easy_predicted,fifo+first_fit+none,wflow_sum_all,20,-15121.11387,-22573.66439,-7668.563359,20,0,0
s1-load80,shortest_estimate+topology_aware+easy_predicted,fifo+first_fit+none,large_wait_mean,20,-4004.427761,-6217.691076,-1791.164446,20,0,0
s1-load80,shortest_estimate+topology_aware+easy_predicted,fifo+first_fit+none,large_wait_p95,20,-6154.20155,-8260.208682,-4048.194418,20,0,0
s1-load80,shortest_estimate+topology_aware+easy_predicted,fifo+first_fit+none,utilization,20,0.00765118649,-0.004495490921,0.0197978639,11,0,9
s1-load80,shortest_estimate+topology_aware+easy_predicted,fifo+first_fit+none,frag_blocked_frac,20,-0.3389701051,-0.3930468478,-0.2848933624,20,0,0
s1-load80,shortest_estimate+topology_aware+easy_predicted,fifo+first_fit+none,stranded_frac,20,-0.05997564404,-0.07356619345,-0.04638509463,20,0,0
s1-load80,shortest_estimate+topology_aware+easy_predicted,fifo+first_fit+none,goodput_ratio,20,0.01218501046,0.008729597727,0.01564042319,19,0,1
s1-load80,shortest_estimate+topology_aware+easy_predicted,fifo+first_fit+none,wasted_gpu_hours,20,-63.31072333,-84.41870868,-42.20273799,19,0,1
s1-load80,shortest_estimate+topology_aware+easy_predicted,fifo+first_fit+none,lost_gpu_hours,20,0,0,0,0,20,0
s1-load80,shortest_estimate+topology_aware+easy_predicted,fifo+first_fit+none,overhead_gpu_hours,20,0,0,0,0,20,0
s1-load80,shortest_estimate+topology_aware+easy_predicted,fifo+first_fit+none,topology_gpu_hours,20,-63.31068695,-84.41866713,-42.20270677,19,0,1
s1-load80,shortest_estimate+topology_aware+easy_predicted,fifo+first_fit+none,slack_gpu_hours,20,-3.638383839e-05,-4.483270751e-05,-2.793496928e-05,19,0,1
s1-load80,shortest_estimate+topology_aware+easy_predicted,fifo+first_fit+none,preemptions,20,0,0,0,0,20,0
s1-load80,shortest_estimate+topology_aware+easy_predicted,fifo+first_fit+none,failure_kills,20,0,0,0,0,20,0
s1-load80,shortest_estimate+topology_aware+easy_predicted,fifo+first_fit+none,node_downtime_gpu_hours,20,0,0,0,0,20,0
s1-load80,shortest_estimate+topology_aware+easy_predicted,fifo+first_fit+none,jain_bsld,20,0.04514217207,0.02524039001,0.06504395413,20,0,0
s1-load80,shortest_estimate+topology_aware+easy_predicted,fifo+first_fit+none,tenant_worst_best_ratio,20,-0.6333358859,-0.8432088995,-0.4234628724,20,0,0
s1-load80,shortest_estimate+topology_aware+easy_predicted,fifo+first_fit+none,slo_attainment,20,0.3092570319,0.176763694,0.4417503698,20,0,0
s1-load80,shortest_estimate+topology_aware+easy_predicted,fifo+first_fit+none,makespan,20,-3537.59405,-7722.015833,646.8277334,13,5,2
s1-load80,shortest_estimate+topology_aware+easy_predicted,fifo+first_fit+none,reservations,20,191.65,158.5601203,224.7398797,0,0,20
s1-load80,shortest_estimate+topology_aware+easy_predicted,fifo+first_fit+none,broken_reservations,20,91.75,74.53805415,108.9619459,0,0,20
s1-load80,shortest_estimate+topology_aware+easy_predicted,fifo+first_fit+none,tenant_t0_bsld_mean,20,-8.092209436,-12.54193606,-3.642482816,20,0,0
s1-load80,shortest_estimate+topology_aware+easy_predicted,fifo+first_fit+none,tenant_t0_bsld_p95,20,-35.05036786,-53.42698104,-16.67375468,20,0,0
s1-load80,shortest_estimate+topology_aware+easy_predicted,fifo+first_fit+none,tenant_t1_bsld_mean,20,-7.370184456,-11.05173279,-3.688636122,20,0,0
s1-load80,shortest_estimate+topology_aware+easy_predicted,fifo+first_fit+none,tenant_t1_bsld_p95,20,-29.86354758,-42.7446763,-16.98241885,20,0,0
s1-load80,shortest_estimate+topology_aware+easy_predicted,fifo+first_fit+none,tenant_t2_bsld_mean,20,-8.134971388,-12.43393206,-3.836010719,20,0,0
s1-load80,shortest_estimate+topology_aware+easy_predicted,fifo+first_fit+none,tenant_t2_bsld_p95,20,-33.7483373,-49.25537053,-18.24130407,20,0,0
s1-load80,shortest_estimate+topology_aware+easy_predicted,fifo+first_fit+none,tenant_t3_bsld_mean,20,-7.032301307,-10.59352562,-3.471076996,20,0,0
s1-load80,shortest_estimate+topology_aware+easy_predicted,fifo+first_fit+none,tenant_t3_bsld_p95,20,-28.62664353,-40.22861706,-17.02467,20,0,0
s1-load80,shortest_estimate+topology_aware+easy_predicted,fifo+first_fit+none,prio_1_wait_p95,20,-9923.16885,-13137.71602,-6708.621682,20,0,0
s1-load80,shortest_estimate+topology_aware+easy_predicted,fifo+first_fit+none,prio_1_bsld_p95,20,-32.81630034,-47.97688141,-17.65571927,20,0,0
s1-load80,shortest_estimate+topology_aware+easy_predicted,fifo+first_fit+none,prio_8_wait_p95,20,-9778.11015,-12939.10135,-6617.118946,20,0,0
s1-load80,shortest_estimate+topology_aware+none,fifo+first_fit+none,J,20,-1.617054231,-2.208197499,-1.025910963,20,0,0
s1-load80,shortest_estimate+topology_aware+none,fifo+first_fit+none,J_slowdown,20,-0.7143727702,-1.031378348,-0.3973671923,20,0,0
s1-load80,shortest_estimate+topology_aware+none,fifo+first_fit+none,J_wait,20,-0.567835707,-0.7462362245,-0.3894351894,20,0,0
s1-load80,shortest_estimate+topology_aware+none,fifo+first_fit+none,J_waste,20,-0.01221095022,-0.01527294073,-0.009148959713,20,0,0
s1-load80,shortest_estimate+topology_aware+none,fifo+first_fit+none,J_slo,20,-0.2777162581,-0.3996638761,-0.15576864,20,0,0
s1-load80,shortest_estimate+topology_aware+none,fifo+first_fit+none,J_fairness,20,-0.04491854573,-0.06507648618,-0.02476060529,20,0,0
s1-load80,shortest_estimate+topology_aware+none,fifo+first_fit+none,wait_mean,20,-4042.63452,-6273.493606,-1811.775433,20,0,0
s1-load80,shortest_estimate+topology_aware+none,fifo+first_fit+none,wait_p95,20,-7200.255,-9462.404426,-4938.105574,20,0,0
s1-load80,shortest_estimate+topology_aware+none,fifo+first_fit+none,wait_p99,20,-2419.2973,-4497.457856,-341.1367437,16,0,4
s1-load80,shortest_estimate+topology_aware+none,fifo+first_fit+none,jct_mean,20,-4053.746732,-6284.477226,-1823.016238,20,0,0
s1-load80,shortest_estimate+topology_aware+none,fifo+first_fit+none,jct_p95,20,-3828.398,-5600.013177,-2056.782823,18,0,2
s1-load80,shortest_estimate+topology_aware+none,fifo+first_fit+none,bsld_mean,20,-7.564829796,-11.39691467,-3.732744925,20,0,0
s1-load80,shortest_estimate+topology_aware+none,fifo+first_fit+none,bsld_p95,20,-31.24345954,-45.10786109,-17.37905798,20,0,0
s1-load80,shortest_estimate+topology_aware+none,fifo+first_fit+none,bsld_p99,20,-74.85457703,-105.0458473,-44.66330671,20,0,0
s1-load80,shortest_estimate+topology_aware+none,fifo+first_fit+none,wflow_mean,20,-7.564829796,-11.39691467,-3.732744925,20,0,0
s1-load80,shortest_estimate+topology_aware+none,fifo+first_fit+none,wflow_sum_all,20,-14789.17696,-22106.22806,-7472.125854,20,0,0
s1-load80,shortest_estimate+topology_aware+none,fifo+first_fit+none,large_wait_mean,20,-3855.068276,-5969.40114,-1740.735413,20,0,0
s1-load80,shortest_estimate+topology_aware+none,fifo+first_fit+none,large_wait_p95,20,-6018.61475,-7943.729234,-4093.500266,20,0,0
s1-load80,shortest_estimate+topology_aware+none,fifo+first_fit+none,utilization,20,0.002135496127,-0.005777354748,0.010048347,10,0,10
s1-load80,shortest_estimate+topology_aware+none,fifo+first_fit+none,frag_blocked_frac,20,-0.2158547038,-0.2564376517,-0.175271756,20,0,0
s1-load80,shortest_estimate+topology_aware+none,fifo+first_fit+none,stranded_frac,20,-0.04371309789,-0.05312486476,-0.03430133102,20,0,0
s1-load80,shortest_estimate+topology_aware+none,fifo+first_fit+none,goodput_ratio,20,0.01221095022,0.009148959713,0.01527294073,20,0,0
s1-load80,shortest_estimate+topology_aware+none,fifo+first_fit+none,wasted_gpu_hours,20,-60.51235167,-76.58216486,-44.44253847,20,0,0
s1-load80,shortest_estimate+topology_aware+none,fifo+first_fit+none,lost_gpu_hours,20,0,0,0,0,20,0
s1-load80,shortest_estimate+topology_aware+none,fifo+first_fit+none,overhead_gpu_hours,20,0,0,0,0,20,0
s1-load80,shortest_estimate+topology_aware+none,fifo+first_fit+none,topology_gpu_hours,20,-60.51231684,-76.58212531,-44.44250836,20,0,0
s1-load80,shortest_estimate+topology_aware+none,fifo+first_fit+none,slack_gpu_hours,20,-3.483030304e-05,-4.182251094e-05,-2.783809513e-05,20,0,0
s1-load80,shortest_estimate+topology_aware+none,fifo+first_fit+none,preemptions,20,0,0,0,0,20,0
s1-load80,shortest_estimate+topology_aware+none,fifo+first_fit+none,failure_kills,20,0,0,0,0,20,0
s1-load80,shortest_estimate+topology_aware+none,fifo+first_fit+none,node_downtime_gpu_hours,20,0,0,0,0,20,0
s1-load80,shortest_estimate+topology_aware+none,fifo+first_fit+none,jain_bsld,20,0.04491854573,0.02476060529,0.06507648618,20,0,0
s1-load80,shortest_estimate+topology_aware+none,fifo+first_fit+none,tenant_worst_best_ratio,20,-0.6224406856,-0.8386137512,-0.4062676201,20,0,0
s1-load80,shortest_estimate+topology_aware+none,fifo+first_fit+none,slo_attainment,20,0.2777162581,0.15576864,0.3996638761,20,0,0
s1-load80,shortest_estimate+topology_aware+none,fifo+first_fit+none,makespan,20,-2279.28335,-4447.184824,-111.3818761,12,5,3
s1-load80,shortest_estimate+topology_aware+none,fifo+first_fit+none,reservations,20,0,0,0,0,20,0
s1-load80,shortest_estimate+topology_aware+none,fifo+first_fit+none,broken_reservations,20,0,0,0,0,20,0
s1-load80,shortest_estimate+topology_aware+none,fifo+first_fit+none,tenant_t0_bsld_mean,20,-7.894146077,-12.2589698,-3.529322354,20,0,0
s1-load80,shortest_estimate+topology_aware+none,fifo+first_fit+none,tenant_t0_bsld_p95,20,-34.16893722,-52.25281241,-16.08506202,20,0,0
s1-load80,shortest_estimate+topology_aware+none,fifo+first_fit+none,tenant_t1_bsld_mean,20,-7.188396119,-10.77012586,-3.606666376,20,0,0
s1-load80,shortest_estimate+topology_aware+none,fifo+first_fit+none,tenant_t1_bsld_p95,20,-29.01715173,-41.56201997,-16.47228348,20,0,0
s1-load80,shortest_estimate+topology_aware+none,fifo+first_fit+none,tenant_t2_bsld_mean,20,-7.956452241,-12.18391829,-3.728986196,20,0,0
s1-load80,shortest_estimate+topology_aware+none,fifo+first_fit+none,tenant_t2_bsld_p95,20,-32.87137034,-48.10935662,-17.63338405,20,0,0
s1-load80,shortest_estimate+topology_aware+none,fifo+first_fit+none,tenant_t3_bsld_mean,20,-6.851885349,-10.35511825,-3.348652451,20,0,0
s1-load80,shortest_estimate+topology_aware+none,fifo+first_fit+none,tenant_t3_bsld_p95,20,-27.87063021,-39.33477432,-16.40648609,20,0,0
s1-load80,shortest_estimate+topology_aware+none,fifo+first_fit+none,prio_1_wait_p95,20,-7056.31415,-9272.80655,-4839.82175,20,0,0
s1-load80,shortest_estimate+topology_aware+none,fifo+first_fit+none,prio_1_bsld_p95,20,-31.8916774,-46.67508298,-17.10827183,20,0,0
s1-load80,shortest_estimate+topology_aware+none,fifo+first_fit+none,prio_8_wait_p95,20,-7224.8201,-9587.175772,-4862.464428,19,0,1
s1-load95,drf+topology_aware+easy_predicted,fifo+first_fit+none,J,20,-2.09406566,-2.470325089,-1.717806231,20,0,0
s1-load95,drf+topology_aware+easy_predicted,fifo+first_fit+none,J_slowdown,20,-0.7563924345,-0.9440308081,-0.5687540609,20,0,0
s1-load95,drf+topology_aware+easy_predicted,fifo+first_fit+none,J_wait,20,-0.6806839534,-0.8550590311,-0.5063088756,20,0,0
s1-load95,drf+topology_aware+easy_predicted,fifo+first_fit+none,J_waste,20,-0.007057240721,-0.009462444964,-0.004652036477,19,0,1
s1-load95,drf+topology_aware+easy_predicted,fifo+first_fit+none,J_slo,20,-0.697260723,-0.7919053026,-0.6026161435,20,0,0
s1-load95,drf+topology_aware+easy_predicted,fifo+first_fit+none,J_fairness,20,0.04732869166,-0.006300673267,0.1009580566,9,0,11
s1-load95,drf+topology_aware+easy_predicted,fifo+first_fit+none,wait_mean,20,-13984.5601,-17971.15682,-9997.963393,20,0,0
s1-load95,drf+topology_aware+easy_predicted,fifo+first_fit+none,wait_p95,20,-20175.5188,-25344.008,-15007.0296,20,0,0
s1-load95,drf+topology_aware+easy_predicted,fifo+first_fit+none,wait_p99,20,9251.8949,-666.9374863,19170.72729,7,0,13
s1-load95,drf+topology_aware+easy_predicted,fifo+first_fit+none,jct_mean,20,-13990.35295,-17977.64385,-10003.06206,20,0,0
s1-load95,drf+topology_aware+easy_predicted,fifo+first_fit+none,jct_p95,20,-15334.71415,-19736.40029,-10933.02801,20,0,0
s1-load95,drf+topology_aware+easy_predicted,fifo+first_fit+none,bsld_mean,20,-24.54686497,-30.99017609,-18.10355384,20,0,0
s1-load95,drf+topology_aware+easy_predicted,fifo+first_fit+none,bsld_p95,20,-97.23791922,-121.359743,-73.11609543,20,0,0
s1-load95,drf+topology_aware+easy_predicted,fifo+first_fit+none,bsld_p99,20,-212.2605359,-264.5156262,-160.0054456,20,0,0
s1-load95,drf+topology_aware+easy_predicted,fifo+first_fit+none,wflow_mean,20,-24.54686497,-30.99017609,-18.10355384,20,0,0
s1-load95,drf+topology_aware+easy_predicted,fifo+first_fit+none,wflow_sum_all,20,-49259.93023,-61554.30627,-36965.55419,20,0,0
s1-load95,drf+topology_aware+easy_predicted,fifo+first_fit+none,large_wait_mean,20,-9165.848928,-11974.71388,-6356.983973,20,0,0
s1-load95,drf+topology_aware+easy_predicted,fifo+first_fit+none,large_wait_p95,20,9387.4873,-319.1141907,19094.08879,7,0,13
s1-load95,drf+topology_aware+easy_predicted,fifo+first_fit+none,utilization,20,0.07076738405,0.05942433324,0.08211043486,20,0,0
s1-load95,drf+topology_aware+easy_predicted,fifo+first_fit+none,frag_blocked_frac,20,-0.3997263493,-0.4308350614,-0.3686176372,20,0,0
s1-load95,drf+topology_aware+easy_predicted,fifo+first_fit+none,stranded_frac,20,-0.02441074674,-0.03882021823,-0.01000127524,16,0,4
s1-load95,drf+topology_aware+easy_predicted,fifo+first_fit+none,goodput_ratio,20,0.007057240721,0.004652036477,0.009462444964,19,0,1
s1-load95,drf+topology_aware+easy_predicted,fifo+first_fit+none,wasted_gpu_hours,20,-38.380011,-54.52695383,-22.23306817,19,0,1
s1-load95,drf+topology_aware+easy_predicted,fifo+first_fit+none,lost_gpu_hours,20,0,0,0,0,20,0
s1-load95,drf+topology_aware+easy_predicted,fifo+first_fit+none,overhead_gpu_hours,20,0,0,0,0,20,0
s1-load95,drf+topology_aware+easy_predicted,fifo+first_fit+none,topology_gpu_hours,20,-38.37999036,-54.5269314,-22.23304931,19,0,1
s1-load95,drf+topology_aware+easy_predicted,fifo+first_fit+none,slack_gpu_hours,20,-2.064040405e-05,-2.578497027e-05,-1.549583783e-05,19,0,1
s1-load95,drf+topology_aware+easy_predicted,fifo+first_fit+none,preemptions,20,0,0,0,0,20,0
s1-load95,drf+topology_aware+easy_predicted,fifo+first_fit+none,failure_kills,20,0,0,0,0,20,0
s1-load95,drf+topology_aware+easy_predicted,fifo+first_fit+none,node_downtime_gpu_hours,20,0,0,0,0,20,0
s1-load95,drf+topology_aware+easy_predicted,fifo+first_fit+none,jain_bsld,20,-0.04732869166,-0.1009580566,0.006300673267,9,0,11
s1-load95,drf+topology_aware+easy_predicted,fifo+first_fit+none,tenant_worst_best_ratio,20,0.5633609968,-0.1466113519,1.273333345,9,0,11
s1-load95,drf+topology_aware+easy_predicted,fifo+first_fit+none,slo_attainment,20,0.697260723,0.6026161435,0.7919053026,20,0,0
s1-load95,drf+topology_aware+easy_predicted,fifo+first_fit+none,makespan,20,-21073.53785,-25728.24911,-16418.82659,19,0,1
s1-load95,drf+topology_aware+easy_predicted,fifo+first_fit+none,reservations,20,220.8,209.0543056,232.5456944,0,0,20
s1-load95,drf+topology_aware+easy_predicted,fifo+first_fit+none,broken_reservations,20,124.9,117.1919202,132.6080798,0,0,20
s1-load95,drf+topology_aware+easy_predicted,fifo+first_fit+none,tenant_t0_bsld_mean,20,-24.54607314,-32.35684261,-16.73530368,20,0,0
s1-load95,drf+topology_aware+easy_predicted,fifo+first_fit+none,tenant_t0_bsld_p95,20,-99.37813798,-133.151988,-65.60428792,20,0,0
s1-load95,drf+topology_aware+easy_predicted,fifo+first_fit+none,tenant_t1_bsld_mean,20,-23.21871303,-29.57990662,-16.85751945,20,0,0
s1-load95,drf+topology_aware+easy_predicted,fifo+first_fit+none,tenant_t1_bsld_p95,20,-90.59627782,-114.727635,-66.46492061,20,0,0
s1-load95,drf+topology_aware+easy_predicted,fifo+first_fit+none,tenant_t2_bsld_mean,20,-27.41260806,-36.02744451,-18.7977716,20,0,0
s1-load95,drf+topology_aware+easy_predicted,fifo+first_fit+none,tenant_t2_bsld_p95,20,-104.7625639,-135.0072533,-74.51787462,20,0,0
s1-load95,drf+topology_aware+easy_predicted,fifo+first_fit+none,tenant_t3_bsld_mean,20,-23.89502414,-30.80411187,-16.98593641,20,0,0
s1-load95,drf+topology_aware+easy_predicted,fifo+first_fit+none,tenant_t3_bsld_p95,20,-93.11445855,-119.7338231,-66.49509399,20,0,0
s1-load95,drf+topology_aware+easy_predicted,fifo+first_fit+none,prio_1_wait_p95,20,-10370.88255,-17006.77425,-3734.990854,17,0,3
s1-load95,drf+topology_aware+easy_predicted,fifo+first_fit+none,prio_1_bsld_p95,20,-93.07682368,-117.7029319,-68.4507155,20,0,0
s1-load95,drf+topology_aware+easy_predicted,fifo+first_fit+none,prio_8_wait_p95,20,-25590.78155,-31456.57708,-19724.98602,20,0,0
s1-load95,fifo+topology_aware+easy_predicted,fifo+first_fit+none,J,20,-2.03448365,-2.37303146,-1.69593584,20,0,0
s1-load95,fifo+topology_aware+easy_predicted,fifo+first_fit+none,J_slowdown,20,-0.7220087224,-0.895595194,-0.5484222508,20,0,0
s1-load95,fifo+topology_aware+easy_predicted,fifo+first_fit+none,J_wait,20,-0.6587094543,-0.801436125,-0.5159827837,20,0,0
s1-load95,fifo+topology_aware+easy_predicted,fifo+first_fit+none,J_waste,20,-0.0103910554,-0.01375407291,-0.007028037898,20,0,0
s1-load95,fifo+topology_aware+easy_predicted,fifo+first_fit+none,J_slo,20,-0.5897685822,-0.6732313793,-0.5063057851,20,0,0
s1-load95,fifo+topology_aware+easy_predicted,fifo+first_fit+none,J_fairness,20,-0.05360583577,-0.07266010896,-0.03455156258,19,0,1
s1-load95,fifo+topology_aware+easy_predicted,fifo+first_fit+none,wait_mean,20,-13544.53743,-17197.78051,-9891.294347,20,0,0
s1-load95,fifo+topology_aware+easy_predicted,fifo+first_fit+none,wait_p95,20,-19524.19315,-23754.6214,-15293.7649,20,0,0
s1-load95,fifo+topology_aware+easy_predicted,fifo+first_fit+none,wait_p99,20,-17347.76745,-20927.70349,-13767.83141,20,0,0
s1-load95,fifo+topology_aware+easy_predicted,fifo+first_fit+none,jct_mean,20,-13553.86501,-17208.13454,-9899.595487,20,0,0
s1-load95,fifo+topology_aware+easy_predicted,fifo+first_fit+none,jct_p95,20,-17480.925,-21364.01946,-13597.83054,20,0,0
s1-load95,fifo+topology_aware+easy_predicted,fifo+first_fit+none,bsld_mean,20,-23.53222193,-29.4370834,-17.62736046,20,0,0
s1-load95,fifo+topology_aware+easy_predicted,fifo+first_fit+none,bsld_p95,20,-92.81772611,-115.1331097,-70.50234255,20,0,0
s1-load95,fifo+topology_aware+easy_predicted,fifo+first_fit+none,bsld_p99,20,-215.3278188,-266.8172729,-163.8383647,20,0,0
s1-load95,fifo+topology_aware+easy_predicted,fifo+first_fit+none,wflow_mean,20,-23.53222193,-29.4370834,-17.62736046,20,0,0
s1-load95,fifo+topology_aware+easy_predicted,fifo+first_fit+none,wflow_sum_all,20,-47148.4163,-58508.6113,-35788.2213,20,0,0
s1-load95,fifo+topology_aware+easy_predicted,fifo+first_fit+none,large_wait_mean,20,-10710.63349,-13509.55486,-7911.712116,20,0,0
s1-load95,fifo+topology_aware+easy_predicted,fifo+first_fit+none,large_wait_p95,20,-16010.6644,-19465.73086,-12555.59794,20,0,0
s1-load95,fifo+topology_aware+easy_predicted,fifo+first_fit+none,utilization,20,0.09639027645,0.07906011912,0.1137204338,20,0,0
s1-load95,fifo+topology_aware+easy_predicted,fifo+first_fit+none,frag_blocked_frac,20,-0.5922105284,-0.6304397669,-0.5539812899,20,0,0
s1-load95,fifo+topology_aware+easy_predicted,fifo+first_fit+none,stranded_frac,20,-0.0496932429,-0.06714183046,-0.03224465534,18,0,2
s1-load95,fifo+topology_aware+easy_predicted,fifo+first_fit+none,goodput_ratio,20,0.0103910554,0.007028037898,0.01375407291,20,0,0
s1-load95,fifo+topology_aware+easy_predicted,fifo+first_fit+none,wasted_gpu_hours,20,-55.40216733,-77.1489029,-33.65543176,20,0,0
s1-load95,fifo+topology_aware+easy_predicted,fifo+first_fit+none,lost_gpu_hours,20,0,0,0,0,20,0
s1-load95,fifo+topology_aware+easy_predicted,fifo+first_fit+none,overhead_gpu_hours,20,0,0,0,0,20,0
s1-load95,fifo+topology_aware+easy_predicted,fifo+first_fit+none,topology_gpu_hours,20,-55.40214331,-77.14887375,-33.65541287,20,0,0
s1-load95,fifo+topology_aware+easy_predicted,fifo+first_fit+none,slack_gpu_hours,20,-2.402424243e-05,-3.093288462e-05,-1.711560025e-05,20,0,0
s1-load95,fifo+topology_aware+easy_predicted,fifo+first_fit+none,preemptions,20,0,0,0,0,20,0
s1-load95,fifo+topology_aware+easy_predicted,fifo+first_fit+none,failure_kills,20,0,0,0,0,20,0
s1-load95,fifo+topology_aware+easy_predicted,fifo+first_fit+none,node_downtime_gpu_hours,20,0,0,0,0,20,0
s1-load95,fifo+topology_aware+easy_predicted,fifo+first_fit+none,jain_bsld,20,0.05360583577,0.03455156258,0.07266010896,19,0,1
s1-load95,fifo+topology_aware+easy_predicted,fifo+first_fit+none,tenant_worst_best_ratio,20,-0.6617572455,-0.858971863,-0.4645426281,19,0,1
s1-load95,fifo+topology_aware+easy_predicted,fifo+first_fit+none,slo_attainment,20,0.5897685822,0.5063057851,0.6732313793,20,0,0
s1-load95,fifo+topology_aware+easy_predicted,fifo+first_fit+none,makespan,20,-23878.34295,-28178.0384,-19578.6475,20,0,0
s1-load95,fifo+topology_aware+easy_predicted,fifo+first_fit+none,reservations,20,202.05,188.253515,215.846485,0,0,20
s1-load95,fifo+topology_aware+easy_predicted,fifo+first_fit+none,broken_reservations,20,92.2,84.89001206,99.50998794,0,0,20
s1-load95,fifo+topology_aware+easy_predicted,fifo+first_fit+none,tenant_t0_bsld_mean,20,-24.25521992,-31.68792006,-16.82251978,20,0,0
s1-load95,fifo+topology_aware+easy_predicted,fifo+first_fit+none,tenant_t0_bsld_p95,20,-99.44069126,-131.5651048,-67.31627776,20,0,0
s1-load95,fifo+topology_aware+easy_predicted,fifo+first_fit+none,tenant_t1_bsld_mean,20,-22.29155266,-28.03368813,-16.54941719,20,0,0
s1-load95,fifo+topology_aware+easy_predicted,fifo+first_fit+none,tenant_t1_bsld_p95,20,-87.13138857,-108.9634351,-65.29934201,20,0,0
s1-load95,fifo+topology_aware+easy_predicted,fifo+first_fit+none,tenant_t2_bsld_mean,20,-25.2831231,-32.97975123,-17.58649497,20,0,0
s1-load95,fifo+topology_aware+easy_predicted,fifo+first_fit+none,tenant_t2_bsld_p95,20,-95.44322937,-122.1785946,-68.70786412,20,0,0
s1-load95,fifo+topology_aware+easy_predicted,fifo+first_fit+none,tenant_t3_bsld_mean,20,-21.87817754,-28.11688137,-15.6394737,20,0,0
s1-load95,fifo+topology_aware+easy_predicted,fifo+first_fit+none,tenant_t3_bsld_p95,20,-84.07433941,-109.5683785,-58.58030028,20,0,0
s1-load95,fifo+topology_aware+easy_predicted,fifo+first_fit+none,prio_1_wait_p95,20,-19534.3395,-23823.92237,-15244.75663,20,0,0
s1-load95,fifo+topology_aware+easy_predicted,fifo+first_fit+none,prio_1_bsld_p95,20,-93.25792164,-117.1671662,-69.34867708,20,0,0
s1-load95,fifo+topology_aware+easy_predicted,fifo+first_fit+none,prio_8_wait_p95,20,-19353.5259,-23476.26958,-15230.78222,20,0,0
s1-load95,priority+topology_aware+easy_predicted,fifo+first_fit+none,J,20,-2.03564467,-2.373449648,-1.697839692,20,0,0
s1-load95,priority+topology_aware+easy_predicted,fifo+first_fit+none,J_slowdown,20,-0.7169356021,-0.8886414953,-0.545229709,20,0,0
s1-load95,priority+topology_aware+easy_predicted,fifo+first_fit+none,J_wait,20,-0.6150198214,-0.7558034534,-0.4742361893,20,0,0
s1-load95,priority+topology_aware+easy_predicted,fifo+first_fit+none,J_waste,20,-0.008965135998,-0.01185748731,-0.006072784682,20,0,0
s1-load95,priority+topology_aware+easy_predicted,fifo+first_fit+none,J_slo,20,-0.6444412779,-0.7294607687,-0.5594217872,20,0,0
s1-load95,priority+topology_aware+easy_predicted,fifo+first_fit+none,J_fairness,20,-0.05028283292,-0.07021887394,-0.03034679189,18,0,2
s1-load95,priority+topology_aware+easy_predicted,fifo+first_fit+none,wait_mean,20,-13514.08086,-17090.739,-9937.422729,20,0,0
s1-load95,priority+topology_aware+easy_predicted,fifo+first_fit+none,wait_p95,20,-18229.22945,-22402.06591,-14056.39299,20,0,0
s1-load95,priority+topology_aware+easy_predicted,fifo+first_fit+none,wait_p99,20,-14869.54275,-18778.66694,-10960.41856,20,0,0
s1-load95,priority+topology_aware+easy_predicted,fifo+first_fit+none,jct_mean,20,-13521.54052,-17099.59587,-9943.485176,20,0,0
s1-load95,priority+topology_aware+easy_predicted,fifo+first_fit+none,jct_p95,20,-16297.2802,-20150.32924,-12444.23116,20,0,0
s1-load95,priority+topology_aware+easy_predicted,fifo+first_fit+none,bsld_mean,20,-23.57657099,-29.44390787,-17.70923411,20,0,0
s1-load95,priority+topology_aware+easy_predicted,fifo+first_fit+none,bsld_p95,20,-92.16555188,-114.239178,-70.0919258,20,0,0
s1-load95,priority+topology_aware+easy_predicted,fifo+first_fit+none,bsld_p99,20,-212.2174834,-264.2008527,-160.2341141,20,0,0
s1-load95,priority+topology_aware+easy_predicted,fifo+first_fit+none,wflow_mean,20,-23.57657099,-29.44390787,-17.70923411,20,0,0
s1-load95,priority+topology_aware+easy_predicted,fifo+first_fit+none,wflow_sum_all,20,-47210.63526,-58514.16067,-35907.10986,20,0,0
s1-load95,priority+topology_aware+easy_predicted,fifo+first_fit+none,large_wait_mean,20,-10058.1674,-12860.32632,-7256.008478,20,0,0
s1-load95,priority+topology_aware+easy_predicted,fifo+first_fit+none,large_wait_p95,20,-13650.98815,-17441.24992,-9860.726379,20,0,0
s1-load95,priority+topology_aware+easy_predicted,fifo+first_fit+none,utilization,20,0.09280904176,0.07589360558,0.1097244779,20,0,0
s1-load95,priority+topology_aware+easy_predicted,fifo+first_fit+none,frag_blocked_frac,20,-0.5258607632,-0.5738431283,-0.4778783982,20,0,0
s1-load95,priority+topology_aware+easy_predicted,fifo+first_fit+none,stranded_frac,20,-0.03848007828,-0.05390315635,-0.0230570002,17,0,3
s1-load95,priority+topology_aware+easy_predicted,fifo+first_fit+none,goodput_ratio,20,0.008965135998,0.006072784682,0.01185748731,20,0,0
s1-load95,priority+topology_aware+easy_predicted,fifo+first_fit+none,wasted_gpu_hours,20,-46.28637556,-63.56983762,-29.00291349,20,0,0
s1-load95,priority+topology_aware+easy_predicted,fifo+first_fit+none,lost_gpu_hours,20,0,0,0,0,20,0
s1-load95,priority+topology_aware+easy_predicted,fifo+first_fit+none,overhead_gpu_hours,20,0,0,0,0,20,0
s1-load95,priority+topology_aware+easy_predicted,fifo+first_fit+none,topology_gpu_hours,20,-46.28635285,-63.56981162,-29.00289409,20,0,0
s1-load95,priority+topology_aware+easy_predicted,fifo+first_fit+none,slack_gpu_hours,20,-2.270101011e-05,-2.693604047e-05,-1.846597975e-05,20,0,0
s1-load95,priority+topology_aware+easy_predicted,fifo+first_fit+none,preemptions,20,0,0,0,0,20,0
s1-load95,priority+topology_aware+easy_predicted,fifo+first_fit+none,failure_kills,20,0,0,0,0,20,0
s1-load95,priority+topology_aware+easy_predicted,fifo+first_fit+none,node_downtime_gpu_hours,20,0,0,0,0,20,0
s1-load95,priority+topology_aware+easy_predicted,fifo+first_fit+none,jain_bsld,20,0.05028283292,0.03034679189,0.07021887394,18,0,2
s1-load95,priority+topology_aware+easy_predicted,fifo+first_fit+none,tenant_worst_best_ratio,20,-0.6138805494,-0.8108992492,-0.4168618495,19,0,1
s1-load95,priority+topology_aware+easy_predicted,fifo+first_fit+none,slo_attainment,20,0.6444412779,0.5594217872,0.7294607687,20,0,0
s1-load95,priority+topology_aware+easy_predicted,fifo+first_fit+none,makespan,20,-23259.1303,-27296.38001,-19221.88059,20,0,0
s1-load95,priority+topology_aware+easy_predicted,fifo+first_fit+none,reservations,20,211.55,200.623065,222.476935,0,0,20
s1-load95,priority+topology_aware+easy_predicted,fifo+first_fit+none,broken_reservations,20,93,87.52518945,98.47481055,0,0,20
s1-load95,priority+topology_aware+easy_predicted,fifo+first_fit+none,tenant_t0_bsld_mean,20,-24.31118476,-31.7070066,-16.91536293,20,0,0
s1-load95,priority+topology_aware+easy_predicted,fifo+first_fit+none,tenant_t0_bsld_p95,20,-98.97314479,-131.2825329,-66.66375665,20,0,0
s1-load95,priority+topology_aware+easy_predicted,fifo+first_fit+none,tenant_t1_bsld_mean,20,-22.30824058,-28.04019562,-16.57628554,20,0,0
s1-load95,priority+topology_aware+easy_predicted,fifo+first_fit+none,tenant_t1_bsld_p95,20,-86.78283521,-108.6730326,-64.89263784,20,0,0
s1-load95,priority+topology_aware+easy_predicted,fifo+first_fit+none,tenant_t2_bsld_mean,20,-25.44412193,-33.19880117,-17.6894427,20,0,0
s1-load95,priority+topology_aware+easy_predicted,fifo+first_fit+none,tenant_t2_bsld_p95,20,-95.60939953,-122.3627746,-68.85602447,20,0,0
s1-load95,priority+topology_aware+easy_predicted,fifo+first_fit+none,tenant_t3_bsld_mean,20,-21.7208643,-27.75222991,-15.6894987,20,0,0
s1-load95,priority+topology_aware+easy_predicted,fifo+first_fit+none,tenant_t3_bsld_p95,20,-82.32573516,-107.1638897,-57.48758067,20,0,0
s1-load95,priority+topology_aware+easy_predicted,fifo+first_fit+none,prio_1_wait_p95,20,-16072.50755,-20095.9072,-12049.1079,20,0,0
s1-load95,priority+topology_aware+easy_predicted,fifo+first_fit+none,prio_1_bsld_p95,20,-89.79261919,-112.9815565,-66.60368185,20,0,0
s1-load95,priority+topology_aware+easy_predicted,fifo+first_fit+none,prio_8_wait_p95,20,-23956.463,-28743.34987,-19169.57613,20,0,0
s1-load95,shortest_estimate+best_fit+easy_predicted,fifo+first_fit+none,J,20,-2.43827464,-2.909935546,-1.966613735,20,0,0
s1-load95,shortest_estimate+best_fit+easy_predicted,fifo+first_fit+none,J_slowdown,20,-0.7944905817,-0.9940109669,-0.5949701965,20,0,0
s1-load95,shortest_estimate+best_fit+easy_predicted,fifo+first_fit+none,J_wait,20,-0.8745061255,-1.087545297,-0.6614669539,20,0,0
s1-load95,shortest_estimate+best_fit+easy_predicted,fifo+first_fit+none,J_waste,20,0.001732394553,-0.0006953184808,0.004160107587,7,0,13
s1-load95,shortest_estimate+best_fit+easy_predicted,fifo+first_fit+none,J_slo,20,-0.7043546364,-0.803133565,-0.6055757077,20,0,0
s1-load95,shortest_estimate+best_fit+easy_predicted,fifo+first_fit+none,J_fairness,20,-0.06665569155,-0.09037136659,-0.04294001651,19,0,1
s1-load95,shortest_estimate+best_fit+easy_predicted,fifo+first_fit+none,wait_mean,20,-14886.39373,-19264.53322,-10508.25425,20,0,0
s1-load95,shortest_estimate+best_fit+easy_predicted,fifo+first_fit+none,wait_p95,20,-25920.4212,-32234.91678,-19605.92562,20,0,0
s1-load95,shortest_estimate+best_fit+easy_predicted,fifo+first_fit+none,wait_p99,20,-14164.9978,-20427.56468,-7902.43092,19,0,1
s1-load95,shortest_estimate+best_fit+easy_predicted,fifo+first_fit+none,jct_mean,20,-14883.67954,-19261.77671,-10505.58237,20,0,0
s1-load95,shortest_estimate+best_fit+easy_predicted,fifo+first_fit+none,jct_p95,20,-20622.8955,-26228.31584,-15017.47516,20,0,0
s1-load95,shortest_estimate+best_fit+easy_predicted,fifo+first_fit+none,bsld_mean,20,-25.69364326,-32.48976404,-18.89752248,20,0,0
s1-load95,shortest_estimate+best_fit+easy_predicted,fifo+first_fit+none,bsld_p95,20,-102.135621,-127.784935,-76.48630692,20,0,0
s1-load95,shortest_estimate+best_fit+easy_predicted,fifo+first_fit+none,bsld_p99,20,-235.1254028,-292.2314348,-178.0193707,20,0,0
s1-load95,shortest_estimate+best_fit+easy_predicted,fifo+first_fit+none,wflow_mean,20,-25.69364326,-32.48976404,-18.89752248,20,0,0
s1-load95,shortest_estimate+best_fit+easy_predicted,fifo+first_fit+none,wflow_sum_all,20,-51337.60239,-64332.52342,-38342.68136,20,0,0
s1-load95,shortest_estimate+best_fit+easy_predicted,fifo+first_fit+none,large_wait_mean,20,-13039.90023,-17216.69717,-8863.103292,20,0,0
s1-load95,shortest_estimate+best_fit+easy_predicted,fifo+first_fit+none,large_wait_p95,20,-13929.8854,-20043.99992,-7815.770881,19,0,1
s1-load95,shortest_estimate+best_fit+easy_predicted,fifo+first_fit+none,utilization,20,0.054455858,0.04545511602,0.06345659998,20,0,0
s1-load95,shortest_estimate+best_fit+easy_predicted,fifo+first_fit+none,frag_blocked_frac,20,-0.3474495684,-0.3865750993,-0.3083240375,20,0,0
s1-load95,shortest_estimate+best_fit+easy_predicted,fifo+first_fit+none,stranded_frac,20,-0.03262772839,-0.04006545052,-0.02519000627,20,0,0
s1-load95,shortest_estimate+best_fit+easy_predicted,fifo+first_fit+none,goodput_ratio,20,-0.001732394553,-0.004160107587,0.0006953184808,7,0,13
s1-load95,shortest_estimate+best_fit+easy_predicted,fifo+first_fit+none,wasted_gpu_hours,20,9.528071556,-1.844902065,20.90104518,7,0,13
s1-load95,shortest_estimate+best_fit+easy_predicted,fifo+first_fit+none,lost_gpu_hours,20,0,0,0,0,20,0
s1-load95,shortest_estimate+best_fit+easy_predicted,fifo+first_fit+none,overhead_gpu_hours,20,0,0,0,0,20,0
s1-load95,shortest_estimate+best_fit+easy_predicted,fifo+first_fit+none,topology_gpu_hours,20,9.528067911,-1.844904265,20.90104009,7,0,13
s1-load95,shortest_estimate+best_fit+easy_predicted,fifo+first_fit+none,slack_gpu_hours,20,3.644444445e-06,-2.340532463e-07,7.522942136e-06,9,0,11
s1-load95,shortest_estimate+best_fit+easy_predicted,fifo+first_fit+none,preemptions,20,0,0,0,0,20,0
s1-load95,shortest_estimate+best_fit+easy_predicted,fifo+first_fit+none,failure_kills,20,0,0,0,0,20,0
s1-load95,shortest_estimate+best_fit+easy_predicted,fifo+first_fit+none,node_downtime_gpu_hours,20,0,0,0,0,20,0
s1-load95,shortest_estimate+best_fit+easy_predicted,fifo+first_fit+none,jain_bsld,20,0.06665569155,0.04294001651,0.09037136659,19,0,1
s1-load95,shortest_estimate+best_fit+easy_predicted,fifo+first_fit+none,tenant_worst_best_ratio,20,-0.8756032161,-1.115312286,-0.6358941462,19,0,1
s1-load95,shortest_estimate+best_fit+easy_predicted,fifo+first_fit+none,slo_attainment,20,0.7043546364,0.6055757077,0.803133565,20,0,0
s1-load95,shortest_estimate+best_fit+easy_predicted,fifo+first_fit+none,makespan,20,-10712.7628,-17163.60296,-4261.922639,16,0,4
s1-load95,shortest_estimate+best_fit+easy_predicted,fifo+first_fit+none,reservations,20,277.7,263.8988156,291.5011844,0,0,20
s1-load95,shortest_estimate+best_fit+easy_predicted,fifo+first_fit+none,broken_reservations,20,141.85,134.1773354,149.5226646,0,0,20
s1-load95,shortest_estimate+best_fit+easy_predicted,fifo+first_fit+none,tenant_t0_bsld_mean,20,-26.37093704,-34.64993465,-18.09193943,20,0,0
s1-load95,shortest_estimate+best_fit+easy_predicted,fifo+first_fit+none,tenant_t0_bsld_p95,20,-108.8471082,-144.1322491,-73.56196727,20,0,0
s1-load95,shortest_estimate+best_fit+easy_predicted,fifo+first_fit+none,tenant_t1_bsld_mean,20,-24.4396462,-31.07876961,-17.80052278,20,0,0
s1-load95,shortest_estimate+best_fit+easy_predicted,fifo+first_fit+none,tenant_t1_bsld_p95,20,-96.48632908,-121.6691345,-71.30352363,20,0,0
s1-load95,shortest_estimate+best_fit+easy_predicted,fifo+first_fit+none,tenant_t2_bsld_mean,20,-27.6160497,-36.21846128,-19.01363812,20,0,0
s1-load95,shortest_estimate+best_fit+easy_predicted,fifo+first_fit+none,tenant_t2_bsld_p95,20,-105.5575899,-135.8229332,-75.29224669,20,0,0
s1-load95,shortest_estimate+best_fit+easy_predicted,fifo+first_fit+none,tenant_t3_bsld_mean,20,-23.94987882,-30.87912232,-17.02063531,20,0,0
s1-load95,shortest_estimate+best_fit+easy_predicted,fifo+first_fit+none,tenant_t3_bsld_p95,20,-93.08295111,-119.7487106,-66.41719162,20,0,0
s1-load95,shortest_estimate+best_fit+easy_predicted,fifo+first_fit+none,prio_1_wait_p95,20,-25841.7353,-32171.89683,-19511.57377,20,0,0
s1-load95,shortest_estimate+best_fit+easy_predicted,fifo+first_fit+none,prio_1_bsld_p95,20,-102.7448142,-130.0775456,-75.41208268,20,0,0
s1-load95,shortest_estimate+best_fit+easy_predicted,fifo+first_fit+none,prio_8_wait_p95,20,-25370.33615,-31733.10697,-19007.56533,20,0,0
s1-load95,shortest_estimate+first_fit+easy_predicted,fifo+first_fit+none,J,20,-2.436835783,-2.906395222,-1.967276345,20,0,0
s1-load95,shortest_estimate+first_fit+easy_predicted,fifo+first_fit+none,J_slowdown,20,-0.7943154891,-0.9937913642,-0.594839614,20,0,0
s1-load95,shortest_estimate+first_fit+easy_predicted,fifo+first_fit+none,J_wait,20,-0.871699224,-1.084212542,-0.659185906,20,0,0
s1-load95,shortest_estimate+first_fit+easy_predicted,fifo+first_fit+none,J_waste,20,0.001005423908,-0.0009329275388,0.002943775354,7,0,13
s1-load95,shortest_estimate+first_fit+easy_predicted,fifo+first_fit+none,J_slo,20,-0.7038961269,-0.8012074991,-0.6065847548,20,0,0
s1-load95,shortest_estimate+first_fit+easy_predicted,fifo+first_fit+none,J_fairness,20,-0.06793036735,-0.09162692986,-0.04423380485,19,0,1
s1-load95,shortest_estimate+first_fit+easy_predicted,fifo+first_fit+none,wait_mean,20,-14881.24292,-19270.51444,-10491.9714,20,0,0
s1-load95,shortest_estimate+first_fit+easy_predicted,fifo+first_fit+none,wait_p95,20,-25837.22445,-32136.13369,-19538.31521,20,0,0
s1-load95,shortest_estimate+first_fit+easy_predicted,fifo+first_fit+none,wait_p99,20,-14926.87275,-21744.17738,-8109.568119,19,0,1
s1-load95,shortest_estimate+first_fit+easy_predicted,fifo+first_fit+none,jct_mean,20,-14879.60388,-19268.79137,-10490.41639,20,0,0
s1-load95,shortest_estimate+first_fit+easy_predicted,fifo+first_fit+none,jct_p95,20,-20486.5466,-26119.01395,-14854.07925,20,0,0
s1-load95,shortest_estimate+first_fit+easy_predicted,fifo+first_fit+none,bsld_mean,20,-25.68723733,-32.48503472,-18.88943994,20,0,0
s1-load95,shortest_estimate+first_fit+easy_predicted,fifo+first_fit+none,bsld_p95,20,-102.113112,-127.756704,-76.46951991,20,0,0
s1-load95,shortest_estimate+first_fit+easy_predicted,fifo+first_fit+none,bsld_p99,20,-235.0549511,-292.2119673,-177.897935,20,0,0
s1-load95,shortest_estimate+first_fit+easy_predicted,fifo+first_fit+none,wflow_mean,20,-25.68723733,-32.48503472,-18.88943994,20,0,0
s1-load95,shortest_estimate+first_fit+easy_predicted,fifo+first_fit+none,wflow_sum_all,20,-51330.11189,-64333.15372,-38327.07006,20,0,0
s1-load95,shortest_estimate+first_fit+easy_predicted,fifo+first_fit+none,large_wait_mean,20,-13014.7112,-17242.89696,-8786.525439,20,0,0
s1-load95,shortest_estimate+first_fit+easy_predicted,fifo+first_fit+none,large_wait_p95,20,-14665.11545,-21372.41062,-7957.820279,19,0,1
s1-load95,shortest_estimate+first_fit+easy_predicted,fifo+first_fit+none,utilization,20,0.05334619051,0.04475844828,0.06193393274,20,0,0
s1-load95,shortest_estimate+first_fit+easy_predicted,fifo+first_fit+none,frag_blocked_frac,20,-0.3066253809,-0.3295355466,-0.2837152152,20,0,0
s1-load95,shortest_estimate+first_fit+easy_predicted,fifo+first_fit+none,stranded_frac,20,-0.01823103052,-0.0256418709,-0.01082019014,19,0,1
s1-load95,shortest_estimate+first_fit+easy_predicted,fifo+first_fit+none,goodput_ratio,20,-0.001005423908,-0.002943775354,0.0009329275388,7,0,13
s1-load95,shortest_estimate+first_fit+easy_predicted,fifo+first_fit+none,wasted_gpu_hours,20,4.011766,-6.002921154,14.02645315,7,0,13
s1-load95,shortest_estimate+first_fit+easy_predicted,fifo+first_fit+none,lost_gpu_hours,20,0,0,0,0,20,0
s1-load95,shortest_estimate+first_fit+easy_predicted,fifo+first_fit+none,overhead_gpu_hours,20,0,0,0,0,20,0
s1-load95,shortest_estimate+first_fit+easy_predicted,fifo+first_fit+none,topology_gpu_hours,20,4.011763974,-6.00292206,14.02645001,7,0,13
s1-load95,shortest_estimate+first_fit+easy_predicted,fifo+first_fit+none,slack_gpu_hours,20,2.026262626e-06,-2.07597486e-06,6.128500112e-06,7,0,13
s1-load95,shortest_estimate+first_fit+easy_predicted,fifo+first_fit+none,preemptions,20,0,0,0,0,20,0
s1-load95,shortest_estimate+first_fit+easy_predicted,fifo+first_fit+none,failure_kills,20,0,0,0,0,20,0
s1-load95,shortest_estimate+first_fit+easy_predicted,fifo+first_fit+none,node_downtime_gpu_hours,20,0,0,0,0,20,0
s1-load95,shortest_estimate+first_fit+easy_predicted,fifo+first_fit+none,jain_bsld,20,0.06793036735,0.04423380485,0.09162692986,19,0,1
s1-load95,shortest_estimate+first_fit+easy_predicted,fifo+first_fit+none,tenant_worst_best_ratio,20,-0.9085807343,-1.154372305,-0.6627891637,19,0,1
s1-load95,shortest_estimate+first_fit+easy_predicted,fifo+first_fit+none,slo_attainment,20,0.7038961269,0.6065847548,0.8012074991,20,0,0
s1-load95,shortest_estimate+first_fit+easy_predicted,fifo+first_fit+none,makespan,20,-9814.7922,-16636.42859,-2993.155814,16,0,4
s1-load95,shortest_estimate+first_fit+easy_predicted,fifo+first_fit+none,reservations,20,290.8,275.8925144,305.7074856,0,0,20
s1-load95,shortest_estimate+first_fit+easy_predicted,fifo+first_fit+none,broken_reservations,20,145.4,137.8742989,152.9257011,0,0,20
s1-load95,shortest_estimate+first_fit+easy_predicted,fifo+first_fit+none,tenant_t0_bsld_mean,20,-26.36021294,-34.64217009,-18.07825579,20,0,0
s1-load95,shortest_estimate+first_fit+easy_predicted,fifo+first_fit+none,tenant_t0_bsld_p95,20,-108.8028985,-144.1003955,-73.50540151,20,0,0
s1-load95,shortest_estimate+first_fit+easy_predicted,fifo+first_fit+none,tenant_t1_bsld_mean,20,-24.44840775,-31.08626408,-17.81055143,20,0,0
s1-load95,shortest_estimate+first_fit+easy_predicted,fifo+first_fit+none,tenant_t1_bsld_p95,20,-96.56461892,-121.7064584,-71.42277941,20,0,0
s1-load95,shortest_estimate+first_fit+easy_predicted,fifo+first_fit+none,tenant_t2_bsld_mean,20,-27.60806798,-36.21877999,-18.99735598,20,0,0
s1-load95,shortest_estimate+first_fit+easy_predicted,fifo+first_fit+none,tenant_t2_bsld_p95,20,-105.4370405,-135.6941459,-75.17993506,20,0,0
s1-load95,shortest_estimate+first_fit+easy_predicted,fifo+first_fit+none,tenant_t3_bsld_mean,20,-23.9183497,-30.84877692,-16.98792247,20,0,0
s1-load95,shortest_estimate+first_fit+easy_predicted,fifo+first_fit+none,tenant_t3_bsld_p95,20,-92.90647233,-119.5577342,-66.25521043,20,0,0
s1-load95,shortest_estimate+first_fit+easy_predicted,fifo+first_fit+none,prio_1_wait_p95,20,-25847.84835,-32221.72888,-19473.96782,20,0,0
s1-load95,shortest_estimate+first_fit+easy_predicted,fifo+first_fit+none,prio_1_bsld_p95,20,-102.7060388,-130.0549571,-75.3571205,20,0,0
s1-load95,shortest_estimate+first_fit+easy_predicted,fifo+first_fit+none,prio_8_wait_p95,20,-25269.16135,-31469.11272,-19069.20998,20,0,0
s1-load95,shortest_estimate+least_fragmentation+easy_predicted,fifo+first_fit+none,J,20,-2.433522393,-2.903040185,-1.964004601,20,0,0
s1-load95,shortest_estimate+least_fragmentation+easy_predicted,fifo+first_fit+none,J_slowdown,20,-0.7938240354,-0.9934587404,-0.5941893305,20,0,0
s1-load95,shortest_estimate+least_fragmentation+easy_predicted,fifo+first_fit+none,J_wait,20,-0.8712814163,-1.081751676,-0.6608111562,20,0,0
s1-load95,shortest_estimate+least_fragmentation+easy_predicted,fifo+first_fit+none,J_waste,20,0.002554666988,0.0004732892995,0.004636044677,5,0,15
s1-load95,shortest_estimate+least_fragmentation+easy_predicted,fifo+first_fit+none,J_slo,20,-0.7031700154,-0.8014540661,-0.6048859647,20,0,0
s1-load95,shortest_estimate+least_fragmentation+easy_predicted,fifo+first_fit+none,J_fairness,20,-0.06780159322,-0.09188090814,-0.0437222783,19,0,1
s1-load95,shortest_estimate+least_fragmentation+easy_predicted,fifo+first_fit+none,wait_mean,20,-14853.62352,-19232.35485,-10474.89219,20,0,0
s1-load95,shortest_estimate+least_fragmentation+easy_predicted,fifo+first_fit+none,wait_p95,20,-25824.8406,-32063.19346,-19586.48774,20,0,0
s1-load95,shortest_estimate+least_fragmentation+easy_predicted,fifo+first_fit+none,wait_p99,20,-13454.47925,-19717.95697,-7191.001531,19,0,1
s1-load95,shortest_estimate+least_fragmentation+easy_predicted,fifo+first_fit+none,jct_mean,20,-14850.6733,-19230.01594,-10471.33067,20,0,0
s1-load95,shortest_estimate+least_fragmentation+easy_predicted,fifo+first_fit+none,jct_p95,20,-20423.36555,-26015.08652,-14831.64458,20,0,0
s1-load95,shortest_estimate+least_fragmentation+easy_predicted,fifo+first_fit+none,bsld_mean,20,-25.68662558,-32.48397238,-18.88927877,20,0,0
s1-load95,shortest_estimate+least_fragmentation+easy_predicted,fifo+first_fit+none,bsld_p95,20,-102.0499332,-127.7139436,-76.38592281,20,0,0
s1-load95,shortest_estimate+least_fragmentation+easy_predicted,fifo+first_fit+none,bsld_p99,20,-234.9160155,-292.0979151,-177.734116,20,0,0
s1-load95,shortest_estimate+least_fragmentation+easy_predicted,fifo+first_fit+none,wflow_mean,20,-25.68662558,-32.48397238,-18.88927877,20,0,0
s1-load95,shortest_estimate+least_fragmentation+easy_predicted,fifo+first_fit+none,wflow_sum_all,20,-51319.13985,-64320.90408,-38317.37563,20,0,0
s1-load95,shortest_estimate+least_fragmentation+easy_predicted,fifo+first_fit+none,large_wait_mean,20,-12875.57874,-17069.62651,-8681.530969,20,0,0
s1-load95,shortest_estimate+least_fragmentation+easy_predicted,fifo+first_fit+none,large_wait_p95,20,-13411.274,-19504.76833,-7317.779668,19,0,1
s1-load95,shortest_estimate+least_fragmentation+easy_predicted,fifo+first_fit+none,utilization,20,0.05198185265,0.04256211211,0.0614015932,20,0,0
s1-load95,shortest_estimate+least_fragmentation+easy_predicted,fifo+first_fit+none,frag_blocked_frac,20,-0.3030247599,-0.3379381475,-0.2681113722,20,0,0
s1-load95,shortest_estimate+least_fragmentation+easy_predicted,fifo+first_fit+none,stranded_frac,20,-0.03031521604,-0.03686663782,-0.02376379426,20,0,0
s1-load95,shortest_estimate+least_fragmentation+easy_predicted,fifo+first_fit+none,goodput_ratio,20,-0.002554666988,-0.004636044677,-0.0004732892995,5,0,15
s1-load95,shortest_estimate+least_fragmentation+easy_predicted,fifo+first_fit+none,wasted_gpu_hours,20,11.17425411,-1.610060906,23.95856913,5,0,15
s1-load95,shortest_estimate+least_fragmentation+easy_predicted,fifo+first_fit+none,lost_gpu_hours,20,0,0,0,0,20,0
s1-load95,shortest_estimate+least_fragmentation+easy_predicted,fifo+first_fit+none,overhead_gpu_hours,20,0,0,0,0,20,0
s1-load95,shortest_estimate+least_fragmentation+easy_predicted,fifo+first_fit+none,topology_gpu_hours,20,11.17424786,-1.610065487,23.9585612,5,0,15
s1-load95,shortest_estimate+least_fragmentation+easy_predicted,fifo+first_fit+none,slack_gpu_hours,20,6.254545457e-06,3.121777616e-06,9.387313297e-06,3,0,17
s1-load95,shortest_estimate+least_fragmentation+easy_predicted,fifo+first_fit+none,preemptions,20,0,0,0,0,20,0
s1-load95,shortest_estimate+least_fragmentation+easy_predicted,fifo+first_fit+none,failure_kills,20,0,0,0,0,20,0
s1-load95,shortest_estimate+least_fragmentation+easy_predicted,fifo+first_fit+none,node_downtime_gpu_hours,20,0,0,0,0,20,0
s1-load95,shortest_estimate+least_fragmentation+easy_predicted,fifo+first_fit+none,jain_bsld,20,0.06780159322,0.0437222783,0.09188090814,19,0,1
s1-load95,shortest_estimate+least_fragmentation+easy_predicted,fifo+first_fit+none,tenant_worst_best_ratio,20,-0.908473008,-1.161488228,-0.6554577879,19,0,1
s1-load95,shortest_estimate+least_fragmentation+easy_predicted,fifo+first_fit+none,slo_attainment,20,0.7031700154,0.6048859647,0.8014540661,20,0,0
s1-load95,shortest_estimate+least_fragmentation+easy_predicted,fifo+first_fit+none,makespan,20,-11113.90415,-17774.94985,-4452.858455,16,0,4
s1-load95,shortest_estimate+least_fragmentation+easy_predicted,fifo+first_fit+none,reservations,20,282.65,268.6422231,296.6577769,0,0,20
s1-load95,shortest_estimate+least_fragmentation+easy_predicted,fifo+first_fit+none,broken_reservations,20,141.55,133.9267771,149.1732229,0,0,20
s1-load95,shortest_estimate+least_fragmentation+easy_predicted,fifo+first_fit+none,tenant_t0_bsld_mean,20,-26.36495743,-34.65324919,-18.07666567,20,0,0
s1-load95,shortest_estimate+least_fragmentation+easy_predicted,fifo+first_fit+none,tenant_t0_bsld_p95,20,-108.7292061,-144.0325519,-73.42586037,20,0,0
s1-load95,shortest_estimate+least_fragmentation+easy_predicted,fifo+first_fit+none,tenant_t1_bsld_mean,20,-24.44901282,-31.08606815,-17.81195749,20,0,0
s1-load95,shortest_estimate+least_fragmentation+easy_predicted,fifo+first_fit+none,tenant_t1_bsld_p95,20,-96.51498209,-121.6742925,-71.35567163,20,0,0
s1-load95,shortest_estimate+least_fragmentation+easy_predicted,fifo+first_fit+none,tenant_t2_bsld_mean,20,-27.59197552,-36.1962918,-18.98765924,20,0,0
s1-load95,shortest_estimate+least_fragmentation+easy_predicted,fifo+first_fit+none,tenant_t2_bsld_p95,20,-105.4361788,-135.7192681,-75.15308958,20,0,0
s1-load95,shortest_estimate+least_fragmentation+easy_predicted,fifo+first_fit+none,tenant_t3_bsld_mean,20,-23.92511191,-30.8514556,-16.99876822,20,0,0
s1-load95,shortest_estimate+least_fragmentation+easy_predicted,fifo+first_fit+none,tenant_t3_bsld_p95,20,-92.94701937,-119.6215997,-66.27243905,20,0,0
s1-load95,shortest_estimate+least_fragmentation+easy_predicted,fifo+first_fit+none,prio_1_wait_p95,20,-25856.66845,-32112.54539,-19600.79151,20,0,0
s1-load95,shortest_estimate+least_fragmentation+easy_predicted,fifo+first_fit+none,prio_1_bsld_p95,20,-102.710187,-130.0879637,-75.33241025,20,0,0
s1-load95,shortest_estimate+least_fragmentation+easy_predicted,fifo+first_fit+none,prio_8_wait_p95,20,-25371.65205,-31728.27223,-19015.03187,20,0,0
s1-load95,shortest_estimate+topology_aware+conservative,fifo+first_fit+none,J,20,-2.443096869,-2.908612494,-1.977581243,20,0,0
s1-load95,shortest_estimate+topology_aware+conservative,fifo+first_fit+none,J_slowdown,20,-0.7960293461,-0.9956543234,-0.5964043687,20,0,0
s1-load95,shortest_estimate+topology_aware+conservative,fifo+first_fit+none,J_wait,20,-0.8707808894,-1.079398551,-0.662163228,20,0,0
s1-load95,shortest_estimate+topology_aware+conservative,fifo+first_fit+none,J_waste,20,-0.004444152775,-0.006636402632,-0.002251902919,17,0,3
s1-load95,shortest_estimate+topology_aware+conservative,fifo+first_fit+none,J_slo,20,-0.7037892032,-0.8014196582,-0.6061587482,20,0,0
s1-load95,shortest_estimate+topology_aware+conservative,fifo+first_fit+none,J_fairness,20,-0.06805327722,-0.09153817988,-0.04456837456,19,0,1
s1-load95,shortest_estimate+topology_aware+conservative,fifo+first_fit+none,wait_mean,20,-14979.36779,-19362.10944,-10596.62614,20,0,0
s1-load95,shortest_estimate+topology_aware+conservative,fifo+first_fit+none,wait_p95,20,-25810.00495,-31993.44666,-19626.56324,20,0,0
s1-load95,shortest_estimate+topology_aware+conservative,fifo+first_fit+none,wait_p99,20,-18577.5655,-24207.34505,-12947.78595,20,0,0
s1-load95,shortest_estimate+topology_aware+conservative,fifo+first_fit+none,jct_mean,20,-14982.73048,-19366.30456,-10599.15639,20,0,0
s1-load95,shortest_estimate+topology_aware+conservative,fifo+first_fit+none,jct_p95,20,-20511.6212,-26001.06285,-15022.17955,20,0,0
s1-load95,shortest_estimate+topology_aware+conservative,fifo+first_fit+none,bsld_mean,20,-25.72002789,-32.51731274,-18.92274305,20,0,0
s1-load95,shortest_estimate+topology_aware+conservative,fifo+first_fit+none,bsld_p95,20,-102.3334366,-127.9961965,-76.67067673,20,0,0
s1-load95,shortest_estimate+topology_aware+conservative,fifo+first_fit+none,bsld_p99,20,-235.8983707,-293.0679001,-178.7288413,20,0,0
s1-load95,shortest_estimate+topology_aware+conservative,fifo+first_fit+none,wflow_mean,20,-25.72002789,-32.51731274,-18.92274305,20,0,0
s1-load95,shortest_estimate+topology_aware+conservative,fifo+first_fit+none,wflow_sum_all,20,-51376.41339,-64375.17523,-38377.65155,20,0,0
s1-load95,shortest_estimate+topology_aware+conservative,fifo+first_fit+none,large_wait_mean,20,-13694.07468,-17946.68953,-9441.459822,20,0,0
s1-load95,shortest_estimate+topology_aware+conservative,fifo+first_fit+none,large_wait_p95,20,-18672.81105,-24134.66304,-13210.95906,20,0,0
s1-load95,shortest_estimate+topology_aware+conservative,fifo+first_fit+none,utilization,20,0.06573597105,0.05591737628,0.07555456582,20,0,0
s1-load95,shortest_estimate+topology_aware+conservative,fifo+first_fit+none,frag_blocked_frac,20,-0.42954244,-0.4625002966,-0.3965845835,20,0,0
s1-load95,shortest_estimate+topology_aware+conservative,fifo+first_fit+none,stranded_frac,20,-0.04161294065,-0.05179159296,-0.03143428834,20,0,0
s1-load95,shortest_estimate+topology_aware+conservative,fifo+first_fit+none,goodput_ratio,20,0.004444152775,0.002251902919,0.006636402632,17,0,3
s1-load95,shortest_estimate+topology_aware+conservative,fifo+first_fit+none,wasted_gpu_hours,20,-24.10689544,-36.85647145,-11.35731944,17,0,3
s1-load95,shortest_estimate+topology_aware+conservative,fifo+first_fit+none,lost_gpu_hours,20,0,0,0,0,20,0
s1-load95,shortest_estimate+topology_aware+conservative,fifo+first_fit+none,overhead_gpu_hours,20,0,0,0,0,20,0
s1-load95,shortest_estimate+topology_aware+conservative,fifo+first_fit+none,topology_gpu_hours,20,-24.10687713,-36.8564483,-11.35730596,17,0,3
s1-load95,shortest_estimate+topology_aware+conservative,fifo+first_fit+none,slack_gpu_hours,20,-1.831111112e-05,-2.42945861e-05,-1.232763613e-05,19,0,1
s1-load95,shortest_estimate+topology_aware+conservative,fifo+first_fit+none,preemptions,20,0,0,0,0,20,0
s1-load95,shortest_estimate+topology_aware+conservative,fifo+first_fit+none,failure_kills,20,0,0,0,0,20,0
s1-load95,shortest_estimate+topology_aware+conservative,fifo+first_fit+none,node_downtime_gpu_hours,20,0,0,0,0,20,0
s1-load95,shortest_estimate+topology_aware+conservative,fifo+first_fit+none,jain_bsld,20,0.06805327722,0.04456837456,0.09153817988,19,0,1
s1-load95,shortest_estimate+topology_aware+conservative,fifo+first_fit+none,tenant_worst_best_ratio,20,-0.909574699,-1.153085215,-0.666064183,20,0,0
s1-load95,shortest_estimate+topology_aware+conservative,fifo+first_fit+none,slo_attainment,20,0.7037892032,0.6061587482,0.8014196582,20,0,0
s1-load95,shortest_estimate+topology_aware+conservative,fifo+first_fit+none,makespan,20,-12220.60535,-18347.02866,-6094.182038,18,0,2
s1-load95,shortest_estimate+topology_aware+conservative,fifo+first_fit+none,reservations,20,497.35,457.4499136,537.2500864,0,0,20
s1-load95,shortest_estimate+topology_aware+conservative,fifo+first_fit+none,broken_reservations,20,183.8,163.0469848,204.5530152,0,0,20
s1-load95,shortest_estimate+topology_aware+conservative,fifo+first_fit+none,tenant_t0_bsld_mean,20,-26.39529752,-34.6797908,-18.11080424,20,0,0
s1-load95,shortest_estimate+topology_aware+conservative,fifo+first_fit+none,tenant_t0_bsld_p95,20,-109.0284203,-144.3101316,-73.74670891,20,0,0
s1-load95,shortest_estimate+topology_aware+conservative,fifo+first_fit+none,tenant_t1_bsld_mean,20,-24.47653611,-31.11022754,-17.84284469,20,0,0
s1-load95,shortest_estimate+topology_aware+conservative,fifo+first_fit+none,tenant_t1_bsld_p95,20,-96.74588227,-121.8736027,-71.61816185,20,0,0
s1-load95,shortest_estimate+topology_aware+conservative,fifo+first_fit+none,tenant_t2_bsld_mean,20,-27.63626821,-36.24207686,-19.03045955,20,0,0
s1-load95,shortest_estimate+topology_aware+conservative,fifo+first_fit+none,tenant_t2_bsld_p95,20,-105.7077566,-135.9840894,-75.43142368,20,0,0
s1-load95,shortest_estimate+topology_aware+conservative,fifo+first_fit+none,tenant_t3_bsld_mean,20,-23.96463428,-30.9008045,-17.02846405,20,0,0
s1-load95,shortest_estimate+topology_aware+conservative,fifo+first_fit+none,tenant_t3_bsld_p95,20,-93.34591099,-120.0389199,-66.65290206,20,0,0
s1-load95,shortest_estimate+topology_aware+conservative,fifo+first_fit+none,prio_1_wait_p95,20,-25715.37395,-31905.02272,-19525.72518,20,0,0
s1-load95,shortest_estimate+topology_aware+conservative,fifo+first_fit+none,prio_1_bsld_p95,20,-102.9086498,-130.2499695,-75.56732999,20,0,0
s1-load95,shortest_estimate+topology_aware+conservative,fifo+first_fit+none,prio_8_wait_p95,20,-25543.4661,-31767.27335,-19319.65885,20,0,0
s1-load95,shortest_estimate+topology_aware+easy,fifo+first_fit+none,J,20,-2.451353884,-2.922208695,-1.980499073,20,0,0
s1-load95,shortest_estimate+topology_aware+easy,fifo+first_fit+none,J_slowdown,20,-0.7951647534,-0.994756009,-0.5955734977,20,0,0
s1-load95,shortest_estimate+topology_aware+easy,fifo+first_fit+none,J_wait,20,-0.8770514857,-1.089249668,-0.6648533035,20,0,0
s1-load95,shortest_estimate+topology_aware+easy,fifo+first_fit+none,J_waste,20,-0.00588940337,-0.008773083161,-0.00300572358,17,0,3
s1-load95,shortest_estimate+topology_aware+easy,fifo+first_fit+none,J_slo,20,-0.7053891424,-0.8040256224,-0.6067526625,20,0,0
s1-load95,shortest_estimate+topology_aware+easy,fifo+first_fit+none,J_fairness,20,-0.0678590991,-0.09133022446,-0.04438797375,20,0,0
s1-load95,shortest_estimate+topology_aware+easy,fifo+first_fit+none,wait_mean,20,-14977.33499,-19366.58108,-10588.0889,20,0,0
s1-load95,shortest_estimate+topology_aware+easy,fifo+first_fit+none,wait_p95,20,-25995.86585,-32285.43444,-19706.29726,20,0,0
s1-load95,shortest_estimate+topology_aware+easy,fifo+first_fit+none,wait_p99,20,-16878.02965,-23098.57762,-10657.48168,19,0,1
s1-load95,shortest_estimate+topology_aware+easy,fifo+first_fit+none,jct_mean,20,-14982.26738,-19372.39774,-10592.13701,20,0,0
s1-load95,shortest_estimate+topology_aware+easy,fifo+first_fit+none,jct_p95,20,-20698.352,-26265.44392,-15131.26008,20,0,0
s1-load95,shortest_estimate+topology_aware+easy,fifo+first_fit+none,bsld_mean,20,-25.71126989,-32.50738374,-18.91515605,20,0,0
s1-load95,shortest_estimate+topology_aware+easy,fifo+first_fit+none,bsld_p95,20,-102.222289,-127.8807138,-76.56386423,20,0,0
s1-load95,shortest_estimate+topology_aware+easy,fifo+first_fit+none,bsld_p99,20,-235.6335036,-292.6908929,-178.5761143,20,0,0
s1-load95,shortest_estimate+topology_aware+easy,fifo+first_fit+none,wflow_mean,20,-25.71126989,-32.50738374,-18.91515605,20,0,0
s1-load95,shortest_estimate+topology_aware+easy,fifo+first_fit+none,wflow_sum_all,20,-51367.80381,-64366.68444,-38368.92319,20,0,0
s1-load95,shortest_estimate+topology_aware+easy,fifo+first_fit+none,large_wait_mean,20,-13461.58311,-17685.70928,-9237.456937,20,0,0
s1-load95,shortest_estimate+topology_aware+easy,fifo+first_fit+none,large_wait_p95,20,-16242.77225,-22253.77025,-10231.77425,19,0,1
s1-load95,shortest_estimate+topology_aware+easy,fifo+first_fit+none,utilization,20,0.0603226714,0.05171246139,0.0689328814,20,0,0
s1-load95,shortest_estimate+topology_aware+easy,fifo+first_fit+none,frag_blocked_frac,20,-0.3931606031,-0.4314914871,-0.3548297191,20,0,0
s1-load95,shortest_estimate+topology_aware+easy,fifo+first_fit+none,stranded_frac,20,-0.03466569847,-0.04580507146,-0.02352632548,18,0,2
s1-load95,shortest_estimate+topology_aware+easy,fifo+first_fit+none,goodput_ratio,20,0.00588940337,0.00300572358,0.008773083161,17,0,3
s1-load95,shortest_estimate+topology_aware+easy,fifo+first_fit+none,wasted_gpu_hours,20,-33.78474611,-51.32055126,-16.24894096,17,0,3
s1-load95,shortest_estimate+topology_aware+easy,fifo+first_fit+none,lost_gpu_hours,20,0,0,0,0,20,0
s1-load95,shortest_estimate+topology_aware+easy,fifo+first_fit+none,overhead_gpu_hours,20,0,0,0,0,20,0
s1-load95,shortest_estimate+topology_aware+easy,fifo+first_fit+none,topology_gpu_hours,20,-33.78472875,-51.32053014,-16.24892737,17,0,3
s1-load95,shortest_estimate+topology_aware+easy,fifo+first_fit+none,slack_gpu_hours,20,-1.735757577e-05,-2.30135578e-05,-1.170159373e-05,18,0,2
s1-load95,shortest_estimate+topology_aware+easy,fifo+first_fit+none,preemptions,20,0,0,0,0,20,0
s1-load95,shortest_estimate+topology_aware+easy,fifo+first_fit+none,failure_kills,20,0,0,0,0,20,0
s1-load95,shortest_estimate+topology_aware+easy,fifo+first_fit+none,node_downtime_gpu_hours,20,0,0,0,0,20,0
s1-load95,shortest_estimate+topology_aware+easy,fifo+first_fit+none,jain_bsld,20,0.0678590991,0.04438797375,0.09133022446,20,0,0
s1-load95,shortest_estimate+topology_aware+easy,fifo+first_fit+none,tenant_worst_best_ratio,20,-0.8991735668,-1.142999099,-0.655348035,20,0,0
s1-load95,shortest_estimate+topology_aware+easy,fifo+first_fit+none,slo_attainment,20,0.7053891424,0.6067526625,0.8040256224,20,0,0
s1-load95,shortest_estimate+topology_aware+easy,fifo+first_fit+none,makespan,20,-13338.8581,-19676.51337,-7001.202831,18,0,2
s1-load95,shortest_estimate+topology_aware+easy,fifo+first_fit+none,reservations,20,297.9,281.0180556,314.7819444,0,0,20
s1-load95,shortest_estimate+topology_aware+easy,fifo+first_fit+none,broken_reservations,20,83.25,76.16541908,90.33458092,0,0,20
s1-load95,shortest_estimate+topology_aware+easy,fifo+first_fit+none,tenant_t0_bsld_mean,20,-26.38688597,-34.66829388,-18.10547806,20,0,0
s1-load95,shortest_estimate+topology_aware+easy,fifo+first_fit+none,tenant_t0_bsld_p95,20,-108.9347425,-144.2040655,-73.66541958,20,0,0
s1-load95,shortest_estimate+topology_aware+easy,fifo+first_fit+none,tenant_t1_bsld_mean,20,-24.46704919,-31.09737812,-17.83672026,20,0,0
s1-load95,shortest_estimate+topology_aware+easy,fifo+first_fit+none,tenant_t1_bsld_p95,20,-96.64192432,-121.7552064,-71.52864222,20,0,0
s1-load95,shortest_estimate+topology_aware+easy,fifo+first_fit+none,tenant_t2_bsld_mean,20,-27.63929347,-36.24063612,-19.03795082,20,0,0
s1-load95,shortest_estimate+topology_aware+easy,fifo+first_fit+none,tenant_t2_bsld_p95,20,-105.7124303,-135.9592622,-75.46559843,20,0,0
s1-load95,shortest_estimate+topology_aware+easy,fifo+first_fit+none,tenant_t3_bsld_mean,20,-23.93312243,-30.88038126,-16.98586359,20,0,0
s1-load95,shortest_estimate+topology_aware+easy,fifo+first_fit+none,tenant_t3_bsld_p95,20,-92.97260206,-119.7431561,-66.20204802,20,0,0
s1-load95,shortest_estimate+topology_aware+easy,fifo+first_fit+none,prio_1_wait_p95,20,-26001.77485,-32333.5943,-19669.9554,20,0,0
s1-load95,shortest_estimate+topology_aware+easy,fifo+first_fit+none,prio_1_bsld_p95,20,-102.8418307,-130.1882312,-75.49543014,20,0,0
s1-load95,shortest_estimate+topology_aware+easy,fifo+first_fit+none,prio_8_wait_p95,20,-25578.4372,-31938.26903,-19218.60537,20,0,0
s1-load95,shortest_estimate+topology_aware+easy_oracle,fifo+first_fit+none,J,20,-2.451353884,-2.922208695,-1.980499073,20,0,0
s1-load95,shortest_estimate+topology_aware+easy_oracle,fifo+first_fit+none,J_slowdown,20,-0.7951647534,-0.994756009,-0.5955734977,20,0,0
s1-load95,shortest_estimate+topology_aware+easy_oracle,fifo+first_fit+none,J_wait,20,-0.8770514857,-1.089249668,-0.6648533035,20,0,0
s1-load95,shortest_estimate+topology_aware+easy_oracle,fifo+first_fit+none,J_waste,20,-0.00588940337,-0.008773083161,-0.00300572358,17,0,3
s1-load95,shortest_estimate+topology_aware+easy_oracle,fifo+first_fit+none,J_slo,20,-0.7053891424,-0.8040256224,-0.6067526625,20,0,0
s1-load95,shortest_estimate+topology_aware+easy_oracle,fifo+first_fit+none,J_fairness,20,-0.0678590991,-0.09133022446,-0.04438797375,20,0,0
s1-load95,shortest_estimate+topology_aware+easy_oracle,fifo+first_fit+none,wait_mean,20,-14977.33499,-19366.58108,-10588.0889,20,0,0
s1-load95,shortest_estimate+topology_aware+easy_oracle,fifo+first_fit+none,wait_p95,20,-25995.86585,-32285.43444,-19706.29726,20,0,0
s1-load95,shortest_estimate+topology_aware+easy_oracle,fifo+first_fit+none,wait_p99,20,-16878.02965,-23098.57762,-10657.48168,19,0,1
s1-load95,shortest_estimate+topology_aware+easy_oracle,fifo+first_fit+none,jct_mean,20,-14982.26738,-19372.39774,-10592.13701,20,0,0
s1-load95,shortest_estimate+topology_aware+easy_oracle,fifo+first_fit+none,jct_p95,20,-20698.352,-26265.44392,-15131.26008,20,0,0
s1-load95,shortest_estimate+topology_aware+easy_oracle,fifo+first_fit+none,bsld_mean,20,-25.71126989,-32.50738374,-18.91515605,20,0,0
s1-load95,shortest_estimate+topology_aware+easy_oracle,fifo+first_fit+none,bsld_p95,20,-102.222289,-127.8807138,-76.56386423,20,0,0
s1-load95,shortest_estimate+topology_aware+easy_oracle,fifo+first_fit+none,bsld_p99,20,-235.6335036,-292.6908929,-178.5761143,20,0,0
s1-load95,shortest_estimate+topology_aware+easy_oracle,fifo+first_fit+none,wflow_mean,20,-25.71126989,-32.50738374,-18.91515605,20,0,0
s1-load95,shortest_estimate+topology_aware+easy_oracle,fifo+first_fit+none,wflow_sum_all,20,-51367.80381,-64366.68444,-38368.92319,20,0,0
s1-load95,shortest_estimate+topology_aware+easy_oracle,fifo+first_fit+none,large_wait_mean,20,-13461.58311,-17685.70928,-9237.456937,20,0,0
s1-load95,shortest_estimate+topology_aware+easy_oracle,fifo+first_fit+none,large_wait_p95,20,-16242.77225,-22253.77025,-10231.77425,19,0,1
s1-load95,shortest_estimate+topology_aware+easy_oracle,fifo+first_fit+none,utilization,20,0.0603226714,0.05171246139,0.0689328814,20,0,0
s1-load95,shortest_estimate+topology_aware+easy_oracle,fifo+first_fit+none,frag_blocked_frac,20,-0.3931606031,-0.4314914871,-0.3548297191,20,0,0
s1-load95,shortest_estimate+topology_aware+easy_oracle,fifo+first_fit+none,stranded_frac,20,-0.03466569847,-0.04580507146,-0.02352632548,18,0,2
s1-load95,shortest_estimate+topology_aware+easy_oracle,fifo+first_fit+none,goodput_ratio,20,0.00588940337,0.00300572358,0.008773083161,17,0,3
s1-load95,shortest_estimate+topology_aware+easy_oracle,fifo+first_fit+none,wasted_gpu_hours,20,-33.78474611,-51.32055126,-16.24894096,17,0,3
s1-load95,shortest_estimate+topology_aware+easy_oracle,fifo+first_fit+none,lost_gpu_hours,20,0,0,0,0,20,0
s1-load95,shortest_estimate+topology_aware+easy_oracle,fifo+first_fit+none,overhead_gpu_hours,20,0,0,0,0,20,0
s1-load95,shortest_estimate+topology_aware+easy_oracle,fifo+first_fit+none,topology_gpu_hours,20,-33.78472875,-51.32053014,-16.24892737,17,0,3
s1-load95,shortest_estimate+topology_aware+easy_oracle,fifo+first_fit+none,slack_gpu_hours,20,-1.735757577e-05,-2.30135578e-05,-1.170159373e-05,18,0,2
s1-load95,shortest_estimate+topology_aware+easy_oracle,fifo+first_fit+none,preemptions,20,0,0,0,0,20,0
s1-load95,shortest_estimate+topology_aware+easy_oracle,fifo+first_fit+none,failure_kills,20,0,0,0,0,20,0
s1-load95,shortest_estimate+topology_aware+easy_oracle,fifo+first_fit+none,node_downtime_gpu_hours,20,0,0,0,0,20,0
s1-load95,shortest_estimate+topology_aware+easy_oracle,fifo+first_fit+none,jain_bsld,20,0.0678590991,0.04438797375,0.09133022446,20,0,0
s1-load95,shortest_estimate+topology_aware+easy_oracle,fifo+first_fit+none,tenant_worst_best_ratio,20,-0.8991735668,-1.142999099,-0.655348035,20,0,0
s1-load95,shortest_estimate+topology_aware+easy_oracle,fifo+first_fit+none,slo_attainment,20,0.7053891424,0.6067526625,0.8040256224,20,0,0
s1-load95,shortest_estimate+topology_aware+easy_oracle,fifo+first_fit+none,makespan,20,-13338.8581,-19676.51337,-7001.202831,18,0,2
s1-load95,shortest_estimate+topology_aware+easy_oracle,fifo+first_fit+none,reservations,20,297.9,281.0180556,314.7819444,0,0,20
s1-load95,shortest_estimate+topology_aware+easy_oracle,fifo+first_fit+none,broken_reservations,20,83.25,76.16541908,90.33458092,0,0,20
s1-load95,shortest_estimate+topology_aware+easy_oracle,fifo+first_fit+none,tenant_t0_bsld_mean,20,-26.38688597,-34.66829388,-18.10547806,20,0,0
s1-load95,shortest_estimate+topology_aware+easy_oracle,fifo+first_fit+none,tenant_t0_bsld_p95,20,-108.9347425,-144.2040655,-73.66541958,20,0,0
s1-load95,shortest_estimate+topology_aware+easy_oracle,fifo+first_fit+none,tenant_t1_bsld_mean,20,-24.46704919,-31.09737812,-17.83672026,20,0,0
s1-load95,shortest_estimate+topology_aware+easy_oracle,fifo+first_fit+none,tenant_t1_bsld_p95,20,-96.64192432,-121.7552064,-71.52864222,20,0,0
s1-load95,shortest_estimate+topology_aware+easy_oracle,fifo+first_fit+none,tenant_t2_bsld_mean,20,-27.63929347,-36.24063612,-19.03795082,20,0,0
s1-load95,shortest_estimate+topology_aware+easy_oracle,fifo+first_fit+none,tenant_t2_bsld_p95,20,-105.7124303,-135.9592622,-75.46559843,20,0,0
s1-load95,shortest_estimate+topology_aware+easy_oracle,fifo+first_fit+none,tenant_t3_bsld_mean,20,-23.93312243,-30.88038126,-16.98586359,20,0,0
s1-load95,shortest_estimate+topology_aware+easy_oracle,fifo+first_fit+none,tenant_t3_bsld_p95,20,-92.97260206,-119.7431561,-66.20204802,20,0,0
s1-load95,shortest_estimate+topology_aware+easy_oracle,fifo+first_fit+none,prio_1_wait_p95,20,-26001.77485,-32333.5943,-19669.9554,20,0,0
s1-load95,shortest_estimate+topology_aware+easy_oracle,fifo+first_fit+none,prio_1_bsld_p95,20,-102.8418307,-130.1882312,-75.49543014,20,0,0
s1-load95,shortest_estimate+topology_aware+easy_oracle,fifo+first_fit+none,prio_8_wait_p95,20,-25578.4372,-31938.26903,-19218.60537,20,0,0
s1-load95,shortest_estimate+topology_aware+easy_predicted,fifo+first_fit+none,J,20,-2.444141036,-2.913585551,-1.97469652,20,0,0
s1-load95,shortest_estimate+topology_aware+easy_predicted,fifo+first_fit+none,J_slowdown,20,-0.7944076011,-0.9937853025,-0.5950298997,20,0,0
s1-load95,shortest_estimate+topology_aware+easy_predicted,fifo+first_fit+none,J_wait,20,-0.8729033542,-1.08401154,-0.6617951687,20,0,0
s1-load95,shortest_estimate+topology_aware+easy_predicted,fifo+first_fit+none,J_waste,20,-0.004130658826,-0.006605689269,-0.001655628382,15,0,5
s1-load95,shortest_estimate+topology_aware+easy_predicted,fifo+first_fit+none,J_slo,20,-0.7047860765,-0.8032818693,-0.6062902837,20,0,0
s1-load95,shortest_estimate+topology_aware+easy_predicted,fifo+first_fit+none,J_fairness,20,-0.06791334517,-0.09117347326,-0.04465321708,19,0,1
s1-load95,shortest_estimate+topology_aware+easy_predicted,fifo+first_fit+none,wait_mean,20,-14924.56934,-19310.85608,-10538.28259,20,0,0
s1-load95,shortest_estimate+topology_aware+easy_predicted,fifo+first_fit+none,wait_p95,20,-25872.91495,-32130.17596,-19615.65394,20,0,0
s1-load95,shortest_estimate+topology_aware+easy_predicted,fifo+first_fit+none,wait_p99,20,-14695.088,-21024.28409,-8365.891908,19,0,1
s1-load95,shortest_estimate+topology_aware+easy_predicted,fifo+first_fit+none,jct_mean,20,-14927.42242,-19313.99549,-10540.84935,20,0,0
s1-load95,shortest_estimate+topology_aware+easy_predicted,fifo+first_fit+none,jct_p95,20,-20561.71385,-26126.19311,-14997.23459,20,0,0
s1-load95,shortest_estimate+topology_aware+easy_predicted,fifo+first_fit+none,bsld_mean,20,-25.6936175,-32.48788755,-18.89934745,20,0,0
s1-load95,shortest_estimate+topology_aware+easy_predicted,fifo+first_fit+none,bsld_p95,20,-102.1249534,-127.7559248,-76.49398207,20,0,0
s1-load95,shortest_estimate+topology_aware+easy_predicted,fifo+first_fit+none,bsld_p99,20,-234.888164,-292.02467,-177.751658,20,0,0
s1-load95,shortest_estimate+topology_aware+easy_predicted,fifo+first_fit+none,wflow_mean,20,-25.6936175,-32.48788755,-18.89934745,20,0,0
s1-load95,shortest_estimate+topology_aware+easy_predicted,fifo+first_fit+none,wflow_sum_all,20,-51341.128,-64335.14325,-38347.11275,20,0,0
s1-load95,shortest_estimate+topology_aware+easy_predicted,fifo+first_fit+none,large_wait_mean,20,-13209.78502,-17435.38319,-8984.186841,20,0,0
s1-load95,shortest_estimate+topology_aware+easy_predicted,fifo+first_fit+none,large_wait_p95,20,-15248.931,-20940.65625,-9557.205753,20,0,0
s1-load95,shortest_estimate+topology_aware+easy_predicted,fifo+first_fit+none,utilization,20,0.05503661811,0.04558425867,0.06448897755,20,0,0
s1-load95,shortest_estimate+topology_aware+easy_predicted,fifo+first_fit+none,frag_blocked_frac,20,-0.3665459463,-0.4012437267,-0.3318481658,20,0,0
s1-load95,shortest_estimate+topology_aware+easy_predicted,fifo+first_fit+none,stranded_frac,20,-0.03204573181,-0.04153504991,-0.02255641371,20,0,0
s1-load95,shortest_estimate+topology_aware+easy_predicted,fifo+first_fit+none,goodput_ratio,20,0.004130658826,0.001655628382,0.006605689269,15,0,5
s1-load95,shortest_estimate+topology_aware+easy_predicted,fifo+first_fit+none,wasted_gpu_hours,20,-21.35036322,-34.16189013,-8.538836311,15,0,5
s1-load95,shortest_estimate+topology_aware+easy_predicted,fifo+first_fit+none,lost_gpu_hours,20,0,0,0,0,20,0
s1-load95,shortest_estimate+topology_aware+easy_predicted,fifo+first_fit+none,overhead_gpu_hours,20,0,0,0,0,20,0
s1-load95,shortest_estimate+topology_aware+easy_predicted,fifo+first_fit+none,topology_gpu_hours,20,-21.35034772,-34.1618711,-8.538824331,15,0,5
s1-load95,shortest_estimate+topology_aware+easy_predicted,fifo+first_fit+none,slack_gpu_hours,20,-1.550505051e-05,-2.164735964e-05,-9.362741384e-06,18,0,2
s1-load95,shortest_estimate+topology_aware+easy_predicted,fifo+first_fit+none,preemptions,20,0,0,0,0,20,0
s1-load95,shortest_estimate+topology_aware+easy_predicted,fifo+first_fit+none,failure_kills,20,0,0,0,0,20,0
s1-load95,shortest_estimate+topology_aware+easy_predicted,fifo+first_fit+none,node_downtime_gpu_hours,20,0,0,0,0,20,0
s1-load95,shortest_estimate+topology_aware+easy_predicted,fifo+first_fit+none,jain_bsld,20,0.06791334517,0.04465321708,0.09117347326,19,0,1
s1-load95,shortest_estimate+topology_aware+easy_predicted,fifo+first_fit+none,tenant_worst_best_ratio,20,-0.9079916612,-1.15263536,-0.6633479623,20,0,0
s1-load95,shortest_estimate+topology_aware+easy_predicted,fifo+first_fit+none,slo_attainment,20,0.7047860765,0.6062902837,0.8032818693,20,0,0
s1-load95,shortest_estimate+topology_aware+easy_predicted,fifo+first_fit+none,makespan,20,-11949.10905,-18536.68647,-5361.531627,16,0,4
s1-load95,shortest_estimate+topology_aware+easy_predicted,fifo+first_fit+none,reservations,20,286.65,269.7684824,303.5315176,0,0,20
s1-load95,shortest_estimate+topology_aware+easy_predicted,fifo+first_fit+none,broken_reservations,20,138.45,128.6864534,148.2135466,0,0,20
s1-load95,shortest_estimate+topology_aware+easy_predicted,fifo+first_fit+none,tenant_t0_bsld_mean,20,-26.36245646,-34.64332682,-18.0815861,20,0,0
s1-load95,shortest_estimate+topology_aware+easy_predicted,fifo+first_fit+none,tenant_t0_bsld_p95,20,-108.8352846,-144.0971475,-73.57342177,20,0,0
s1-load95,shortest_estimate+topology_aware+easy_predicted,fifo+first_fit+none,tenant_t1_bsld_mean,20,-24.45766378,-31.08966052,-17.82566704,20,0,0
s1-load95,shortest_estimate+topology_aware+easy_predicted,fifo+first_fit+none,tenant_t1_bsld_p95,20,-96.52565399,-121.6248162,-71.4264918,20,0,0
s1-load95,shortest_estimate+topology_aware+easy_predicted,fifo+first_fit+none,tenant_t2_bsld_mean,20,-27.61660752,-36.22313915,-19.01007589,20,0,0
s1-load95,shortest_estimate+topology_aware+easy_predicted,fifo+first_fit+none,tenant_t2_bsld_p95,20,-105.5514102,-135.8325569,-75.27026361,20,0,0
s1-load95,shortest_estimate+topology_aware+easy_predicted,fifo+first_fit+none,tenant_t3_bsld_mean,20,-23.92784763,-30.864991,-16.99070427,20,0,0
s1-load95,shortest_estimate+topology_aware+easy_predicted,fifo+first_fit+none,tenant_t3_bsld_p95,20,-93.00930839,-119.7474231,-66.27119372,20,0,0
s1-load95,shortest_estimate+topology_aware+easy_predicted,fifo+first_fit+none,prio_1_wait_p95,20,-25906.02605,-32199.75843,-19612.29367,20,0,0
s1-load95,shortest_estimate+topology_aware+easy_predicted,fifo+first_fit+none,prio_1_bsld_p95,20,-102.6836979,-129.9922489,-75.37514684,20,0,0
s1-load95,shortest_estimate+topology_aware+easy_predicted,fifo+first_fit+none,prio_8_wait_p95,20,-25708.9397,-31950.73427,-19467.14513,20,0,0
s1-load95,shortest_estimate+topology_aware+none,fifo+first_fit+none,J,20,-2.237862528,-2.68570874,-1.790016316,20,0,0
s1-load95,shortest_estimate+topology_aware+none,fifo+first_fit+none,J_slowdown,20,-0.7888046929,-0.9879378281,-0.5896715577,20,0,0
s1-load95,shortest_estimate+topology_aware+none,fifo+first_fit+none,J_wait,20,-0.723349503,-0.9183358441,-0.5283631618,20,0,0
s1-load95,shortest_estimate+topology_aware+none,fifo+first_fit+none,J_waste,20,-0.007591471681,-0.01010609317,-0.005076850191,20,0,0
s1-load95,shortest_estimate+topology_aware+none,fifo+first_fit+none,J_slo,20,-0.6502080254,-0.7450910773,-0.5553249735,20,0,0
s1-load95,shortest_estimate+topology_aware+none,fifo+first_fit+none,J_fairness,20,-0.06790883475,-0.09164252898,-0.04417514052,20,0,0
s1-load95,shortest_estimate+topology_aware+none,fifo+first_fit+none,wait_mean,20,-13845.45629,-18062.19536,-9628.717231,20,0,0
s1-load95,shortest_estimate+topology_aware+none,fifo+first_fit+none,wait_p95,20,-21440.1286,-27219.53705,-15660.72015,20,0,0
s1-load95,shortest_estimate+topology_aware+none,fifo+first_fit+none,wait_p99,20,2138.3399,-5492.893816,9769.573616,11,0,9
s1-load95,shortest_estimate+topology_aware+none,fifo+first_fit+none,jct_mean,20,-13852.59356,-18070.29311,-9634.894005,20,0,0
s1-load95,shortest_estimate+topology_aware+none,fifo+first_fit+none,jct_p95,20,-16938.90245,-22194.247,-11683.5579,20,0,0
s1-load95,shortest_estimate+topology_aware+none,fifo+first_fit+none,bsld_mean,20,-25.44561954,-32.23085453,-18.66038455,20,0,0
s1-load95,shortest_estimate+topology_aware+none,fifo+first_fit+none,bsld_p95,20,-101.4046724,-127.0042035,-75.80514118,20,0,0
s1-load95,shortest_estimate+topology_aware+none,fifo+first_fit+none,bsld_p99,20,-234.5319628,-291.6534345,-177.4104912,20,0,0
s1-load95,shortest_estimate+topology_aware+none,fifo+first_fit+none,wflow_mean,20,-25.44561954,-32.23085453,-18.66038455,20,0,0
s1-load95,shortest_estimate+topology_aware+none,fifo+first_fit+none,wflow_sum_all,20,-50863.07021,-63832.86189,-37893.27854,20,0,0
s1-load95,shortest_estimate+topology_aware+none,fifo+first_fit+none,large_wait_mean,20,-13587.42166,-17792.3571,-9382.486219,20,0,0
s1-load95,shortest_estimate+topology_aware+none,fifo+first_fit+none,large_wait_p95,20,-19462.0824,-24655.47138,-14268.69342,20,0,0
s1-load95,shortest_estimate+topology_aware+none,fifo+first_fit+none,utilization,20,0.04040026825,0.03224226434,0.04855827215,20,0,0
s1-load95,shortest_estimate+topology_aware+none,fifo+first_fit+none,frag_blocked_frac,20,-0.2177446455,-0.2508495784,-0.1846397126,20,0,0
s1-load95,shortest_estimate+topology_aware+none,fifo+first_fit+none,stranded_frac,20,-0.02278560762,-0.03039541654,-0.0151757987,19,0,1
s1-load95,shortest_estimate+topology_aware+none,fifo+first_fit+none,goodput_ratio,20,0.007591471681,0.005076850191,0.01010609317,20,0,0
s1-load95,shortest_estimate+topology_aware+none,fifo+first_fit+none,wasted_gpu_hours,20,-39.695278,-56.58816746,-22.80238854,20,0,0
s1-load95,shortest_estimate+topology_aware+none,fifo+first_fit+none,lost_gpu_hours,20,0,0,0,0,20,0
s1-load95,shortest_estimate+topology_aware+none,fifo+first_fit+none,overhead_gpu_hours,20,0,0,0,0,20,0
s1-load95,shortest_estimate+topology_aware+none,fifo+first_fit+none,topology_gpu_hours,20,-39.69526087,-56.58814642,-22.80237531,20,0,0
s1-load95,shortest_estimate+topology_aware+none,fifo+first_fit+none,slack_gpu_hours,20,-1.713333334e-05,-2.25087611e-05,-1.175790559e-05,19,0,1
s1-load95,shortest_estimate+topology_aware+none,fifo+first_fit+none,preemptions,20,0,0,0,0,20,0
s1-load95,shortest_estimate+topology_aware+none,fifo+first_fit+none,failure_kills,20,0,0,0,0,20,0
s1-load95,shortest_estimate+topology_aware+none,fifo+first_fit+none,node_downtime_gpu_hours,20,0,0,0,0,20,0
s1-load95,shortest_estimate+topology_aware+none,fifo+first_fit+none,jain_bsld,20,0.06790883475,0.04417514052,0.09164252898,20,0,0
s1-load95,shortest_estimate+topology_aware+none,fifo+first_fit+none,tenant_worst_best_ratio,20,-0.8978797902,-1.151371517,-0.6443880633,20,0,0
s1-load95,shortest_estimate+topology_aware+none,fifo+first_fit+none,slo_attainment,20,0.6502080254,0.5553249735,0.7450910773,20,0,0
s1-load95,shortest_estimate+topology_aware+none,fifo+first_fit+none,makespan,20,981.5497,-8017.179694,9980.279094,12,0,8
s1-load95,shortest_estimate+topology_aware+none,fifo+first_fit+none,reservations,20,0,0,0,0,20,0
s1-load95,shortest_estimate+topology_aware+none,fifo+first_fit+none,broken_reservations,20,0,0,0,0,20,0
s1-load95,shortest_estimate+topology_aware+none,fifo+first_fit+none,tenant_t0_bsld_mean,20,-26.12302952,-34.40715735,-17.83890169,20,0,0
s1-load95,shortest_estimate+topology_aware+none,fifo+first_fit+none,tenant_t0_bsld_p95,20,-108.1475986,-143.3944845,-72.90071261,20,0,0
s1-load95,shortest_estimate+topology_aware+none,fifo+first_fit+none,tenant_t1_bsld_mean,20,-24.18712098,-30.80421878,-17.57002319,20,0,0
s1-load95,shortest_estimate+topology_aware+none,fifo+first_fit+none,tenant_t1_bsld_p95,20,-95.69465739,-120.8037143,-70.5856005,20,0,0
s1-load95,shortest_estimate+topology_aware+none,fifo+first_fit+none,tenant_t2_bsld_mean,20,-27.38464384,-35.98196183,-18.78732585,20,0,0
s1-load95,shortest_estimate+topology_aware+none,fifo+first_fit+none,tenant_t2_bsld_p95,20,-104.7617168,-135.0217137,-74.50171984,20,0,0
s1-load95,shortest_estimate+topology_aware+none,fifo+first_fit+none,tenant_t3_bsld_mean,20,-23.68559786,-30.63547271,-16.73572302,20,0,0
s1-load95,shortest_estimate+topology_aware+none,fifo+first_fit+none,tenant_t3_bsld_p95,20,-92.42790136,-119.1158541,-65.73994867,20,0,0
s1-load95,shortest_estimate+topology_aware+none,fifo+first_fit+none,prio_1_wait_p95,20,-20978.6123,-26578.60583,-15378.61877,20,0,0
s1-load95,shortest_estimate+topology_aware+none,fifo+first_fit+none,prio_1_bsld_p95,20,-101.949278,-129.229483,-74.66907313,20,0,0
s1-load95,shortest_estimate+topology_aware+none,fifo+first_fit+none,prio_8_wait_p95,20,-21202.533,-27334.45484,-15070.61116,20,0,0
