scenario,policy,seed,J,J_slowdown,J_wait,J_waste,J_slo,J_fairness,jobs,window_jobs,infeasible_jobs,wait_mean,wait_p50,wait_p95,wait_p99,jct_mean,jct_p50,jct_p95,jct_p99,bsld_mean,bsld_p50,bsld_p95,bsld_p99,wflow_mean,wflow_sum_all,large_jobs,large_wait_mean,large_wait_p95,utilization,frag_blocked_frac,stranded_frac,goodput_ratio,wasted_gpu_hours,lost_gpu_hours,overhead_gpu_hours,topology_gpu_hours,slack_gpu_hours,grace_gpu_hours,preemptions,failure_kills,node_downtime_gpu_hours,jain_bsld,tenant_worst_best_ratio,slo_attainment,slo_violation_rate,slo_jobs,makespan,reservations,broken_reservations,invocations,tenant_t0_jobs,tenant_t0_wait_mean,tenant_t0_wait_p50,tenant_t0_wait_p95,tenant_t0_wait_p99,tenant_t0_jct_mean,tenant_t0_jct_p50,tenant_t0_jct_p95,tenant_t0_jct_p99,tenant_t0_bsld_mean,tenant_t0_bsld_p50,tenant_t0_bsld_p95,tenant_t0_bsld_p99,tenant_t1_jobs,tenant_t1_wait_mean,tenant_t1_wait_p50,tenant_t1_wait_p95,tenant_t1_wait_p99,tenant_t1_jct_mean,tenant_t1_jct_p50,tenant_t1_jct_p95,tenant_t1_jct_p99,tenant_t1_bsld_mean,tenant_t1_bsld_p50,tenant_t1_bsld_p95,tenant_t1_bsld_p99,tenant_t2_jobs,tenant_t2_wait_mean,tenant_t2_wait_p50,tenant_t2_wait_p95,tenant_t2_wait_p99,tenant_t2_jct_mean,tenant_t2_jct_p50,tenant_t2_jct_p95,tenant_t2_jct_p99,tenant_t2_bsld_mean,tenant_t2_bsld_p50,tenant_t2_bsld_p95,tenant_t2_bsld_p99,tenant_t3_jobs,tenant_t3_wait_mean,tenant_t3_wait_p50,tenant_t3_wait_p95,tenant_t3_wait_p99,tenant_t3_jct_mean,tenant_t3_jct_p50,tenant_t3_jct_p95,tenant_t3_jct_p99,tenant_t3_bsld_mean,tenant_t3_bsld_p50,tenant_t3_bsld_p95,tenant_t3_bsld_p99,prio_1_jobs,prio_1_wait_mean,prio_1_wait_p50,prio_1_wait_p95,prio_1_wait_p99,prio_1_jct_mean,prio_1_jct_p50,prio_1_jct_p95,prio_1_jct_p99,prio_1_bsld_mean,prio_1_bsld_p50,prio_1_bsld_p95,prio_1_bsld_p99,prio_4_jobs,prio_4_wait_mean,prio_4_wait_p50,prio_4_wait_p95,prio_4_wait_p99,prio_4_jct_mean,prio_4_jct_p50,prio_4_jct_p95,prio_4_jct_p99,prio_4_bsld_mean,prio_4_bsld_p50,prio_4_bsld_p95,prio_4_bsld_p99,prio_8_jobs,prio_8_wait_mean,prio_8_wait_p50,prio_8_wait_p95,prio_8_wait_p99,prio_8_jct_mean,prio_8_jct_p50,prio_8_jct_p95,prio_8_jct_p99,prio_8_bsld_mean,prio_8_bsld_p50,prio_8_bsld_p95,prio_8_bsld_p99
s1-load60,drf+topology_aware+easy_predicted,1,0.1991174169,0.1917323133,0,0.007296720358,0,8.838321217e-05,2000,1600,0,10.11890125,0,0,362.164,3186.707181,1286.692,9459.182,46326.346,1.015538758,1,1,1.300932371,1.015538758,2024.862013,370,36.31122432,218.764,0.537522339,0.0103145701,0.05478051968,0.9927032796,41.18943111,0,0,41.18941333,1.777777778e-05,0,0,0,0,0.9999116168,1.023488118,1,0,812,420102.159,28,14,2084,647,17.55507728,0,0,749.817,2307.0676,1534.926,7457.447,15033.631,1.028861599,1,1,1.80399485,468,1.870643162,0,0,0,1597.284752,923.687,5969.06,9235.755,1.005250164,1,1,1,333,9.951531532,0,0,202.485,7250.693583,1323.259,46326.346,86400,1.006060325,1,1,1.06101072,152,4.228855263,0,0,218.764,2921.371882,1843.322,10223.501,15590.314,1.011272329,1,1,1.300932371,788,9.297456853,0,0,362.164,3175.70119,1338.878,9325.932,48633.587,1.012944222,1,1,1.295381706,648,11.0102037,0,0,425.133,3111.852855,1197.008,10238.91,44785.025,1.012599151,1,1,1.566352924,164,10.54410976,0,0,600.195,3535.3555,1203.787,9059.982,67156.945,1.039620225,1,1,1.80399485
s1-load60,drf+topology_aware+easy_predicted,2,0.2957486367,0.2126974219,0.04963146959,0.0133331198,0.00513478819,0.01495183726,2000,1600,0,136.8037631,0,150.544,3103.884,3366.183687,1584.511,13188.602,25110.341,1.210508131,1,1.109345724,4.475946899,1.210508131,2348.176187,332,610.2680361,3103.884,0.6082655005,0.08367633114,0.05872669364,0.9866668802,78.99158444,0,0,78.99154069,4.375757579e-05,0,0,0,0,0.9850481627,1.361871203,0.9948652118,0.00513478819,779,341900.773,65,26,2357,636,170.1848679,0,182.32,7254.878,4737.64127,2097.852,17776.487,33047.421,1.101639401,1,1.100000068,5.144259437,502,162.2795976,0,108.032,3305.331,2659.933958,1532.933,8259.278,17368.132,1.428037137,1,1.105467351,4.750774108,311,60.03930547,0,267.024,2113.618,1816.923379,1120.66,6079.314,8940.839,1.160641274,1,1.193335419,2.577048897,151,69.61498675,0,150.244,2787.019,3128.50353,1639.066,10198.292,25110.341,1.048584576,1,1.109345724,2.755132436,821,215.0948892,0,182.32,7578.342,3557.698974,1618.56,13724.079,25110.341,1.328197303,1,1.105467351,6.478590167,635,55.51625039,0,169.734,1529.626,3191.017882,1564.822,11137.547,24380.604,1.074926932,1,1.146732369,2.665470711,144,48.89095833,0,22.049,1605.443,3046.713097,1532.933,11011.125,27939.411,1.137391818,1,1.009783532,1.772308011
s1-load60,drf+topology_aware+easy_predicted,3,0.2179128708,0.1946912631,0,0.0181805398,0.003880983182,0.001160084615,2000,1600,0,31.92081813,0,0,951.189,2636.371964,1241.348,9812.877,22570.754,1.063495569,1,1.015432713,2.363687999,1.063495569,2137.34658,377,117.9866419,769.564,0.6139856314,0.04447070028,0.07361892986,0.9818194602,83.25905778,0,0,83.25901568,4.210101011e-05,0,0,0,0,0.9988399154,1.089750774,0.9961190168,0.003880983182,773,276722.678,49,21,2262,639,48.80732551,0,47.768,1863.892,3810.314394,1898.95,14582.953,30617.045,1.096044535,1,1.08468843,2.991702545,481,32.38212058,0,0,1423.028,1660.950823,936.573,5048.337,8799.225,1.071173925,1,1,3.272312192,318,6.727257862,0,0,160.841,2233.470733,1173.634,8847.126,11829.292,1.005775413,1,1,1.250000092,162,13.39728395,0,0,444.035,1692.85929,939.678,5474.689,10478.614,1.025612431,1,1.106860338,1.518064319,827,29.04300242,0,0,897.489,2697.380497,1228.283,9643.327,22691.536,1.053458307,1,1.012137762,2.222414341,629,33.35127345,0,11.889,1065.919,2459.595811,1242.115,9812.877,14694.807,1.063094707,1,1.09438015,2.363687999,144,42.19996528,0,0,1423.028,3058.164625,1296.776,11894.199,30617.045,1.122891111,1,1,4.754320678
s1-load60,drf+topology_aware+easy_predicted,4,0.2131211391,0.1917323133,0,0.01384805444,0.005298013245,0.002242758073,2000,1600,0,38.49683562,0,0,1277.197,2625.446512,1479.641,8961.763,14721.417,1.046834148,1,1,1.892823657,1.046834148,2155.554413,354,156.2475367,1247.474,0.5869774438,0.06496313976,0.06610996396,0.9861519456,64.52842889,0,0,64.52839806,3.082828284e-05,0,0,0,0,0.9977572419,1.121679808,0.9947019868,0.005298013245,755,293911.957,46,19,2289,615,33.65754472,0,0,1247.474,1996.044037,926.233,7971.136,12392.884,1.064778174,1,1,1.953548159,495,41.98163232,0,0,1163.155,3672.299295,2178.422,11862.514,21983.224,1.01549456,1,1,1.252021811,334,16.98558683,0,0,573.425,2334.757572,1515.515,7739.013,12069.118,1.017164468,1,1,1.868043569,156,92.57341667,0,720.114,2411.328,2407.372795,1518.01,7447.028,10368.405,1.139059742,1,1.315844535,7.120736521,845,31.93690059,0,0,1247.474,2735.002357,1513.984,9458.393,14759.055,1.052021017,1,1,1.953548159,608,46.01794901,0,0,1388.126,2514.907801,1470.213,7971.136,13385.698,1.032824582,1,1,1.74044893,147,45.09757143,0,77.405,1245.221,2452.880844,1393.713,10582.297,14862.233,1.074962795,1,1.0773524,3.191771611
s1-load60,drf+topology_aware+easy_predicted,5,0.2039732716,0.1917323133,0,0.01215261405,0,8.834423124e-05,2000,1600,0,13.39432125,0,0,405.833,2182.059818,1444.679,6268.402,11032.485,1.014382397,1,1,1.418573261,1.014382397,2035.946986,334,53.13083234,274.705,0.5388902165,0.04061998133,0.05179006483,0.9878473859,44.36263778,0,0,44.36261822,1.955555557e-05,0,0,0,0,0.9999116558,1.021044269,1,0,754,268192.58,29,11,2178,639,17.51362754,0,0,703.548,2135.857429,1349.759,6150.542,14041.681,1.021159633,1,1,1.524867655,486,20.03225926,0,0,731.62,1824.41008,1253.308,5090.273,9732.135,1.018367011,1,1,1.457192142,322,1.397695652,0,0,24.746,2752.385792,2201.813,7426.538,11427.432,1.001699305,1,1,1.007840299,153,0.352745098,0,0,0,2310.792732,1478.383,6827.049,14317.204,1.000112987,1,1,1,846,18.71665603,0,0,703.548,2226.177383,1421.035,6506.459,12341.63,1.017516156,1,1,1.418573261,602,8.305689369,0,0,175.006,2095.223294,1480.034,5984.461,9992.605,1.012275714,1,1,1.452429889,152,3.924986842,0,0,191.948,2280.429079,1420.615,6880.407,14738.915,1.00528413,1,1,1.242816626
s1-load60,drf+topology_aware+easy_predicted,6,0.2198471735,0.1988209134,0,0.01807987927,0.002475247525,0.0004711332444,2000,1600,0,27.2191475,0,0,870.194,1942.602701,1106.869,6290.499,12447.356,1.059155843,1,1.036971338,2.104597746,1.059155843,2116.142297,388,108.7692242,786.763,0.637210503,0.0652755488,0.06873213963,0.9819201207,62.60585111,0,0,62.60579067,6.044444445e-05,0,0,0,0,0.9995288668,1.059683395,0.9975247525,0.002475247525,808,218789.027,62,30,2280,647,33.7081762,0,0,1200.714,2095.181487,1182.912,6666.075,12447.356,1.085284155,1,1,2.158780507,472,23.84561017,0,32.199,858.233,1807.734578,1089.19,5851.818,12307.186,1.044553625,1,1.126279334,2.104597746,318,8.722977987,0,0,312.793,1255.032267,945.853,3418.959,5228.839,1.024158876,1,1,1.947023617,163,47.31540491,0,63.153,1693.969,3068.901331,1361.933,9437.198,27378.452,1.06600409,1,1.250001357,2.641684734,792,35.83944318,0,46.062,1150.05,2041.139287,1129.351,6467.098,16868.975,1.091439347,1,1.070588292,2.837292964,644,18.27344255,0,0,631.373,1813.307616,1064.637,6147.648,9764.293,1.029771684,1,1,1.758501668,164,20.71768293,0,35.618,956.985,1974.462811,1201.874,6301.278,11842.864,1.018636716,1,1.126279334,1.586276958
s1-load60,drf+topology_aware+easy_predicted,7,0.1969354405,0.1917323133,0,0.002679074993,0.002481389578,4.266266236e-05,2000,1600,0,14.83864625,0,0,512.658,3801.736634,1429.994,14146.793,41541.625,1.012870459,1,1,1.250001241,1.012870459,2020.842735,369,59.28879404,257.529,0.5611883623,0.01998730403,0.05227694189,0.997320925,18.00610222,0,0,18.00607867,2.355555556e-05,0,0,0,0,0.9999573373,1.017150767,0.9975186104,0.002481389578,806,489567.195,27,8,2080,632,18.72936392,0,0,551.248,3330.537453,1328.381,12931.765,31856.608,1.013286891,1,1,1.377104524,504,8.950293651,0,0,0,5622.363256,1832.096,29959.521,68088.711,1.008886765,1,1,1.25,308,12.78425,0,0,230.054,2481.332269,989.601,9426.24,22586.95,1.0117885,1,1,1.145787619,156,22.15627564,0,0,1523.004,2435.625154,1400.112,8824.704,13588.796,1.026189947,1,1,1.352711331,794,12.80868766,0,0,427.869,3946.541626,1461.252,13521.065,46953.934,1.014259163,1,1,1.326834602,644,12.87514752,0,0,512.658,3707.739245,1368.23,15038.545,41541.625,1.012255671,1,1,1.298144202,162,32.59346296,0,0,2124.322,3465.682031,1429.571,12591.094,29227.13,1.008508064,1,1,1.250001227
s1-load60,drf+topology_aware+easy_predicted,8,0.2043058071,0.1917323133,0,0.01129432146,0.00125,2.917233712e-05,2000,1600,0,5.0296575,0,0,104.946,1523.08771,720.544,5436.085,12122.439,1.009721051,1,1,1.250000343,1.009721051,2019.479601,390,19.6128359,48.328,0.5432743118,0.02040644793,0.04980207068,0.9887056785,29.43824222,0,0,29.43823135,1.086868688e-05,0,0,0,0,0.9999708277,1.0151676,0.99875,0.00125,800,184160.024,27,9,2129,674,4.639832344,0,0,104.946,1200.309875,590.149,4791.505,8373.706,1.011856689,1,1,1.250000343,490,2.532263265,0,0,45.106,1370.545076,654.251,4270.192,12710.929,1.002119922,1,1,1.082328397,303,10.4449901,0,0,299.256,2219.324792,1054.794,7770.511,13651.835,1.017319676,1,1,1.34229483,133,3.868902256,0,0,178.051,2134.653992,1021.197,9774.231,14700.107,1.009591356,1,1,1.34225877,800,3.066945,0,0,97.257,1547.37159,692.458,5436.085,12823.07,1.009739791,1,1,1.250000094,629,5.141195548,0,0,89.239,1517.488792,763.24,5373.781,11138.25,1.007772815,1,1,1.275658525,171,13.80166082,0,0,254.225,1430.073766,718.429,5628.353,8705.806,1.016799701,1,1,1.3317868
s1-load60,drf+topology_aware+easy_predicted,9,0.209947451,0.1934057334,0,0.01139418731,0.001259445844,0.003888084475,2000,1600,0,62.51689875,0,0,2592.164,2471.576417,1196.976,8409.476,16043.629,1.137576705,1,1.008727898,3.173466071,1.137576705,2429.375354,346,265.7733671,2304.157,0.5932628542,0.06052507905,0.05888977986,0.9886058127,50.37522889,0,0,50.37519164,3.725252526e-05,0,0,0,0,0.9961119155,1.163248428,0.9987405542,0.001259445844,794,265740.714,48,23,2520,645,78.79688682,0,35.949,3249.831,2471.185195,1302.968,7645.122,16787.21,1.148117101,1,1.045096498,5.562445771,474,46.66485232,0,0,1327.847,2420.265713,1148.008,8944.96,14205.932,1.069411765,1,1.023051964,2.137063742,330,53.61726364,0,0,866.636,2792.480542,1398.272,11378.759,19937.814,1.243991555,1,1,2.516866696,151,62.18681457,0,21.054,2592.164,1933.001921,873.09,8173.897,13637.962,1.073965614,1,1.004947168,4.080102582,806,88.99907072,0,27.405,3003.019,2566.095938,1226.521,9050.204,15767.555,1.19856262,1,1.02915564,4.041240335,627,35.74993142,0,0,1079.774,2453.018517,1230.758,7934.087,16787.21,1.083591448,1,1,2.551559315,167,35.20107784,0,0,752.933,2085.067856,1058.005,7283.418,16394.706,1.045924662,1,1.000195378,2.872867475
s1-load60,drf+topology_aware+easy_predicted,10,0.5105779809,0.2503082288,0.2210229679,0.03309099224,0.003901170351,0.002254621634,2000,1600,0,140.4314131,0,670.415,3544.481,2977.124616,1396.759,11338.596,22485.203,1.135168716,1,1.305508834,4.447736198,1.135168716,2288.964044,352,483.8887074,2832.495,0.6877986638,0.08045201083,0.06629626477,0.9669090078,202.6757578,0,0,202.6757107,4.703030303e-05,0,0,0,0,0.9977453784,1.132235736,0.9960988296,0.003901170351,769,360863.704,97,57,2526,626,127.1538898,0,504.715,3473.811,2883.751134,1588.941,10622.366,16740.963,1.144498564,1,1.416385575,4.424638653,484,244.9243926,0,1368.577,7644.614,4061.880058,1381.603,14858.427,25763.771,1.194223619,1,1.62305209,7.940494921,343,57.31882216,0,213.011,2026.076,2266.835114,1347.821,6351.899,14139.996,1.054748213,1,1.113429889,3.08553837,147,46.8582585,0,251.123,1274.824,1460.52234,1019.909,4060.952,8666.239,1.088646088,1,1.208944344,2.965449564,831,168.5130542,0,750.364,4085.859,2915.930047,1426.105,11631.917,20582.704,1.177201178,1,1.372656323,5.337073567,627,124.6244801,0,664.932,3460.845,3060.842241,1379.545,10982.034,25554.297,1.093015431,1,1.30696168,3.839484685,142,45.88988732,0,592.809,915.093,2965.587549,1325.966,10692.694,19281.967,1.07531754,1,1.174336416,2.8889852
s1-load60,drf+topology_aware+easy_predicted,11,0.2034120736,0.1917323133,0,0.009179420027,0.002466091245,3.424903621e-05,2000,1600,0,41.9220425,0,0,1250.839,2828.543789,1472.677,9741.862,21776.646,1.043164192,1,1,2.270349847,1.043164192,2069.633363,333,190.9966126,1250.839,0.5791081519,0.06233656177,0.06010455292,0.99082058,41.91198889,0,0,41.91194893,3.995959596e-05,0,0,0,0,0.999965751,1.015113935,0.9975339088,0.002466091245,811,324176.36,50,26,2244,640,53.46869531,0,0,1436.175,3324.117045,1623.355,11384.054,26817.081,1.051210244,1,1,2.040849474,470,40.90961277,0,0,1615.326,2172.580651,1404.213,6823.327,10328.257,1.038048261,1,1.03244358,2.038135925,327,22.57688991,0,0,699.473,2559.583905,1252.034,10061.409,20977.915,1.038560769,1,1,2.58018104,163,38.3137546,0,0,910.243,3313.731963,1821.899,10890.87,25425.573,1.035558875,1,1,2.149315582,789,59.10958302,0,58.139,1731.712,2935.651502,1514.459,10278.899,24400.136,1.070199421,1,1.063932885,3.407097011,653,25.02451761,0,0,929.555,2535.920144,1385.928,8606.664,16537.878,1.015400577,1,1,1.410101302,158,25.92909494,0,0,1010.964,3503.070715,1848.992,14119.809,26474.038,1.022903716,1,1,1.716373684
s1-load60,drf+topology_aware+easy_predicted,12,0.203030084,0.1917323133,0,0.01048080988,0,0.0008169607762,2000,1600,0,14.55147375,0,0,421.597,2513.606758,1326.021,8756.039,18503.24,1.034981912,1,1,1.477360628,1.034981912,2067.609506,349,65.407851,405.85,0.5272941292,0.05083619334,0.05732481675,0.9895191901,41.56849778,0,0,41.56844978,4.8e-05,0,0,0,0,0.9991830392,1.078275334,1,0,823,299786.219,32,17,2169,597,10.05260469,0,0,565.459,1487.302064,909.924,4931.943,9913.322,1.019952603,1,1,1.511410569,519,23.43461657,0,0,462.574,3717.998539,1711.489,14151.868,23590.014,1.078723906,1,1,1.784556,324,2.56041358,0,0,0,2776.745444,1953.291,8169.658,11913.327,1.000416009,1,1,1,160,26.80508125,0,0,1015.352,1903.404469,1279.931,5525.849,12484.475,1.019167883,1,1,1.548597181,777,16.63175804,0,0,565.459,2498.051896,1342.749,9178.993,20072.319,1.055043222,1,1,1.548597181,660,15.24981515,0,0,231.894,2498.751758,1369.894,8756.039,16639.112,1.019197282,1,1,1.440705603,163,1.807386503,0,0,129.565,2647.903865,1184.832,8695.297,28479.054,1.003265458,1,1,1.141609295
s1-load60,drf+topology_aware+easy_predicted,13,0.1981472017,0.1917323133,0,0.006323127216,0,9.176118642e-05,2000,1600,0,5.288283125,0,0,200.386,2099.188973,1315.418,6590.317,12617.202,1.010759622,1,1,1.25,1.010759622,2021.948124,351,22.21460114,188.672,0.5980494258,0.01312187556,0.05691341177,0.9936768728,23.39707333,0,0,23.39707111,2.222222226e-06,0,0,0,0,0.9999082388,1.024296136,1,0,813,241043.138,31,11,2099,628,2.894082803,0,0,92.213,2112.522374,1448.1,6179.046,10829.723,1.003543765,1,1,1.099813282,479,6.609726514,0,0,304.205,1937.163088,1046.241,6360.084,13717.918,1.017482931,1,1,1.681870653,328,4.908137195,0,0,96.712,1833.134933,1131.28,5083.591,9042.548,1.006121329,1,1,1.25,165,11.32024848,0,0,520.66,3047.690479,1889.125,10146.53,17191.957,1.027926001,1,1,2.761700457,787,3.518063532,0,0,144.246,2093.827731,1329.543,6505.021,12617.202,1.009219476,1,1,1.154725089,643,7.607281493,0,0,235.282,2063.446719,1300.24,6743.422,10829.723,1.01164498,1,1,1.320208435,170,4.712088235,0,0,232.457,2259.198194,1249.784,6747.896,17191.957,1.014540854,1,1,1.421223059
s1-load60,drf+topology_aware+easy_predicted,14,0.2576168493,0.208152522,0.01798112168,0.02866973473,0.00251572327,0.0002977476177,2000,1600,0,56.80070437,0,54.541,1595.241,2039.645999,1046.137,7240.453,14202.218,1.093886498,1,1.085641321,2.782513719,1.093886498,2152.018735,378,219.3196772,1426.449,0.5968434869,0.06477588121,0.06622738544,0.9713302653,108.18102,0,0,108.1809783,4.169696973e-05,0,0,0,0,0.9997022524,1.049286821,0.9974842767,0.00251572327,795,233813.236,62,36,2299,594,23.88606397,0,0,856.927,1423.517785,651.178,5242.176,11861.555,1.110528862,1,1,4.371497498,514,99.43826265,0,185.161,3190.992,2450.393156,1468.144,7799.41,13281.989,1.08616372,1,1.145717271,3.0127166,336,42.78635714,0,66.051,1222.039,1653.083065,898.939,5515.344,10684.585,1.092771129,1,1.214458958,2.406334863,156,71.82898718,0,205.481,1914.894,3864.910526,1531.986,17896.425,31756.379,1.058365396,1,1.333020287,2.698557255,805,72.37491925,0,155.402,1914.894,2073.605563,1070.456,7340.536,13281.989,1.101734271,1,1.220529011,2.698557255,635,44.30157165,0,8.342,1222.039,1936.853357,1039.272,6933.633,15058.718,1.102361472,1,1.057382359,4.083564569,160,28.04886875,0,0,1595.241,2276.745238,928.567,7907.514,25809.39,1.020767336,1,1,1.761542427
s1-load60,drf+topology_aware+easy_predicted,15,0.4118176571,0.2460391949,0.1316712233,0.02176016054,0.007462686567,0.004884391808,2000,1600,0,98.33008313,0,399.39,2484.297,3173.955666,1596.185,11628.442,21715.613,1.129800269,1,1.28324324,2.949404472,1.129800269,2239.176211,357,386.644958,2288.381,0.6241789865,0.1050859328,0.07721354805,0.9782398395,124.1021178,0,0,124.1020804,3.733333336e-05,0,0,0,0,0.9951156082,1.188090434,0.9925373134,0.007462686567,804,354794.792,94,45,2478,654,62.20987462,0,335.585,1565.425,2627.390743,1484.39,9404.055,16133.945,1.058338445,1,1.250000016,2.18951604,498,181.4817229,0,831.822,5407.018,4363.563998,2372.361,14069.785,24940.483,1.236270972,1,1.455590591,5.279946147,299,64.31850167,0,194.32,2643.568,2040.982231,917.317,7084.185,18554.695,1.153250026,1,1.250000843,6.873493532,149,47.20634228,0,291.047,1302.092,3870.516517,1924.505,15393.483,28341.376,1.040552921,1,1.28324324,2.343574002,796,126.560941,0,541.011,3522.111,3461.680592,1633.754,13124.916,23798.264,1.119293385,1,1.452080285,3.606111522,652,69.92108129,0,224.575,2087.944,3047.975382,1669.673,10688.203,16898.766,1.153068246,1,1.177640626,2.949404472,152,72.34920395,0,638.336,1431.237,2207.57477,1144.034,7782.153,19034.646,1.085015785,1,1.394152632,2.038547772
s1-load60,drf+topology_aware+easy_predicted,16,0.3789535595,0.2502292275,0.08920141019,0.02703108358,0.01119402985,0.001297808356,2000,1600,0,91.18940313,0,270.569,2493.837,1736.275133,818.424,6398.184,12878.691,1.133040722,1,1.305096795,4.374974673,1.133040722,2325.688805,364,352.5100165,2075.189,0.7164788024,0.1159540062,0.07340992682,0.9729689164,94.77232889,0,0,94.77227382,5.507070708e-05,0,0,0,0,0.9987021916,1.100691049,0.9888059701,0.01119402985,804,179545.735,96,41,2597,625,103.48948,0,246.137,2605.843,1519.938853,651.719,6153.888,12878.691,1.138030198,1,1.378498674,4.105056866,493,106.6582394,0,270.569,3087.392,2078.561854,927.414,8335.216,14200.291,1.178199539,1,1.317304616,6.021197056,322,46.27398137,0,215.813,1098.716,1463.053248,766.86,4882.807,8296.363,1.070418025,1,1.250001876,3.258481343,160,85.8711625,0,490.737,1755.197,2076.526812,1257.332,5723.644,18762.203,1.100433153,1,1.259419983,4.491866655,796,106.4722889,0,327.631,3224.561,1802.114485,798.626,7037.493,15095.486,1.166809216,1,1.441025804,5.250677786,633,50.98955134,0,181.071,1149.098,1652.85955,853.914,6153.888,10791.083,1.078839611,1,1.237234748,2.275677487,171,168.8579942,0,1085.215,8161.843,1738.578877,811.927,6468.16,12440.54,1.176488563,1,2.214921395,4.57019353
s1-load60,drf+topology_aware+easy_predicted,17,0.2098356659,0.1993498474,0,0.007160722322,0.002570694087,0.0007544020946,2000,1600,0,51.1294375,0,0,1095.655,2827.199415,1562.131,10134.174,17959.994,1.057666592,1,1.039730048,2.020696613,1.057666592,2093.071498,372,190.5066801,780.359,0.6328678964,0.03556272714,0.06438887589,0.9928392777,38.27701111,0,0,38.27697261,3.850505051e-05,0,0,0,0,0.9992455979,1.067142882,0.9974293059,0.002570694087,778,321483.981,50,22,2236,628,71.55925,0,7.609,2104.458,3046.355489,1896.906,11343.957,16559.718,1.07150285,1,1.100000427,3.669822224,486,59.63472016,0,0,1474.31,3305.646613,1967.144,11491.097,19853.406,1.075533791,1,1.034898955,2.607816851,340,21.07970588,0,43.504,604.173,1883.089856,850.446,5973.188,19778.328,1.027956889,1,1.104998272,1.641878399,146,4.919979452,0,0,152.081,2490.500082,1731.892,7947.85,12275.745,1.007862966,1,1,1.250000467,822,40.92811557,0,0,907.261,2778.052304,1589.456,9943.741,16559.718,1.039324722,1,1.026460013,2.01348542,617,61.89845381,0,86.009,1095.655,2903.322566,1555.282,10190.125,20333.224,1.076790501,1,1.090989059,2.087445191,161,61.94312422,0,0,2757.799,2786.397807,1511.3,10423.457,21302.621,1.078024143,1,1.008016413,2.607816851
s1-load60,drf+topology_aware+easy_predicted,18,0.215873994,0.1917323133,0,0.009037704257,0.002522068096,0.01258190834,2000,1600,0,32.8497075,0,0,1065.027,3991.940793,1551.131,16317.72,34132.782,1.10329684,1,1,1.946431229,1.10329684,2169.633089,356,132.8805702,870.383,0.5311462993,0.02143753788,0.06024546068,0.9909622957,58.40969333,0,0,58.40966707,2.626262628e-05,0,0,0,0,0.9874180917,1.281664096,0.9974779319,0.002522068096,793,493154.151,29,15,2116,654,26.18340673,0,0,870.383,6419.601625,2871.397,22320.278,46925.048,1.015040305,1,1,1.269474787,489,53.69158078,0,0,1696.137,2622.275855,1121.183,10667.916,15435.167,1.300940714,1,1,3.933030522,318,22.56081132,0,0,412.149,1425.810198,985.413,4573.477,7577.023,1.017671153,1,1,1.151730985,139,14.43210791,0,0,243.711,3258.886835,1441.66,15008.808,17876.58,1.019130564,1,1,1.250000058,807,37.19628748,0,0,984.142,3609.361807,1461.16,15355.238,25980.821,1.173788977,1,1,1.730730307,633,27.56689573,0,0,1148.379,4542.852795,1659.072,18594.231,38563.639,1.033506172,1,1,2.042989469,160,31.82676875,0,0,1920.145,3742.02795,1667.208,11371.559,46925.048,1.023861452,1,1,1.336830729
s1-load60,drf+topology_aware+easy_predicted,19,0.194969766,0.1917323133,0,0.003027067776,0,0.0002103849646,2000,1600,0,9.1499,0,0,115.005,2583.041529,1069.5,8724.271,24248.916,1.020516671,1,1,1.250000527,1.020516671,2035.359185,338,36.17775148,28.178,0.5336462271,0.01790840977,0.04555365192,0.9969729322,13.85204,0,0,13.85203111,8.888888891e-06,0,0,0,0,0.999789615,1.039241919,1,0,831,341021.573,20,10,2088,656,12.23193598,0,0,272.518,3729.443566,1573.692,13193.53,42543.581,1.015288307,1,1,1.25000006,468,8.204320513,0,0,355.834,1638.934293,605.155,6975.626,15676.654,1.041353169,1,1,1.519670504,316,8.570867089,0,0,115.005,2085.252684,991.062,7236.443,17476.555,1.009870938,1,1,1.305931506,160,0.4229625,0,0,28.178,1627.439819,805.987,5193.401,13557.773,1.00203153,1,1,1.028523765,769,12.86540572,0,0,355.834,2523.529895,1122.156,8050.633,22292.51,1.029811614,1,1,1.421958155,662,6.609898792,0,0,115.005,2644.789636,1008.863,10028.385,28158.885,1.0129611,1,1,1.25,169,2.192840237,0,0,39.496,2611.959876,1074.065,10019.401,27094.338,1.007818307,1,1,1.296520969
s1-load60,drf+topology_aware+easy_predicted,20,0.206628946,0.1917323133,0,0.01300016457,0.001245330012,0.0006511380705,2000,1600,0,32.90787125,0,0,1054.234,3115.677689,1511.472,11490.273,23735.158,1.052377754,1,1,1.781611193,1.052377754,2083.804407,353,135.6828442,1009.349,0.5938811018,0.05702871651,0.0593799774,0.9869998354,69.32289556,0,0,69.32285677,3.87878788e-05,0,0,0,0,0.9993488619,1.074755983,0.99875467,0.001245330012,803,348693.455,48,18,2223,645,49.52179845,0,0,1873.023,5155.682901,2844.427,18420.982,38188.694,1.055096637,1,1.013110568,1.808611062,467,26.97019058,0,0,1009.349,1333.867435,867.988,4298.003,7238.014,1.058683224,1,1,2.148466196,310,20.17030645,0,0,471.594,2443.469055,1599.662,7710.787,11439.365,1.015071506,1,1,1.349775395,178,10.46719101,0,0,260.257,1568.973775,725.966,6509.274,12278.935,1.090954175,1,1,1.555366281,797,30.73193099,0,0,1054.234,3061.030035,1455.994,11672.004,21219.024,1.029171194,1,1.013110568,1.629274278,621,38.56022061,0,0,1162.888,3332.303691,1573.715,12521.309,28467.479,1.076370043,1,1,1.808611062,182,23.15026374,0,0,811.113,2615.839407,1430.968,8260.604,26503.318,1.072138284,1,1,2.007607812
s1-load60,fifo+first_fit+none,1,0.4594261933,0.2467862208,0.159908056,0.04693529049,0.003694581281,0.002102044788,2000,1600,0,65.56631625,0,485.039,1677.097,3281.759727,1334.095,9476.481,46326.346,1.151824228,1,1.287139432,3.790856836,1.151824228,2244.768777,370,101.3474405,755.69,0.5590485509,0.04452183387,0.06304573913,0.9530647095,275.9654222,0,0,275.9653005,0.0001217373738,0,0,0,0,0.9978979552,1.112948625,0.9963054187,0.003694581281,812,420102.159,0,0,2118,647,75.9304915,0,456.619,1968.179,2389.191878,1589.321,7747.56,15033.631,1.178237451,1,1.389198409,2.952802343,468,52.54636538,0,467.761,1462.859,1657.077083,982.546,5969.06,9235.755,1.183579664,1,1.250003555,4.829763361,333,55.55957958,0,440.799,1222.07,7414.527417,1406.261,46326.346,86400,1.096208644,1,1.252761239,3.305968737,152,83.46078289,0,630.96,1680.441,3029.333645,1934.909,10223.501,15590.314,1.063462982,1,1.250000414,2.184383711,788,61.04196701,0,427.41,1633.324,3245.107984,1425.264,9325.932,48633.587,1.099495227,1,1.286678811,3.305968737,648,71.5861142,0,513.274,1680.441,3242.82081,1274.13,10238.91,44785.025,1.224136872,1,1.250003412,4.44449787,164,63.51971951,0,534.46,1023.602,3611.723098,1252.993,9059.982,67156.945,1.117535566,1,1.600195546,5.21826236
s1-load60,fifo+first_fit+none,2,5.496812576,2.486449699,2.866741561,0.03917617014,0.1001283697,0.004316776149,2000,1600,0,1618.855684,0,8695.506,11301.006,4866.936358,2453.666,14649.861,28630.313,3.070010495,1,12.96833933,36.50256927,3.070010495,5636.948172,332,1833.011512,9292.88,0.6100740645,0.205141375,0.07045497615,0.9608238299,238.3404778,0,0,238.3403765,0.0001012929293,0,0,0,0,0.9956832239,1.192106681,0.8998716303,0.1001283697,779,341900.773,0,0,2501,636,1663.693325,0,8597.585,11462.753,6250.835618,3478.937,20893.433,33400.514,2.960694054,1,11.71734903,36.50256927,502,1619.528026,0,9008.828,11162.917,4141.345767,2271.776,12346.807,19469.598,3.088791965,1,14.96621038,32.02547314,311,1554.799029,0,9207.741,12431.675,3322.764447,1601.846,10895.734,14649.861,3.378009863,1,13.595054,36.76897015,151,1559.699159,0,8353.672,10697.722,4630.671536,2444.655,13150.249,26559.26,2.833647287,1,10.83521932,26.1108915,821,1707.641814,0,9036.233,11514.893,5071.436367,2611.916,15834.774,32412.392,2.971273961,1,12.88867801,36.50256927,635,1514.969676,0,8330.213,10989.518,4663.714769,2441.508,13556.912,25871.625,3.178641723,1,13.17561267,36.08594294,144,1570.759875,0,8767.952,10388.186,4597.153042,2046.073,14666.517,27939.411,3.153912335,1,13.38364321,39.40015765
s1-load60,fifo+first_fit+none,3,1.136369716,0.6088890233,0.4676878508,0.0421096529,0.01164294955,0.006040239811,2000,1600,0,200.6213862,0,1418.608,2675.104,2823.241402,1501.027,9888.368,22691.536,1.420185355,1,3.175724597,10.59024291,1.420185355,2885.814549,377,261.2950133,1614.193,0.6267340622,0.1410394924,0.08476931232,0.9578903471,197.66156,0,0,197.6614571,0.000102949495,0,0,0,0,0.9939597602,1.241102664,0.9883570505,0.01164294955,773,277302.951,0,0,2351,639,192.0983349,0,1426.671,2632.599,3982.753729,2112.389,14615.765,30617.045,1.309422542,1,2.635002827,6.982698119,481,207.8733638,0,1422.953,3090.554,1848.816029,1130.063,5524.515,9168.931,1.421675647,1,3.175724597,10.64116872,318,181.6881321,0,1208.027,2202.557,2418.167884,1486.989,8847.126,12297.572,1.625127805,1,4.444924935,16.27269528,162,249.8732593,0,1600.08,2550.941,1937.955025,1183.094,5951.162,10478.614,1.450363797,1,3.725408871,7.701681066,827,188.4119976,0,1344.829,2575.45,2880.348619,1473.518,9846.275,22881.824,1.373440761,1,2.64163703,7.898253563,629,230.5168076,0,1502.931,3001.103,2667.634137,1537.665,10089.665,14694.807,1.490534098,1,3.866465201,10.59024291,144,140.1557222,0,1132.502,2223.231,3174.972667,1438.086,11894.199,30617.045,1.381354938,1,2.874283388,14.76826753
s1-load60,fifo+first_fit+none,4,1.342557537,0.6246209328,0.6431143127,0.04363045145,0.01986754967,0.01132429074,2000,1600,0,294.5655775,0,1950.718,4976.854,2901.339017,1749.683,9536.019,14759.055,1.445541841,1,3.257776021,8.700590666,1.445541841,2784.668823,354,348.8361667,2089.294,0.6059976337,0.1348835365,0.09170167849,0.9563695485,209.63806,0,0,209.6379621,9.793939397e-05,0,0,0,0,0.9886757093,1.355364439,0.9801324503,0.01986754967,755,293911.957,0,0,2313,615,295.6410374,0,1980.56,4976.854,2276.684106,1126.034,8222.929,13220.53,1.635274473,1,4.260515736,9.83608989,495,261.3194424,0,1648.778,4991.326,3910.973117,2549.14,12223.468,22941.987,1.206520126,1,2.134423256,6.49051962,334,322.9897545,0,3136.211,4324.018,2662.072958,1825.263,8540.329,12882.942,1.430702927,1,3.532443061,7.24047328,156,334.9614359,0,3120.856,5197.532,2672.548981,1804.543,8175.71,11106.981,1.48776221,1,3.278292506,8.415197691,845,325.6203337,0,2679.103,5060.359,3049.868117,1857.618,9782.428,15027.007,1.558036402,1,3.713724674,9.83608989,608,255.3952336,0,1833.894,4312.983,2744.3759,1716.279,8458.75,14197.693,1.285640056,1,2.273888147,8.132094052,147,278.0642177,0,1605.305,4983.889,2696.757286,1622.989,10582.297,15740.849,1.460251912,1,3.683247604,6.650288305
s1-load60,fifo+first_fit+none,5,0.3632601523,0.2396654495,0.07554504152,0.04800660003,0,4.306120475e-05,2000,1600,0,37.1283325,0,229.146,986.565,2224.035822,1492.195,6400.711,11427.432,1.04654752,1,1.250000302,1.965068076,1.04654752,2238.625771,334,60.35543114,416.64,0.5590560817,0.04122965076,0.05684133469,0.9519934,181.8463222,0,0,181.8462394,8.282828286e-05,0,0,0,0,0.9999569388,1.018589293,1,0,754,271773.019,0,0,2164,639,33.95462285,0,229.146,915.212,2172.70341,1363.667,6405.251,14041.681,1.044508851,1,1.250000389,1.962194027,486,37.9606214,0,202.292,995.168,1866.515037,1291.282,5407.76,9954.582,1.053459256,1,1.250000302,2.379277767,322,46.48213043,0,379.637,1026.496,2807.451,2203.779,7426.538,11427.432,1.046012234,1,1.25,1.929045847,153,28.05372549,0,199.706,611.953,2346.237301,1581.591,6827.049,14317.204,1.034233585,1,1.250000184,1.859864008,846,39.993526,0,299.025,995.168,2267.885663,1449.317,6585.02,12341.63,1.044889076,1,1.250000505,1.859864008,602,36.88016113,0,167.59,990.959,2141.11689,1533.874,6151.234,9992.605,1.052795349,1,1.250000142,2.309478887,152,22.16415789,0,156.822,507.948,2308.379454,1477.738,6880.407,14738.915,1.031033373,1,1.250000083,1.962194027
s1-load60,fifo+first_fit+none,6,0.7333635341,0.4138386083,0.2693254941,0.04821554023,0.001237623762,0.0007462676663,2000,1600,0,117.5788375,0,816.928,1306.383,2045.829198,1221.974,6550.015,13147.459,1.260801819,1,2.158418689,7.276000569,1.260801819,2514.316519,388,167.6833351,984.84,0.6558468194,0.1527500482,0.1028222678,0.9517844598,172.2439533,0,0,172.243849,0.0001043636364,0,0,0,0,0.9992537323,1.068867516,0.9987623762,0.001237623762,808,218789.027,0,0,2379,647,119.2805502,0,815.642,1311.339,2181.195201,1322.146,6666.812,12447.356,1.244494664,1,2.035294434,6.201716667,472,115.3268962,0,937.973,1219.9,1913.806121,1202.075,6039.907,12307.186,1.313882262,1,2.213020737,8.724375798,318,102.3886038,0,764.55,1059.414,1366.70377,1066.44,3573.155,5228.839,1.229228358,1,2.127116129,6.446297685,163,146.9800798,0,924.168,1551.87,3215.737018,1538.612,9437.198,27378.452,1.233422189,1,2.172586572,5.076387552,792,138.8801187,0,976.812,1436.32,2150.816403,1289.622,6666.075,16868.975,1.331016488,1,2.240544774,9.61640287,644,98.89542081,0,679.837,1192.171,1909.290848,1174.558,6290.499,10522.979,1.190682709,1,1.922672741,4.225715087,164,88.07582317,0,585.162,883.234,2074.98061,1221.974,6765.935,12307.186,1.197062117,1,1.630854723,6.201716667
s1-load60,fifo+first_fit+none,7,1.129141872,0.4614081383,0.6149378116,0.03410929731,0.01240694789,0.006279677231,2000,1600,0,210.47208,0,1865.252,4016.771,4025.925796,1648.295,14234.425,41541.625,1.309791444,1,2.406522565,6.913127646,1.309791444,2500.966318,369,270.9058022,2196.741,0.581872364,0.09033303426,0.08114643013,0.9658907027,236.7088844,0,0,236.7087675,0.000116969697,0,0,0,0,0.9937203228,1.225647347,0.9875930521,0.01240694789,806,489567.195,0,0,2174,632,186.4972373,0,1698.975,3950.761,3531.258554,1480.425,13177.012,32163.138,1.182342166,1,1.895131794,4.529190825,504,248.3148651,0,2159.476,4143.239,5893.484929,2172.747,31540.359,68088.711,1.343553844,1,2.908229667,7.513580552,308,200.4937792,0,1466.282,4017.798,2694.849769,1200.49,9640.233,22586.95,1.44913454,1,2.09968883,11.91747825,156,205.0403718,0,2011.518,3733.347,2624.331628,1656.684,8824.704,13588.796,1.441932598,1,3.189845378,6.913127646,794,256.0494798,0,2160.22,4383.343,4228.986909,1812.346,13588.796,46953.934,1.346308695,1,2.826814486,7.513580552,644,171.3371801,0,1271.386,4016.771,3885.611261,1505.974,15038.545,41541.625,1.309344203,1,1.934903792,6.828384396,162,142.659858,0,1698.975,2990.551,3588.469228,1507.748,13177.012,29227.13,1.13258975,1,1.410922171,4.529190825
s1-load60,fifo+first_fit+none,8,0.3152491775,0.2396657367,0.03855847984,0.03344868814,0.0025,0.001076272807,2000,1600,0,27.2684825,0,116.957,669.566,1553.35861,751.882,5458.441,12122.439,1.096793595,1,1.2500018,2.874771112,1.096793595,2168.106752,390,40.21663333,289.21,0.5559377247,0.04648317877,0.06491380509,0.9665513119,89.18112222,0,0,89.18102331,9.890909093e-05,0,0,0,0,0.9989237272,1.096500799,0.9975,0.0025,800,184160.024,0,0,2134,674,28.61685312,0,150.862,1076.802,1233.465289,652.58,4791.505,8645.999,1.132693229,1,1.288195453,4.805533924,490,22.87212041,0,81.863,560.277,1394.983441,685.634,4241.558,12710.929,1.091845934,1,1.25,2.22460127,303,28.91891749,0,55.72,972.717,2252.172898,1111.271,7770.511,13651.835,1.033007208,1,1.250000047,1.801843791,133,32.87249624,0,222.631,856.169,2165.924038,1107.103,9774.231,14700.107,1.078412214,1,1.488586004,3.093068515,800,24.66757,0,106.758,560.277,1574.026135,730.451,5469.845,12823.07,1.085215297,1,1.250001009,2.85260287,629,27.49179332,0,110.063,625.37,1551.061811,792.644,5373.781,11138.25,1.101777269,1,1.25000312,3.172661574,171,38.61507602,0,416.029,909.769,1465.116895,749.495,5628.353,8705.806,1.132629312,1,1.405886164,3.233432445
s1-load60,fifo+first_fit+none,9,2.106660742,1.114745803,0.9149536231,0.03509817931,0.03274559194,0.009117544971,2000,1600,0,394.7123387,0,2775.271,4405.241,2816.482493,1595.155,8944.96,16043.629,1.83678978,1,5.814073714,17.85969815,1.83678978,4779.532694,346,509.5443902,3192.305,0.6042347465,0.1540040059,0.07844720042,0.9649018207,158.9857867,0,0,158.9856932,9.349494951e-05,0,0,0,0,0.990882455,1.310173305,0.9672544081,0.03274559194,794,268214.345,0,0,2568,645,403.5736775,0,2883.212,4560.218,2814.608465,1643.839,8257.441,16787.21,1.859258269,1,5.142936424,26.07691551,474,429.299289,0,2897.033,4454.153,2809.94796,1607.578,9126.737,14205.932,1.636615106,1,4.299406978,12.78738738,330,347.2909333,0,2509.505,3791.537,3098.118991,1802.961,11378.759,20758.263,1.939711642,1,6.77387295,17.48134775,151,351.9261523,0,2501.289,3219.953,2229.502841,1228.403,9575.197,13719.611,2.144249423,1,8.948335681,20.47338333,806,430.0125484,0,3026.006,4050.452,2919.418933,1598.469,9426.367,16008.388,1.929897179,1,5.842784702,20.47338333,627,347.0293413,0,2509.505,4560.218,2778.473057,1616.903,8376.834,16787.21,1.73617693,1,5.454411129,16.97495034,167,403.3666527,0,2901.146,3669.437,2462.381569,1527.393,7794.327,16394.706,1.765171182,1,6.531623331,12.07157143
s1-load60,fifo+first_fit+none,10,4.399404339,2.258976662,1.964538674,0.05662929262,0.08712613784,0.03213357291,2000,1600,0,1316.071319,0,5958.911,7419.902,4175.973396,2671.659,12275.413,22525.818,3.117073933,1,11.78192983,27.23090478,3.117073933,5656.778345,352,1370.710909,5772.975,0.7096243335,0.3309522275,0.1072228912,0.9433707074,355.4973533,0,0,355.4972499,0.0001034747475,0,0,0,0,0.9678664271,1.546591747,0.9128738622,0.08712613784,769,360863.704,0,0,2773,626,1307.8237,0,6005.315,7429.453,4091.755351,2885.14,12059.749,19062.151,3.886532498,1,15.60050189,46.17145605,484,1378.019674,0,5936.427,7068.277,5206.448452,3185.331,16112.843,29120.445,2.594370143,1,9.634077444,22.12343955,343,1232.93042,0,6078.224,7992.52,3482.876364,2289.229,9500.909,16171.125,2.512966014,1,9.035115934,26.89118109,147,1341.223259,0,5840.004,7170.295,2758.98598,1917.42,7807.35,11062.247,2.970928281,1,10.45511561,26.30059067,831,1276.517178,0,5772.975,7170.295,4049.001976,2626.817,11714.335,20948.599,3.286466831,1,12.06013061,30.00384961,627,1367.032262,0,6153.153,7649.917,4326.428408,2753.707,12676.108,26799.528,2.920252468,1,10.45511561,26.30059067,142,1322.52893,0,5750.473,7668.896,4254.691401,2557.897,12021.106,20193.437,2.994831405,1,11.78192983,31.14770215
s1-load60,fifo+first_fit+none,11,1.852067412,0.7251565546,1.069775693,0.03618476137,0.01972872996,0.001221673158,2000,1600,0,421.4317,0,3244.883,4115.436,3221.527066,1813.434,10278.899,23428.63,1.471469276,1,3.782130107,8.897638957,1.471469276,2758.292187,333,542.7928859,3609.641,0.5974672821,0.1537110845,0.07739875592,0.9638152386,169.8439067,0,0,169.8437978,0.0001088888889,0,0,0,0,0.9987783268,1.092542724,0.98027127,0.01972872996,811,324176.36,0,0,2342,640,437.3910891,0,3321.618,4101.631,3724.839139,2059.152,12170.543,26817.081,1.499453833,1,3.740891727,8.897638957,470,445.5957149,0,3424.958,4191.48,2594.437591,1728.634,7551.366,12036.696,1.491036203,1,3.83246221,9.001857336,327,330.8672936,0,2994.718,4041.017,2875.007749,1495.752,10061.409,23428.63,1.437935728,1,4.283121162,9.248464091,163,470.7781104,0,3574.969,4402.134,3748.669043,2053.704,11738.597,25425.573,1.372444115,1,2.628698693,8.343274161,789,450.5275577,0,3219.79,4191.48,3341.620485,1927.637,10328.257,24400.136,1.548456315,1,4.383244225,9.676937728,653,409.8096417,0,3274.694,4110.457,2930.256029,1666.717,9902.402,17801.209,1.39929592,1,3.47022421,8.674998892,158,324.1695,0,3274.986,4087.436,3825.617437,2102.014,14119.809,26474.038,1.38530743,1,2.473714528,9.617672574
s1-load60,fifo+first_fit+none,12,0.427852794,0.2614833294,0.1324215768,0.02639661698,0.006075334143,0.001475936636,2000,1600,0,65.69911625,0,401.666,1527.881,2576.679381,1388.187,8863.406,18503.24,1.101424324,1,1.363793744,3.295595719,1.101424324,2254.859853,349,107.0680573,642.727,0.5387937733,0.07039995696,0.06550874326,0.973603383,106.4044778,0,0,106.404381,9.676767678e-05,0,0,0,0,0.9985240634,1.100342188,0.9939246659,0.006075334143,823,299786.219,0,0,2184,597,75.71404188,0,597.184,1574.124,1558.183122,941.08,5079.019,9913.322,1.125856741,1,1.58066308,3.395372414,519,61.10407322,0,411.399,1316.447,3774.313042,1769.447,14295.25,23590.014,1.127160322,1,1.318980904,4.433189021,324,41.41019753,0,14.552,1184.715,2831.457728,1968.422,8479.109,11913.327,1.024372541,1,1.1041571,1.343388884,160,92.42115625,0,453.854,2954.539,1976.193206,1303.539,5250.176,12484.475,1.082809585,1,1.363793744,2.751214611,777,71.95064479,0,421.597,1730.574,2564.740792,1445.789,9749.628,20072.319,1.116400845,1,1.422447469,3.395372414,660,58.56566515,0,396.51,1242.515,2552.565238,1388.459,8756.039,17188.999,1.083537592,1,1.257096186,2.882398654,163,64.78279755,0,401.666,1302.836,2731.22919,1209.357,8695.297,28479.054,1.102457982,1,1.429260152,4.906898425
s1-load60,fifo+first_fit+none,13,0.3814250384,0.2396654979,0.1072820955,0.03427528705,0,0.0002021579135,2000,1600,0,34.63930125,0,325.412,689.397,2143.322323,1350.261,6609.935,12617.202,1.056838349,1,1.250000554,2.486796312,1.056838349,2112.063396,351,58.14518234,520.66,0.6158843884,0.05300084,0.06849258795,0.965724713,130.4976089,0,0,130.4975411,6.779797982e-05,0,0,0,0,0.9997978421,1.040392445,1,0,813,241043.138,0,0,2165,628,29.70329299,0,266.314,605.761,2155.121955,1483.553,6179.046,10829.723,1.03683137,1,1.25000012,1.758360765,479,40.17727766,0,362.46,791.786,1985.527649,1100.006,6418.545,13717.918,1.078711524,1,1.261690814,3.039408924,328,34.17477439,0,325.412,731.382,1875.089741,1166.476,5190.433,11303.185,1.06345142,1,1.25000314,2.44386941,165,38.27255758,0,405.194,728.916,3089.708788,1974.263,10146.53,17191.957,1.056341651,1,1.250000195,2.834580129,787,30.46483227,0,230.788,731.382,2133.758384,1343.107,6516.54,12617.202,1.052204183,1,1.25,2.497370124,643,39.81723795,0,347.871,728.916,2108.108124,1366.631,6743.422,10829.723,1.055855513,1,1.2590582,2.435727862,170,34.37985294,0,380.627,686.014,2320.790265,1297.065,6747.896,17191.957,1.082009247,1,1.34718791,2.761700457
s1-load60,fifo+first_fit+none,14,1.340577953,0.6696288249,0.5818543412,0.05053881162,0.01383647799,0.0247194976,2000,1600,0,230.2411119,0,1764.902,3497.314,2224.278238,1210.754,7379.112,14323.807,1.466477488,1,3.492519406,9.732532731,1.466477488,2773.567281,378,309.1306561,2190.557,0.612087644,0.1171605544,0.07630793015,0.9494611884,195.0931978,0,0,195.0930817,0.0001160404041,0,0,0,0,0.9752805024,1.51231425,0.986163522,0.01383647799,795,233813.236,0,0,2316,594,265.6144226,0,1876.006,3438.925,1670.938337,864.143,5250.571,11926.055,1.749013587,1,4.550142818,12.13181085,514,227.9269903,0,1942.014,3641.217,2599.61686,1705.783,7755.366,13281.989,1.271141255,1,2.647020397,6.068471415,336,160.8142173,0,1132.719,3292.878,1780.188762,979.319,5515.344,10684.585,1.409723272,1,2.661382522,11.05484556,156,252.7100128,0,2058.068,3395.608,4051.03409,1739.31,18190.113,31756.379,1.156514651,1,1.888075772,3.644312179,805,231.5740062,0,1833.59,3641.217,2235.004821,1221.448,6990.418,13281.989,1.462477037,1,3.585127715,9.259889984,635,245.645189,0,1818.915,3438.925,2163.217759,1234.741,7484.15,15058.718,1.532490556,1,3.74250414,11.12178608,160,162.4000563,0,1112.125,2463.521,2412.643888,1103.007,8216.604,25809.39,1.224615388,1,2.171788566,3.93921655
s1-load60,fifo+first_fit+none,15,4.694059538,2.00561895,2.467282805,0.05850465861,0.09328358209,0.06936954256,2000,1600,0,1334.072199,0,7483.853,8886.335,4434.80733,2716.124,13995.128,23798.264,2.964001212,1,10.4605161,34.44992585,2.964001212,5493.992245,357,1343.078672,6963.465,0.6566489991,0.2707788312,0.1087877639,0.9414953414,346.6847333,0,0,346.6846172,0.0001161616163,0,0,0,0,0.9306304574,1.981479431,0.9067164179,0.09328358209,804,354794.792,0,0,2622,654,1291.200052,0,7506.65,8866.071,3885.906901,2561.862,12255.421,17772.93,2.949856874,1,9.973,37.96186026,498,1325.460757,0,7626.875,8896.907,5543.916074,3829.001,16131.81,32433.085,2.451415856,1,8.688290706,24.07540866,299,1454.001391,0,7479.663,8894.799,3436.07202,1754.28,10551.205,23111.828,4.255494455,1,16.98296828,65.50458333,149,1310.367866,0,7305.203,9449.564,5141.29447,2873.895,16808.584,28341.376,2.147634938,1,6.637862276,19.34235103,796,1376.018506,0,7474.177,8886.335,4725.618354,2984.672,15131.787,26695.885,3.101705162,1,11.2148385,38.22686984,652,1321.508117,0,7564.223,8896.907,4329.694868,2698.678,13043.729,23614.137,2.883589356,1,10.4605161,28.97174027,152,1168.299316,0,7708.352,8798.743,3362.753053,1850.57,9972.441,23793.308,2.587791911,1,8.923012655,25.3213224
s1-load60,fifo+first_fit+none,16,2.574953408,1.409767336,1.038716793,0.05327944997,0.0460199005,0.02716992878,2000,1600,0,552.656315,0,3150.674,5204.985,2210.488175,1209.316,7298.245,14248.369,2.290035231,1,7.352789481,21.41907838,2.290035231,5990.456365,364,591.3906099,3329.958,0.7175811548,0.2386762342,0.09949034975,0.94672055,191.97956,0,0,191.9794573,0.0001026666667,0,0,0,0,0.9728300712,1.567339877,0.9539800995,0.0460199005,804,179545.735,0,0,2717,625,516.1662464,0,2979.847,4437.431,1939.020754,1017.915,6400.377,16241.707,2.395215559,1,7.248752316,22.30455155,493,595.9358763,0,3354.331,5818.093,2587.475655,1396.422,8895.725,15881.989,2.313175177,1,7.606317818,24.1202217,322,585.1292609,0,3205.925,4449.346,2011.875019,1355.569,6222.366,8597.353,2.42086894,1,8.630242498,18.05636395,160,496.4886938,0,2787.756,5707.894,2509.024094,1576.395,6743.184,18847.255,1.544571778,1,4.492483238,7.768703619,796,538.3190616,0,3040.691,5767.174,2252.922504,1195.06,7555.978,15881.989,2.253123793,1,7.587933633,22.30455155,633,558.7403586,0,3294.675,5057.589,2167.217837,1255.464,6810.331,13868.179,2.315128002,1,6.825205826,18.05636395,171,596.8741754,0,3231.705,5376.749,2173.133778,1142.035,7101.11,11295.153,2.368969625,1,9.743542329,23.24616181
s1-load60,fifo+first_fit+none,17,1.762874878,0.6816984537,0.9729336002,0.05052821209,0.04241645244,0.01529815909,2000,1600,0,417.4905919,0,2951.138,3959.421,3219.663841,2013.812,10557.051,18066.13,1.584402545,1,3.555469821,12.74644327,1.584402545,2944.216722,372,478.2165538,3057.376,0.6665277116,0.1845771533,0.09581253536,0.9494717879,282.4307644,0,0,282.430651,0.0001134141415,0,0,0,0,0.9847018409,1.352388311,0.9575835476,0.04241645244,778,321483.981,0,0,2406,628,400.4254061,0,2769.777,3919.541,3399.825212,2306.936,11534.392,17959.994,1.441341498,1,3.512839688,8.113262897,486,411.2531523,0,2950.907,3957.877,3697.877788,2393.013,11602.581,19853.406,1.539342766,1,2.950284646,12.28565067,340,432.0384882,0,3172.812,3975.846,2301.779965,1077.96,6424.611,19778.328,1.949253393,1,6.265162021,17.26540787,146,477.778589,0,3235.088,4019.58,2990.398082,2102.19,8047.794,12337.099,1.500101875,1,3.133998382,11.46705109,822,390.3159501,0,2919.129,3939.818,3154.618562,2027.57,10028.076,16690.41,1.432450314,1,3.405560888,7.787749447,617,432.736,0,2988.073,4047.942,3303.16088,2044.349,11141.366,20333.224,1.728185783,1,3.74419288,15.16983745,161,497.8082236,0,3290.178,3957.877,3231.772826,1936.149,11271.854,21302.621,1.809188112,1,4.358859969,17.79845
s1-load60,fifo+first_fit+none,18,2.837844762,0.825379573,1.868062526,0.02620762787,0.03909205549,0.07910297956,2000,1600,0,584.667695,0,5666.276,11706.051,4562.779835,1862.833,16974.292,34132.782,1.892716056,1,4.304853777,18.11459266,1.892716056,3447.288498,356,584.9085449,5958.774,0.5400321152,0.09562621051,0.07953645759,0.9737923721,172.3634889,0,0,172.3633959,9.296969699e-05,0,0,0,0,0.9208970204,1.989361791,0.9609079445,0.03909205549,793,493154.151,0,0,2184,654,606.897578,0,5666.276,12614.151,7034.92755,3419.689,22692.146,46925.048,1.413499986,1,2.289140713,13.45103738,489,630.5956074,0,6163.728,9900.566,3206.419853,1381.795,11750.513,17890.939,2.70166947,1,7.964204304,38.34584098,318,550.7471321,0,5958.774,9365.753,1962.963714,1084.008,7833.483,11571.464,1.868019535,1,7.764377463,18.11459266,139,396.104,0,1850.691,12380.171,3650.671576,1862.833,15395.548,22801.095,1.358058389,1,3.719583084,8.496649335,807,669.150202,0,5886.125,12380.171,4264.725931,1814.986,16291.755,26081.734,2.076328777,1,6.079107887,18.37637274,633,442.3825387,0,2480.305,9489.262,4970.863063,1853.878,19657.349,38563.639,1.544405367,1,2.150044661,16.95855665,160,721.4747,0,7544.731,13188.817,4451.609944,2417.57,13707.662,46925.048,2.344623559,1,10.83326944,27.05702535
s1-load60,fifo+first_fit+none,19,0.2652971473,0.2396654017,0,0.02207132689,0.001203369434,0.002357049256,2000,1600,0,49.22065188,0,0,1914.045,2635.082544,1105.535,8867.274,24248.916,1.101001725,1,1.250000053,3.582230898,1.101001725,2259.187619,338,62.25742604,154.513,0.5441730442,0.03279189095,0.06085936898,0.9779286731,102.9665644,0,0,102.9665049,5.955555557e-05,0,0,0,0,0.9976429507,1.133744326,0.9987966306,0.001203369434,831,353373.531,0,0,2123,656,50.0864497,0,0,1922.011,3785.257316,1615.998,13193.53,42543.581,1.072666806,1,1.250000036,3.578614389,468,68.49023291,0,227.153,2840.814,1708.762739,655.091,7027.865,15676.654,1.173595944,1,1.250002448,4.512067074,316,21.98829747,0,0,550.023,2106.668022,991.062,7236.443,17476.555,1.035150445,1,1,1.728188306,160,43.09125625,0,0,1680.36,1672.470087,865.612,5193.401,13598.944,1.134893079,1,1.12884302,4.738170558,769,53.82812874,0,87.501,1922.011,2573.229895,1197.149,8214.182,22292.51,1.066686018,1,1.25,3.582230898,662,53.30450906,0,0,2210.905,2706.541746,1080.601,10028.385,28158.885,1.143113272,1,1.250000578,4.738170558,169,12.25814793,0,0,331.094,2636.613284,1074.442,10288.249,27094.338,1.092190685,1,1.10000137,2.659080061
s1-load60,fifo+first_fit+none,20,0.8512714632,0.3738978526,0.4060840222,0.03654596451,0.01618929016,0.01855433378,2000,1600,0,150.9439862,0,1231.749,2012.76,3248.714571,1619.19,11652.769,23735.158,1.321233526,1,1.950103486,7.736466667,1.321233526,2516.173643,353,210.5430028,1507.956,0.6086682227,0.1146185081,0.07904052425,0.9634540355,199.6426622,0,0,199.6425682,9.406060611e-05,0,0,0,0,0.9814456662,1.418152837,0.9838107098,0.01618929016,803,348693.455,0,0,2260,645,165.1080543,0,1305.289,2032.982,5295.354426,3038.155,18533.857,39676.774,1.230548256,1,1.811253664,6.905054034,467,127.5127131,0,998.813,1818.035,1443.505996,995.083,4418.762,7238.014,1.456722998,1,1.97823548,10.40260115,310,160.0712,0,1204.193,1674.912,2594.171842,1718.673,8260.604,11736.692,1.137882056,1,1.789189264,3.003780532,178,145.1976067,0,1417.004,2678.709,1708.590657,933.228,6509.274,12278.935,1.613690666,1,4.139489622,18.89010934,797,157.2309686,0,1270.214,2095.943,3205.02935,1536.979,11672.004,21219.024,1.310658251,1,1.97823548,9.207498144,621,148.7580306,0,1274.986,2032.982,3461.058804,1705.264,12521.309,28467.479,1.376387535,1,1.811253664,6.896457232,182,130.8712033,0,1171.859,1682.061,2715.480242,1690.043,8260.604,26503.318,1.179353604,1,1.950103486,4.435508354
s1-load60,fifo+topology_aware+easy_predicted,1,0.2015667343,0.1917323133,0,0.00974355938,0,9.086160365e-05,2000,1600,0,10.58595687,0,0,382.667,3188.68466,1286.692,9459.182,46326.346,1.016534153,1,1,1.319511509,1.016534153,2026.454645,370,36.69462432,218.764,0.5388752005,0.01033280733,0.05518347701,0.9902564406,55.13755556,0,0,55.13753067,2.48888889e-05,0,0,0,0,0.9999091384,1.023751994,1,0,812,420102.159,26,9,2085,647,18.03490572,0,0,749.817,2310.122002,1534.926,7500.226,15033.631,1.029999151,1,1,1.80399485,468,2.173758547,0,0,0,1599.192415,923.687,5969.06,9235.755,1.006890052,1,1,1.250000173,333,10.17858258,0,0,214.068,7250.920634,1323.259,46326.346,86400,1.006102217,1,1,1.114062481,152,5.672105263,0,0,259.101,2922.815132,1843.322,10223.501,15590.314,1.011767182,1,1,1.300932371,788,9.393406091,0,0,320.085,3175.79714,1338.878,9325.932,48633.587,1.012906116,1,1,1.295381706,648,12.04674846,0,0,425.133,3116.61884,1198.891,10238.91,44785.025,1.015103255,1,1,1.566352924,164,10.54410976,0,0,600.195,3535.3555,1203.787,9059.982,67156.945,1.039620225,1,1,1.80399485
s1-load60,fifo+topology_aware+easy_predicted,2,0.5209606191,0.2746315426,0.1969219812,0.03502726512,0.01026957638,0.00411025384,2000,1600,0,119.1890819,0,597.311,3239.16,3357.990163,1611.081,12491.617,25464.533,1.140089994,1,1.43236963,3.655477997,1.140089994,2231.219919,332,430.3728343,3214.487,0.6080047721,0.04297162599,0.05557353812,0.9649727349,212.1830956,0,0,212.1830484,4.715151517e-05,0,0,0,0,0.9958897462,1.177621117,0.9897304236,0.01026957638,779,341900.773,55,26,2331,636,118.0791352,0,533.173,3182.049,4709.594192,2121.094,17344.835,33047.421,1.06611585,1,1.250000285,2.847426989,502,124.1554562,0,638.164,3325.641,2629.417149,1581.495,8086.378,16452.599,1.175694954,1,1.34541561,3.655477997,311,121.6315723,0,528.575,3239.16,1878.637913,1132.604,6079.314,8940.839,1.255480538,1,1.697795571,6.787627766,151,102.3228013,0,626.454,2787.019,3134.162616,1705.867,10198.292,20842.99,1.095635725,1,1.544195574,3.181120025,821,137.5121778,0,615.103,4243.358,3495.338216,1640.097,13218.058,24963.991,1.152468109,1,1.43236963,3.489944133,635,91.99247559,0,452.92,2848.671,3230.62971,1628.413,11137.547,24380.604,1.133964931,1,1.250000285,4.285966919,144,134.6514653,0,996.309,3182.049,3136.539722,1549.03,11011.125,27939.411,1.096527367,1,1.664483787,3.131470405
s1-load60,fifo+topology_aware+easy_predicted,3,0.2085155196,0.1917323133,0,0.01345311538,0.002587322122,0.0007427687498,2000,1600,0,30.46895813,0,0,1194.798,2633.882224,1241.348,9812.877,22570.754,1.063083128,1,1,2.668796637,1.063083128,2159.059316,377,110.9400584,921.594,0.6115166828,0.03421379527,0.0672933639,0.9865468846,61.31426,0,0,61.31422764,3.236363637e-05,0,0,0,0,0.9992572313,1.071724795,0.9974126779,0.002587322122,773,276571.691,43,16,2238,639,36.79176369,0,5.931,1578.316,3800.734326,1850.573,14582.953,30617.045,1.077883264,1,1.048936202,2.875048604,481,33.69448025,0,0,1290.971,1660.505509,944.744,5048.337,8799.225,1.082189309,1,1,3.881314576,318,11.31737421,0,0,200.555,2233.575519,1173.634,8847.126,11829.292,1.009764181,1,1,1.250000492,162,33.54583951,0,106.016,963.901,1707.173821,964.541,5474.689,10478.614,1.05263909,1,1.124001026,2.668796637,827,25.92308585,0,0,1194.798,2691.420838,1234.097,9657.798,22691.536,1.048954174,1,1,2.622447608,629,35.06774404,0,47.768,1080.567,2460.149196,1226.021,9812.877,14694.807,1.062705184,1,1.094580763,2.668796637,144,36.48840278,0,0,1605.801,3062.310285,1298.93,11894.199,30617.045,1.145877382,1,1,4.746602153
s1-load60,fifo+topology_aware+easy_predicted,4,0.2215910938,0.1917323133,0,0.0148429691,0.005298013245,0.009717798188,2000,1600,0,49.85842188,0,0,1595.849,2638.815411,1490.848,8880.235,14662.773,1.078785264,1,1,2.649579238,1.078785264,2182.724466,354,209.1547006,1595.293,0.5865013825,0.04439463438,0.06021928358,0.9851570309,69.23432889,0,0,69.23429956,2.933333334e-05,0,0,0,0,0.9902822018,1.285625419,0.9947019868,0.005298013245,755,293911.957,40,11,2250,615,39.0471122,0,0,1344.967,2000.464702,932.567,7795.18,12392.884,1.073094494,1,1,2.675248443,495,29.69511111,0,0,1064.322,3665.961943,2178.422,11862.514,21983.224,1.014766958,1,1.015891496,1.281948702,334,47.40477545,0,0,1595.293,2366.069195,1543.542,7739.013,12069.118,1.07866609,1,1.001739108,2.187264061,156,161.7129872,0,1157.276,4946.77,2480.132,1645.999,7598.06,10368.405,1.304610195,1,2.013722308,6.443974915,845,41.09137988,0,0,1277.197,2745.446334,1515.515,9424.73,14759.055,1.076690646,1,1,2.537992399,608,52.77599013,0,0,1595.293,2524.376923,1488.178,7785.041,13385.698,1.04411983,1,1,2.617110336,147,88.18678231,0,0,2913.314,2499.192762,1393.713,10582.297,14646.018,1.234203873,1,1.027550932,2.675248443
s1-load60,fifo+topology_aware+easy_predicted,5,0.2033529474,0.1917323133,0,0.008901757955,0.002652519894,6.635626458e-05,2000,1600,0,17.80295875,0,0,792.187,2185.989382,1453.587,6268.402,11032.485,1.020632107,1,1,1.590835675,1.020632107,2067.548566,334,58.87579341,658.259,0.5371329145,0.0366935743,0.05351775026,0.991098242,32.38892889,0,0,32.38891337,1.551515152e-05,0,0,0,0,0.9999336437,1.019282579,0.9973474801,0.002652519894,754,268434.135,30,10,2179,639,23.52443505,0,0,1086.348,2142.259385,1359.667,6150.542,14041.681,1.027806082,1,1,2.09312219,486,19.02383539,0,0,868.283,1821.310173,1260.423,5342.226,8811.576,1.022358777,1,1,1.590835675,322,10.49381056,0,0,524.558,2761.481907,2203.499,7426.538,11427.432,1.009619546,1,1,1.326849494,153,5.411954248,0,0,255.448,2315.851941,1478.383,6827.049,14317.204,1.008362257,1,1,1.072622446,846,16.90726123,0,0,792.187,2222.014658,1417.714,6406.289,12341.63,1.014938582,1,1,1.539577679,602,17.38678571,0,0,731.62,2106.338277,1503.666,6150.542,9992.605,1.025115904,1,1,1.590835675,152,24.43648684,0,0,1127.147,2300.940579,1507.125,6880.407,14738.915,1.034562873,1,1,2.425855085
s1-load60,fifo+topology_aware+easy_predicted,6,0.2918216274,0.2347684252,0.04167693073,0.0152968304,0,7.944110533e-05,2000,1600,0,27.52165687,0,126.416,816.928,1940.075092,1118.408,6301.278,12447.356,1.053988976,1,1.224459358,2.234082511,1.053988976,2112.995493,388,103.2030438,795.296,0.6354237475,0.0809940733,0.07798168215,0.9847031696,52.81918222,0,0,52.81911552,6.670707071e-05,0,0,0,0,0.9999205589,1.023414613,1,0,808,218789.027,78,26,2326,647,21.02437403,0,55.415,649.273,2075.45408,1176.868,6666.075,12447.356,1.043936684,1,1.166050399,1.81042984,472,29.18068856,0,153.798,897.407,1813.157506,1106.869,5851.818,12307.186,1.054548777,1,1.250000476,2.587292964,318,34.54618239,0,178.922,1055.572,1280.816349,969.037,3418.959,5228.839,1.068380057,1,1.25000143,3.382336911,163,34.80312883,0,223.671,870.194,3056.389055,1361.933,9437.198,27378.452,1.064192923,1,1.250000497,2.234082511,792,36.27407197,0,248.379,1086.078,2036.682386,1137.455,6467.098,16868.975,1.076659956,1,1.25000114,3.090787143,644,17.55006211,0,24.673,561.218,1811.982253,1066.782,6147.648,9764.293,1.027777797,1,1.114411066,1.758501668,164,24.41064634,0,177.379,600.896,1976.531262,1201.874,6325.744,11842.864,1.047431553,1,1.25,2.118283872
s1-load60,fifo+topology_aware+easy_predicted,7,0.198313466,0.1917323133,0,0.002704902158,0.003722084367,0.0001541661892,2000,1600,0,23.47383562,0,0,970.017,3810.697131,1453.214,14146.793,41541.625,1.034585495,1,1,1.644442885,1.034585495,2055.586792,369,100.0876965,890.769,0.5612029958,0.03689790052,0.04958703763,0.9972950978,18.18015778,0,0,18.18013794,1.983838384e-05,0,0,0,0,0.9998458338,1.0353461,0.9962779156,0.003722084367,806,489567.195,26,10,2112,632,23.1741693,0,0,863.256,3335.187206,1339.761,12931.765,31856.608,1.033777075,1,1,1.330385574,504,17.49481349,0,0,683.667,5631.588982,1832.096,29959.521,68088.711,1.039161308,1,1,1.644442885,308,26.00950649,0,0,908.464,2495.330912,1006.069,9426.24,22586.95,1.018611563,1,1,1.759575047,156,38.99838462,0,0,1779.829,2451.245692,1453.214,8824.704,13588.796,1.054615509,1,1,3.865778512,794,18.37429093,0,0,908.464,3952.839636,1481.365,13521.065,46953.934,1.034013176,1,1,1.411319387,644,26.40621429,0,0,1109.637,3720.974404,1383.927,15038.545,41541.625,1.036753698,1,1,1.675780632,162,36.81079012,0,0,1795.388,3470.698907,1429.994,12591.094,29227.13,1.028771286,1,1,1.410922171
s1-load60,fifo+topology_aware+easy_predicted,8,0.2050724065,0.1917323133,0,0.01331263846,0,2.745475278e-05,2000,1600,0,5.059534375,0,0,104.946,1523.476923,723.462,5439.346,12122.439,1.01401965,1,1,1.255460454,1.01401965,2026.694078,390,18.69902308,45.106,0.5440945684,0.01511876536,0.05172222817,0.9866873615,34.76989111,0,0,34.76987644,1.466666668e-05,0,0,0,0,0.9999725452,1.011823607,1,0,800,184160.024,24,10,2108,674,4.451545994,0,0,196.923,1200.121944,590.999,4791.505,8373.706,1.018745235,1,1,1.502805918,490,2.984465306,0,0,48.328,1371.050541,654.251,4241.558,12710.929,1.009592595,1,1,1.149839782,303,7.925188119,0,0,94.633,2218.615551,1054.794,7770.511,13651.835,1.008054069,1,1,1.286717761,133,9.257090226,0,0,187.271,2140.04218,1083.121,9774.231,14700.107,1.019972904,1,1,1.488586004,800,6.2157875,0,0,196.923,1550.184003,694.857,5458.441,12823.07,1.021141371,1,1,1.286717761,629,2.471131955,0,0,76.553,1515.827908,763.24,5373.781,11138.25,1.004951124,1,1,1.250000103,171,9.171245614,0,0,536.625,1426.667374,718.429,5628.353,8705.806,1.014058979,1,1,1.890951373
s1-load60,fifo+topology_aware+easy_predicted,9,0.264265357,0.211644923,0.03664534203,0.0125237917,0.002518891688,0.0009324086453,2000,1600,0,45.62317313,0,111.154,1711.142,2453.739673,1191.385,8378.698,16043.629,1.06907891,1,1.103856305,2.51894763,1.06907891,2259.396538,346,180.0166387,1632.692,0.5979314789,0.02420453801,0.05429959854,0.9874762083,55.4327,0,0,55.43266844,3.155555556e-05,0,0,0,0,0.9990675914,1.083233713,0.9974811083,0.002518891688,794,264962.448,55,20,2433,645,45.30002171,0,123.259,1528.69,2439.486616,1251.246,7546.193,16787.21,1.074326402,1,1.157121314,2.622890329,474,41.49788186,0,107.3,1711.142,2409.468523,1138.698,8944.96,14205.932,1.04433349,1,1.061689676,2.374587865,330,52.27705455,0,111.154,1943.912,2791.140333,1431.772,10337.73,19937.814,1.113281869,1,1.08304349,2.71323769,151,45.41151656,0,172.282,2121.836,1916.226623,839.79,8224.47,13637.962,1.02773931,1,1.216482248,1.69384445,806,53.45274814,0,123.259,1992.716,2531.399603,1214.344,8944.96,15767.555,1.087811545,1,1.140716539,2.516866696,627,36.66330622,0,102.859,1101.62,2452.158644,1204.049,7934.087,16787.21,1.051569295,1,1.062104216,2.551559315,167,41.47466467,0,224.97,1528.69,2084.861838,1052.493,7283.418,16394.706,1.044408401,1,1.085204774,2.328931459
s1-load60,fifo+topology_aware+easy_predicted,10,0.7078428036,0.3296547879,0.3250346297,0.03425264605,0.01820546164,0.0006952783869,2000,1600,0,160.2885794,0,985.907,3609.179,2997.898968,1448.936,11289.358,22485.203,1.168986119,1,1.719349139,5.686803964,1.168986119,2333.319565,352,533.6570114,3286.729,0.6886036299,0.1337892625,0.07472322083,0.9657473539,210.0430044,0,0,210.0429588,4.565656565e-05,0,0,0,0,0.9993047216,1.066630743,0.9817945384,0.01820546164,769,360863.704,86,33,2543,626,132.4638035,0,754.331,3460.845,2895.046486,1609.746,10041.867,16740.963,1.151819792,1,1.598106977,4.288760595,484,233.9359938,0,1733.217,4816.788,4044.692481,1405.408,14251.709,27287.02,1.193322509,1,2.044020079,6.329996333,343,126.1255102,0,648.639,3286.729,2336.998784,1431.192,6728.406,14139.996,1.1440107,1,1.477555016,4.450639944,147,116.0089456,0,471.687,2826.747,1531.411599,1029.611,4062.866,8666.239,1.220236982,1,1.680396723,7.113127242,831,144.3550818,0,884.243,3280.654,2887.007599,1463.777,11377.697,20582.704,1.177942118,1,1.682667307,5.896512477,627,184.7085423,0,956.849,3900.976,3127.710769,1439.017,11289.358,26201.23,1.159132862,1,1.755092304,4.19327374,142,145.7070282,0,1131.711,1960.855,3073.664662,1477.061,10692.694,19281.967,1.160081593,1,1.505480015,3.777320453
s1-load60,fifo+topology_aware+easy_predicted,11,0.2099216727,0.1917323133,0,0.0156843908,0.002466091245,3.887732203e-05,2000,1600,0,46.10131125,0,0,1784.671,2835.192426,1477.337,9771.236,22231.139,1.038843893,1,1,2.183999734,1.038843893,2062.79571,333,203.1748589,1784.671,0.5828940458,0.07412278647,0.06217759688,0.9843156092,72.08606667,0,0,72.08601386,5.280808081e-05,0,0,0,0,0.9999611227,1.017078668,0.9975339088,0.002466091245,811,324176.36,51,16,2228,640,43.30674063,0,0,1767.544,3319.124714,1623.355,11280.078,26817.081,1.038525044,1,1,2.009244457,470,53.56535957,0,0,2170.448,2187.042577,1418.79,6987.666,10328.257,1.035332996,1,1.074699219,2.142954274,327,35.1576208,0,0,1285.255,2572.682428,1262.048,9933.5,22231.139,1.048484646,1,1,3.04632842,163,57.50627607,0,0,3011.159,3330.619012,1821.899,11052.617,25425.573,1.030878612,1,1.00950833,2.149315582,789,55.87243853,0,0,2347.879,2933.453532,1525.418,10081.605,24400.136,1.058400225,1,1.100000907,3.526960515,653,37.0042879,0,0,1767.544,2551.226518,1385.928,8679.893,16537.878,1.018713449,1,1,1.547617018,158,34.90470886,0,0,1010.964,3518.114734,1848.992,14119.809,26474.038,1.024383352,1,1,1.716373684
s1-load60,fifo+topology_aware+easy_predicted,12,0.2010690924,0.1917323133,0,0.008924572267,0,0.0004122068556,2000,1600,0,13.12019187,0,0,542.466,2511.73758,1325.379,8756.039,18503.24,1.026934678,1,1,1.440705603,1.026934678,2062.488907,349,60.06846705,500.825,0.5264789394,0.04189988503,0.05981960381,0.9910754277,35.34064,0,0,35.34059022,4.977777778e-05,0,0,0,0,0.9995877931,1.056784951,1,0,823,299786.219,27,10,2151,597,9.672894472,0,0,565.459,1487.702638,898.135,4931.943,9913.322,1.01661033,1,1,1.437448832,519,18.46556069,0,0,558.306,3710.781961,1711.489,14151.868,23590.014,1.057308945,1,1,1.530872769,324,1.726462963,0,0,0,2775.911494,1953.291,8169.658,11913.327,1.000495838,1,1,1,160,31.71618125,0,0,1231.48,1908.315569,1279.931,5525.849,12484.475,1.020469518,1,1,1.614376085,777,12.64362291,0,0,500.825,2494.063727,1342.749,9178.993,20072.319,1.038881912,1,1,1.501707199,660,15.5183697,0,0,637.508,2499.726155,1369.894,8756.039,16639.112,1.018783516,1,1,1.440705603,163,5.681521472,0,0,129.565,2644.621779,1178.632,8695.297,28479.054,1.002988455,1,1,1.141609295
s1-load60,fifo+topology_aware+easy_predicted,13,0.1971030883,0.1917323133,0,0.005314289762,0,5.64852293e-05,2000,1600,0,6.36521375,0,0,268.269,2099.565678,1315.418,6590.317,12617.202,1.009792937,1,1,1.309364258,1.009792937,2029.478377,351,25.9477265,217.794,0.5974579503,0.01626773519,0.05779758052,0.9946857102,19.64419111,0,0,19.64418578,5.333333337e-06,0,0,0,0,0.9999435148,1.018861523,1,0,813,241043.138,30,11,2106,628,3.058714968,0,0,92.213,2111.808145,1448.1,6179.046,10829.723,1.003489934,1,1,1.099813282,479,8.613273486,0,0,361.666,1939.166635,1046.241,6360.084,13717.918,1.016148647,1,1,1.681870653,328,5.865981707,0,0,271.211,1832.082098,1131.28,5083.591,9042.548,1.006228555,1,1,1.190983259,165,13.41617576,0,0,520.66,3050.338327,1889.125,10146.53,17191.957,1.022417283,1,1,2.409866938,787,4.549232529,0,0,188.672,2095.072976,1329.543,6505.021,12617.202,1.008115832,1,1,1.25,643,8.536342146,0,0,364.354,2062.371364,1300.24,6743.422,10829.723,1.010293329,1,1,1.348788282,170,6.560164706,0,0,314.173,2261.046271,1249.784,6747.896,17191.957,1.015664285,1,1,1.421223059
s1-load60,fifo+topology_aware+easy_predicted,14,0.2533338371,0.212365999,0.02339678854,0.01611720565,0.001257861635,0.000195982214,2000,1600,0,51.65547875,0,70.968,1916.808,2029.288743,1046.137,6990.418,14202.218,1.072377016,1,1.107617153,2.742096576,1.072377016,2118.190502,378,200.7982143,1432.703,0.5892797671,0.0658548611,0.06398775438,0.9838827944,60.04000222,0,0,60.03996675,3.54747475e-05,0,0,0,0,0.9998040178,1.039351002,0.9987421384,0.001257861635,795,233813.236,54,20,2270,594,32.14517508,0,42.195,1113.801,1428.571758,647.369,5242.176,11861.555,1.060649877,1,1.100000077,2.509098891,514,72.56400195,0,255.959,2260.059,2423.495323,1468.158,7636.048,13281.989,1.074470351,1,1.17522541,2.977856281,336,34.12254167,0,0,1005.521,1630.939842,898.939,5344.919,10684.585,1.075973173,1,1.107617153,2.598800741,156,94.81705769,0,338.112,3207.146,3875.756288,1588.05,17690.944,31756.379,1.102387513,1,1.154060747,3.667670187,805,60.03767453,0,124.486,2213.814,2054.068058,1058.907,6990.418,13281.989,1.079069331,1,1.17522541,3.019270731,635,49.35434646,0,73.14,1432.703,1937.901345,1050.177,6875.931,15058.718,1.079203948,1,1.22388745,2.578080273,160,18.615175,0,0,524.44,2267.311544,898.267,7907.514,25809.39,1.011611919,1,1,1.301530222
s1-load60,fifo+topology_aware+easy_predicted,15,0.4021729399,0.2424531311,0.1309373538,0.0207906249,0.007462686567,0.0005291434769,2000,1600,0,66.24154625,0,397.164,1733.69,3140.689948,1610.39,11647.488,21671.274,1.092847962,1,1.264539748,2.74150254,1.092847962,2254.46157,357,236.3489664,1617.161,0.6269036389,0.07275737426,0.07130828739,0.9792093751,118.45528,0,0,118.4552418,3.822222228e-05,0,0,0,0,0.9994708565,1.057175022,0.9925373134,0.007462686567,804,354794.792,77,27,2408,654,64.30225994,0,377.735,1730.429,2621.782145,1507.648,9404.055,16133.945,1.079227091,1,1.24766064,2.844706955,498,82.71015261,0,609.929,1895.853,4274.092641,2343.06,13962.612,28521.667,1.111502005,1,1.297196229,2.523966474,299,52.70071572,0,285.133,1174.129,2022.852518,893.474,7084.185,18554.695,1.111997954,1,1.250001015,5.232135672,149,46.88339597,0,426.152,1132.215,3873.337953,1924.505,15393.483,28341.376,1.051857952,1,1.497308014,2.34940915,796,80.07652889,0,572.314,1806.439,3416.23056,1655.483,13253.533,24940.483,1.08553339,1,1.353708377,2.844706955,652,49.01471166,0,204.311,1617.161,3023.792058,1633.793,10688.203,16898.766,1.106370946,1,1.215169032,2.74150254,152,67.68398026,0,374.598,1738.228,2199.157684,1144.034,7782.153,19034.646,1.073146737,1,1.153789059,3.478600141
s1-load60,fifo+topology_aware+easy_predicted,16,0.585552761,0.3257871411,0.21840761,0.03111090525,0.009950248756,0.0002968559716,2000,1600,0,90.121405,0,662.482,1633.721,1736.787196,833.85,6368.198,12984.877,1.149395152,1,1.699177022,4.237547673,1.149395152,2423.251533,364,282.4169753,1428.315,0.7180987002,0.0891742518,0.06701002702,0.9688890947,109.5356889,0,0,109.5356178,7.111111113e-05,0,0,0,0,0.999703144,1.043773268,0.9900497512,0.009950248756,804,179545.735,95,40,2568,625,76.5294544,0,499.535,1338.485,1494.54133,670.179,6047.195,13201.335,1.133477611,1,1.590775088,3.69499712,493,97.45869168,0,744.595,2389.378,2069.365659,928.984,7704.925,14200.291,1.180020044,1,1.673945421,5.128008255,322,94.82613975,0,722.205,1439.745,1513.357242,817.291,5292.584,8296.363,1.142775114,1,1.817032237,4.063436882,160,111.1386687,0,1004.259,2325.089,2107.9555,1311.709,5723.644,18847.255,1.130532923,1,2.032980738,4.237547673,796,96.74321482,0,662.482,2474.388,1794.942634,806.815,6569.713,15095.486,1.167125923,1,1.799011684,5.265999178,633,79.71769984,0,568.099,1450.024,1682.817899,867.982,6266.024,10791.083,1.117125028,1,1.610497911,3.485157882,171,97.80903509,0,744.595,1298.308,1665.856409,811.927,5945.259,11295.153,1.186315003,1,1.805210926,4.713566659
s1-load60,fifo+topology_aware+easy_predicted,17,0.2887658566,0.2155486078,0.04220079355,0.02450554399,0.006426735219,8.417608269e-05,2000,1600,0,47.46153563,0,128.005,1551.278,2831.163126,1578.167,10042.103,17959.994,1.052042821,1,1.124216383,2.318799289,1.052042821,2085.595804,372,167.8595054,1185.484,0.6437453381,0.05815084152,0.06698846939,0.975494456,133.3213422,0,0,133.3213015,4.072727273e-05,0,0,0,0,0.9999158239,1.02313748,0.9935732648,0.006426735219,778,321483.981,56,25,2256,628,49.09431051,0,71.102,1672.715,3023.096127,1823.16,11343.957,16559.718,1.047877834,1,1.067631545,2.600713515,486,56.44888272,0,73.567,2183.62,3325.911037,2021.949,11602.581,19853.406,1.066556034,1,1.085633572,2.557726275,340,35.88889706,0,190.169,999.681,1897.592488,864.97,5973.188,19778.328,1.042436676,1,1.250000614,1.841054752,146,37.47156164,0,161.57,987.952,2532.756329,1836.305,7947.85,12275.745,1.044017347,1,1.228561557,2.534965631,822,39.29507299,0,59.018,1144.902,2786.897978,1605.234,9782.578,16559.718,1.035484422,1,1.043488898,1.841054752,617,54.62497893,0,248.281,1618.171,2901.879036,1576.048,10947.309,20333.224,1.071537593,1,1.233887395,2.557726275,161,61.70369565,0,152.148,2016.953,2786.158379,1511.3,10042.103,21302.621,1.061873442,1,1.064308828,3.123649167
s1-load60,fifo+topology_aware+easy_predicted,18,0.2142894112,0.1917323133,0,0.007918293005,0.002522068096,0.0121167368,2000,1600,0,32.53490688,0,0,957.61,3990.604557,1537.624,16431.804,34132.782,1.096633146,1,1,1.761429984,1.096633146,2159.167967,356,127.5869326,897.422,0.5305776592,0.02043363035,0.05627204589,0.992081707,51.11731778,0,0,51.11729875,1.903030305e-05,0,0,0,0,0.9878832632,1.280229983,0.9974779319,0.002522068096,793,493154.151,26,11,2108,654,27.78040214,0,0,947.391,6419.111781,2871.397,22320.278,46925.048,1.012608487,1,1,1.301420877,489,57.00592843,0,0,1696.137,2625.039072,1112.98,10667.916,15435.167,1.287514765,1,1,4.064789779,318,16.86651258,0,0,529.088,1420.115899,987.727,4132.941,7577.023,1.015664857,1,1,1.617508086,139,4.662,0,0,0,3249.116727,1440.434,15008.808,17876.58,1.005690213,1,1,1.250000058,807,35.48339529,0,0,897.422,3607.729257,1446.8,15355.238,25980.821,1.162786201,1,1,1.946431229,633,27.09831912,0,0,1148.379,4539.846594,1625.19,18594.231,38563.639,1.028733171,1,1,1.617508086,160,39.17196875,0,0,1731.075,3748.79305,1693.027,11371.559,46925.048,1.031602957,1,1,1.540939556
s1-load60,fifo+topology_aware+easy_predicted,19,0.193967743,0.1917323133,0,0.002202721527,0,3.270821752e-05,2000,1600,0,8.508516875,0,0,163.694,2582.433862,1067.71,8724.271,24248.916,1.012841456,1,1,1.275864155,1.012841456,2024.227619,338,31.19879586,78.089,0.5331992526,0.01322325279,0.04650616153,0.9977972785,10.07145556,0,0,10.07145067,4.888888891e-06,0,0,0,0,0.9999672918,1.015771116,1,0,831,341021.573,17,4,2094,656,11.65020884,0,0,331.094,3728.449066,1573.692,13193.53,42543.581,1.013274776,1,1,1.275864155,468,5.288489316,0,0,244.148,1635.467784,602.056,6975.626,15676.654,1.018155437,1,1,1.367441197,316,10.69143038,0,0,115.005,2089.216418,989.637,7236.443,17476.555,1.009385328,1,1,1.135912733,160,0.73490625,0,0,39.496,1627.751763,805.987,5193.401,13557.773,1.002347301,1,1,1.07904721,769,10.85152536,0,0,244.148,2521.180882,1122.156,8050.633,22292.51,1.014927009,1,1,1.275864155,662,7.161358006,0,0,115.005,2646.579063,1008.863,10028.385,28158.885,1.011626649,1,1,1.250001574,169,3.124171598,0,0,128.072,2609.886047,1061.406,10019.401,27094.338,1.008110163,1,1,1.356090689
s1-load60,fifo+topology_aware+easy_predicted,20,0.2048455344,0.1917323133,0,0.01030744342,0.002490660025,0.0003151176687,2000,1600,0,25.75105125,0,0,917.855,3104.634821,1499.612,11490.273,23735.158,1.028375943,1,1,1.723120717,1.028375943,2045.65151,353,96.17312465,863.918,0.5922848051,0.05487818756,0.05670018793,0.9896925566,54.81451556,0,0,54.81447859,3.696969699e-05,0,0,0,0,0.9996848823,1.042893162,0.99750934,0.002490660025,803,348693.455,45,15,2204,645,28.69643256,0,0,946.993,5125.113019,2794.715,18420.982,38188.694,1.015541241,1,1,1.619474624,467,21.16273876,0,0,897.117,1327.54388,864.446,4298.003,7238.014,1.042311732,1,1,2.91439729,310,24.95575806,0,0,718.947,2449.185232,1599.662,7988.986,11439.365,1.016444675,1,1,1.360631744,178,28.50111798,0,0,945.151,1587.120236,726.626,6509.274,12278.935,1.059101017,1,1,3.423131553,797,26.37651819,0,0,945.151,3049.573143,1447.432,11672.004,21219.024,1.024436073,1,1,1.73780469,621,24.18451691,0,0,894.732,3317.029762,1568.283,12521.309,28467.479,1.034541032,1,1,1.781641047,182,28.35720879,0,0,946.993,2621.046352,1438.849,8260.604,26503.318,1.024593287,1,1,1.619474624
s1-load60,priority+topology_aware+easy_predicted,1,0.1990405665,0.1917323133,0,0.007232971369,0,7.528187868e-05,2000,1600,0,9.27129375,0,0,268.734,3186.549752,1276.245,9459.182,46326.346,1.01519864,1,1,1.319511509,1.01519864,2024.317824,370,37.53395135,188.908,0.5375261985,0.01092312511,0.05489001533,0.9927670286,40.82695111,0,0,40.82693333,1.777777779e-05,0,0,0,0,0.9999247181,1.022489027,1,0,812,420102.159,21,6,2084,647,16.9418609,0,0,694.165,2307.196124,1530.574,7500.226,15033.631,1.027165245,1,1,1.610599565,468,2.173758547,0,0,0,1598.922011,923.687,5969.06,9235.755,1.006890052,1,1,1.25,333,4.858318318,0,0,55.189,7245.600369,1323.259,46326.346,86400,1.004573368,1,1,1.06101072,152,8.141756579,0,0,259.101,2925.284783,1843.322,10223.501,15590.314,1.013121279,1,1,1.597877554,788,9.199013959,0,0,245.765,3175.043702,1336.641,9325.932,48633.587,1.012014827,1,1,1.295381706,648,8.035214506,0,0,259.101,3111.261836,1197.008,10238.91,44785.025,1.012427715,1,1,1.358222198,164,14.50260976,0,0,749.817,3539.314,1203.787,9059.982,67156.945,1.041445,1,1,1.80399485
s1-load60,priority+topology_aware+easy_predicted,2,0.3652139327,0.2362334749,0.07991232336,0.0358327466,0.001283697047,0.01195169081,2000,1600,0,153.1080494,0,242.393,5553.947,3392.381401,1594.564,13246.843,25484.217,1.226562142,1,1.232100478,5.14852041,1.226562142,2380.039389,332,708.6496898,5553.947,0.6069023034,0.1025335417,0.06085727566,0.9641672534,217.2437622,0,0,217.243714,4.824242426e-05,0,0,0,0,0.9880483092,1.30451357,0.998716303,0.001283697047,779,341900.773,67,23,2420,636,173.8445519,0,216.427,6286.95,4765.548943,2142.908,17344.835,33047.421,1.106560428,1,1.18453348,5.400097122,502,185.6705259,0,134.128,5553.947,2691.856723,1516.656,8439.492,18121.221,1.383281815,1,1.108711467,4.672237658,311,95.67629904,0,348.357,2272.757,1852.68264,1132.604,6147.75,8940.839,1.299684713,1,1.290270396,6.330338185,151,75.80007285,0,637.515,1783.535,3108.773093,1697.154,10198.292,20842.99,1.060381315,1,1.306680425,2.873332858,821,253.9417369,0,475.053,8152.905,3614.353319,1643.928,13633.339,25484.217,1.332907914,1,1.291675937,6.156525424,635,46.33066142,0,170.528,1223.382,3182.234872,1577.57,11137.547,24380.604,1.07741067,1,1.146732369,3.04647419,144,49.07460417,0,0,637.515,3053.520986,1532.933,11011.125,27939.411,1.277960103,1,1.003890167,1.306680425
s1-load60,priority+topology_aware+easy_predicted,3,0.2039420458,0.1917323133,0,0.01205319949,0,0.0001565330544,2000,1600,0,24.08038313,0,0,754.926,2627.01557,1226.439,9547.711,22570.754,1.049819163,1,1,2.277686306,1.049819163,2113.391132,377,89.57794695,667.751,0.611509679,0.03633491488,0.07188857139,0.9879468005,54.85612667,0,0,54.85609972,2.694949496e-05,0,0,0,0,0.9998434669,1.031743783,1,0,773,275267.756,48,14,2260,639,24.34448044,0,0,936.294,3791.352243,1784.63,14582.953,30617.045,1.031553348,1,1.011933895,1.593469774,481,25.09872141,0,0,754.926,1650.592852,936.573,5048.337,8799.225,1.061076938,1,1,3.629168782,318,16.18759119,0,0,283.673,2231.872903,1189.461,8847.126,11812.887,1.064298753,1,1,1.337819825,162,35.50833951,0,153.239,815.085,1709.136321,986.729,5474.689,10478.614,1.0600189,1,1.155008656,2.671149761,827,23.40029746,0,0,895.59,2688.428376,1228.283,9477.484,22691.536,1.061161891,1,1,2.309243138,629,29.32939905,0,13.096,751.374,2453.812272,1206.407,9547.711,14694.807,1.039576117,1,1.030199856,1.913481562,144,5.058159722,0,0,135.612,3030.880042,1252.203,11894.199,30617.045,1.029419443,1,1,1.272765284
s1-load60,priority+topology_aware+easy_predicted,4,0.2169700586,0.1936696253,0,0.0154652582,0.005298013245,0.002537161858,2000,1600,0,51.94992562,0,0,1650.732,2641.372429,1491.114,8961.763,14662.773,1.073566577,1,1.010104254,2.566384798,1.073566577,2181.904563,354,210.7485113,1616.642,0.5879054829,0.05755274068,0.06603247668,0.9845347418,72.18256222,0,0,72.18253822,2.400000001e-05,0,0,0,0,0.9974628381,1.151500877,0.9947019868,0.005298013245,755,293911.957,53,21,2269,615,39.83126504,0,0,1498.59,2005.666787,932.567,7971.136,12392.884,1.079087461,1,1,2.944645696,495,38.00064444,0,1.804,1388.126,3671.839467,2190.046,11862.514,21983.224,1.018057579,1,1.011394306,1.299272801,334,53.2671497,0,0,1277.197,2371.931569,1534.37,7739.013,12069.118,1.099554905,1,1,1.960931144,156,141.1673462,0,1157.276,5058.21,2454.648282,1645.999,7598.06,10368.405,1.172294196,1,2.007509895,6.443974915,845,55.52888402,0,0,1543.281,2762.683891,1519.681,9458.393,14759.055,1.094550413,1,1.010333543,2.662769551,608,49.38341118,0,0,1659.396,2519.013382,1486.887,7785.041,13385.698,1.041359957,1,1,2.313019143,147,41.9922449,0,77.405,1616.642,2450.12151,1393.713,10582.297,14646.018,1.08615354,1,1.0773524,2.566384798
s1-load60,priority+topology_aware+easy_predicted,5,0.2009577787,0.1917323133,0,0.009165768964,0,5.969646467e-05,2000,1600,0,15.363145,0,0,680.956,2183.822237,1452.512,6289.937,11032.485,1.016558748,1,1,1.57937702,1.016558748,2061.775702,334,56.85628743,510.952,0.5372751997,0.03584976704,0.05133189633,0.990834231,33.35841556,0,0,33.35839956,1.600000001e-05,0,0,0,0,0.9999403035,1.018386622,1,0,754,268801.053,31,14,2173,639,22.59884194,0,0,1062.834,2141.333792,1363.667,6150.542,14041.681,1.023995359,1,1,1.761068001,486,15.11765844,0,0,838.176,1818.301669,1258.224,5342.226,8811.576,1.017293683,1,1,1.536440601,322,6.818279503,0,0,239.054,2757.806376,2201.813,7426.538,11427.432,1.005942821,1,1,1.243006003,153,3.906562092,0,0,255.448,2314.346549,1478.383,6827.049,14317.204,1.005507473,1,1,1.090987221,846,19.01253073,0,0,713.543,2224.119928,1424.54,6406.289,12341.63,1.016892729,1,1,1.603206939,602,12.4131113,0,0,510.952,2102.089302,1488.217,6150.542,9992.605,1.017773241,1,1,1.536440601,152,6.735118421,0,0,257.061,2283.239211,1420.615,6880.407,14738.915,1.009889845,1,1,1.486944645
s1-load60,priority+topology_aware+easy_predicted,6,0.259542631,0.2133684838,0.02921829249,0.01685213001,0,0.0001037246794,2000,1600,0,28.80998937,0,88.626,1030.24,1943.780943,1115.823,6301.278,12447.356,1.052546627,1,1.112845718,2.356058972,1.052546627,2107.40934,388,109.6070876,662.722,0.6364223622,0.06491566613,0.06749783926,0.98314787,58.28160667,0,0,58.28154489,6.177777778e-05,0,0,0,0,0.9998962753,1.028747744,1,0,808,218789.027,75,31,2323,647,21.1868609,0,71.781,560.766,2079.899261,1155.215,6666.075,12447.356,1.040870214,1,1.064079962,1.967127431,472,31.83009322,0,105.626,1200.058,1817.856773,1106.869,5851.818,12307.186,1.056527408,1,1.250000076,2.707194824,318,36.46770755,0,126.416,1060.167,1283.540877,969.693,3479.134,5550.211,1.070792884,1,1.124543441,2.563756062,163,35.3837362,0,179.252,644.396,3056.198104,1361.933,9437.198,27378.452,1.051769946,1,1.224459358,2.234082511,792,43.90382576,0,183.389,1428.982,2049.503819,1144.826,6467.098,16868.975,1.080645665,1,1.246659134,4.518397413,644,15.81056056,0,25.698,543.138,1809.097169,1074.366,6147.648,9764.293,1.027312997,1,1.064079962,1.869697546,164,6.964341463,0,35.618,211.061,1962.096994,1201.874,6301.278,11842.864,1.015936991,1,1.069362816,1.422956935
s1-load60,priority+topology_aware+easy_predicted,7,0.1965587431,0.1917323133,0,0.002191448571,0.002481389578,0.0001535916057,2000,1600,0,16.2486575,0,0,550.879,3803.037292,1430.671,14146.793,41541.625,1.0157063,1,1,1.330385574,1.0157063,2025.38008,369,65.35315176,369.36,0.5609122177,0.01863222259,0.05084249245,0.9978085514,14.72156,0,0,14.72154,2e-05,0,0,0,0,0.9998464084,1.03224208,0.9975186104,0.002481389578,806,489567.195,29,7,2081,632,16.74073418,0,0,550.879,3328.548823,1337.341,12931.765,31856.608,1.014053718,1,1,1.330385574,504,8.745513889,0,0,103.367,5621.259879,1831.644,29959.521,68088.711,1.009301659,1,1,1.250001161,308,17.8094026,0,0,558.988,2487.878503,989.601,9426.24,22586.95,1.016339238,1,1,1.27866475,156,35.41457051,0,0,1779.829,2447.661878,1453.214,8824.704,13588.796,1.041843644,1,1,3.510831243,794,17.20741184,0,0,708.741,3950.169953,1471.783,13521.065,46953.934,1.019153777,1,1,1.574163673,644,12.13402795,0,0,512.658,3707.676278,1368.23,15038.545,41541.625,1.01353134,1,1,1.417003294,162,27.9065,0,0,1795.388,3460.995068,1429.571,12591.094,29227.13,1.007455539,1,1,1.250001227
s1-load60,priority+topology_aware+easy_predicted,8,0.202107982,0.1917323133,0,0.01032058176,0,5.50869269e-05,2000,1600,0,4.98763625,0,0,97.871,1522.554241,723.462,5439.346,12122.439,1.011526212,1,1,1.25,1.011526212,2020.868238,390,19.1306359,45.106,0.5428233799,0.01760662743,0.04843559678,0.9896794182,26.87375778,0,0,26.87374958,8.202020209e-06,0,0,0,0,0.9999449131,1.018943475,1,0,800,184160.024,25,12,2110,674,2.589910979,0,0,89.239,1198.259954,590.999,4791.505,8373.706,1.012733885,1,1,1.25,490,3.201369388,0,0,97.871,1371.214182,658.092,4241.558,12710.929,1.008605016,1,1,1.149839782,303,9.546518152,0,0,38.968,2215.831215,1054.794,7770.511,13651.835,1.007122514,1,1,1.131505592,133,13.33347368,0,0,197.772,2144.118564,1083.121,9774.231,14700.107,1.026200915,1,1,1.542701985,800,7.03672375,0,0,116.131,1550.096838,698.694,5458.441,12823.07,1.018205526,1,1,1.250000094,629,2.502484897,0,0,76.553,1514.850081,763.24,5373.781,11138.25,1.004242242,1,1,1.134404902,171,4.542549708,0,0,104.946,1422.038678,718.429,5628.353,8705.806,1.007071044,1,1,1.131505592
s1-load60,priority+topology_aware+easy_predicted,9,0.2382288661,0.2080688217,0.01185169585,0.01583232128,0.001259445844,0.001216581432,2000,1600,0,53.88159687,0,35.949,2214.246,2463.754892,1208.382,8401.309,16043.629,1.097006467,1,1.085204774,3.367316672,1.097006467,2524.005282,346,218.3150376,2066.567,0.5980459069,0.03563539841,0.05563979822,0.9841676787,70.31246667,0,0,70.31242707,3.959595961e-05,0,0,0,0,0.9987834186,1.094378711,0.9987405542,0.001259445844,794,266095.859,64,33,2493,645,57.11197209,0,124.433,2234.316,2452.01327,1302.968,7645.122,16787.21,1.108183524,1,1.144956496,4.075826871,474,48.94929536,0,0,2214.246,2421.426565,1156.952,8944.96,14205.932,1.066110302,1,1.007668319,3.160660784,330,56.45306061,0,0,2710.841,2795.316339,1431.772,10337.73,19937.814,1.143421026,1,1,2.977037962,151,49.94607285,0,82.644,2066.567,1922.176715,873.09,8224.47,13637.962,1.044812929,1,1.250000292,2.205959119,806,82.15515757,0,184.189,2596.762,2561.409764,1241.971,8944.96,15767.555,1.134732027,1,1.171788181,3.375978976,627,21.61174163,0,16.708,848.086,2438.183204,1210.889,7934.087,16787.21,1.05415078,1,1.015787819,2.51894763,167,38.58045509,0,24.616,881.753,2088.447234,1058.05,7283.418,16394.706,1.075831102,1,1.110503078,3.466003571
s1-load60,priority+topology_aware+easy_predicted,10,0.5133812503,0.2647134237,0.2097221687,0.03712863097,0.001300390117,0.0005166367062,2000,1600,0,129.0637419,0,636.137,3303.611,2967.875628,1408.439,11279.818,22485.203,1.135525388,1,1.38064064,4.447736198,1.135525388,2283.826877,352,468.5820511,3013.911,0.6907061751,0.1141062831,0.07953119781,0.962871369,228.35908,0,0,228.3590164,6.355555556e-05,0,0,0,0,0.9994833633,1.057063898,0.9986996099,0.001300390117,769,360863.704,93,49,2551,626,116.9202013,0,393.189,3460.845,2881.66389,1592.682,9666.583,17848.566,1.150370974,1,1.358671994,4.546717172,484,173.0563967,0,958.217,3407.539,3985.414343,1351.123,14858.427,27997.794,1.146701501,1,1.44543884,4.922600304,343,115.9178688,0,581.827,2271.926,2326.937117,1375.927,6566.115,14632.175,1.088270044,1,1.326209607,3.8985834,147,66.60419048,0,157.608,2356.876,1480.268272,932.064,4060.952,8666.239,1.145770338,1,1.25000268,6.025305335,831,157.4395872,0,781.087,4407.368,2904.310497,1450.602,11377.697,20582.704,1.185599335,1,1.490699648,4.922600304,627,114.3396045,0,495.782,2972.882,3056.687648,1390.08,10982.034,26372.952,1.089465416,1,1.38064064,2.849077293,142,28.01942254,0,57.739,763.898,2947.717085,1314.936,10692.694,19281.967,1.045864493,1,1.076741296,1.424383226
s1-load60,priority+topology_aware+easy_predicted,11,0.2308109944,0.2014690074,0.00996888868,0.01554788335,0.003699136868,0.0001260781036,2000,1600,0,55.26238625,0,30.238,1497.367,2844.453714,1480.761,9709.869,21776.646,1.056706038,1,1.05078275,2.544410919,1.056706038,2091.050317,333,237.3346757,1497.367,0.5828140845,0.07442118495,0.0577122575,0.9844521166,71.44876444,0,0,71.44871111,5.333333333e-05,0,0,0,0,0.9998739219,1.032193205,0.9963008631,0.003699136868,811,324176.36,51,22,2257,640,49.63327031,0,7.381,1436.175,3324.709737,1626.78,11280.078,26817.081,1.054233165,1,1.019649597,2.183999734,470,69.04629362,0,156.69,3008.608,2203.074815,1429.827,6823.327,10328.257,1.055028679,1,1.166658893,2.861571902,327,47.67729358,0,0,1482.856,2585.202101,1284.516,10061.409,20977.915,1.072673971,1,1,3.78739569,163,52.83614724,0,0,1647.566,3328.254356,1821.899,10890.87,25425.573,1.039218207,1,1.012289254,2.149315582,789,86.22707858,0,314.848,3008.608,2964.712422,1566.947,10081.605,24400.136,1.09610944,1,1.250000228,3.708380914,653,23.41294487,0,0,723.537,2535.931556,1385.928,8606.664,16537.878,1.01591247,1,1,1.42988323,158,32.26582278,0,0,1436.175,3519.016044,1901.144,14119.809,26474.038,1.028534619,1,1,1.486499518
s1-load60,priority+topology_aware+easy_predicted,12,0.1976366823,0.1917323133,0,0.005106252179,0,0.0007981168554,2000,1600,0,14.8029225,0,0,396.274,2512.351711,1326.021,8756.039,18503.24,1.037295059,1,1,1.405420313,1.037295059,2066.109197,349,67.18190258,349.419,0.5245801473,0.0581245718,0.0620468466,0.9948937478,20.14277333,0,0,20.14273778,3.555555556e-05,0,0,0,0,0.9992018831,1.079503286,1,0,823,299786.219,31,14,2176,597,10.96455779,0,0,608.625,1488.110707,909.924,5012.53,9913.322,1.021890663,1,1,1.501707199,519,19.62993449,0,0,462.574,3711.885121,1711.489,14151.868,23590.014,1.080228867,1,1,1.741533446,324,2.811570988,0,0,0,2776.996602,1953.291,8169.658,11913.327,1.000672143,1,1,1,160,37.7496875,0,0,1883.944,1907.15855,1279.931,5250.176,12484.475,1.029667576,1,1,1.939885454,777,18.45454183,0,0,462.574,2498.596709,1349.789,9208.534,20072.319,1.063036484,1,1,1.908253538,660,13.96353333,0,0,526.233,2497.085253,1369.894,8756.039,16639.112,1.015986571,1,1,1.316759252,163,0.7948773006,0,0,0,2639.735135,1178.632,8695.297,28479.054,1.000868769,1,1,1
s1-load60,priority+topology_aware+easy_predicted,13,0.1975647653,0.1917323133,0,0.005794408007,0,3.804397302e-05,2000,1600,0,6.676161875,0,0,246.71,2100.628905,1315.418,6532.699,12617.202,1.010517469,1,1,1.298748607,1.010517469,2027.560056,351,29.3028661,232.525,0.5977392912,0.02056324484,0.0588618069,0.994205592,21.42928444,0,0,21.42927022,1.422222223e-05,0,0,0,0,0.999961956,1.016275852,1,0,813,241043.138,30,13,2103,628,2.297409236,0,0,8.553,2110.203936,1448.1,6161.729,10829.723,1.003393055,1,1,1.114165332,479,9.180826722,0,0,409.149,1939.734188,1049.918,6360.084,13717.918,1.016649749,1,1,1.75738681,328,7.182902439,0,0,246.71,1835.409698,1131.28,5083.591,9042.548,1.010571342,1,1,1.320208435,165,15.06350303,0,0,537.34,3058.49163,1953.902,10146.53,17191.957,1.019724131,1,1,1.451828438,787,7.093069886,0,0,335.34,2098.707928,1329.543,6505.021,12617.202,1.011962117,1,1,1.451828438,643,6.396643857,0,0,246.71,2062.824086,1300.24,6743.422,10829.723,1.007551563,1,1,1.298748607,170,5.803358824,0,0,417.973,2252.513071,1249.784,6747.896,17191.957,1.015047699,1,1,1.75738681
s1-load60,priority+topology_aware+easy_predicted,14,0.2278778643,0.1987573194,0.008219272561,0.02070269773,0,0.0001985746478,2000,1600,0,43.46902062,0,24.931,1339.936,2022.266884,1036.096,6993.115,14202.218,1.068544344,1,1.036639656,2.853888871,1.068544344,2112.058227,378,162.8816905,1094.44,0.5920203472,0.05313153934,0.0630077133,0.9792973023,77.48304889,0,0,77.48300267,4.622222224e-05,0,0,0,0,0.9998014254,1.034191612,1,0,795,233813.236,57,22,2258,594,39.23398653,0,70.968,1229.234,1434.836254,651.178,5242.176,11861.555,1.080539209,1,1.069204088,3.341179937,514,40.16234436,0,65.165,1419.912,2393.073278,1465.555,7636.048,13281.989,1.044815289,1,1.05035702,1.766024276,336,31.42152976,0,0,572.429,1625.755286,898.267,5344.919,10684.585,1.078322739,1,1,2.598800741,156,96.43824359,0,569.771,3188.252,3891.287423,1588.05,18190.113,31756.379,1.079994624,1,1.250000227,3.828056574,805,70.04886087,0,185.161,2326.092,2066.46983,1053.369,6990.418,13281.989,1.107169879,1,1.220529011,4.731645419,635,20.44142835,0,0,572.122,1908.458011,1030.319,6933.633,15058.718,1.035948664,1,1.019596523,2.178277466,160,1.12995625,0,0,65.165,2251.549775,898.267,7907.514,25809.39,1.003573724,1,1,1.250000227
s1-load60,priority+topology_aware+easy_predicted,15,0.5266897836,0.2813979412,0.1998007541,0.03774890584,0.004975124378,0.002767058148,2000,1600,0,122.5212844,0,606.043,3119.511,3205.659678,1637.74,11733.123,21715.613,1.127442132,1,1.467660491,3.60412,1.127442132,2250.747808,357,412.5092773,2427.958,0.6426720475,0.07795413343,0.07553370549,0.9622510942,218.8660489,0,0,218.8659969,5.200000007e-05,0,0,0,0,0.9972329419,1.138937103,0.9950248756,0.004975124378,804,354794.792,84,40,2499,654,109.716182,0,498.897,2500.348,2682.73826,1493.048,10022.685,16133.945,1.082163143,1,1.329197789,3.233026977,498,156.12251,0,964.117,4152.97,4352.584494,2365.561,13962.612,28254.735,1.148093513,1,1.498871641,4.133255256,299,132.9150033,0,643.757,5106.932,2105.82804,935.439,7387.462,18554.695,1.220086538,1,1.703307733,6.873493532,149,45.56426846,0,394.081,1132.215,3874.597322,1928.675,15393.483,28341.376,1.071250146,1,1.401514821,2.599783416,796,200.9727802,0,1290.678,4292.502,3544.960629,1720.005,13421.527,24940.483,1.17332215,1,2.012635855,4.670030607,652,46.87698466,0,234.041,1309.16,3025.25208,1633.793,10688.203,16898.766,1.092656363,1,1.250002893,2.09036704,152,36.15742105,0,6.476,1154.37,2202.647816,1133.431,7782.153,23793.308,1.036388363,1,1.127924991,1.574622583
s1-load60,priority+topology_aware+easy_predicted,16,0.3466535108,0.2419767188,0.07792830418,0.01881738551,0.006218905473,0.001712196876,2000,1600,0,69.9793525,0,236.375,2215.092,1713.269689,816.807,6368.198,13114.682,1.122937414,1,1.262054969,3.849203253,1.122937414,2353.941742,364,277.4482445,1995.644,0.7067166249,0.09996009591,0.06788212315,0.9811826145,65.42240444,0,0,65.42234214,6.230303032e-05,0,0,0,0,0.9982878031,1.11909289,0.9937810945,0.006218905473,804,179545.735,99,39,2561,625,74.7877008,0,320.669,2215.092,1480.496973,653.367,6153.888,13865.158,1.123406317,1,1.49762727,3.528237142,493,74.52474239,0,310.82,2314.813,2051.522343,927.414,7704.925,14200.291,1.168050594,1,1.250001394,5.212227771,322,37.60642547,0,178.019,853.311,1455.267807,763.528,4874.507,8296.363,1.043747668,1,1.238479377,2.250177736,160,102.341775,0,12.095,3411.074,2099.525912,1257.332,5686.54,18847.255,1.141470141,1,1.25,6.30669413,796,89.24634422,0,404.281,2314.813,1788.659447,801.914,7037.493,15095.486,1.158293425,1,1.382129515,5.212227771,633,37.3485703,0,120.717,813.845,1632.519137,847.434,6153.888,10791.083,1.064466879,1,1.209774932,2.639975732,171,101.0832105,0,320.669,3461.728,1661.251281,755.897,5945.259,11295.153,1.174799777,1,1.638103511,9.755355277
s1-load60,priority+topology_aware+easy_predicted,17,0.2099573571,0.1991502422,0,0.00669686063,0.003856041131,0.0002542131542,2000,1600,0,42.62758437,0,0,1467.282,2819.105688,1565.915,10102.349,17959.994,1.05232769,1,1.038688987,2.182310011,1.05232769,2084.876251,372,153.4060645,957.698,0.6324178069,0.03675544794,0.06752288422,0.9933031394,35.78076222,0,0,35.78073349,2.872727274e-05,0,0,0,0,0.9997457868,1.044490345,0.9961439589,0.003856041131,778,321483.981,46,19,2232,628,55.89515605,0,0,1850.118,3028.585755,1886.111,11343.957,16559.718,1.068038663,1,1.038688987,3.087914381,486,34.53501029,0,0,907.261,3284.82586,1948.608,11491.097,19853.406,1.050695074,1,1.000788251,2.01348542,340,38.70903529,0,201.722,1484.341,1900.412626,864.97,5973.188,19778.328,1.0384312,1,1.124216383,2.182310011,146,21.62253425,0,0,709,2507.202637,1731.892,7947.85,12275.745,1.022545272,1,1.008609597,1.696290005,822,49.60768005,0,7.609,1514.123,2786.56876,1602.889,9817.082,16559.718,1.056429829,1,1.043880052,2.343777778,617,31.00813776,0,3.015,780.359,2873.7079,1555.282,10342.639,20333.224,1.046655345,1,1.040971248,1.981851967,161,51.51926087,0,0,2436.691,2775.973944,1464.952,10102.349,21302.621,1.053121968,1,1,2.361071431
s1-load60,priority+topology_aware+easy_predicted,18,0.2188294639,0.1917323133,0,0.007746783937,0.002522068096,0.01682829855,2000,1600,0,43.75004,0,0,1493.729,4001.982139,1551.131,16317.72,34132.782,1.125090209,1,1,2.597051742,1.125090209,2204.699267,356,159.1286742,984.142,0.5304906491,0.03682531374,0.06048310333,0.9922532161,50.00148,0,0,50.00145875,2.125252527e-05,0,0,0,0,0.9831717015,1.340301802,0.9974779319,0.002522068096,793,493154.151,31,19,2139,654,28.73541284,0,0,984.142,6421.485769,2871.397,22320.278,46925.048,1.01445403,1,1,1.250000656,489,71.79753579,0,0,1969.489,2640.305194,1134.008,10638.215,15435.167,1.359674564,1,1.001238246,4.530386396,318,41.73250314,0,0,1450.869,1444.183101,987.727,4573.477,7577.023,1.035451921,1,1,2.065312098,139,20.3393741,0,0,243.711,3260.145784,1441.66,15008.808,17876.58,1.02544479,1,1,1.203440213,807,58.12268401,0,0,1714.258,3630.127367,1471.579,15355.238,25980.821,1.217741116,1,1,3.374739258,633,30.33079621,0,0,830.671,4543.430589,1625.19,18594.231,38563.639,1.03291864,1,1,2.090192412,160,24.3479,0,0,909.965,3735.419219,1667.208,11371.559,46925.048,1.022435969,1,1,1.203440213
s1-load60,priority+topology_aware+easy_predicted,19,0.1939129867,0.1917323133,0,0.002097243891,0,8.342952473e-05,2000,1600,0,8.44450625,0,0,106.635,2581.951714,1067.71,8724.271,24248.916,1.015574399,1,1,1.250001574,1.015574399,2028.100865,338,32.89480769,29.323,0.5331421142,0.01407293309,0.04446145068,0.9979027561,9.588168889,0,0,9.588164444,4.444444447e-06,0,0,0,0,0.9999165705,1.023532912,1,0,831,341021.573,18,7,2094,656,11.1542378,0,0,105.436,3727.953095,1573.692,13193.53,42543.581,1.011969276,1,1,1.119683709,468,7.107863248,0,0,314.172,1637.608769,605.155,6975.626,15676.654,1.029203094,1,1,1.519670504,316,8.569762658,0,0,115.005,2084.501285,989.637,7236.443,17476.555,1.007954985,1,1,1.066517517,160,0.99690625,0,0,41.92,1628.013763,805.987,5193.401,13557.773,1.005539815,1,1,1.296520969,769,11.68568531,0,0,181.863,2522.210769,1122.156,8050.633,22292.51,1.020778261,1,1,1.25,662,6.375960725,0,0,115.005,2644.555698,1023.445,10028.385,28158.885,1.011285165,1,1,1.250001574,169,1.799005917,0,0,41.92,2608.560882,1061.406,10019.401,27094.338,1.008696901,1,1,1.356090689
s1-load60,priority+topology_aware+easy_predicted,20,0.2030433035,0.1917323133,0,0.009860664209,0.001245330012,0.0002049960008,2000,1600,0,22.7114575,0,0,810.916,3101.339434,1499.612,11490.273,23735.158,1.027910555,1,1,1.781611193,1.027910555,2045.156888,353,89.50710482,793.565,0.5920207856,0.05226930953,0.05806548302,0.9901393358,52.41490222,0,0,52.4148697,3.252525254e-05,0,0,0,0,0.999795004,1.032312329,0.99875467,0.001245330012,803,348693.455,50,20,2202,645,25.65249767,0,0,863.918,5122.313859,2766.558,18420.982,38188.694,1.01803222,1,1,1.662804882,467,23.07131049,0,0,933.621,1329.363786,864.446,4298.003,7238.014,1.043871276,1,1,2.91439729,310,18.73986129,0,0,471.594,2441.273397,1599.662,7988.986,11439.365,1.01374502,1,1,1.317113023,178,18.02703371,0,0,459.576,1576.646152,726.626,6560.271,12278.935,1.046501483,1,1,1.913625453,797,23.06805897,0,0,939.503,3045.537138,1447.432,11672.004,21219.024,1.022623779,1,1,1.56323892,621,23.33887279,0,0,809.072,3316.458813,1568.283,12521.309,28467.479,1.036480821,1,1,1.913625453,182,19.00906044,0,0,689.595,2611.698203,1430.968,8260.604,26503.318,1.021819484,1,1,2.007607812
s1-load60,shortest_estimate+best_fit+easy_predicted,1,0.2983181003,0.2396653916,0,0.05714168786,0.001231527094,0.0002794937012,2000,1600,0,14.86642938,0,0,485.098,3241.392302,1288.395,9476.481,46679.924,1.038396271,1,1.25,1.600195546,1.038396271,2063.784048,370,59.56820541,403.608,0.5652630499,0.02976639152,0.07403130884,0.9428583121,339.6129,0,0,339.6127835,0.0001164848485,0,0,0,0,0.9997205063,1.042942507,0.9987684729,0.001231527094,812,420102.159,40,17,2140,647,24.9466507,0,0,600.195,2344.648348,1530.574,7747.56,15033.631,1.059698114,1,1.250000151,2.024008097,468,11.44693162,0,0,733.137,1613.955222,941.173,5969.06,9235.755,1.031136399,1,1.103297804,1.625925297,333,2.53648048,0,0,37.757,7401.567505,1288.395,46679.924,86400,1.016065706,1,1.25,1.250001219,152,9.499947368,0,0,335.064,2955.178809,1909.273,10223.501,15590.314,1.018997621,1,1.250000041,1.597877554,788,14.79562437,0,0,501.511,3204.11883,1336.641,9325.932,48633.587,1.042055285,1,1.25,1.746453879,648,14.40100772,0,0,335.064,3206.680832,1220.262,10238.91,44785.025,1.027801688,1,1.250000006,1.545271102,164,17.04562195,0,0,759.682,3557.639427,1203.787,9059.982,67156.945,1.062676674,1,1.100000233,1.80399485
s1-load60,shortest_estimate+best_fit+easy_predicted,2,0.4002917597,0.2396656752,0.09314340377,0.06314613526,0.003851091142,0.0004854542988,2000,1600,0,94.50454813,0,282.526,2803.006,3356.308537,1582.98,12840.772,25871.625,1.077597097,1,1.250001479,2.720913474,1.077597097,2143.411713,332,423.0128373,2803.006,0.6242848603,0.08151645214,0.06460322604,0.9368538647,393.9984533,0,0,393.998351,0.0001023434344,0,0,0,0,0.9995145457,1.05103839,0.9961489089,0.003851091142,779,341900.773,98,47,2466,636,97.3493239,0,296.244,3515.969,4711.295071,2108.222,18436.322,33047.421,1.06968535,1,1.250000392,2.880330286,502,74.910251,0,164.944,2169.728,2603.356843,1516.656,8259.278,17448.938,1.057417774,1,1.250001195,2.045457308,311,58.04390997,0,340.498,1330.178,1829.501061,1132.604,6079.314,9216.087,1.109943288,1,1.364239823,4.516595481,151,222.7583113,0,621.242,3401.12,3297.02006,1660.237,10198.292,34142.899,1.111386675,1,1.773394109,3.179140716,821,124.1896711,0,333.828,3926.355,3509.878883,1596.607,13267.089,29427.938,1.0821628,1,1.268720782,2.425379523,635,59.57865039,0,228.17,1729.77,3214.193069,1581.495,11137.547,24380.604,1.071906493,1,1.250000756,2.970868148,144,79.271625,0,361.227,3182.829,3107.434007,1436.296,13763.907,27939.411,1.076660232,1,1.25000017,2.636129231
s1-load60,shortest_estimate+best_fit+easy_predicted,3,0.2799239444,0.2396654109,0,0.0387952364,0.001293661061,0.0001696360179,2000,1600,0,37.37085375,0,0,1136.749,2659.031329,1248.184,9846.275,22691.536,1.052835198,1,1.250000101,2.505637954,1.052835198,2118.405791,377,149.7375332,1080.567,0.6240063825,0.09733747328,0.08703218441,0.9612047636,181.4758511,0,0,181.4757454,0.0001056969697,0,0,0,0,0.999830364,1.036477594,0.9987063389,0.001293661061,773,276571.691,59,22,2387,639,36.09270423,0,0,1096.588,3824.267825,1770.087,14582.953,30617.045,1.039567036,1,1.25,1.929020649,481,36.79333056,0,0,1255.217,1676.611085,934.592,5099.718,10354,1.051808809,1,1.250000181,2.641919725,318,33.58597484,0,40.711,651.728,2271.466956,1194.036,8847.126,12063.366,1.077487941,1,1.250000475,3.084372812,162,51.55676543,0,110.996,1616.783,1740.534333,941.003,5474.689,11050.552,1.059825798,1,1.257137763,2.552910314,827,29.20472068,0,0,800.129,2717.176813,1228.345,9643.327,22881.824,1.052227185,1,1.250000033,2.135455254,629,54.16403339,0,0,2344.624,2493.440591,1253.042,10254.453,14694.807,1.055869354,1,1.250000441,2.641919725,144,10.91586806,0,0,336.338,3048.408125,1262.948,11894.199,30617.045,1.043073694,1,1,2.570427604
s1-load60,shortest_estimate+best_fit+easy_predicted,4,0.2873434212,0.2396654067,0,0.04427613298,0.002649006623,0.0007528749148,2000,1600,0,46.978865,0,0,1405.575,2655.802399,1496.622,9067.284,14759.055,1.055330615,1,1.250000079,2.318987099,1.055330615,2127.417013,354,192.7356921,1163.155,0.6053969584,0.08383514411,0.07111328956,0.955723867,212.8841933,0,0,212.8840938,9.951515155e-05,0,0,0,0,0.9992471251,1.069296083,0.9973509934,0.002649006623,755,295906.094,54,23,2297,615,57.38599837,0,0,1569.078,2039.748849,945.45,8014.438,13220.53,1.082323026,1,1.250000355,2.675818236,495,38.88094141,0,48.197,957.926,3693.196166,2194.258,12401.891,21983.224,1.020039352,1,1.090318797,1.255323713,334,28.85515868,0,0,942.566,2368.15679,1534.37,8411.861,12123.073,1.04140086,1,1.25,2.156751233,156,70.44939744,0,418.486,2614.54,2408.601455,1641.786,7447.028,10494.801,1.090724084,1,1.250003066,3.528713202,845,42.49862367,0,0,1163.155,2771.956604,1536.079,9561.798,14774.058,1.063492487,1,1.250000167,2.318987099,608,55.78477796,0,15.699,1800.333,2544.337933,1501.245,8458.75,14182.483,1.041596963,1,1.25,1.797083303,147,36.31089796,0,101.934,1070.104,2449.136367,1393.713,10582.297,15253.81,1.065216864,1,1.25,3.528713202
s1-load60,shortest_estimate+best_fit+easy_predicted,5,0.2621237055,0.2109055708,0,0.05115856123,0,5.957340903e-05,2000,1600,0,13.48499438,0,0,387.474,2203.351936,1452.512,6405.251,12025.832,1.017475401,1,1.100000137,1.365007849,1.017475401,2046.360136,334,59.87229042,363.929,0.5609145385,0.03811619545,0.05976706416,0.9488414388,194.4295133,0,0,194.429425,8.832323236e-05,0,0,0,0,0.9999404266,1.017723775,1,0,754,268192.58,33,16,2194,639,15.11453678,0,0,436.46,2158.787011,1353.57,6405.251,14041.681,1.022382557,1,1.25,1.418573261,486,23.33892798,0,0,462.665,1855.409735,1258.224,5407.76,9954.582,1.022128685,1,1.25,1.419862986,322,1.255847826,0,0,0,2760.041702,2201.813,7426.538,11427.432,1.004577649,1,1,1.25,153,1.115686275,0,0,53.97,2323.108745,1543.269,6827.049,14317.204,1.009344082,1,1.017286951,1.250000425,846,16.08743144,0,0,401.655,2245.849116,1425.252,6671.74,12341.63,1.018021713,1,1.25,1.418573261,602,12.24866944,0,0,53.97,2123.74906,1492.177,6264.263,9992.605,1.01973655,1,1.100000127,1.250000592,152,3.896875,0,0,191.948,2282.090862,1420.615,6880.407,14738.915,1.005479407,1,1,1.250001084
s1-load60,shortest_estimate+best_fit+easy_predicted,6,0.3487936285,0.2396655626,0.05663323088,0.0512397976,0.001237623762,1.741373085e-05,2000,1600,0,38.268595,0,171.782,1010.077,1970.505427,1119.459,6467.098,13115.316,1.061209605,1,1.250000891,2.399704547,1.061209605,2124.35308,388,144.4455747,869.747,0.658038098,0.1015373299,0.08119676851,0.9487602024,183.6312133,0,0,183.631098,0.0001153131313,0,0,0,0,0.9999825863,1.010590567,0.9987623762,0.001237623762,808,218789.027,96,37,2393,647,35.81126584,0,127.038,1248.016,2108.002788,1201.086,6666.812,12447.356,1.059893546,1,1.250000308,2.205626952,472,27.91380085,0,191.879,770.748,1827.568888,1120.518,5851.818,12307.186,1.059090864,1,1.25000097,2.837292964,318,40.17943082,0,173.584,880.131,1299.575164,969.037,3428.185,5550.211,1.062368795,1,1.264241326,2.781511939,163,74.27907975,0,195.11,2139.317,3147.567252,1416.266,9437.198,27378.452,1.070307237,1,1.250002557,2.610327632,792,45.24966162,0,254.308,1191.917,2062.822766,1149.772,6666.812,16868.975,1.078039111,1,1.313095124,2.823897769,644,29.89501553,0,29.715,1010.077,1842.917508,1074.366,6290.499,10522.979,1.042681306,1,1.250000126,2.249595188,164,37.43676829,0,199.32,805.031,2025.696201,1201.874,6430.103,12307.186,1.052692875,1,1.250000397,1.846005111
s1-load60,shortest_estimate+best_fit+easy_predicted,7,0.2870722955,0.2396654051,0,0.04444483152,0.002481389578,0.0004806692989,2000,1600,0,36.45909125,0,0,1466.282,3862.987029,1455.189,14187.976,42329.968,1.052011312,1,1.25000007,2.05590692,1.052011312,2088.168107,369,152.6656477,1109.637,0.5881831088,0.03893478093,0.06539640019,0.9555551685,311.77068,0,0,311.7705458,0.0001341818183,0,0,0,0,0.9995193307,1.056486943,0.9975186104,0.002481389578,806,489567.195,35,15,2151,632,42.43915348,0,0,1682.497,3374.810049,1343.599,13105.294,31856.608,1.035222441,1,1.250000114,1.544416694,504,25.39220238,0,0,653.779,5711.685524,1843.444,30328.039,68088.711,1.051454048,1,1.25,2.05590692,308,48.10697078,0,0,1466.282,2554.093549,1007.452,9467.407,22586.95,1.093698993,1,1.25000008,2.276534327,156,24.98964103,0,0,1523.004,2452.237045,1453.214,8824.704,13588.796,1.039521706,1,1.250000169,1.352711331,794,34.59926952,0,0,1682.497,4027.771955,1485.992,13585.551,51566.643,1.061628369,1,1.25000001,2.147833905,644,35.4218354,0,0,1109.637,3751.818666,1405.075,15038.545,41541.625,1.047640623,1,1.250000099,2.369811604,162,49.69792593,0,0,2378.648,3497.266012,1429.571,12591.094,29227.13,1.022250698,1,1.250000206,1.484151365
s1-load60,shortest_estimate+best_fit+easy_predicted,8,0.2784269772,0.2396653916,0,0.03745579045,0.00125,5.579514946e-05,2000,1600,0,6.216348125,0,0,119.255,1534.306671,724.736,5439.346,12122.439,1.018475352,1,1.25,1.299863311,1.018475352,2034.968216,390,24.61875897,100.561,0.5587244612,0.03861683743,0.05520655008,0.9625442095,100.2806267,0,0,100.2805299,9.676767679e-05,0,0,0,0,0.9999442049,1.020224854,0.99875,0.00125,800,184160.024,32,14,2140,674,4.693363501,0,0,207.697,1212.949114,602.967,4791.505,8725.653,1.023953295,1,1.250000186,1.356453533,490,3.687618367,0,0,119.255,1374.678763,653.171,4241.558,12710.929,1.007733397,1,1,1.250001533,303,11.69637624,0,0,0,2235.926911,1054.794,7770.511,13651.835,1.01943046,1,1.100000389,1.25000312,133,10.76612782,0,0,178.051,2152.515211,1083.121,9994.052,14700.107,1.028114657,1,1.250000781,1.518026441,800,5.75732125,0,0,116.212,1554.434959,692.458,5458.441,12823.07,1.016910962,1,1.100000707,1.266673793,629,5.605777424,0,0,119.255,1533.859448,768.513,5373.781,11138.25,1.017256428,1,1.25,1.383506782,171,10.60974269,0,0,120.273,1441.784292,718.429,5628.353,8725.653,1.030277784,1,1.250000186,1.579977024
s1-load60,shortest_estimate+best_fit+easy_predicted,9,0.2970976742,0.2396654123,0.01599479474,0.0387162672,0.002518891688,0.00020230822,2000,1600,0,46.52393562,0,48.516,1679.477,2472.502087,1210.889,8506.528,16043.629,1.068308652,1,1.250000108,2.819451005,1.068308652,2254.751141,346,193.6340867,1180.375,0.6113813021,0.05738457824,0.07333846565,0.9612837328,176.0348778,0,0,176.0347729,0.0001048888889,0,0,0,0,0.9997976918,1.037166829,0.9974811083,0.002518891688,794,267801.381,58,32,2511,645,48.15421085,0,89.652,1397.197,2464.712129,1251.246,7889.865,16787.21,1.061251152,1,1.250000414,2.526993932,474,35.58590295,0,0,1679.477,2412.979857,1148.008,8944.96,14205.932,1.056883553,1,1.068903104,2.819451005,330,62.84332727,0,65.092,2509.505,2827.075715,1492.796,10337.73,20758.263,1.096164563,1,1.25000028,3.466003571,151,38.23056291,0,21.054,1021.345,1917.725682,935.24,8224.47,13637.962,1.073441984,1,1.250000318,2.852255458,806,56.00563772,0,137.425,2011.331,2546.273391,1241.971,8944.96,15767.555,1.077472405,1,1.250000204,2.83820235,627,36.03952951,0,0,1021.345,2474.970587,1230.758,7988.481,16787.21,1.058578907,1,1.250000098,2.51894763,167,40.12555689,0,0,1176.077,2107.188192,1084.57,7715.593,16394.706,1.060611431,1,1.25,3.466003571
s1-load60,shortest_estimate+best_fit+easy_predicted,10,0.422706126,0.2435255734,0.1269689857,0.04410446163,0.007802340702,0.0003047645932,2000,1600,0,100.8654744,0,385.127,2660.392,2948.700499,1390.08,11279.818,22485.203,1.094750805,1,1.270133183,3.236806891,1.094750805,2216.419999,352,405.6342301,2637.992,0.6968907535,0.1318787049,0.07539158616,0.9558955384,273.24342,0,0,273.2433211,9.890909092e-05,0,0,0,0,0.9996952354,1.048074367,0.9921976593,0.007802340702,769,360863.704,105,50,2582,626,94.89874441,0,300.93,2676.411,2869.775522,1579.14,9729.076,17094.235,1.111423648,1,1.250000183,4.65274411,484,137.7590289,0,754.344,3338.964,3954.235335,1345.807,14948.989,27997.794,1.100084861,1,1.347226273,2.787002657,343,88.84246647,0,322.942,2140.76,2314.59584,1345.24,7036.214,14139.996,1.060443498,1,1.270133183,2.570062432,147,32.85584354,0,161.447,532.784,1453.639769,950.998,3778.48,8666.239,1.086237364,1,1.250000657,4.296400332,831,89.24853911,0,227.722,2304.758,2845.246544,1385.089,11329.317,20582.704,1.094183797,1,1.250000493,4.093893408,627,115.2131547,0,494.442,3077.007,3065.352526,1396.759,10982.034,26519.767,1.095904423,1,1.38064064,2.849077293,142,105.497007,0,701.09,3128.013,3039.048493,1347.821,10692.694,19281.967,1.092975214,1,1.586895246,2.493139044
s1-load60,shortest_estimate+best_fit+easy_predicted,11,0.3488791145,0.2396654277,0.06306431466,0.04103445713,0.004932182491,0.0001827324236,2000,1600,0,64.657175,0,191.289,1649.995,2869.952373,1480.761,9933.5,22133.067,1.050199961,1,1.250000188,2.011788357,1.050199961,2083.861597,333,278.5515916,1649.995,0.6006503457,0.09066632315,0.0683468555,0.9589655429,193.5814489,0,0,193.5813311,0.0001178181818,0,0,0,0,0.9998172676,1.036676654,0.9950678175,0.004932182491,811,324176.36,79,33,2317,640,77.26154375,0,245.772,2551.699,3372.981352,1640.164,11963.048,26817.081,1.047140859,1,1.250000965,2.009244457,470,55.07602979,0,220.197,1410.763,2204.308264,1418.79,6987.666,10361.023,1.043562012,1,1.250000325,1.859248106,327,46.09355352,0,29.094,1846.778,2588.765606,1252.034,9933.5,22133.067,1.073192894,1,1.104730511,3.68361903,163,80.03537423,0,96.591,2446.162,3378.309779,1824.654,12987.225,25425.573,1.035224329,1,1.25000013,1.810901322,789,49.76039797,0,223.837,1096.573,2945.261674,1525.418,10307.335,24400.136,1.051972144,1,1.250000275,2.038135925,653,81.91512864,0,208.762,2725.747,2610.383697,1398.716,9389.065,16537.878,1.04801701,1,1.250000356,2.011788357,158,67.72118354,0,137.877,1846.778,3566.656842,1901.144,14119.809,26474.038,1.050372201,1,1.25000013,2.072822753
s1-load60,shortest_estimate+best_fit+easy_predicted,12,0.2633163325,0.2258061589,0,0.03739489968,0,0.0001152739186,2000,1600,0,16.6100225,0,0,531.511,2534.033776,1328.012,8946.114,18503.24,1.028942002,1,1.177715717,1.498289438,1.028942002,2062.810536,349,73.36255301,462.668,0.5444584913,0.05275541021,0.06480044466,0.9626051003,152.4607044,0,0,152.4605935,0.0001109090909,0,0,0,0,0.9998847261,1.030720379,1,0,823,299786.219,39,16,2200,597,18.27808878,0,0,531.511,1506.130576,900.508,5079.019,10005.906,1.027958039,1,1.100000291,1.473723274,519,17.73668208,0,0,704.856,3740.455262,1716.015,14151.868,23590.014,1.041650345,1,1.25,1.973982482,324,10.16646605,0,0,107.209,2803.873537,1953.291,8407.497,11913.327,1.010604202,1,1,1.250000551,160,19.77965,0,0,1015.352,1909.642381,1290.595,5250.176,12484.475,1.028524774,1,1.250000566,1.515129912,777,22.27721622,0,0,722.509,2525.955885,1352.004,9329.662,20072.319,1.034935091,1,1.250000111,1.702446796,660,13.84405152,0,0,637.508,2506.51523,1369.894,8756.039,16639.112,1.025410643,1,1,1.498289438,163,0.7948773006,0,0,0,2683.964828,1178.632,8695.297,28479.054,1.014672473,1,1.25,1.250001392
s1-load60,shortest_estimate+best_fit+easy_predicted,13,0.2434447045,0.2102804382,0,0.0331299654,0,3.430081042e-05,2000,1600,0,11.01769688,0,0,417.973,2118.838125,1321.494,6609.935,12617.202,1.020900385,1,1.096739692,1.519224073,1.020900385,2039.194465,351,48.21578632,364.354,0.6151595701,0.03127626131,0.06669969836,0.9668700346,125.9875644,0,0,125.9874986,6.581818185e-05,0,0,0,0,0.9999656992,1.015413707,1,0,813,241043.138,43,15,2145,628,6.902802548,0,0,164.097,2131.515043,1472.914,6179.046,10829.723,1.013036075,1,1.007758564,1.290886033,479,13.86096451,0,0,528.061,1958.543292,1077.766,6418.545,13717.918,1.028650716,1,1.237404541,1.775449777,328,9.718905488,0,0,364.354,1848.933829,1158.894,5190.433,11303.185,1.021846116,1,1.10000006,1.551092707,165,21.00698182,0,8.754,555.128,3072.466788,1953.902,10146.53,17191.957,1.026452983,1,1.100000168,1.673980899,787,10.73306861,0,0,356.052,2115.787022,1330.096,6516.54,12617.202,1.021669009,1,1.069346074,1.519224073,643,12.81921773,0,0,583.039,2082.133774,1338.752,6743.422,10829.723,1.019468146,1,1.100000345,1.551092707,170,5.521370588,0,0,417.973,2271.791747,1249.784,6747.896,17191.957,1.022759342,1,1,1.75738681
s1-load60,shortest_estimate+best_fit+easy_predicted,14,0.3096795254,0.2396654632,0.02284655125,0.04589205404,0.001257861635,1.759528829e-05,2000,1600,0,37.12429187,0,69.299,1153.015,2028.210507,1039.043,7240.453,14323.807,1.052619972,1,1.250000373,2.200811495,1.052619972,2090.37144,378,144.4893704,916.187,0.609133785,0.06697739771,0.0759567641,0.954107946,176.2926889,0,0,176.2925866,0.0001023030304,0,0,0,0,0.9999824047,1.010933239,0.9987421384,0.001257861635,795,233813.236,72,39,2278,594,26.77612121,0,9.295,1153.015,1431.713202,652.428,5242.176,11861.555,1.055881608,1,1.250001396,2.561727501,514,46.06193191,0,185.161,1722.336,2406.386765,1468.144,7755.366,13281.989,1.045834379,1,1.250000261,2.089549096,336,17.04761905,0,40.118,425.395,1642.223131,898.939,5515.344,10684.585,1.057268736,1,1.250000127,2.353150954,156,90.32062821,0,222.793,3959.705,3884.803846,1532.831,17896.425,31756.379,1.052545601,1,1.217983961,2.168230751,805,48.14759503,0,205.481,1229.234,2051.639153,1043.849,7099.394,14202.218,1.061017758,1,1.250003794,2.451933013,635,27.9295937,0,6.785,788.686,1934.781965,1054.81,6933.633,15058.718,1.049320698,1,1.250000193,2.168230751,160,18.15475625,0,0,470.79,2281.129656,898.267,8216.604,25809.39,1.023462604,1,1.08483574,1.974388352
s1-load60,shortest_estimate+best_fit+easy_predicted,15,0.3797279304,0.2396655621,0.07520283283,0.05768247655,0.006218905473,0.0009581534381,2000,1600,0,87.46343062,0,228.108,2579.211,3191.500716,1588.899,11653.745,22432.7,1.078483578,1,1.250000889,2.428242296,1.078483578,2141.224416,357,362.8842605,2346.339,0.6598604553,0.114060261,0.08916992114,0.9423175234,341.5144422,0,0,341.5143291,0.0001131717173,0,0,0,0,0.9990418466,1.085180167,0.9937810945,0.006218905473,804,354794.792,92,47,2525,654,82.25735015,0,166.266,3402.207,2673.94469,1483.249,10022.685,16074.558,1.058195327,1,1.250000503,2.072261919,498,131.1545361,0,505.239,3146.325,4359.732189,2288.669,14069.785,39636.343,1.087094991,1,1.349184196,2.428242296,299,49.84419064,0,222.933,1353.619,2039.341823,935.203,7084.185,18554.695,1.127975531,1,1.278230334,5.737711077,149,39.77724832,0,90.344,1132.215,3870.681101,1924.505,15393.483,28341.376,1.039436183,1,1.250000238,2.34940915,796,110.0914887,0,385.734,3156.662,3463.285357,1637.74,13386.654,24940.483,1.070980372,1,1.295976249,2.370078561,652,64.3702638,0,180.66,1829.593,3075.567552,1608.672,11281.552,16898.766,1.091974113,1,1.250000161,3.252614918,152,68.02139474,0,0,2694.676,2265.499724,1133.431,8232.18,23793.308,1.059909386,1,1.250000396,2.00153837
s1-load60,shortest_estimate+best_fit+easy_predicted,16,0.3935545465,0.2498467098,0.08292132022,0.05460507851,0.004975124378,0.001206313566,2000,1600,0,71.81419438,0,251.52,1862.81,1730.427116,808.103,6413.034,13741.928,1.092710505,1,1.303101733,2.743257322,1.092710505,2209.519527,364,285.4321813,1547.696,0.730980212,0.1133339977,0.08746519861,0.9453949215,197.0320311,0,0,197.0319297,0.0001014545455,0,0,0,0,0.9987936864,1.095540951,0.9950248756,0.004975124378,804,179545.735,102,40,2630,625,64.728856,0,188.557,1547.696,1491.785797,646.371,6118.048,13741.928,1.077988723,1,1.274028068,2.217488847,493,84.49587221,0,368.936,3214.104,2073.104118,925.371,7704.925,15881.989,1.145296013,1,1.359212477,5.352916667,322,70.75263043,0,229.525,1979.998,1503.760031,732.847,5498.165,8712.226,1.064274428,1,1.306781092,2.691451442,160,62.552275,0,155.438,1473.676,2062.913769,1256.383,5723.644,18847.255,1.045415977,1,1.25000108,1.84123201,796,91.41432915,0,382.672,3214.104,1804.516766,798.626,7112.099,15881.989,1.129254375,1,1.437355615,3.821833613,633,53.13517378,0,131.537,1140.171,1666.219569,833.016,6278.724,11091.66,1.05564824,1,1.250000247,1.849818094,171,49.72128655,0,380.335,1085.215,1623.222532,756.681,5345.957,12652.928,1.059795263,1,1.515694106,2.32040591
s1-load60,shortest_estimate+best_fit+easy_predicted,17,0.3697801356,0.239665466,0.07291418857,0.0532032286,0.003856041131,0.0001412112864,2000,1600,0,65.13347813,0,221.166,2230.071,2869.91115,1609.071,10179.089,18213.062,1.07214063,1,1.250000388,2.660440079,1.07214063,2121.866941,372,243.4321344,1659.356,0.6641513746,0.1087149801,0.08933176505,0.9467967714,298.2231511,0,0,298.2230311,0.0001200404041,0,0,0,0,0.9998587887,1.029503304,0.9961439589,0.003856041131,778,323097.17,86,36,2374,628,70.9196051,0,161.897,2431.545,3075.223446,1909.343,11360.163,18066.13,1.076184079,1,1.25000029,2.856891161,486,72.29611111,0,230.197,2824.264,3360.611998,2061.333,11602.581,19853.406,1.07507316,1,1.250000403,2.557726275,340,56.56643235,0,298.234,1431.686,1927.7939,878.229,5973.188,19778.328,1.071987562,1,1.250002293,2.660440079,146,36.35312329,0,83.278,1271.903,2547.329856,1832.059,8019.079,12275.745,1.045343007,1,1.209665398,2.985220529,822,57.65357543,0,161.897,2230.071,2827.427133,1616.315,9943.741,16690.41,1.063337575,1,1.250000293,2.457490218,617,75.66417018,0,277.787,2324.769,2943.46611,1630.921,10947.309,20333.224,1.086963249,1,1.250001199,2.929964831,161,62.96604348,0,83.278,2107.399,2804.93259,1467.493,10812.492,21302.621,1.060280726,1,1.250002293,2.660440079
s1-load60,shortest_estimate+best_fit+easy_predicted,18,0.2653244638,0.220351419,0,0.02934806041,0.002522068096,0.01310291631,2000,1600,0,31.01905688,0,0,720.658,4012.22022,1537.624,16631.465,34132.782,1.106858175,1,1.149265949,1.787087881,1.106858175,2177.764475,356,130.8848202,600.277,0.5416913659,0.02394148025,0.06975782005,0.9706519396,193.6421111,0,0,193.6420111,0.0001000404041,0,0,0,0,0.9868970837,1.298608214,0.9974779319,0.002522068096,793,493154.151,32,10,2131,654,23.46252905,0,0,720.658,6455.654998,2871.207,22528.038,46925.048,1.015105346,1,1.111462221,1.293167742,489,53.8472229,0,0,1339.336,2634.384442,1104.002,10667.916,17836.642,1.30704862,1,1.25,2.968508506,318,24.24840881,0,0,724.84,1439.708384,987.727,4132.941,7577.023,1.031584804,1,1.25,1.86388069,139,1.753316547,0,0,0,3248.292986,1441.66,15008.808,17876.58,1.006499578,1,1,1.250000138,807,35.05496406,0,0,751.121,3632.555988,1461.16,15435.167,26016.902,1.183855445,1,1.25,1.860613726,633,30.15102528,0,0,720.658,4567.233728,1618.241,18882.012,38563.639,1.032600132,1,1.100000433,1.818665509,160,14.0971,0,0,243.711,3731.3795,1693.027,11371.559,46925.048,1.012286579,1,1.10000097,1.250003004
s1-load60,shortest_estimate+best_fit+easy_predicted,19,0.2185979815,0.1917323133,0,0.02659659043,0,0.0002690777392,2000,1600,0,15.02160313,0,0,299.521,2605.780018,1080.601,9001.778,24248.916,1.029150603,1,1,1.315649398,1.029150603,2051.347769,338,68.04031657,247.619,0.5467462864,0.02874804971,0.06347786447,0.9734034096,124.6545289,0,0,124.6544623,6.654545457e-05,0,0,0,0,0.9997309223,1.045004355,1,0,831,341021.573,20,8,2116,656,12.82333537,0,0,106.991,3751.389253,1587.993,13193.53,42543.581,1.019208229,1,1,1.250001076,468,24.30423077,0,0,768.552,1675.048333,605.155,6975.626,15676.654,1.053841746,1,1.25,3.260685053,316,9.773174051,0,0,0,2096.02243,991.062,7236.443,17476.555,1.023700446,1,1,1.250001465,160,7.2484625,0,0,299.521,1637.943569,805.987,5193.401,13805.392,1.008456798,1,1,1.250000847,769,21.49122497,0,0,355.834,2545.686601,1150.628,8214.182,22292.51,1.027906758,1,1,1.47693296,662,9.941016616,0,0,247.619,2668.973583,1023.693,10349.06,28158.885,1.026234765,1,1.100000511,1.250002391,169,5.484378698,0,0,331.094,2631.683556,1074.065,10288.249,27094.338,1.046232266,1,1.25,1.524772201
s1-load60,shortest_estimate+best_fit+easy_predicted,20,0.3034717927,0.2396654069,0.01356669549,0.04264261415,0.007471980075,0.0001250960469,2000,1600,0,44.3466625,0,41.151,1351.75,3147.360371,1506.152,11672.004,23735.158,1.05251224,1,1.25000008,2.047651433,1.05251224,2087.694011,353,180.6875241,1186.682,0.6124724779,0.07110107081,0.07357221057,0.9573573858,234.4307911,0,0,234.4306856,0.0001054949495,0,0,0,0,0.999874904,1.029020001,0.9925280199,0.007471980075,803,348693.455,59,29,2261,645,55.07692248,0,109.812,1847.169,5192.678433,2870.697,18475.109,39676.774,1.052890953,1,1.250000197,2.088318867,467,30.00591863,0,0,1066.811,1349.232739,893.923,4385.918,7238.014,1.060731483,1,1.250000193,2.202052734,310,50.83430323,0,0,1186.682,2492.481106,1596.202,8046.693,11812.198,1.033209448,1,1.085106502,1.861631953,178,31.79015169,0,0,832.416,1594.03468,725.966,6560.271,12278.935,1.063193187,1,1.250000297,2.127873525,797,48.55870263,0,109.812,1493.706,3097.50288,1455.994,11672.004,21219.024,1.052572806,1,1.250000008,2.047651433,621,30.58614493,0,0,674.837,3349.965873,1573.715,12521.309,28467.479,1.045100341,1,1.25000008,1.972027069,182,72.85372527,0,135.974,2866.636,2674.384571,1438.849,8260.604,26503.318,1.077537062,1,1.250000331,3.469497588
s1-load60,shortest_estimate+first_fit+easy_predicted,1,0.2544046003,0.2111355209,0,0.04315349653,0,0.000115582805,2000,1600,0,14.99959687,0,0,338.179,3225.389955,1288.563,9476.481,46326.346,1.026662243,1,1.101199466,1.449134627,1.026662243,2044.759602,370,63.1895027,316.683,0.558503939,0.02737536546,0.06167006351,0.9568465035,252.72678,0,0,252.7266609,0.0001190707071,0,0,0,0,0.9998844172,1.029486422,1,0,812,420102.159,35,16,2131,647,27.25025039,0,0,1317.093,2339.840743,1534.926,7747.56,15033.631,1.041233566,1,1.25,2.360794247,468,3.412773504,0,0,81.425,1605.344451,933.319,5969.06,9235.755,1.018767077,1,1.001421486,1.250001973,333,10.23472673,0,0,55.189,7346.27624,1288.395,46326.346,86400,1.011410684,1,1.10000012,1.250000979,152,8.967769737,0,0,513.274,2954.840632,1909.273,10223.501,15590.314,1.022360014,1,1.250000041,1.600195546,788,11.18268782,0,0,183.32,3193.303943,1338.878,9325.932,48633.587,1.020270741,1,1.100000026,1.29503496,648,20.2329537,0,0,733.137,3178.930765,1220.262,10238.91,44785.025,1.03276635,1,1.25,2.184383711,164,12.6612378,0,0,759.682,3563.129787,1206.785,9059.982,67156.945,1.033253964,1,1.250000116,2.038602726
s1-load60,shortest_estimate+first_fit+easy_predicted,2,0.3347304078,0.239665424,0.05676872969,0.03564214095,0.002567394095,8.671908789e-05,2000,1600,0,92.87749813,0,172.193,1976.145,3337.849459,1581.495,13080.112,25871.625,1.063809721,1,1.250000169,2.470632213,1.063809721,2117.801764,332,418.6749699,1976.145,0.6202963075,0.1017525744,0.0658737217,0.964357859,216.0454644,0,0,216.0453636,0.0001008484849,0,0,0,0,0.9999132809,1.024856059,0.9974326059,0.002567394095,779,341900.773,87,41,2420,636,84.28923899,0,270.828,2378.254,4665.558126,2108.222,18373.656,33047.421,1.056398039,1,1.250000285,2.351439808,502,91.86718327,0,262.28,1976.145,2613.113494,1516.656,8086.378,19422.572,1.075900006,1,1.250000068,3.083510353,311,52.32929582,0,28.612,1161.553,1813.925087,1086.123,6079.314,9216.087,1.06625047,1,1.250000368,1.839677446,151,215.922543,0,251.643,1420.598,3293.711854,1639.066,10198.292,34142.899,1.049805967,1,1.250000169,1.912693173,821,145.1063301,0,348.605,3227.386,3504.015944,1624.936,13303.215,27100.374,1.079184699,1,1.250009092,2.788224221,635,34.3673685,0,46.518,1055.715,3181.307102,1563.745,11137.547,24385.568,1.042459582,1,1.25,1.912693173,144,53.11403472,0,48.306,1420.598,3080.778014,1436.296,13763.907,27939.411,1.070299172,1,1.250000068,3.083510353
s1-load60,shortest_estimate+first_fit+easy_predicted,3,0.2818868811,0.2396654169,0.0007777170579,0.04001648672,0.001293661061,0.0001335993184,2000,1600,0,34.20376563,0,2.359,1135.697,2654.694049,1248.184,9846.275,22570.754,1.057577312,1,1.250000132,2.570427604,1.057577312,2125.536887,377,137.0669019,1058.389,0.6267586371,0.08224644982,0.08670261363,0.9599835133,187.4267333,0,0,187.426625,0.0001083232323,0,0,0,0,0.9998664007,1.028099699,0.9987063389,0.001293661061,773,275500.051,64,24,2366,639,35.48571049,0,0,1136.749,3818.177883,1784.63,14582.953,30617.045,1.040407624,1,1.25,1.894821531,481,29.4813763,0,0,1080.567,1674.699792,936.573,5099.718,10246.665,1.069642765,1,1.250000106,3.023192578,318,31.01497484,0,65.676,512.753,2266.266497,1216.022,8847.126,12063.366,1.068540986,1,1.250000237,3.084372812,162,49.42809877,0,130.928,1616.783,1737.601636,939.047,5474.689,11050.552,1.067956941,1,1.275688633,2.863179423,827,28.18373881,0,0.289,815.787,2714.90722,1234.097,9692.102,22691.536,1.061796857,1,1.250000181,2.309243138,629,46.37830684,0,24.395,1616.783,2484.848696,1242.115,10246.665,14694.807,1.055216518,1,1.250000238,2.863179423,144,15.59804167,0,0,674.233,3050.780396,1296.776,11894.199,30617.045,1.043656312,1,1.100000417,2.570427604
s1-load60,shortest_estimate+first_fit+easy_predicted,4,0.2935812525,0.2396654157,0.006875163851,0.04130243147,0.005298013245,0.0004402281483,2000,1600,0,44.2520475,0,20.854,1381.367,2649.247713,1499.302,9192.385,14717.045,1.045868678,1,1.250000126,2.091210675,1.045868678,2108.211051,354,159.5987938,1177.542,0.6048091345,0.06912005771,0.07532021588,0.9586975685,197.9703533,0,0,197.9702537,9.967676772e-05,0,0,0,0,0.9995597719,1.054371645,0.9947019868,0.005298013245,755,293911.957,62,36,2296,615,35.40807642,0,15.699,1340.737,2012.729909,941.469,7971.136,12392.884,1.060740234,1,1.250000301,1.834004101,495,51.78398586,0,71.027,1648.778,3698.098497,2190.046,11807.192,21983.224,1.024654576,1,1.210082532,1.526642747,334,26.33588323,0,3.821,1177.542,2371.68662,1548.857,8411.861,12284.51,1.033812623,1,1.250000023,2.118043958,156,93.57725,0,165.388,2965.652,2424.777949,1617.9,7598.06,10445.087,1.080366731,1,1.408503622,3.528713202,845,39.87123195,0,3.821,1306.434,2761.785483,1533.434,9561.798,14759.055,1.053332188,1,1.25,2.114018358,608,45.25170395,0,5.857,1630.157,2532.921304,1488.178,8429.442,13385.698,1.029137081,1,1.250000045,1.526642747,147,65.29965306,0,261.697,1648.778,2483.479286,1393.713,10582.297,14717.045,1.072168987,1,1.284888783,3.035583688
s1-load60,shortest_estimate+first_fit+easy_predicted,5,0.2490332035,0.206498202,0,0.04249863751,0,3.636395962e-05,2000,1600,0,10.27586312,0,0,305.886,2193.474557,1442.853,6289.937,11427.432,1.014279712,1,1.077013042,1.278685182,1.014279712,2034.258399,334,43.22230838,226.87,0.5558698281,0.02442952526,0.05577441201,0.9575013625,160.0564267,0,0,160.0563383,8.832323236e-05,0,0,0,0,0.999963636,1.015487082,1,0,754,268192.58,32,13,2173,639,11.65097496,0,0,363.929,2146.102156,1335.485,6150.542,14041.681,1.019076853,1,1.135041403,1.494899183,486,17.60498354,0,0,401.655,1843.014424,1255.483,5407.76,9954.582,1.016597518,1,1.100000268,1.356988628,322,0.5332018634,0,0,0,2756.892252,2201.813,7426.538,11427.432,1.003535024,1,1,1.180435664,153,1.756176471,0,0,84.232,2318.795418,1478.383,6827.049,14317.204,1.009495153,1,1.062355136,1.250000184,846,10.9686513,0,0,363.929,2238.133001,1410.975,6506.459,12341.63,1.01563049,1,1.100000153,1.356988628,602,10.44227243,0,0,226.749,2105.705118,1480.034,6150.542,9992.605,1.012683122,1,1.017286951,1.250001365,152,5.760881579,0,0,257.061,2292.528237,1420.615,6880.407,14738.915,1.013084903,1,1.077013042,1.250002234
s1-load60,shortest_estimate+first_fit+easy_predicted,6,0.3548819322,0.2396656274,0.05891198472,0.05248426034,0.003712871287,0.0001071884487,2000,1600,0,41.36109,0,178.694,1103.342,1973.75003,1129.351,6407.974,13115.316,1.067608884,1,1.25000123,2.690426457,1.067608884,2136.211986,388,155.8541057,1005.777,0.6574073609,0.1360219113,0.09774988878,0.9475157397,188.3381089,0,0,188.3379969,0.000111959596,0,0,0,0,0.9998928116,1.024903766,0.9962871287,0.003712871287,808,218789.027,94,34,2420,647,39.07476043,0,146.288,1100.475,2110.664543,1201.086,6666.812,12447.356,1.054119165,1,1.250000124,2.129231616,472,39.04134746,0,200.599,1057.801,1835.033699,1120.707,5851.818,12307.186,1.080370702,1,1.305578993,2.837292964,318,41.60040252,0,165.817,1191.917,1305.041321,990.178,3479.134,5550.211,1.078782209,1,1.250002679,2.759581962,163,56.68668712,0,203.127,2005.396,3136.570816,1416.266,9437.198,27378.452,1.062401234,1,1.250000497,2.399704547,792,46.87733712,0,195.605,1297.291,2068.437899,1148.273,6666.812,16868.975,1.082771072,1,1.346997586,2.837292964,644,31.0757764,0,141.853,975.941,1839.657685,1087.27,6205.917,9764.293,1.044593336,1,1.250000296,2.046218645,164,55.11032317,0,168.047,2062.846,2043.034652,1216.969,6325.744,12307.186,1.084764742,1,1.250000105,2.690426457
s1-load60,shortest_estimate+first_fit+easy_predicted,7,0.2747709751,0.2396653916,0,0.0326085438,0.002481389578,1.565010117e-05,2000,1600,0,26.68345563,0,0,890.769,3840.82974,1453.214,14146.793,41541.625,1.031615112,1,1.25,1.457882523,1.031615112,2055.784188,369,107.5327967,404.374,0.5809672348,0.03367313605,0.07664224353,0.9673914562,225.94302,0,0,225.9429055,0.0001145050506,0,0,0,0,0.9999843499,1.009808409,0.9975186104,0.002481389578,806,489567.195,42,12,2128,632,29.29588608,0,0,1169.317,3369.040919,1374.796,13105.294,32163.138,1.025843404,1,1.25,1.446693741,504,17.72302381,0,0,404.374,5665.841504,1832.096,30328.039,68088.711,1.035472548,1,1.11467701,1.260990722,308,35.65509091,0,0,890.769,2528.018451,997.192,9426.24,22586.95,1.035905296,1,1.25,2.09968883,156,27.33562179,0,0,2011.518,2447.948218,1417.245,8824.704,13588.796,1.034065083,1,1.135415047,1.48544508,794,27.83190176,0,0,1169.317,3998.50336,1482.011,13585.551,46953.934,1.034624361,1,1.234570009,1.706512631,644,24.15515528,0,0,797.69,3737.828304,1396.759,15038.545,41541.625,1.030987567,1,1.202728739,1.622533242,162,31.10542593,0,0,1951.68,3477.49684,1429.571,12591.094,29227.13,1.019360763,1,1.250000206,1.260990722
s1-load60,shortest_estimate+first_fit+easy_predicted,8,0.2456379272,0.2109059346,0,0.0334726404,0.00125,9.352232364e-06,2000,1600,0,6.807124375,0,0,157.292,1532.811306,726.317,5458.441,12122.439,1.021656753,1,1.100002034,1.380326641,1.021656753,2040.350348,390,27.38308718,119.255,0.5567488772,0.03989819829,0.06297386408,0.9665273596,89.24719556,0,0,89.24710186,9.369696972e-05,0,0,0,0,0.9999906478,1.007193499,0.99875,0.00125,800,184160.024,32,9,2145,674,5.494456973,0,0,211.995,1210.365104,603.479,4791.505,8373.706,1.025862647,1,1.250000111,1.566598303,490,3.310232653,0,0,119.255,1374.184712,658.092,4241.558,12710.929,1.01854729,1,1,1.284875511,303,12.50875578,0,0,120.273,2237.489604,1054.794,7770.511,13651.835,1.01853581,1,1.100000055,1.306651883,133,13.35314286,0,0,178.051,2145.880835,1021.197,9994.052,14700.107,1.018908712,1,1.100000463,1.488586004,800,6.190215,0,0,122.863,1555.139286,698.694,5469.845,12823.07,1.016513396,1,1.1,1.306651883,629,6.773626391,0,0,165.483,1528.663714,770.767,5373.781,11138.25,1.024393136,1,1.100000694,1.434269067,171,9.816467836,0,0,211.995,1443.609269,718.429,5628.353,8705.806,1.03565384,1,1.250000662,1.872851579
s1-load60,shortest_estimate+first_fit+easy_predicted,9,0.2791674849,0.2396654049,0.003580004041,0.03459432184,0.001259445844,6.830831443e-05,2000,1600,0,42.81601562,0,10.859,1262.451,2466.113794,1218.791,8409.476,16043.629,1.067070425,1,1.250000069,2.712493861,1.067070425,2239.032152,346,181.394263,1246.025,0.6082466036,0.04952662407,0.06782215949,0.9654056782,156.6216556,0,0,156.6215565,9.907070709e-05,0,0,0,0,0.9999316917,1.021686542,0.9987405542,0.001259445844,794,264883.682,58,26,2481,645,43.68255504,0,50.414,1244.76,2455.322217,1261.859,7760.549,16787.21,1.066050651,1,1.250000414,2.51894763,474,31.67824262,0,0,1101.556,2411.954249,1156.493,8944.96,14205.932,1.057969487,1,1.11837088,2.626500973,330,58.40079697,0,0,2509.505,2812.151233,1449.233,10337.73,20758.263,1.075801762,1,1.25,2.781952458,151,40.01739735,0,0,1522.789,1925.980258,927.779,8173.897,13637.962,1.080913187,1,1.250000099,4.013323386,806,52.08212779,0,71.719,1908.451,2545.035175,1247.139,9007.972,15767.555,1.072258467,1,1.250000069,2.659718013,627,34.16786284,0,0,1101.556,2464.950635,1251.246,7934.087,16787.21,1.066083043,1,1.250000185,2.712493861,167,30.5639521,0,0,628.794,2089.578868,1058.005,7636.677,16394.706,1.045738249,1,1.087421296,2.781952458
s1-load60,shortest_estimate+first_fit+easy_predicted,10,0.4082921786,0.2396655247,0.1032359228,0.05732239164,0.007802340702,0.0002659987905,2000,1600,0,93.9859875,0,313.139,2236.304,2954.706333,1359.414,11311.705,22485.203,1.066309723,1,1.250000694,2.350432998,1.066309723,2168.165304,352,379.1306506,2091.905,0.708663342,0.1143616818,0.08274669132,0.9426776084,360.1129444,0,0,360.1128425,0.0001018989899,0,0,0,0,0.9997340012,1.045577115,0.9921976593,0.007802340702,769,360863.704,98,55,2611,626,88.00310703,0,402.415,2095.674,2876.494589,1559.29,10622.366,19010.817,1.086965874,1,1.293110312,2.853902605,484,136.6299174,0,362.987,3567.341,3964.616037,1322.752,14948.989,30044.408,1.052885306,1,1.250000186,2.097692619,343,66.75841691,0,176.161,1852.59,2313.075612,1347.868,6541.999,14139.996,1.05900727,1,1.250000686,2.561299894,147,42.5892381,0,300.236,595.055,1459.764782,920.488,3872.229,8666.239,1.039584608,1,1.25000268,1.831413748,831,87.66794946,0,176.161,2095.674,2861.368734,1359.414,11377.697,20582.704,1.062390995,1,1.250000091,2.350432998,627,105.5546603,0,433.621,2663.067,3064.040982,1364.274,10982.034,26519.767,1.065574964,1,1.281699143,2.293919778,142,79.87846479,0,385.338,2369.009,3018.162106,1347.821,10692.694,19281.967,1.092486881,1,1.25123559,3.775150626
s1-load60,shortest_estimate+first_fit+easy_predicted,11,0.3340497289,0.2396654186,0.04952926854,0.04113230644,0.003699136868,2.359852874e-05,2000,1600,0,64.24512188,0,150.234,2546.283,2868.267546,1477.337,9902.402,22411.536,1.054217594,1,1.250000141,2.08897698,1.054217594,2089.209262,333,278.0096396,2546.283,0.6005059957,0.08338859706,0.07341622356,0.9588676936,194.0628578,0,0,194.0627349,0.0001228686869,0,0,0,0,0.9999764015,1.012532305,0.9963008631,0.003699136868,811,324176.36,70,29,2310,640,69.08009062,0,218.458,2725.747,3365.662855,1628.287,11768.368,26817.081,1.05060527,1,1.250000356,2.009244457,470,65.13080638,0,213.923,2546.283,2214.002762,1426.098,6975.416,10553.362,1.055316636,1,1.250000312,2.08897698,327,44.60537615,0,21.268,1027.684,2589.79944,1252.034,9933.5,22411.536,1.062255183,1,1.118629769,3.04632842,163,82.10736196,0,129.697,3318.792,3360.479331,1824.654,11052.617,25425.573,1.049107448,1,1.142544376,2.633203575,789,65.64346134,0,218.458,2551.699,2962.14101,1514.459,10278.899,24400.136,1.070019758,1,1.250000312,3.581984637,653,61.17831394,0,19.657,2725.747,2584.601953,1385.928,9169.213,16537.878,1.03818962,1,1.234855474,1.898445442,158,69.93712025,0,329.519,1182.611,3571.85912,1901.144,14119.809,26474.038,1.041548988,1,1.25000011,2.154295952
s1-load60,shortest_estimate+first_fit+easy_predicted,12,0.2421119788,0.2109056336,0,0.02988441847,0.001215066829,0.0001068599049,2000,1600,0,19.22889688,0,0,764.098,2533.204915,1328.012,8863.406,18503.24,1.028560246,1,1.100000464,1.526263031,1.028560246,2058.764373,349,85.94485387,736.476,0.5403269711,0.05369754515,0.06692051276,0.9701155815,120.8968644,0,0,120.8967651,9.939393941e-05,0,0,0,0,0.9998931401,1.029341143,0.9987849332,0.001215066829,823,299786.219,39,21,2176,597,19.95866332,0,0,764.098,1502.18993,909.924,5079.019,9913.322,1.027162259,1,1.100000111,1.571312579,519,22.2616474,0,0,890.378,3741.850434,1728.053,14155.73,23590.014,1.041906981,1,1.164516511,2.250434746,324,11.05573765,0,0,58.549,2806.361485,1958.57,8407.497,11913.327,1.012207651,1,1.063477726,1.250000773,160,23.21911875,0,0,936.928,1906.493625,1290.595,5250.176,12484.475,1.023597013,1,1.118895197,1.61703169,777,23.42532175,0,0,798.241,2519.971324,1350.003,9208.534,20072.319,1.036884641,1,1.25,2.033477003,660,16.73137727,0,0,863.784,2512.223318,1369.894,8756.039,16639.112,1.021760651,1,1,1.403825957,163,9.337736196,0,0,401.666,2681.243896,1184.832,8695.297,28479.054,1.016411026,1,1.25,1.439004664
s1-load60,shortest_estimate+first_fit+easy_predicted,13,0.2368349826,0.2097274832,0,0.02705398048,0,5.351889236e-05,2000,1600,0,11.37179688,0,0,473.172,2117.185794,1330.096,6590.317,12617.202,1.021836293,1,1.093855697,1.551092707,1.021836293,2041.815032,351,50.07423077,440.223,0.6114166852,0.03807995665,0.06653229702,0.9729460195,102.2391489,0,0,102.2390928,5.604040406e-05,0,0,0,0,0.9999464811,1.019278234,1,0,813,241043.138,46,14,2167,628,6.636823248,0,0,199.382,2125.834129,1461.486,6179.046,10829.723,1.01197363,1,1.020098108,1.250001331,479,14.01441127,0,0,574,1955.430326,1077.766,6360.084,13717.918,1.027326567,1,1.112298414,1.807196052,328,12.33418902,0,0,534.622,1855.263113,1159.801,5295.35,9946.803,1.027849266,1,1.11001279,1.658810017,165,19.80868485,0,0.733,565.424,3074.521279,1889.125,10146.53,17191.957,1.031482695,1,1.061803871,2.761700457,787,8.397369759,0,0,275.5,2113.072371,1330.206,6516.54,12617.202,1.017999928,1,1.027621656,1.519224073,643,16.20197356,0,0,689.397,2081.563331,1340.901,6743.422,10829.723,1.02618827,1,1.100000273,1.779693783,170,6.872211765,0,0,408.467,2270.965253,1267.932,6747.896,17191.957,1.023135695,1,1.10000006,1.433349279
s1-load60,shortest_estimate+first_fit+easy_predicted,14,0.3004470691,0.2396654091,0.007258252966,0.05338349767,0,0.0001399093684,2000,1600,0,39.5127625,0,22.016,1140.1,2034.740201,1020.853,7340.536,14323.807,1.058466504,1,1.250000091,2.480806556,1.058466504,2098.600551,378,159.218582,916.187,0.6139102699,0.07168381944,0.07983450603,0.9466165023,206.6937156,0,0,206.6935999,0.0001156363637,0,0,0,0,0.9998600906,1.03148593,1,0,795,233813.236,73,36,2309,594,29.02885522,0,69.796,916.187,1437.032646,660.477,5242.176,11861.555,1.067363418,1,1.250000611,3.017309989,514,42.76946887,0,0,1567.551,2414.60351,1465.555,7755.366,13281.989,1.039533135,1,1.250000349,1.853681314,336,20.73227083,0,53.531,586.973,1640.445143,889.736,5344.919,10684.585,1.072263802,1,1.25,3.947394475,156,109.1521154,0,184.3,5267.207,3908.276654,1588.05,17690.944,31756.379,1.057255554,1,1.217983961,2.471432206,805,48.98345714,0,40.118,1269.642,2056.880255,1020.488,7340.536,14202.218,1.06242289,1,1.250000233,2.565519996,635,34.52490709,0,69.796,792.603,1946.476443,1050.177,6933.633,15058.718,1.06058733,1,1.250000349,2.471432206,160,11.65888125,0,0,428.042,2273.64485,898.267,8216.604,25809.39,1.030143904,1,1.100000692,1.647560439
s1-load60,shortest_estimate+first_fit+easy_predicted,15,0.4750054549,0.258682207,0.1473986469,0.06046268137,0.006218905473,0.002243014218,2000,1600,0,116.3314344,0,447.095,2731.572,3219.549126,1606.446,11799.351,23158.742,1.101618522,1,1.349184196,3.309819478,1.101618522,2184.793857,357,464.8697731,2599.997,0.6573035824,0.110859275,0.08572655888,0.9395373186,359.0341933,0,0,359.0340846,0.0001087676769,0,0,0,0,0.9977569858,1.130192493,0.9937810945,0.006218905473,804,354794.792,101,51,2498,654,77.21837768,0,333.352,2436.795,2667.347755,1490.731,9404.055,16133.945,1.071232986,1,1.318519516,2.52385786,498,210.0279618,0,970.724,4258.584,4438.111725,2358.382,14718.607,31763.338,1.131271326,1,1.528266418,3.941948982,299,92.35969231,0,222.933,2609.602,2081.903612,935.203,7387.462,18554.695,1.157355003,1,1.278230334,6.873493532,149,22.95304027,0,39.451,696.327,3853.452013,1912.648,15393.483,28341.376,1.024033526,1,1.094214041,1.829904236,796,156.0278543,0,654.393,3677.565,3512.987381,1655.483,13479.875,28341.376,1.112146202,1,1.458288125,3.397074372,652,81.26832975,0,283.635,1895.853,3086.855974,1669.673,11240.743,19540.778,1.099354166,1,1.253379104,3.518826728,152,58.84981579,0,161.9,2599.997,2252.043099,1133.431,8147.106,23793.308,1.056199614,1,1.253323634,1.839074601
s1-load60,shortest_estimate+first_fit+easy_predicted,16,0.3680113238,0.2448849529,0.0725268136,0.04715359228,0.002487562189,0.0009584028056,2000,1600,0,74.79675375,0,219.991,1993.216,1729.499362,811.397,6375.212,13266.192,1.084330802,1,1.27722317,2.365335061,1.084330802,2158.89304,364,296.7953022,1748.222,0.7234880649,0.1259867445,0.08701723106,0.9528464077,168.8141889,0,0,168.8140932,9.571717172e-05,0,0,0,0,0.9990415972,1.088078209,0.9975124378,0.002487562189,804,179545.735,108,51,2596,625,52.2471024,0,69.191,1993.216,1471.822376,640.049,5844.657,13741.928,1.047080129,1,1.250000122,1.907767678,493,76.49690669,0,349.971,1704.82,2060.927984,923.742,8335.216,15095.486,1.139305072,1,1.356569735,3.553055424,322,77.11966149,0,352.526,1887.596,1503.724584,790.056,5418.98,8712.226,1.074581491,1,1.363092744,2.365335061,160,152.9678813,0,184.093,2340.233,2169.207387,1257.332,5723.644,18847.255,1.080072266,1,1.308046866,3.072147138,796,100.5421734,0,401.056,2621.294,1807.297559,785.216,7009.422,15851.009,1.12130442,1,1.346589707,3.482487056,633,54.93723381,0,130.397,1654.021,1666.602902,846.848,6278.724,11091.66,1.046736026,1,1.250001402,2.062689461,171,28.46764327,0,120.932,409.983,1600.178275,756.681,5345.957,12835.739,1.05138632,1,1.356569735,1.946269838
s1-load60,shortest_estimate+first_fit+easy_predicted,17,0.3253934865,0.2396654219,0.03433757628,0.04623629958,0.005141388175,1.280062598e-05,2000,1600,0,52.17916188,0,104.154,1466.086,2852.142083,1595.413,10190.125,18066.13,1.054838746,1,1.250000158,2.284965306,1.054838746,2094.749798,372,193.8231129,1300.95,0.6638440192,0.07820890015,0.08689538128,0.9537637004,257.27786,0,0,257.2777543,0.0001056969697,0,0,0,0,0.9999871994,1.009754357,0.9948586118,0.005141388175,778,323097.17,86,36,2305,628,48.30108121,0,59.018,1898.098,3044.47557,1907.255,11343.957,17959.994,1.049926559,1,1.250000264,2.079074725,486,66.94983951,0,104.154,2114.406,3348.492086,2013.812,11491.097,19853.406,1.060167918,1,1.250000088,2.631453381,340,44.76659118,0,275.989,1078.346,1918.120797,878.229,5973.188,19778.328,1.05676026,1,1.250000948,2.44204238,146,36.95422603,0,161.57,1055.153,2547.729103,1828.883,8019.079,12275.745,1.053753549,1,1.250000039,2.646911279,822,39.88626034,0,71.174,1078.346,2803.658043,1606.501,9782.578,16559.718,1.042435824,1,1.250000054,2.231097525,617,64.49812318,0,216.951,2131.789,2929.430773,1603.235,10878.133,20333.224,1.065292684,1,1.250000264,2.619916512,161,67.73174534,0,83.278,2533.065,2803.48841,1516.343,10198.723,21302.621,1.078100379,1,1.250000624,2.189302865
s1-load60,shortest_estimate+first_fit+easy_predicted,18,0.2422157098,0.2109056276,0,0.0231334553,0.001261034048,0.006915592862,2000,1600,0,29.39038,0,0,717.953,4005.429604,1537.624,16512.802,34132.782,1.078983798,1,1.100000433,1.415128096,1.078983798,2130.237809,356,119.8069888,524.241,0.538418206,0.02336837093,0.06376802796,0.9768665447,151.6663378,0,0,151.6662434,9.442424244e-05,0,0,0,0,0.9930844071,1.210811293,0.998738966,0.001261034048,793,493154.151,30,12,2114,654,22.4555581,0,0,656.188,6443.255725,2909.366,22320.278,46925.048,1.016550575,1,1.100000104,1.293167742,489,57.21906748,0,0,1696.137,2632.317536,1112.98,10667.916,15904.117,1.220393265,1,1.25,2.305198871,318,13.70612893,0,0,168.984,1431.477846,985.413,4132.941,7577.023,1.020999032,1,1.25,1.250001364,139,0,0,0,0,3254.567576,1440.434,15008.808,17876.58,1.007913679,1,1,1.250000399,807,24.96778563,0,0,524.241,3614.560711,1446.8,15435.167,25980.821,1.122531599,1,1.141731291,1.271694515,633,38.3828831,0,0,977.54,4568.300359,1625.19,18882.012,38563.639,1.038494982,1,1.090516324,1.617508086,160,16.12025,0,0,567.415,3750.017163,1727.604,11371.559,46925.048,1.019523451,1,1.218224937,1.303664178
s1-load60,shortest_estimate+first_fit+easy_predicted,19,0.2103460134,0.1917323133,0,0.01852162879,0,9.207134684e-05,2000,1600,0,13.929305,0,0,316.757,2598.403959,1079.602,8776.869,24248.916,1.025428717,1,1,1.250002448,1.025428717,2048.682558,338,61.20209763,106.991,0.5421873285,0.02170834842,0.05790229222,0.9814783712,86.09410222,0,0,86.09404695,5.527272729e-05,0,0,0,0,0.9999079287,1.027236263,1,0,831,341021.573,19,5,2119,656,15.37369207,0,0,331.094,3748.676945,1587.993,13193.53,42543.581,1.023091157,1,1.02112978,1.250001891,468,18.28741239,0,0,486.916,1658.490316,605.155,6975.626,15676.654,1.035109128,1,1.10000241,1.730874649,316,9.450629747,0,0,87.501,2091.365092,991.062,7236.443,17476.555,1.024939294,1,1,1.250000527,160,4.1052375,0,0,41.171,1632.933888,805.987,5193.401,13598.944,1.007664123,1,1,1.250000847,769,21.41585176,0,0,389.722,2541.084476,1150.628,8050.633,22292.51,1.027966227,1,1,1.402160264,662,8.235933535,0,0,176.296,2660.918573,1023.445,10028.385,28158.885,1.026167669,1,1.1000001,1.250001574,169,2.165147929,0,0,34.816,2614.34484,1074.065,10019.401,27094.338,1.010987703,1,1.032144324,1.250001891
s1-load60,shortest_estimate+first_fit+easy_predicted,20,0.2899613846,0.2396653916,0.01046571768,0.03722621229,0.002490660025,0.0001134029791,2000,1600,0,39.12856,0,31.745,1244.538,3138.251539,1499.612,11652.769,23735.158,1.035436475,1,1.25,1.781641047,1.035436475,2059.148362,353,155.0741643,1121.787,0.6090369342,0.08156376373,0.07020774432,0.9627737877,203.5023911,0,0,203.5022913,9.983838388e-05,0,0,0,0,0.999886597,1.029948356,0.99750934,0.002490660025,803,348693.455,69,32,2254,645,49.77541395,0,209.282,1575.287,5182.126181,2844.427,18420.982,39676.774,1.032689204,1,1.25,1.90334558,467,28.45551392,0,8.102,940.592,1341.1304,891.811,4442.221,7238.014,1.049621569,1,1.25,2.007607812,310,41.08853548,0,0,882.05,2482.717042,1603.355,8016.535,11736.692,1.029163042,1,1.111416607,1.715640262,178,25.13698315,0,0,599.565,1588.656719,708.05,6560.271,12278.935,1.019101165,1,1.25,1.555366281,797,42.5066261,0,84.948,1268.77,3092.543959,1451.104,11672.004,21219.024,1.04167689,1,1.25,1.986217569,621,30.29997585,0,0,884.119,3340.198873,1568.283,12521.309,28467.479,1.026718819,1,1.101255926,1.731428759,182,54.45950549,0,170.985,2848.858,2649.348505,1430.968,8260.604,26503.318,1.037854352,1,1.133240067,2.206151494
s1-load60,shortest_estimate+least_fragmentation+easy_predicted,1,0.2949171345,0.2396654038,0,0.05233913571,0.002463054187,0.0004495407592,2000,1600,0,16.19522688,0,0,439.7,3232.638726,1289.535,9523.233,46679.924,1.050284965,1,1.250000063,1.539105,1.050284965,2082.555956,370,63.20813243,328.752,0.5639525564,0.0314962922,0.07225972744,0.9476608643,309.4932267,0,0,309.4931001,0.0001265858586,0,0,0,0,0.9995504592,1.060100226,0.9975369458,0.002463054187,812,420102.159,42,17,2158,647,28.54550077,0,0,1049.54,2349.28589,1534.192,7747.56,15033.631,1.076888786,1,1.250000197,2.360794247,468,8.727912393,0,0,318.443,1611.275034,953.849,5969.06,9235.755,1.043097632,1,1.100000263,1.338129796,333,4.736042042,0,0,230.454,7350.427859,1288.395,46679.924,86400,1.015836767,1,1.25,1.250000762,152,11.72144079,0,0,335.064,2963.584191,1909.273,10223.501,15590.314,1.034641874,1,1.250000135,1.300932371,788,14.41393782,0,0,403.608,3207.58925,1338.878,9411.102,48633.587,1.051063838,1,1.25,1.433902603,648,17.51270216,0,0,485.098,3177.958867,1223.923,10238.91,44785.025,1.04422379,1,1.250000128,1.545271102,164,19.54846951,0,0,1049.54,3569.050524,1206.785,9059.982,67156.945,1.070491612,1,1.250000126,2.714891614
s1-load60,shortest_estimate+least_fragmentation+easy_predicted,2,0.3851130214,0.2396656757,0.1017625792,0.03790511045,0.00513478819,0.0006448678601,2000,1600,0,115.6261231,0,308.67,3262.468,3363.107029,1585.624,12840.772,25871.625,1.096888853,1,1.250001482,3.368444242,1.096888853,2168.945648,332,533.7762831,3262.468,0.6198924736,0.1169040045,0.06887360436,0.9620948896,230.3029244,0,0,230.3028184,0.0001060606061,0,0,0,0,0.9993551321,1.074301344,0.9948652118,0.00513478819,779,341900.773,90,42,2482,636,114.6566116,0,158.831,3515.969,4703.532676,2121.094,18436.322,33047.421,1.062879903,1,1.25000017,2.470632213,502,111.711251,0,260.726,3926.355,2636.155118,1516.656,8214.266,17614.333,1.109037227,1,1.250001195,3.368444242,311,68.87763344,0,137.887,2212.053,1837.301936,1132.604,6079.314,9216.087,1.141853308,1,1.250001482,4.343925505,151,229.007947,0,594.035,3910.942,3276.64698,1646.349,10198.292,34142.899,1.107135628,1,1.762331386,2.43993727,821,144.3544787,0,379.378,3926.355,3500.06847,1612.257,13267.089,32026.179,1.080397218,1,1.300089039,3.096865107,635,80.87691811,0,262.28,2489.672,3238.244814,1584.511,11137.547,24380.604,1.118631085,1,1.250001315,4.343925505,144,105.0689375,0,17.005,2993.284,3132.844278,1436.296,13763.907,27939.411,1.095036877,1,1.25000017,4.094704803
s1-load60,shortest_estimate+least_fragmentation+easy_predicted,3,0.278663513,0.2396653916,0,0.03769167847,0.001293661061,1.278181485e-05,2000,1600,0,34.61043313,0,0,1080.567,2655.725379,1243.769,9781.145,22570.754,1.047377277,1,1.25,2.570427604,1.047377277,2119.297561,377,141.9814562,1042.877,0.61714905,0.08747284731,0.08040619691,0.9623083215,176.1114489,0,0,176.111356,9.292929295e-05,0,0,0,0,0.9999872182,1.009472902,0.9987063389,0.001293661061,773,276558.877,61,24,2358,639,44.00164789,0,24.707,1136.749,3832.870504,1784.63,14615.765,31195.015,1.047845456,1,1.250000126,2.559307705,481,19.73671518,0,0,818.004,1662.157857,934.592,5364.276,8799.225,1.04480732,1,1.25,2.210318419,318,35.75964151,0,0,512.753,2268.767928,1173.634,8847.126,12063.366,1.046590935,1,1.053941269,2.944522187,162,39.47354321,0,120.078,1194.798,1722.161877,941.003,5474.689,10478.614,1.054704678,1,1.250000401,2.671149761,827,32.82526965,0,0,1136.749,2723.623721,1239.383,9692.102,22691.536,1.044800454,1,1.25,2.423545613,629,40.79261844,0,11.889,1080.567,2475.368782,1241.348,10089.665,14694.807,1.051391771,1,1.250000132,2.671149761,144,17.85859722,0,0,766.684,3053.589063,1296.776,11894.199,30617.045,1.044640577,1,1.100000417,2.570427604
s1-load60,shortest_estimate+least_fragmentation+easy_predicted,4,0.284434048,0.2396654175,0,0.03887115626,0.005298013245,0.000599460951,2000,1600,0,47.26145188,0,0,1306.434,2651.857106,1496.622,8990.671,14717.045,1.054629139,1,1.250000135,2.258877359,1.054629139,2128.767135,354,194.546,1236.562,0.6036594276,0.0845103348,0.0694329819,0.9611288437,185.8454844,0,0,185.8453842,0.0001002020202,0,0,0,0,0.999400539,1.059557084,0.9947019868,0.005298013245,755,295906.094,57,27,2312,615,55.2518,0,0,1681.605,2041.238886,954.269,7971.136,13045.387,1.085487729,1,1.250000476,2.675818236,495,45.47611111,0,0,1306.434,3686.433162,2194.258,12401.891,21983.224,1.024473098,1,1.125370738,1.311287005,334,25.5752994,0,13,692.192,2360.75868,1543.542,7739.013,12123.073,1.033597267,1,1.25,2.108160964,156,67.85667308,0,165.388,2073.405,2399.561795,1617.9,7447.028,11306.839,1.073692295,1,1.250003066,2.566384798,845,43.76777633,0,0,1306.434,2770.792366,1532.855,9561.798,14774.058,1.065409032,1,1.250000169,2.446294969,608,50.2275477,0,0,1388.126,2529.177722,1488.178,7971.136,13045.387,1.029830235,1,1.25,1.571456213,147,55.07621088,0,142.011,1157.276,2475.590238,1426.084,10582.297,14717.045,1.095232702,1,1.250001917,3.772584653
s1-load60,shortest_estimate+least_fragmentation+easy_predicted,5,0.2641996569,0.2109056939,0,0.05320770565,0,8.625734177e-05,2000,1600,0,11.49562125,0,0,363.256,2202.403469,1452.512,6405.251,12025.832,1.018221377,1,1.100000779,1.305336541,1.018221377,2044.233016,334,48.73415868,299.025,0.5621857562,0.02889567191,0.05626258093,0.9467922943,202.6550022,0,0,202.654903,9.923232327e-05,0,0,0,0,0.9999137427,1.022513379,1,0,754,268192.58,33,10,2189,639,14.48579812,0,0,404.94,2160.333092,1353.57,6405.251,14041.681,1.026348891,1,1.250000048,1.486944645,486,18.32832922,0,0,401.655,1852.074416,1258.224,5407.76,9954.582,1.020737928,1,1.250000026,1.356988628,322,0.07685093168,0,0,0,2758.607273,2201.813,7426.538,11427.432,1.003751063,1,1,1.25,153,1.335,0,0,53.97,2320.346386,1543.269,6827.049,14317.204,1.006737169,1,1.010155535,1.250000188,846,11.20918322,0,0,387.474,2241.408165,1421.035,6585.02,12341.63,1.016644488,1,1.161060821,1.356988628,602,13.38976578,0,0,231.173,2124.87744,1492.177,6264.263,9992.605,1.022015203,1,1.10000043,1.250000619,152,5.588065789,0,0,257.061,2292.355421,1420.615,6880.407,14738.915,1.011972466,1,1,1.250002234
s1-load60,shortest_estimate+least_fragmentation+easy_predicted,6,0.3463058642,0.2396658624,0.04789833751,0.05500533748,0.003712871287,2.345548568e-05,2000,1600,0,35.21218125,0,145.287,897.407,1968.866597,1115.461,6430.103,13101.112,1.059491278,1,1.250002456,2.219590695,1.059491278,2118.601311,388,137.1517861,869.747,0.6615581516,0.1196431086,0.09874472759,0.9449946625,197.9115022,0,0,197.9113806,0.0001216161616,0,0,0,0,0.9999765445,1.012016144,0.9962871287,0.003712871287,808,218789.027,103,48,2400,647,31.11183308,0,98.715,853.369,2103.401192,1204.827,6666.812,12447.356,1.061808598,1,1.25000037,2.163009711,472,32.8959322,0,207.028,897.407,1833.693485,1105.118,5851.818,12307.186,1.063635114,1,1.346997586,2.413145244,318,31.52284277,0,133.646,795.303,1294.089566,951.63,3418.959,5550.211,1.051006073,1,1.250000143,2.197097184,163,65.39257669,0,225.417,2139.317,3142.712748,1368.612,9437.198,27378.452,1.054847707,1,1.250000497,2.234082511,792,37.42868813,0,203.127,882.523,2057.815189,1149.126,6666.812,16868.975,1.070898532,1,1.306010348,2.27182923,644,30.60240683,0,86.507,933.049,1841.58636,1078.4,6147.648,10522.979,1.046252713,1,1.250000143,2.234082511,164,42.60987195,0,199.963,1118.301,2039.117744,1201.874,6430.103,12307.186,1.056388166,1,1.323542491,2.07749336
s1-load60,shortest_estimate+least_fragmentation+easy_predicted,7,0.2760549609,0.2396653916,0,0.03261526641,0.003722084367,5.221849308e-05,2000,1600,0,19.31817125,0,0,642.867,3831.648602,1452.346,14146.793,41541.625,1.024007644,1,1.25,1.421154175,1.024007644,2043.525859,369,78.0791897,321.389,0.5813001278,0.02648261705,0.06732872414,0.9673847336,225.9911711,0,0,225.9910678,0.0001033131314,0,0,0,0,0.9999477815,1.019019618,0.9962779156,0.003722084367,806,489567.195,32,12,2091,632,23.46886234,0,0,642.867,3357.089356,1337.341,12962.895,31856.608,1.022386061,1,1.25,1.446693741,504,9.475751984,0,0,152.255,5664.226319,1832.096,30328.039,68088.711,1.018081473,1,1.25,1.250000892,308,22.85637338,0,0,890.769,2506.162367,1006.069,9426.24,22586.95,1.030226489,1,1.103658961,1.923339756,156,27.31545513,0,0,2011.518,2450.571904,1453.214,8824.704,13588.796,1.037444994,1,1.250000169,1.48544508,794,13.90523048,0,0,395.283,3982.56947,1481.365,13521.065,46953.934,1.021969594,1,1.25,1.326834602,644,15.36420031,0,0,714.547,3726.704657,1383.927,15038.545,41541.625,1.025811584,1,1.25,1.457882523,162,61.56651852,0,0,2391.628,3509.134605,1429.571,12591.094,29227.13,1.026825387,1,1.250000298,1.495147702
s1-load60,shortest_estimate+least_fragmentation+easy_predicted,8,0.2829230034,0.2396653916,0,0.04197090427,0.00125,3.670751439e-05,2000,1600,0,6.64237625,0,0,177.793,1536.725193,726.317,5458.441,12122.439,1.02065635,1,1.25,1.384558904,1.02065635,2038.657807,390,26.01190256,120.273,0.5613550321,0.03871161469,0.06110408462,0.9580290957,112.8985556,0,0,112.8984482,0.0001073535354,0,0,0,0,0.9999632925,1.015522943,0.99875,0.00125,800,184160.024,34,15,2143,674,5.049091988,0,0,207.697,1214.202279,600.597,4791.505,8725.653,1.025571281,1,1.250000279,1.39390944,490,4.904934694,0,0,229.524,1380.613006,662.113,4270.192,12710.929,1.013304666,1,1,1.298396394,303,10.97470297,0,0,61.017,2237.408964,1051.609,7770.511,13651.835,1.017934949,1,1.1,1.272611787,133,11.24782707,0,0,178.051,2150.02018,1021.197,9994.052,14700.107,1.029034136,1,1.250000803,1.579977024,800,5.5765025,0,0,117.148,1558.533754,694.857,5469.845,12823.07,1.018751358,1,1.25,1.272611787,629,6.587705882,0,0,178.051,1533.929288,774.412,5373.781,11138.25,1.019650815,1,1.25,1.384558904,171,11.83001754,0,0,387.193,1444.981193,725.672,5628.353,8725.653,1.033267313,1,1.250000902,1.579977024
s1-load60,shortest_estimate+least_fragmentation+easy_predicted,9,0.2815865797,0.2396653916,0.002750527094,0.03659836508,0.002518891688,5.340423342e-05,2000,1600,0,48.50043312,0,8.343,1246.025,2473.538476,1204.049,8616.86,16394.706,1.058716609,1,1.25,2.58081947,1.058716609,2264.805547,346,206.838159,1180.375,0.6090612091,0.06606145898,0.06960816775,0.9634016349,166.0393956,0,0,166.0392997,9.583838387e-05,0,0,0,0,0.9999465958,1.018389908,0.9974811083,0.002518891688,794,276308.22,58,27,2491,645,44.31792093,0,18.964,1649.28,2453.226862,1251.246,7794.002,16787.21,1.057534453,1,1.25,2.457290828,474,46.02500844,0,0,999.365,2432.460943,1145.15,9093.721,14205.932,1.050652731,1,1.25,2.58081947,330,65.67267576,0,65.092,2509.505,2824.477333,1449.233,10337.73,20758.263,1.067458676,1,1.250000069,3.466003571,151,36.60792715,0,21.054,1091.782,1922.292901,873.09,8224.47,13637.962,1.069974138,1,1.250000099,2.712493861,806,61.87867742,0,87.468,2032.063,2556.327847,1226.521,9064.825,16043.629,1.062215595,1,1.25,2.59940517,627,36.00934609,0,0,1091.782,2467.5881,1230.758,8158.277,16787.21,1.055074024,1,1.185668657,2.457290828,167,30.83005389,0,0,1155.269,2096.308844,1058.05,7715.593,16394.706,1.055505343,1,1.25,3.466003571
s1-load60,shortest_estimate+least_fragmentation+easy_predicted,10,0.4524442449,0.2485017072,0.141663849,0.05290613835,0.009102730819,0.0002698195039,2000,1600,0,111.0843931,0,429.7,2660.392,2967.590062,1400.718,11311.705,22485.203,1.095009476,1,1.296086731,3.365378656,1.095009476,2217.133049,352,443.3563892,2645.785,0.7036500752,0.1598592869,0.07633435689,0.9470938616,330.8191667,0,0,330.8190678,9.882828284e-05,0,0,0,0,0.9997301805,1.040450509,0.9908972692,0.009102730819,769,360863.704,110,54,2624,626,112.0695687,0,399.431,2727.475,2895.881518,1588.941,10473.408,19010.817,1.111627429,1,1.351623424,3.697671318,484,135.0538657,0,754.344,3507.472,3955.27395,1335.808,14940.273,27997.794,1.068409712,1,1.312994409,2.520480088,343,100.128312,0,374.99,2178.666,2343.558924,1396.759,6566.115,14139.996,1.107767721,1,1.270133183,3.365378656,147,53.53331293,0,313.638,2098.602,1477.067796,956.513,4060.952,8666.239,1.0820528,1,1.250000657,2.776361723,831,95.74226955,0,362.512,2098.602,2862.509319,1393.658,11329.317,20582.704,1.08982305,1,1.250000694,3.728804324,627,130.561555,0,640.344,3638.603,3087.732378,1400.718,10982.034,26199.18,1.105505567,1,1.460581997,3.287021873,142,114.8669577,0,385.338,3507.472,3052.046859,1409.18,10692.694,19281.967,1.079015606,1,1.312994409,3.248159373
s1-load60,shortest_estimate+least_fragmentation+easy_predicted,11,0.3118198889,0.2396654113,0.02766285837,0.03921412733,0.004932182491,0.0003453094603,2000,1600,0,54.98324437,0,83.908,1391.775,2858.482289,1477.159,9875.579,21776.646,1.052975016,1,1.250000102,2.061719957,1.052975016,2088.818393,333,242.8237057,1391.775,0.5993241621,0.07579555154,0.06843510062,0.9607858727,184.6434867,0,0,184.6433694,0.0001172929293,0,0,0,0,0.9996546905,1.052743582,0.9950678175,0.004932182491,811,324176.36,80,25,2320,640,72.17900625,0,242.696,2551.699,3363.779413,1628.287,11963.048,26817.081,1.053188959,1,1.250000179,2.061719957,470,47.29992766,0,61.853,1411.799,2193.426426,1419.414,6987.666,10328.257,1.043691546,1,1.25000019,1.859248106,327,35.98708869,0,43.851,1027.684,2582.396963,1252.034,9933.5,20977.915,1.079592925,1,1.222277278,3.317899934,163,47.72934356,0,83.908,1013.531,3346.003748,1821.899,12987.225,25425.573,1.025504161,1,1.228320688,1.627891774,789,46.99697085,0,253.343,1029.525,2937.215956,1540.388,10278.899,24400.136,1.057677553,1,1.250000275,2.304369905,653,64.84485605,0,0,2725.747,2595.472609,1385.928,9389.065,16537.878,1.04898699,1,1.250000036,2.061719957,158,54.10689873,0,0,1846.778,3552.307968,1901.144,14119.809,26474.038,1.04597425,1,1.25,2.11491754
s1-load60,shortest_estimate+least_fragmentation+easy_predicted,12,0.2516666293,0.217193755,0,0.03426679854,0,0.0002060757377,2000,1600,0,19.11404625,0,0,606.856,2535.700467,1330.573,8946.114,18503.24,1.028226654,1,1.132796821,1.545194502,1.028226654,2063.003012,349,84.58432665,543.889,0.5397420774,0.04721442714,0.06288386998,0.9657332015,139.2547689,0,0,139.2546552,0.0001136565657,0,0,0,0,0.9997939243,1.040768288,1,0,823,299786.219,28,16,2198,597,20.43090955,0,0,630.11,1509.024568,909.924,5079.019,10005.906,1.029388144,1,1.25,1.57106953,519,21.60814258,0,0,877.715,3745.252434,1711.489,14155.73,23590.014,1.034209069,1,1.181467343,1.98568193,324,1.204432099,0,0,0,2787.928,1953.291,8407.497,11913.327,1.006810062,1,1,1.250000368,160,42.37724375,0,0,1610.521,1932.239975,1290.595,5303.753,12484.475,1.047855984,1,1.250000629,1.803476782,777,20.42191763,0,0,606.856,2521.307949,1362.117,9329.662,20072.319,1.028899423,1,1.250000078,1.617876441,660,21.0539697,0,0,813.483,2516.161173,1373.871,8756.039,16639.112,1.030320717,1,1,1.639775137,163,5.024687117,0,0,145.57,2683.423914,1178.632,8695.297,28479.054,1.016540621,1,1.25,1.250001839
s1-load60,shortest_estimate+least_fragmentation+easy_predicted,13,0.2559686037,0.2206374687,0,0.03527766623,0,5.346878933e-05,2000,1600,0,11.98912375,0,0,520.66,2121.573033,1330.206,6609.935,12617.202,1.023974563,1,1.150757871,1.458356144,1.023974563,2046.154083,351,53.27975783,517.65,0.616217349,0.03956945213,0.06633118866,0.9647223338,134.4535622,0,0,134.453484,7.818181822e-05,0,0,0,0,0.9999465312,1.02019635,1,0,813,241043.138,41,16,2160,628,8.303960191,0,0,265.213,2133.315963,1472.914,6179.046,10829.723,1.015845544,1,1.114165332,1.379998055,479,14.51441962,0,0,517.65,1954.353415,1077.766,6418.545,13717.918,1.029888568,1,1.247722989,1.79096228,328,9.759884146,0,0,498.82,1855.258872,1158.894,5295.35,9946.803,1.024670607,1,1.25,1.551092707,165,23.11552727,0,0,605.147,3091.722618,1974.263,10146.53,17191.957,1.036361916,1,1.164269283,2.761700457,787,10.74587929,0,0,409.149,2119.803778,1332.004,6516.54,12617.202,1.023487843,1,1.150757871,1.458356144,643,15.44026128,0,0,668.675,2084.242322,1349.405,6743.422,10829.723,1.025289292,1,1.25,1.551092707,170,4.691194118,0,0,276.843,2270.961571,1249.784,6747.896,17191.957,1.021255023,1,1,1.501652587
s1-load60,shortest_estimate+least_fragmentation+easy_predicted,14,0.3286483719,0.2396657649,0.03598466167,0.05284305528,0,0.0001548899691,2000,1600,0,40.92962688,0,109.15,1140.1,2035.925769,1043.849,7340.536,14323.807,1.07427987,1,1.250001947,2.370120607,1.07427987,2125.677277,378,151.3399074,1000.72,0.6139346368,0.06389970234,0.08042931663,0.9471569447,204.4844511,0,0,204.4843217,0.0001294141415,0,0,0,0,0.99984511,1.03427866,1,0,795,233813.236,75,32,2291,594,27.35075084,0,76.347,916.187,1440.927131,660.477,5250.571,11861.555,1.093845834,1,1.250005768,2.673322998,514,48.22516732,0,124.331,1419.358,2421.868146,1468.144,7755.366,13281.989,1.057592964,1,1.250000784,2.162993675,336,20.59167262,0,90.128,512.391,1626.413973,898.267,5515.344,10684.585,1.06756527,1,1.250000516,2.703362708,156,112.4007628,0,479.35,4328.363,3911.892263,1588.502,18190.113,31756.379,1.069222131,1,1.25000131,3.273806234,805,53.6011205,0,193.009,1229.234,2061.502892,1038.892,7099.394,14202.218,1.068631375,1,1.250005768,2.451933013,635,32.95413701,0,116.721,866.555,1942.267035,1061.488,6933.633,15058.718,1.092603205,1,1.250002874,2.370120607,160,8.8289,0,0,524.44,2278.948975,898.267,8216.604,25809.39,1.029978125,1,1.120809851,1.317370563
s1-load60,shortest_estimate+least_fragmentation+easy_predicted,15,0.4966862704,0.2593907516,0.1741937853,0.05374466042,0.007462686567,0.001894386434,2000,1600,0,151.6695631,0,528.371,4301.492,3249.954842,1606.446,11868.556,23158.742,1.121637763,1,1.352879685,3.60412,1.121637763,2227.224393,357,633.8258291,3836.857,0.6565609587,0.1587301453,0.08524102566,0.9462553396,316.8760556,0,0,316.8759448,0.0001107878789,0,0,0,0,0.9981056136,1.112212761,0.9925373134,0.007462686567,804,354794.792,103,51,2576,654,117.9686804,0,434.797,3836.857,2706.909774,1490.731,10022.685,16218.07,1.088194664,1,1.318519516,3.764489631,498,245.6165663,0,1145.045,6294.284,4462.573004,2344.025,14793.519,30938.061,1.157074566,1,1.61132252,4.133255256,299,113.1877492,0,485.569,3726.246,2096.390114,922.201,7387.462,18554.695,1.170338095,1,1.624855336,6.873493532,149,62.81608725,0,94.971,2385.072,3895.481577,1924.505,15393.483,28341.376,1.052260984,1,1.250000238,2.581214757,796,191.0934108,0,796.639,4854.922,3535.249921,1661.114,13479.875,28341.376,1.13234114,1,1.418255551,4.435911326,652,110.4164617,0,297.213,3014.816,3119.678541,1608.672,11281.552,16950.579,1.118180331,1,1.262499616,3.466378557,152,122.1671908,0,490.499,3726.246,2314.726322,1187.914,8571.815,23793.308,1.080416429,1,1.509487931,2.82263039
s1-load60,shortest_estimate+least_fragmentation+easy_predicted,16,0.3958099782,0.2505521617,0.08292132022,0.05226626876,0.008706467662,0.001363759912,2000,1600,0,81.7274525,0,251.52,1993.611,1738.910428,811.397,6468.16,13438.325,1.09215401,1,1.306781092,3.054277249,1.09215401,2186.370966,364,312.9453407,1788.735,0.7307373011,0.1009988548,0.08314985244,0.9477337312,188.1274733,0,0,188.1273688,0.0001045252525,0,0,0,0,0.9986362401,1.095360212,0.9912935323,0.008706467662,804,179545.735,112,53,2593,625,73.88008,0,147.372,2062.714,1498.595688,646.371,6153.888,13741.928,1.05673771,1,1.264856135,2.277410526,493,85.36650304,0,420.506,1788.735,2076.42001,928.984,8171.11,15095.486,1.157508442,1,1.513621926,4.371779319,322,75.73317391,0,224.961,1832.852,1503.720087,763.528,5483.759,8712.226,1.060742457,1,1.306781092,2.030995265,160,113.2319125,0,604.377,4053.16,2111.009044,1257.332,5860.344,18847.255,1.092341338,1,1.272475952,3.579483449,796,88.10746859,0,362.54,1993.611,1798.093955,798.626,7037.493,15881.989,1.117737846,1,1.378498674,3.482487056,633,53.80135071,0,131.537,1422.399,1669.420104,834.603,6278.724,11091.66,1.050222521,1,1.250002545,2.277410526,171,155.4042339,0,441.403,6363.312,1720.648953,756.681,6468.16,11366.389,1.128282075,1,2.030995265,4.371779319
s1-load60,shortest_estimate+least_fragmentation+easy_predicted,17,0.3325316658,0.2396654473,0.03209970287,0.05553444451,0.005141388175,9.068296177e-05,2000,1600,0,63.82795937,0,97.366,2050.75,2871.704263,1595.534,10557.051,18213.062,1.05918526,1,1.25000029,2.416522664,1.05918526,2100.161021,372,264.184086,1563.954,0.6647545597,0.09433464183,0.08684098208,0.9444655555,312.0588067,0,0,312.0586836,0.0001230707071,0,0,0,0,0.999909317,1.024874746,0.9948586118,0.005141388175,778,323097.17,82,40,2363,628,66.03693153,0,0,2383.835,3070.180183,1831.388,11518.881,18066.13,1.051927093,1,1.250000017,2.233492074,486,61.40781893,0,208.977,2050.75,3352.572138,2021.949,11602.581,19853.406,1.061038344,1,1.250000403,2.557726275,340,71.71016471,0,345.2,2081.403,1949.812321,889.591,6009.007,20241.995,1.07454587,1,1.250002188,2.829655943,146,44.02661644,0,343.785,1164.984,2564.160397,1832.059,8047.794,12275.745,1.048465556,1,1.250000136,2.189302865,822,53.01948297,0,59.018,1563.954,2822.687628,1609.997,10179.089,16690.41,1.045975861,1,1.250000107,2.294866331,617,65.27150243,0,186.558,2131.789,2939.853361,1585.279,10947.309,20333.224,1.066616944,1,1.250000296,2.534466182,161,113.4795217,0,83.278,4361.959,2860.795447,1516.343,10812.492,21302.621,1.098146608,1,1.318849065,2.842575075
s1-load60,shortest_estimate+least_fragmentation+easy_predicted,18,0.2790700028,0.2305064927,0,0.03423969304,0.003783102144,0.01054071492,2000,1600,0,39.05716313,0,0,977.54,4025.932619,1537.957,16631.465,34132.782,1.100606384,1,1.202230802,1.787087881,1.100606384,2169.511747,356,153.9046826,604.05,0.5442973599,0.02934093191,0.06846158151,0.965760307,227.0619911,0,0,227.0619054,8.573737376e-05,0,0,0,0,0.9894592851,1.270959246,0.9962168979,0.003783102144,793,493154.151,32,15,2161,654,39.76509327,0,0,1081.494,6487.834531,2871.207,22528.038,48914.125,1.018804142,1,1.14783914,1.380586647,489,52.78495092,0,0,1419.21,2630.772446,1112.98,10667.916,17836.642,1.277937309,1,1.25,2.883885,318,33.3257327,0,0,1450.869,1447.425299,986.813,4132.941,7577.023,1.037728923,1,1.25,2.284771831,139,0.5443597122,0,0,0,3249.780115,1440.434,15008.808,17876.58,1.005490391,1,1,1.250000058,807,34.20828129,0,0,604.05,3646.358649,1457.492,15435.167,26016.902,1.168719439,1,1.25,1.412758159,633,47.19327172,0,0,1081.494,4579.871858,1625.19,18882.012,38563.639,1.035906523,1,1.100000433,1.91164207,160,31.32523125,0,0,2029.577,3748.886713,1693.027,12065.521,46925.048,1.013029989,1,1.063162956,1.250001047
s1-load60,shortest_estimate+least_fragmentation+easy_predicted,19,0.2182705822,0.1917323133,0,0.02646532703,0,7.294188819e-05,2000,1600,0,8.24541,0,0,285.36,2599.273745,1071.896,9001.778,24248.916,1.022959355,1,1,1.250002391,1.022959355,2044.804124,338,33.61088462,97.978,0.546671573,0.0157379747,0.05298175824,0.973534673,124.0225911,0,0,124.0225227,6.840404042e-05,0,0,0,0,0.9999270581,1.023800833,1,0,831,353373.531,22,5,2122,656,9.566958841,0,0,285.36,3750.349207,1587.993,13193.53,42543.581,1.019897591,1,1.06263582,1.250001891,468,8.858587607,0,0,355.834,1657.108192,605.155,6975.626,15676.654,1.031560584,1,1.10000331,1.371114523,316,6.479158228,0,0,0,2092.924123,991.062,7236.443,17476.555,1.024364235,1,1,1.250002391,160,4.5218625,0,0,299.521,1635.739094,805.987,5193.401,13598.944,1.007579356,1,1,1.250000491,769,11.31641873,0,0,299.521,2534.356394,1124.904,8214.182,22292.51,1.018312818,1,1,1.250001299,662,5.596752266,0,0,97.978,2666.067991,1023.693,10349.06,28158.885,1.022511741,1,1.216443923,1.250005756,169,4.646627219,0,0,331.094,2633.023166,1074.065,10288.249,27094.338,1.045855846,1,1.25,1.524772201
s1-load60,shortest_estimate+least_fragmentation+easy_predicted,20,0.3129529043,0.2396653916,0.02955588565,0.03738331868,0.006226650062,0.0001216582554,2000,1600,0,49.399245,0,89.65,1363.676,3149.084011,1513.45,11672.004,23735.158,1.045189365,1,1.25,1.992585301,1.045189365,2075.40299,353,202.3686119,1177.183,0.6102394841,0.1026175541,0.06708785868,0.9626166813,204.3945889,0,0,204.3945004,8.844444448e-05,0,0,0,0,0.9998783417,1.03155133,0.9937733499,0.006226650062,803,348693.455,71,34,2281,645,68.32848527,0,266.566,2032.982,5208.227527,2851.171,18420.982,39676.774,1.047453864,1,1.250000112,2.037120561,467,29.81271306,0,74.576,1121.787,1344.000608,891.811,4442.221,7238.014,1.047026138,1,1.25,2.028281648,310,47.54232258,0,0,955.721,2474.583139,1599.662,8046.693,11812.198,1.028600966,1,1.026808831,1.715955652,178,35.4284382,0,0,1804.665,1598.082051,725.966,6600.595,12278.935,1.061054695,1,1.250000297,2.103223604,797,50.93438018,0,107.146,1798.909,3103.003108,1464.403,11788.492,22957.646,1.04479799,1,1.25,2.047651433,621,42.58384219,0,0,1177.183,3350.370042,1573.715,12521.309,28467.479,1.043814059,1,1.25,1.881295733,182,65.93145604,0,89.65,3090.654,2664.07222,1430.968,8260.604,26503.318,1.051595908,1,1.179398311,3.642943859
s1-load60,shortest_estimate+topology_aware+conservative,1,0.1966723299,0.1917323133,0,0.004861399935,0,7.861667804e-05,2000,1600,0,7.9492675,0,0,151.04,3183.566226,1274.13,9459.182,46326.346,1.012175203,1,1,1.250000443,1.012175203,2019.480325,370,32.09378378,44.545,0.5361869285,0.0110052992,0.05588814969,0.9951386001,27.37507556,0,0,27.37506133,1.422222223e-05,0,0,0,0,0.9999213833,1.023399045,1,0,812,420102.159,23,4,2088,647,16.40075116,0,0,600.195,2303.511241,1527.527,7457.447,15033.631,1.024340536,1,1,1.584784765,468,1.436352564,0,0,0,1596.850462,923.687,5969.06,9235.755,1.004315924,1,1,1,333,3.066651652,0,0,55.189,7243.808703,1288.395,46326.346,86400,1.000919965,1,1,1.015284057,152,2.724565789,0,0,110.488,2919.867592,1843.322,10223.501,15590.314,1.009248667,1,1,1.300932371,788,5.49064467,0,0,0,3170.580127,1333.456,9325.932,48633.587,1.007609658,1,1,1,648,10.28235494,0,0,251.697,3110.324875,1192.373,10238.91,44785.025,1.01078117,1,1,1.295271102,164,10.54410976,0,0,600.195,3535.3555,1203.787,9059.982,67156.945,1.039620225,1,1,1.80399485
s1-load60,shortest_estimate+topology_aware+conservative,2,0.2432712275,0.2037471484,0.01982832333,0.01396714352,0.00513478819,0.0005938239836,2000,1600,0,80.55518062,0,60.144,2734.29,3310.228551,1581.085,12503.649,26367.903,1.06342618,1,1.062664633,2.619229528,1.06342618,2106.674586,332,369.1263645,2734.29,0.6090404092,0.06659765269,0.05797998258,0.9860328565,82.80104222,0,0,82.80099685,4.53737374e-05,0,0,0,0,0.999406176,1.068756974,0.9948652118,0.00513478819,779,341900.773,94,23,2343,636,70.3480739,0,7.802,1625.773,4636.523395,2065.72,17828.932,33047.421,1.027073184,1,1.007318971,1.888822766,502,88.64849402,0,107.222,3568.698,2587.761112,1521.844,8086.378,16452.599,1.097691628,1,1.081328141,3.347191672,311,65.75294534,0,193.341,1330.178,1822.637019,1049.584,6393.507,8940.839,1.07470497,1,1.250000973,4.086706791,151,127.1271788,0,309.054,3295.647,3189.672927,1697.154,10198.292,30905.121,1.079396686,1,1.544195574,3.181120025,821,80.1371961,0,29.873,1951.783,3423.725615,1581.085,13267.089,26367.903,1.060153818,1,1.015396136,2.296008655,635,70.66966457,0,117.077,2163.261,3205.870076,1591.784,11137.547,24380.604,1.073768245,1,1.146732369,4.029039142,144,126.5306528,0,109.51,4443.125,3123.329542,1436.296,12678.688,27964.238,1.036477554,1,1.175355061,2.58539081
s1-load60,shortest_estimate+topology_aware+conservative,3,0.2449099012,0.2098969505,0.01414132916,0.01696306714,0.003880983182,2.757122404e-05,2000,1600,0,33.25655687,0,42.894,1058.389,2637.146241,1242.115,9643.327,22570.754,1.056417065,1,1.094739572,2.668796637,1.056417065,2113.90609,377,98.23476923,806.918,0.6150423083,0.03062079355,0.06805153165,0.9830369329,77.58734667,0,0,77.58729822,4.844444445e-05,0,0,0,0,0.9999724288,1.013694958,0.9961190168,0.003880983182,773,275491.496,88,28,2246,639,38.14398905,0,41.583,1154.437,3805.8302,1779.397,14582.953,30617.045,1.051026602,1,1.094739572,2.570427604,481,32.19592723,0,53.536,1103.703,1660.229869,943.092,5048.337,8799.225,1.065420367,1,1.11509387,3.305529919,318,18.77702201,0,0,638.061,2233.204491,1189.461,8847.126,11812.887,1.055400944,1,1,1.990723957,162,45.5502963,0,241.508,1372.128,1720.857358,964.541,5474.689,10478.614,1.05294203,1,1.353267575,2.083351961,827,31.02083434,0,0,980.361,2695.558068,1228.345,9597.991,22691.536,1.05146493,1,1.053845765,2.664267934,629,35.60919555,0,90.542,1058.389,2463.165397,1241.348,9812.877,14694.807,1.049473231,1,1.185276993,2.363687999,144,35.81997917,0,0,1366.826,3061.641861,1298.93,11894.199,30617.045,1.115188507,1,1,4.657040339
s1-load60,shortest_estimate+topology_aware+conservative,4,0.2082304598,0.1917323133,0,0.01480049764,0.001324503311,0.0003731455612,2000,1600,0,34.19995687,0,0,869.291,2621.636807,1474.356,8990.671,14662.773,1.03269295,1,1,2.104729188,1.03269295,2083.296949,354,147.9589407,788.225,0.5875425963,0.05186031283,0.07012626071,0.9851995024,69.03324667,0,0,69.03320566,4.101010102e-05,0,0,0,0,0.9996268544,1.046790087,0.9986754967,0.001324503311,755,293911.957,55,13,2231,615,41.01372358,0,0,788.225,2003.804259,926.103,7971.136,13045.387,1.050854547,1,1,2.234373899,495,28.47897374,0,0,535.313,3659.016349,2176.335,11862.514,21983.224,1.010779399,1,1,1.253343469,334,18.08121856,0,0,677.936,2336.336799,1515.515,7739.013,12069.118,1.019873804,1,1,1.754910018,156,60.00174359,0,23.678,2362.82,2376.472359,1486.887,7447.028,10504.268,1.058073855,1,1.250000731,2.514322081,845,31.22588876,0,0,641.172,2737.23717,1494.787,9458.393,14774.058,1.040893278,1,1,2.104729188,608,43.50211349,0,0,1388.126,2508.717059,1470.213,7785.041,13071.44,1.02358005,1,1,2.10910849,147,12.82156463,0,0,257.109,2424.173537,1390.266,10582.297,14646.018,1.023246464,1,1.016271478,2.036309925
s1-load60,shortest_estimate+topology_aware+conservative,5,0.1988455693,0.1917323133,0,0.007100319432,0,1.29366109e-05,2000,1600,0,8.079025,0,0,226.87,2175.710724,1434.025,6289.937,11032.485,1.006570984,1,1,1.237619302,1.006570984,2029.829369,334,34.93049401,114.925,0.5361640733,0.02228167123,0.04991280742,0.9928996806,25.78754667,0,0,25.78753511,1.155555556e-05,0,0,0,0,0.9999870634,1.008608253,1,0,754,268192.58,31,6,2159,639,8.802956182,0,0,363.929,2126.991972,1338.826,6150.542,14041.681,1.009984987,1,1,1.250000162,486,14.43145885,0,0,274.705,1815.417782,1249.657,5342.226,8960.35,1.007026948,1,1,1.278685182,322,0.5363602484,0,0,0,2751.813584,2201.813,7426.538,11427.432,1.001364984,1,1,1,153,0.7513333333,0,0,16.959,2311.19132,1478.383,6827.049,14317.204,1.001820565,1,1,1.090987221,846,7.958823877,0,0,274.705,2212.856778,1396.178,6406.289,12341.63,1.005887869,1,1,1.250000973,602,9.829061462,0,0,226.749,2097.600535,1480.034,6150.542,9992.605,1.008484209,1,1,1.186382041,152,1.816973684,0,0,84.232,2278.321066,1420.615,6880.407,14738.915,1.002795683,1,1,1.182127181
s1-load60,shortest_estimate+topology_aware+conservative,6,0.2221906493,0.2031214899,0.004669599156,0.01436691223,0,3.264799684e-05,2000,1600,0,19.641225,0,14.164,605.91,1931.900772,1101.481,6301.278,12447.356,1.027573812,1,1.059401446,1.758501668,1.027573812,2063.068518,388,67.97795619,469.65,0.6348289763,0.05425846547,0.07324879295,0.9856330878,49.56141778,0,0,49.56134881,6.896969698e-05,0,0,0,0,0.999967352,1.013186752,1,0,808,218789.027,84,17,2265,647,16.73063524,0,0,568.001,2070.10825,1148.239,6666.075,12447.356,1.02218584,1,1.020533112,1.556156847,472,21.0911589,0,59.04,651.621,1806.006227,1083.729,5851.818,12307.186,1.035665151,1,1.100000213,1.973778791,318,16.10522327,0,11.99,356.08,1262.040142,940.259,3418.959,5228.839,1.023591588,1,1.087255532,1.578033502,163,33.89417791,0,62.073,1347.53,3054.708546,1361.933,9437.198,27378.452,1.033299294,1,1.102146276,2.399704547,792,21.04869571,0,54.497,795.303,2021.106025,1111.569,6467.098,16868.975,1.03578584,1,1.116273994,2.02762647,644,18.24173758,0,0,469.65,1812.375416,1064.637,6147.648,9764.293,1.01950398,1,1,1.598262011,164,18.33971951,0,50.966,600.896,1970.460335,1201.874,6325.744,11842.864,1.019604581,1,1.097485958,1.617719581
s1-load60,shortest_estimate+topology_aware+conservative,7,0.1981219533,0.1917323133,0,0.00387182625,0.002481389578,3.642421829e-05,2000,1600,0,15.36979375,0,0,336.455,3803.061682,1430.671,14187.976,41541.625,1.009817127,1,1,1.250000354,1.009817127,2015.957403,369,63.63040379,230.054,0.561864961,0.02371936425,0.05143097864,0.9961281738,26.05376,0,0,26.05373208,2.791919193e-05,0,0,0,0,0.9999635758,1.014956071,0.9975186104,0.002481389578,806,489567.195,30,6,2082,632,19.39328481,0,0,305.779,3331.760555,1328.381,12931.765,31856.608,1.007532144,1,1,1.250000778,504,8.721579365,0,0,336.455,5624.017925,1831.644,29959.521,68088.711,1.007935165,1,1,1.250000206,308,12.98625,0,0,230.054,2482.356357,989.601,9426.24,22586.95,1.011110484,1,1,1.220063994,156,25.2543141,0,0,1779.829,2436.892487,1400.112,8824.704,13588.796,1.022600867,1,1,1.48544508,794,11.88136524,0,0,336.455,3946.791802,1471.783,13521.065,46953.934,1.009086127,1,1,1.25,644,13.36976863,0,0,404.374,3707.813696,1368.23,15038.545,41541.625,1.01089842,1,1,1.250001161,162,40.41811728,0,0,996.429,3477.24679,1429.571,12591.094,29227.13,1.009101453,1,1,1.250001227
s1-load60,shortest_estimate+topology_aware+conservative,8,0.2077470487,0.1917323133,0,0.01474942542,0.00125,1.531000916e-05,2000,1600,0,5.259595625,0,0,89.239,1524.011239,720.544,5439.346,12122.439,1.009685685,1,1,1.250001383,1.009685685,2017.940976,390,19.72748974,40.594,0.5456728768,0.02626005136,0.04998909749,0.9852505746,38.57866222,0,0,38.57864711,1.511111112e-05,0,0,0,0,0.99998469,1.010703073,0.99875,0.00125,800,184160.024,36,5,2122,674,3.78904451,0,0,89.239,1201.277266,590.999,4791.505,8373.706,1.014014497,1,1,1.272770217,490,2.457714286,0,0,45.106,1372.365104,653.171,4270.192,12710.929,1.003276357,1,1,1.193408374,303,13.53741254,0,0,302.439,2218.971505,1054.794,7770.511,13651.835,1.009707256,1,1,1.131505592,133,4.176097744,0,0,178.051,2134.961188,1021.197,9774.231,14700.107,1.011312869,1,1,1.34225877,800,6.092735,0,0,128.549,1550.028971,689.532,5458.441,12823.07,1.010783415,1,1,1.250000094,629,3.678319555,0,0,76.553,1517.035095,765.85,5373.781,11138.25,1.00693266,1,1,1.275658525,171,7.178374269,0,0,45.106,1427.951637,718.429,5628.353,8705.806,1.014676731,1,1,1.250001383
s1-load60,shortest_estimate+topology_aware+conservative,9,0.2713425931,0.2147982968,0.03801648457,0.01698284437,0.001259445844,0.0002855215655,2000,1600,0,44.60333563,0,115.313,1397.197,2454.206339,1195.701,8401.309,16043.629,1.055303683,1,1.120303057,2.740996375,1.055303683,2194.396966,346,155.4615723,903.677,0.5982246906,0.03707617828,0.05754236648,0.9830171556,75.51029556,0,0,75.51025511,4.044444445e-05,0,0,0,0,0.9997144784,1.047942013,0.9987405542,0.001259445844,794,264711.628,105,23,2453,645,52.62709612,0,154.878,1428.971,2448.228738,1247.139,7664.233,16787.21,1.053254153,1,1.24527682,2.551559315,474,36.9678903,0,87.468,1370.236,2408.030724,1151.398,8944.96,14205.932,1.035159996,1,1.095698661,2.3228902,330,38.32990606,0,15.121,1157.798,2777.193185,1431.772,10337.73,19937.814,1.08478765,1,1.035158521,3.316452595,151,48.00801987,0,323.375,1776.857,1918.823126,854.983,8224.47,13637.962,1.062855643,1,1.252091766,3.234190706,806,55.15213896,0,187.314,1632.692,2534.582333,1226.521,9007.972,15767.555,1.066522123,1,1.203221876,2.782891401,627,28.98794577,0,35.949,771.765,2444.643954,1205.451,7934.087,16787.21,1.035690921,1,1.020733515,1.909424919,167,52.31898802,0,321.811,786.68,2102.185766,1058.05,7715.593,16394.706,1.074795534,1,1.477876821,3.316452595
s1-load60,shortest_estimate+topology_aware+conservative,10,0.3854673048,0.239665424,0.1005051765,0.03721827445,0.007802340702,0.0002760891389,2000,1600,0,89.54123937,0,304.856,2486.936,2929.259271,1355.143,11320.305,22485.203,1.0658868,1,1.250000169,2.825580456,1.0658868,2168.49809,352,296.1263494,1643.782,0.6908019422,0.08350066149,0.0705898261,0.9627817255,228.9317444,0,0,228.9316836,6.080808081e-05,0,0,0,0,0.9997239109,1.044436095,0.9921976593,0.007802340702,769,360863.704,134,35,2478,626,93.10983706,0,290.238,2727.475,2857.862423,1565.293,10041.867,17857.346,1.070596947,1,1.250000089,2.883289941,484,121.1844421,0,659.618,3115.307,3935.495599,1335.808,14948.989,27997.794,1.078518833,1,1.369136082,2.881358962,343,71.10583673,0,65.84,1892.373,2283.025111,1345.24,6697.542,14139.996,1.053717416,1,1.086838889,2.561299894,147,13.1745102,0,28.29,427.199,1428.132469,902.072,3872.229,8666.239,1.032632669,1,1.124004435,1.897568907,831,76.96721661,0,210.329,1892.373,2821.593288,1355.143,11329.317,20582.704,1.062471516,1,1.167112431,2.662288429,627,107.5006619,0,417.837,3283.832,3055.136255,1362.787,11324.417,26756.053,1.069345098,1,1.261632402,2.849077293,142,83.8261338,0,385.338,2727.475,3003.523796,1325.966,10692.694,19281.967,1.070603339,1,1.200766427,2.053149151
s1-load60,shortest_estimate+topology_aware+conservative,11,0.2059893703,0.1917323133,0,0.01178058474,0.002466091245,1.03810617e-05,2000,1600,0,38.05126875,0,0,1010.964,2825.088719,1459.406,9771.236,21776.646,1.033403107,1,1,2.000588772,1.033403107,2053.765627,333,163.5097297,1010.964,0.5806160498,0.05038718127,0.0563166103,0.9882194153,53.93013556,0,0,53.93009911,3.644444445e-05,0,0,0,0,0.9999896189,1.008551598,0.9975339088,0.002466091245,811,324176.36,75,15,2207,640,39.3796875,0,0,1096.573,3313.8246,1613.019,11280.078,26817.081,1.035301587,1,1,1.898445442,470,42.34485319,0,59.102,1064.383,2169.871826,1398.094,6823.327,10328.257,1.028530937,1,1.037021797,1.793249264,327,20.60111009,0,0,687.876,2557.608125,1252.034,9933.5,20977.915,1.037326521,1,1,2.58018104,163,55.4624908,0,0,3011.159,3332.003632,1821.899,11052.617,25425.573,1.032126645,1,1.018035139,2.149315582,789,44.17866033,0,55.406,1096.833,2921.358663,1498.892,10081.605,24400.136,1.048284837,1,1.059522609,2.671336303,653,31.98411179,0,0,942.163,2540.065922,1385.928,8595.821,16537.878,1.016975316,1,1,1.462470783,158,32.52811392,0,19.388,1010.964,3522.322272,1848.992,14119.809,26474.038,1.026983249,1,1.033338814,1.716373684
s1-load60,shortest_estimate+topology_aware+conservative,12,0.1987253495,0.1917323133,0,0.006953163269,0,3.987295224e-05,2000,1600,0,8.62269875,0,0,195.005,2506.697979,1319.006,8756.039,18503.24,1.011417946,1,1,1.250000519,1.011417946,2031.123307,349,38.51310029,129.565,0.5254575142,0.02926634572,0.05675403618,0.9930468367,27.47934667,0,0,27.47931467,3.2e-05,0,0,0,0,0.999960127,1.01597554,1,0,823,299786.219,32,6,2127,597,10.97018425,0,0,289.492,1487.641529,898.135,5079.019,9913.322,1.014086355,1,1,1.250000134,519,8.83065896,0,0,421.597,3701.038374,1708.367,14151.868,23590.014,1.016707963,1,1,1.530872769,324,4.38491358,0,0,0,2778.569944,1953.291,8169.658,11913.327,1.000720906,1,1,1,160,7.7705875,0,0,453.854,1884.369975,1267.833,5250.176,12484.475,1.005963457,1,1,1.25484291,777,12.90042085,0,0,421.597,2493.47018,1340.658,9178.993,20072.319,1.01557063,1,1,1.529573425,660,4.695813636,0,0,4.861,2488.590486,1358.983,8756.039,16639.112,1.008776972,1,1,1.136976099,163,4.131619632,0,0,129.565,2643.071877,1178.632,8695.297,28479.054,1.002316152,1,1,1.141609295
s1-load60,shortest_estimate+topology_aware+conservative,13,0.1951012211,0.1917323133,0,0.003335599367,0,3.330846853e-05,2000,1600,0,6.2686575,0,0,246.71,2099.291332,1315.418,6532.699,12617.202,1.007998175,1,1,1.25,1.007998175,2015.471445,351,26.48482906,200.386,0.5963013331,0.01925654953,0.05816164922,0.9966644006,12.30551333,0,0,12.30550267,1.066666667e-05,0,0,0,0,0.9999666915,1.016435191,1,0,813,241043.138,34,5,2095,628,2.558207006,0,0,7.166,2109.345083,1448.1,6161.729,10829.723,1.001939314,1,1,1.03291522,479,8.111283925,0,0,372.757,1939.506019,1046.241,6360.084,13717.918,1.010906068,1,1,1.502105599,328,7.649463415,0,0,314.173,1834.211948,1131.28,5083.591,9042.548,1.010116256,1,1,1.25,165,12.29678182,0,0,520.66,3051.833436,1953.902,10146.53,17191.957,1.018406379,1,1,1.471901106,787,5.71550953,0,0,135.414,2096.497337,1329.543,6505.021,12617.202,1.006926023,1,1,1.213785806,643,6.799194401,0,0,254.638,2061.9319,1300.24,6743.422,10829.723,1.007546639,1,1,1.250000435,170,6.822729412,0,0,314.173,2253.532441,1249.784,6747.896,17191.957,1.014669476,1,1,1.502105599
s1-load60,shortest_estimate+topology_aware+conservative,14,0.2191797771,0.1917323133,0,0.02613744467,0.001257861635,5.215747878e-05,2000,1600,0,28.70402125,0,0,647.938,2010.197144,1005.985,7099.394,14202.218,1.036103988,1,1,1.923442603,1.036103988,2059.316716,378,115.793754,586.973,0.5953019165,0.06139874107,0.06406227049,0.9738625553,98.36934444,0,0,98.36930364,4.080808084e-05,0,0,0,0,0.9999478425,1.020628477,0.9987421384,0.001257861635,795,233813.236,69,19,2240,594,21.34485354,0,0,536.536,1417.71087,638.031,5242.176,11861.555,1.038247282,1,1,1.923442603,514,36.98733268,0,0,1264.078,2387.507115,1444.489,7672.085,13281.989,1.027857403,1,1,1.904199111,336,11.87175298,0,0,398.028,1622.168461,887.92,5344.919,10684.585,1.038914719,1,1,2.353150954,156,65.68713462,0,331.792,2493.759,3858.768673,1532.7,17690.944,31756.379,1.049060537,1,1.217983961,2.222062782,805,36.23254161,0,58.986,966.437,2034.754319,1010.136,7099.394,13281.989,1.046359517,1,1.069855601,2.022111287,635,22.32558268,0,0,586.973,1914.904395,1022.685,6933.633,15058.718,1.030057032,1,1,1.872006953,160,16.14058125,0,0,470.79,2264.83695,898.267,7907.514,25809.39,1.008504714,1,1,1.301530222
s1-load60,shortest_estimate+topology_aware+conservative,15,0.4717333361,0.2585243263,0.1679654553,0.03927240743,0.004975124378,0.0009960227144,2000,1600,0,124.8997206,0,509.479,3205.552,3209.191831,1588.899,11868.556,22239.873,1.084528959,1,1.348360753,2.888023087,1.084528959,2154.676563,357,402.3156331,2509.71,0.6443392375,0.07742506975,0.07520960638,0.9607275926,228.0603067,0,0,228.0602586,4.804040412e-05,0,0,0,0,0.9990039773,1.089084894,0.9950248756,0.004975124378,804,354794.792,151,48,2471,654,119.4673272,0,369.786,4336.668,2689.445628,1478.824,10085.157,16491.205,1.06786012,1,1.270625588,3.103439652,498,163.144739,0,966.533,4079.78,4367.89205,2294.342,14341.357,31175.723,1.086808022,1,1.466878094,2.69484238,299,100.1242341,0,484.752,2022.05,2072.06899,923.59,7387.462,18554.695,1.137268589,1,1.348360753,5.413333734,149,70.63553691,0,302.66,2305.013,3899.668591,1923.93,15393.483,28341.376,1.044242368,1,1.384019271,2.536530273,796,163.2316382,0,685.524,4336.668,3513.178465,1637.74,13525.918,24940.483,1.098716003,1,1.475010398,3.103439652,652,95.04835583,0,341.716,2324.587,3069.844426,1608.672,11281.552,17306.545,1.079629341,1,1.250000925,3.188806785,152,52.20816447,0,87.531,1972.437,2214.988855,1119.205,7782.153,23793.308,1.031250432,1,1.227329676,1.957646517
s1-load60,shortest_estimate+topology_aware+conservative,16,0.3274463563,0.2389803914,0.05892451259,0.01896855885,0.009950248756,0.0006226446499,2000,1600,0,60.949105,0,178.732,1570.349,1704.765192,803.73,6400.377,13222.928,1.067747332,1,1.24642731,2.812851653,1.067747332,2143.991645,364,212.3294643,1101.702,0.7057393966,0.09743687658,0.068202309,0.9810314412,65.95815111,0,0,65.95808667,6.444444447e-05,0,0,0,0,0.9993773554,1.064360976,0.9900497512,0.009950248756,804,179545.735,128,28,2493,625,57.6738512,0,100.842,1570.349,1469.343899,643.8,5945.259,14290.522,1.046832377,1,1.176041208,2.207788527,493,81.65290061,0,335.274,2268.543,2054.406795,908.442,8335.216,14200.291,1.109778904,1,1.250000104,3.793181031,322,26.48164286,0,117.926,613.946,1443.037273,763.528,5187.25,8296.363,1.042671546,1,1.134245613,2.135771261,160,79.3152625,0,401.056,2670.866,2073.773869,1299.743,5723.644,18847.255,1.070401615,1,1.250000446,3.422692635,796,50.96844347,0,196.467,1253.168,1749.134529,766.998,6569.713,15188.574,1.07445714,1,1.237807418,3.240117777,633,46.07496051,0,130.397,1317.13,1641.232744,837.421,6266.024,11091.66,1.04932286,1,1.203562569,2.15243804,171,162.4692222,0,693.259,6042.659,1733.408749,771.016,6531.098,13222.928,1.104716242,1,1.929075235,3.581602824
s1-load60,shortest_estimate+topology_aware+conservative,17,0.2625597847,0.209177856,0.0238049334,0.02441963476,0.005141388175,1.597232631e-05,2000,1600,0,50.02916938,0,72.206,1844.712,2833.430333,1575.294,10116.108,17959.994,1.041571395,1,1.090989059,2.192041666,1.041571395,2067.285681,372,149.1328629,1180.65,0.6438498977,0.05827569369,0.06446158054,0.9755803652,132.8422578,0,0,132.8422108,4.694949496e-05,0,0,0,0,0.9999840277,1.010146582,0.9948586118,0.005141388175,778,321483.981,99,24,2261,628,56.79547771,0,70.178,2138.61,3033.411742,1821.18,11343.957,16559.718,1.042234556,1,1.079648921,2.391146126,486,50.16484774,0,6.965,2173.131,3314.92184,1955.38,11491.097,19853.406,1.046160925,1,1.032260938,1.847406152,340,35.5179,0,71.174,1058.067,1898.496394,844.735,5973.188,19778.328,1.035652591,1,1.124329515,1.840291341,146,54.2665,0,335.003,987.952,2547.706651,1832.059,7947.85,13586.47,1.03722493,1,1.250000467,2.284965306,822,47.19892457,0,71.295,1593.129,2798.105063,1606.381,9943.741,16559.718,1.033884567,1,1.079648921,1.847406152,617,49.48000162,0,86.009,1844.712,2891.554251,1567.183,10190.125,20333.224,1.050692576,1,1.108193018,2.284965306,161,66.58381366,0,83.278,2085.065,2791.038497,1464.952,10812.492,21302.621,1.0458621,1,1.074068899,2.642842904
s1-load60,shortest_estimate+topology_aware+conservative,18,0.2109775443,0.1917323133,0,0.007587860205,0.002522068096,0.009135302668,2000,1600,0,32.35019562,0,0,796.641,3990.273375,1533.827,16431.804,34132.782,1.082662471,1,1,1.493373295,1.082662471,2136.268097,356,107.2871826,457.944,0.5304100506,0.01697917935,0.06740035663,0.9924121398,48.96786667,0,0,48.96784889,1.77777778e-05,0,0,0,0,0.9908646973,1.242846828,0.9974779319,0.002522068096,793,493154.151,47,8,2112,654,28.16617278,0,0,1081.494,6419.128251,2871.397,22417.628,46925.048,1.009397623,1,1,1.303664178,489,53.61369939,0,0,1538.029,2622.180961,1102.467,10667.916,17746.369,1.246320713,1,1,2.108309962,318,21.87609434,0,0,556.795,1424.326692,985.413,4132.941,7577.023,1.016586667,1,1,1.787087881,139,1.193805755,0,0,0,3245.648532,1401.771,15008.808,17876.58,1.002795103,1,1,1.138519252,807,28.81676828,0,0,604.05,3600.873879,1440.434,15355.238,25980.821,1.144059503,1,1,1.380586647,633,40.60336809,0,0,1081.494,4552.855482,1625.19,18594.231,38563.639,1.022611252,1,1,2.043704007,160,17.52030625,0,0,796.641,3728.591625,1667.208,11371.559,46925.048,1.010568827,1,1,1.303664178
s1-load60,shortest_estimate+topology_aware+conservative,19,0.1935716778,0.1917323133,0,0.001805129487,0,3.423504572e-05,2000,1600,0,8.19838375,0,0,128.072,2581.61152,1064.927,8724.271,24248.916,1.012292351,1,1,1.250001574,1.012292351,2023.173336,338,31.72973077,29.323,0.5329839354,0.01322325279,0.04630614125,0.9981948705,8.250266667,0,0,8.250262222,4.444444447e-06,0,0,0,0,0.999965765,1.016091217,1,0,831,341021.573,25,2,2094,656,11.61158841,0,0,163.694,3728.410445,1573.692,13193.53,42543.581,1.012589369,1,1,1.193233683,468,5.288489316,0,0,244.148,1635.467784,602.056,6975.626,15676.654,1.018155437,1,1,1.367441197,316,9.359256329,0,0,115.005,2085.290778,989.637,7236.443,17476.555,1.008187808,1,1,1.135912733,160,0.4229625,0,0,28.178,1627.439819,805.987,5193.401,13557.773,1.00203153,1,1,1.028523765,769,10.7536762,0,0,181.863,2521.083033,1114.41,8050.633,22292.51,1.014276618,1,1,1.086703299,662,6.525456193,0,0,115.005,2644.705193,1008.863,10028.385,28158.885,1.011055023,1,1,1.250001574,169,3.124171598,0,0,128.072,2609.886047,1061.406,10019.401,27094.338,1.008110163,1,1,1.356090689
s1-load60,shortest_estimate+topology_aware+conservative,20,0.2024630124,0.1917323133,0,0.008049467655,0.002490660025,0.0001905714245,2000,1600,0,26.124855,0,0,905.586,3103.755404,1505.008,11490.273,23735.158,1.028214044,1,1,1.700287186,1.028214044,2045.14247,353,103.3921813,863.918,0.5909529144,0.05185385977,0.05558545202,0.9919505323,42.70926222,0,0,42.70923147,3.074747476e-05,0,0,0,0,0.9998094286,1.038156336,0.99750934,0.002490660025,803,348693.455,65,9,2213,645,32.04242016,0,0,939.503,5128.703781,2794.715,18420.982,38188.694,1.025436089,1,1.000588396,1.781641047,467,21.26012848,0,0,917.855,1327.056822,859.022,4385.918,7238.014,1.030565299,1,1,1.700287186,310,23.40713548,0,0,856.973,2441.604142,1599.662,7988.986,11257.953,1.015502216,1,1,1.428436531,178,22.17817416,0,0,945.151,1580.684758,725.966,6560.271,12278.935,1.054250059,1,1,1.913625453,797,27.17907528,0,0,945.151,3051.13288,1447.432,11672.004,21219.024,1.022721029,1,1,1.700287186,621,22.11904348,0,0,860.162,3314.260055,1575.752,12521.309,28467.479,1.032816159,1,1,1.781641047,182,35.17647802,0,64.008,905.586,2615.935423,1438.849,8260.604,26503.318,1.036565796,1,1.020740055,2.484429028
s1-load60,shortest_estimate+topology_aware+easy,1,0.1966723299,0.1917323133,0,0.004861399935,0,7.861667804e-05,2000,1600,0,7.9492675,0,0,151.04,3183.566226,1274.13,9459.182,46326.346,1.012175203,1,1,1.250000443,1.012175203,2019.480325,370,32.09378378,44.545,0.5361869285,0.0110052992,0.05588814969,0.9951386001,27.37507556,0,0,27.37506133,1.422222223e-05,0,0,0,0,0.9999213833,1.023399045,1,0,812,420102.159,22,4,2088,647,16.40075116,0,0,600.195,2303.511241,1527.527,7457.447,15033.631,1.024340536,1,1,1.584784765,468,1.436352564,0,0,0,1596.850462,923.687,5969.06,9235.755,1.004315924,1,1,1,333,3.066651652,0,0,55.189,7243.808703,1288.395,46326.346,86400,1.000919965,1,1,1.015284057,152,2.724565789,0,0,110.488,2919.867592,1843.322,10223.501,15590.314,1.009248667,1,1,1.300932371,788,5.49064467,0,0,0,3170.580127,1333.456,9325.932,48633.587,1.007609658,1,1,1,648,10.28235494,0,0,251.697,3110.324875,1192.373,10238.91,44785.025,1.01078117,1,1,1.295271102,164,10.54410976,0,0,600.195,3535.3555,1203.787,9059.982,67156.945,1.039620225,1,1,1.80399485
s1-load60,shortest_estimate+topology_aware+easy,2,0.3166298068,0.2260297034,0.07135183115,0.01380391482,0.00513478819,0.0003095692252,2000,1600,0,89.41149625,0,216.427,2427.395,3319.471003,1581.495,12491.617,25871.625,1.075036646,1,1.178881637,2.746265815,1.075036646,2129.616294,332,387.8541386,2427.395,0.6077037097,0.09040300911,0.05937471161,0.9861960852,81.81983333,0,0,81.81978667,4.666666669e-05,0,0,0,0,0.9996904308,1.04528494,0.9948652118,0.00513478819,779,341900.773,74,16,2376,636,73.45546384,0,208.551,2394.626,4645.141222,2068.823,18373.656,33047.421,1.050022412,1,1.129732643,2.309514852,502,81.58364741,0,148.432,2529.852,2583.406988,1516.656,8086.378,16452.599,1.097572614,1,1.125910819,3.027937119,311,84.77069453,0,358.43,1520.706,1841.654768,1076.803,6393.507,8993.533,1.092357077,1,1.362616016,4.516595481,151,192.1989536,0,447.538,2427.395,3226.614881,1697.154,10198.292,34142.899,1.069800505,1,1.544195574,2.720913474,821,114.3787747,0,276.563,3515.969,3456.620896,1589.043,13218.058,27176.058,1.082821642,1,1.199197111,2.309514852,635,61.18096378,0,124.109,1516.746,3199.094962,1582.98,11137.547,24380.604,1.075647592,1,1.178881637,3.979038668,144,71.55213889,0,120.79,2427.395,3068.351028,1473.479,12678.688,27939.411,1.027957255,1,1.029599363,1.961979395
s1-load60,shortest_estimate+topology_aware+easy,3,0.2144394706,0.1958116999,0,0.01294958348,0.005174644243,0.0005035429992,2000,1600,0,33.06250437,0,0,1272.49,2636.359802,1248.184,9643.327,22570.754,1.053935791,1,1.021276469,2.570427604,1.053935791,2112.396359,377,117.5209072,1161.52,0.6131031676,0.04750537039,0.07145447141,0.9870504165,58.98924222,0,0,58.98920178,4.044444445e-05,0,0,0,0,0.999496457,1.063077013,0.9948253558,0.005174644243,773,276558.877,58,10,2262,639,44.40246635,0,46.206,1608.418,3809.165964,1850.573,14582.953,30617.045,1.074035494,1,1.076555304,2.869433645,481,28.45010603,0,0,1243.934,1657.168898,936.573,5048.337,8799.225,1.05856428,1,1,3.272312192,318,10.73021384,0,0,220.632,2227.014236,1173.634,8847.126,11812.887,1.010308266,1,1,1.250000092,162,45.86495062,0,241.508,1372.128,1721.172012,941.003,5474.689,10478.614,1.046550233,1,1.250001205,2.581571311,827,28.47949577,0,0,1206.735,2692.681906,1239.383,9597.991,22691.536,1.042068218,1,1,1.932716864,629,35.05208108,0,32.192,1243.934,2461.541641,1242.115,9785.355,14694.807,1.053246115,1,1.067141882,2.363687999,144,50.69239583,0,0,1366.826,3076.514278,1298.93,11894.199,30617.045,1.125104464,1,1,4.657040339
s1-load60,shortest_estimate+topology_aware+easy,4,0.207399945,0.1917323133,0,0.01395828739,0.001324503311,0.0003848409531,2000,1600,0,33.805315,0,0,869.291,2621.201031,1474.356,8990.671,14662.773,1.032491681,1,1,2.05772187,1.032491681,2082.974919,354,147.0019802,788.225,0.5870461725,0.0540076218,0.06926326574,0.9860417126,65.04935778,0,0,65.04932032,3.745454546e-05,0,0,0,0,0.999615159,1.047242311,0.9986754967,0.001324503311,755,293911.957,43,7,2230,615,39.9514,0,0,788.225,2004.836075,920.624,7971.136,12771.061,1.05111071,1,1,2.234373899,495,28.47897374,0,0,535.313,3657.009331,2176.335,11862.514,21983.224,1.010274348,1,1,1.253343469,334,18.21768563,0,0,677.936,2335.394713,1515.515,7739.013,12069.118,1.019220006,1,1,1.754910018,156,59.84996154,0,0,2362.82,2376.320577,1486.887,7447.028,10504.268,1.058002043,1,1.250000731,2.514322081,845,31.27982959,0,0,641.172,2736.128011,1499.302,9458.393,14774.058,1.040634854,1,1,2.05772187,608,42.38861513,0,0,1388.126,2509.111793,1470.213,7785.041,13045.387,1.023409553,1,1,2.10910849,147,12.82156463,0,0,257.109,2424.173537,1390.266,10582.297,14646.018,1.023246464,1,1.016271478,2.036309925
s1-load60,shortest_estimate+topology_aware+easy,5,0.1988482471,0.1917323133,0,0.007100319432,0,1.561440202e-05,2000,1600,0,9.15199,0,0,226.749,2176.783689,1434.025,6289.937,11032.485,1.006802012,1,1,1.233473082,1.006802012,2028.058762,334,40.58182036,147.962,0.5361640733,0.03127400054,0.05067705436,0.9928996806,25.78754667,0,0,25.78753511,1.155555556e-05,0,0,0,0,0.9999843856,1.009291772,1,0,754,268192.58,24,6,2163,639,9.688815336,0,0,405.833,2127.877831,1335.485,6150.542,14041.681,1.01052904,1,1,1.374492927,486,16.8274321,0,0,401.655,1817.813755,1242.603,5342.226,8960.35,1.00725942,1,1,1.250000973,322,0.5363602484,0,0,0,2751.813584,2201.813,7426.538,11427.432,1.001364984,1,1,1,153,0.661379085,0,0,16.959,2311.101366,1478.383,6827.049,14317.204,1.001225878,1,1,1.005432081,846,10.16600946,0,0,363.929,2215.063963,1410.187,6506.459,12341.63,1.006489661,1,1,1.250000973,602,9.579003322,0,0,80.638,2097.350477,1480.034,6150.542,9992.605,1.008252528,1,1,1.167034371,152,1.816973684,0,0,84.232,2278.321066,1420.615,6880.407,14738.915,1.002795683,1,1,1.182127181
s1-load60,shortest_estimate+topology_aware+easy,6,0.2249824692,0.2006819552,0.004682786388,0.0183686641,0.001237623762,1.143982292e-05,2000,1600,0,19.08108375,0,14.204,584.356,1934.089839,1096.595,6301.278,12447.356,1.030363796,1,1.046677796,1.803328269,1.030363796,2068.539451,388,73.08474742,450.545,0.637396487,0.04299126239,0.06597607601,0.9816313359,63.62454889,0,0,63.62448921,5.967676768e-05,0,0,0,0,0.9999885602,1.00961015,0.9987623762,0.001237623762,808,218789.027,71,12,2275,647,16.97707883,0,3.194,584.211,2077.545521,1148.239,6666.075,12447.356,1.031428963,1,1.036971338,1.725830098,472,15.02041525,0,0,450.545,1798.523763,1078.491,5851.818,12307.186,1.026319981,1,1.011961387,1.860304188,318,16.47834591,0,0,577.315,1263.691453,945.853,3418.959,5228.839,1.031215921,1,1.096765781,1.990544774,163,44.26879755,0,179.252,1898.543,3065.12081,1361.933,9437.198,27378.452,1.036183069,1,1.154294509,2.149701717,792,21.2542298,0,66.953,662.171,2027.597067,1104.647,6467.098,16868.975,1.037595339,1,1.10148399,2.042591204,644,17.14670963,0,0,424.156,1810.892078,1055.414,6147.648,9764.293,1.025905145,1,1.008767064,1.758501668,164,16.18233537,0,0,635.177,1966.294921,1201.874,6301.278,11842.864,1.012949095,1,1.011961387,1.575742684
s1-load60,shortest_estimate+topology_aware+easy,7,0.198968241,0.1917323133,0,0.00348256952,0.003722084367,3.127381403e-05,2000,1600,0,24.40587375,0,0,840.744,3811.968301,1438.199,14234.425,41541.625,1.024936269,1,1,1.377104524,1.024936269,2040.148031,369,100.9390461,635.385,0.5616439737,0.04046655676,0.05694530573,0.9965174305,23.42527333,0,0,23.42524897,2.436363637e-05,0,0,0,0,0.9999687262,1.015930156,0.9962779156,0.003722084367,806,489567.195,32,7,2113,632,34.12188766,0,0,1127.664,3346.134924,1343.599,12931.765,31856.608,1.031285075,1,1,1.417003294,504,15.6083869,0,0,382.465,5630.904732,1831.644,29959.521,68088.711,1.023599255,1,1,1.250001161,308,16.08846429,0,0,890.769,2485.512919,997.192,9426.24,22586.95,1.015114148,1,1,1.220063994,156,29.88776282,0,0,1779.829,2441.525936,1400.112,8824.704,13588.796,1.022927443,1,1,1.48544508,794,15.59005919,0,0,667.305,3950.055404,1471.783,13521.065,46953.934,1.022568251,1,1,1.337330134,644,21.78997516,0,0,890.769,3716.259894,1368.23,15038.545,41541.625,1.023774791,1,1,1.377104524,162,78.01325309,0,0,4877.709,3515.641475,1429.994,12591.094,29227.13,1.041159717,1,1,2.116393098
s1-load60,shortest_estimate+topology_aware+easy,8,0.2077470487,0.1917323133,0,0.01474942542,0.00125,1.531000916e-05,2000,1600,0,5.259595625,0,0,89.239,1524.011239,720.544,5439.346,12122.439,1.009685685,1,1,1.250001383,1.009685685,2017.940976,390,19.72748974,40.594,0.5456728768,0.02626005136,0.04998909749,0.9852505746,38.57866222,0,0,38.57864711,1.511111112e-05,0,0,0,0,0.99998469,1.010703073,0.99875,0.00125,800,184160.024,30,4,2122,674,3.78904451,0,0,89.239,1201.277266,590.999,4791.505,8373.706,1.014014497,1,1,1.272770217,490,2.457714286,0,0,45.106,1372.365104,653.171,4270.192,12710.929,1.003276357,1,1,1.193408374,303,13.53741254,0,0,302.439,2218.971505,1054.794,7770.511,13651.835,1.009707256,1,1,1.131505592,133,4.176097744,0,0,178.051,2134.961188,1021.197,9774.231,14700.107,1.011312869,1,1,1.34225877,800,6.092735,0,0,128.549,1550.028971,689.532,5458.441,12823.07,1.010783415,1,1,1.250000094,629,3.678319555,0,0,76.553,1517.035095,765.85,5373.781,11138.25,1.00693266,1,1,1.275658525,171,7.178374269,0,0,45.106,1427.951637,718.429,5628.353,8705.806,1.014676731,1,1,1.250001383
s1-load60,shortest_estimate+topology_aware+easy,9,0.2225675739,0.2014663593,0.004985103702,0.01353489822,0.002518891688,6.232097716e-05,2000,1600,0,40.30974063,0,15.121,1198.356,2449.071247,1199.147,8409.476,16043.629,1.060946715,1,1.050768938,2.51894763,1.060946715,2190.918347,346,155.8661243,1042.079,0.5967821641,0.03634290431,0.05897596287,0.9864651018,59.96945556,0,0,59.9694223,3.325252526e-05,0,0,0,0,0.999937679,1.020108115,0.9974811083,0.002518891688,794,264821.032,59,7,2435,645,45.26745736,0,91.721,1397.197,2439.04747,1260.084,7645.122,16787.21,1.072686568,1,1.158300314,2.551559315,474,31.58611181,0,0,1397.365,2402.287251,1145.15,8944.96,14205.932,1.05154204,1,1,2.031208088,330,34.03809091,0,0,866.636,2772.90137,1363.961,10337.73,19937.814,1.053157337,1,1,2.872867475,151,60.22309934,0,529.023,1819.478,1931.038205,854.983,8224.47,13637.962,1.057344765,1,1.252091766,2.921423087,806,49.63793424,0,42.115,1819.478,2526.396241,1217.294,8944.96,15767.555,1.069649882,1,1.06997349,2.513826717,627,25.21439872,0,0,923.05,2442.157722,1230.758,7934.087,16787.21,1.048906083,1,1.018449199,2.51894763,167,51.96396407,0,24.616,2350.82,2101.830743,1058.005,7715.593,16394.706,1.064148654,1,1.085204774,3.466003571
s1-load60,shortest_estimate+topology_aware+easy,10,0.3873426864,0.2396654006,0.1064677839,0.03561662281,0.005201560468,0.0003913185838,2000,1600,0,91.15050938,0,322.942,2343.251,2928.824428,1379.379,11311.705,22525.818,1.074212644,1,1.250000047,2.815731176,1.074212644,2184.400513,352,325.2364744,1876.458,0.6895451609,0.08549897287,0.0697661092,0.9643833772,218.7160444,0,0,218.7159964,4.8e-05,0,0,0,0,0.9996086814,1.043685901,0.9947984395,0.005201560468,769,360863.704,91,20,2493,626,100.1710128,0,370.563,2434.701,2864.923599,1579.14,10041.867,17857.346,1.084693497,1,1.250000449,3.197997769,484,109.3218533,0,582.328,3101.513,3917.648362,1335.808,14940.273,27997.794,1.090163072,1,1.249371485,2.881358962,343,75.7053207,0,222.944,1511.476,2285.806883,1352.652,6728.406,14139.996,1.04453176,1,1.112599108,2.214268891,147,28.94597959,0,111.44,577.259,1445.600973,932.064,3778.48,8666.239,1.046318239,1,1.25000268,1.83314362,831,78.85108905,0,222.944,2337.725,2821.521061,1393.658,11329.317,20582.704,1.080912739,1,1.205388958,3.197997769,627,113.3775774,0,479.798,3077.007,3058.389466,1380.584,11311.705,26199.18,1.073655002,1,1.261048169,2.717687774,142,64.98464085,0,111.44,2282.315,2984.682303,1314.936,10692.694,19281.967,1.037465196,1,1.020853609,2.005200997
s1-load60,shortest_estimate+topology_aware+easy,11,0.2320380931,0.1988305881,0.005199066555,0.02305430237,0.004932182491,2.195357314e-05,2000,1600,0,48.74425812,0,15.77,1569.64,2840.842211,1466.717,9841.068,21926.507,1.035571554,1,1.037021797,2.08897698,1.035571554,2057.235143,333,208.6257718,1559.579,0.5872442532,0.05368784168,0.05913128563,0.9769456976,106.7577978,0,0,106.7577351,6.266666668e-05,0,0,0,0,0.9999780464,1.010603412,0.9950678175,0.004932182491,811,324176.36,66,11,2235,640,53.46431094,0,45.154,2034.579,3335.282627,1613.019,11659.791,26817.081,1.039211085,1,1.088363737,2.021333212,470,48.38239149,0,15.77,1672.688,2181.711585,1418.79,6987.666,10328.257,1.029120279,1,1.037021797,2.08897698,327,26.29425382,0,0,655.501,2563.819061,1252.034,9933.5,21926.507,1.040032466,1,1,2.58018104,163,76.29269325,0,0,1974.709,3355.787595,1821.899,11052.617,25425.573,1.030934018,1,1.137051048,2.149315582,789,48.77581749,0,59.102,1974.709,2930.330408,1500.992,10278.899,24400.136,1.045592909,1,1.155721951,2.351217018,653,48.29011026,0,0,1672.688,2563.485631,1381.531,8679.893,17302.729,1.023372287,1,1,1.81771063,158,50.46361392,0,20.888,1482.856,3540.257772,1901.144,14119.809,26474.038,1.035946699,1,1.088363737,1.857479331
s1-load60,shortest_estimate+topology_aware+easy,12,0.1987253495,0.1917323133,0,0.006953163269,0,3.987295224e-05,2000,1600,0,8.62269875,0,0,195.005,2506.697979,1319.006,8756.039,18503.24,1.011417946,1,1,1.250000519,1.011417946,2031.123307,349,38.51310029,129.565,0.5254575142,0.02926634572,0.05675403618,0.9930468367,27.47934667,0,0,27.47931467,3.2e-05,0,0,0,0,0.999960127,1.01597554,1,0,823,299786.219,29,5,2127,597,10.97018425,0,0,289.492,1487.641529,898.135,5079.019,9913.322,1.014086355,1,1,1.250000134,519,8.83065896,0,0,421.597,3701.038374,1708.367,14151.868,23590.014,1.016707963,1,1,1.530872769,324,4.38491358,0,0,0,2778.569944,1953.291,8169.658,11913.327,1.000720906,1,1,1,160,7.7705875,0,0,453.854,1884.369975,1267.833,5250.176,12484.475,1.005963457,1,1,1.25484291,777,12.90042085,0,0,421.597,2493.47018,1340.658,9178.993,20072.319,1.01557063,1,1,1.529573425,660,4.695813636,0,0,4.861,2488.590486,1358.983,8756.039,16639.112,1.008776972,1,1,1.136976099,163,4.131619632,0,0,129.565,2643.071877,1178.632,8695.297,28479.054,1.002316152,1,1,1.141609295
s1-load60,shortest_estimate+topology_aware+easy,13,0.1951012211,0.1917323133,0,0.003335599367,0,3.330846853e-05,2000,1600,0,6.2686575,0,0,246.71,2099.291332,1315.418,6532.699,12617.202,1.007998175,1,1,1.25,1.007998175,2015.471445,351,26.48482906,200.386,0.5963013331,0.01925654953,0.05816164922,0.9966644006,12.30551333,0,0,12.30550267,1.066666667e-05,0,0,0,0,0.9999666915,1.016435191,1,0,813,241043.138,31,4,2095,628,2.558207006,0,0,7.166,2109.345083,1448.1,6161.729,10829.723,1.001939314,1,1,1.03291522,479,8.111283925,0,0,372.757,1939.506019,1046.241,6360.084,13717.918,1.010906068,1,1,1.502105599,328,7.649463415,0,0,314.173,1834.211948,1131.28,5083.591,9042.548,1.010116256,1,1,1.25,165,12.29678182,0,0,520.66,3051.833436,1953.902,10146.53,17191.957,1.018406379,1,1,1.471901106,787,5.71550953,0,0,135.414,2096.497337,1329.543,6505.021,12617.202,1.006926023,1,1,1.213785806,643,6.799194401,0,0,254.638,2061.9319,1300.24,6743.422,10829.723,1.007546639,1,1,1.250000435,170,6.822729412,0,0,314.173,2253.532441,1249.784,6747.896,17191.957,1.014669476,1,1,1.502105599
s1-load60,shortest_estimate+topology_aware+easy,14,0.2205006015,0.1973934132,0,0.02300147842,0,0.0001057099092,2000,1600,0,32.11003437,0,0,856.927,2012.256072,1013.094,6993.115,14323.807,1.042570013,1,1.029526061,2.049108044,1.042570013,2069.912359,378,121.3760767,701.082,0.5934039249,0.05816654979,0.06282503584,0.9769985216,86.28914444,0,0,86.28910808,3.63636364e-05,0,0,0,0,0.9998942901,1.026925574,1,0,795,233813.236,70,20,2243,594,24.87229966,0,0,1011.952,1421.122232,647.369,5242.176,11861.555,1.053068181,1,1.036639656,2.446927935,514,35.65953891,0,0,780.557,2382.120212,1453.166,7636.048,13281.989,1.025457158,1,1.057709313,1.857503898,336,12.45921131,0,0,305.474,1622.75592,889.736,5344.919,10684.585,1.047222979,1,1,2.598800741,156,90.29878846,0,184.3,3992.24,3883.380327,1531.986,17690.944,31756.379,1.048959111,1,1.217983961,2.175775412,805,45.68880373,0,124.486,1295.873,2041.424384,1020.488,6990.418,14202.218,1.056961792,1,1.160685954,2.217829389,635,21.10985039,0,0,526.669,1913.826542,1030.319,6933.633,15058.718,1.033946317,1,1.010362178,1.977147792,160,7.44883125,0,0,404.617,2256.1452,898.267,7907.514,25809.39,1.004386674,1,1,1.227219955
s1-load60,shortest_estimate+topology_aware+easy,15,0.4342719346,0.2507322691,0.1431704903,0.03430140306,0.004975124378,0.001092647782,2000,1600,0,110.6799381,0,434.27,2564.349,3193.274789,1588.322,11799.351,22239.873,1.081868182,1,1.307720461,3.133720155,1.081868182,2150.270695,357,427.9308683,2509.71,0.6411594341,0.08959650349,0.07282695592,0.9656985969,198.1676356,0,0,198.1675933,4.22222223e-05,0,0,0,0,0.9989073522,1.095249841,0.9950248756,0.004975124378,804,354794.792,98,27,2468,654,93.84825841,0,399.39,2432.985,2658.55561,1490.731,10003.296,16133.945,1.067203699,1,1.264539748,2.532423341,498,168.2010442,0,858.301,3697.711,4374.640677,2294.342,14341.357,31175.723,1.082866195,1,1.459748599,3.133720155,299,87.48935117,0,299.783,2022.05,2059.062231,923.59,7387.462,18554.695,1.134994977,1,1.250006969,5.122134492,149,38.84365101,0,214.896,690.147,3867.876705,1923.93,15393.483,28341.376,1.036288648,1,1.367119489,1.62751188,796,159.4626771,0,695.616,3697.711,3510.98034,1645.479,13409.28,27836.247,1.096907043,1,1.466878094,3.133720155,652,64.82472853,0,139.624,1477.428,3040.836535,1605.303,11257.969,17418.957,1.071273972,1,1.102822703,3.59751081,152,51.90715132,0,117.156,1972.437,2183.380855,1133.431,7782.153,19034.646,1.048555625,1,1.243805387,2.403498163
s1-load60,shortest_estimate+topology_aware+easy,16,0.3138218679,0.2371479079,0.05075007662,0.0164644667,0.008706467662,0.0007529489616,2000,1600,0,60.98221688,0,153.937,1319.516,1703.55334,803.73,6375.212,13222.928,1.068179317,1,1.2368698,2.511186443,1.068179317,2151.669894,364,233.8083654,1101.702,0.7045008021,0.1009691404,0.06949989417,0.9835355333,57.10507111,0,0,57.10501111,6.000000002e-05,0,0,0,0,0.999247051,1.06897893,0.9912935323,0.008706467662,804,179545.735,90,16,2500,625,56.214952,0,76.252,1317.13,1464.565526,643.8,6118.048,14245.171,1.043538329,1,1.158183466,2.044484687,493,77.16848682,0,376.959,2126.274,2049.409465,908.442,8335.216,14200.291,1.113902199,1,1.250001394,4.334563929,322,24.65328261,0,86.327,584.56,1441.208913,763.528,5176.794,8296.363,1.042024467,1,1.090582058,1.759889921,160,102.8423812,0,178.732,4607.069,2099.398462,1257.332,5832.86,18847.255,1.07618618,1,1.250000446,3.381547426,796,50.19889698,0,153.937,1101.702,1745.758612,766.998,6569.713,15188.574,1.072165,1,1.237807418,2.511186443,633,49.58822117,0,111.271,1317.13,1645.434923,834.603,6278.724,11091.66,1.049846644,1,1.185860803,2.17479714,171,153.3560292,0,580.585,6141.648,1722.22914,811.927,6468.16,13222.928,1.117489132,1,1.929075235,4.334563929
s1-load60,shortest_estimate+topology_aware+easy,17,0.2467191066,0.2008129864,0.01945710272,0.02254766917,0.003856041131,4.53072382e-05,2000,1600,0,41.91951687,0,59.018,1551.278,2823.655194,1560.699,10179.089,17959.994,1.033757008,1,1.047361203,1.693339437,1.033757008,2055.12394,372,144.2111989,999.681,0.6426399982,0.05706084081,0.06623318782,0.9774523308,122.4238978,0,0,122.4238544,4.33939394e-05,0,0,0,0,0.9999546928,1.01481551,0.9961439589,0.003856041131,778,321483.981,67,12,2268,628,46.21661465,0,0,2016.953,3020.233635,1802.335,11343.957,16559.718,1.027220193,1,1.038688987,1.829074725,486,44.90282716,0,0,2199.846,3309.659819,1955.38,11491.097,19853.406,1.042297392,1,1.001322498,1.592009177,340,29.41995882,0,62.556,1058.067,1892.398453,854.847,5973.188,19778.328,1.029895024,1,1.124216383,1.693339437,146,42.61392466,0,364.063,967.647,2528.982479,1836.305,7947.85,12275.745,1.042438984,1,1.133155238,2.510329553,822,35.28006569,0,0.087,1058.067,2783.810326,1589.456,9943.741,16559.718,1.021940694,1,1.031008353,1.62514935,617,46.69700972,0,24.74,1844.712,2887.617603,1555.282,10878.133,20333.224,1.048052311,1,1.056762099,2.26940277,161,57.5090559,0,88.06,2016.953,2781.963739,1450.375,10812.492,21302.621,1.039302404,1,1.118759216,1.693339437
s1-load60,shortest_estimate+topology_aware+easy,18,0.2198498847,0.1917323133,0,0.008698866348,0.003783102144,0.0156356029,2000,1600,0,37.60870063,0,0,947.391,3995.879944,1537.624,16317.72,34132.782,1.11071491,1,1,1.617508086,1.11071491,2181.380175,356,148.9733652,653.499,0.5309740404,0.03104445091,0.06021909293,0.9913011337,56.20060444,0,0,56.20057822,2.622222224e-05,0,0,0,0,0.9843643971,1.321594194,0.9962168979,0.003783102144,793,493154.151,28,1,2127,654,28.04256881,0,0,604.05,6419.701829,2871.397,22320.278,46925.048,1.012032838,1,1,1.303664178,489,67.94835174,0,0,1901.745,2635.702642,1112.98,10667.916,15435.167,1.330955639,1,1,6.609646894,318,25.14212579,0,0,659.246,1429.160296,985.413,4132.941,7577.023,1.020290796,1,1,1.617508086,139,4.403892086,0,0,75.666,3248.858619,1401.771,15008.808,17876.58,1.007083449,1,1,1.250000058,807,39.47761834,0,0,878.365,3611.727135,1457.492,15355.238,25980.821,1.175969277,1,1,1.437589382,633,37.24791469,0,0,977.54,4550.501084,1641.839,18594.231,38563.639,1.049904727,1,1,2.065312098,160,29.60970625,0,0,1731.075,3739.230787,1667.208,11371.559,46925.048,1.022168482,1,1,1.303664178
s1-load60,shortest_estimate+topology_aware+easy,19,0.1935716778,0.1917323133,0,0.001805129487,0,3.423504572e-05,2000,1600,0,8.19838375,0,0,128.072,2581.61152,1064.927,8724.271,24248.916,1.012292351,1,1,1.250001574,1.012292351,2023.173336,338,31.72973077,29.323,0.5329839354,0.01322325279,0.04630614125,0.9981948705,8.250266667,0,0,8.250262222,4.444444447e-06,0,0,0,0,0.999965765,1.016091217,1,0,831,341021.573,21,1,2094,656,11.61158841,0,0,163.694,3728.410445,1573.692,13193.53,42543.581,1.012589369,1,1,1.193233683,468,5.288489316,0,0,244.148,1635.467784,602.056,6975.626,15676.654,1.018155437,1,1,1.367441197,316,9.359256329,0,0,115.005,2085.290778,989.637,7236.443,17476.555,1.008187808,1,1,1.135912733,160,0.4229625,0,0,28.178,1627.439819,805.987,5193.401,13557.773,1.00203153,1,1,1.028523765,769,10.7536762,0,0,181.863,2521.083033,1114.41,8050.633,22292.51,1.014276618,1,1,1.086703299,662,6.525456193,0,0,115.005,2644.705193,1008.863,10028.385,28158.885,1.011055023,1,1,1.250001574,169,3.124171598,0,0,128.072,2609.886047,1061.406,10019.401,27094.338,1.008110163,1,1,1.356090689
s1-load60,shortest_estimate+topology_aware+easy,20,0.2035464505,0.1917323133,0,0.009201800311,0.002490660025,0.0001216768193,2000,1600,0,25.8731375,0,0,933.621,3105.187311,1496.866,11490.273,23735.158,1.026632259,1,1,1.601800874,1.026632259,2042.861615,353,97.67343343,769.393,0.5916318714,0.05776057909,0.05898408506,0.9907981997,48.88014889,0,0,48.88011503,3.385858587e-05,0,0,0,0,0.9998783232,1.029918869,0.99750934,0.002490660025,803,348693.455,53,8,2215,645,27.58911783,0,0,939.503,5128.054712,2794.715,18420.982,38188.694,1.022778016,1,1.004758984,1.561253664,467,21.70060814,0,0,917.855,1328.61351,859.022,4298.003,7238.014,1.031757547,1,1,1.700287186,310,31.14847419,0,0,1244.553,2448.373768,1596.202,7988.986,11257.953,1.015736994,1,1,1.428436531,178,21.41476404,0,0,945.151,1580.033882,725.966,6560.271,12278.935,1.046126695,1,1,1.913625453,797,25.12313174,0,0,945.151,3052.404547,1447.432,11672.004,21219.024,1.021737531,1,1,1.670259054,621,24.03239291,0,0,810.916,3315.720586,1568.283,12521.309,28467.479,1.029671767,1,1,1.601800874,182,35.43828571,0,64.008,1069.091,2617.971368,1438.849,8260.604,26503.318,1.037695799,1,1.020740055,2.644727734
s1-load60,shortest_estimate+topology_aware+easy_oracle,1,0.1966723299,0.1917323133,0,0.004861399935,0,7.861667804e-05,2000,1600,0,7.9492675,0,0,151.04,3183.566226,1274.13,9459.182,46326.346,1.012175203,1,1,1.250000443,1.012175203,2019.480325,370,32.09378378,44.545,0.5361869285,0.0110052992,0.05588814969,0.9951386001,27.37507556,0,0,27.37506133,1.422222223e-05,0,0,0,0,0.9999213833,1.023399045,1,0,812,420102.159,22,4,2088,647,16.40075116,0,0,600.195,2303.511241,1527.527,7457.447,15033.631,1.024340536,1,1,1.584784765,468,1.436352564,0,0,0,1596.850462,923.687,5969.06,9235.755,1.004315924,1,1,1,333,3.066651652,0,0,55.189,7243.808703,1288.395,46326.346,86400,1.000919965,1,1,1.015284057,152,2.724565789,0,0,110.488,2919.867592,1843.322,10223.501,15590.314,1.009248667,1,1,1.300932371,788,5.49064467,0,0,0,3170.580127,1333.456,9325.932,48633.587,1.007609658,1,1,1,648,10.28235494,0,0,251.697,3110.324875,1192.373,10238.91,44785.025,1.01078117,1,1,1.295271102,164,10.54410976,0,0,600.195,3535.3555,1203.787,9059.982,67156.945,1.039620225,1,1,1.80399485
s1-load60,shortest_estimate+topology_aware+easy_oracle,2,0.3166298068,0.2260297034,0.07135183115,0.01380391482,0.00513478819,0.0003095692252,2000,1600,0,89.41149625,0,216.427,2427.395,3319.471003,1581.495,12491.617,25871.625,1.075036646,1,1.178881637,2.746265815,1.075036646,2129.616294,332,387.8541386,2427.395,0.6077037097,0.09040300911,0.05937471161,0.9861960852,81.81983333,0,0,81.81978667,4.666666669e-05,0,0,0,0,0.9996904308,1.04528494,0.9948652118,0.00513478819,779,341900.773,74,16,2376,636,73.45546384,0,208.551,2394.626,4645.141222,2068.823,18373.656,33047.421,1.050022412,1,1.129732643,2.309514852,502,81.58364741,0,148.432,2529.852,2583.406988,1516.656,8086.378,16452.599,1.097572614,1,1.125910819,3.027937119,311,84.77069453,0,358.43,1520.706,1841.654768,1076.803,6393.507,8993.533,1.092357077,1,1.362616016,4.516595481,151,192.1989536,0,447.538,2427.395,3226.614881,1697.154,10198.292,34142.899,1.069800505,1,1.544195574,2.720913474,821,114.3787747,0,276.563,3515.969,3456.620896,1589.043,13218.058,27176.058,1.082821642,1,1.199197111,2.309514852,635,61.18096378,0,124.109,1516.746,3199.094962,1582.98,11137.547,24380.604,1.075647592,1,1.178881637,3.979038668,144,71.55213889,0,120.79,2427.395,3068.351028,1473.479,12678.688,27939.411,1.027957255,1,1.029599363,1.961979395
s1-load60,shortest_estimate+topology_aware+easy_oracle,3,0.2144394706,0.1958116999,0,0.01294958348,0.005174644243,0.0005035429992,2000,1600,0,33.06250437,0,0,1272.49,2636.359802,1248.184,9643.327,22570.754,1.053935791,1,1.021276469,2.570427604,1.053935791,2112.396359,377,117.5209072,1161.52,0.6131031676,0.04750537039,0.07145447141,0.9870504165,58.98924222,0,0,58.98920178,4.044444445e-05,0,0,0,0,0.999496457,1.063077013,0.9948253558,0.005174644243,773,276558.877,58,10,2262,639,44.40246635,0,46.206,1608.418,3809.165964,1850.573,14582.953,30617.045,1.074035494,1,1.076555304,2.869433645,481,28.45010603,0,0,1243.934,1657.168898,936.573,5048.337,8799.225,1.05856428,1,1,3.272312192,318,10.73021384,0,0,220.632,2227.014236,1173.634,8847.126,11812.887,1.010308266,1,1,1.250000092,162,45.86495062,0,241.508,1372.128,1721.172012,941.003,5474.689,10478.614,1.046550233,1,1.250001205,2.581571311,827,28.47949577,0,0,1206.735,2692.681906,1239.383,9597.991,22691.536,1.042068218,1,1,1.932716864,629,35.05208108,0,32.192,1243.934,2461.541641,1242.115,9785.355,14694.807,1.053246115,1,1.067141882,2.363687999,144,50.69239583,0,0,1366.826,3076.514278,1298.93,11894.199,30617.045,1.125104464,1,1,4.657040339
s1-load60,shortest_estimate+topology_aware+easy_oracle,4,0.207399945,0.1917323133,0,0.01395828739,0.001324503311,0.0003848409531,2000,1600,0,33.805315,0,0,869.291,2621.201031,1474.356,8990.671,14662.773,1.032491681,1,1,2.05772187,1.032491681,2082.974919,354,147.0019802,788.225,0.5870461725,0.0540076218,0.06926326574,0.9860417126,65.04935778,0,0,65.04932032,3.745454546e-05,0,0,0,0,0.999615159,1.047242311,0.9986754967,0.001324503311,755,293911.957,43,7,2230,615,39.9514,0,0,788.225,2004.836075,920.624,7971.136,12771.061,1.05111071,1,1,2.234373899,495,28.47897374,0,0,535.313,3657.009331,2176.335,11862.514,21983.224,1.010274348,1,1,1.253343469,334,18.21768563,0,0,677.936,2335.394713,1515.515,7739.013,12069.118,1.019220006,1,1,1.754910018,156,59.84996154,0,0,2362.82,2376.320577,1486.887,7447.028,10504.268,1.058002043,1,1.250000731,2.514322081,845,31.27982959,0,0,641.172,2736.128011,1499.302,9458.393,14774.058,1.040634854,1,1,2.05772187,608,42.38861513,0,0,1388.126,2509.111793,1470.213,7785.041,13045.387,1.023409553,1,1,2.10910849,147,12.82156463,0,0,257.109,2424.173537,1390.266,10582.297,14646.018,1.023246464,1,1.016271478,2.036309925
s1-load60,shortest_estimate+topology_aware+easy_oracle,5,0.1988482471,0.1917323133,0,0.007100319432,0,1.561440202e-05,2000,1600,0,9.15199,0,0,226.749,2176.783689,1434.025,6289.937,11032.485,1.006802012,1,1,1.233473082,1.006802012,2028.058762,334,40.58182036,147.962,0.5361640733,0.03127400054,0.05067705436,0.9928996806,25.78754667,0,0,25.78753511,1.155555556e-05,0,0,0,0,0.9999843856,1.009291772,1,0,754,268192.58,24,6,2163,639,9.688815336,0,0,405.833,2127.877831,1335.485,6150.542,14041.681,1.01052904,1,1,1.374492927,486,16.8274321,0,0,401.655,1817.813755,1242.603,5342.226,8960.35,1.00725942,1,1,1.250000973,322,0.5363602484,0,0,0,2751.813584,2201.813,7426.538,11427.432,1.001364984,1,1,1,153,0.661379085,0,0,16.959,2311.101366,1478.383,6827.049,14317.204,1.001225878,1,1,1.005432081,846,10.16600946,0,0,363.929,2215.063963,1410.187,6506.459,12341.63,1.006489661,1,1,1.250000973,602,9.579003322,0,0,80.638,2097.350477,1480.034,6150.542,9992.605,1.008252528,1,1,1.167034371,152,1.816973684,0,0,84.232,2278.321066,1420.615,6880.407,14738.915,1.002795683,1,1,1.182127181
s1-load60,shortest_estimate+topology_aware+easy_oracle,6,0.2249824692,0.2006819552,0.004682786388,0.0183686641,0.001237623762,1.143982292e-05,2000,1600,0,19.08108375,0,14.204,584.356,1934.089839,1096.595,6301.278,12447.356,1.030363796,1,1.046677796,1.803328269,1.030363796,2068.539451,388,73.08474742,450.545,0.637396487,0.04299126239,0.06597607601,0.9816313359,63.62454889,0,0,63.62448921,5.967676768e-05,0,0,0,0,0.9999885602,1.00961015,0.9987623762,0.001237623762,808,218789.027,71,12,2275,647,16.97707883,0,3.194,584.211,2077.545521,1148.239,6666.075,12447.356,1.031428963,1,1.036971338,1.725830098,472,15.02041525,0,0,450.545,1798.523763,1078.491,5851.818,12307.186,1.026319981,1,1.011961387,1.860304188,318,16.47834591,0,0,577.315,1263.691453,945.853,3418.959,5228.839,1.031215921,1,1.096765781,1.990544774,163,44.26879755,0,179.252,1898.543,3065.12081,1361.933,9437.198,27378.452,1.036183069,1,1.154294509,2.149701717,792,21.2542298,0,66.953,662.171,2027.597067,1104.647,6467.098,16868.975,1.037595339,1,1.10148399,2.042591204,644,17.14670963,0,0,424.156,1810.892078,1055.414,6147.648,9764.293,1.025905145,1,1.008767064,1.758501668,164,16.18233537,0,0,635.177,1966.294921,1201.874,6301.278,11842.864,1.012949095,1,1.011961387,1.575742684
s1-load60,shortest_estimate+topology_aware+easy_oracle,7,0.198968241,0.1917323133,0,0.00348256952,0.003722084367,3.127381403e-05,2000,1600,0,24.40587375,0,0,840.744,3811.968301,1438.199,14234.425,41541.625,1.024936269,1,1,1.377104524,1.024936269,2040.148031,369,100.9390461,635.385,0.5616439737,0.04046655676,0.05694530573,0.9965174305,23.42527333,0,0,23.42524897,2.436363637e-05,0,0,0,0,0.9999687262,1.015930156,0.9962779156,0.003722084367,806,489567.195,32,7,2113,632,34.12188766,0,0,1127.664,3346.134924,1343.599,12931.765,31856.608,1.031285075,1,1,1.417003294,504,15.6083869,0,0,382.465,5630.904732,1831.644,29959.521,68088.711,1.023599255,1,1,1.250001161,308,16.08846429,0,0,890.769,2485.512919,997.192,9426.24,22586.95,1.015114148,1,1,1.220063994,156,29.88776282,0,0,1779.829,2441.525936,1400.112,8824.704,13588.796,1.022927443,1,1,1.48544508,794,15.59005919,0,0,667.305,3950.055404,1471.783,13521.065,46953.934,1.022568251,1,1,1.337330134,644,21.78997516,0,0,890.769,3716.259894,1368.23,15038.545,41541.625,1.023774791,1,1,1.377104524,162,78.01325309,0,0,4877.709,3515.641475,1429.994,12591.094,29227.13,1.041159717,1,1,2.116393098
s1-load60,shortest_estimate+topology_aware+easy_oracle,8,0.2077470487,0.1917323133,0,0.01474942542,0.00125,1.531000916e-05,2000,1600,0,5.259595625,0,0,89.239,1524.011239,720.544,5439.346,12122.439,1.009685685,1,1,1.250001383,1.009685685,2017.940976,390,19.72748974,40.594,0.5456728768,0.02626005136,0.04998909749,0.9852505746,38.57866222,0,0,38.57864711,1.511111112e-05,0,0,0,0,0.99998469,1.010703073,0.99875,0.00125,800,184160.024,30,4,2122,674,3.78904451,0,0,89.239,1201.277266,590.999,4791.505,8373.706,1.014014497,1,1,1.272770217,490,2.457714286,0,0,45.106,1372.365104,653.171,4270.192,12710.929,1.003276357,1,1,1.193408374,303,13.53741254,0,0,302.439,2218.971505,1054.794,7770.511,13651.835,1.009707256,1,1,1.131505592,133,4.176097744,0,0,178.051,2134.961188,1021.197,9774.231,14700.107,1.011312869,1,1,1.34225877,800,6.092735,0,0,128.549,1550.028971,689.532,5458.441,12823.07,1.010783415,1,1,1.250000094,629,3.678319555,0,0,76.553,1517.035095,765.85,5373.781,11138.25,1.00693266,1,1,1.275658525,171,7.178374269,0,0,45.106,1427.951637,718.429,5628.353,8705.806,1.014676731,1,1,1.250001383
s1-load60,shortest_estimate+topology_aware+easy_oracle,9,0.2225675739,0.2014663593,0.004985103702,0.01353489822,0.002518891688,6.232097716e-05,2000,1600,0,40.30974063,0,15.121,1198.356,2449.071247,1199.147,8409.476,16043.629,1.060946715,1,1.050768938,2.51894763,1.060946715,2190.918347,346,155.8661243,1042.079,0.5967821641,0.03634290431,0.05897596287,0.9864651018,59.96945556,0,0,59.9694223,3.325252526e-05,0,0,0,0,0.999937679,1.020108115,0.9974811083,0.002518891688,794,264821.032,59,7,2435,645,45.26745736,0,91.721,1397.197,2439.04747,1260.084,7645.122,16787.21,1.072686568,1,1.158300314,2.551559315,474,31.58611181,0,0,1397.365,2402.287251,1145.15,8944.96,14205.932,1.05154204,1,1,2.031208088,330,34.03809091,0,0,866.636,2772.90137,1363.961,10337.73,19937.814,1.053157337,1,1,2.872867475,151,60.22309934,0,529.023,1819.478,1931.038205,854.983,8224.47,13637.962,1.057344765,1,1.252091766,2.921423087,806,49.63793424,0,42.115,1819.478,2526.396241,1217.294,8944.96,15767.555,1.069649882,1,1.06997349,2.513826717,627,25.21439872,0,0,923.05,2442.157722,1230.758,7934.087,16787.21,1.048906083,1,1.018449199,2.51894763,167,51.96396407,0,24.616,2350.82,2101.830743,1058.005,7715.593,16394.706,1.064148654,1,1.085204774,3.466003571
s1-load60,shortest_estimate+topology_aware+easy_oracle,10,0.3873426864,0.2396654006,0.1064677839,0.03561662281,0.005201560468,0.0003913185838,2000,1600,0,91.15050938,0,322.942,2343.251,2928.824428,1379.379,11311.705,22525.818,1.074212644,1,1.250000047,2.815731176,1.074212644,2184.400513,352,325.2364744,1876.458,0.6895451609,0.08549897287,0.0697661092,0.9643833772,218.7160444,0,0,218.7159964,4.8e-05,0,0,0,0,0.9996086814,1.043685901,0.9947984395,0.005201560468,769,360863.704,91,20,2493,626,100.1710128,0,370.563,2434.701,2864.923599,1579.14,10041.867,17857.346,1.084693497,1,1.250000449,3.197997769,484,109.3218533,0,582.328,3101.513,3917.648362,1335.808,14940.273,27997.794,1.090163072,1,1.249371485,2.881358962,343,75.7053207,0,222.944,1511.476,2285.806883,1352.652,6728.406,14139.996,1.04453176,1,1.112599108,2.214268891,147,28.94597959,0,111.44,577.259,1445.600973,932.064,3778.48,8666.239,1.046318239,1,1.25000268,1.83314362,831,78.85108905,0,222.944,2337.725,2821.521061,1393.658,11329.317,20582.704,1.080912739,1,1.205388958,3.197997769,627,113.3775774,0,479.798,3077.007,3058.389466,1380.584,11311.705,26199.18,1.073655002,1,1.261048169,2.717687774,142,64.98464085,0,111.44,2282.315,2984.682303,1314.936,10692.694,19281.967,1.037465196,1,1.020853609,2.005200997
s1-load60,shortest_estimate+topology_aware+easy_oracle,11,0.2320380931,0.1988305881,0.005199066555,0.02305430237,0.004932182491,2.195357314e-05,2000,1600,0,48.74425812,0,15.77,1569.64,2840.842211,1466.717,9841.068,21926.507,1.035571554,1,1.037021797,2.08897698,1.035571554,2057.235143,333,208.6257718,1559.579,0.5872442532,0.05368784168,0.05913128563,0.9769456976,106.7577978,0,0,106.7577351,6.266666668e-05,0,0,0,0,0.9999780464,1.010603412,0.9950678175,0.004932182491,811,324176.36,66,11,2235,640,53.46431094,0,45.154,2034.579,3335.282627,1613.019,11659.791,26817.081,1.039211085,1,1.088363737,2.021333212,470,48.38239149,0,15.77,1672.688,2181.711585,1418.79,6987.666,10328.257,1.029120279,1,1.037021797,2.08897698,327,26.29425382,0,0,655.501,2563.819061,1252.034,9933.5,21926.507,1.040032466,1,1,2.58018104,163,76.29269325,0,0,1974.709,3355.787595,1821.899,11052.617,25425.573,1.030934018,1,1.137051048,2.149315582,789,48.77581749,0,59.102,1974.709,2930.330408,1500.992,10278.899,24400.136,1.045592909,1,1.155721951,2.351217018,653,48.29011026,0,0,1672.688,2563.485631,1381.531,8679.893,17302.729,1.023372287,1,1,1.81771063,158,50.46361392,0,20.888,1482.856,3540.257772,1901.144,14119.809,26474.038,1.035946699,1,1.088363737,1.857479331
s1-load60,shortest_estimate+topology_aware+easy_oracle,12,0.1987253495,0.1917323133,0,0.006953163269,0,3.987295224e-05,2000,1600,0,8.62269875,0,0,195.005,2506.697979,1319.006,8756.039,18503.24,1.011417946,1,1,1.250000519,1.011417946,2031.123307,349,38.51310029,129.565,0.5254575142,0.02926634572,0.05675403618,0.9930468367,27.47934667,0,0,27.47931467,3.2e-05,0,0,0,0,0.999960127,1.01597554,1,0,823,299786.219,29,5,2127,597,10.97018425,0,0,289.492,1487.641529,898.135,5079.019,9913.322,1.014086355,1,1,1.250000134,519,8.83065896,0,0,421.597,3701.038374,1708.367,14151.868,23590.014,1.016707963,1,1,1.530872769,324,4.38491358,0,0,0,2778.569944,1953.291,8169.658,11913.327,1.000720906,1,1,1,160,7.7705875,0,0,453.854,1884.369975,1267.833,5250.176,12484.475,1.005963457,1,1,1.25484291,777,12.90042085,0,0,421.597,2493.47018,1340.658,9178.993,20072.319,1.01557063,1,1,1.529573425,660,4.695813636,0,0,4.861,2488.590486,1358.983,8756.039,16639.112,1.008776972,1,1,1.136976099,163,4.131619632,0,0,129.565,2643.071877,1178.632,8695.297,28479.054,1.002316152,1,1,1.141609295
s1-load60,shortest_estimate+topology_aware+easy_oracle,13,0.1951012211,0.1917323133,0,0.003335599367,0,3.330846853e-05,2000,1600,0,6.2686575,0,0,246.71,2099.291332,1315.418,6532.699,12617.202,1.007998175,1,1,1.25,1.007998175,2015.471445,351,26.48482906,200.386,0.5963013331,0.01925654953,0.05816164922,0.9966644006,12.30551333,0,0,12.30550267,1.066666667e-05,0,0,0,0,0.9999666915,1.016435191,1,0,813,241043.138,31,4,2095,628,2.558207006,0,0,7.166,2109.345083,1448.1,6161.729,10829.723,1.001939314,1,1,1.03291522,479,8.111283925,0,0,372.757,1939.506019,1046.241,6360.084,13717.918,1.010906068,1,1,1.502105599,328,7.649463415,0,0,314.173,1834.211948,1131.28,5083.591,9042.548,1.010116256,1,1,1.25,165,12.29678182,0,0,520.66,3051.833436,1953.902,10146.53,17191.957,1.018406379,1,1,1.471901106,787,5.71550953,0,0,135.414,2096.497337,1329.543,6505.021,12617.202,1.006926023,1,1,1.213785806,643,6.799194401,0,0,254.638,2061.9319,1300.24,6743.422,10829.723,1.007546639,1,1,1.250000435,170,6.822729412,0,0,314.173,2253.532441,1249.784,6747.896,17191.957,1.014669476,1,1,1.502105599
s1-load60,shortest_estimate+topology_aware+easy_oracle,14,0.2205006015,0.1973934132,0,0.02300147842,0,0.0001057099092,2000,1600,0,32.11003437,0,0,856.927,2012.256072,1013.094,6993.115,14323.807,1.042570013,1,1.029526061,2.049108044,1.042570013,2069.912359,378,121.3760767,701.082,0.5934039249,0.05816654979,0.06282503584,0.9769985216,86.28914444,0,0,86.28910808,3.63636364e-05,0,0,0,0,0.9998942901,1.026925574,1,0,795,233813.236,70,20,2243,594,24.87229966,0,0,1011.952,1421.122232,647.369,5242.176,11861.555,1.053068181,1,1.036639656,2.446927935,514,35.65953891,0,0,780.557,2382.120212,1453.166,7636.048,13281.989,1.025457158,1,1.057709313,1.857503898,336,12.45921131,0,0,305.474,1622.75592,889.736,5344.919,10684.585,1.047222979,1,1,2.598800741,156,90.29878846,0,184.3,3992.24,3883.380327,1531.986,17690.944,31756.379,1.048959111,1,1.217983961,2.175775412,805,45.68880373,0,124.486,1295.873,2041.424384,1020.488,6990.418,14202.218,1.056961792,1,1.160685954,2.217829389,635,21.10985039,0,0,526.669,1913.826542,1030.319,6933.633,15058.718,1.033946317,1,1.010362178,1.977147792,160,7.44883125,0,0,404.617,2256.1452,898.267,7907.514,25809.39,1.004386674,1,1,1.227219955
s1-load60,shortest_estimate+topology_aware+easy_oracle,15,0.4342719346,0.2507322691,0.1431704903,0.03430140306,0.004975124378,0.001092647782,2000,1600,0,110.6799381,0,434.27,2564.349,3193.274789,1588.322,11799.351,22239.873,1.081868182,1,1.307720461,3.133720155,1.081868182,2150.270695,357,427.9308683,2509.71,0.6411594341,0.08959650349,0.07282695592,0.9656985969,198.1676356,0,0,198.1675933,4.22222223e-05,0,0,0,0,0.9989073522,1.095249841,0.9950248756,0.004975124378,804,354794.792,98,27,2468,654,93.84825841,0,399.39,2432.985,2658.55561,1490.731,10003.296,16133.945,1.067203699,1,1.264539748,2.532423341,498,168.2010442,0,858.301,3697.711,4374.640677,2294.342,14341.357,31175.723,1.082866195,1,1.459748599,3.133720155,299,87.48935117,0,299.783,2022.05,2059.062231,923.59,7387.462,18554.695,1.134994977,1,1.250006969,5.122134492,149,38.84365101,0,214.896,690.147,3867.876705,1923.93,15393.483,28341.376,1.036288648,1,1.367119489,1.62751188,796,159.4626771,0,695.616,3697.711,3510.98034,1645.479,13409.28,27836.247,1.096907043,1,1.466878094,3.133720155,652,64.82472853,0,139.624,1477.428,3040.836535,1605.303,11257.969,17418.957,1.071273972,1,1.102822703,3.59751081,152,51.90715132,0,117.156,1972.437,2183.380855,1133.431,7782.153,19034.646,1.048555625,1,1.243805387,2.403498163
s1-load60,shortest_estimate+topology_aware+easy_oracle,16,0.3138218679,0.2371479079,0.05075007662,0.0164644667,0.008706467662,0.0007529489616,2000,1600,0,60.98221688,0,153.937,1319.516,1703.55334,803.73,6375.212,13222.928,1.068179317,1,1.2368698,2.511186443,1.068179317,2151.669894,364,233.8083654,1101.702,0.7045008021,0.1009691404,0.06949989417,0.9835355333,57.10507111,0,0,57.10501111,6.000000002e-05,0,0,0,0,0.999247051,1.06897893,0.9912935323,0.008706467662,804,179545.735,90,16,2500,625,56.214952,0,76.252,1317.13,1464.565526,643.8,6118.048,14245.171,1.043538329,1,1.158183466,2.044484687,493,77.16848682,0,376.959,2126.274,2049.409465,908.442,8335.216,14200.291,1.113902199,1,1.250001394,4.334563929,322,24.65328261,0,86.327,584.56,1441.208913,763.528,5176.794,8296.363,1.042024467,1,1.090582058,1.759889921,160,102.8423812,0,178.732,4607.069,2099.398462,1257.332,5832.86,18847.255,1.07618618,1,1.250000446,3.381547426,796,50.19889698,0,153.937,1101.702,1745.758612,766.998,6569.713,15188.574,1.072165,1,1.237807418,2.511186443,633,49.58822117,0,111.271,1317.13,1645.434923,834.603,6278.724,11091.66,1.049846644,1,1.185860803,2.17479714,171,153.3560292,0,580.585,6141.648,1722.22914,811.927,6468.16,13222.928,1.117489132,1,1.929075235,4.334563929
s1-load60,shortest_estimate+topology_aware+easy_oracle,17,0.2467191066,0.2008129864,0.01945710272,0.02254766917,0.003856041131,4.53072382e-05,2000,1600,0,41.91951687,0,59.018,1551.278,2823.655194,1560.699,10179.089,17959.994,1.033757008,1,1.047361203,1.693339437,1.033757008,2055.12394,372,144.2111989,999.681,0.6426399982,0.05706084081,0.06623318782,0.9774523308,122.4238978,0,0,122.4238544,4.33939394e-05,0,0,0,0,0.9999546928,1.01481551,0.9961439589,0.003856041131,778,321483.981,67,12,2268,628,46.21661465,0,0,2016.953,3020.233635,1802.335,11343.957,16559.718,1.027220193,1,1.038688987,1.829074725,486,44.90282716,0,0,2199.846,3309.659819,1955.38,11491.097,19853.406,1.042297392,1,1.001322498,1.592009177,340,29.41995882,0,62.556,1058.067,1892.398453,854.847,5973.188,19778.328,1.029895024,1,1.124216383,1.693339437,146,42.61392466,0,364.063,967.647,2528.982479,1836.305,7947.85,12275.745,1.042438984,1,1.133155238,2.510329553,822,35.28006569,0,0.087,1058.067,2783.810326,1589.456,9943.741,16559.718,1.021940694,1,1.031008353,1.62514935,617,46.69700972,0,24.74,1844.712,2887.617603,1555.282,10878.133,20333.224,1.048052311,1,1.056762099,2.26940277,161,57.5090559,0,88.06,2016.953,2781.963739,1450.375,10812.492,21302.621,1.039302404,1,1.118759216,1.693339437
s1-load60,shortest_estimate+topology_aware+easy_oracle,18,0.2198498847,0.1917323133,0,0.008698866348,0.003783102144,0.0156356029,2000,1600,0,37.60870063,0,0,947.391,3995.879944,1537.624,16317.72,34132.782,1.11071491,1,1,1.617508086,1.11071491,2181.380175,356,148.9733652,653.499,0.5309740404,0.03104445091,0.06021909293,0.9913011337,56.20060444,0,0,56.20057822,2.622222224e-05,0,0,0,0,0.9843643971,1.321594194,0.9962168979,0.003783102144,793,493154.151,28,1,2127,654,28.04256881,0,0,604.05,6419.701829,2871.397,22320.278,46925.048,1.012032838,1,1,1.303664178,489,67.94835174,0,0,1901.745,2635.702642,1112.98,10667.916,15435.167,1.330955639,1,1,6.609646894,318,25.14212579,0,0,659.246,1429.160296,985.413,4132.941,7577.023,1.020290796,1,1,1.617508086,139,4.403892086,0,0,75.666,3248.858619,1401.771,15008.808,17876.58,1.007083449,1,1,1.250000058,807,39.47761834,0,0,878.365,3611.727135,1457.492,15355.238,25980.821,1.175969277,1,1,1.437589382,633,37.24791469,0,0,977.54,4550.501084,1641.839,18594.231,38563.639,1.049904727,1,1,2.065312098,160,29.60970625,0,0,1731.075,3739.230787,1667.208,11371.559,46925.048,1.022168482,1,1,1.303664178
s1-load60,shortest_estimate+topology_aware+easy_oracle,19,0.1935716778,0.1917323133,0,0.001805129487,0,3.423504572e-05,2000,1600,0,8.19838375,0,0,128.072,2581.61152,1064.927,8724.271,24248.916,1.012292351,1,1,1.250001574,1.012292351,2023.173336,338,31.72973077,29.323,0.5329839354,0.01322325279,0.04630614125,0.9981948705,8.250266667,0,0,8.250262222,4.444444447e-06,0,0,0,0,0.999965765,1.016091217,1,0,831,341021.573,21,1,2094,656,11.61158841,0,0,163.694,3728.410445,1573.692,13193.53,42543.581,1.012589369,1,1,1.193233683,468,5.288489316,0,0,244.148,1635.467784,602.056,6975.626,15676.654,1.018155437,1,1,1.367441197,316,9.359256329,0,0,115.005,2085.290778,989.637,7236.443,17476.555,1.008187808,1,1,1.135912733,160,0.4229625,0,0,28.178,1627.439819,805.987,5193.401,13557.773,1.00203153,1,1,1.028523765,769,10.7536762,0,0,181.863,2521.083033,1114.41,8050.633,22292.51,1.014276618,1,1,1.086703299,662,6.525456193,0,0,115.005,2644.705193,1008.863,10028.385,28158.885,1.011055023,1,1,1.250001574,169,3.124171598,0,0,128.072,2609.886047,1061.406,10019.401,27094.338,1.008110163,1,1,1.356090689
s1-load60,shortest_estimate+topology_aware+easy_oracle,20,0.2035464505,0.1917323133,0,0.009201800311,0.002490660025,0.0001216768193,2000,1600,0,25.8731375,0,0,933.621,3105.187311,1496.866,11490.273,23735.158,1.026632259,1,1,1.601800874,1.026632259,2042.861615,353,97.67343343,769.393,0.5916318714,0.05776057909,0.05898408506,0.9907981997,48.88014889,0,0,48.88011503,3.385858587e-05,0,0,0,0,0.9998783232,1.029918869,0.99750934,0.002490660025,803,348693.455,53,8,2215,645,27.58911783,0,0,939.503,5128.054712,2794.715,18420.982,38188.694,1.022778016,1,1.004758984,1.561253664,467,21.70060814,0,0,917.855,1328.61351,859.022,4298.003,7238.014,1.031757547,1,1,1.700287186,310,31.14847419,0,0,1244.553,2448.373768,1596.202,7988.986,11257.953,1.015736994,1,1,1.428436531,178,21.41476404,0,0,945.151,1580.033882,725.966,6560.271,12278.935,1.046126695,1,1,1.913625453,797,25.12313174,0,0,945.151,3052.404547,1447.432,11672.004,21219.024,1.021737531,1,1,1.670259054,621,24.03239291,0,0,810.916,3315.720586,1568.283,12521.309,28467.479,1.029671767,1,1,1.601800874,182,35.43828571,0,64.008,1069.091,2617.971368,1438.849,8260.604,26503.318,1.037695799,1,1.020740055,2.644727734
s1-load60,shortest_estimate+topology_aware+easy_predicted,1,0.1966723299,0.1917323133,0,0.004861399935,0,7.861667804e-05,2000,1600,0,7.9492675,0,0,151.04,3183.566226,1274.13,9459.182,46326.346,1.012175203,1,1,1.250000443,1.012175203,2019.480325,370,32.09378378,44.545,0.5361869285,0.0110052992,0.05588814969,0.9951386001,27.37507556,0,0,27.37506133,1.422222223e-05,0,0,0,0,0.9999213833,1.023399045,1,0,812,420102.159,22,12,2088,647,16.40075116,0,0,600.195,2303.511241,1527.527,7457.447,15033.631,1.024340536,1,1,1.584784765,468,1.436352564,0,0,0,1596.850462,923.687,5969.06,9235.755,1.004315924,1,1,1,333,3.066651652,0,0,55.189,7243.808703,1288.395,46326.346,86400,1.000919965,1,1,1.015284057,152,2.724565789,0,0,110.488,2919.867592,1843.322,10223.501,15590.314,1.009248667,1,1,1.300932371,788,5.49064467,0,0,0,3170.580127,1333.456,9325.932,48633.587,1.007609658,1,1,1,648,10.28235494,0,0,251.697,3110.324875,1192.373,10238.91,44785.025,1.01078117,1,1,1.295271102,164,10.54410976,0,0,600.195,3535.3555,1203.787,9059.982,67156.945,1.039620225,1,1,1.80399485
s1-load60,shortest_estimate+topology_aware+easy_predicted,2,0.2942200649,0.2171262142,0.05623959198,0.01381830815,0.00513478819,0.001901162423,2000,1600,0,82.19369062,0,170.588,2434.014,3312.696824,1572.517,12634.865,25871.625,1.08271396,1,1.132444555,2.871166744,1.08271396,2137.446736,332,371.9098645,2434.014,0.608055823,0.07902303736,0.0595994187,0.9861816919,81.90634222,0,0,81.906296,4.622222225e-05,0,0,0,0,0.9980988376,1.105562121,0.9948652118,0.00513478819,779,341900.773,71,28,2347,636,57.7892783,0,216.427,1667.646,4623.719088,2068.823,17344.835,33047.421,1.038967872,1,1.129732643,2.013060749,502,91.40444622,0,10.645,2572.156,2593.398653,1509.016,8086.378,16452.599,1.112585379,1,1.040432239,3.053686977,311,87.83397106,0,416.725,2723.465,1844.840312,1086.123,6079.314,9216.087,1.146249829,1,1.327008868,3.995049371,151,142.7452119,0,221.239,743.41,3205.28555,1639.066,10198.292,34142.899,1.036802733,1,1.466174587,1.668856983,821,108.8045518,0,276.563,2947.798,3450.942861,1585.624,13218.058,26415.635,1.09210368,1,1.146025244,2.807693615,635,48.40814488,0,108.032,1370.865,3187.514282,1577.57,11137.547,24385.568,1.071541384,1,1.142028467,2.871166744,144,79.45969444,0,0,3182.829,3076.522646,1436.296,12678.688,27939.411,1.078447471,1,1,3.10485013
s1-load60,shortest_estimate+topology_aware+easy_predicted,3,0.2043843418,0.1917323133,0,0.01111536166,0.001293661061,0.0002430057631,2000,1600,0,25.202405,0,0,1054.903,2626.956707,1226.439,9643.327,22570.754,1.034106614,1,1,2.091856937,1.034106614,2085.164878,377,101.358061,863.637,0.6092765018,0.04356454673,0.06948709259,0.9888846383,50.53989333,0,0,50.53986594,2.73939394e-05,0,0,0,0,0.9997569942,1.041412607,0.9987063389,0.001293661061,773,275635.805,49,18,2251,639,28.41665102,0,0,1058.389,3790.468972,1779.397,14582.953,30617.045,1.031579025,1,1,1.932716864,481,22.7115738,0,0,1110.379,1651.10837,943.092,5048.337,8799.225,1.050527302,1,1,4.254484259,318,17.15888365,0,0,266.663,2231.586352,1173.634,8847.126,11812.887,1.008752241,1,1,1.214819865,162,35.70874074,0,11.889,1194.798,1711.070815,939.678,5474.689,10478.614,1.045090988,1,1.124001026,2.622447608,827,17.43248368,0,0,399.348,2678.836932,1222.369,9597.991,22691.536,1.023697682,1,1,1.496178262,629,37.69980922,0,0,1272.49,2463.943137,1226.439,9812.877,14694.807,1.046533961,1,1,2.437730413,144,15.23613889,0,0,674.233,3041.058021,1262.948,11894.199,30617.045,1.039602341,1,1,2.429332964
s1-load60,shortest_estimate+topology_aware+easy_predicted,4,0.2094494997,0.1917323133,0,0.01464430174,0.002649006623,0.000423878045,2000,1600,0,34.47758625,0,0,869.291,2623.414449,1471.155,8961.763,14721.417,1.028678813,1,1,1.892823657,1.028678813,2082.21487,354,143.0795791,677.936,0.5875734944,0.05673199029,0.06739209832,0.9853556983,68.29388222,0,0,68.29385511,2.711111111e-05,0,0,0,0,0.999576122,1.056406932,0.9973509934,0.002649006623,755,293911.957,48,23,2242,615,40.1511122,0,0,1020.58,2003.657177,915.598,7971.136,12638.232,1.035239039,1,1,2.272028356,495,28.46981616,0,0,535.313,3663.779602,2176.335,11807.192,21983.224,1.011561082,1,1,1.252021811,334,22.03826347,0,0,677.936,2339.944874,1534.37,7739.013,12069.118,1.023313218,1,1,1.868043569,156,57.80682692,0,246.242,2362.82,2372.445276,1518.01,7447.028,10614.647,1.06862014,1,1.354427488,3.001959124,845,30.9918142,0,0,676.349,2735.254273,1491.576,9458.393,14774.058,1.027932236,1,1,1.892823657,608,40.67693586,0,0,1062.201,2513.381576,1467.422,7971.136,13385.698,1.026479945,1,1,1.74044893,147,28.874,0,0,1157.276,2435.627612,1393.713,10582.297,14646.018,1.042065,1,1.078516874,2.566384798
s1-load60,shortest_estimate+topology_aware+easy_predicted,5,0.1988482471,0.1917323133,0,0.007100319432,0,1.561440202e-05,2000,1600,0,9.15199,0,0,226.749,2176.783689,1434.025,6289.937,11032.485,1.006802012,1,1,1.233473082,1.006802012,2028.036347,334,40.58182036,147.962,0.5361640733,0.03127400054,0.05067705436,0.9928996806,25.78754667,0,0,25.78753511,1.155555556e-05,0,0,0,0,0.9999843856,1.009291772,1,0,754,268192.58,24,11,2164,639,9.688815336,0,0,405.833,2127.877831,1335.485,6150.542,14041.681,1.01052904,1,1,1.374492927,486,16.8274321,0,0,401.655,1817.813755,1242.603,5342.226,8960.35,1.00725942,1,1,1.250000973,322,0.5363602484,0,0,0,2751.813584,2201.813,7426.538,11427.432,1.001364984,1,1,1,153,0.661379085,0,0,16.959,2311.101366,1478.383,6827.049,14317.204,1.001225878,1,1,1.005432081,846,10.16600946,0,0,363.929,2215.063963,1410.187,6506.459,12341.63,1.006489661,1,1,1.250000973,602,9.579003322,0,0,80.638,2097.350477,1480.034,6150.542,9992.605,1.008252528,1,1,1.167034371,152,1.816973684,0,0,84.232,2278.321066,1420.615,6880.407,14738.915,1.002795683,1,1,1.182127181
s1-load60,shortest_estimate+topology_aware+easy_predicted,6,0.231766928,0.2045889677,0.01208082402,0.01508867217,0,8.464105728e-06,2000,1600,0,21.7646,0,36.644,662.722,1934.21335,1101.481,6301.278,12447.356,1.033968917,1,1.06705523,2.042591204,1.033968917,2075.146015,388,81.32109536,630.996,0.6352356441,0.05790099864,0.07294112897,0.9849113278,52.08941111,0,0,52.08935289,5.822222223e-05,0,0,0,0,0.9999915359,1.007848285,1,0,808,218789.027,76,24,2283,647,20.12603246,0,28.216,791.787,2073.821938,1148.31,6666.075,12447.356,1.036832273,1,1.042394627,1.803328269,472,19.46937076,0,83.196,630.996,1804.772494,1078.491,5851.818,12307.186,1.033173421,1,1.102317128,2.170703259,318,14.20818553,0,0,410.688,1260.010396,940.259,3418.959,5228.839,1.028758284,1,1.028242024,1.990544774,163,49.6568773,0,203.127,1898.543,3070.200264,1361.933,9437.198,27378.452,1.035072378,1,1.185885967,2.066277064,792,24.57517929,0,92.346,791.787,2024.137418,1111.569,6602.339,16868.975,1.041048753,1,1.087255532,2.129231616,644,19.18376242,0,0,651.621,1813.384882,1053.703,6147.648,9764.293,1.027423275,1,1.006337624,1.872608121,164,18.32606707,0,35.618,661.294,1974.418665,1201.874,6301.278,11842.864,1.025482111,1,1.178069369,1.617719581
s1-load60,shortest_estimate+topology_aware+easy_predicted,7,0.198968241,0.1917323133,0,0.00348256952,0.003722084367,3.127381403e-05,2000,1600,0,24.40587375,0,0,840.744,3811.968301,1438.199,14234.425,41541.625,1.024936269,1,1,1.377104524,1.024936269,2040.148031,369,100.9390461,635.385,0.5616439737,0.04046655676,0.05694530573,0.9965174305,23.42527333,0,0,23.42524897,2.436363637e-05,0,0,0,0,0.9999687262,1.015930156,0.9962779156,0.003722084367,806,489567.195,32,14,2113,632,34.12188766,0,0,1127.664,3346.134924,1343.599,12931.765,31856.608,1.031285075,1,1,1.417003294,504,15.6083869,0,0,382.465,5630.904732,1831.644,29959.521,68088.711,1.023599255,1,1,1.250001161,308,16.08846429,0,0,890.769,2485.512919,997.192,9426.24,22586.95,1.015114148,1,1,1.220063994,156,29.88776282,0,0,1779.829,2441.525936,1400.112,8824.704,13588.796,1.022927443,1,1,1.48544508,794,15.59005919,0,0,667.305,3950.055404,1471.783,13521.065,46953.934,1.022568251,1,1,1.337330134,644,21.78997516,0,0,890.769,3716.259894,1368.23,15038.545,41541.625,1.023774791,1,1,1.377104524,162,78.01325309,0,0,4877.709,3515.641475,1429.994,12591.094,29227.13,1.041159717,1,1,2.116393098
s1-load60,shortest_estimate+topology_aware+easy_predicted,8,0.2057659067,0.1917323133,0,0.01277141528,0.00125,1.217808834e-05,2000,1600,0,4.270003125,0,0,64.408,1522.284684,720.544,5439.346,12122.439,1.009135273,1,1,1.25,1.009135273,2017.060317,390,17.09740256,40.594,0.5445803181,0.01496960942,0.05102132742,0.9872285847,33.33804,0,0,33.33802667,1.333333334e-05,0,0,0,0,0.9999878219,1.009649615,0.99875,0.00125,800,184160.024,22,12,2112,674,3.166060831,0,0,76.553,1198.836458,590.149,4791.505,8373.706,1.013009724,1,1,1.250000343,490,2.042840816,0,0,45.106,1370.108916,653.171,4270.192,12710.929,1.003327995,1,1,1.134697607,303,10.68951815,0,0,302.439,2219.25337,1054.794,7770.511,13651.835,1.009510566,1,1,1.131505592,133,3.444842105,0,0,178.051,2134.229932,1021.197,9774.231,14700.107,1.010041087,1,1,1.34225877,800,4.7536825,0,0,64.408,1547.916481,689.532,5458.441,12823.07,1.011534925,1,1,1.25,629,3.004411765,0,0,76.553,1516.361188,765.85,5373.781,11138.25,1.005539183,1,1,1.250002395,171,6.662479532,0,0,45.106,1424.158608,718.429,5628.353,8705.806,1.011136554,1,1,1.228961305
s1-load60,shortest_estimate+topology_aware+easy_predicted,9,0.2098091649,0.1926808453,0,0.01555405136,0.001259445844,0.0003148224405,2000,1600,0,43.73655625,0,0,1943.391,2453.416246,1191.835,8409.476,16043.629,1.058140821,1,1.004947168,2.345605671,1.058140821,2196.159368,346,192.837078,1698.618,0.5964407722,0.05889710327,0.05848003297,0.9844459486,69.05712444,0,0,69.05708756,3.68888889e-05,0,0,0,0,0.9996851776,1.041977167,0.9987405542,0.001259445844,794,268542.837,50,22,2466,645,54.05065736,0,50.414,2080.641,2449.188857,1251.246,7664.233,16787.21,1.076697767,1,1.103856305,3.509992862,474,26.75268565,0,0,850.336,2398.705011,1132.745,8944.96,14205.932,1.035799795,1,1,1.489748817,330,44.47242727,0,0,2081.961,2783.335706,1431.772,10337.73,19937.814,1.065316827,1,1.004390383,2.516866696,151,51.38504636,0,82.644,2592.164,1922.200152,839.79,8312.393,13637.962,1.033321843,1,1.081411951,2.327264885,806,53.01058313,0,21.054,2565.537,2532.717996,1214.729,9007.972,15767.555,1.063578237,1,1.097553997,2.31706479,627,34.62404944,0,0,903.677,2450.119388,1208.382,7934.087,16787.21,1.057066094,1,1,2.327264885,167,33.18970659,0,0,786.68,2083.056485,1052.493,7283.418,16394.706,1.035933017,1,1,2.733944321
s1-load60,shortest_estimate+topology_aware+easy_predicted,10,0.3808286122,0.2396654948,0.09860720403,0.03715554779,0.005201560468,0.0001988051644,2000,1600,0,85.88171312,0,299.099,2381.757,2925.692823,1379.379,11279.818,22485.203,1.073564067,1,1.250000538,2.883289941,1.073564067,2175.115836,352,354.2747926,2293.792,0.6916393915,0.08618365285,0.06651237792,0.9628444522,228.53102,0,0,228.5309596,6.044444445e-05,0,0,0,0,0.9998011948,1.033311029,0.9947984395,0.005201560468,769,360863.704,101,57,2533,626,64.69402396,0,197.988,2084.938,2834.764034,1559.29,9729.076,17857.346,1.0771797,1,1.250000089,3.075737327,484,130.6428182,0,754.344,3039.434,3939.595868,1347.047,14858.427,27997.794,1.088654278,1,1.351865469,3.047453274,343,84.71669388,0,225.107,2430.731,2294.926181,1345.24,6728.406,14139.996,1.054245337,1,1.154018747,2.79475307,147,31.4512381,0,53.267,932.535,1446.409197,950.998,3778.48,8666.239,1.053559139,1,1.23614634,2.121976192,831,77.76905535,0,202.93,2036.137,2826.831994,1359.414,11329.317,20582.704,1.073207964,1,1.182934047,3.047453274,627,104.5398214,0,656.276,2474.243,3046.532494,1390.08,10982.034,24908.175,1.081924717,1,1.428424213,2.883289941,142,50.97315493,0,43.681,1492.638,2970.670817,1314.936,10692.694,19281.967,1.038731632,1,1.00876875,2.113837472
s1-load60,shortest_estimate+topology_aware+easy_predicted,11,0.2263186978,0.1963025346,1.21981904e-05,0.02505592534,0.004932182491,1.585716934e-05,2000,1600,0,47.29968813,0,0.037,1569.64,2840.066112,1469.175,9841.068,21926.507,1.033707343,1,1.023836469,2.038135925,1.033707343,2054.252405,333,206.4299279,1559.579,0.5884370998,0.04475109963,0.05685375362,0.9749440747,116.2649444,0,0,116.26488,6.444444446e-05,0,0,0,0,0.9999841428,1.010662864,0.9950678175,0.004932182491,811,324176.36,62,29,2225,640,50.49217188,0,0,2034.579,3332.310488,1615.478,11659.791,26817.081,1.034894154,1,1.011304481,2.009244457,470,48.74907021,0,18.518,1588.582,2184.353911,1404.213,6987.666,10328.257,1.028740749,1,1.079034875,2.038135925,327,26.0213945,0,0,655.501,2563.546202,1252.034,9933.5,21926.507,1.039710072,1,1,2.58018104,163,73.27271166,0,20.888,1974.709,3352.767613,1821.899,11052.617,25425.573,1.031326044,1,1.116622545,2.149315582,789,46.15794804,0,45.154,1974.709,2927.712539,1498.892,10278.899,24400.136,1.042411356,1,1.067478952,2.327379076,653,48.9507856,0,0,1588.582,2565.784214,1393.661,8679.893,17302.729,1.022843638,1,1,1.581572037,158,46.17732278,0,20.888,1486.261,3535.971481,1901.144,14119.809,26474.038,1.035141096,1,1.079034875,1.792511982
s1-load60,shortest_estimate+topology_aware+easy_predicted,12,0.2022817726,0.1917323133,0,0.01048080988,0,6.864939973e-05,2000,1600,0,11.47238313,0,0,396.63,2510.527667,1326.021,8756.039,18503.24,1.01627907,1,1,1.440705603,1.01627907,2039.955707,349,47.32204585,231.894,0.5272941292,0.03541792587,0.05804597293,0.9895191901,41.56849778,0,0,41.56844978,4.8e-05,0,0,0,0,0.9999313506,1.022796536,1,0,823,299786.219,35,12,2138,597,15.7600201,0,0,637.508,1493.009479,900.508,5012.53,9913.322,1.023773822,1,1,2.015443127,519,9.803859345,0,0,396.63,3704.367782,1708.367,14151.868,23590.014,1.018067176,1,1,1.529573425,324,4.555574074,0,0,0,2778.740605,1953.291,8169.658,11913.327,1.000955504,1,1,1,160,14.89295,0,0,460.267,1891.492338,1279.931,5250.176,12484.475,1.013544323,1,1,1.377918066,777,12.32053797,0,0,421.597,2493.740676,1342.749,9178.993,20072.319,1.019113772,1,1,1.591524571,660,12.38730455,0,0,526.233,2495.889247,1369.894,8756.039,16639.112,1.015839825,1,1,1.440705603,163,3.724748466,0,0,138.128,2649.821227,1184.832,8695.297,28479.054,1.004544945,1,1,1.25
s1-load60,shortest_estimate+topology_aware+easy_predicted,13,0.1975561951,0.1917323133,0,0.005784940922,0,3.894086551e-05,2000,1600,0,6.075065625,0,0,236.59,2100.375818,1316.638,6532.699,12617.202,1.0085979,1,1,1.25000012,1.0085979,2016.89501,351,26.25287749,217.794,0.597733741,0.01989268805,0.05655571887,0.9942150591,21.39406889,0,0,21.39405289,1.600000001e-05,0,0,0,0,0.9999610591,1.017613154,1,0,813,241043.138,33,10,2103,628,3.32506051,0,0,68.679,2110.336268,1449.363,6161.729,10829.723,1.003044258,1,1,1.099813282,479,5.575572025,0,0,254.638,1936.970307,1046.241,6360.084,13717.918,1.009708391,1,1,1.382472142,328,7.597792683,0,0,271.211,1834.160277,1158.894,5083.591,9042.548,1.011515874,1,1,1.25,165,14.9648,0,0,520.66,3066.041121,1953.902,10146.53,17191.957,1.020711031,1,1,1.471901106,787,5.589825921,0,0,217.794,2098.970033,1329.543,6505.021,12617.202,1.008615203,1,1,1.250000098,643,6.75559409,0,0,254.638,2061.8883,1300.24,6743.422,10829.723,1.007445935,1,1,1.250000435,170,5.747441176,0,0,408.467,2252.457153,1267.932,6747.896,17191.957,1.012874938,1,1,1.388017323
s1-load60,shortest_estimate+topology_aware+easy_predicted,14,0.2247969986,0.1979074225,0,0.02662243066,0,0.0002671453852,2000,1600,0,27.85318063,0,0,730.341,2010.06284,1017.823,7099.394,14202.218,1.04563898,1,1.03220693,2.261341432,1.04563898,2074.822705,378,108.4378492,610.701,0.5955965382,0.04856665321,0.06682476731,0.9733775693,100.2445311,0,0,100.2444885,4.258585862e-05,0,0,0,0,0.9997328546,1.046650917,1,0,795,233813.236,70,32,2248,594,25.85389057,0,0,856.927,1425.369741,650.228,5242.176,11926.055,1.066377729,1,1.036639656,2.516242159,514,28.33567315,0,0,730.341,2378.855455,1442.783,7672.085,13281.989,1.018847557,1,1.003094368,1.578343135,336,15.32425298,0,0,398.028,1623.464586,898.267,5344.919,10684.585,1.050162196,1,1,2.353150954,156,60.86149359,0,184.3,1701.071,3853.943032,1525.556,18190.113,31756.379,1.045204191,1,1.138770402,2.269244688,805,36.82788571,0,85.759,1084.418,2037.673888,1020.853,7099.394,13414.566,1.058663208,1,1.100000077,2.316700601,635,22.11725512,0,0,563.451,1913.555057,1030.319,6933.633,15058.718,1.039198249,1,1,2.261341432,160,5.46365,0,0,236.915,2254.160019,898.267,7907.514,25809.39,1.005672483,1,1,1.294481296
s1-load60,shortest_estimate+topology_aware+easy_predicted,15,0.416106421,0.2468368288,0.1217923375,0.04128431741,0.004975124378,0.001217812936,2000,1600,0,112.7822156,0,369.425,2522.963,3197.851007,1588.899,11799.351,22432.7,1.085449549,1,1.287403383,3.145072559,1.085449549,2148.020041,357,461.926479,2482.944,0.6447226739,0.1028078269,0.07267511495,0.9587156826,240.24686,0,0,240.2468129,4.711111119e-05,0,0,0,0,0.9987821871,1.095544415,0.9950248756,0.004975124378,804,354794.792,106,53,2481,654,88.75957187,0,285.744,1536.508,2660.070113,1490.521,10022.685,16133.945,1.064011104,1,1.250562644,2.776300604,498,177.6108835,0,772.06,4057.098,4383.055886,2294.342,14439.126,31175.723,1.087646075,1,1.466878094,3.145072559,299,93.17226421,0,283.64,2063.711,2065.197137,917.317,7387.462,18554.695,1.147590872,1,1.250001015,6.873493532,149,40.89971812,0,235.779,670.198,3869.932772,1923.93,15393.483,28341.376,1.047507391,1,1.367119489,2.422795366,796,161.718608,0,568.599,4057.098,3511.509985,1637.74,13386.654,28341.376,1.093797773,1,1.418973375,3.145072559,652,68.32033282,0,161.943,1477.428,3045.041538,1612.612,11122.446,16898.766,1.084280825,1,1.215169032,3.59751081,152,47.22813158,0,0,1972.437,2210.740664,1119.915,7782.153,23793.308,1.046744435,1,1.243805387,2.403498163
s1-load60,shortest_estimate+topology_aware+easy_predicted,16,0.3359019761,0.2371479079,0.07329661832,0.01770281696,0.007462686567,0.0002919463495,2000,1600,0,61.08180062,0,222.326,1298.449,1704.444619,806.815,6375.212,13222.928,1.061375832,1,1.2368698,2.63494336,1.061375832,2138.538437,364,220.1757665,1044.554,0.7063488066,0.09363727348,0.06994004887,0.982297183,61.47754889,0,0,61.47749079,5.810101012e-05,0,0,0,0,0.9997080537,1.044637763,0.9925373134,0.007462686567,804,179545.735,103,47,2500,625,65.905888,0,114.576,1435.038,1471.676533,643.8,6153.888,13741.928,1.048021234,1,1.213313635,2.201728869,493,63.81888032,0,346.988,1298.449,2040.797389,908.442,8071.538,14200.291,1.089575039,1,1.25,4.293631339,322,40.66413043,0,111.271,813.845,1459.64868,766.86,5385.714,8296.363,1.04301709,1,1.186672914,1.912411014,160,74.89464375,0,240.36,3028.85,2069.959812,1243.799,5723.644,18847.255,1.063600393,1,1.165958273,3.147445099,796,56.51079271,0,270.149,1101.702,1754.234835,781.848,6817.806,15188.574,1.063084949,1,1.25,3.005481535,633,46.78406161,0,134.645,1298.449,1641.238251,836.138,6266.024,10791.083,1.052498743,1,1.213181973,2.07230965,171,135.2864269,0,344.717,6399.779,1706.64707,756.681,6468.16,13222.928,1.086280745,1,1.583974399,3.147445099
s1-load60,shortest_estimate+topology_aware+easy_predicted,17,0.2399882013,0.1991502422,0.01141486876,0.02549643744,0.003856041131,7.061177053e-05,2000,1600,0,41.72716937,0,34.624,1505.309,2825.915141,1565.379,10080.23,17959.994,1.039132865,1,1.038688987,2.062550574,1.039132865,2063.467074,372,137.8851478,1064.699,0.6445479689,0.05719280332,0.06865575088,0.9745035626,138.8533,0,0,138.8532573,4.266666667e-05,0,0,0,0,0.9999293882,1.020654142,0.9961439589,0.003856041131,778,321483.981,66,33,2233,628,45.86510828,0,0,1672.715,3021.874247,1821.18,11343.957,16559.718,1.042092273,1,1.038688987,2.391146126,486,55.07811934,0,0,2199.846,3324.036782,1955.38,11602.581,19853.406,1.046247616,1,1.001322498,1.795499413,340,21.75027353,0,67.991,691.483,1884.728768,839.286,5973.188,19778.328,1.029533126,1,1.102710808,1.945043514,146,26.00769863,0,95.74,812.09,2516.695486,1756.807,7947.85,12275.745,1.02507556,1,1.074068899,2.267531989,822,32.945118,0,0,1185.484,2783.751777,1589.456,9782.578,16559.718,1.02674698,1,1.009072574,1.810977137,617,52.40775041,0,105.935,2173.131,2896.654875,1567.183,10947.309,20333.224,1.053949785,1,1.116613793,2.26940277,161,45.6335528,0,83.278,2016.953,2770.088236,1464.952,10080.23,21302.621,1.04558726,1,1.074068899,2.370728576
s1-load60,shortest_estimate+topology_aware+easy_predicted,18,0.2156114203,0.1917323133,0,0.007909976921,0.002522068096,0.01344706195,2000,1600,0,33.23799188,0,0,664.857,3991.824664,1535.969,16317.72,34132.782,1.100559289,1,1,1.493373295,1.100559289,2165.153005,356,131.1061854,457.944,0.5305734396,0.01798258228,0.05275628212,0.9920900231,51.06320444,0,0,51.06318533,1.911111113e-05,0,0,0,0,0.9865529381,1.29803267,0.9974779319,0.002522068096,793,493154.151,26,11,2117,654,25.73922936,0,0,457.944,6418.588023,2871.397,22320.278,46925.048,1.011516366,1,1,1.303664178,489,60.59900204,0,0,1696.137,2628.691748,1104.002,10517.728,15435.167,1.302179933,1,1,2.697445731,318,20.38328616,0,0,593.376,1423.021667,985.413,4132.941,7577.023,1.016204596,1,1,1.617508086,139,1.672906475,0,0,0,3246.127633,1430.483,15008.808,17876.58,1.003195037,1,1,1.1941101,807,36.23268897,0,0,664.857,3608.179265,1446.8,15355.238,25980.821,1.166607176,1,1,1.373907384,633,30.02168404,0,0,593.376,4544.45836,1625.19,18594.231,38563.639,1.035890662,1,1,1.969189333,160,30.85800625,0,0,1731.075,3740.479087,1667.208,11371.559,46925.048,1.023275513,1,1,1.303664178
s1-load60,shortest_estimate+topology_aware+easy_predicted,19,0.1935692588,0.1917323133,0,0.001805129487,0,3.181597108e-05,2000,1600,0,8.841393125,0,0,115.005,2582.254529,1064.927,8724.271,24248.916,1.012201264,1,1,1.25000006,1.012201264,2021.878819,338,30.77976331,0,0.5329839354,0.01653142216,0.0420583768,0.9981948705,8.250266667,0,0,8.250262222,4.444444447e-06,0,0,0,0,0.999968184,1.015331882,1,0,831,341021.573,17,3,2079,656,13.22460366,0,0,331.094,3730.02346,1573.692,13193.53,42543.581,1.012910026,1,1,1.25000006,468,5.225833333,0,0,244.148,1635.405128,602.056,6975.626,15676.654,1.017394559,1,1,1.367441197,316,9.359256329,0,0,115.005,2085.290778,989.637,7236.443,17476.555,1.008187808,1,1,1.135912733,160,0.4229625,0,0,28.178,1627.439819,805.987,5193.401,13557.773,1.00203153,1,1,1.028523765,769,12.29621196,0,0,244.148,2522.625568,1114.41,8050.633,22292.51,1.014801436,1,1,1.25000006,662,6.525456193,0,0,115.005,2644.705193,1008.863,10028.385,28158.885,1.011055023,1,1,1.250001574,169,2.192840237,0,0,39.496,2608.954716,1061.406,10019.401,27094.338,1.004859723,1,1,1.296520969
s1-load60,shortest_estimate+topology_aware+easy_predicted,20,0.1987646859,0.1917323133,0,0.006905385338,0,0.0001269872524,2000,1600,0,25.81879562,0,0,863.918,3102.770097,1496.866,11490.273,23735.158,1.025381727,1,1,1.611766686,1.025381727,2040.610763,353,105.5847705,810.916,0.5902803773,0.06019135804,0.05875366428,0.9930946147,36.59672444,0,0,36.59669992,2.452525253e-05,0,0,0,0,0.9998730127,1.030489031,1,0,803,348693.455,58,25,2221,645,31.9296031,0,17.851,879.115,5128.590964,2766.558,18420.982,38188.694,1.021757548,1,1.021180179,1.601800874,467,25.51418844,0,0,952.456,1331.399548,859.022,4385.918,7238.014,1.032729897,1,1,1.952052734,310,19.0204871,0,0,424.48,2433.578129,1596.202,7988.986,11257.953,1.011886733,1,1,1.099775047,178,16.31461798,0,0,459.576,1574.821202,725.966,6560.271,12278.935,1.042738179,1,1,1.913625453,797,26.26240903,0,0,917.855,3049.592575,1437.255,11672.004,21219.024,1.02137696,1,1,1.700287186,621,26.2356087,0,0,810.916,3317.426932,1573.715,12521.309,28467.479,1.0301155,1,1,1.781641047,182,22.45395604,0,0,856.973,2603.212901,1430.968,8260.604,26503.318,1.026767034,1,1,1.377196601
s1-load60,shortest_estimate+topology_aware+none,1,0.1978000493,0.1917323133,0,0.0059736608,0,9.407517549e-05,2000,1600,0,15.5494825,0,0,600.195,3192.019495,1276.245,9459.182,46326.346,1.016075743,1,1,1.404238168,1.016075743,2025.721189,370,38.0153973,218.764,0.5367731217,0.01565202256,0.05512041083,0.9940263392,33.67597778,0,0,33.67596133,1.644444445e-05,0,0,0,0,0.9999059248,1.021576778,1,0,812,420102.159,0,0,2086,647,21.11559815,0,0,788.691,2308.983697,1520.013,7457.447,15033.631,1.026843317,1,1,1.610599565,468,6.700839744,0,0,280.287,1602.114949,904.796,5969.06,9235.755,1.005155304,1,1,1.243178243,333,12.47504805,0,0,385.215,7255.843868,1323.259,46326.346,86400,1.006769345,1,1,1.225224553,152,25.83681579,0,80.382,806.907,2942.979842,1843.322,10223.501,15590.314,1.02425453,1,1.148968661,1.600195546,788,15.11000127,0,0,681.8,3181.450459,1334.095,9325.932,48633.587,1.013357488,1,1,1.332338436,648,14.4591929,0,0,558.431,3114.595378,1197.008,10238.91,44785.025,1.011779852,1,1,1.404238168,164,21.96910976,0,0,749.817,3548.722104,1206.785,9059.982,67156.945,1.046110638,1,1,1.80399485
s1-load60,shortest_estimate+topology_aware+none,2,0.8169948087,0.3224085629,0.4680613792,0.0161655471,0.01026957638,8.974314676e-05,2000,1600,0,229.193825,0,1419.741,5037.873,3461.602781,1628.413,13099.384,27950.921,1.116524515,1,1.681555693,3.231941919,1.116524515,2205.8318,332,417.7714247,3045.374,0.606583804,0.1103640056,0.06108010721,0.9838344529,96.04792222,0,0,96.04786352,5.870707074e-05,0,0,0,0,0.9999102569,1.023345564,0.9897304236,0.01026957638,779,341900.773,0,0,2433,636,273.8958994,0,1669.196,5651.116,4847.418027,2164.537,18504.467,33047.421,1.105973141,1,1.592922739,3.08908572,502,211.265739,0,1197.039,5369.157,2709.748169,1572.517,8540.486,20094.065,1.122870006,1,1.550265257,3.979038668,311,166.2291158,0,1237.439,3727.481,1923.73265,1150.909,6642.706,9216.087,1.131792708,1,1.896789388,3.938697016,151,230.1965033,0,1128.866,7468.771,3291.603636,1660.237,10472.332,30879.571,1.108424049,1,1.750964414,2.580659615,821,252.5272521,0,1720.62,5651.116,3603.346477,1643.928,13303.215,30400.896,1.120378032,1,1.729109361,3.135900906,635,178.285063,0,1248.187,3988.17,3310.969598,1651.025,11357.479,24686.711,1.116523281,1,1.610497756,4.004508189,144,320.6543819,0,985.287,6517.387,3317.717333,1534.581,13173.241,29689.043,1.094559562,1,1.681555693,3.181309056
s1-load60,shortest_estimate+topology_aware+none,3,0.3501782027,0.2396656511,0.0888298599,0.01513299404,0.006468305304,8.139237619e-05,2000,1600,0,62.472785,0,269.442,1782.425,2667.347046,1262.948,9730.159,22570.754,1.08058159,1,1.250001353,3.318638962,1.08058159,2164.003459,377,106.67413,1036.907,0.6109345107,0.05943968566,0.06930002117,0.984867006,69.08816,0,0,69.08811661,4.33939394e-05,0,0,0,0,0.9999186076,1.023123232,0.9935316947,0.006468305304,773,275500.051,0,0,2216,639,65.62405947,0,336.338,1985.694,3832.57864,1799.161,14582.953,30617.045,1.073370649,1,1.272765284,3.318638962,481,67.13187734,0,329.719,1797.639,1693.778807,950.439,5063.214,8895.861,1.096231251,1,1.266135503,4.307526985,318,39.25043082,0,155.537,1043.368,2263.055258,1295.82,8847.126,11829.292,1.071455731,1,1.197118947,2.00868989,162,81.79390123,0,769.564,1498.142,1755.421883,1003.696,5992.224,10478.614,1.080472503,1,1.630171077,2.711606597,827,60.16851391,0,174.453,1608.418,2728.626918,1248.874,9643.327,22691.536,1.070859676,1,1.250000028,2.872169229,629,69.28343084,0,410.004,1788.897,2494.188625,1271.996,9730.159,14694.807,1.086901965,1,1.338841182,3.558917314,144,45.9570625,0,129.255,1012.031,3071.778944,1298.93,11894.199,30617.045,1.108807332,1,1.11597826,4.657040339
s1-load60,shortest_estimate+topology_aware+none,4,0.4277180648,0.2403064426,0.1630637608,0.0185024665,0.005298013245,0.0005473815843,2000,1600,0,80.45785,0,494.611,2038.787,2670.408082,1501.245,9067.284,14759.055,1.073814128,1,1.253343469,2.390876389,1.073814128,2173.310719,354,149.0067147,983.462,0.5909735566,0.06674735584,0.06871873442,0.9814975335,86.62566444,0,0,86.62562048,4.395959598e-05,0,0,0,0,0.9994526184,1.066248572,0.9947019868,0.005298013245,755,293911.957,0,0,2268,615,87.37560813,0,598.686,1952.504,2053.002685,954.269,8014.438,13045.387,1.10655979,1,1.306866468,3.772584653,495,66.48033939,0,405.651,1880.356,3703.283226,2176.335,12235.553,24172.801,1.037806586,1,1.153275515,1.768267987,334,74.86617365,0,494.611,2295.052,2392.638159,1570.89,8411.861,12069.118,1.063481911,1,1.350076299,1.895703006,156,109.5095577,0,739.094,2923.514,2421.730372,1486.887,7598.06,11255.902,1.081096897,1,1.897676499,2.566384798,845,90.53102249,0,503.032,2295.052,2796.604454,1548.857,9762,15148.354,1.09787157,1,1.329144075,2.626387044,608,73.31541283,0,511.469,2038.787,2545.058145,1486.887,7971.136,14593.118,1.037029439,1,1.158980271,2.087519103,147,52.0957483,0,240.843,1547.995,2463.447721,1426.084,10582.297,14646.018,1.087668233,1,1.25,3.772584653
s1-load60,shortest_estimate+topology_aware+none,5,0.201192366,0.1917323133,0,0.009408143366,0,5.190937052e-05,2000,1600,0,26.22407313,0,0,903.649,2194.346295,1456.431,6376.105,11427.432,1.017661301,1,1,1.58174698,1.017661301,2055.220223,334,61.35703593,401.655,0.5374058908,0.03620678951,0.04648772872,0.9905918566,34.24890444,0,0,34.24888756,1.68888889e-05,0,0,0,0,0.9999480906,1.019147581,1,0,754,269382.339,0,0,2144,639,22.55728013,0,0,713.543,2142.171984,1344.598,6150.542,14041.681,1.016899945,1,1,1.692976455,486,31.98183539,0,0,1069.851,1832.900095,1267.847,5342.226,8811.576,1.026517075,1,1.01275222,1.692431672,322,27.26506522,0,0,1026.496,2778.253161,2203.499,7426.538,11427.432,1.010762014,1,1,1.484888641,153,21.05811765,0,0,834.447,2331.498105,1543.269,6880.407,14317.204,1.007231037,1,1,1.438877392,846,25.90719385,0,0,772.666,2231.679086,1425.252,6519.426,12341.63,1.014463526,1,1.01275222,1.524867655,602,32.26545349,0,0,1069.851,2120.112483,1509.771,6150.542,10126.524,1.026291372,1,1,1.976887677,152,4.060710526,0,0,103.369,2280.564803,1477.738,6880.407,14738.915,1.001279813,1,1,1.072763557
s1-load60,shortest_estimate+topology_aware+none,6,0.2975629506,0.2248937072,0.06302739041,0.009623064411,0,1.878859459e-05,2000,1600,0,32.08494938,0,191.177,834.381,1942.821038,1105.118,6382.598,12447.356,1.034583195,1,1.17295673,1.838572572,1.034583195,2081.317713,388,62.5036134,469.371,0.6294380103,0.05617628175,0.06799156606,0.9903769356,33.03759556,0,0,33.03754388,5.167676768e-05,0,0,0,0,0.9999812114,1.012074837,1,0,808,218789.027,0,0,2231,647,33.8411592,0,229.768,915.946,2084.767794,1182.912,6666.075,12447.356,1.030022556,1,1.192916758,1.634477243,472,27.68463136,0,139.685,834.381,1810.804254,1086.88,6220.196,12307.186,1.034634343,1,1.138815635,2.047042707,318,26.62293396,0,183.389,585.339,1272.287748,951.63,3418.959,5228.839,1.042459911,1,1.173112445,2.387442081,163,48.51196319,0,280.587,989.599,3069.826908,1361.933,9437.198,27378.452,1.037170898,1,1.280712167,1.773390009,792,43.24582576,0,354.675,989.599,2040.69264,1116.585,6469.286,16868.975,1.04769829,1,1.207583568,2.387442081,644,20.25398137,0,66.792,667.201,1814.286842,1074.366,6147.648,9764.293,1.022316788,1,1.049555318,1.561553394,164,24.64427439,0,179.07,600.896,1974.904659,1201.874,6483.597,11842.864,1.019414967,1,1.153134726,1.364300253
s1-load60,shortest_estimate+topology_aware+none,7,0.1978356582,0.1917323133,0,0.00359235789,0.002481389578,2.959747301e-05,2000,1600,0,24.19098625,0,0,921.126,3811.604552,1430.671,14187.976,41541.625,1.012733435,1,1,1.287495382,1.012733435,2020.623497,369,68.68960434,243.199,0.5617062848,0.02202933501,0.05232586948,0.9964076421,24.16642,0,0,24.1663903,2.96969697e-05,0,0,0,0,0.9999704025,1.013940828,0.9975186104,0.002481389578,806,489567.195,0,0,2079,632,31.09962975,0,0,728.726,3343.112666,1337.341,13105.294,31856.608,1.011088527,1,1,1.287495382,504,16.76586905,0,0,727.419,5632.062214,1832.096,29959.521,68088.711,1.009905261,1,1,1.250000206,308,21.77433442,0,0,959.262,2489.806763,989.601,9426.24,22586.95,1.015038196,1,1,1.422670383,156,24.96230128,0,0,1779.829,2437.822045,1400.112,8824.704,13588.796,1.023984177,1,1,1.48544508,794,21.88380605,0,0,959.262,3955.849145,1461.252,13585.551,46953.934,1.01126604,1,1,1.25,644,20.06300621,0,0,727.419,3714.77955,1368.23,15038.545,41541.625,1.013316751,1,1,1.377104524,162,51.90901235,0,0,2079.374,3489.537235,1429.994,12591.094,29227.13,1.017606626,1,1.000609834,1.495147702
s1-load60,shortest_estimate+topology_aware+none,8,0.2046952679,0.1917323133,0,0.0117028856,0.00125,1.006897895e-05,2000,1600,0,7.470675,0,0,187.271,1525.468894,720.585,5439.346,12122.439,1.010727998,1,1,1.295113605,1.010727998,2019.040827,390,18.30669744,48.328,0.5433979454,0.02475829225,0.04963909858,0.9882971144,30.51576,0,0,30.51574933,1.066666668e-05,0,0,0,0,0.999989931,1.008767622,0.99875,0.00125,800,184160.024,0,0,2115,674,6.126132047,0,0,211.995,1201.796175,590.149,4791.505,8502.047,1.014759343,1,1,1.495852838,490,4.160228571,0,0,140.141,1372.173041,654.251,4241.558,12710.929,1.005939645,1,1,1.22430924,303,17.58024092,0,0,302.439,2226.144092,1051.609,7770.511,13651.835,1.010410579,1,1,1.295113605,133,3.44918797,0,0,178.051,2134.234278,1021.197,9774.231,14700.107,1.00866292,1,1,1.34225877,800,6.73449625,0,0,128.341,1550.65784,689.532,5458.441,12823.07,1.009860153,1,1,1.250000094,629,7.942615262,0,0,187.271,1520.290211,767.583,5373.781,11138.25,1.011068522,1,1,1.34225877,171,9.178818713,0,0,211.995,1426.674947,718.429,5628.353,8705.806,1.013535519,1,1,1.516703217
s1-load60,shortest_estimate+topology_aware+none,9,0.4456129349,0.2620245511,0.162518139,0.01593007721,0.005037783375,0.0001023841864,2000,1600,0,91.72304813,0,492.956,2236.834,2501.555292,1230.347,8944.96,16394.706,1.083409493,1,1.366616543,3.298202042,1.083409493,2345.133595,346,185.1108526,1391.365,0.5940655295,0.05515453807,0.05802755794,0.9840699228,70.75363556,0,0,70.75359111,4.444444445e-05,0,0,0,0,0.9998976158,1.024811673,0.9949622166,0.005037783375,794,275140.955,0,0,2464,645,110.2273488,0,646.389,2444.891,2505.298053,1310.775,8616.86,16787.21,1.089853957,1,1.499729275,3.073680983,474,73.750327,0,385.266,1842.789,2445.650753,1155.533,9093.721,14205.932,1.069140178,1,1.336432782,3.317408505,330,92.69064848,0,309.787,3026.006,2832.500052,1437.969,11378.759,19937.814,1.095667335,1,1.221549884,3.613711076,151,66.98455629,0,252.325,2291.473,1937.799662,854.983,9239.063,13637.962,1.073885573,1,1.252091766,4.022668701,806,101.5377717,0,566.656,2444.891,2580.840514,1242.176,9142.035,16043.629,1.089084731,1,1.388036681,3.317408505,627,72.94250877,0,349.66,1791.292,2489.347338,1288.154,8173.897,16787.21,1.075004499,1,1.252091766,2.51894763,167,114.8651497,0,632.957,4598.05,2164.731928,1106.064,8321,16394.706,1.087575297,1,1.413728899,3.613711076
s1-load60,shortest_estimate+topology_aware+none,10,0.8221722911,0.3148882156,0.4583690927,0.03433177345,0.01430429129,0.0002789179856,2000,1600,0,193.8953475,0,1390.342,3540.225,3030.144725,1407.641,11442.017,22525.818,1.114969894,1,1.642332532,3.092358313,1.114969894,2282.541775,352,354.6138068,2381.757,0.6898319305,0.1266469446,0.08059114704,0.9656682266,210.5454778,0,0,210.5454241,5.36969697e-05,0,0,0,0,0.999721082,1.043815595,0.9856957087,0.01430429129,769,360863.704,0,0,2525,626,199.2292923,0,1390.342,3540.225,2958.399856,1592.682,10622.366,17857.346,1.123162226,1,1.61673418,3.30854273,484,234.2974236,0,1586.85,4068.457,4044.694269,1351.123,14948.989,28641.323,1.115972597,1,1.642332532,3.092358313,343,182.0477114,0,1469.66,3382.26,2393.101802,1396.759,6871.894,15575.417,1.115297949,1,1.77626658,2.958441227,147,65.80068707,0,271.095,1498.183,1481.682354,1019.909,4028.582,8666.239,1.076015947,1,1.25,2.802533586,831,167.5696992,0,1336.079,2940.005,2912.397297,1371.1,11540.645,20948.599,1.11355112,1,1.617632785,3.092358313,627,232.3542711,0,1395.515,4839.88,3169.735016,1452.387,11442.017,26405.8,1.128979691,1,1.656668162,3.30854273,142,178.1409014,0,1455.437,3382.26,3102.855993,1347.821,10692.694,19281.967,1.061412565,1,1.609399396,1.916030599
s1-load60,shortest_estimate+topology_aware+none,11,0.4876972164,0.2502735677,0.2158440119,0.01168037335,0.009864364982,3.489853597e-05,2000,1600,0,116.4260081,0,654.706,3031.006,2903.890401,1500.992,9933.5,21776.646,1.062857458,1,1.305328055,2.671336303,1.062857458,2101.14911,333,212.8851081,1189.432,0.5805578101,0.07490693622,0.058756257,0.9883196267,53.46595778,0,0,53.46590978,4.800000001e-05,0,0,0,0,0.9999651015,1.016048001,0.990135635,0.009864364982,811,324176.36,0,0,2221,640,125.9272281,0,613.329,3420.384,3400.905845,1675.474,11659.791,26817.081,1.064626025,1,1.314523152,2.738105025,470,94.47892128,0,673.21,2500.825,2222.098728,1426.098,7166.636,10329.32,1.055139817,1,1.278204132,2.286700989,327,107.6888104,0,654.706,1815.723,2644.695826,1292.694,10869.678,20977.915,1.072072702,1,1.327300967,3.680940126,163,159.9316135,0,644.603,5369.517,3438.300387,1824.654,11052.617,25425.573,1.059679686,1,1.298179897,2.149315582,789,116.1572801,0,684.415,3008.608,2994.975711,1566.947,10329.32,24400.136,1.071613046,1,1.403589176,2.709970669,653,120.2707933,0,582.959,3389.024,2627.419046,1418.79,9389.065,17748.181,1.049591861,1,1.254467254,2.664271357,158,101.8777911,0,678.544,3031.006,3591.671949,1977.057,14119.809,26474.038,1.073960469,1,1.327300967,3.90698084
s1-load60,shortest_estimate+topology_aware+none,12,0.199774973,0.1917323133,0,0.008013397027,0,2.926267313e-05,2000,1600,0,19.00755563,0,0,637.508,2517.369194,1319.923,8802.614,18503.24,1.014999328,1,1,1.387838873,1.014999328,2041.364849,349,45.15274212,195.005,0.5261153987,0.039723776,0.05306359857,0.991986603,31.70330667,0,0,31.70327467,3.2e-05,0,0,0,0,0.9999707373,1.014969533,1,0,823,299786.219,0,0,2143,597,17.62423116,0,0,637.508,1495.352477,900.508,5079.019,9913.322,1.02012939,1,1,1.63648403,519,12.52690944,0,0,526.233,3704.40168,1708.367,14151.868,23590.014,1.015169498,1,1,1.526263031,324,29.24761111,0,0,1417.457,2803.432642,1953.291,8407.497,11913.327,1.005083756,1,1,1.186248104,160,24.45456875,0,0,1015.352,1901.053956,1279.931,5525.849,12484.475,1.015384825,1,1,1.447595278,777,23.68641441,0,0,661.282,2504.652475,1342.4,9749.628,20072.319,1.016876556,1,1,1.526263031,660,16.44944091,0,0,637.508,2500.571759,1369.894,8756.039,16639.112,1.015669373,1,1,1.377809857,163,7.06204908,0,0,129.565,2646.002307,1178.632,8695.297,28479.054,1.003337755,1,1,1.141609295
s1-load60,shortest_estimate+topology_aware+none,13,0.202261089,0.1917323133,0,0.00924088785,0.0012300123,5.78755704e-05,2000,1600,0,14.23470187,0,0,470.924,2108.929614,1320.233,6609.935,12617.202,1.014481796,1,1,1.539419387,1.014481796,2030.422646,351,27.74756125,217.794,0.5997738197,0.02438718712,0.05856197896,0.9907591122,34.29418,0,0,34.29417067,9.333333339e-06,0,0,0,0,0.9999421244,1.021119559,0.9987699877,0.0012300123,813,241043.138,0,0,2107,628,9.373617834,0,0,235.282,2119.001909,1449.363,6179.046,10829.723,1.007761554,1,1,1.29446453,479,14.63426722,0,0,438.342,1947.843879,1046.241,6418.545,13717.918,1.014754071,1,1.010963039,1.639203856,328,17.64421341,0,0,583.039,1844.810841,1159.801,5100.663,9042.548,1.019624961,1,1.022093959,1.548243897,165,24.79863636,0,97.833,924.176,3063.266721,1974.263,10146.53,17191.957,1.029045034,1,1.049237479,1.923369397,787,14.01790216,0,0,470.924,2105.646253,1330.096,6516.54,12617.202,1.012264146,1,1,1.451828438,643,14.49830949,0,51.837,474.305,2070.21517,1300.24,6743.422,10829.723,1.014622268,1,1.036830878,1.54874872,170,14.2413,0,0,520.66,2270.561335,1267.932,6747.896,17191.957,1.024216895,1,1.040434998,1.682775323
s1-load60,shortest_estimate+topology_aware+none,14,0.3911901817,0.2531735216,0.109606675,0.02445451564,0.003773584906,0.0001818845741,2000,1600,0,57.32672438,0,332.463,1386.416,2038.475414,1038.892,7136.385,14323.807,1.071729732,1,1.320453069,2.54457406,1.071729732,2117.832803,378,114.732037,731.686,0.5942818345,0.0588298778,0.06502333993,0.9755454844,91.8768,0,0,91.87676178,3.822222225e-05,0,0,0,0,0.9998181154,1.038103932,0.9962264151,0.003773584906,795,233813.236,0,0,2236,594,51.17608586,0,309.622,1107.022,1449.536002,655.504,5242.176,11861.555,1.091925462,1,1.40004891,2.745169872,514,54.37516148,0,322.961,1650.489,2403.870625,1468.144,7672.085,13281.989,1.051845993,1,1.217766302,2.021687452,336,36.95508631,0,209.355,1021.716,1642.832982,901.475,5344.919,10684.585,1.069449342,1,1.391218188,2.612015016,156,134.348859,0,586.451,3933.597,3929.198038,1588.05,18190.113,31756.379,1.065256582,1,1.311253115,2.162176471,805,62.5984087,0,331.792,1530.429,2060.450437,1043.849,7136.385,13281.989,1.073381061,1,1.391218188,2.598800741,635,53.53475906,0,434.319,1128.253,1945.660506,1050.177,6993.115,15461.498,1.07749314,1,1.256217764,2.54457406,160,45.852925,0,206.624,1545.971,2296.272744,928.567,7907.514,26021.997,1.040547954,1,1.146170327,2.472689948
s1-load60,shortest_estimate+topology_aware+none,15,1.013769358,0.3483163988,0.593549109,0.04376039291,0.02611940299,0.002024054196,2000,1600,0,384.4975125,0,1800.375,8364.662,3471.620458,1633.793,12821.99,27195.313,1.15285033,1,1.81668073,4.314882398,1.15285033,2252.242484,357,482.0248431,2597.757,0.6468847123,0.1490224813,0.07856648971,0.9562396071,255.3153511,0,0,255.3152995,5.163636373e-05,0,0,0,0,0.9979759458,1.135255552,0.973880597,0.02611940299,804,354794.792,0,0,2480,654,327.3618089,0,1626.699,7664.789,2899.633086,1549.277,10733.703,17735.803,1.154064715,1,1.816980936,4.420894162,498,542.6835643,0,2597.757,18317.055,4751.932821,2365.561,16102.901,34067.59,1.137849256,1,1.865468888,3.624213244,299,298.2535686,0,1675.408,7988.427,2273.973709,935.203,8938.753,21375.081,1.215934292,1,2.168074783,6.873493532,149,279.6454027,0,1472.993,8215.335,4106.389336,1923.93,17384.975,28341.376,1.071066589,1,1.549772658,2.508504608,796,441.2291256,0,2442.542,8892.775,3792.812835,1661.114,14275.11,31425.51,1.152350272,1,1.884203602,3.902486645,652,370.609566,0,1770.512,8950.976,3350.354067,1682.185,11653.745,23483.312,1.171090811,1,1.865468888,5.418685596,152,146.9749934,0,464.656,4381.654,2309.755684,1133.431,7782.153,23793.308,1.077226996,1,1.288066621,2.3742192
s1-load60,shortest_estimate+topology_aware+none,16,0.6756750131,0.3309757834,0.2907267247,0.04145530022,0.01119402985,0.001323174935,2000,1600,0,162.7207531,0,881.843,3089.953,1813.850038,837.421,6569.713,15881.989,1.130404799,1,1.72623893,3.672077832,1.130404799,2290.827151,364,271.1656978,1381.641,0.7159042071,0.1410432257,0.07584369769,0.9585446998,147.5315,0,0,147.531424,7.600000002e-05,0,0,0,0,0.9986768251,1.094258895,0.9888059701,0.01119402985,804,179545.735,0,0,2623,625,142.9791632,0,662.938,2937.949,1562.588568,657.462,5909.259,18339.804,1.108231181,1,1.574480181,2.984649664,493,195.6547383,0,1127.642,4657.482,2179.223933,942.531,8953.318,15881.989,1.158596454,1,1.845907924,4.622251336,322,173.2486149,0,1147.542,2983.418,1593.098568,833.37,5746.573,9559.744,1.163593685,1,1.868430896,4.394148613,160,117.171175,0,500.748,2866.96,2113.794175,1256.383,5860.344,18847.255,1.063362327,1,1.291494538,2.450231915,796,157.7906043,0,815.484,3087.392,1865.699111,805.314,7377.915,16231.097,1.155416151,1,1.758562882,4.911323157,633,177.6080363,0,970.29,3590.493,1779.444327,879.561,6370.276,15727.728,1.10937401,1,1.587367611,2.700098725,171,130.561386,0,754.921,2937.949,1699.855614,771.016,5838.27,13372.878,1.091828505,1,1.769185686,2.434188334
s1-load60,shortest_estimate+topology_aware+none,17,0.6446057897,0.2843880873,0.3190146579,0.02687626093,0.01413881748,0.0001879661824,2000,1600,0,132.3171256,0,967.647,3118.162,2916.554438,1624.617,10140.571,17959.994,1.080404101,1,1.483255912,2.765142298,1.080404101,2129.205951,372,167.7631022,1353.538,0.645444741,0.08031661308,0.06800242039,0.9731237391,146.5753422,0,0,146.5752938,4.844444445e-05,0,0,0,0,0.9998120338,1.034939674,0.9858611825,0.01413881748,778,321483.981,0,0,2253,628,141.153414,0,1092.475,2679.326,3119.370545,1959.229,11360.163,16559.718,1.086278165,1,1.554486072,3.061981756,486,145.3832695,0,1024.041,3572.308,3410.324438,2087.487,11491.097,19853.406,1.090200038,1,1.40030429,2.622616003,340,91.76231471,0,417.242,2267.361,1956.072029,839.286,6465.064,19778.328,1.053394768,1,1.470330057,2.192041666,146,145.2575411,0,967.647,3316.634,2637.261863,1850.123,7947.85,13869.317,1.085427631,1,1.441561866,3.097928162,822,107.5073504,0,787.946,2318.446,2858.251843,1652.899,9964.892,16559.718,1.061180667,1,1.405463484,2.294226835,617,162.6986532,0,1253.26,3572.308,3007.156551,1608.333,10947.309,20333.224,1.106544845,1,1.677256399,3.272380287,161,142.5545963,0,1112.752,3265,2867.00928,1516.343,10812.492,21302.621,1.078371945,1,1.384995385,3.830905433
s1-load60,shortest_estimate+topology_aware+none,18,0.4216255873,0.2319123782,0.1490279295,0.007724864505,0.01765447667,0.01530593842,2000,1600,0,178.3148506,0,452.037,6548.604,4135.632882,1606.921,16690.733,34132.782,1.209540149,1,1.209563345,5.141136797,1.209540149,2339.650953,356,214.3246011,738.813,0.5304795311,0.0499450478,0.06449900028,0.9922751355,49.8589,0,0,49.85887608,2.391919193e-05,0,0,0,0,0.9846940616,1.329348421,0.9823455233,0.01765447667,793,493154.151,0,0,2128,654,220.9076942,0,621.577,7124.207,6610.702318,3071.286,22692.146,46925.048,1.120650633,1,1.16852914,4.40149427,489,168.8460798,0,524.241,7459.011,2737.436209,1169.11,10667.916,17890.939,1.438923584,1,1.31736199,13.96365356,318,122.4449874,0,78.041,2827.626,1526.248453,989.579,5224.477,9764.423,1.095181255,1,1.066837225,4.328194931,139,139.0423741,0,54.302,7755.877,3378.848784,1537.957,15016.448,19001.299,1.082427723,1,1.057349996,5.180236445,807,187.1523234,0,457.944,7124.207,3759.160838,1471.579,15435.167,27583.128,1.241753903,1,1.16852914,4.40149427,633,148.6265087,0,410.799,3653.248,4659.410976,1688.846,18882.012,38563.639,1.147218768,1,1.169347275,4.187671692,160,251.19535,0,1406.825,7580.81,3962.266669,1922.193,12140.43,46925.048,1.293620994,1,1.465583259,12.11780651
s1-load60,shortest_estimate+topology_aware+none,19,0.1936432594,0.1917323133,0,0.001805129487,0,0.0001058165775,2000,1600,0,19.44248063,0,0,460.876,2592.855617,1069.5,8776.869,24248.916,1.022953314,1,1,1.510802149,1.022953314,2040.629194,338,36.72379586,37.208,0.5329809555,0.02389132732,0.04574548068,0.9981948705,8.250266667,0,0,8.250262222,4.444444447e-06,0,0,0,0,0.9998941834,1.028943205,1,0,831,341021.573,0,0,2082,656,20.3126311,0,0,496.213,3737.111488,1573.692,13193.53,42543.581,1.019235329,1,1,1.47693296,468,27.70473932,0,0,1214.514,1657.884034,602.056,6975.626,15676.654,1.036874994,1,1,2.46969923,316,11.22175949,0,0,363.75,2087.153282,989.637,7236.443,17476.555,1.017772284,1,1,1.305931506,160,7.94368125,0,0,140.69,1634.960538,805.987,5193.401,13557.773,1.007708675,1,1,1.510802149,769,27.03481534,0,0,1071.807,2537.364172,1122.156,8050.633,22292.51,1.022910231,1,1,1.47693296,662,14.66129607,0,0,460.876,2652.841033,1008.863,10028.385,28158.885,1.022907102,1,1,1.624374324,169,3.623775148,0,0,239.404,2610.385651,1061.406,10019.401,27094.338,1.023330371,1,1,1.524772201
s1-load60,shortest_estimate+topology_aware+none,20,0.3748361602,0.234490894,0.1247040785,0.01188014844,0.003735990037,2.50491739e-05,2000,1600,0,75.20624813,0,378.257,1923.669,3154.907191,1516.645,11672.004,23735.158,1.046441754,1,1.223011865,2.202052734,1.046441754,2074.306806,353,142.5942805,962.117,0.593216078,0.08506418558,0.06162829133,0.9881198516,63.27864444,0,0,63.27859859,4.585858588e-05,0,0,0,0,0.9999749508,1.012155249,0.99626401,0.003735990037,803,348693.455,0,0,2239,645,116.0338403,0,768.557,3308.692,5213.195811,2870.697,18533.857,38188.694,1.049755752,1,1.250000197,2.381782575,467,43.74922056,0,139.457,1066.811,1352.451456,891.811,4385.918,7525.933,1.048760506,1,1.223011865,2.007607812,310,67.22081613,0,393.591,1923.669,2490.685077,1622.722,7988.986,11812.198,1.04138928,1,1.174001993,2.20261629,178,23.70129775,0,0,945.151,1582.207882,708.05,6560.271,12278.935,1.037148948,1,1,1.555366281,797,79.71404391,0,434.056,1841.983,3103.346619,1455.994,11788.492,21219.024,1.04550072,1,1.2260496,2.030246434,621,76.42043156,0,338.654,2167.255,3370.291654,1606.625,12521.309,28467.479,1.049988495,1,1.174001993,2.675103043,182,51.32316484,0,241.005,1688.755,2645.786445,1438.849,8260.604,26503.318,1.03846086,1,1.157954634,2.511944492
s1-load80,drf+topology_aware+easy_predicted,1,0.1052650039,0.03171872978,0.03169168118,0.02020649129,0.01108374384,0.01056435777,2000,1600,0,98.11860687,0,401.856,2378.258,3281.764192,1355.181,9969.846,46326.346,1.199686294,1,1.387234917,4.11737764,1.199686294,2357.768474,370,385.5322676,2182.987,0.7241469431,0.1120074945,0.1048492819,0.9797935087,115.5670156,0,0,115.5669629,5.264646467e-05,0,0,0,0,0.9894356422,1.281420532,0.9889162562,0.01108374384,812,331001.651,106,46,2586,647,133.4510896,0,680.096,3462.715,2432.994961,1636.18,7747.56,15033.631,1.359902806,1,1.705514019,6.115475878,468,28.86865385,0,0,901.859,1626.1586,937.893,6023.898,9235.755,1.061246306,1,1,3.316359939,333,135.9898859,0,741.127,2496.658,7388.514258,1425.626,46326.346,86400,1.139958138,1,1.332950589,5.457716981,152,77.97206579,0,582.587,1587.145,2995.115092,1926.776,10612.137,15590.314,1.07481331,1,1.54329825,3.150110612,788,99.54903934,0,403.269,2587.985,3271.265759,1466.182,9325.932,48633.587,1.294045888,1,1.303768853,6.115475878,648,93.54954167,0,305.889,2182.987,3201.018752,1274.13,10889.747,44785.025,1.090548117,1,1.332305042,3.524836261,164,109.2989329,0,680.468,2454.71,3651.250841,1323.259,10238.248,67156.945,1.177528845,1,1.893091352,5.181204179
s1-load80,drf+topology_aware+easy_predicted,2,0.2072493493,0.0437347031,0.09581091678,0.04118757877,0.008985879332,0.01753027135,2000,1600,0,468.8640294,0,1214.899,8202.04,3710.767099,1665.627,13577.672,33964.192,1.354355156,1,1.912759674,7.11076019,1.354355156,2689.876868,332,2091.478648,8202.04,0.7584099391,0.2086066378,0.0990077685,0.9588124212,251.1031756,0,0,251.1031044,7.115151517e-05,0,0,0,0,0.9824697287,1.364758031,0.9910141207,0.008985879332,779,282113.689,127,64,2955,636,898.2854623,0,3293.27,36554.963,5491.414763,2221.718,20870.621,49473.556,1.427321064,1,2.683948847,13.94074254,502,289.333998,0,1206.033,3169.41,2800.006645,1608.374,8762.787,22770.415,1.473614085,1,1.889345562,5.179247397,311,82.2259582,0,581.97,1983.891,1843.75246,1175.832,6079.314,8940.839,1.145960437,1,1.863959374,3.356552042,151,53.3440596,0,307.258,1353.739,3083.955086,1646.349,10401.78,20842.99,1.079762164,1,1.133511953,3.85247501,821,763.7606078,0,1487.571,33737.43,4124.107542,1719.643,15346.365,39618.317,1.567090382,1,2.189831864,13.94074254,635,168.4906724,0,956.101,3566.231,3306.986699,1651.025,12271.414,24380.604,1.141543613,1,1.912759674,3.80853511,144,112.1070208,0,645.419,2981.608,3134.711889,1594.564,13763.907,27939.411,1.079908695,1,1.357037989,2.483822824
s1-load80,drf+topology_aware+easy_predicted,3,0.3530618927,0.08397272537,0.2015328182,0.03605687949,0.01552393273,0.01597553689,2000,1600,0,450.1932181,0,2555.471,8423.183,3068.767511,1482.465,10994.371,25943.258,1.554661556,1,3.672590217,13.28545784,1.554661556,2957.748754,377,1761.514997,7972.551,0.8304589606,0.3594535989,0.1610377744,0.9639431205,168.1872556,0,0,168.1871811,7.450505052e-05,0,0,0,0,0.9840244631,1.353717211,0.9844760673,0.01552393273,773,209683.476,209,106,3283,639,811.6342379,0,5021.106,12601.213,4598.811351,2294.801,17300.119,32097.327,1.824154116,1,5.109956497,15.84007829,481,174.8361476,0,1239.009,3488.761,1814.818293,1083.866,5530.79,10632.679,1.347514902,1,2.374482888,12.0274312,318,280.292739,0,2197.225,4255.6,2508.923025,1494.584,8847.773,12531.695,1.393400781,1,3.209662391,6.13477138,162,175.5900802,0,877.5,3796.565,1855.694093,1047.139,5474.689,10722.71,1.423258606,1,2.95868684,13.99636841,827,630.111636,0,3352.001,11367.966,3318.45386,1579.22,12213.66,28825.141,1.685958659,1,4.555950018,13.99636841,629,282.8383879,0,1553.865,5812.686,2718.706334,1397.612,10472.988,15086.278,1.458946522,1,3.219433851,10.80005554,144,147.9269444,0,743.517,2975.092,3163.891604,1329.691,11894.199,30617.045,1.218703588,1,1.783787065,6.466571034
s1-load80,drf+topology_aware+easy_predicted,4,0.1653835855,0.03978320311,0.06473949527,0.0367879949,0.01721854305,0.006854349168,2000,1600,0,185.6291581,0,820.908,4197.032,2784.997686,1561.322,9731.302,15429.676,1.186987451,1,1.739938795,5.642975365,1.186987451,2436.603109,354,747.830887,4153.895,0.8111717508,0.223752054,0.1399980895,0.9632120051,175.5053644,0,0,175.5052811,8.331313135e-05,0,0,0,0,0.9931456508,1.227840611,0.982781457,0.01721854305,755,223893.334,160,77,2961,615,206.7191041,0,1014.553,4448.989,2181.302841,1004.431,8702.913,13045.387,1.325485185,1,2.419446304,7.068770272,495,226.0419333,0,1009.696,5704.628,3865.033028,2375.247,12658.508,25263.114,1.079525447,1,1.42886668,2.674902261,334,111.7818443,0,716.855,2032.856,2444.171868,1588.009,7739.013,12284.51,1.096816348,1,1.524136117,2.930454179,156,132.36225,0,1110.753,3672.826,2467.630109,1645.999,7447.028,10419.786,1.175030616,1,1.747032559,6.024063508,845,196.9861586,0,921.226,4448.989,2916.092743,1584.4,10303.007,16298.425,1.172720864,1,1.910247713,5.700644365,608,160.1680691,0,703.604,3537.712,2638.058582,1561.322,8752.605,14593.118,1.156479275,1,1.541107279,3.959390656,147,225.6541701,0,1076.887,4577.953,2639.172184,1460.737,10582.297,15091.115,1.395179537,1,2.339564344,6.024063508
s1-load80,drf+topology_aware+easy_predicted,5,0.09313590647,0.02978396339,0.02778250738,0.03095915647,0.002652519894,0.001957759333,2000,1600,0,79.29547,0,352.287,1922.419,2256.819044,1516.044,6506.459,11032.485,1.085754361,1,1.302616916,3.405283857,1.085754361,2168.862287,334,352.1215958,1922.419,0.7337266863,0.1656102579,0.09724370107,0.9690408435,115.2085067,0,0,115.2084561,5.054545457e-05,0,0,0,0,0.9980422407,1.10100886,0.9973474801,0.002652519894,754,209107.581,123,50,2640,639,110.2783333,0,716.169,2664.677,2237.242574,1445.405,6416.136,14041.681,1.114642236,1,1.446641303,4.211950325,486,94.73104115,0,524.891,2508.517,1906.854751,1343.844,5380.506,9732.135,1.110914017,1,1.404195978,4.29191773,322,23.77258696,0,138.252,697.526,2782.315258,2203.499,7426.538,11427.432,1.025316259,1,1.123056602,1.616850877,153,17.71789542,0,133.279,391.204,2344.284595,1478.383,6880.407,14317.204,1.012382621,1,1.10304235,1.254355192,846,106.6972849,0,490.962,3038.593,2322.967816,1515.215,7008.566,12341.63,1.108762044,1,1.364557956,4.211950325,602,53.49845017,0,325.119,1235.542,2151.578561,1518.25,6268.402,9992.605,1.066166331,1,1.2500005,2.71012578,152,28.95251316,0,92.891,1093.481,2305.456605,1533.162,6880.407,14738.915,1.035277344,1,1.17700697,2.086802243
s1-load80,drf+topology_aware+easy_predicted,6,0.330467214,0.08026629069,0.1492337683,0.04402700996,0.02351485149,0.03342529351,2000,1600,0,450.1279963,0,1892.31,9866.527,2378.873019,1260.159,8309.657,17119.497,1.646673415,1,3.510487395,9.959739815,1.646673415,3237.224199,388,1759.909588,8982.593,0.8761560304,0.3479197579,0.1761031564,0.95597299,156.59184,0,0,156.5917394,0.0001006060606,0,0,0,0,0.9665747065,1.679283079,0.9764851485,0.02351485149,808,173455.604,209,104,3593,647,653.1320371,0,2323.104,15539.429,2725.712886,1368.387,9305.004,22993.685,1.924787797,1,4.07052866,11.5464,472,477.6549958,0,3517.206,8828.657,2273.733669,1261.182,7909.77,13926.34,1.673791908,1,4.970359621,13.15268665,318,73.15525157,0,412.049,1094.529,1327.318236,1042.139,3509.879,5228.839,1.146196149,1,1.650285167,3.627401054,163,300.0726258,0,1504.809,4382.121,3358.104926,1492.73,9456.599,27378.452,1.440611058,1,2.268775888,14.40523438,792,613.3306111,0,2593.461,15539.429,2627.645505,1335.396,9185.423,25531.466,1.97944425,1,4.320837574,16.929249,644,326.047941,0,1576.987,9231.706,2134.210964,1196.405,7612.289,13147.459,1.362952386,1,3.454187092,8.609647,164,149.2199756,0,948.942,2614.246,2138.230061,1226.677,7436.781,12307.186,1.153757806,1,2.028141106,4.231416912
s1-load80,drf+topology_aware+easy_predicted,7,0.1638358715,0.04467960821,0.07107134895,0.02194702526,0.02109181141,0.005046077622,2000,1600,0,244.6388681,0,901.197,7052.43,4045.318627,1541.48,14881.654,41541.625,1.320453594,1,1.954085583,9.343532046,1.320453594,2516.919547,369,997.0380488,6227.142,0.7622794317,0.2470732625,0.1125852339,0.9780529747,150.4121978,0,0,150.4121145,8.323232327e-05,0,0,0,0,0.9949539224,1.223036834,0.9789081886,0.02109181141,806,387786.479,135,62,2707,632,233.1143892,0,988.551,7556.76,3555.81696,1461.252,13131.599,31856.608,1.309375976,1,1.881196065,9.343532046,504,352.9567262,0,1498.547,9409.215,5985.493052,1967.405,31540.359,68088.711,1.410622063,1,2.266250765,10.3142066,308,156.6666266,0,494.154,5993.188,2643.003802,1126.838,9454.017,24778.908,1.280259298,1,1.700060964,7.844709752,156,115.0665641,0,758.181,2742.477,2528.844968,1516.271,8860.281,13588.796,1.153376599,1,1.26533749,6.120247848,794,285.0853136,0,981.056,7558.171,4240.20271,1609.742,14395.871,46953.934,1.310538433,1,2.11370915,9.701877701,644,201.6725311,0,692.663,6317.544,3903.164854,1483.266,15326.07,41541.625,1.350272764,1,1.571918765,9.343532046,162,217.2058025,0,1123.097,7491.544,3655.251142,1677.94,12304.703,30215.681,1.250509715,1,2.114644106,4.749941329
s1-load80,drf+topology_aware+easy_predicted,8,0.1045124783,0.03419466537,0.02716145907,0.02890322409,0.00625,0.008003129722,2000,1600,0,96.72330062,0,344.412,2927.106,1620.30523,780.967,5537.058,12680.193,1.211721414,1,1.49552123,6.634051228,1.211721414,2353.737984,390,378.1327769,2502.143,0.7427147207,0.1944151189,0.09736764284,0.9710967759,76.70126667,0,0,76.70120392,6.274747477e-05,0,0,0,0,0.9919968703,1.273618216,0.99375,0.00625,800,143420.605,136,62,2735,674,145.8873501,0,710.534,3520.763,1346.912533,691.497,4980.904,9075.765,1.353482425,1,2.073766564,12.31396225,490,39.70426122,0,171.85,1022.963,1411.382773,669.969,4270.192,12710.929,1.062706554,1,1.306196642,2.347512807,303,81.6540462,0,150.755,2995.438,2301.373231,1171.666,7770.511,13651.835,1.165639838,1,1.358342957,5.228340532,133,91.97701504,0,348.929,1312.224,2223.877241,1107.103,9774.231,14700.107,1.147308462,1,1.685458894,5.234802375,800,124.2333912,0,444.071,3520.763,1670.765324,751.882,5834.231,13651.835,1.302549204,1,1.726364942,10.3770121,629,67.65761844,0,284.332,2186.049,1588.426978,824.316,5439.346,11138.25,1.117937877,1,1.357138294,3.093061946,171,74.93523977,0,593.771,1299.314,1501.494386,777.481,5628.353,8937.381,1.131765934,1,1.495477038,5.228340532
s1-load80,drf+topology_aware+easy_predicted,9,0.1659999698,0.04610746577,0.0743129451,0.01931624082,0.01259445844,0.01366885965,2000,1600,0,273.3645975,0,942.301,6486.274,2685.218981,1310.775,9093.721,19764.729,1.330807088,1,2.016533666,7.259048048,1.330807088,3055.374218,346,1180.787751,6248.689,0.7701861078,0.2239676415,0.1251874181,0.9806837592,86.08955556,0,0,86.08950343,5.212121213e-05,0,0,0,0,0.9863311403,1.385748824,0.9874055416,0.01259445844,794,205485.507,152,77,3097,645,352.3657287,0,979.512,11584.772,2750.171402,1398.639,8682.344,23210.535,1.345628054,1,2.382436249,9.730178611,474,304.0875253,0,1314.353,6885.564,2675.428515,1191.835,10457.609,17640.787,1.338000298,1,2.5488748,9.69398262,330,187.7138152,0,947.528,3773.072,2929.929709,1497.275,11378.759,19981.945,1.428695152,1,1.462316551,4.272796658,151,26.65175497,0,221.743,425.46,1903.707914,867.284,8173.897,13637.962,1.030991423,1,1.127460039,1.648433267,806,349.5785893,0,1347.387,6946.868,2830.279046,1342.177,10081.46,21005.102,1.452526677,1,2.349703533,9.69398262,627,195.0753477,0,587.229,4743.925,2614.985447,1348.307,8376.834,19764.729,1.231813569,1,1.692585814,5.558048403,167,199.4656886,0,598.339,11071.569,2248.799898,1115.233,8388.734,16394.706,1.115016353,1,1.386472971,3.775020597
s1-load80,drf+topology_aware+easy_predicted,10,1.000119677,0.1579761494,0.6172673669,0.04895387304,0.0533159948,0.1226062924,2000,1600,0,1527.21687,0,7827.057,31562.38,4378.961897,1759.171,16008.358,40674.897,2.432138128,1,6.909167927,26.17827144,2.432138128,4501.038489,352,6542.310267,27933.292,0.923993836,0.4159236403,0.2228380503,0.951046127,304.8337844,0,0,304.8336886,9.587878788e-05,0,0,0,0,0.8773937076,2.55019938,0.9466840052,0.0533159948,769,281945.11,197,110,3824,626,1312.0038,0,7727.701,27598.904,4081.099949,1948.043,14777.379,32933.836,2.67270821,1,7.417864885,26.78308129,484,2946.645663,0,15413.257,62795.765,6776.090471,1968.14,24908.175,74402.29,3.153854605,1,10.36058717,55.79709712,343,507.6746414,0,2998.47,8885.127,2745.199405,1737.135,8368.485,14474.232,1.487008188,1,3.852121024,8.343673027,147,149.1408844,0,1259.248,2009.978,1566.933898,1161.501,4354.696,8666.239,1.236709031,1,2.420132768,5.429361613,831,2133.87446,0,11542.398,46605.889,4902.087813,1762.827,18133.895,52476.069,2.877721107,1,8.296842237,34.95760673,627,965.9714306,0,4885.176,15944.538,3912.131077,1708.026,13444.247,34859.514,2.052152999,1,5.429361613,19.30377895,142,455.1635845,0,2717.314,6709.965,3378.858289,1761.943,12290.854,19580.651,1.502357983,1,2.928136348,11.91608561
s1-load80,drf+topology_aware+easy_predicted,11,0.2838743688,0.05850055641,0.1616544191,0.0344196517,0.01356350185,0.01573623975,2000,1600,0,400.68737,0,2049.806,8541.477,3198.900551,1652.851,11052.617,24108.673,1.344153198,1,2.558551842,7.482367432,1.344153198,2560.190474,333,1811.944907,8541.477,0.8003309242,0.3192318039,0.1287687329,0.9655803483,161.2635067,0,0,161.2634049,0.0001017777778,0,0,0,0,0.9842637602,1.393412443,0.9864364982,0.01356350185,811,257446.25,176,98,3101,640,683.0669203,0,3864.863,12071.439,3974.270708,1881.387,14720.57,33097.672,1.541602309,1,3.555480765,9.988955719,470,269.1593404,0,1327.054,5249.138,2407.094191,1565.672,7551.366,13118.289,1.251311208,1,2.30323581,6.039432019,327,136.4124587,0,1033.313,2327.305,2677.958979,1368.808,10081.605,20977.915,1.209688892,1,1.995851794,4.654982125,163,201.381589,0,767.024,7095.209,3482.704123,1829.044,11052.617,25425.573,1.106350325,1,1.507159651,5.101784719,789,595.9506426,0,3325.042,11340.185,3487.244421,1731.292,12013.516,30974.656,1.500690179,1,3.527693706,9.730313181,653,227.31849,0,1086.287,4221.487,2745.543371,1515.147,9825.267,19279.302,1.22134561,1,2.039288524,6.900220527,158,142.1250696,0,815.825,4436.489,3632.691215,1977.057,14633.466,26474.038,1.070011909,1,1.629014951,2.498034543
s1-load80,drf+topology_aware+easy_predicted,12,0.1057774696,0.03400903364,0.03595605517,0.01757239986,0.003645200486,0.0145947804,2000,1600,0,112.5717419,0,455.929,2932.198,2616.941897,1416.172,9077.999,18503.24,1.195261889,1,1.487402531,5.900274946,1.195261889,2490.786777,349,480.2635129,2872.193,0.7216285041,0.1999894968,0.1073011824,0.9824276001,70.19791778,0,0,70.19784889,6.88888889e-05,0,0,0,0,0.9854052196,1.336877334,0.9963547995,0.003645200486,823,232305.539,105,54,2847,597,87.24212228,0,469.349,2226.358,1565.472638,935.867,5278.139,10005.906,1.16681815,1,1.549137936,5.680879479,519,202.4416628,0,813.869,6003.096,3910.127829,1853.659,14605.565,23590.014,1.378561554,1,1.852208171,10.28157987,324,48.22434877,0,177.444,1245.42,2827.347046,1958.57,8479.109,11913.327,1.031180288,1,1.097984314,1.977976889,160,45.8708,0,253.77,848.292,1919.394281,1303.539,5588.553,12484.475,1.039079544,1,1.297353245,1.8520398,777,145.2114492,0,730.077,3506.679,2630.342695,1462.753,9749.628,20244.012,1.2773053,1,1.757754044,7.256365369,660,94.66593788,0,414.057,2636.46,2584.744564,1434.929,8946.114,16639.112,1.130079119,1,1.297353245,3.959033736,163,29.4844908,0,8.204,795.371,2683.431595,1209.357,8695.297,28479.054,1.068101756,1,1.25,2.953344839
s1-load80,drf+topology_aware+easy_predicted,13,0.1339092651,0.03826453602,0.05820890614,0.02937982343,0.006150061501,0.001905937975,2000,1600,0,111.94035,0,738.099,2030.088,2216.357861,1411.044,6743.422,12617.202,1.170281729,1,1.67351911,4.755694647,1.170281729,2311.256038,351,437.1660883,2027.452,0.8165851446,0.2016301554,0.1271897744,0.9706201766,111.2947467,0,0,111.2947055,4.117171719e-05,0,0,0,0,0.998094062,1.111073549,0.9938499385,0.006150061501,813,184122.363,201,95,2820,628,129.9436847,0,917.314,2481.852,2247.401933,1565.866,6801.345,11105.3,1.145081014,1,1.685428351,4.070429089,479,127.4748747,0,735.396,3008.424,2068.638802,1149.752,6418.545,13717.918,1.248038919,1,2.262597316,6.989243123,328,63.63328354,0,356.489,1552.522,1902.850909,1207.509,5319.49,11303.185,1.128625618,1,1.250000401,4.755694647,165,94.34996364,0,563.528,1484.08,3150.248964,1953.902,10784.277,17191.957,1.123273001,1,1.739374796,3.640173173,787,127.5569034,0,799.485,2481.852,2230.277357,1424.705,6731.607,12617.202,1.202937392,1,1.669727664,6.435567497,643,97.19338414,0,715.357,1614.751,2162.453785,1410.693,6743.422,10829.723,1.131099441,1,1.742664521,3.728861131,170,95.42312353,0,527.504,2742.987,2355.803018,1334.715,6882.083,17191.957,1.167306463,1,1.525101852,5.452609597
s1-load80,drf+topology_aware+easy_predicted,14,0.1553259828,0.04561724717,0.07224199544,0.03150338843,0.005031446541,0.0009319052599,2000,1600,0,185.5749281,0,916.041,3830.487,2169.179335,1118.351,7738.686,15058.718,1.247103168,1,1.995093704,5.375129969,1.247103168,2407.956873,378,662.9005661,3551.078,0.7925064967,0.1512698016,0.11755311,0.9684966116,119.2211978,0,0,119.2211226,7.519191923e-05,0,0,0,0,0.9990680947,1.089381084,0.9949685535,0.005031446541,795,178937.446,143,67,2829,594,102.9637862,0,718.977,1707.763,1503.241572,723.016,5250.571,11861.555,1.24385499,1,2.084149433,5.098956968,514,328.1561498,0,1945.675,6978.347,2679.12163,1582.304,8283.778,14856.525,1.281257375,1,2.670680683,5.993815119,336,111.5876548,0,416.414,2172.24,1724.061699,942.551,5905.707,10684.585,1.233547968,1,1.606548352,3.288734827,156,189.7030962,0,1022.284,5429.262,3983.385853,1668.193,17831.702,31756.379,1.176133306,1,1.716420693,6.386166858,805,250.1577876,0,1159.785,6072.176,2247.614409,1132.926,7897.751,14856.525,1.296665696,1,2.10403483,6.386166858,635,132.5146772,0,704.402,3141.61,2031.315868,1137.604,7250.004,15058.718,1.218730168,1,2.172666635,4.309115955,160,71.2252875,0,333.577,2172.24,2321.698506,937.389,7907.514,25809.39,1.110347041,1,1.343619455,4.561726517
s1-load80,drf+topology_aware+easy_predicted,15,0.7731301716,0.1206252134,0.4949819691,0.04979706012,0.04228855721,0.06543737168,2000,1600,0,1101.182404,0,6276.457,21999.916,4195.004315,1927.831,16195.322,31414.298,1.919681683,1,5.275605584,19.60224691,1.919681683,3629.90474,357,4633.234784,21787.327,0.8631017453,0.4133915254,0.1926460935,0.9502029399,292.3814244,0,0,292.3813423,8.214141423e-05,0,0,0,0,0.9345626283,1.938526382,0.9577114428,0.04228855721,804,275117.049,212,107,3578,654,861.3275459,0,5134.138,16136.621,3444.876786,1834.859,13013.313,24053.573,1.83538384,1,5.438387139,14.7779575,498,2188.828193,0,18402.807,29164.229,6395.251309,2848.733,23981.756,55162.449,2.503131056,1,8.248172298,23.00434229,299,198.9897458,0,1162.203,4371.935,2182.085538,1142.856,7387.462,18554.695,1.44546309,1,2.899538837,10.72083318,149,329.1896443,0,1469.071,8604.954,4173.011799,2162.09,15393.483,28341.376,1.291254573,1,2.240807596,8.946029505,796,1602.80747,0,12461.264,27777.304,4959.775595,2207.562,21671.274,37281.971,2.129748352,1,7.503019464,21.840302,652,646.7843972,0,3648.726,15941.666,3631.411558,1857.051,13393.987,23158.742,1.73883699,1,3.858302974,13.01082818,152,423.3794276,0,2585.247,9142.881,2607.534171,1483.433,9218.04,24933.047,1.595324259,1,3.93646504,21.79774046
s1-load80,drf+topology_aware+easy_predicted,16,0.9892069912,0.2151005401,0.5092857172,0.05186933029,0.02736318408,0.1855882195,2000,1600,0,1204.895004,0,6457.831,26747.633,2861.262522,1034.798,12510.012,28099.337,2.710189242,1,9.407532457,38.61754239,2.710189242,5111.607101,364,4926.526176,26113.758,0.9074419232,0.3974049518,0.2032705205,0.9481306697,186.6205689,0,0,186.6204789,9.002020203e-05,0,0,0,0,0.8144117805,3.215757261,0.9726368159,0.02736318408,804,141155.284,249,125,3744,625,1610.552918,0,13596.296,26747.633,3029.707547,941.236,18133.994,27937.856,3.257391076,1,14.30168807,40.79578317,493,1706.670444,0,9797.927,38136.498,3702.215791,1182.117,14781.978,44215.908,3.457938792,1,12.94670403,56.16874952,322,210.3656677,0,1095.531,3456.435,1635.771227,875.667,5733.262,8712.226,1.315589434,1,2.556489557,5.107476073,160,75.6884875,0,419.058,999.909,2078.388112,1256.383,5723.644,18551.606,1.075310887,1,1.435769854,2.274135982,796,1988.182464,0,14645.216,34950.954,3700.957539,1060.668,18896.808,35619.244,3.752764443,1,16.24527614,56.16874952,633,456.5871754,0,2315.742,7496.852,2063.943065,1040.744,7115.746,17819.672,1.743557781,1,3.898741774,19.1493245,171,328.7665673,0,1258.648,7201.19,1903.987567,899.714,6552.109,23055.381,1.435264412,1,3.379321514,12.13990324
s1-load80,drf+topology_aware+easy_predicted,17,0.4845193646,0.07754651724,0.247726904,0.04422749943,0.01928020566,0.09573823822,2000,1600,0,949.5245413,0,3141.22,29445.958,3745.73459,1746.949,13700.3,35334.391,1.794556016,1,3.391536708,17.91789785,1.794556016,3362.681583,372,3922.963038,28273.312,0.8459980919,0.3712275123,0.1599082886,0.9557725006,245.5828244,0,0,245.58273,9.442424245e-05,0,0,0,0,0.9042617618,2.291502805,0.9807197943,0.01928020566,778,247901.857,176,93,3419,628,1081.842524,0,5669.694,29445.958,4073.228213,2175.143,15300.521,33152.962,1.780068343,1,4.512040649,18.14060491,486,1579.752539,0,6500.478,48859.677,4864.768597,2218.094,16710.538,52197.323,2.417431398,1,3.894517579,21.08049656,340,182.9783088,0,1094.963,3181.805,2048.914415,932.623,6465.064,19778.328,1.248563754,1,2.311144639,5.247500424,146,67.60138356,0,694.587,1537.681,2563.558815,1832.059,8019.079,12275.745,1.054954588,1,1.290887342,2.722864242,822,1369.4305,0,5630.798,35401.545,4127.311575,1832.059,15710.645,39110.742,1.898682711,1,4.670413209,19.17632946,617,604.0859724,0,2433.215,11349.223,3469.319754,1763.313,12428.059,28890.696,1.785265795,1,2.565237603,7.69010978,161,129.4804348,0,527.283,1897.174,2856.862988,1562.131,9885.627,21302.621,1.298530689,1,1.37984716,14.09854078
s1-load80,drf+topology_aware+easy_predicted,18,0.09694205264,0.03407685269,0.04363260659,0.009672136735,0.00630517024,0.003255286387,2000,1600,0,119.6772775,0,553.269,3331.957,4080.170742,1618.241,16431.804,34132.782,1.134641535,1,1.490368632,4.174482656,1.134641535,2246.543614,356,479.2956292,3041.649,0.7087983683,0.1005179567,0.10025018,0.9903278633,62.55000667,0,0,62.54996178,4.48888889e-05,0,0,0,0,0.9967447136,1.170602815,0.9936948298,0.00630517024,793,390125.266,107,46,2562,654,162.7637125,0,822.643,4167.477,6558.609338,3055.79,22320.278,46925.048,1.098997623,1,1.444028598,3.481278989,489,103.3282883,0,551.848,3055.982,2672.707965,1169.11,10517.728,15435.167,1.218141699,1,1.871775383,6.28238453,318,85.00358805,0,353.254,2310.265,1490.971336,999.996,4722.106,7577.023,1.120647316,1,1.434152626,4.32478726,139,53.79497842,0,271.438,1403.72,3293.953957,1568.615,15008.808,17876.58,1.040610601,1,1.222604687,2.171769416,807,134.1517336,0,597.273,3605.859,3711.242042,1551.131,15598.337,25980.821,1.179175806,1,1.615739333,4.573669503,633,114.8723349,0,551.848,3041.649,4626.603662,1680.007,18882.012,38563.639,1.096481175,1,1.490368632,3.023321058,160,65.68129375,0,271.438,2059.001,3779.129631,1823.448,11371.559,46925.048,1.06099373,1,1.290807727,2.171769416
s1-load80,drf+topology_aware+easy_predicted,19,0.07158191483,0.02933309174,0.02145901322,0.01679733142,0.002406738869,0.001585739583,2000,1600,0,54.50235813,0,272.104,1187.549,2634.77332,1114.41,8867.274,24601.44,1.128042001,1,1.282897813,4.108264566,1.128042001,2237.215753,338,216.9585414,1151.533,0.723160073,0.1115223402,0.0827774233,0.9832026686,77.94211778,0,0,77.94208251,3.527272729e-05,0,0,0,0,0.9984142604,1.11447309,0.9975932611,0.002406738869,831,268118.137,103,42,2584,656,74.55695427,0,336.396,1449.929,3806.415238,1647.431,13386.771,42543.581,1.101339025,1,1.268320661,4.108264566,468,53.19388462,0,226.971,1804.213,1684.727274,676.552,6975.626,15676.654,1.183377661,1,1.44370006,4.364469418,316,28.95754747,0,101.537,699.167,2105.879911,991.062,7236.443,17476.555,1.135049779,1,1.250000527,3.903079465,160,26.5568,0,57.916,688.524,1654.490625,834.545,5193.401,13615.689,1.061827039,1,1.117883498,3.84008858,769,72.00214954,0,284.309,1837.674,2586.373218,1204.353,8217.18,22485.277,1.155483024,1,1.285721807,4.473575776,662,37.26001208,0,212.298,899.152,2683.738134,1054.894,10028.385,28158.885,1.108453394,1,1.268320661,3.84008858,169,42.41415385,0,336.396,937.349,2663.205101,1110.064,10609.914,27094.338,1.079908932,1,1.376281771,2.569506236
s1-load80,drf+topology_aware+easy_predicted,20,0.2684006347,0.05002622509,0.1313565675,0.03672772764,0.01494396015,0.03534615434,2000,1600,0,440.2790931,0,1665.624,13507.11,3538.651044,1615.387,14074.982,28467.479,1.404637818,1,2.187922615,9.734748716,1.404637818,2658.442106,353,1924.746867,13287.396,0.7992720561,0.2361351019,0.1173500648,0.9632722724,200.6734533,0,0,200.673376,7.733333338e-05,0,0,0,0,0.9646538457,1.587957117,0.9850560399,0.01494396015,803,268593.303,149,72,3005,645,871.1998403,0,6961.201,15852.297,6005.601194,3382.496,20545.756,41485.587,1.716141775,1,4.10649156,16.87960427,467,182.2443383,0,710.835,3296.965,1497.011887,946.773,5068.671,10078.228,1.275906155,1,2.072794069,7.256196596,310,156.6797677,0,625.4,3163.069,2589.444429,1705.082,8260.604,12203.372,1.136426441,1,1.650015956,4.448957199,178,49.68437079,0,108.523,1535.41,1608.969534,725.966,6509.274,12278.935,1.080722997,1,1.210390873,5.478542281,797,661.3217516,0,3023.667,15770.057,3710.113788,1571.472,14871.227,36090.404,1.509162699,1,2.684687744,12.63150602,621,239.8534976,0,1547.017,4992.345,3549.122562,1674.47,13239.141,33413.71,1.22867441,1,1.960391799,5.410747218,182,156.1763242,0,1138.547,3057.58,2752.065225,1622.883,8260.604,26503.318,1.547313349,1,1.990883551,26.68421597
s1-load80,fifo+first_fit+none,1,0.7031070314,0.2404346223,0.3202237856,0.05305321467,0.07881773399,0.01057767483,2000,1600,0,1082.743411,191.106,4060.493,5599.317,4305.6037,2551.663,11156.657,46679.924,3.046157346,1.155244567,10.51553154,33.32616277,3.046157346,5470.31366,370,1245.029562,4489.176,0.7473647762,0.407716294,0.172501673,0.9469467853,313.9523067,0,0,313.9521726,0.0001340606061,0,0,0,0,0.9894223252,1.272906192,0.921182266,0.07881773399,812,331001.651,0,0,2848,647,1077.236621,189.605,4038.654,5602.468,3398.803317,2652.832,9005.253,15033.631,3.081948976,1.16037943,6.940397256,41.67056091,468,1052.322222,120.371,4136.821,5939.616,2657.853368,1989.759,7575.055,12325.1,3.391021154,1.150714654,12.7257622,35.92336069,333,1022.287697,107.176,3767.802,4774.367,8396.09733,2823.69,46326.346,86400,2.663999259,1.05273831,10.37068926,20.04694139,152,1332.294474,577.392,4518.842,5696.498,4277.397283,3359.778,11453.379,16133.384,2.669217852,1.250000135,8.055444701,26.36946667,788,1099.158435,104.835,3902.428,5725.813,4293.691467,2639.268,11142.588,50359.259,2.929035665,1.099614385,8.697485397,35.66641122,648,1086.238529,289.166,4206.916,5261.57,4258.566142,2476.709,12001.99,45347.927,3.36109744,1.17654543,11.89767245,35.92336069,164,990.0612378,253.006,3875.514,5939.616,4548.696244,2536.545,10750.48,67294.437,2.364515299,1.100639048,8.917146827,14.6942528
s1-load80,fifo+first_fit+none,2,2.537714583,0.690163638,1.528562583,0.05936769637,0.2580231065,0.001597558415,2000,1600,0,4432.611057,211.268,19382.438,22439.533,7689.772986,3895.742,23768.1,33885.017,6.674316674,1.135308755,30.18466072,84.83661742,6.674316674,17046.02299,332,4876.517518,19972.709,0.7474096018,0.4100486584,0.1423581501,0.9406323036,368.9350378,0,0,368.934928,0.0001097373738,0,0,0,0,0.9984024416,1.099913133,0.7419768935,0.2580231065,779,284779.845,0,0,3020,636,4610.458667,284.767,20154.075,22439.533,9222.591192,5239.684,26823.565,42073.362,6.443953039,1.154840544,29.55996245,87.80283046,502,4435.301749,212.449,18979.872,22475.935,6963.259369,3427.314,22982.951,27257.912,6.784665378,1.126923299,29.34347173,80.16845727,311,4144.917752,61.751,19226.868,22234.07,5912.838717,2603.175,22245.853,25412.786,7.081790963,1.100000119,32.7134163,84.83661742,151,4267.119742,211.268,18949.066,22174.237,7308.739974,4530.901,22301.578,28566.296,6.438500236,1.155897829,30.9252584,71.65866832,821,4570.968049,187.385,19624.962,22242.63,7949.536921,4122.378,23937.273,35649.066,6.478457404,1.107188782,27.74972244,82.83367103,635,4330.399094,256.524,19508.731,23206.609,7482.731846,3757.356,24081.035,30915.708,6.919779046,1.1458793,33.25964047,95.41182723,144,4094.51041,65.071,18680.495,21687.342,7121.751694,3181.729,22761.326,32969.438,6.708565663,1.124670224,36.34270774,84.83661742
s1-load80,fifo+first_fit+none,3,2.260395984,0.8759165519,0.8705758983,0.04692775286,0.4385510996,0.02842468107,2000,1600,0,5687.572281,5444.918,11039.053,11764.415,8314.68207,7717.791,16020.491,26346.272,10.7186659,4.926632624,38.30865969,91.54524434,10.7186659,19688.00856,377,6111.962708,11215.173,0.8287761588,0.8141804625,0.2668376664,0.9530722471,221.3911667,0,0,221.391056,0.0001107070707,0,0,0,0,0.9715753189,1.597399549,0.5614489004,0.4385510996,773,213389.831,0,0,3839,639,5591.719736,5378.536,10802.704,11565.492,9388.112948,8345.606,21081.006,35912.062,8.046941484,3.830323901,27.23729221,54.19089454,481,5667.628958,5388.353,11127.089,11786.544,7314.562081,6977.909,13228.112,16650.172,12.8541807,6.26664207,44.64133753,109.3589482,318,5705.456428,5434.691,11169.345,11513.226,7942.494881,7355.003,15500.196,18125.678,11.88668341,4.957238328,55.88677798,94.58346667,162,6089.765833,5842,11138.285,11770,7780.67534,7756.042,13844.028,15584.394,12.62372585,7.308226775,36.40733929,134.93685,827,5709.151752,5460.22,11001.154,11774.959,8404.79838,7839.533,16353.038,28174.036,11.09759399,4.841187109,39.74213225,96.57160189,629,5665.898482,5435.012,11144.405,11770,8111.815337,7583.761,15266.271,23402.899,10.52480091,5.018511036,38.42866555,65.68049217,144,5658.312535,5343.606,10785.632,11513.226,8683.272257,7638.181,18527.276,35912.062,9.389273868,5.365231216,28.86436571,74.18012395
s1-load80,fifo+first_fit+none,4,1.584096485,0.5356654911,0.6789435759,0.0439397091,0.1907284768,0.1348192316,2000,1600,0,2806.332169,2514.62,8609.122,11264.317,5412.818088,4467.592,13244.51,18448.172,5.926725902,2.170875683,23.42760502,58.66944127,5.926725902,11365.73572,354,3001.931181,8872.095,0.8058748332,0.6840886073,0.2305404603,0.9560602909,211.1922911,0,0,211.1921819,0.0001092525253,0,0,0,0,0.8651807684,2.565336465,0.8092715232,0.1907284768,755,224395.946,0,0,3535,615,2978.553052,2749.828,9013.364,11661.488,4954.646941,4097.25,12754.008,18086.933,9.047447492,2.810437228,38.29562862,76.95571667,495,2621.614871,2403.639,7769.229,10692.259,6270.690782,4864.135,15441.248,24821.193,3.526807347,1.771594585,12.86022148,28.40314745,334,2794.901778,2466.204,8715.231,11178.154,5140.94468,4498.232,12057.367,17446.333,4.104697412,2.26803587,14.42860709,27.04707645,156,2737.979417,2262.705,9784.292,11315.999,5079.061615,4363.118,12351.625,14519.144,5.140017074,2.083890384,19.37006527,54.02189043,845,2769.709788,2500.13,8746.09,11315.999,5492.687405,4467.101,13500.355,20810.309,5.71298545,2.153389881,21.572711,58.65806667,608,2849.973574,2553.835,8322.395,10978.331,5340.204454,4528.555,13119.182,17995.383,6.417175597,2.244770189,25.5056447,63.64629553,147,2836.345354,2582.946,9241.587,11083.772,5254.039293,4170.572,13828.888,18388.395,5.12684337,2.103780524,21.25538481,51.55995537
s1-load80,fifo+first_fit+none,5,0.3590819438,0.08715053273,0.179900779,0.05120299927,0.03846153846,0.002366094418,2000,1600,0,444.4010294,0,2281.173,3054.183,2634.28972,1990.522,7032.863,12101.228,1.534504599,1,3.811573252,8.104062768,1.534504599,3221.201064,334,534.7825539,2354.188,0.7501835332,0.2874520317,0.1280199062,0.9487970007,194.6075156,0,0,194.6074157,9.987878792e-05,0,0,0,0,0.9976339056,1.137491653,0.9615384615,0.03846153846,754,213720.543,0,0,2740,639,474.0618936,0,2281.173,3054.183,2614.501649,1865.531,7032.863,14843.376,1.603299459,1,4.321943943,8.104062768,486,431.8724198,0,2302.943,3045.321,2261.63423,1725.706,6238.562,9954.582,1.514155939,1,3.529169511,7.028381566,322,436.4153137,0,2355.92,3214.028,3200.094295,2544.004,7715.323,11466.107,1.409504373,1,3.327234599,6.034033663,153,377.1266013,0,1566.662,3329.574,2709.884961,1928.18,7621.154,15263.551,1.574894183,1,4.564277163,9.606815139,846,450.9207222,0,2302.943,3206.49,2683.637797,1987.866,7511.958,12662.84,1.508826425,1,3.562524539,7.26312681,602,443.2036827,0,2216.999,3045.321,2549.777171,1967.279,6583.551,10223.758,1.572977857,1,4.564277163,8.401243454,152,412.8559145,0,2155.823,2809.444,2694.342888,2081.89,7017.101,14843.376,1.525049565,1,3.613528049,8.553432507
s1-load80,fifo+first_fit+none,6,2.872040266,1.277614039,1.017849362,0.05585313548,0.5111386139,0.009585114854,2000,1600,0,6369.363823,5435.488,12906.506,13514.094,8301.518617,7375.583,15705.708,21057.013,14.0545171,5.899559066,55.87710535,124.6227313,14.0545171,28504.56485,388,6723.995763,13098.672,0.8214107009,0.8496090686,0.2531958973,0.9441468645,201.1423689,0,0,201.1422454,0.0001234747475,0,0,0,0,0.9904148851,1.304478005,0.4888613861,0.5111386139,808,184570.796,0,0,3903,647,6453.905233,5513.441,12923.156,13576.457,8522.64183,7919.151,16171.545,21912.414,15.63548504,5.767438612,74.1966799,158.8312289,472,6074.271002,5200.068,12885.267,13633.471,7872.055466,6928.326,15180.304,18857.706,13.03982934,6.032524746,50.17277529,90.87405962,318,6535.722377,5578.922,12810.432,13450.946,7802.238236,6779.989,14499.356,15765.547,13.40424409,6.892597509,52.34108548,106.7203419,163,6563.741117,5714.995,13001.907,13574.666,9641.463706,8575.285,18132.573,40053.688,11.98600895,5.049095841,41.14665116,135.848624,792,6392.310564,5522.491,12878.8,13514.094,8410.659971,7422.211,15994.745,22414.892,14.71144115,5.899559066,63.40802035,155.3940167,644,6265.351801,5232.791,12923.156,13574.666,8079.11246,7160.932,15593.511,17958.887,12.75491195,5.848061292,44.7604709,123.4041648,164,6666.985305,5800.396,12912.481,13623.002,8647.796744,8517.314,15083.175,21341.095,15.98538212,5.949494567,74.1966799,124.6227313
s1-load80,fifo+first_fit+none,7,2.013377746,0.7689018786,0.8613820174,0.04180745385,0.294044665,0.04724173077,2000,1600,0,3944.060706,3040.391,10922.473,13842.891,7766.225287,5852.641,20309.637,47985.835,7.648373047,2.610273223,33.62831806,68.68075159,7.648373047,12671.97854,369,4254.476808,11042.884,0.7774513799,0.6935047683,0.2116750527,0.9581925461,292.4628467,0,0,292.4627179,0.0001287676769,0,0,0,0,0.9527582692,1.776956734,0.705955335,0.294044665,806,387786.479,0,0,3258,632,3874.435807,2898.176,10839.88,13842.891,7219.188666,5759.042,17915.796,33662.545,7.17751212,2.737815525,30.88628641,57.36199603,504,4114.386736,3132.704,11056.781,13677.697,9784.194093,6322.731,34248.343,74730.411,6.090271074,2.264068386,24.35070335,50.50353422,308,3821.464584,2893.659,10838.164,13893.168,6308.098568,5035.887,16479.606,24778.908,9.556680115,2.736968692,43.02670084,84.55708333,156,3917.895468,3129.146,10026.414,12149.761,6341.698981,5692.251,15031.262,21784.973,10.82214819,2.798884357,64.99646007,105.1114434,794,4138.588039,3234.844,11295.163,14261.865,8123.729325,6300.677,19815.931,53598.086,7.776791838,2.609207612,34.97199682,68.68075159,644,3767.423054,2811.008,10588.298,13750.779,7483.603161,5336.349,21484.642,47985.835,7.802607732,2.620375798,34.10385,81.94608249,162,3692.825802,2900.616,9291.283,11880.418,7137.524321,6212.625,18251.663,33269.825,6.405831951,2.444608383,23.9027157,56.05750923
s1-load80,fifo+first_fit+none,8,0.5808296124,0.2202556134,0.21586614,0.04593176007,0.065,0.03377609896,2000,1600,0,645.2712256,180.321,2737.22,3826.139,2176.541213,1432.102,6573.791,12193.214,2.741280524,1.204866537,9.63299223,23.24558339,2.741280524,4859.238511,390,731.4063821,2897.013,0.7577435221,0.4535475092,0.1592603897,0.9540682399,124.0658933,0,0,124.0657705,0.0001227878788,0,0,0,0,0.966223901,1.665300336,0.935,0.065,800,143420.605,0,0,2995,674,692.5077003,194.77,2856.555,4008.601,1904.767288,1313.969,5790.434,9577.879,3.333661008,1.250002153,12.87087508,27.27785848,490,566.5069816,138.919,2382.234,3566.552,1940.951765,1250.897,4853.077,12710.929,2.390619547,1.142075415,6.856378713,15.08109073,303,641.7281584,174.152,2702.464,3497.052,2868.948931,1849.282,8313.019,13651.835,2.001837708,1.117730868,6.191116302,13.09160933,133,704.1482556,269.151,2845.246,3407.314,2844.322541,1818.874,10561.891,14700.107,2.715796354,1.199870535,12.03034902,22.92472485,800,637.114965,193.405,2699.51,3826.504,2190.502505,1339.839,6361.566,12823.07,2.743335767,1.246044106,9.5621731,23.16901338,629,630.8727854,99.096,2765.608,3566.552,2159.734714,1471.014,7218.449,11417.132,2.758490163,1.101366103,10.15198917,24.60986766,171,736.3918538,267.432,2803.773,4187.391,2173.045626,1645.286,6782.995,9106.683,2.66836206,1.364302376,6.856378713,23.1879963
s1-load80,fifo+first_fit+none,9,1.415732232,0.47490388,0.7203326011,0.03576646702,0.1687657431,0.01596354104,2000,1600,0,2168.118193,967.75,9133.942,11042.834,4591.335354,3317.098,12355.262,19952.217,5.193140365,1.57432624,20.77016479,53.7192766,5.193140365,15465.01495,346,2530.519558,9432.202,0.7627967282,0.5114473048,0.1647492462,0.964233533,162.1252467,0,0,162.125152,9.470707072e-05,0,0,0,0,0.984036459,1.377103525,0.8312342569,0.1687657431,794,220371.88,0,0,3281,645,2173.603645,991.978,9168.939,11048.531,4586.56582,3263.974,11829.365,18549.523,4.783997347,1.599619168,16.39832636,53.12172893,474,2226.982715,947.883,9684.517,11056.767,4609.193262,3580.519,12653.408,19173.184,5.000233137,1.54131134,20.61016993,53.7192766,330,2165.925824,947.759,9119.507,11285.198,4918.04953,3539.426,14105.746,23384.01,5.631632688,1.426071349,26.29876667,70.03186231,151,1964.698205,952.328,8797.927,10302.865,3841.640139,2245.296,11823.08,17960.702,6.588059612,1.800265047,29.99878248,53.13653333,806,2203.050057,1111.307,9062.714,11006.75,4693.398803,3476.836,12610.793,19830.474,5.298655962,1.618856001,19.52889248,53.12172893,627,2110.05114,792.148,9353.682,11056.767,4543.493362,3211.449,11829.365,21033.408,5.1982776,1.521987909,23.69665881,55.59236239,167,2217.537114,972.177,9119.507,10505.231,4278.36403,3079.965,12365.478,19952.217,4.664597745,1.557922782,20.81605541,41.16904663
s1-load80,fifo+first_fit+none,10,6.322125745,2.766877995,2.479196459,0.05659482225,1,0.01945646817,2000,1600,0,21985.12226,22008.947,31436.64,33072.958,24845.85853,24215.459,35934.515,46124.225,34.73624573,17.07323831,121.0108284,268.0517255,34.73624573,64027.43557,352,22630.20741,31706.991,0.8384960187,0.8402822013,0.245394243,0.9434051777,355.26798,0,0,355.267872,0.000108040404,0,0,0,0,0.9805435318,1.500547811,0,1,769,301971.275,0,0,3957,626,21959.13562,21992.946,31479.287,34041.854,24745.65187,24050.167,35248.146,40353.151,40.12051735,15.45298538,166.2702152,353.8543146,484,22138.37257,22154.55,31643.025,33098.815,25968.87644,24916.516,39561.041,48933.15,33.60860136,17.56933082,108.1452514,364.1764816,343,21679.46324,21865.149,30670.467,32922.656,23925.43348,23650.129,34152.826,40217.153,26.73724693,16.75841163,90.51834311,165.5804148,147,22304.41156,22279.43,31557.253,32772.437,23722.69184,23657.588,32653.727,35008.307,34.18442555,23.27446038,85.94148037,156.3914741,831,21860.52471,21865.149,31431.302,32985.973,24635.55867,23909.334,35654.142,46256.185,35.82725603,17.00439027,129.5741258,265.8666167,627,22364.35078,22353.378,31545.208,33426.78,25322.18252,24628.971,36074.898,48824.622,34.64438048,17.13000676,117.8451438,343.1920837,142,21039.80037,21447.886,30687.956,34140.83,23973.35185,23449.529,35381.926,40355.327,28.75716091,17.00931763,88.41466025,172.1476974
s1-load80,fifo+first_fit+none,11,1.866227473,0.5413863454,0.8938455335,0.04228249023,0.3785450062,0.01016809751,2000,1600,0,4494.091569,3823.115,11334.116,12387.201,7298.890637,6573.96,15914.475,26817.081,6.364498979,2.757878203,23.67780951,49.73451239,6.364498979,11691.36767,333,4626.360952,11537.831,0.7793887796,0.5852194341,0.176958281,0.9577175098,199.7290222,0,0,199.7289062,0.000116,0,0,0,0,0.9898319025,1.326527242,0.6214549938,0.3785450062,811,259943.309,0,0,3357,640,4373.118331,3725.991,11375.133,12406.441,7670.952234,6793.323,17611.684,34749.369,6.25442575,2.259405553,25.48306248,51.97537309,470,4711.52014,3943.607,11446.767,12567.029,6860.325655,6517.324,14604.029,19090.983,6.529735282,3.088147978,23.63722581,42.94312083,327,4205.924994,3662.646,11006.596,11688.259,6749.425713,5735.634,15673.746,27188.027,6.916087457,2.755239137,23.67780951,57.65495735,163,4920.238276,4524.51,11564.79,12676.342,8204.909957,8004.853,17694.322,34891.673,5.213679177,2.654963451,18.86093617,36.29977769,789,4641.660186,4092.204,11446.767,12376.429,7538.256312,7049.354,16234.667,30954.577,6.54105117,2.753793151,24.63036278,50.61294831,653,4400.478706,3662.438,11147.805,12463.354,6925.681277,6267.477,15212.451,21577.06,6.077874207,2.910624713,21.66167678,45.96012498,158,4144.076127,3507.469,10930.479,12355.456,7646.018449,6257.871,20340.526,31313.087,6.667450233,2.498408471,30.14373191,86.69693333
s1-load80,fifo+first_fit+none,12,0.9721026187,0.304943526,0.4919689976,0.03900097769,0.1105710814,0.02561803604,2000,1600,0,1689.775902,772.998,6238.252,7947.544,4206.109281,3095.847,11550.338,20067.291,3.692421849,1.410788074,13.33686153,33.56061269,3.692421849,7230.205324,349,1821.74641,6561.653,0.7472870939,0.5335990509,0.1901280539,0.9609990223,159.2745022,0,0,159.2743798,0.0001224646465,0,0,0,0,0.974381964,1.495473477,0.8894289186,0.1105710814,823,232305.539,0,0,3232,597,1702.151199,733.469,6442.712,7994.799,3193.111985,2308.421,8946.114,11923.354,4.344495072,1.59521867,16.92838753,33.56061269,519,1692.461447,772.278,6332.095,7642.172,5406.765437,3658.834,16366.43,24421.779,3.582304724,1.250000119,14.22849913,37.40341914,324,1632.736222,916.241,5766.111,7947.544,4431.707485,3644.411,11550.338,14854.189,3.056110418,1.383516938,9.363817853,33.36889642,160,1750.394688,737.163,6074.909,8116.712,3634.390669,3098.709,8857.33,13803.63,2.905096706,1.537104609,9.136676567,17.62693182,777,1755.496767,883.617,6225.566,7766.322,4260.992072,3137.886,11920.818,20912.821,3.679985704,1.469522964,13.33686153,32.7904,660,1669.920808,743.893,6351.16,8031.561,4162.063124,3068.613,10828.383,18625.836,3.749394541,1.380834931,13.69762726,36.64894981,163,1456.887865,458.316,5911.766,8125.501,4122.836485,2744.371,10386.708,30540.233,3.521016378,1.270577061,11.92311854,47.07385187
s1-load80,fifo+first_fit+none,13,0.4922239701,0.1358193437,0.2209604711,0.04124417117,0.07380073801,0.02039924611,2000,1600,0,771.7748575,280.043,2801.817,3752.817,2883.057561,2241.95,7713.783,13136.622,2.19110401,1.192826571,5.940128665,18.22690129,2.19110401,4512.693172,351,910.8787123,3013.94,0.8134761405,0.4726041314,0.1730375907,0.9587558288,158.1719111,0,0,158.171831,8.008080812e-05,0,0,0,0,0.9796007539,1.452903848,0.926199262,0.07380073801,813,185318.73,0,0,3119,628,786.4623248,383.26,2565.336,3546.071,2917.561581,2488.808,7116.584,11442.284,1.773048929,1.193752067,4.516477153,6.471857259,479,801.1111232,257.304,3088.561,3946.616,2747.139674,1883.762,7649.403,13717.918,2.504117292,1.219350026,9.629243497,18.41480855,328,689.885439,165.087,2679.694,3740.917,2532.398689,1848.505,6337.988,11493.68,2.576069611,1.153492328,9.796433333,23.51763425,165,793.4956364,236.293,2952.924,3771.962,3843.374248,2998.411,11140.416,17825.351,2.108294988,1.123886762,6.062579676,27.48360587,787,756.3885629,280.043,2711.679,3669.837,2862.217915,2272.2,7237.964,13189.846,2.175329768,1.158857906,5.668518344,18.41480855,643,786.3040964,291.052,2850.511,3771.962,2859.226788,2221.496,7989.403,11493.68,2.150164631,1.233440828,6.142828236,15.98455028,170,788.0496412,232.619,3323.222,4174.494,3069.669259,2151.948,8793.723,17825.351,2.418976647,1.195678997,8.555519843,17.3304887
s1-load80,fifo+first_fit+none,14,1.256542953,0.4434407061,0.5035790915,0.05611871146,0.1433962264,0.1100082175,2000,1600,0,1929.843393,1155.945,6385.47,8442.952,3926.861845,2775.378,10329.244,16902.465,5.001668174,1.920034133,19.39410674,43.60510864,5.001668174,8550.963805,378,2005.430751,6626.29,0.8158879861,0.635173993,0.2476222055,0.9438812885,217.9137489,0,0,217.9136211,0.0001277575758,0,0,0,0,0.8899917825,2.376995049,0.8566037736,0.1433962264,795,178937.446,0,0,3274,594,2102.006769,1192.09,6467.612,8293.643,3514.276657,2476.844,9793.729,13104.516,6.943273699,2.458164829,27.64833079,70.4198389,514,1748.945292,942.87,6075.605,8223.211,4126.841315,3123.297,10176.844,13836.956,3.282768341,1.55560538,12.53377875,23.54910189,336,1883.965339,1151.673,6387.758,8507.248,3494.18383,2556.364,8963.744,12066.569,5.16470507,2.004838422,16.8459927,48.06402504,156,1969.148551,1370.554,6085.842,8730.352,5770.874455,3571.389,18895.64,31781.012,2.921029937,1.704736524,9.228339862,19.21961636,805,1899.542307,1151.673,6148.493,8068.096,3911.61405,2768.608,10282.847,14908.213,4.856535797,1.903093107,18.89843336,38.33075869,635,1988.089917,1119.535,6712.365,8730.352,3896.470255,2790.727,10167.857,17322.92,5.310294168,1.918731239,23.33074252,48.06402504,160,1851.129844,1256.342,6267.797,7689.105,4124.193938,2751.177,10898.638,31534.707,4.507006031,1.953358145,14.89763761,31.45086838
s1-load80,fifo+first_fit+none,15,4.76088074,1.860917511,1.770472453,0.06899335815,0.9614427861,0.09905463207,2000,1600,0,15821.2824,16671.152,22449.897,24489.582,18932.09636,18759.724,28708.262,39146.256,22.76480183,10.94774189,81.38818187,175.8710287,22.76480183,42422.76423,357,15944.50207,22237.717,0.8310623522,0.8432448842,0.2729937202,0.9310066419,413.4442422,0,0,413.4441168,0.0001254141415,0,0,0,0,0.9009453679,2.196018622,0.03855721393,0.9614427861,804,291653.558,0,0,3842,654,15944.94968,16876.191,22518.106,24587.161,18541.64838,18614.189,27068.239,35958.092,23.11880846,11.58561103,80.73008845,150.483915,498,15775.83225,16599.204,22386.749,24276.439,20013.75524,19372.318,31513.807,42528.943,16.19429436,7.718056557,59.40261731,128.2122169,299,15622.55384,16088.417,22537.497,24489.582,17613.31078,17914.924,26581.394,38762.583,35.56297198,18.77541835,129.1163348,255.7474667,149,15829.17246,16179.544,22444.731,25386.971,19677.08797,19709.26,31226.322,40792.811,17.48922812,9.540213826,60.74782352,119.2741679,796,15780.16922,16382.86,22337.258,24498.2,19141.66968,18799.632,29832.838,39641.814,22.23534637,10.52649102,87.3015517,180.4693027,652,15953.96175,17061.174,22529.35,24758.128,18973.12364,18854.004,27967.389,37633.506,22.6803691,11.02449649,80.57137101,153.8065167,152,15467.46106,15748.579,22338.485,23885.156,17658.60857,17773.835,25484.805,41297.14,25.89964849,14.19480878,84.79566609,185.1649706
s1-load80,fifo+first_fit+none,16,4.015374879,1.867631798,1.319142491,0.05302506312,0.710199005,0.06537652259,2000,1600,0,7815.966767,9491.368,16726.955,19201.424,9473.711778,10189.482,18770.884,24916.797,20.50620685,8.813426021,81.68183465,164.6583,20.50620685,44144.22277,364,7942.640354,16914.379,0.8487293023,0.7065502368,0.221758158,0.9469749369,191.0116133,0,0,191.0115064,0.000106949495,0,0,0,0,0.9346234774,2.188295766,0.289800995,0.710199005,804,156358.345,0,0,3713,625,7536.667307,9295.967,16646.828,18055.45,8963.261149,9941.57,18403.92,26405.95,22.89044849,10.14277499,92.88680224,165.2351167,493,8043.074178,9550.588,16932.882,19762.412,10027.61821,10406.799,19827.996,25272.041,19.59492403,7.739008185,74.32552309,169.6289333,322,7917.335957,9509.691,16570.405,18182.911,9347.39491,10141.042,18117.258,21406.487,22.26533894,8.538557736,81.74784142,160.3492,160,8003.200075,9608.124,16582.691,19774.619,10015.14806,10569.651,19993.046,28421.546,10.46039976,6.900108946,32.15455277,63.28737957,796,7615.523735,9447.122,16599.212,19655.082,9323.029989,10057.028,19454.522,24916.797,20.18863113,8.584820423,80.95968921,164.0556167,633,7934.431392,9500.836,16765.316,19090.877,9551.318768,10256.701,18735.953,26058.501,20.16956307,8.580585961,76.55161019,170.5460167,171,8310.496275,9538.896,16846.085,19330.246,9887.849088,10334.14,18211.913,24607.277,23.23068507,11.32562909,114.0080193,169.6289333
s1-load80,fifo+first_fit+none,17,2.839990733,0.9447380424,1.282948111,0.05792520856,0.4948586118,0.059520759,2000,1600,0,6630.84256,3087.179,16268.004,17687.123,9439.717657,8575.718,19857.326,28961.864,10.1045019,3.262617768,41.31860288,113.1871252,10.1045019,19387.33375,372,6634.573441,16331.931,0.834688014,0.6386640402,0.2083552538,0.9420747914,326.3189978,0,0,326.3188647,0.0001330909091,0,0,0,0,0.940479241,1.765458294,0.5051413882,0.4948586118,778,258751.168,0,0,3527,628,6881.814951,5483.176,16639.748,17589.703,9891.717341,9986.481,19858.687,27332.003,9.485229506,3.190994106,38.60015137,113.1871252,486,6225.028051,2247.58,16268.004,18127.065,9514.742897,8213.825,21704.354,30384.199,8.25779295,2.634803009,29.51396494,115.0589143,340,6619.890938,3462.009,15485.563,17729.548,8493.881776,7097.869,18171.268,33962.262,14.57878906,4.513523927,57.38350611,137.4982565,146,6927.683253,3682.28,16517.492,17836.778,9448.389795,8743.088,20074.812,24205.965,8.495912767,3.179124212,40.8654474,76.36248477,822,6582.611283,2949.973,16517.492,17604.624,9356.944136,8303.792,19821.17,25825.353,9.852769827,3.126850171,41.04072949,104.5331752,617,6617.863522,2939.197,16230.855,17787.694,9491.316806,8380.278,20219.433,33724.7,9.640708022,3.289278059,37.61876515,110.233992,161,6926.83123,6907.6,15307.093,18159.143,9664.582006,11263.458,19577.556,26300.076,13.16713913,3.422221607,62.98816324,154.3370703
s1-load80,fifo+first_fit+none,18,1.106739026,0.3029423699,0.5894976354,0.02850017062,0.1147540984,0.07104475154,2000,1600,0,1591.748146,0,7474.932,12009.701,5571.879906,3274.049,17890.939,35142.193,3.398780808,1.025801417,13.24933994,31.98786134,3.398780808,6002.883743,356,1699.023,7086.878,0.7218480712,0.4174813615,0.150759209,0.9714998294,187.8835089,0,0,187.8834078,0.0001010909091,0,0,0,0,0.9289552485,2.128834442,0.8852459016,0.1147540984,793,390957.681,0,0,2873,654,1579.144778,0,7628.187,12600.503,8006.184804,4649.72,23901.401,48792.752,2.305292647,1,7.965237447,21.13225265,489,1719.103511,179.324,7961.493,10573.159,4298.532879,2742.989,12819.733,19171.124,4.907586386,1.143286165,18.85687468,67.82431,318,1483.007572,0,7414.15,9778.436,2903.336796,1915.153,9828.197,11751.494,3.486209071,1,16.36238518,26.01073765,139,1451.786496,88.226,6406.995,12425.018,4703.016604,3096.555,17124.92,22845.942,3.035709885,1.038681438,11.88491833,22.42483378,807,1701.323825,0,8385.317,12442.512,5296.222565,3075.06,16965.428,27922.209,3.858157478,1.045688807,14.41822919,35.84748661,633,1424.010578,0,6242.223,9831.163,5957.940564,3334.834,20056.965,39079.836,2.719774443,1,10.00030945,22.98597976,160,1702.687563,59.691,8345.261,13031.502,5434.874137,3743.236,13783.431,48792.752,3.768118657,1.049104536,15.7469882,59.32000247
s1-load80,fifo+first_fit+none,19,0.3618840724,0.1195725574,0.1587616352,0.02845211365,0.02527075812,0.02982700802,2000,1600,0,350.9256981,0,2013.125,3743.3,2940.653622,1468.217,9473.308,24902.687,1.86191797,1,5.22956713,15.3633,1.86191797,3830.356372,338,421.1015059,2068.088,0.7311281059,0.2554649284,0.118603123,0.9715478863,133.6057911,0,0,133.6057116,7.951515154e-05,0,0,0,0,0.970172992,1.596664001,0.9747292419,0.02527075812,831,281848.463,0,0,2680,656,326.562779,0,1887.769,3839.171,4064.703666,2034.423,13193.53,42543.581,1.459642175,1,3.421126987,9.322996788,468,433.9730556,0,2283.578,4434.816,2084.65634,1114.41,7042.073,16062.37,2.257903775,1,6.800784231,24.60208629,316,249.0250348,0,1504.647,2647.647,2330.83487,1282.13,7528.268,17500.943,1.873276016,1,6.488029489,17.52501367,160,409.1539562,0,2316.157,3689.502,2040.232531,1283.897,6176.1,13723.844,2.330558115,1,7.434224454,37.96755,769,368.2589116,0,2252.678,3870.739,2888.325632,1522.709,8637.173,22704.769,1.774907459,1,5.621838202,11.15825276,662,338.5816495,0,1996.769,3914.005,2997.848955,1370.139,10028.385,28158.885,1.907222067,1,5.710828781,16.22646021,169,320.4080592,0,1765.252,2863.912,2954.718207,1311.218,10955.622,27094.338,2.080378155,1,4.347086217,28.09841739
s1-load80,fifo+first_fit+none,20,2.655682259,1.041363386,1.018082009,0.04578531395,0.4134495641,0.1370019868,2000,1600,0,4590.696432,2563.253,12909.456,14311.157,7695.806184,6609.652,18358.238,31658.689,9.925464615,1.753396323,45.54456183,139.9810853,9.925464615,18017.36329,353,4844.399096,13415.647,0.7791165265,0.4849805615,0.1474550533,0.9542146861,252.5370044,0,0,252.5368887,0.0001157575758,0,0,0,0,0.8629980132,2.664291326,0.5865504359,0.4134495641,803,272325.586,0,0,3183,645,4717.856918,2768.205,12909.992,14428.916,9860.454811,9141.213,25013.849,39676.774,6.916075541,1.510351416,32.00931103,88.74774335,467,4573.967936,2952.968,12682.198,14102.372,5895.032627,4892.594,14467.775,17514.865,15.39850671,2.939015098,71.81255535,199.2850167,310,4602.27911,734.717,13415.647,14622.694,7040.330084,5754.321,16562.451,21503.69,5.7795882,1.578200924,24.30809147,51.20596766,178,4153.634994,198.923,12915.931,15873.199,5718.056062,3670.035,15016.394,18586.755,13.69157127,1.25,79.24151431,143.9621833,797,4511.924657,2574.167,12915.931,14592.368,7559.2621,6509.274,18329.972,30148.044,9.353640897,1.666574812,41.61190264,132.5996062,621,4635.883118,2060.152,12987.175,14301.919,7962.900741,6693.416,19622.835,38188.694,10.73669918,1.787915879,49.00667767,164.1141291,182,4781.46661,3173.965,12356.332,14015.044,7382.399126,6444.687,16598.399,26503.318,9.66154614,1.982430405,44.93327986,144.27755
s1-load80,fifo+topology_aware+easy_predicted,1,0.1512811304,0.04154262728,0.07112355644,0.02271702664,0.01354679803,0.002351121993,2000,1600,0,117.5333663,0,901.859,2576.801,3302.757856,1388.135,9615.977,46326.346,1.201417109,1,1.816888113,5.108955344,1.201417109,2341.734995,370,394.522727,2329.028,0.725965099,0.113093186,0.1070407685,0.9772829734,130.2592889,0,0,130.2592274,6.153535356e-05,0,0,0,0,0.997648878,1.129083783,0.986453202,0.01354679803,812,331001.651,103,41,2555,647,146.974847,0,1092.577,3209.861,2448.311816,1639.487,7747.56,15033.631,1.279961979,1,2.034188176,5.643494041,468,90.49826709,0,685.806,2225.471,1689.200229,980.629,6387.115,9235.755,1.15446296,1,1.731006855,5.839866299,333,84.56146547,0,741.127,1362.702,7339.203826,1425.626,46326.346,86400,1.133628876,1,1.501499961,4.540569469,152,147.6875197,0,1133.472,2576.801,3064.830546,2015.778,10546.659,15590.314,1.160163768,1,1.893893234,3.904009376,788,103.5940127,0,685.806,2628.59,3275.213266,1494.178,9325.932,48633.587,1.222024419,1,1.452154633,6.151060787,648,126.4457083,0,1025.194,2576.801,3238.429108,1296.074,10546.659,44785.025,1.170310246,1,1.99947597,4.30183674,164,149.2956402,0,1006.48,3163.963,3689.28325,1432.702,9059.982,67156.945,1.225311537,1,2.202053193,5.155313621
s1-load80,fifo+topology_aware+easy_predicted,2,0.599446329,0.1074053973,0.3747851863,0.04901897478,0.05776636714,0.01047040346,2000,1600,0,793.8985625,0,4752.341,15468.261,4041.241694,1890.922,16221.983,27939.411,1.795287347,1,4.697430146,15.875143,1.795287347,3959.535221,332,3285.184506,15468.261,0.77297755,0.1561935949,0.09583237567,0.9509810252,301.3089044,0,0,301.3088278,7.664646468e-05,0,0,0,0,0.9895295965,1.315501775,0.9422336329,0.05776636714,779,265994.555,106,42,2931,636,760.3296258,0,4126.35,15409.368,5356.74327,2560.373,19552.055,34187.161,1.564248807,1,4.688289585,13.1172379,502,856.7941116,0,5200.322,16133.861,3370.950237,1808.723,13515.254,21273.118,1.860646566,1,4.662828807,19.06045922,311,704.7298939,0,4076.043,14662.993,2466.585151,1376.626,8940.839,16448.618,2.057772083,1,5.506034935,28.00013994,151,909.8438212,0,8050.317,15754.641,3972.006556,1862.796,13419.976,28307.563,2.010502119,1,8.199281968,23.90837749,821,860.9344726,0,6234.097,15485.943,4230.409529,2036.103,16311.726,28442.663,1.860897578,1,5.633930974,15.875143,635,702.0507008,0,3516.388,15409.368,3842.684145,1834.254,15844.593,24712.736,1.696508913,1,4.046474768,19.06045922,144,816.7243264,0,3755.223,15221.206,3838.305944,1694.47,16232.866,29759.55,1.856803365,1,4.945726627,10.01032027
s1-load80,fifo+topology_aware+easy_predicted,3,0.3465076001,0.09119447213,0.1922184342,0.02965708475,0.02587322122,0.007564387761,2000,1600,0,372.9166163,0,2437.363,4190.631,2983.635936,1585.559,10472.988,22691.536,1.554705582,1,3.988437016,10.82731692,1.554705582,3033.360297,377,1206.456268,4051.564,0.8203062214,0.1770975841,0.120000048,0.9703429153,137.4230467,0,0,137.4229859,6.080808082e-05,0,0,0,0,0.9924356122,1.267022445,0.9741267788,0.02587322122,773,209723.434,152,63,3099,639,391.2093333,0,2531.587,4408.366,4162.775452,2241.089,14615.765,30617.045,1.451495873,1,3.673577145,9.167431384,481,320.4221726,0,2206.353,4261.647,1954.885401,1153.537,5828.076,10354,1.570816409,1,4.187598391,12.70622286,318,405.1081038,0,2612.698,3490.25,2632.526755,1625.326,9715.716,12990.216,1.592860895,1,3.877655185,9.541074246,162,393.4344444,0,2414.624,6662.069,2076.299981,1130.221,7785.76,12344.114,1.839077849,1,4.366627872,25.24616731,827,371.1616143,0,2398.244,3857.493,3044.781794,1676.936,10388.057,22881.824,1.570510235,1,4.077427267,12.0274312,629,367.4012973,0,2432.026,4255.658,2802.644717,1482.465,10670.338,14694.807,1.57239372,1,3.92979059,11.40395252,144,407.0869097,0,3212.964,4804.067,3423.051569,1568.426,11894.199,30617.045,1.386675815,1,2.921301309,9.096005978
s1-load80,fifo+topology_aware+easy_predicted,4,0.2675597873,0.0632355101,0.1352349057,0.0315320663,0.01986754967,0.01768975554,2000,1600,0,275.3808175,0,1714.802,4704.84,2870.883329,1705.461,9325.725,14759.055,1.368060513,1,2.76563747,7.827408312,1.368060513,2741.244154,354,902.3402655,4656.003,0.8051773179,0.1703161248,0.1210828339,0.9684679337,149.6143844,0,0,149.6143074,7.709090912e-05,0,0,0,0,0.9823102445,1.447232859,0.9801324503,0.01986754967,755,223893.334,151,57,2882,615,262.5558065,0,1623.708,4704.84,2228.676333,1118.242,8372.659,12638.232,1.514172158,1,4.268325712,10.53731667,495,203.865299,0,1156.426,4252.735,3842.394198,2401.873,12401.891,21983.224,1.113649848,1,1.57277785,3.627436595,334,338.9124701,0,2071.478,5429.751,2670.556246,1857.408,8072.707,12284.51,1.362267686,1,2.894005511,6.802406344,156,416.8423013,0,3288.777,6285.249,2748.887609,1967.814,8588.161,10964.702,1.611710653,1,3.664711557,16.67374134,845,261.2090876,0,1562.93,4656.003,2977.344383,1753.293,9594.192,14833.808,1.375081245,1,2.562635454,10.44984737,608,276.0727829,0,1765.597,4469.838,2747.829605,1625.438,8429.442,13451.18,1.323056023,1,2.76563747,7.431805691,147,353.9821565,0,2205.824,5303.337,2767.870218,1537.756,10582.297,17045.224,1.513844262,1,3.216927991,6.991931741
s1-load80,fifo+topology_aware+easy_predicted,5,0.1235637124,0.03566054078,0.0506593246,0.03310259634,0.003978779841,0.0001624708491,2000,1600,0,92.9534925,0,642.369,1939.258,2270.034549,1543.269,6416.136,11427.432,1.105507814,1,1.559632043,3.511458233,1.105507814,2233.098852,334,322.9301257,1869.597,0.7357282288,0.1413137912,0.09188853675,0.9668974037,123.4579822,0,0,123.4579308,5.139393942e-05,0,0,0,0,0.9998375292,1.036061408,0.9960212202,0.003978779841,754,209107.581,121,45,2604,639,100.0701581,0,700.337,1844.545,2225.073853,1449.317,6405.251,14041.681,1.106676306,1,1.598268219,3.246078261,486,102.4316399,0,704.548,2401.594,1918.169222,1370.637,5380.506,9954.582,1.121302548,1,1.599243866,4.772479678,322,79.23891615,0,566.484,1788.91,2833.972329,2209.392,7511.958,11427.432,1.082274215,1,1.37296216,3.083696665,153,61.98724837,0,391.204,1263.54,2388.651987,1543.269,6880.407,14317.204,1.099352992,1,1.359217394,3.635912927,846,99.32781087,0,611.587,2145.676,2316.98218,1516.044,6781.128,12341.63,1.101110391,1,1.563129043,3.49828215,602,92.62475581,0,659.411,1894.952,2187.584012,1554.41,6264.263,9992.605,1.119008989,1,1.599243866,3.910337501,152,58.77734868,0,198.136,1114.431,2335.281441,1585.426,6880.407,14738.915,1.076511188,1,1.307017041,2.386057791
s1-load80,fifo+topology_aware+easy_predicted,6,0.3751259432,0.09421249858,0.2055807914,0.04292383498,0.03217821782,0.0002306004385,2000,1600,0,394.7750231,0,2606.8,3710.206,2322.13747,1434.589,6927.456,13342.654,1.625465307,1,4.120431951,10.38727072,1.625465307,3154.447706,388,1319.01582,3592.119,0.8776278075,0.2990181002,0.1718699878,0.957076165,152.49218,0,0,152.4920873,9.272727274e-05,0,0,0,0,0.9997693996,1.034216795,0.9678217822,0.03217821782,808,173560.898,196,77,3458,647,370.2511654,0,2516.09,3846.134,2439.674481,1501.959,7540.499,14044.602,1.64211869,1,4.039097272,11.01752622,472,451.5534258,0,2917.504,3651.615,2244.838907,1497.049,6327.927,12307.186,1.636968543,1,5.02382727,9.545479381,318,349.4674057,0,2553.306,3459.541,1605.003981,1208.95,4223.838,6045.361,1.593820245,1,4.015529248,12.72368834,163,416.0962025,0,2113.859,3718.511,3478.498975,1840.14,10439.976,27378.452,1.587789619,1,3.220979976,15.58574831,792,388.7151591,0,2588.347,3597.482,2406.338893,1471.758,6983.566,16868.975,1.700801628,1,4.502203819,12.91823487,644,410.1333416,0,2651.011,3815.248,2212.368208,1375.486,6550.015,10599.522,1.585330628,1,3.9579,9.545479381,164,363.7302378,0,2520.685,3423.144,2346.55136,1435.529,7856.902,12307.186,1.419248029,1,3.677751,9.361031017
s1-load80,fifo+topology_aware+easy_predicted,7,0.2544400002,0.06278349726,0.1483613039,0.02578619308,0.01488833747,0.002620668518,2000,1600,0,284.32628,0,1881.247,5780.003,4086.067578,1643.753,14395.871,41541.625,1.411316655,1,2.745868457,9.483034368,1.411316655,2661.256055,369,1019.439667,5618.907,0.7656616337,0.1748478292,0.09427181022,0.9742138069,177.42006,0,0,177.4199792,8.08484849e-05,0,0,0,0,0.9973793315,1.139047118,0.9851116625,0.01488833747,806,387786.479,127,50,2651,632,269.9147184,0,1747.822,5046.464,3597.89994,1536.316,13177.012,31856.608,1.350647932,1,2.629592636,9.161247262,504,284.3614405,0,1935.902,5010.408,5919.470575,2056.925,31107.887,68088.711,1.422075049,1,2.87817524,9.160634249,308,292.6430422,0,1797.662,5780.003,2769.444932,1256.143,9810.199,24778.908,1.538451635,1,3.313645769,16.38751656,156,326.1777115,0,3013.908,6766.029,2739.956115,1584.339,9333.713,13588.796,1.371334791,1,3.882711234,9.381321523,794,288.9953035,0,2080.372,5780.003,4237.703668,1776.96,13585.551,46953.934,1.409590944,1,3.275388822,9.483034368,644,268.7233571,0,1797.662,5669.297,3979.592062,1541.48,15092.569,41541.625,1.413413987,1,2.338798726,10.92574267,162,323.4687346,0,1723.814,7119.964,3766.136574,1677.94,12591.094,30867.311,1.411437228,1,2.813589135,13.49870876
s1-load80,fifo+topology_aware+easy_predicted,8,0.1240309024,0.04011722538,0.0433383677,0.02759803163,0.01125,0.001727277676,2000,1600,0,82.6056225,0,549.538,1946.872,1605.571831,798.459,5517.692,12122.439,1.168063985,1,1.75454743,5.122978774,1.168063985,2283.718531,390,309.9977154,1870.304,0.7407328515,0.2144817841,0.1046876985,0.9724019684,73.13934,0,0,73.13928222,5.77777778e-05,0,0,0,0,0.9982727223,1.110057394,0.98875,0.01125,800,143420.605,117,50,2706,674,88.56982938,0,572.657,2012.698,1289.539951,698.694,4837.161,8373.706,1.211959101,1,2.057995422,7.326014516,490,67.11934286,0,327.134,2218.225,1438.827833,673.98,4270.192,12710.929,1.091798593,1,1.427240586,3.741111627,303,92.33247525,0,697.369,1960.811,2308.87433,1196.742,7770.511,13651.835,1.175179923,1,1.73464417,5.179514177,133,87.27603759,0,585.395,1870.304,2219.176263,1125.195,9994.052,14700.107,1.210384323,1,1.57308391,5.173476848,800,74.88323125,0,402.951,1809.18,1623.83413,745.031,5537.058,12823.07,1.174695787,1,1.758395422,6.023321691,629,78.3470461,0,572.657,2021.485,1594.33289,860.083,5439.346,11138.25,1.141962227,1,1.637176789,4.150359142,171,134.3983567,0,1137.534,2165.847,1561.475076,791.345,5628.353,8705.806,1.233049738,1,2.315793996,5.601143324
s1-load80,fifo+topology_aware+easy_predicted,9,0.2149599788,0.05956791329,0.112357221,0.03146100457,0.01133501259,0.000238827339,2000,1600,0,262.4850194,0,1424.709,5598.63,2683.750831,1376.682,9126.737,16787.21,1.358195656,1,2.605233243,7.866364811,1.358195656,3434.738642,346,963.8256561,5328.638,0.7808889392,0.1679613156,0.1149257304,0.9685389954,141.9751422,0,0,141.9750734,6.880808083e-05,0,0,0,0,0.9997611727,1.040099467,0.9886649874,0.01133501259,794,213775.987,125,58,3020,645,265.2142124,0,1519.032,5675.09,2671.68156,1451.175,8616.86,16787.21,1.342808221,1,2.616578458,7.525246469,474,248.5348207,0,1521.44,4996.486,2629.631209,1333.355,10039.054,14205.932,1.348730962,1,2.89771486,6.650248434,330,254.8722576,0,1368.777,6562.233,3010.200379,1546.54,10954.146,21313.018,1.396654114,1,2.04786412,8.860762055,151,311.2550596,0,2536.108,5738.529,2191.757649,935.24,9239.063,13637.962,1.369585522,1,2.679350828,7.84480978,806,298.6791799,0,1525.89,5675.09,2784.116587,1389.225,9835.951,16584.618,1.423650418,1,2.89771486,8.087684776,627,235.4234545,0,1068.058,4996.486,2672.69697,1417.77,8401.309,17808.118,1.318429202,1,2.121080871,7.84480978,167,189.4018323,0,805.639,5328.638,2240.852455,1173.057,7715.593,16394.706,1.191591037,1,1.809341409,4.373087278
s1-load80,fifo+topology_aware+easy_predicted,10,0.9457962381,0.1990379772,0.5769178386,0.04724805805,0.1092327698,0.01335959439,2000,1600,0,1443.852471,158.903,7315.418,10032.154,4291.932916,2458.69,13485.66,23370.93,2.740891343,1.078618197,8.70502803,27.6184363,2.740891343,4997.469324,352,4044.660827,9987.975,0.9355912948,0.1962550618,0.1782395127,0.9527519419,293.6849844,0,0,293.6849013,8.319191919e-05,0,0,0,0,0.9866404056,1.380638107,0.8907672302,0.1092327698,769,281945.11,217,85,3610,626,1384.327663,158.229,7305.324,9882.991,4160.237799,2602.305,13157.155,22348.103,2.991504004,1.053765145,10.48205723,33.00999848,484,1672.446651,239.836,7675.234,11415.351,5485.408475,3008.871,16200.112,32753.479,2.841658745,1.113259844,8.693462978,29.73690611,343,1308.872469,140.86,6474.977,9576.435,3539.956172,2185.169,10738.011,20549.455,2.166754625,1.080420512,7.515862685,13.36865245,147,1259.642177,105.087,6537.226,8181.223,2677.830844,1726.582,9397.739,12374.576,2.681530426,1.065198295,9.44880123,20.98713229,831,1418.715706,166.359,7335.54,9882.991,4177.193572,2400.331,13836.714,22525.818,2.66414328,1.078618197,8.175082518,26.8557713,627,1460.024057,142.634,7315.418,10296.326,4409.945033,2605.486,13094.726,31768.239,2.846103226,1.07860827,10.12038456,29.62266667,142,1519.55012,256.831,6671.524,9727.763,4442.31881,2526.07,14083.02,23370.93,2.72546732,1.086590293,9.857495436,33.02766602
s1-load80,fifo+topology_aware+easy_predicted,11,0.3846595744,0.07885410941,0.2372180569,0.03334660474,0.03329223181,0.00194857157,2000,1600,0,514.15945,0,3007.966,6954.788,3311.297291,1831.607,10850.469,23020.909,1.522000436,1,3.448724922,9.750088874,1.522000436,2841.441554,333,1757.570985,6954.788,0.7987188383,0.1735822006,0.1125408241,0.9666533953,156.0626178,0,0,156.0625346,8.319191922e-05,0,0,0,0,0.9980514284,1.122796654,0.9667077682,0.03329223181,811,257446.25,138,51,2911,640,507.2885734,0,2699.939,7328.745,3796.71217,2045.285,13156.163,26817.081,1.52241094,1,3.311916884,9.604409017,470,568.7788574,0,4362.321,7646.869,2709.542513,1715.962,8056.223,14802.477,1.538982616,1,3.956673268,10.41164753,327,390.1260581,0,2162.077,5762.103,2929.010602,1533.389,10150.118,25796.914,1.562002764,1,3.370118929,12.17746206,163,632.4733067,0,3226.345,7420.241,3907.413675,2127.648,12987.225,25425.573,1.391171552,1,3.113831385,6.683781764,789,579.9848378,0,3904.559,7328.745,3469.997535,1906.697,11132.601,24662.227,1.610084876,1,3.764987134,12.25304202,653,463.490683,0,2321.324,7313.677,2982.221724,1706.636,9986.892,17429.715,1.471273885,1,3.483458059,9.229746796,158,394.8586519,0,1902.685,6315.17,3878.840665,2073.15,14633.466,26474.038,1.291784077,1,2.374600192,9.150777665
s1-load80,fifo+topology_aware+easy_predicted,12,0.1268386379,0.03967700128,0.0619637445,0.01833214537,0.002430133657,0.004435613079,2000,1600,0,125.8543475,0,785.711,2650.736,2629.871524,1435.138,8802.614,18503.24,1.200695306,1,1.735294003,4.603460228,1.200695306,2508.84915,349,486.6768682,2585.168,0.7221520057,0.1517032524,0.09795712552,0.9816678546,73.28961333,0,0,73.28954444,6.88888889e-05,0,0,0,0,0.9955643869,1.184711413,0.9975698663,0.002430133657,823,232305.539,99,39,2754,597,136.1465729,0,803.871,3236.32,1615.425506,965.122,5479.671,10005.906,1.259826789,1,2.218382256,6.636554252,519,123.0124624,0,860.028,2438.066,3827.896551,1856.538,14605.565,23590.014,1.236768302,1,1.945115041,5.668020945,324,87.01681481,0,412.13,2441.747,2864.176765,1979.567,8479.109,11913.327,1.063403944,1,1.344897638,2.258286025,160,175.31585,0,1512.396,2425.571,2054.461437,1377.734,6102.906,12484.475,1.141064183,1,1.998742088,3.742665283,777,144.6143848,0,1221.516,2446.438,2633.012422,1490.252,9178.993,20072.319,1.230894558,1,2.350807376,5.668020945,660,122.1429197,0,645.871,3063.643,2607.593435,1448.691,8757.637,16639.112,1.194429594,1,1.529526806,4.354293631,163,51.45553374,0,295.425,939.783,2705.105031,1224.668,8695.297,28479.054,1.082109724,1,1.315818675,2.361792204
s1-load80,fifo+topology_aware+easy_predicted,13,0.1674749473,0.04454712541,0.07514416404,0.03408640221,0.012300123,0.0013971326,2000,1600,0,138.0633219,0,952.841,1904.946,2243.959455,1448.1,6738.707,12617.202,1.193501665,1,1.94829138,4.793633366,1.193501665,2341.236059,351,473.7732564,1900.654,0.8201646363,0.1954917549,0.1143284669,0.9659135978,129.7530822,0,0,129.7530196,6.258585862e-05,0,0,0,0,0.9986028674,1.094128231,0.987699877,0.012300123,813,184122.363,187,62,2844,628,134.9663678,0,852.13,1738.688,2257.148981,1615.343,6271.113,11203.975,1.130476374,1,1.732941539,2.873749007,479,146.3083549,0,1092.588,2233.199,2089.006789,1211.344,6590.317,13717.918,1.231922238,1,2.27823948,6.277693625,328,129.9784817,0,876.602,1858.805,1967.932363,1298.175,5621.888,9042.548,1.236886115,1,1.905101445,5.285546495,165,141.9866182,0,980.781,1934.654,3192.300006,2002.438,10146.53,17432.342,1.235600626,1,2.439855213,6.229532184,787,130.7404282,0,839.843,1892.232,2231.747814,1474.986,6505.021,12617.202,1.194853802,1,1.732941539,5.5125485,643,149.4240886,0,1144.882,1914.937,2214.84503,1454.747,6857.213,10829.723,1.18533228,1,2.221896646,4.694873592,170,128.9935824,0,971.946,1973.131,2410.6132,1353.558,7821.286,17432.342,1.218141562,1,1.9781363,6.603746302
s1-load80,fifo+topology_aware+easy_predicted,14,0.2862887951,0.069087098,0.1514590534,0.04328361753,0.01635220126,0.006106824884,2000,1600,0,261.6470681,0,1920.527,4694.672,2250.951981,1209.468,7897.751,14323.807,1.416805999,1,3.021559669,9.598554894,1.416805999,2691.917483,378,925.2186376,4343.335,0.8014181717,0.167166956,0.1239675778,0.9567163825,165.81914,0,0,165.8190493,9.074747479e-05,0,0,0,0,0.9938931751,1.231557512,0.9836477987,0.01635220126,795,178937.446,131,55,2884,594,281.1702946,0,2023.672,4694.672,1685.306273,771.913,6164.521,11926.055,1.578011812,1,4.227510573,12.46125,514,268.3314163,0,2067.611,5124.276,2626.742825,1638.747,8046.818,13281.989,1.281313943,1,2.633876764,6.689169106,336,190.7965476,0,1242.362,3375.419,1811.383938,1010.136,5905.707,10684.585,1.356426888,1,2.80257317,6.326384375,156,317.8856795,0,2368.314,5786.221,4113.336077,1878.332,18190.113,31756.379,1.379460132,1,2.6743274,9.704159439,805,274.1549019,0,2023.672,4738.24,2275.91339,1222.427,7751.211,13692.888,1.454366712,1,3.237663999,11.12437788,635,259.2006283,0,1816.208,4326.499,2163.500991,1216.332,7844.209,15058.718,1.421089492,1,3.26077722,8.49595141,160,208.4263375,0,1195.64,4329.893,2472.436006,1110.089,9355.447,25809.39,1.210828546,1,1.925867717,6.326384375
s1-load80,fifo+topology_aware+easy_predicted,15,1.012362079,0.1714574232,0.6946044821,0.04739387629,0.08830845771,0.01059783974,2000,1600,0,1265.150985,0,8807.705,15520.502,4355.059744,2288.669,15699.359,24050.453,2.306494437,1,7.49877835,18.96538513,2.306494437,4423.605473,357,3561.179905,14532.324,0.8616460502,0.233867522,0.1474537679,0.9526061237,277.56922,0,0,277.5691316,8.836363646e-05,0,0,0,0,0.9894021603,1.327824128,0.9116915423,0.08830845771,804,276318.312,163,69,3381,654,1144.521069,0,8034.659,15960.202,3725.517012,2006.531,15334.192,20612.698,2.243644803,1,6.302014061,16.10089456,498,1437.893596,0,9161.904,14782.181,5638.422582,3387.656,17031.161,36239.447,2.257907146,1,6.905216911,18.96538513,299,1203.746344,0,9073.479,16094.103,3181.09393,1370.366,14109.849,22687.245,2.671627321,1,10.30827932,26.5080745,149,1340.494154,0,8842.068,16039.939,5184.737805,2743.792,18775.461,30132.161,2.012034022,1,7.203295593,15.75037608,796,1402.796665,0,9161.904,15846.85,4749.991268,2490.06,17171.699,28341.376,2.481312149,1,8.327131774,23.43028923,652,1089.428445,0,7719.34,15550.641,4076.974325,2162.09,14576.198,22687.245,2.170836332,1,6.302014061,22.45856297,152,1298.079507,0,8863.539,14532.324,3479.705796,1736.809,14109.849,24933.047,1.972903548,1,7.804389555,12.88751319
s1-load80,fifo+topology_aware+easy_predicted,16,0.6777906331,0.1978814923,0.3575364469,0.04345377168,0.07089552239,0.008023399911,2000,1600,0,908.941705,44.63,4533.624,6856.395,2559.945953,1329.565,8433.929,16129.407,2.598208227,1.04175075,8.654448566,23.09639351,2.598208227,5992.28599,364,2860.992352,6790.551,0.9258631375,0.2164723977,0.189552499,0.9565462283,154.9667689,0,0,154.966684,8.48888889e-05,0,0,0,0,0.9919766001,1.276332834,0.9291044776,0.07089552239,804,142015.645,222,91,3730,625,814.0185552,42.253,4164.735,6646.199,2229.706563,1128.046,8092.365,16831.578,2.620726552,1.043685436,10.12517783,21.95495484,493,1040.07755,83.501,4842.17,6859.285,3026.550562,1548.057,9912.716,16474.97,2.725510823,1.058384103,9.510639457,25.64739418,322,839.2250652,14.797,4208.615,6458.96,2261.423348,1357.334,7610.359,10347.009,2.589548172,1.015301119,7.08315554,25.02927935,160,1015.977675,0,4592.205,7077.919,3012.994862,1800.568,8598.097,19225.966,2.135423262,1,7.802233966,17.28982519,796,874.5250754,10.124,4580.858,7227.137,2580.133936,1255.143,8781.919,17135.079,2.573499567,1.015301119,9.215761818,26.16039492,633,902.0091975,53.333,4311.612,6567.228,2507.756951,1398.267,8174.849,13605.509,2.529325607,1.055095978,7.83472311,21.95495484,171,1094.81255,104.681,4920.819,6646.199,2659.162351,1458.347,8085.105,12264.709,2.968212862,1.175603225,10.91904468,22.98212079
s1-load80,fifo+topology_aware+easy_predicted,17,0.5952044391,0.1211447874,0.3669158142,0.03945174494,0.0616966581,0.005995434505,2000,1600,0,822.9741344,0,4652.556,6968.433,3615.642554,2298.598,12043.396,20608.055,1.817774007,1,5.298329419,11.93420476,1.817774007,3346.407639,372,2093.257331,6761.325,0.8700865122,0.1418402879,0.1164847504,0.9605482551,217.97524,0,0,217.9751656,7.438383841e-05,0,0,0,0,0.9940045655,1.227321182,0.9383033419,0.0616966581,778,249178.928,194,73,3167,628,851.6983471,0,5029.886,6968.433,3839.511354,2584.893,12349.429,18213.062,1.816506251,1,5.185901622,12.68236557,486,799.8057798,0,4615.578,7118.018,4076.305726,2590.521,13192.025,22125.551,1.726264712,1,4.591519381,11.32873104,340,835.3882529,0,4337.342,6577.075,2702.417626,1211.207,8167.111,21302.621,2.023512601,1,6.828178064,12.04274399,146,747.633137,0,5243.493,7006.405,3245.947808,2339.658,10246.562,16583.716,1.648722951,1,5.344695209,9.590380453,822,818.4573333,0,4479.878,6819.479,3572.951253,2338.673,11792.097,18213.062,1.824332663,1,5.215885544,11.93420476,617,827.8235705,0,4870.13,7241.267,3689.010909,2283.666,12604.173,21203.51,1.737120106,1,5.221984478,11.32873104,161,827.4505839,0,3825.484,6336.132,3552.437422,2233.777,10786.56,21302.621,2.093377994,1,5.994265044,19.65445865
s1-load80,fifo+topology_aware+easy_predicted,18,0.2162157093,0.0450743847,0.1071718028,0.02321134634,0.008827238335,0.03193093719,2000,1600,0,206.8577013,0,1358.957,4669.738,4179.348798,1713.87,16618.749,34132.782,1.323660411,1,1.971351335,7.087545283,1.323660411,2547.117412,356,724.5736124,4551.437,0.7187375265,0.1167961318,0.0999844219,0.9767886537,152.1891378,0,0,152.1890726,6.513131316e-05,0,0,0,0,0.9680690628,1.496050516,0.9911727617,0.008827238335,793,390125.266,92,38,2594,654,192.966685,0,1378.433,4387.155,6611.231012,3025.514,22528.038,46925.048,1.136731005,1,1.666483353,3.930252904,489,255.5629489,0,1736.592,5525.049,2827.628053,1243.615,10846.98,15435.167,1.700607007,1,3.609880073,12.99623146,318,194.2154434,0,1473.975,5050.288,1605.449176,1045.959,5300.626,9048.133,1.209885919,1,2.364758704,5.097123224,139,129.7936475,0,659.587,3029.662,3381.079417,1628.426,15008.808,17876.58,1.13736714,1,1.672376954,3.616260272,807,212.0434845,0,1358.957,5520.492,3796.103789,1628.426,15435.167,26016.902,1.440184209,1,2.146722108,7.087545283,633,205.277376,0,1694.547,4387.155,4735.482724,1765.308,18882.012,38563.639,1.196956515,1,1.797461063,6.248787797,160,186.9540688,0,828.611,5643.707,3912.135969,1880.443,11371.559,46925.048,1.237215798,1,1.871364224,7.423339834
s1-load80,fifo+topology_aware+easy_predicted,19,0.07442271413,0.03005362563,0.0259276431,0.01526704654,0,0.00317439886,2000,1600,0,58.29244687,0,328.767,1462.154,2637.811853,1103.321,8867.274,24338.015,1.138770292,1,1.314410733,4.028489639,1.138770292,2264.789642,338,241.6727249,1462.154,0.7220233669,0.1222268875,0.07802197477,0.9847329535,70.73128,0,0,70.73124824,3.175757578e-05,0,0,0,0,0.9968256011,1.131101539,1,0,831,280470.095,84,32,2569,656,65.73153506,0,310.46,1462.154,3793.893082,1627.538,13497.279,42543.581,1.076248535,1,1.250001641,2.984983333,468,51.51639957,0,327.98,1321.699,1682.767126,676.552,6975.626,15676.654,1.19368334,1,1.438409341,4.247004927,316,56.94384177,0,234.263,1741.868,2136.944316,1027.163,7236.443,17476.555,1.217346374,1,1.222692606,8.133693855,160,50.27561875,0,369.268,1161.678,1680.598025,869.661,5505.563,13615.689,1.079301072,1,1.273369875,4.476412497,769,65.95973992,0,295.901,1741.868,2578.572319,1199.757,8214.182,22485.277,1.145894973,1,1.25,4.390786888,662,53.85090332,0,339.331,1473.774,2699.822757,1064.927,10028.385,28158.885,1.147311942,1,1.385137488,4.192691504,169,40.80223077,0,375.598,811.594,2664.462645,1094.185,10955.622,27094.338,1.072891877,1,1.352599283,2.175487501
s1-load80,fifo+topology_aware+easy_predicted,20,0.4201574637,0.08840685173,0.2458215673,0.03489499945,0.03113325031,0.01990079495,2000,1600,0,438.0342106,0,3117.06,7380.865,3533.25939,1720.413,12610.291,24694.05,1.558278589,1,3.866519008,11.68381667,1.558278589,2897.543528,353,1529.660246,6983.925,0.807809825,0.2295056924,0.1083462275,0.9651050005,190.2977067,0,0,190.2976291,7.753535356e-05,0,0,0,0,0.9800992051,1.398663741,0.9688667497,0.03113325031,803,268593.303,135,59,2906,645,477.4514822,0,3732.909,7668.311,5603.47298,3418.599,18475.109,38188.694,1.386841714,1,2.885214471,7.238846783,467,404.0926595,0,2740.794,6351.342,1719.531764,1148.76,6098.11,10078.228,1.875068496,1,6.0496,18.50387167,310,489.1234323,0,3272.589,7688.583,2921.6227,1865.83,9333.838,13804.367,1.340614217,1,3.44185642,5.820817173,178,295.2752528,0,2065.813,6409.252,1855.340343,924.739,6673.197,14366.428,1.727446302,1,3.295482681,11.45237716,797,437.2382008,0,3117.06,7668.311,3479.640276,1652.554,12716.498,23600.304,1.47291101,1,3.866519008,9.731872111,621,453.7841626,0,3425.192,6852.325,3762.102775,1761.224,13270.619,33307.836,1.617778912,1,3.857429993,12.52239636,182,387.7798132,0,2726.605,5741.922,2987.230225,1723.729,9003.985,26503.318,1.729093201,1,4.373683881,18.50387167
s1-load80,priority+topology_aware+easy_predicted,1,0.1086758067,0.03262794831,0.04684305175,0.01766791302,0.004926108374,0.006610785216,2000,1600,0,108.1050075,0,593.978,2462.955,3289.776844,1348.615,9615.977,46326.346,1.226764857,1,1.427000055,5.375775666,1.226764857,2380.07525,370,412.4895216,2299.35,0.7222293923,0.1206651679,0.09855443314,0.982332087,100.7869889,0,0,100.7869322,5.664646467e-05,0,0,0,0,0.9933892148,1.258265741,0.9950738916,0.004926108374,812,331001.651,98,40,2560,647,142.3950757,0,776.916,4325.701,2438.210484,1589.321,7781.472,15033.631,1.323990902,1,1.681470098,5.80315974,468,83.26915171,0,345.485,1853.593,1680.559098,960.132,6023.898,9325.932,1.212039541,1,1.33344092,7.882647757,333,67.23463363,0,347.125,1694.288,7317.329168,1379.871,46326.346,86400,1.052234722,1,1.224509404,2.732675424,152,128.1533026,0,959.628,3589.47,3045.713796,2015.778,10223.501,15590.314,1.240611777,1,1.692365953,8.701174545,788,121.3351548,0,477.244,4140.403,3291.083313,1434.601,9471.774,48633.587,1.296229912,1,1.266756083,6.162457666,648,101.6889954,0,670.809,2337.042,3207.927048,1296.074,10325.981,44785.025,1.167567476,1,1.598929112,5.375775666,164,69.88683537,0,376.85,1575.854,3606.905933,1311.824,9059.982,67156.945,1.126895583,1,1.545872586,2.857185158
s1-load80,priority+topology_aware+easy_predicted,2,0.3192838788,0.05660127207,0.1910546489,0.04974406291,0.00513478819,0.01674910676,2000,1600,0,652.7603294,0,2422.606,21766.054,3900.385472,1719.643,15035.59,31727.361,1.628837233,1,2.475485667,14.60906303,1.628837233,3333.402398,332,2956.864515,21766.054,0.7644978027,0.2237022555,0.1075374129,0.9502559371,305.9991756,0,0,305.9990963,7.92727273e-05,0,0,0,0,0.9832508932,1.351249011,0.9948652118,0.00513478819,779,273634.409,117,47,2967,636,808.8735535,0,3559.731,24783.541,5413.723747,2245.604,23011.71,35930.973,1.467388437,1,2.475485667,15.0338065,502,640.5,0,2429.904,21326.361,3153.22009,1608.374,9980.64,26097.314,1.955720511,1,2.106252323,15.50305246,311,389.6047588,0,1532.761,8952.482,2149.390711,1245.156,7305.529,17518.666,1.519485754,1,3.254503846,13.27118836,151,577.9792517,0,5226.56,13860.128,3616.632166,1842.902,10472.332,34142.899,1.447342789,1,3.973394716,11.60595916,821,1096.119076,0,6153.386,26521.927,4466.40257,1873.317,19174.723,32429.46,2.025325572,1,5.270270314,16.67316882,635,209.6495339,0,919.787,5930.497,3349.368206,1705.867,11781.562,24380.604,1.242174268,1,1.729744522,7.706752241,144,78.99522222,0,336.76,1459.332,3103.134965,1436.296,13763.907,27939.411,1.073379294,1,1.19905119,3.973394716
s1-load80,priority+topology_aware+easy_predicted,3,0.3033973199,0.07754260409,0.1902518996,0.02548060216,0.002587322122,0.007534891995,2000,1600,0,389.6628856,0,2412.427,7362.23,3000.068401,1506.837,10777.038,22596.681,1.497579444,1,3.391365565,10.25883257,1.497579444,2908.340884,377,1453.682966,7307.343,0.8173949693,0.2775548233,0.1450273597,0.9745193978,117.5643244,0,0,117.5642652,5.923232325e-05,0,0,0,0,0.992465108,1.274905733,0.9974126779,0.002587322122,773,208721.24,195,87,3177,639,374.5995806,0,2428.094,6683.057,4146.754986,2080.415,14887.415,30617.045,1.320867133,1,2.947625877,8.256965899,481,340.3874096,0,1806.089,7411.026,1979.196256,1090.27,6475.159,10994.371,1.68398108,1,3.415286286,14.688151,318,508.5929811,0,3428.429,7609.266,2728.892984,1579.201,9547.711,16456.392,1.572557541,1,4.75912873,10.48529419,162,361.929463,0,1794.945,7307.343,2040.44221,1097.137,8102.282,13416.701,1.493980339,1,3.613506405,9.888796831,827,578.4768863,0,4424.454,8144.653,3252.037331,1621.009,11311.58,22691.536,1.71831216,1,4.547736246,11.95353459,629,217.9408633,0,1552.88,4323.822,2650.207932,1376.55,10374.238,14694.807,1.313305439,1,2.727840964,8.135911608,144,55.38492361,0,325.157,1078.691,3081.206806,1262.948,11894.199,30617.045,1.034818287,1,1.146205909,1.920356572
s1-load80,priority+topology_aware+easy_predicted,4,0.1800774062,0.04479956088,0.08587824472,0.03561975756,0.003973509934,0.009806333059,2000,1600,0,213.7867725,0,1088.951,5207.752,2813.118797,1588.009,9318.729,15467.06,1.263934135,1,1.959331775,5.812517566,1.263934135,2560.627713,354,866.3775085,5127.246,0.8104409001,0.2627664352,0.1421599639,0.9643802424,169.7261733,0,0,169.7260916,8.173737377e-05,0,0,0,0,0.9901936669,1.308592846,0.9960264901,0.003973509934,755,223893.334,179,76,3020,615,210.6612228,0,1184.53,5207.752,2188.702415,1020.006,8538.368,13136.495,1.355469458,1,2.505036825,7.696362332,495,167.2123838,0,835.366,4115.573,3805.150749,2378.528,12658.508,23030.296,1.108869501,1,1.452814987,2.709775429,334,248.908982,0,1455.416,5907.497,2581.152808,1635.032,8458.75,12123.073,1.237800418,1,2.365057429,5.812517566,156,298.6952179,0,2047.839,5799.504,2623.611737,1804.543,7598.06,14832.226,1.451058696,1,2.444793105,11.31591158,845,329.1954805,0,2063.302,7208.399,3050.815518,1690.202,10650.635,15725.848,1.381857302,1,2.804546969,7.696362332,608,86.93749342,0,544.624,1455.416,2562.453937,1516.296,7971.136,13385.698,1.129372222,1,1.53350648,3.39248716,147,75.0384966,0,557.657,1452.792,2483.530395,1426.084,10582.297,15467.06,1.142631863,1,1.578217659,3.515883681
s1-load80,priority+topology_aware+easy_predicted,5,0.1099316806,0.03227943062,0.04539102108,0.03035978581,0.001326259947,0.0005751831787,2000,1600,0,94.75822187,0,575.566,2279.494,2270.839966,1533.874,6435.784,11427.432,1.105950282,1,1.411757456,3.653720901,1.105950282,2246.221168,334,369.6833024,2279.494,0.7333415279,0.1581767236,0.08847984129,0.9696402142,112.9082289,0,0,112.9081815,4.739393942e-05,0,0,0,0,0.9994248168,1.06442042,0.9986737401,0.001326259947,754,209107.581,131,51,2644,639,110.3042801,0,746.743,2546.35,2235.736052,1450.868,6407.696,14041.681,1.120388232,1,1.503697165,4.142664468,486,101.8387346,0,620.878,2732.622,1913.714977,1364.568,5407.76,9954.582,1.112585179,1,1.629382368,3.486578653,322,84.27698447,0,527.617,1419.233,2841.18177,2241.48,7511.958,11427.432,1.092643322,1,1.344594636,3.511458233,153,29.39807843,0,210.682,959.786,2351.520255,1543.269,6880.407,14317.204,1.05258055,1,1.245590708,1.334713021,846,135.0402069,0,882.763,2902.076,2353.253337,1558.329,6827.049,12341.63,1.154513801,1,1.738512959,4.932635461,602,56.48733223,0,319.694,929.715,2148.005372,1527.604,6264.263,9992.605,1.059623643,1,1.295962266,2.192044591,152,22.13003947,0,143.87,709.432,2298.634132,1507.125,6880.407,14738.915,1.019133829,1,1.059224516,1.449380839
s1-load80,priority+topology_aware+easy_predicted,6,0.3564371346,0.1046527195,0.1962921168,0.0459088918,0.00495049505,0.004632911498,2000,1600,0,528.2466606,0,2489.018,12869.256,2454.373941,1335.3,9120.008,18336.948,1.756295653,1,4.577040366,12.86121849,1.756295653,3438.475987,388,2072.365057,12650.694,0.8716012481,0.4836795549,0.2135115647,0.9540911082,163.60724,0,0,163.6071363,0.0001037171717,0,0,0,0,0.9953670885,1.204647284,0.995049505,0.00495049505,808,173582.039,241,111,3686,647,370.4463771,0,1697.399,10283.881,2435.641513,1393.787,8838.612,16006.777,1.610436872,1,3.463349292,9.482995106,472,745.7118686,0,3918.461,15780.309,2538.319104,1281.523,11296.938,18336.948,1.940008405,1,7.241868919,19.20460676,318,538.6891321,0,3426.668,12106.048,1801.153469,1096.768,5130.213,13385.921,1.800743936,1,4.247952082,17.85275912,163,504.5196626,0,2423.314,12864.739,3560.029613,1689.861,13101.112,27378.452,1.716563494,1,4.486898128,9.153,792,942.5417753,0,5605.241,15780.309,2955.374924,1464.888,12569.729,22080.822,2.328628971,1,8.387728786,21.44973319,644,138.3364099,0,800.625,1839.985,1945.66539,1207.338,6407.663,10535.725,1.219175408,1,2.292824789,5.185175221,164,58.61538415,0,350.254,1242.339,2032.517409,1220.311,6391.292,12307.186,1.101524003,1,1.480323729,4.018855464
s1-load80,priority+topology_aware+easy_predicted,7,0.1521136624,0.04683138628,0.08327157682,0.01042524041,0.007444168734,0.004141290161,2000,1600,0,234.6246087,0,1055.898,6268.735,4027.889567,1534.541,14821.059,41541.625,1.326052355,1,2.048194701,7.42012694,1.326052355,2525.160757,369,941.2523333,5675.729,0.7537062129,0.1898180836,0.090186549,0.9895747596,70.61667111,0,0,70.61660824,6.286868689e-05,0,0,0,0,0.9958587098,1.200618557,0.9925558313,0.007444168734,806,387786.479,126,46,2666,632,198.1350981,0,956.963,4895.365,3519.908608,1452.6,13105.294,31856.608,1.218669964,1,1.954085583,6.318033099,504,261.0015952,0,1134.679,6721.522,5880.53102,1951.784,29959.521,68088.711,1.366888334,1,2.034202814,10.0416992,308,223.3644968,0,948.443,5736.767,2692.352244,1131.68,9640.233,24778.908,1.463157773,1,2.267634314,6.953350189,156,319.4674551,0,1910.786,7995.636,2737.236814,1542.608,11305.754,13731.614,1.358461774,1,3.180093979,12.78634052,794,336.491364,0,2203.593,7741.516,4278.660039,1656.684,13792.706,46953.934,1.424482266,1,2.569773129,9.29147055,644,140.1065497,0,792.309,3375.913,3837.868354,1455.189,15404.159,41541.625,1.259037854,1,1.566952421,9.463121767,162,111.0902037,0,614.924,2659.676,3554.197636,1459.76,12591.094,29842.054,1.110027596,1,1.448260952,4.355943352
s1-load80,priority+topology_aware+easy_predicted,8,0.08355810315,0.0358006303,0.02556731679,0.01947344083,0,0.002716715232,2000,1600,0,68.60943438,0,324.198,2048.133,1589.900028,779.056,5477.906,12122.439,1.157298782,1,1.56575893,5.092092873,1.157298782,2268.959505,390,259.5327077,1641.38,0.7351785916,0.1681103227,0.09552080177,0.9805265592,51.18021333,0,0,51.18015636,5.696969698e-05,0,0,0,0,0.9972832848,1.134693398,1,0,800,143420.605,132,58,2679,674,84.31583976,0,361.829,2458.985,1285.657832,698.858,4889.037,8645.999,1.23475379,1,1.741220989,8.329898621,490,52.02689184,0,314.229,1148.357,1422.419,687.718,4270.192,12710.929,1.088182757,1,1.569984285,3.151621947,303,57.72860066,0,249.305,980.435,2272.745865,1111.271,7770.511,13651.835,1.093682815,1,1.259703524,3.696654141,133,74.89681203,0,314.421,2302.981,2193.077887,1107.103,9774.231,14700.107,1.164350026,1,1.372725804,6.965226919,800,100.6699263,0,460.768,2694.831,1649.548668,756.001,5517.692,12823.07,1.237288387,1,2.012332869,7.163196467,629,41.19483625,0,194.46,1057.016,1553.180529,816.867,5373.781,11138.25,1.083138987,1,1.364040423,3.458152308,171,19.45966082,0,155.338,380.156,1445.909696,777.481,5628.353,8705.806,1.055865028,1,1.300934785,2.7620051
s1-load80,priority+topology_aware+easy_predicted,9,0.1858781846,0.05028339524,0.08687089679,0.02701864787,0.002518891688,0.01918635297,2000,1600,0,299.0822956,0,1101.538,7911.24,2715.090217,1325.631,9239.063,20143.662,1.421493497,1,2.199170083,9.004308233,1.421493497,3616.077416,346,1303.430358,7796.184,0.7763195051,0.1597424048,0.1095103065,0.9729813521,121.37128,0,0,121.3712154,6.460606062e-05,0,0,0,0,0.980813647,1.43433614,0.9974811083,0.002518891688,794,223545.438,150,60,3021,645,242.9784264,0,965.18,5783.739,2642.137464,1373.239,8257.441,17808.118,1.340598498,1,2.553662751,8.164716667,474,334.3094219,0,1419.928,10548.109,2712.808665,1243.869,10406.415,14892.737,1.367725672,1,2.241983669,9.715180693,330,333.7383091,0,1040.81,7796.184,3081.5885,1497.275,12610.793,21931.596,1.749241916,1,1.774940472,12.82569702,151,352.4124503,0,885.703,11767.242,2232.91504,927.779,11282.49,27918.672,1.219548101,1,1.794610594,7.108435874,806,523.9233263,0,2811.356,11755.298,3004.613447,1376.682,11162.545,24251.497,1.68425041,1,3.210407187,12.88065789,627,78.07657735,0,540.306,1410.804,2508.035402,1325.631,8158.277,16787.21,1.175747172,1,1.691379826,6.06690421,167,43.68537725,0,287.02,1040.81,2095.136,1115.233,7283.418,16394.706,1.07598975,1,1.340478782,3.303908287
s1-load80,priority+topology_aware+easy_predicted,10,1.22833975,0.2293720512,0.917005391,0.04755006831,0.01690507152,0.01750716802,2000,1600,0,1654.959016,0,11627.787,24099.015,4504.570844,1870.952,18104.534,32460.095,2.763018053,1,10.03170431,28.48204334,2.763018053,5204.721842,352,6266.192491,22896.896,0.9368513542,0.3141023358,0.2316920307,0.9524499317,295.6559422,0,0,295.6558567,8.553535353e-05,0,0,0,0,0.982492832,1.328032711,0.9830949285,0.01690507152,769,281945.11,234,106,3744,626,1586.07688,0,10282.105,25801.824,4355.009391,1941.808,17251.569,29953.062,3.144818662,1,8.75065,33.3950585,484,1701.761605,0,12499.456,24650.743,5524.581275,2246.908,20582.704,37687.833,2.435954056,1,8.665358426,28.48204334,343,1783.198697,0,12969.034,22064.738,4019.221096,1836.702,16190.978,30019.772,2.368028013,1,10.69809271,19.24119266,147,1494.969578,0,12356.922,16927.224,2915.55985,1414.709,13814.021,18244.931,3.135626061,1,11.72297694,46.38785429,831,2679.476227,0,16354.272,27430.016,5443.237971,2207.053,22436.885,32884.183,3.809536359,1,14.58022859,33.60050197,627,635.4619314,0,3718.447,7918.279,3582.773501,1771.058,11553.606,29188.93,1.724750421,1,4.173767218,16.82597291,142,160.9510493,0,568.425,2857.012,3081.574725,1446.43,10692.694,19463.371,1.22313843,1,1.608860645,5.351812733
s1-load80,priority+topology_aware+easy_predicted,11,0.2547234452,0.0557017151,0.1650434895,0.03179351786,0.001233045623,0.0009516770463,2000,1600,0,383.2361294,0,2092.78,8078.922,3179.577276,1645.337,10890.87,24400.136,1.364791471,1,2.436143082,9.523325321,1.364791471,2590.508544,333,1647.286396,8078.922,0.7981082999,0.2208096954,0.1087118569,0.9682064821,148.5554689,0,0,148.555374,9.490909093e-05,0,0,0,0,0.999048323,1.078057734,0.9987669544,0.001233045623,811,257446.25,150,65,2994,640,374.6808313,0,2100.398,8078.922,3662.092747,1831.439,12721.702,30974.656,1.329929447,1,2.370501102,9.264248434,470,412.7603489,0,2188.795,8668.432,2552.283802,1527.383,8290.459,15048.337,1.383433923,1,2.900385077,10.47804647,327,287.1376055,0,1418.887,4957.186,2824.662413,1438.904,10411.74,22028.026,1.426810217,1,3.253042597,13.81326795,163,524.482908,0,1651.29,15037.652,3805.805442,1898.063,14119.809,25425.573,1.323500748,1,1.653056162,14.34551443,789,673.0593954,0,3975.383,12773.244,3559.503636,1821.899,12027.946,25449.417,1.612418293,1,4.099029942,14.80934802,653,110.1809893,0,767.83,1993.215,2629.865294,1466.717,9169.213,16537.878,1.145056348,1,1.625694212,4.486547649,158,64.46682278,0,410.557,653.636,3554.260981,1882.23,14119.809,26474.038,1.036370407,1,1.291035793,1.876494037
s1-load80,priority+topology_aware+easy_predicted,12,0.09664206731,0.03287560306,0.03968739228,0.01888390759,0,0.005195164389,2000,1600,0,105.1995313,0,503.243,2651.45,2609.088146,1410.621,9082.635,18503.24,1.169119556,1,1.437831363,5.464663877,1.169119556,2382.362744,349,455.8035272,2579.522,0.7217192317,0.1661821447,0.1020216803,0.9811160924,75.53794667,0,0,75.53787665,7.002020202e-05,0,0,0,0,0.9948048356,1.202979273,1,0,823,232305.539,104,41,2803,597,115.7677538,0,441.152,3408.109,1594.137441,943.428,5473.354,10235.011,1.17345016,1,1.513461015,6.857967118,519,107.786499,0,557.818,2458.584,3811.736954,1826.473,14194.761,23590.014,1.263784885,1,1.443606008,7.833726469,324,86.01738272,0,474.057,2144.512,2866.835765,1989.42,8506.997,11913.327,1.050545852,1,1.225467355,1.935103653,160,96.219225,0,579.388,2443.608,1973.091969,1320.026,5588.553,12484.475,1.08600208,1,1.496132933,2.728821546,777,167.0628211,0,760.687,5183.465,2652.679349,1462.753,10005.906,20139.327,1.261043115,1,2.074320075,7.833726469,660,52.14774848,0,262.7,1395.237,2539.214711,1409.757,8756.039,16639.112,1.087418846,1,1.191211548,3.077593356,163,25.11609816,0,75.963,780.001,2684.217613,1224.668,8695.297,28479.054,1.061744484,1,1.25,1.873150843
s1-load80,priority+topology_aware+easy_predicted,13,0.1412737525,0.03753270065,0.05344453897,0.03531332136,0.0012300123,0.01375317923,2000,1600,0,121.8312413,0,677.686,2289.075,2228.736773,1404.193,6844.333,12617.202,1.209666472,1,1.641511915,4.094981638,1.209666472,2359.115649,351,453.1958803,2242.783,0.8210959421,0.2192896565,0.1204435743,0.9646866786,134.5944289,0,0,134.5943728,5.612121216e-05,0,0,0,0,0.9862468208,1.331447473,0.9987699877,0.0012300123,813,184122.363,195,74,2914,628,121.7018503,0,715.394,1845.58,2244.260893,1546.504,6857.213,10866.51,1.11139934,1,1.597829177,3.281547812,479,137.9377516,0,1024.204,3068.424,2078.984555,1120.848,6621.758,13717.918,1.169432975,1,2.18328289,4.342493553,328,99.88036585,0,504.463,1707.846,1933.653088,1207.509,5408.873,9946.803,1.479769843,1,1.555093755,3.478376971,165,119.201703,0,835.037,1945.463,3190.976848,2002.438,10650.405,17584.985,1.163543432,1,1.674795516,6.293163165,787,182.5114587,0,1128.934,3481.369,2286.914014,1461.486,6833.191,12617.202,1.349287244,1,1.998481872,5.366822738,643,70.2037605,0,421.924,1440.687,2139.032868,1372.715,6844.333,10829.723,1.081852344,1,1.560249428,2.44075009,170,36.19088235,0,328.902,492.979,2298.702194,1249.784,7530.658,17589.797,1.046742571,1,1.250000272,2.31775075
s1-load80,priority+topology_aware+easy_predicted,14,0.1926171639,0.05338076408,0.08958962942,0.03964487924,0,0.01000189119,2000,1600,0,195.8573838,0,1136.012,4460.817,2183.208257,1139.914,7857.101,14323.807,1.333496193,1,2.334635098,10.03307346,1.333496193,2563.969805,378,729.8389656,4368.103,0.7995058634,0.2024660995,0.1303825499,0.9603551208,151.3037044,0,0,151.3036256,7.882828286e-05,0,0,0,0,0.9899981088,1.318818606,1,0,795,178937.446,152,58,2912,594,218.057862,0,1269.872,5672.02,1620.630759,735.632,6166.605,11926.055,1.482436116,1,3.281087973,13.04274511,514,204.7998774,0,1160.709,4641.81,2560.768712,1606.434,8078.313,13516.23,1.242196135,1,1.732754873,8.073166273,336,154.3101042,0,940.176,3305.244,1767.525854,969.863,6113.991,10684.585,1.307095553,1,2.334635098,8.207549327,156,171.3468718,0,1332.812,3298.445,3976.632923,1759.12,17893.987,31756.379,1.124063695,1,1.719217486,3.915877289,805,319.2702149,0,2073.36,6231.452,2319.765012,1237.133,8046.818,14202.218,1.513739247,1,3.611356182,12.80690204,635,82.57185197,0,557.694,1705.266,1984.075606,1117.055,6983.033,15058.718,1.178199806,1,1.803763204,5.69070095,160,24.53853125,0,183.963,365.803,2286.464794,941.713,8216.604,25809.39,1.042980859,1,1.170397475,2.059222973
s1-load80,priority+topology_aware+easy_predicted,15,0.7268023208,0.1184912091,0.5299233693,0.05363911211,0.02114427861,0.003604351637,2000,1600,0,1038.071356,0,6719.52,21356.886,4133.703816,1993.698,15779.152,27733.125,1.905341979,1,5.182273809,21.4178704,1.905341979,3659.84574,357,4246.081129,19389.755,0.8645213168,0.2705424073,0.149333586,0.9463608879,316.2184756,0,0,316.2183913,8.428282839e-05,0,0,0,0,0.9963956484,1.16046073,0.9788557214,0.02114427861,804,275506.014,191,90,3431,654,1073.963144,0,6965.362,22537.105,3655.10863,1794.963,14929.762,25697.19,2.061549501,1,6.045823075,30.58038834,498,1199.685143,0,8251.087,23135.891,5415.372542,2932.721,17031.161,40068.118,1.776492257,1,4.945829858,13.76311082,299,650.7143846,0,3069.72,16282.928,2635.402358,1135.34,11870.472,27019.345,1.822644227,1,5.606474933,21.4178704,149,1117.687732,0,8406.303,17034.682,4957.343832,2329.566,18775.461,29182.422,1.816308892,1,5.451743095,18.02295234,796,1752.785763,0,11680.458,23666.759,5109.074712,2395.241,19006.564,33142.167,2.478007592,1,10.33296021,30.58038834,652,375.0487255,0,1731.402,8733.729,3365.481672,1826.419,11653.745,17587.688,1.382083022,1,2.574831944,6.696055252,152,139.2429868,0,721.893,2559.607,2321.109112,1206.138,7852.665,24248.384,1.150888108,1,1.962934739,2.676601324
s1-load80,priority+topology_aware+easy_predicted,16,0.5953208672,0.16916465,0.3800855872,0.03496838766,0.003731343284,0.007370899062,2000,1600,0,742.3935444,0,4819.551,12480.354,2393.849169,1025.433,9729.28,18549.663,2.211565798,1,7.398502739,22.01301931,2.211565798,4412.281645,364,2876.729234,12166.135,0.9139995166,0.2957170666,0.1949377002,0.9650316123,123.6092956,0,0,123.6092042,9.135353538e-05,0,0,0,0,0.9926291009,1.253470795,0.9962686567,0.003731343284,804,138907.123,272,123,3733,625,746.3343104,0,4872.946,12480.354,2153.872992,842.624,9729.28,18811.675,2.203182936,1,8.734056048,21.68738335,493,794.5965984,0,5093.931,15097.679,2785.479085,1134.398,11440.421,18663.916,2.425177863,1,6.366411343,36.34640356,322,597.6891522,0,4473.688,8376.328,2027.292289,1078.482,6992.733,12644.214,2.038323087,1,6.274309315,22.01301931,160,857.3668563,0,5082.603,17392.972,2862.242156,1479.839,10239.214,18847.255,1.934770137,1,3.839141223,23.41701369,796,1286.09607,0,8376.328,16859.464,2996.726195,1085.183,12510.012,19772.398,3.050393993,1,12.75331267,35.95447669,633,236.175643,0,1758.185,2903.543,1836.398564,992.178,6490.958,11625.531,1.425224756,1,2.817127185,8.632984931,171,85.36852047,0,562.181,1232.493,1651.019468,820.149,5366.572,11359.593,1.217686482,1,2.417590402,5.048167557
s1-load80,priority+topology_aware+easy_predicted,17,0.6197895464,0.1194033988,0.4376818045,0.04568923897,0.005141388175,0.01187371597,2000,1600,0,911.7892813,0,5549.881,20075.447,3709.667284,1907.255,14227.945,26356.531,1.765110629,1,5.222168893,16.04199335,1.765110629,3260.300221,372,3272.089669,19177.905,0.8617220809,0.2419821881,0.1335025875,0.954310761,254.0880489,0,0,254.0879631,8.581818185e-05,0,0,0,0,0.988126284,1.290950624,0.9948586118,0.005141388175,778,245145.957,212,88,3225,628,988.5804013,0,5549.881,20075.447,3981.746016,2321.187,15212.747,23504.367,1.828029554,1,6.621413582,15.5031592,486,809.0402963,0,5363.42,19415.46,4091.729957,2218.825,14186.536,29215.903,1.567116234,1,3.112760084,13.54464862,340,1037.741474,0,6552.847,21640.04,2904.708291,1032.066,12337.223,24786.039,2.018464235,1,6.994285031,16.99665619,146,630.1963904,0,3103.239,16458.175,3142.120397,1883.202,11209.629,22380.539,1.563548751,1,2.120838748,25.16386674,822,1548.059168,0,10945.111,22287.192,4306.202594,2105.559,17111.198,27334.396,2.243937506,1,9.468978327,21.50353657,617,272.3238347,0,1492.676,4618.745,3141.181075,1811.898,11343.957,20333.224,1.268484087,1,2.204923787,5.222168893,161,113.8783106,0,566.934,1930.914,2842.611174,1578.167,9885.627,21302.621,1.22363786,1,1.712573477,9.651859228
s1-load80,priority+topology_aware+easy_predicted,18,0.1792359385,0.04152235526,0.08413197517,0.01792039773,0.003783102144,0.03187810817,2000,1600,0,198.4132138,0,1066.808,4669.738,4165.098313,1682.418,16317.72,34132.782,1.289656497,1,1.816001506,6.419573822,1.289656497,2497.019413,356,744.6740674,4299.646,0.7150614352,0.128992236,0.09993588218,0.9820796023,116.8651133,0,0,116.8650489,6.444444447e-05,0,0,0,0,0.9681218918,1.555835829,0.9962168979,0.003783102144,793,390125.266,105,46,2621,654,176.0015474,0,957.662,4669.738,6579.79672,3038.746,22481.619,46925.048,1.113826861,1,1.480919667,3.808551576,489,261.1990552,0,1453.82,7210.214,2832.828327,1210.548,11309.513,15435.167,1.636412875,1,2.184285011,9.736291384,318,198.8419277,0,1498.666,5361.013,1611.859497,1027.848,5300.626,9764.423,1.222021681,1,2.516871891,6.586604053,139,82.00042446,0,343.437,2034.346,3331.984698,1590.49,15008.808,17876.58,1.051790198,1,1.429835694,2.196416476,807,274.6565031,0,1453.82,7125.77,3854.636066,1631.816,15637.502,25980.821,1.459469383,1,2.213614583,6.924321131,633,139.4043049,0,716.761,3451.013,4662.882496,1727.122,18594.231,38563.639,1.135919599,1,1.519214837,5.965821586,160,47.31511875,0,314.644,967.867,3761.633594,1823.448,11371.559,46925.048,1.041384354,1,1.250003004,2.116212062
s1-load80,priority+topology_aware+easy_predicted,19,0.06854944199,0.02858089264,0.01581595141,0.01715799133,0.001203369434,0.005791237182,2000,1600,0,54.96571813,0,200.549,1473.774,2635.371052,1110.064,8871.344,24352.653,1.139877889,1,1.25,3.84008858,1.139877889,2248.227554,338,234.0255207,1473.774,0.7234284891,0.1041997443,0.07576166761,0.9828420087,79.64484889,0,0,79.64481463,3.426262628e-05,0,0,0,0,0.9942087628,1.191824333,0.9987966306,0.001203369434,831,268118.137,95,40,2558,656,59.86394055,0,207.394,1373.046,3792.252784,1599.985,13386.771,42543.581,1.056843782,1,1.25,2.628873779,468,61.67992949,0,208.341,1837.674,1692.967282,672.762,6975.626,15676.654,1.251511699,1,1.324903795,5.734979619,316,45.81022468,0,234.263,1247.939,2123.140209,1051.6,7236.443,17476.555,1.192388349,1,1.061554443,7.20638725,160,33.3260375,0,91.512,949.044,1660.342894,834.545,5193.401,13615.689,1.050080674,1,1.07837836,3.84008858,769,82.06564889,0,258.206,1929.454,2596.575593,1234.372,8217.18,22485.277,1.203831571,1,1.327843757,6.018365819,662,31.65596677,0,145.586,846.826,2678.089088,1051.6,10028.385,28158.885,1.089638094,1,1.193644264,2.403413723,169,22.9610355,0,160.116,476.131,2644.568497,1074.442,10355.996,27094.338,1.045667019,1,1.201678349,2.201930681
s1-load80,priority+topology_aware+easy_predicted,20,0.3493187097,0.06818396645,0.2062442681,0.03845676248,0.01369863014,0.02273508256,2000,1600,0,465.5910838,0,2615.213,11059.175,3564.504341,1652.554,13717.652,25587.693,1.482944674,1,2.982060747,11.98172327,1.482944674,2778.452139,353,1966.399839,10655.949,0.8058606608,0.2621239274,0.1071245025,0.9615432375,210.4984133,0,0,210.498325,8.836363641e-05,0,0,0,0,0.9772649174,1.456235283,0.9863013699,0.01369863014,803,268593.303,153,72,2986,645,623.8463349,0,3817.588,13938.488,5760.301473,3268.49,20174.378,41271.901,1.473718706,1,2.870268897,11.64468174,467,397.7679208,0,2740.794,7451.503,1714.964261,1015.363,6376.835,11280.08,1.753498105,1,4.085678055,21.96373132,310,375.9661419,0,2147.417,7660.19,2802.919832,1759.545,8730.559,13104.733,1.254657975,1,2.966679489,7.564833316,178,226.1669944,0,685.309,10616.736,1786.623803,770.574,6673.197,15699.235,1.20413104,1,2.500129799,6.087017907,797,737.0000063,0,5423.17,14898.659,3788.86402,1647.377,14585.065,24970.548,1.714282392,1,4.597573642,20.54654599,621,214.4592866,0,1179.143,4707.848,3520.138932,1682.371,12717.09,28467.479,1.229639141,1,2.144628061,6.234196988,182,133.9423736,0,959.763,2814.245,2733.384857,1614.162,8260.604,26503.318,1.334189586,1,1.632535413,12.85931076
s1-load80,shortest_estimate+best_fit+easy_predicted,1,0.1682845502,0.03679891272,0.05494633236,0.06447312863,0.009852216749,0.002213959786,2000,1600,0,109.9427938,0,696.729,2538.169,3343.109226,1330.423,10129.04,46679.924,1.145539647,1,1.609419324,4.370422313,1.145539647,2250.466946,370,416.0492324,2299.037,0.753407093,0.1369859153,0.1231392588,0.9355268714,386.1891133,0,0,386.1889797,0.0001336161617,0,0,0,0,0.9977860402,1.11877903,0.9901477833,0.009852216749,812,331001.651,145,66,2658,647,143.356102,0,955.537,3215.649,2466.226301,1624.88,7965.657,15033.631,1.214655201,1,1.893091352,4.73516004,468,77.42010256,0,485.581,1836.967,1688.999957,960.132,6281.22,9235.755,1.111142831,1,1.687345166,3.774838396,333,104.0158919,0,418.756,2614.853,7516.134357,1330.423,46679.924,86400,1.086909035,1,1.294058658,3.284269366,152,80.83665789,0,535.484,1765.592,3026.326467,1934.909,10223.511,15590.314,1.085697148,1,1.481953672,2.833555073,788,95.1264467,0,479.264,2544.435,3288.880112,1382.558,9416.535,48633.587,1.145304785,1,1.417801758,4.370422313,648,124.1653364,0,817.713,2558.674,3324.301665,1288.563,10885.344,44785.025,1.133676084,1,1.763023991,4.548102354,164,124.9371463,0,716.024,2190.619,3677.986305,1296.725,9059.982,67156.945,1.193543671,1,1.982982086,4.708809571
s1-load80,shortest_estimate+best_fit+easy_predicted,2,0.1653351182,0.0343567866,0.05596950452,0.06399740418,0.008985879332,0.002025543616,2000,1600,0,177.3347581,0,709.703,3513.388,3438.907486,1625.908,13161.46,25871.625,1.111510289,1,1.502611685,3.142446037,1.111510289,2215.623886,332,771.9810572,3513.388,0.766336221,0.2223849207,0.1234458206,0.9360025958,399.6730822,0,0,399.672968,0.0001141818182,0,0,0,0,0.9979744564,1.124850291,0.9910141207,0.008985879332,779,308201.267,145,73,2933,636,226.5959387,0,702.929,5617.493,4839.047392,2121.094,18504.467,33047.421,1.08190897,1,1.589809455,2.677542975,502,139.4821235,0,743.039,2939.865,2669.180363,1555.688,8439.492,16452.599,1.114857623,1,1.434805271,3.459873435,311,146.0267846,0,780.629,3332.529,1916.389029,1184.31,6393.507,9317.568,1.191859958,1,1.757262282,4.773157774,151,160.1737748,0,368.949,3513.388,3236.372894,1704.98,10442.746,34111.88,1.059572076,1,1.250000176,2.388005866,821,202.2446102,0,709.703,3513.388,3584.806063,1652.303,13267.089,26605.29,1.103083288,1,1.481977552,2.808892026,635,146.0419118,0,719.549,3432.158,3303.529554,1651.025,12271.414,24380.604,1.134236099,1,1.715135929,3.356552042,144,173.3067639,0,466.49,5617.493,3204.062035,1532.933,13775.162,27939.411,1.059341389,1,1.25000017,2.543033733
s1-load80,shortest_estimate+best_fit+easy_predicted,3,0.2533791558,0.05534314627,0.1349230014,0.0446281193,0.01552393273,0.002960956089,2000,1600,0,354.5224637,0,1710.847,6853.044,2980.914923,1368.5,10715.723,25306.391,1.270656519,1,2.42046089,6.247216054,1.270656519,2483.170965,377,1399.547395,6390.706,0.8365831234,0.4269691426,0.193789688,0.9553718807,210.0353933,0,0,210.0352791,0.0001142222222,0,0,0,0,0.9970390439,1.15366042,0.9844760673,0.01552393273,773,209683.476,258,142,3473,639,376.3276072,0,1859.591,6390.706,4177.300775,1998.018,14850.635,32097.327,1.228296065,1,2.107351387,6.323300703,481,276.4067464,0,1186.585,6460.489,1921.171077,1036.379,6309.247,13103.858,1.271356465,1,2.467990179,6.247216054,318,368.0530975,0,2099.445,7173.358,2596.274591,1429.953,10070.812,16693.072,1.280147369,1,2.485909454,5.866229792,162,473.8893272,0,2690.059,7919.731,2163.395519,1011.787,7912.479,13790.85,1.417036555,1,2.876045934,8.203604325,827,371.510474,0,1838.163,7229.639,3065.573293,1402.485,10838.535,24984.156,1.278490389,1,2.46245,6.624263589,629,347.9025882,0,1633.958,5209.494,2790.316924,1329.981,10472.988,20935.638,1.293869613,1,2.485909454,6.323300703,144,285.8753611,0,1237.083,6059.153,3327.259854,1298.934,13156.35,31195.015,1.124270082,1,1.589305749,3.522237726
s1-load80,shortest_estimate+best_fit+easy_predicted,4,0.187330227,0.03912651706,0.07147670619,0.05253050399,0.02119205298,0.003004446792,2000,1600,0,194.0014575,0,906.337,4233.79,2808.416899,1577.295,9561.798,17045.224,1.160047314,1,1.711218293,4.022255338,1.160047314,2303.588511,354,815.2140593,4221.675,0.8236831247,0.3076976034,0.165842133,0.947469496,254.7724689,0,0,254.7723589,0.000109979798,0,0,0,0,0.9969955532,1.145235244,0.978807947,0.02119205298,755,226672.601,190,88,3148,615,148.8177772,0,881.95,2617.347,2135.838169,1000.491,8429.442,13131.22,1.235239551,1,1.927811446,5.417821661,495,297.9160162,0,906.337,7889.127,3958.16461,2298.14,12931.338,25705.668,1.078590235,1,1.518893916,2.709775429,334,147.1070479,0,986.029,2740.585,2497.074683,1605.244,8458.75,12284.51,1.119797564,1,1.696341341,3.265663159,156,142.8026731,0,1048.615,3288.777,2478.282942,1733.634,7447.028,13758.017,1.208261706,1,1.731727705,8.188834219,845,188.091432,0,910.29,3990.994,2918.287762,1640.722,10026.959,18568.33,1.167950555,1,1.731727705,4.033165214,608,171.8715214,0,610.617,4233.79,2671.342896,1529.177,8747.839,16275.339,1.133163084,1,1.53350648,3.182903476,147,319.5046735,0,1411.657,5894.441,2743.79183,1465.75,10702.024,17045.224,1.225811757,1,2.309213735,4.99584959
s1-load80,shortest_estimate+best_fit+easy_predicted,5,0.1165322037,0.02975339386,0.02949691617,0.05356859438,0.002652519894,0.001060779393,2000,1600,0,82.070435,0,374.026,2083.391,2272.873656,1500.642,6695.854,12165.169,1.07309597,1,1.301279942,2.3999901,1.07309597,2145.748955,334,350.8831347,2083.391,0.7515555992,0.1619400167,0.1068860875,0.9464314056,204.1073378,0,0,204.1072385,9.923232327e-05,0,0,0,0,0.9989392206,1.086777845,0.9973474801,0.002652519894,754,209107.581,130,54,2678,639,97.66638654,0,557.985,2084.917,2243.900613,1421.035,6651.434,14041.681,1.110726367,1,1.47633482,3.279712016,486,99.33601235,0,429.405,2690.408,1930.239076,1270.604,5983.934,10571.352,1.066129697,1,1.341243068,2.396407001,322,43.51796584,0,138.252,1345.401,2803.783845,2203.765,7511.958,11427.432,1.033195103,1,1.121141339,1.304390365,153,43.22737255,0,196.005,1181.112,2364.90698,1478.383,6880.407,14317.204,1.022036263,1,1.25,1.369102557,846,86.92663121,0,475.453,2084.917,2316.557132,1476.327,7013.716,12662.84,1.07201569,1,1.30681286,2.396407001,602,85.99448173,0,274.263,2095.095,2198.142362,1512.628,6416.136,10126.524,1.085524874,1,1.301096167,2.766979243,152,39.50057895,0,189.281,1078.402,2325.715875,1477.738,6880.407,14738.915,1.029883583,1,1.250000344,1.606032086
s1-load80,shortest_estimate+best_fit+easy_predicted,6,0.2747748301,0.06191245034,0.1274827244,0.0584586189,0.02103960396,0.005881432523,2000,1600,0,443.0736931,0,1616.503,6931.515,2378.470601,1255.574,7796.606,19284.732,1.284636652,1,2.707772773,5.17385973,1.284636652,2529.636731,388,1746.516162,6220.157,0.8701283302,0.517298611,0.2316724593,0.9415413811,211.1080022,0,0,211.107885,0.0001172525253,0,0,0,0,0.9941185675,1.210910971,0.978960396,0.02103960396,808,173455.604,268,132,3750,647,454.5352179,0,1655.528,7572.054,2526.209977,1340.837,8383.753,17387.232,1.314635222,1,2.707772773,5.730670792,472,280.0490911,0,1280.167,5769.708,2081.209288,1220.953,6742.354,16352.044,1.231031952,1,2.589248084,4.19447673,318,298.7801447,0,1114.628,3350.251,1563.663022,1066.782,4520.166,6342.961,1.210377592,1,2.527933917,3.774608151,163,1151.15562,0,5415.417,30359.199,4242.450804,1451.425,18619.409,37632.85,1.465659505,1,4.067658884,7.007119009,792,404.1979646,0,1157.18,7572.054,2425.815511,1290.614,8003.616,22993.578,1.245015632,1,2.636576159,4.433156392,644,489.0388075,0,1969.612,6301.917,2302.99271,1226.54,7730.073,18507.284,1.352441659,1,2.886004451,5.730670792,164,450.3178598,0,1422.225,12654.509,2446.218116,1226.677,7806.662,17387.232,1.209718506,1,2.410780936,4.389635706
s1-load80,shortest_estimate+best_fit+easy_predicted,7,0.1958759638,0.04300075766,0.08602666541,0.04684571153,0.01985111663,0.0001517125447,2000,1600,0,248.9368906,0,1090.833,5592.428,4078.612989,1520.176,15249.899,42329.968,1.175118178,1,1.880660193,4.299026319,1.175118178,2287.993104,369,999.3886477,4905.353,0.785355087,0.2841790537,0.1350477966,0.9531542885,329.4400578,0,0,329.4399274,0.0001304242425,0,0,0,0,0.9998482875,1.03386033,0.9801488834,0.01985111663,806,387786.479,195,93,2830,632,243.403818,0,1133.501,6881.784,3596.437759,1452.346,13726.325,32163.138,1.178695999,1,1.857832492,4.137639477,504,202.5337123,0,1066.611,4465.831,5877.762236,1877.682,30328.039,68088.711,1.171351708,1,1.778508367,4.299026319,308,298.8603896,0,1398.506,6175.514,2797.515438,1131.68,10467.651,26312.353,1.187410963,1,1.976361986,5.029150981,156,322.7039808,0,975.236,10394.296,2748.751263,1516.271,12164.437,18087.174,1.148521641,1,1.980042723,3.486521217,794,225.4480655,0,1052.549,6881.784,4225.679547,1608.087,14395.871,51853.441,1.167236869,1,1.953951345,4.209312178,644,217.5462422,0,1066.611,4776.837,3932.98563,1449.923,15404.159,41541.625,1.159941101,1,1.73692231,4.315508998,162,488.8486481,0,2154.99,15165.259,3936.718994,1510.654,18078.042,31672.592,1.274079886,1,2.327607562,6.923790678
s1-load80,shortest_estimate+best_fit+easy_predicted,8,0.1244115535,0.0366262986,0.03176857287,0.04451969857,0.01,0.001496983432,2000,1600,0,78.52291375,0,402.831,1859.391,1609.071232,778.363,5517.692,12122.439,1.124643998,1,1.601869957,3.841840753,1.124643998,2216.017167,390,290.8327179,1767.562,0.7551041984,0.1876536992,0.1034952206,0.9554803014,120.0740711,0,0,120.0739598,0.0001113535354,0,0,0,0,0.9985030166,1.094649713,0.99,0.01,800,143420.605,155,62,2713,674,93.20133976,0,425.9,2889.506,1303.350504,664.955,5090.719,9075.765,1.164854121,1,1.74775708,5.166830425,490,54.95714082,0,321.299,1295.73,1431.740339,673.846,4308.856,12710.929,1.073773129,1,1.48223291,2.973975416,303,78.08756436,0,384.331,1536.14,2303.025789,1158.307,7791.48,13651.835,1.09518469,1,1.505344813,3.124316796,133,91.95058647,0,713.35,1859.391,2230.72294,1221.132,9994.052,14700.107,1.175405448,1,1.607985408,4.302837333,800,65.66345375,0,336.765,1210.81,1619.681398,736.949,5517.692,12823.07,1.121606385,1,1.602267584,3.13311585,629,78.9529682,0,383.601,1944.691,1606.666264,841.067,5439.346,11139.827,1.115403409,1,1.570921608,3.841840753,171,137.1022339,0,747.977,3829.942,1568.279374,777.57,6748.282,9106.683,1.17284529,1,1.756412834,4.780455046
s1-load80,shortest_estimate+best_fit+easy_predicted,9,0.1512119211,0.04111148783,0.06455629588,0.03537020984,0.01007556675,9.836079208e-05,2000,1600,0,180.135405,0,818.585,3347.742,2604.037724,1284.488,8782.02,18855.395,1.150255765,1,1.798032008,4.194359515,1.150255765,2406.466583,346,775.2644306,3342.101,0.7857655942,0.2345596252,0.1236764108,0.9646297902,160.2631978,0,0,160.263105,9.276767679e-05,0,0,0,0,0.9999016392,1.025266553,0.9899244332,0.01007556675,794,207191.16,180,73,3140,645,114.0082264,0,640.96,2612.894,2526.636816,1332.808,8027.858,16787.21,1.150072085,1,1.652531183,4.194359515,474,190.7958671,0,910.119,3660.54,2568.532283,1191.385,9820.481,18855.395,1.141341412,1,1.764440407,4.356230538,330,303.9506273,0,1015.693,5642.222,3068.110015,1540.738,11383.364,24889.181,1.168325372,1,1.955849302,3.909009125,151,158.5456556,0,1066.211,3418.387,2031.913947,951.29,8291.154,13637.962,1.139533293,1,2.052383405,3.219486615,806,203.4536849,0,845.147,3342.101,2694.087707,1291.774,9093.721,20652.312,1.147082302,1,1.948343731,3.884663655,627,146.6556746,0,708.302,2997.125,2580.813633,1337.722,8173.897,17808.118,1.164110947,1,1.621155995,5.132175155,167,193.2926347,0,640.96,4587.191,2256.619874,1115.233,8409.476,18855.395,1.113552842,1,1.928775578,3.163877092
s1-load80,shortest_estimate+best_fit+easy_predicted,10,0.3185604369,0.05667702472,0.1732211382,0.05726410991,0.03120936281,0.0001888012229,2000,1600,0,636.9223619,0,2196.474,14239.196,3499.563381,1539.97,12083.272,27997.794,1.269131528,1,2.478798748,4.627213127,1.269131528,2589.148338,352,2677.412375,12772.782,0.8923709624,0.4692568931,0.2233307521,0.9427358901,359.7245644,0,0,359.7244487,0.0001157171717,0,0,0,0,0.9998111988,1.036580583,0.9687906372,0.03120936281,769,282074.313,269,133,3850,626,591.3932284,0,2764.355,14441.476,3375.833596,1706.101,12014.077,25106.959,1.256931499,1,2.601977317,4.627213127,484,975.4104442,0,2725.8,30384.07,4805.118624,1426.105,17904.367,44575.889,1.278096495,1,2.417942281,4.723810467,343,396.8211341,0,2002.817,6413.186,2655.043382,1573.897,7831.503,19664.441,1.264270373,1,2.54204853,4.70293313,147,276.5667619,0,1557.23,4598.51,1698.450912,1105.947,4692.477,10013.263,1.302910786,1,2.200647686,3.866127269,831,663.7307473,0,2185.631,15714.862,3441.132335,1557.106,12440.127,27321.387,1.248730093,1,2.422102697,4.094556424,627,658.2861435,0,2450.965,12772.782,3616.008694,1515.631,11959.587,31625.199,1.315820217,1,2.585662454,4.764661232,142,385.7050423,0,1755.457,9764.106,3327.344986,1679.301,12290.854,22100.659,1.18236945,1,2.031980474,2.966743594
s1-load80,shortest_estimate+best_fit+easy_predicted,11,0.1963675832,0.04162467972,0.09799771659,0.04028005885,0.01602959309,0.0004355349806,2000,1600,0,293.5710606,0,1242.628,6248.56,3097.871383,1545.818,10890.87,24108.673,1.137726805,1,1.820476718,3.425735231,1.137726805,2230.428647,333,1364.722333,6248.56,0.8006170407,0.2942634704,0.1359156167,0.9597199412,189.87318,0,0,189.8730642,0.0001158383839,0,0,0,0,0.999564465,1.052371592,0.9839704069,0.01602959309,811,257446.25,181,92,3098,640,365.0714891,0,1375.04,7396.325,3661.867525,1683.554,14191.802,30974.656,1.129262211,1,1.759880068,3.471332156,470,188.3678362,0,970.759,4682.567,2331.492085,1453.039,7832.078,13118.289,1.122403135,1,1.776292166,3.340549061,327,281.2623792,0,938.789,4199.656,2825.73922,1348.432,10081.605,26307.827,1.181185174,1,1.88810065,5.615415344,163,340.8727791,0,2309.746,10857.873,3639.147184,1922.222,13643.81,25425.573,1.127963488,1,2.254801947,2.801060732,789,326.9060089,0,1390.912,6418.834,3217.968722,1587.73,11132.601,29231.109,1.156969184,1,1.875798498,4.112573208,653,285.3387029,0,1098.467,7333.114,2816.596847,1448.231,9866.243,20076.645,1.126102388,1,1.833359267,3.329565275,158,161.1309051,0,583.769,5314.564,3660.627525,1901.144,14617.997,26474.038,1.089679383,1,1.571247624,2.690592344
s1-load80,shortest_estimate+best_fit+easy_predicted,12,0.1212350643,0.03460485344,0.04897922134,0.03350442443,0.003645200486,0.0005013645596,2000,1600,0,119.5740644,0,621.065,2941.517,2635.364384,1414.216,9208.534,18503.24,1.118820322,1,1.513461015,3.487772724,1.118820322,2247.177063,349,527.1243897,2712.81,0.7401919877,0.207233324,0.1212783249,0.9664955756,136.0492022,0,0,136.0490914,0.0001108686869,0,0,0,0,0.9994986354,1.061152822,0.9963547995,0.003645200486,823,232305.539,121,56,2873,597,96.40315745,0,398.394,2425.744,1581.24562,928.181,5134.165,10235.011,1.128194302,1,1.457735256,4.433388692,519,115.6460963,0,653.717,2712.81,3838.353279,1786.85,14605.565,23590.014,1.139001335,1,1.547353767,4.033843128,324,154.7354383,0,745.116,3735.397,2944.743515,1979.567,8577.837,13100.539,1.073362207,1,1.42738299,2.60439644,160,147.570075,0,1140.399,3152.575,2039.85705,1377.734,5751.712,12484.475,1.110434179,1,1.788633083,2.779258088,777,139.4115624,0,750.171,3200.542,2635.130921,1464.657,10458.667,20072.319,1.145087273,1,1.707516234,4.118108864,660,110.9366742,0,555.114,2712.81,2608.91077,1419.779,8946.114,16639.112,1.094153802,1,1.427674889,3.160096955,163,59.98474847,0,119.61,1144.316,2743.590061,1219.775,8695.297,28479.054,1.093485853,1,1.254587271,3.487772724
s1-load80,shortest_estimate+best_fit+easy_predicted,13,0.1459784873,0.0364664431,0.05400044621,0.04533410422,0.008610086101,0.001567407712,2000,1600,0,124.015415,0,684.735,2808.421,2238.255598,1381.471,6892.303,13048.531,1.109154428,1,1.594878594,2.587694958,1.109154428,2203.590678,351,519.4503875,2654.473,0.82260784,0.2880812679,0.1447649348,0.9546658958,174.6016844,0,0,174.6016075,7.692929298e-05,0,0,0,0,0.9984325923,1.111316932,0.9913899139,0.008610086101,813,184122.363,214,95,3060,628,106.946707,0,564.585,1892.217,2236.273361,1526.584,6419.14,11565.637,1.071541378,1,1.507050747,2.306248096,479,112.3935866,0,754.669,2107.03,2055.803789,1100.006,6573.865,13717.918,1.09735342,1,1.633358589,2.587694958,328,135.6995488,0,876.665,3231.076,1986.427439,1214.737,6091.18,11303.185,1.190822077,1,1.882511792,2.929136024,165,199.4918303,0,1205.621,5367.784,3276.067091,1986.962,11140.416,17584.985,1.124225269,1,1.739374796,3.686997195,787,128.9080953,0,853.241,3231.076,2241.17914,1403.57,6833.191,13225.47,1.132970786,1,1.562668533,2.868378467,643,108.2951602,0,552.851,1863.491,2179.005544,1376.982,6844.333,11568.149,1.087374119,1,1.62577136,2.586333858,170,160.8247353,0,528.168,5517.495,2448.825929,1249.784,9335.853,19107.716,1.081279515,1,1.504194366,2.461303893
s1-load80,shortest_estimate+best_fit+easy_predicted,14,0.1629326013,0.04435066937,0.06142140174,0.04526492671,0.01006289308,0.001832710435,2000,1600,0,154.0883113,0,778.834,2929.075,2145.343573,1086.965,7670.891,15058.718,1.168875882,1,1.939699274,3.75420553,1.168875882,2287.887313,378,599.6073862,2675.854,0.8067284176,0.3137850094,0.1542687752,0.9547350733,173.7693844,0,0,173.7692601,0.0001243232324,0,0,0,0,0.9981672896,1.115745387,0.9899371069,0.01006289308,795,178937.446,200,90,2973,594,123.4253906,0,714.165,2675.854,1531.42036,691.311,5604.736,11926.055,1.234641845,1,2.045241965,5.295099139,514,167.738177,0,1080.931,3783.618,2533.202558,1541.983,8046.818,14202.218,1.121924343,1,1.876331115,2.754753786,336,145.4865565,0,787.607,1851.888,1751.603836,942.551,5905.707,10684.585,1.153367007,1,2.048944926,4.084186419,156,244.3955769,0,1270.139,7796.69,4053.083455,1589.401,17690.944,31756.379,1.106562357,1,1.98040031,2.553351613,805,157.7734099,0,744.842,3258.053,2164.072529,1087.588,7460.583,14769.53,1.176295949,1,1.950762081,3.503738556,635,167.6671559,0,869.923,3140.098,2070.373348,1115.582,7755.646,15461.498,1.176093709,1,1.98040031,4.178786938,160,81.65661875,0,434.562,1771.934,2348.651594,976.075,8216.604,25809.39,1.102897914,1,1.630989055,2.97797251
s1-load80,shortest_estimate+best_fit+easy_predicted,15,0.3733985053,0.05880263825,0.2225395505,0.06014827753,0.03109452736,0.0008135116358,2000,1600,0,588.9227269,0,2821.84,11217.632,3692.585265,1734.602,13969.269,27769.117,1.277447168,1,2.571763546,5.388787724,1.277447168,2481.557951,357,2489.368734,10890.349,0.8716246607,0.4213247184,0.2295316725,0.9398517225,357.0477467,0,0,357.0476285,0.0001181414142,0,0,0,0,0.9991864884,1.082368178,0.9689054726,0.03109452736,804,275230.745,245,125,3583,654,548.3619526,0,2645.287,10234.693,3139.140156,1562.144,11416.019,20789.741,1.270707378,1,2.470529642,5.326976754,498,900.3415422,0,5315.9,18680.723,5127.995669,2553.85,16514.011,46491.716,1.267447373,1,2.787495274,5.388787724,299,234.1108462,0,1311.793,4121.02,2216.661532,1028.214,8128.424,18804.105,1.332117846,1,2.4232079,10.34108515,149,438.1101678,0,2821.84,5336.417,4286.007523,2081.133,16195.322,28341.376,1.230743728,1,2.452700029,4.755511173,796,646.0707952,0,2818.502,15004.441,4002.356441,1782.879,16074.558,33005.904,1.27707433,1,2.470529642,5.326976754,652,505.3247209,0,3238.792,8703.243,3510.544356,1788.108,12895.568,23158.742,1.287315279,1,2.670495945,5.613010571,152,648.2387632,0,2169.418,19811.965,2851.222217,1340.032,8571.815,43605.273,1.237070653,1,2.452700029,4.614944124
s1-load80,shortest_estimate+best_fit+easy_predicted,16,0.2738208845,0.06098395674,0.1303090265,0.0579977303,0.0236318408,0.0008983301307,2000,1600,0,535.3356063,0,1652.341,12970.523,2195.472302,893.411,7259.574,22799.444,1.279467555,1,2.667164629,5.639351395,1.279467555,2536.388686,364,2261.764654,8203.658,0.8829404873,0.4784377457,0.2097082855,0.9420022697,210.0274756,0,0,210.0273526,0.0001229090909,0,0,0,0,0.9991016699,1.079732699,0.9763681592,0.0236318408,804,149798.131,304,155,3722,625,464.5134768,0,1422.501,6492.904,1891.178882,689.898,6375.297,18497.326,1.272160208,1,2.799071815,6.423447788,493,687.3554381,0,1640.985,24913.571,2680.008963,991.921,9431.29,29669.278,1.302062189,1,2.902542802,5.523563604,322,498.6150186,0,2453.707,9263.625,1929.20782,861.128,6258.016,12857.011,1.295606966,1,2.591493386,6.441144899,160,417.473625,0,1652.341,5013.162,2426.997162,1311.709,6690.754,18847.255,1.205911602,1,2.508565135,3.726295558,796,532.4014887,0,2288.86,12970.523,2248.793819,877.964,8296.363,23343.875,1.277830955,1,2.812962084,5.424345266,633,531.8783286,0,1640.985,15207.871,2146.656602,945.272,7182.759,22077,1.289210883,1,2.791913699,6.441144899,171,561.7918304,0,1220.606,26346.104,2127.965936,820.149,5945.259,33447.214,1.251018477,1,2.105422109,6.423447788
s1-load80,shortest_estimate+best_fit+easy_predicted,17,0.2867051042,0.0468098231,0.1623965225,0.05520115542,0.02185089974,0.0004467034069,2000,1600,0,460.0879331,0,2059.216,7821.783,3266.601272,1658.787,11343.957,23429.67,1.190997309,1,2.047251624,4.046511403,1.190997309,2349.600801,372,1877.417414,7228.682,0.8617396873,0.3501135538,0.1775815125,0.9447988446,310.0765689,0,0,310.0764431,0.0001258181819,0,0,0,0,0.9995532966,1.057211343,0.9781491003,0.02185089974,778,246831.012,243,123,3441,628,490.5107675,0,2084.098,7228.682,3497.568481,1982.685,12196.212,19460.174,1.181170944,1,2.02036681,3.821267198,486,495.6695185,0,2181.45,11046.859,3783.779537,2122.285,12457.653,30629.525,1.201995654,1,1.863062032,4.660418343,340,416.2611382,0,1705.315,4893.497,2296.927165,932.623,7310.505,21302.621,1.212406338,1,2.645520064,4.152870726,146,312.8476575,0,1894.006,6331.474,2809.705062,1832.059,9436.181,20608.055,1.146796566,1,2.281443855,3.943605751,822,399.5977555,0,1880.056,6771.307,3171.994866,1657.534,10610.756,19460.174,1.179261416,1,1.975520388,4.152870726,617,607.8506288,0,2727.415,11001.815,3477.323817,1720.967,12428.059,28395.046,1.194989673,1,2.184922539,3.943605751,161,202.6552795,0,828.468,7713.358,2942.071186,1562.131,10812.492,21302.621,1.235616035,1,2.02036681,7.983420462
s1-load80,shortest_estimate+best_fit+easy_predicted,18,0.1227960952,0.03264876994,0.04449308381,0.03766888217,0.005044136192,0.00294122309,2000,1600,0,144.0192231,0,564.18,3242.377,4133.170101,1614.77,16776.828,34555.855,1.125829765,1,1.4279107,4.106421043,1.125829765,2235.539356,356,626.4678567,3190.005,0.727938671,0.1737254306,0.1111830089,0.9623311178,250.6929578,0,0,250.6928642,9.357575761e-05,0,0,0,0,0.9970587769,1.14847228,0.9949558638,0.005044136192,793,390125.266,116,59,2690,654,158.9256606,0,518.019,3181.331,6609.250333,3060.592,23527.184,48914.125,1.066180008,1,1.303060949,2.610576124,489,164.1970798,0,886.252,4433.851,2743.045611,1179.06,11283.095,16776.828,1.224478185,1,1.909738372,6.14751909,318,76.16152516,0,242.275,2420.684,1495.999299,989.579,5300.626,7577.023,1.087431688,1,1.46682746,2.593940523,139,158.1412806,0,1682.47,3284.126,3406.801165,1628.426,15008.808,17876.58,1.147286259,1,1.649474452,5.631987947,807,146.8963817,0,763.552,3284.126,3757.144572,1533.827,16230.783,27089.067,1.17957506,1,1.637905134,5.631987947,633,156.9600885,0,538.222,2667.719,4692.805141,1680.007,19943.177,38563.639,1.080752112,1,1.368982398,3.055526894,160,78.31025625,0,164.241,4731.622,3815.692731,1823.448,12140.43,46925.048,1.033090402,1,1.250000135,1.850403173
s1-load80,shortest_estimate+best_fit+easy_predicted,19,0.0927724416,0.03067119805,0.02633923055,0.03167081998,0.003610108303,0.0004810847215,2000,1600,0,65.322155,0,333.986,1431.729,2658.395509,1107.644,9034.065,24574.144,1.111721419,1,1.341420579,3.671326838,1.111721419,2203.062212,338,263.0701864,1416.263,0.7343569577,0.1237960148,0.09163453851,0.96832918,149.2145756,0,0,149.2145055,7.002020205e-05,0,0,0,0,0.9995189153,1.055263055,0.9963898917,0.003610108303,831,283978.923,111,54,2630,656,69.91503201,0,437.123,1429.723,3818.001546,1635.749,13497.279,42543.581,1.093003684,1,1.298214659,3.265134588,468,58.99244658,0,295.583,2128.72,1704.706526,676.552,6975.626,15676.654,1.150733994,1,1.352260247,5.020044647,316,57.37846519,0,306.853,1223.193,2144.133804,1027.151,7528.268,17476.555,1.103559964,1,1.497990989,3.367926599,160,80.69454375,0,456.338,1508.808,1709.217906,865.612,5592.633,13812.29,1.090471222,1,1.341420579,3.487745391,769,78.14589077,0,456.338,2269.778,2603.443731,1214.76,8217.18,22292.51,1.127290898,1,1.404649787,4.929006321,662,53.41179909,0,274.989,1429.723,2716.204435,1057.686,10349.06,28158.885,1.096238496,1,1.270206937,3.487745391,169,53.62513018,0,427.296,1298.244,2681.995562,1110.064,10715.545,27094.338,1.101524766,1,1.397829409,4.63183779
s1-load80,shortest_estimate+best_fit+easy_predicted,20,0.1905618394,0.04261878412,0.0785019258,0.04442492417,0.02366127024,0.001354935096,2000,1600,0,339.7383962,0,995.418,7348.88,3444.672014,1571.472,13028.992,28467.479,1.186038969,1,1.863954384,5.327569116,1.186038969,2321.490526,353,1463.294935,7012.176,0.8016286998,0.2693488104,0.130847073,0.9555750758,244.6846956,0,0,244.684586,0.0001095353536,0,0,0,0,0.9986450649,1.092290237,0.9763387298,0.02366127024,803,268593.303,175,91,3051,645,538.1250016,0,2763.591,13270.445,5684.442429,3050.634,20280.661,43608.85,1.198713786,1,2.167979701,5.401419435,467,139.7611435,0,653.292,3743.29,1462.969443,923.149,4987.145,9514.672,1.228441377,1,1.760353757,6.343269434,310,269.9714032,0,807.521,5782.085,2696.227361,1674.47,8260.604,15171.438,1.124647402,1,1.70219054,4.712292597,178,267.0293202,0,156.301,11275.599,1831.306989,725.966,6673.197,19232.775,1.135781687,1,1.332957061,5.580020351,797,372.0871731,0,971.534,11275.599,3429.089173,1516.939,12735.064,41215.485,1.167637301,1,1.775831232,5.030332206,621,298.9801159,0,942.677,7012.176,3613.051849,1617.96,14342.747,33863.018,1.163379409,1,1.863954384,4.457356559,182,337.1500275,0,2197.206,7873.093,2938.384363,1605.672,9003.985,26503.318,1.343938506,1,2.230535544,6.617960426
s1-load80,shortest_estimate+first_fit+easy_predicted,1,0.150128297,0.03470836091,0.04644211085,0.05584569626,0.009852216749,0.003279912275,2000,1600,0,125.85926,0,588.894,3401.047,3347.681975,1339.958,10064.04,46679.924,1.162629744,1,1.517987968,4.24546276,1.162629744,2281.314161,370,495.7207054,3317.611,0.7499532357,0.1893552911,0.149384561,0.9441543037,331.4547756,0,0,331.4546539,0.0001216565657,0,0,0,0,0.9967200877,1.152134756,0.9901477833,0.009852216749,812,331001.651,134,58,2701,647,178.8804003,0,1250.136,4627.909,2494.507825,1624.88,7965.657,15033.631,1.25345183,1,1.629595723,5.794477906,468,87.6900812,0,442.66,2761.014,1700.004308,960.132,6387.115,9325.932,1.098684779,1,1.517987968,3.183270142,333,69.45887988,0,359.877,1686.565,7438.692724,1338.878,46679.924,86400,1.087938563,1,1.326867735,2.613615363,152,141.2528421,0,1095.51,3518.872,3089.854632,1934.909,10612.137,15590.314,1.136554201,1,1.519368401,4.24546276,788,122.9511396,0,543.033,3436.511,3309.419143,1446.444,9411.102,48633.587,1.207646258,1,1.432293514,5.874257352,648,116.4559244,0,484.868,3317.611,3298.302292,1288.395,11306.905,44785.025,1.099477119,1,1.599377554,3.285495104,164,176.9870671,0,846.709,5024.828,3726.640183,1311.824,9059.982,67212.44,1.195860771,1,1.906363227,5.860817846
s1-load80,shortest_estimate+first_fit+easy_predicted,2,0.1628350648,0.03396991422,0.06021100816,0.05788124843,0.008985879332,0.001787014695,2000,1600,0,206.2776456,0,763.486,3781.587,3462.29156,1611.004,13277.937,26104.909,1.115768128,1,1.485691623,3.21645662,1.115768128,2223.047211,332,944.4467952,3781.587,0.7568744886,0.2961934646,0.1264501414,0.9421187516,359.1301244,0,0,359.1300138,0.0001106666667,0,0,0,0,0.9982129853,1.121132845,0.9910141207,0.008985879332,779,307483.86,146,57,2962,636,278.1264182,0,763.486,7521.424,4884.61594,2164.537,18504.467,33047.421,1.095931618,1,1.485691623,2.464367535,502,199.5394801,0,876.086,3592.321,2723.672203,1517.824,8798.522,19457.143,1.110882936,1,1.482978304,3.161456445,311,120.2105949,0,659.813,2274.919,1884.709842,1184.31,6147.75,9216.087,1.190421543,1,1.742173959,6.604172264,151,103.3213046,0,653.143,3513.388,3176.308285,1680.423,10445.342,26104.909,1.061802398,1,1.432401567,1.866065354,821,258.7747186,0,841.387,4793.848,3636.236509,1643.928,13549.258,27451.966,1.12735643,1,1.560057653,3.847852898,635,145.4772283,0,613.997,3432.158,3295.920928,1615.816,12491.617,24380.604,1.107112955,1,1.482978304,3.161391356,144,175.0843681,0,439.744,7063.138,3204.212035,1436.296,13775.162,27939.411,1.087865625,1,1.250000752,2.992720047
s1-load80,shortest_estimate+first_fit+easy_predicted,3,0.2709280813,0.05602789175,0.143907106,0.04471619001,0.02587322122,0.0004036723211,2000,1600,0,355.7590912,0,1824.767,6950.274,2980.729385,1372.328,10765.733,24897.701,1.246623594,1,2.450408585,4.907152811,1.246623594,2449.693595,377,1353.674472,6038.367,0.8397451688,0.4266189476,0.1933346904,0.95528381,210.4692867,0,0,210.469172,0.0001146666667,0,0,0,0,0.9995963277,1.05731501,0.9741267788,0.02587322122,773,209723.434,254,126,3419,639,414.6809828,0,2077.806,6950.274,4213.888,2024.104,15007.064,31195.015,1.23658485,1,2.388903757,4.697887755,481,249.4747256,0,1353.439,6038.367,1889.762489,1028.918,6309.247,12135.085,1.282468009,1,2.775348013,6.629554475,318,364.502673,0,2134.011,10125.314,2596.53939,1327.448,9781.145,19386.674,1.212947889,1,2.215571652,4.907038729,162,421.7543519,0,1434.492,7535.88,2109.98334,1022.141,6454.801,13790.85,1.245898089,1,2.76115645,4.507675856,827,397.4641584,0,2000.04,7401.419,3093.109434,1407.868,10619.081,24897.701,1.254006841,1,2.508080614,4.907152811,629,305.570911,0,1590.531,5670.928,2743.196558,1324.036,10777.038,20557.499,1.254958384,1,2.42262794,5.562049837,144,335.4693333,0,2311.143,6764.54,3372.881104,1304.018,12219.842,30617.045,1.167814372,1,2.109392952,3.747268672
s1-load80,shortest_estimate+first_fit+easy_predicted,4,0.1823098206,0.04120135978,0.07028342594,0.04827736731,0.01589403974,0.006653627788,2000,1600,0,170.0398869,0,891.206,3212.64,2780.179738,1577.295,9458.393,15924.039,1.189803548,1,1.801962604,3.882019417,1.189803548,2342.147667,354,706.9728305,3121.644,0.8207073301,0.3488760896,0.1839388675,0.9517226327,233.0984289,0,0,233.0983208,0.0001081212122,0,0,0,0,0.9933463722,1.238535097,0.9841059603,0.01589403974,755,224395.946,231,114,3152,615,143.055974,0,919.07,2530.786,2128.825467,1012.36,7971.136,13045.387,1.319357902,1,2.339564344,6.990244951,495,223.8013051,0,1076.554,6148.745,3876.150523,2375.247,12732.757,25263.114,1.065256774,1,1.483444123,2.151834706,334,146.416988,0,815.319,2852.22,2490.710743,1578.962,8458.75,12764.423,1.122359968,1,1.697583584,2.855460429,156,156.406891,0,960.741,2763.004,2490.179622,1716.534,7447.028,12779.949,1.218655352,1,1.720031783,8.188834219,845,175.5249018,0,960.741,3121.644,2904.01151,1635.032,9762,16657.841,1.221313242,1,1.807820399,5.723996809,608,143.8523799,0,676.195,2852.22,2635.067461,1534.37,8880.235,14593.118,1.146258076,1,1.688245528,3.295099243,147,246.8233333,0,1179.615,6148.745,2668.549918,1460.737,10702.024,17045.224,1.188782837,1,1.880395682,3.00084011
s1-load80,shortest_estimate+first_fit+easy_predicted,5,0.1140101687,0.03024530679,0.03626488377,0.0445161925,0.002652519894,0.0003312657293,2000,1600,0,83.93801563,0,459.845,1995.957,2269.169242,1509.771,6695.854,12165.169,1.065403235,1,1.322794006,2.516908773,1.065403235,2133.997613,334,328.7015419,1995.957,0.7440678653,0.192596449,0.1142152372,0.9554838075,168.0088622,0,0,168.0087854,7.680808084e-05,0,0,0,0,0.9996687343,1.043790173,0.9973474801,0.002652519894,754,209107.581,138,63,2721,639,87.64896714,0,519.815,2154.66,2225.51382,1421.035,6416.136,14041.681,1.080333279,1,1.386163112,2.786138355,486,104.0865309,0,485.729,2359.323,1930.923998,1278.929,5812.072,10571.352,1.071331692,1,1.427270938,2.522542921,322,57.36464286,0,236.742,1529.49,2814.012248,2203.499,7511.958,11427.432,1.041268562,1,1.177430803,2.433174109,153,60.36383007,0,711.88,1190.615,2379.257843,1555.425,6880.407,14317.204,1.035010011,1,1.273869361,1.501922256,846,91.24632742,0,518.297,2084.917,2314.038057,1484.02,7355.982,12662.84,1.069423858,1,1.356576703,2.516908773,602,85.9958887,0,400.711,1855.991,2192.945116,1531.298,6289.937,10223.758,1.069376863,1,1.292552749,2.634124886,152,35.11123026,0,149.289,1078.402,2321.326526,1507.125,6880.407,14738.915,1.027287634,1,1.250001084,1.525269583
s1-load80,shortest_estimate+first_fit+easy_predicted,6,0.2704557949,0.0629839011,0.1177984717,0.05855796448,0.0297029703,0.001412487396,2000,1600,0,407.45409,0,1493.705,9674.208,2342.365391,1245.107,7852.076,19284.732,1.28871368,1,2.754633222,5.474215809,1.28871368,2581.868142,388,1617.266335,6811.058,0.8797516473,0.5632147832,0.2446728066,0.9414420355,211.4890778,0,0,211.488962,0.0001157575758,0,0,0,0,0.9985875126,1.105064927,0.9702970297,0.0297029703,808,173455.604,307,159,3831,647,389.5310325,0,1441.498,9683.347,2465.846295,1314.718,8676.918,17335.627,1.309121875,1,2.790852212,7.348010181,472,292.1505106,0,1438.835,4068.102,2087.780506,1223.325,6625.246,16868.975,1.24296897,1,2.589839097,4.643952173,318,288.3492201,0,1310.023,3616.858,1551.231594,1085.22,4702.862,6325.642,1.271598018,1,2.597595356,5.000391697,163,1044.845847,0,4475.878,27457.237,4132.871325,1433.889,17674.095,34758.768,1.373561414,1,3.281994565,5.210678516,792,361.3168687,0,1465.888,9674.208,2383.390573,1277.432,8039.83,23384.606,1.270721552,1,2.589839097,5.490031786,644,462.1982158,0,1816.608,9683.347,2275.18718,1207.851,7490.461,17335.627,1.334694606,1,2.939907201,7.03462106,164,415.2922744,0,1431.431,12940.656,2408.04114,1243.408,7757.175,17673.379,1.195043241,1,2.638503038,4.67049802
s1-load80,shortest_estimate+first_fit+easy_predicted,7,0.2001602631,0.04687059245,0.08964790938,0.04724610427,0.01240694789,0.003988709075,2000,1600,0,238.3077606,0,1136.751,4349.236,4068.025179,1541.48,15165.755,42329.968,1.222332954,1,2.049909403,4.938575096,1.222332954,2363.515781,369,925.1910596,3900.496,0.7840358346,0.2446523461,0.1321742843,0.9527538957,332.3954289,0,0,332.3952932,0.0001357171718,0,0,0,0,0.9960112909,1.16400728,0.9875930521,0.01240694789,806,387786.479,199,95,2796,632,235.396875,0,1045.251,3915.742,3579.167263,1459.76,13201.955,32641.286,1.174080006,1,2.119276146,4.826595568,504,235.9482937,0,1554.856,4349.236,5921.344639,1897.272,30769.398,68088.711,1.206210123,1,1.985726431,4.59214375,308,230.7248279,0,1014.338,3010.243,2734.772506,1177.534,9640.233,24778.908,1.366637674,1,1.894566693,7.643089821,156,272.6949038,0,1392.868,7532.507,2693.198372,1516.271,9333.713,17194.001,1.184999085,1,2.072452696,4.616520557,794,263.3400806,0,1392.868,3915.742,4260.278506,1643.753,14395.871,51942.472,1.222881294,1,2.033504998,5.419637787,644,192.2636894,0,945.181,4349.236,3912.701283,1464.974,15404.159,41541.625,1.233419341,1,1.916579095,5.021924483,162,298.6578827,0,803.815,8354.496,3743.206951,1551.724,13177.012,32641.286,1.175573602,1,2.171344174,4.373938414
s1-load80,shortest_estimate+first_fit+easy_predicted,8,0.09125355464,0.03465204677,0.02509035169,0.02854358636,0.0025,0.0004675698267,2000,1600,0,59.04581063,0,318.15,1059.333,1583.347013,765.85,5469.845,12334.941,1.098948566,1,1.51552504,3.441956665,1.098948566,2173.30157,390,226.9081564,914.147,0.7425730348,0.2067102373,0.1157104643,0.9714564136,75.71884444,0,0,75.71875697,8.747474749e-05,0,0,0,0,0.9995324302,1.057398572,0.9975,0.0025,800,143420.605,146,75,2731,674,69.3287181,0,405.903,1938.587,1271.333988,659.804,4889.037,9075.765,1.130191594,1,1.705292138,3.834712934,490,42.13917755,0,288.461,965.022,1415.233596,675.695,4270.192,12710.929,1.076666564,1,1.414814483,2.710972328,303,61.93513531,0,307.157,1049.819,2278.12029,1171.666,7791.48,13651.835,1.068841611,1,1.411740123,2.489035576,133,62.64058647,0,361.854,914.147,2201.061669,1045.729,9994.052,14700.107,1.091300356,1,1.692059204,2.139848179,800,55.96707875,0,310.582,965.022,1604.917504,730.451,5517.692,12823.07,1.092726945,1,1.48720448,3.37953748,629,60.34531797,0,310.066,1059.333,1579.878866,816.867,5373.781,11139.827,1.102105076,1,1.54045548,3.404918809,171,68.66917544,0,441.234,1610.709,1495.189532,778.363,5628.353,9075.765,1.116444781,1,1.907143239,3.759814712
s1-load80,shortest_estimate+first_fit+easy_predicted,9,0.139740099,0.03720366406,0.05848942282,0.03460007258,0.008816120907,0.0006308186581,2000,1600,0,190.0571419,0,741.656,3781.973,2613.249377,1243.869,9007.972,17808.118,1.128941485,1,1.627121331,3.432973428,1.128941485,2311.463645,346,820.3485983,3347.742,0.7830009027,0.2751154742,0.1404949005,0.9653999274,156.6486244,0,0,156.6485296,9.482828285e-05,0,0,0,0,0.9993691813,1.067929736,0.9911838791,0.008816120907,794,221243.826,158,78,3243,645,139.2984868,0,640.96,3242.526,2548.843555,1302.968,8257.441,16950.96,1.142966886,1,1.652531183,3.92991264,474,175.4878376,0,1004.057,3347.742,2555.04062,1185.005,9820.481,14892.737,1.127066667,1,1.520511382,2.831158752,330,336.3888364,0,839.334,8086.013,3098.240382,1497.275,11383.364,25964.981,1.131070459,1,2.006985125,3.39321863,151,132.8102781,0,751.611,2407.913,2011.167748,982.489,9239.063,14107.056,1.070264126,1,1.394922339,2.567269706,806,209.3375174,0,912.647,4072.378,2695.903174,1241.971,9820.481,16950.96,1.094336453,1,1.559115454,3.300816954,627,157.0688644,0,593.459,2890.345,2594.299555,1304.321,8173.897,17808.118,1.169841528,1,1.655500839,5.257521437,167,220.8575449,0,640.96,4575.826,2285.480383,1115.233,8409.476,18986.932,1.142398546,1,1.738870432,6.104105144
s1-load80,shortest_estimate+first_fit+easy_predicted,10,0.4433721702,0.06763917511,0.2743252005,0.05421609548,0.04681404421,0.0003776549821,2000,1600,0,802.2487869,0,3478.491,17425.854,3660.436037,1522.581,12929.109,31625.199,1.331901242,1,2.958234018,6.077656152,1.331901242,2644.713185,352,3375.592724,16795.382,0.8967132663,0.5566082838,0.2487103225,0.9457839045,339.4798022,0,0,339.479697,0.0001052121212,0,0,0,0,0.999622345,1.056049136,0.9531859558,0.04681404421,769,282005.527,327,165,3835,626,789.8294185,0,3561.425,17425.854,3572.799407,1692.059,12440.127,27174.793,1.355619526,1,3.31513763,6.077656152,484,1104.512403,0,4352.813,28469.734,4928.112312,1470.068,18311.287,42821.586,1.318927273,1,2.803616671,6.491901209,343,533.440277,0,2902.596,11537.463,2782.040178,1635.922,8410.132,19858.404,1.327591091,1,2.946886791,7.285545996,147,487.1484694,0,1937.429,7025.856,1909.381571,1161.501,4510.718,12315.851,1.283670882,1,2.78899567,4.501112834,831,724.4948135,0,3603.339,18447.731,3494.770468,1515.063,12880.852,28346.105,1.291116386,1,2.79432894,4.859879749,627,939.8835136,0,3478.491,17425.854,3897.878678,1538.042,12903.194,39560.886,1.390992547,1,3.030867928,7.521178863,142,649.5486338,0,2038.371,11537.463,3581.50331,1482.212,13374.493,27997.794,1.309661573,1,3.414991499,6.342797634
s1-load80,shortest_estimate+first_fit+easy_predicted,11,0.1771362931,0.04087757493,0.0785322093,0.03866363253,0.01849568434,0.0005671920355,2000,1600,0,287.413675,0,995.802,6159.833,3089.377428,1525.418,10987.488,24161.16,1.138999156,1,1.787801708,3.887239164,1.138999156,2243.866967,333,1319.411574,6159.833,0.800871357,0.3862365838,0.1668225142,0.9613363675,181.94718,0,0,181.9470709,0.0001090505051,0,0,0,0,0.999432808,1.062127349,0.9815043157,0.01849568434,811,257446.25,196,104,3177,640,378.0741875,0,1186.302,9269.705,3671.351162,1681.507,14368.791,30974.656,1.154419935,1,1.754349083,5.380935091,470,204.8884468,0,1166.212,4883.072,2353.667143,1453.039,7714.129,13303.986,1.127752167,1,1.828613395,3.60923862,327,242.2837003,0,844.485,1823.602,2784.014933,1301.786,10585.132,26307.827,1.150956074,1,1.787801708,3.741968918,163,259.9390184,0,933.938,9176.081,3538.298773,1845.545,13419.286,25425.573,1.086894086,1,1.463387316,3.354824091,789,319.4477022,0,1186.302,6159.833,3211.804307,1572.402,11206.449,28167.111,1.153557362,1,1.832538267,4.630051044,653,267.3394058,0,928.895,7956.217,2792.428345,1441.013,9902.402,19627.871,1.132417538,1,1.705932785,3.386480864,158,210.411462,0,1057.252,5660.088,3705.282133,1910.056,14633.466,26474.038,1.093501509,1,1.555990353,3.529760199
s1-load80,shortest_estimate+first_fit+easy_predicted,12,0.1108974187,0.03298648229,0.03942509302,0.03342554057,0.003645200486,0.001415102357,2000,1600,0,128.8875794,0,499.917,3874.133,2643.913129,1388.459,9396.557,18756.472,1.124692854,1,1.442680723,3.942840268,1.124692854,2263.542232,349,569.7327765,3411.342,0.7422344707,0.2380945747,0.1325152607,0.9665744594,135.7178067,0,0,135.7176982,0.0001084848485,0,0,0,0,0.9985848976,1.10288263,0.9963547995,0.003645200486,823,232305.539,121,65,2876,597,115.1201122,0,474.783,2721.069,1600.370482,928.181,5633.496,10915.308,1.138105744,1,1.668602823,5.047680777,519,117.4785665,0,526.448,2672.569,3840.16558,1785.159,14605.565,23590.014,1.163199389,1,1.485606546,4.033843128,324,161.6021235,0,553.069,5393.628,2952.440398,1968.422,8684.948,14419.816,1.054690098,1,1.250000773,2.287148526,160,151.018475,0,853.273,3411.342,2032.520025,1320.026,5751.712,12484.475,1.091496016,1,1.515973145,3.386537083,777,151.797758,0,590.024,4821.644,2645.745502,1438.533,10493.374,20139.327,1.15143922,1,1.649833762,4.145701184,660,113.4556288,0,482.713,3381.668,2610.879106,1405.167,8946.114,16639.112,1.08914256,1,1.385801772,3.386537083,163,82.16290798,0,171.126,2672.569,2768.93584,1189.042,8725.277,28479.054,1.141142345,1,1.250002105,6.961213946
s1-load80,shortest_estimate+first_fit+easy_predicted,13,0.1433983917,0.03642974933,0.05450209552,0.04113109085,0.0110701107,0.0002653452838,2000,1600,0,149.8409538,0,691.096,3497.246,2260.142207,1397.229,6910.925,13516.357,1.115876305,1,1.593273773,3.115847406,1.115876305,2235.841691,351,613.8803419,3376.268,0.8159940403,0.2955714814,0.1453897378,0.9588689092,157.7196444,0,0,157.719571,7.341414145e-05,0,0,0,0,0.9997346547,1.040844238,0.9889298893,0.0110701107,813,184122.363,220,105,3053,628,126.3587086,0,691.096,2274.236,2257.366903,1549.029,6626.744,11565.637,1.091098503,1,1.517412779,2.523982114,479,176.27362,0,702.643,4634.478,2118.82291,1100.006,6621.758,14707.371,1.13566359,1,1.783203122,4.003247289,328,130.8255701,0,632.183,3111.671,1966.989293,1166.476,6091.18,9723.918,1.134985177,1,1.513740207,3.232266357,165,200.2812485,0,727.331,4592.583,3263.711848,2002.438,11140.416,17282.838,1.114752906,1,1.739374796,2.580143137,787,153.563094,0,730.007,3705.248,2257.451663,1403.57,6626.744,13516.357,1.123957479,1,1.525270432,4.056617481,643,138.1037014,0,665.069,2596.355,2210.847739,1392.686,6910.925,11565.637,1.10356928,1,1.726574205,2.970234934,170,177.0040647,0,353.891,6015.774,2459.046924,1297.065,9335.853,17659.786,1.125014734,1,1.519636477,3.966940439
s1-load80,shortest_estimate+first_fit+easy_predicted,14,0.1887962392,0.04239015769,0.0737266755,0.05306549999,0.01761006289,0.002003843178,2000,1600,0,174.6225912,0,934.867,4093.835,2170.377671,1098.831,7844.209,16011.997,1.17185781,1,1.85395529,4.498776425,1.17185781,2291.713427,378,681.2523519,3922.092,0.81362137,0.358853744,0.1796185411,0.9469345,205.3934733,0,0,205.3933493,0.0001240808081,0,0,0,0,0.9979961568,1.11424184,0.9823899371,0.01761006289,795,178937.446,200,106,3046,594,140.2302121,0,876.058,2984.018,1549.536448,712.206,5872.414,11861.555,1.242043183,1,2.30574819,6.822369607,514,217.4223191,0,1052.425,4749.583,2593.476103,1531.387,8325.202,15058.718,1.114698028,1,1.699119835,3.117360164,336,137.5289554,0,521.037,2019.149,1747.057211,920.278,5905.707,10684.585,1.161499421,1,1.742668888,4.498776425,156,244.4525577,0,1355.815,4650.246,4052.062071,1589.401,18190.113,31756.379,1.115258031,1,1.921381274,3.87385215,805,179.1621416,0,934.867,4093.835,2188.003779,1089.123,7857.101,16011.997,1.155571788,1,1.853576687,3.87385215,635,169.1933449,0,876.058,3371.902,2080.102622,1137.604,7672.085,15461.498,1.193587978,1,2.020884539,4.713482832,160,173.3303,0,1144.888,4319.539,2439.975413,1017.823,9355.447,25809.39,1.16755525,1,1.558189146,5.166148538
s1-load80,shortest_estimate+first_fit+easy_predicted,15,0.3820721357,0.05847715795,0.2231977434,0.06212241111,0.03606965174,0.00220517145,2000,1600,0,672.493625,0,2830.186,12982.142,3777.493248,1736.809,13962.612,30815.85,1.27287648,1,2.557528498,5.005387385,1.27287648,2503.22566,357,2837.901546,12785.951,0.8734838588,0.4615142742,0.2285956827,0.9378775889,369.5426667,0,0,369.5425485,0.0001181818183,0,0,0,0,0.9977948286,1.120433453,0.9639303483,0.03606965174,804,275776.732,262,128,3696,654,657.9802966,0,3067.398,9186.551,3255.830323,1562.144,11636.883,20818.303,1.234798441,1,2.547135645,4.583568931,498,1038.427016,0,6264.016,24902.685,5260.988303,2620.434,17466.979,46491.716,1.366246426,1,2.931121924,5.974519053,299,218.1596656,0,968.883,4662.018,2206.618602,966.03,7513.732,21743.122,1.219390962,1,2.149648012,6.771493915,149,424.8610201,0,2244.764,10173.448,4261.241805,2141.459,16195.322,28341.376,1.235272282,1,2.619325611,4.334024163,796,783.4500163,0,2902.934,18036.628,4136.330725,1811.532,15863.925,36910.023,1.263638511,1,2.623804874,5.145431435,652,537.4893482,0,3005.475,8337,3551.724086,1754.28,12564.006,22329.802,1.263798681,1,2.414435302,4.772045762,152,670.5298158,0,2760.801,16205.618,2866.748921,1366.85,8645.071,31486.545,1.360193245,1,2.431863696,9.863083707
s1-load80,shortest_estimate+first_fit+easy_predicted,16,0.257337696,0.05819706755,0.1178574614,0.05739277952,0.0223880597,0.001502327865,2000,1600,0,506.1109587,0,1494.453,11426.759,2166.961918,878.435,7699.392,20374.453,1.262224396,1,2.545278601,4.961659377,1.262224396,2491.598039,364,2089.998239,10081.443,0.8794728073,0.4560777572,0.2061075228,0.9426072205,207.7033778,0,0,207.7032616,0.0001162020202,0,0,0,0,0.9984976721,1.113364702,0.9776119403,0.0223880597,804,150170.133,288,157,3709,625,469.0679744,0,1393.521,8453.09,1893.653997,689.642,6537.577,18212.515,1.25403634,1,2.311608436,5.411536115,493,606.582856,0,1759.559,18373.934,2603.828972,986.052,9502.641,25212.581,1.270673766,1,2.761014439,5.588586938,322,467.9407733,0,1696.685,8993.679,1895.783388,853.953,6564.012,12587.065,1.308423875,1,2.922840088,6.043504996,160,418.0485812,0,1225.047,7158.553,2434.221169,1344.655,6743.184,18847.255,1.175197913,1,2.319901738,3.593375345,796,522.8978216,0,1544.409,14923.591,2237.486617,868.761,8673.445,20374.453,1.253854746,1,2.645572343,4.930461705,633,483.2749905,0,1809.062,10081.443,2099.076897,945.272,7160.388,14888.552,1.28038908,1,2.260895036,5.411536115,171,512.5017485,0,941.926,18111.471,2089.965181,791.937,5945.259,25212.581,1.233943674,1,2.507696209,6.241101444
s1-load80,shortest_estimate+first_fit+easy_predicted,17,0.2625566781,0.04573213012,0.1317747794,0.05979533757,0.02442159383,0.0008328371744,2000,1600,0,452.9452194,0,1670.927,6958.386,3262.334514,1649.924,11209.629,23429.67,1.172583402,1,2.000118169,3.767065225,1.172583402,2303.084052,372,1780.608099,4624.118,0.8613046381,0.3709298193,0.1768597253,0.9402046624,337.5243089,0,0,337.5241838,0.0001250909091,0,0,0,0,0.9991671628,1.073680721,0.9755784062,0.02442159383,778,249443.535,258,124,3363,628,458.6698041,0,1713.046,5383.785,3469.063487,1995.034,11693.593,20333.224,1.150214539,1,1.931455888,3.33278863,486,525.6240082,0,2140.904,19135.557,3820.256183,2136.898,12457.653,35641.602,1.195407337,1,2.082703206,4.290429732,340,407.8165529,0,1378.085,4169.977,2278.447224,951.467,7333.051,21302.621,1.203474396,1,2.137502781,4.198167614,146,291.4850548,0,1593.348,4575.407,2807.169808,1832.059,8019.079,20608.055,1.120886658,1,1.583263731,3.589636835,822,409.4513236,0,1228.302,5383.785,3182.908945,1653.084,10592.697,20608.055,1.158936964,1,1.946149972,3.33278863,617,580.810188,0,2214.047,7928.565,3457.795831,1719.953,11954.1,27344.564,1.183739683,1,2.19846247,3.963777773,161,184.9905404,0,1337.23,3757.283,2918.78287,1516.343,10948.346,21302.621,1.199502322,1,1.776343835,7.255801947
s1-load80,shortest_estimate+first_fit+easy_predicted,18,0.1384591438,0.03591978805,0.0594019498,0.02783763684,0.01134930643,0.003950462676,2000,1600,0,136.7324987,0,753.227,2807.544,4115.683981,1628.426,16893.504,34132.782,1.135521896,1,1.570970355,3.348858253,1.135521896,2245.801018,356,562.5855169,2676.995,0.7208716271,0.219451974,0.1261108068,0.9721623632,183.3907778,0,0,183.3906815,9.632323236e-05,0,0,0,0,0.9960495373,1.164957119,0.9886506936,0.01134930643,793,390125.266,119,58,2751,654,153.9570183,0,942.07,2807.544,6583.59913,3060.592,22840.127,46925.048,1.100637626,1,1.356253764,3.090581123,489,168.7500368,0,990.716,3295.104,2747.171239,1186.693,10741.319,17890.939,1.240871939,1,2.23982254,6.947873966,318,73.36856604,0,393.357,1813.607,1486.436126,989.579,5224.477,7577.023,1.07601782,1,1.292687325,2.792234586,139,88.01536691,0,844.116,2106.318,3333.576367,1568.615,15008.808,17876.58,1.065165334,1,1.331489559,2.521247684,807,116.026834,0,926.359,2459.827,3702.217356,1551.131,15435.167,25980.821,1.159726675,1,1.65302413,3.647390041,633,169.2087867,0,646.252,3595.77,4714.526458,1682.418,19943.177,38563.639,1.116161383,1,1.474467577,3.336242552,160,112.6823813,0,287.113,3815.285,3831.935725,1880.443,11371.559,46925.048,1.090034071,1,1.309338674,2.99716195
s1-load80,shortest_estimate+first_fit+easy_predicted,19,0.1014657397,0.03023484036,0.02965093615,0.02956467868,0.009626955475,0.002388329059,2000,1600,0,65.85676875,0,375.979,1416.263,2656.034838,1114.41,9381.81,24972.655,1.128586694,1,1.322336252,3.868786098,1.128586694,2264.174467,338,278.2534911,1416.263,0.7322237674,0.1796556186,0.1101773542,0.9704353213,138.9893511,0,0,138.9892724,7.870707074e-05,0,0,0,0,0.9976116709,1.10492072,0.9903730445,0.009626955475,831,283130.775,115,55,2732,656,74.32221646,0,537.955,1359.042,3817.866061,1645.213,13497.279,42543.581,1.074717668,1,1.288441196,2.768276287,468,63.70016667,0,233.929,1823.844,1706.304329,676.552,6975.626,15676.654,1.183036475,1,1.433423179,4.304402066,316,52.9575,0,295.839,1102.948,2137.609851,1027.163,7236.443,17476.555,1.187184926,1,1.367774756,3.367926599,160,62.93255,0,354.397,1416.263,1694.377913,805.987,5592.633,13723.844,1.074452587,1,1.341420579,2.952200892,769,74.17747854,0,437.123,1533.2,2595.564687,1229.884,8380.858,23133.146,1.121445375,1,1.433423179,3.977430669,662,53.48120846,0,270.397,1145.723,2714.770662,1057.686,10028.385,28158.885,1.1299772,1,1.282897813,3.868786098,169,76.47212426,0,516.775,1494.134,2701.114314,1094.185,10955.622,27094.338,1.155634981,1,1.444168887,5.576723896
s1-load80,shortest_estimate+first_fit+easy_predicted,20,0.2015265372,0.04225797637,0.08727341496,0.04667972722,0.02366127024,0.001654148413,2000,1600,0,300.8850375,0,1106.642,6656.983,3408.325621,1584.985,12949.359,28467.479,1.167940642,1,1.848174272,3.911543871,1.167940642,2283.735647,353,1260.054601,6635.663,0.803927282,0.2876531988,0.1255673236,0.9533202728,257.71186,0,0,257.7117445,0.0001154747475,0,0,0,0,0.9983458516,1.102251602,0.9763387298,0.02366127024,803,268593.303,202,105,3004,645,473.796355,0,1816.138,11247.499,5623.161324,3038.155,20280.661,43673.286,1.171470262,1,2.092340645,3.689218442,467,152.062212,0,734.83,4463.979,1469.312439,936.676,4716.454,9514.672,1.223129674,1,1.905871512,5.068982333,310,229.8184452,0,667.073,5612.488,2672.836874,1665.576,8120.131,15920.256,1.109664682,1,1.471054818,3.558226722,178,188.5429213,0,573.278,9676.65,1750.750556,726.626,6673.197,15885.599,1.111848866,1,1.398510079,3.312308353,797,315.3447716,0,955.236,7758.862,3373.580331,1537.912,12431.482,35574.855,1.150215708,1,1.736304319,3.911543871,621,299.4125829,0,1243.666,7346.404,3619.836155,1643.224,14342.747,33595.142,1.157819151,1,1.929705328,3.744243201,182,242.5882582,0,1630.432,4856.484,2838.786907,1605.672,8260.604,26503.318,1.280095683,1,2.374795948,11.0035225
s1-load80,shortest_estimate+least_fragmentation+easy_predicted,1,0.1578513107,0.03775770405,0.05099070809,0.05957314249,0.006157635468,0.003372120637,2000,1600,0,113.1919388,0,646.571,2458.334,3341.995089,1342.267,10223.501,46679.924,1.184194596,1,1.651352554,4.379921414,1.184194596,2313.743165,370,444.0002838,2298.589,0.7493213825,0.1955005253,0.1276858057,0.9404268575,354.9793044,0,0,354.9791841,0.0001203636364,0,0,0,0,0.9966278794,1.165289375,0.9938423645,0.006157635468,812,331001.651,144,62,2672,647,163.2108083,0,845.35,4151.197,2477.476645,1608.35,8062.836,15033.631,1.260194357,1,1.846801028,4.651567671,468,77.85262607,0,537.974,1915.085,1689.668528,989.201,6023.898,9235.755,1.161110954,1,1.628724586,5.078321236,333,83.19963964,0,346.175,1687.941,7492.308679,1379.871,46679.924,86400,1.115874774,1,1.261409434,2.826481208,152,74.79736842,0,425.315,1602.411,3016.849296,1934.909,10223.501,15590.314,1.081443275,1,1.495747903,2.770261499,788,113.7678553,0,576.31,2687.425,3304.473492,1425.264,9523.233,48633.587,1.236135327,1,1.492357302,6.040128136,648,116.1086836,0,788.941,2462.955,3309.789546,1293.835,10889.747,44785.025,1.133858726,1,1.70462477,3.774838396,164,98.90003049,0,559.816,2058.803,3649.532957,1296.725,9059.982,67212.44,1.133513789,1,1.893091352,4.287688297
s1-load80,shortest_estimate+least_fragmentation+easy_predicted,2,0.1630144566,0.03519137202,0.05625175619,0.0620758222,0.008985879332,0.0005096268655,2000,1600,0,182.8457669,0,713.282,3893.462,3442.707904,1624.936,13099.384,25871.625,1.101284052,1,1.539112706,3.407434243,1.101284052,2237.027536,332,837.4072289,3893.462,0.7619080456,0.25476898,0.1119430182,0.9379241778,386.8782756,0,0,386.8781596,0.000115959596,0,0,0,0,0.9994903731,1.058738062,0.9910141207,0.008985879332,779,307986.128,138,69,2909,636,274.3665912,0,790.295,7544.162,4883.684692,2124.332,18504.467,33047.421,1.084728178,1,1.458073476,2.941123789,502,131.9637151,0,858.649,2606.161,2662.71902,1532.933,8439.492,16452.599,1.094869268,1,1.502611685,2.975755987,311,93.3170418,0,565.73,2171.22,1858.909984,1184.31,6147.75,8940.839,1.148443009,1,1.555650146,4.53795917,151,150.9184768,0,697.092,3513.388,3228.498205,1722.892,10455.572,29222.432,1.095213335,1,1.775898471,2.459557318,821,217.0444141,0,793.123,4854.274,3596.725145,1652.303,13267.089,26846.566,1.098644792,1,1.4712958,3.574851366,635,127.2388646,0,664.722,2763.748,3284.349658,1625.908,11781.562,24380.604,1.107737075,1,1.572403048,3.407434243,144,233.0769722,0,572.814,7063.138,3262.91159,1532.933,13775.162,27939.411,1.087875464,1,1.335340299,2.975755987
s1-load80,shortest_estimate+least_fragmentation+easy_predicted,3,0.1882239445,0.04665922111,0.08322378567,0.04251221669,0.01423027167,0.001598449379,2000,1600,0,279.7489981,0,1055.292,6321.918,2905.812604,1319.522,10619.081,25719.19,1.189959315,1,2.040664969,4.002021706,1.189959315,2362.75794,377,1108.981905,6084.355,0.8335431745,0.3685790216,0.1754531998,0.9574877833,199.6350822,0,0,199.6349737,0.0001085252526,0,0,0,0,0.9984015506,1.109758636,0.9857697283,0.01423027167,773,211165.481,235,114,3466,639,319.682011,0,1595.556,7539.978,4123.16477,1926.518,15146.356,31780.399,1.18912072,1,1.990876769,3.953657851,481,160.8348503,0,674.086,4740.42,1804.474572,1027.566,5647.3,10994.371,1.181829909,1,1.847937323,5.502230347,318,301.619305,0,1309.372,6618.981,2525.18411,1327.448,10069.242,16449.146,1.156385429,1,2.072373746,2.98365253,162,432.3770988,0,1107.127,6528.391,2121.216432,1041.34,7500.936,13790.85,1.283308716,1,2.76115645,6.616143599,827,316.5831282,0,1576.067,6548.846,3014.673724,1354.973,10619.081,25719.19,1.187907867,1,2.031415857,4.677745762,629,235.9391622,0,966.65,4782.654,2675.303824,1292.04,10472.988,17741.636,1.215950524,1,2.099571623,4.265053317,144,259.5723403,0,866.05,5714.192,3287.492299,1298.93,13535.721,30617.045,1.088209852,1,1.502966546,2.760581079
s1-load80,shortest_estimate+least_fragmentation+easy_predicted,4,0.1711187814,0.04081886189,0.06318163009,0.04817738036,0.01589403974,0.00304686932,2000,1600,0,171.4340119,0,801.154,3991.327,2782.391017,1560.396,9458.393,17045.224,1.138468471,1,1.785233862,3.165540832,1.138468471,2273.456436,354,730.9422006,3912.421,0.8218904685,0.3585621463,0.1820870121,0.9518226196,232.5912244,0,0,232.5911101,0.0001143030303,0,0,0,0,0.9969531307,1.16574493,0.9841059603,0.01589403974,755,226672.601,215,107,3154,615,117.1580927,0,631.759,2255.709,2099.605189,987.326,8222.929,13045.387,1.171425357,1,1.93075688,4.98635,495,246.9575152,0,790.116,8426.662,3897.94962,2268.239,12674.319,25263.114,1.066629458,1,1.417385854,2.342866727,334,148.5250689,0,981.091,3026.927,2497.114958,1597.36,8458.75,12894.415,1.135234092,1,2.01593505,2.83372976,156,194.8131346,0,1260.828,3288.777,2545.172936,1804.543,7447.028,12881.776,1.243417883,1,2.049728596,3.165540832,845,177.0199479,0,953.253,3991.327,2907.10494,1597.36,9855.331,17099.625,1.159523815,1,1.844830996,3.54081648,608,137.393273,0,554.386,3026.927,2629.828311,1518.102,8458.75,16275.339,1.109079878,1,1.502803955,3.142485175,147,280.1187279,0,1260.828,8426.662,2696.505714,1457.139,10687.558,17045.224,1.138988868,1,2.049728596,2.564513356
s1-load80,shortest_estimate+least_fragmentation+easy_predicted,5,0.1222314316,0.03040737586,0.03599067615,0.05000337844,0.005305039788,0.0005249614018,2000,1600,0,85.00981188,0,456.368,1861.735,2274.096538,1512.997,6727.739,12165.169,1.065899174,1,1.329882181,2.421364185,1.065899174,2134.695828,334,348.2122305,1861.735,0.7485690807,0.1787870299,0.1043926878,0.9499966216,189.8081244,0,0,189.8080272,9.725252529e-05,0,0,0,0,0.9994750386,1.057703081,0.9946949602,0.005305039788,754,209107.581,139,71,2714,639,95.42933177,0,706.109,1824.444,2235.661404,1449.317,6416.136,14041.681,1.084441921,1,1.428892686,2.529231608,486,102.3856975,0,492.746,2561.235,1934.309259,1291.282,5812.072,10571.352,1.072600441,1,1.427270938,2.837654837,322,56.10089752,0,220.652,1357.553,2818.004661,2203.499,7781.625,11427.432,1.038287644,1,1.141682848,2.421364185,153,47.13998693,0,340.608,1063.589,2369.248516,1581.591,6880.407,14317.204,1.0252801,1,1.250000395,1.340674656,846,83.01794326,0,552.52,1861.735,2313.685418,1476.327,7075.905,12341.63,1.063271664,1,1.354190268,1.983803684,602,96.08921096,0,337.618,1891.295,2203.475841,1534.698,6405.251,10223.758,1.076576844,1,1.296053567,2.837654837,152,52.21588158,0,322.98,1482.113,2333.448296,1507.125,6880.407,14738.915,1.038234153,1,1.311176123,1.66378762
s1-load80,shortest_estimate+least_fragmentation+easy_predicted,6,0.234626158,0.05765365765,0.09712477898,0.05420428275,0.02351485149,0.002128587159,2000,1600,0,393.6190381,0,1231.559,7824.051,2327.730622,1226.677,7909.77,18626.534,1.268997997,1,2.52151229,5.249117535,1.268997997,2528.332853,388,1564.73984,7204.63,0.8663475281,0.5411153306,0.2289817877,0.9457957173,194.8640911,0,0,194.8639747,0.0001164040404,0,0,0,0,0.9978714128,1.132220188,0.9764851485,0.02351485149,808,173466.472,285,155,3757,647,404.0851577,0,1321.572,10335.504,2481.079561,1314.718,8629.922,18626.534,1.276125109,1,2.445445944,5.528474381,472,300.130947,0,1377.877,7132.499,2094.561744,1201.874,6551.209,16644.113,1.257283044,1,2.683115213,5.249117535,318,197.0155094,0,885.11,3389.081,1463.931226,1047.052,4178.392,6643.79,1.216404244,1,2.226930846,3.952265958,163,1006.347393,0,4060.007,36969.197,4079.430957,1435.529,17773.931,44242.848,1.377237442,1,3.927055193,6.685277218,792,361.038072,0,942.606,7824.051,2381.220009,1265.483,7456.014,22993.578,1.25851295,1,2.50114736,5.528474381,644,418.8036413,0,1604.857,7355.433,2231.807663,1182.912,7909.77,17119.726,1.294129247,1,2.577334941,5.607046024,164,452.065628,0,1381.592,14373.85,2446.089104,1221.974,9583.216,19106.573,1.220946974,1,2.697632631,4.797733766
s1-load80,shortest_estimate+least_fragmentation+easy_predicted,7,0.2106664382,0.04590537922,0.09345661136,0.05141305874,0.01861042184,0.001280967046,2000,1600,0,246.5950281,0,1185.046,5361.323,4081.2751,1529.125,15085.99,42329.968,1.184334182,1,2.007695307,4.867901265,1.184334182,2303.626506,369,990.4510081,4923.694,0.7909488499,0.2522371743,0.1267351849,0.9485869413,363.3005644,0,0,363.3004299,0.0001345858587,0,0,0,0,0.998719033,1.102116995,0.9813895782,0.01861042184,806,387786.479,179,99,2825,632,226.243606,0,1173.989,3706.415,3577.510364,1459.76,13473.869,31856.608,1.183328057,1,2.236493728,4.66840111,504,269.3821885,0,1653.705,5361.323,5957.611236,1897.272,30328.039,68088.711,1.227791392,1,2.248448858,5.374409508,308,230.8078896,0,949.626,3982.565,2739.588438,1177.128,9640.233,24778.908,1.150895513,1,1.884603261,4.209312178,156,286.5938013,0,1392.868,7834.473,2709.130179,1510.654,11289.148,18921.444,1.114029997,1,1.644625496,3.242716117,794,262.6756234,0,1398.506,6886.148,4261.259086,1640.156,14395.871,51942.472,1.197594718,1,2.09991958,5.174143524,644,196.823132,0,1014.338,4489.44,3927.176964,1452.346,16070.869,41541.625,1.141905701,1,1.811332212,3.876908113,162,365.6389074,0,1652.019,10720.923,3811.719019,1510.654,14449.238,30102.435,1.288007493,1,3.391788036,4.918534788
s1-load80,shortest_estimate+least_fragmentation+easy_predicted,8,0.120299594,0.03662211373,0.03117567875,0.0431683671,0.00875,0.0005834343704,2000,1600,0,73.76821625,0,395.313,1366.344,1603.806104,778.363,5549.033,12334.941,1.102230345,1,1.601686929,2.8274,1.102230345,2175.796182,390,277.0633333,1225.599,0.7542381521,0.2268143113,0.1121047019,0.9568316329,116.2649622,0,0,116.2648522,0.0001100606061,0,0,0,0,0.9994165656,1.069694916,0.99125,0.00875,800,143420.605,160,87,2766,674,90.2438724,0,480.751,2606.897,1300.77824,645.6,4934.167,10214.392,1.13661046,1,1.855634361,3.541784031,490,48.29556939,0,321.299,1092.353,1421.329833,685.1,4270.192,12710.929,1.062555727,1,1.343898464,2.407634895,303,73.81953135,0,398.6,1114.723,2300.218558,1173.421,7791.48,13651.835,1.095330907,1,1.399128064,2.899229245,133,84.00472932,0,342.168,2566.818,2225.168361,1107.103,9994.052,14700.107,1.089891204,1,1.814643167,2.148293479,800,69.91418625,0,370.43,1115.136,1623.992481,735.885,5549.033,13651.835,1.095721224,1,1.603791445,2.618631791,629,67.51883307,0,380.999,1442.084,1593.446184,836.179,5373.781,11139.827,1.106193574,1,1.567218741,2.973975416,171,114.7862632,0,747.977,2690.652,1547.474456,777.57,6063.483,9075.765,1.118104176,1,1.754182595,3.347663318
s1-load80,shortest_estimate+least_fragmentation+easy_predicted,9,0.1397276376,0.03987467232,0.05393664582,0.03899919888,0.006297229219,0.0006198913732,2000,1600,0,174.7958481,0,683.926,3882.521,2599.5993,1243.869,9007.972,17534.096,1.128038818,1,1.743939247,3.341355294,1.128038818,2291.223063,346,777.0023353,3660.455,0.7852349463,0.2792889875,0.1388070963,0.9610008011,177.3735156,0,0,177.3734111,0.0001044848485,0,0,0,0,0.9993801086,1.064308936,0.9937027708,0.006297229219,794,220481.686,167,90,3199,645,132.5363302,0,660.262,2986.236,2547.335144,1305.432,8257.441,16787.21,1.162043597,1,1.652531183,4.523239025,474,163.0156899,0,932.544,4479.475,2549.679504,1151.398,10046.123,14892.737,1.091829221,1,1.642651075,2.945486726,330,288.5555667,0,674.522,6908.294,3039.9444,1497.207,11574.998,21931.596,1.127439899,1,1.959494067,3.340179194,151,143.6731788,0,747.562,3239.957,2017.205132,935.24,9239.063,13637.962,1.097760078,1,1.426473033,3.478608723,806,222.8267692,0,754.742,5168.913,2712.58748,1226.521,9953.323,17044.819,1.118257984,1,1.805344934,2.945486726,627,107.6992759,0,672.032,2526.553,2545.279405,1304.321,8210.522,17534.096,1.12640538,1,1.557580139,3.698376463,167,194.8954192,0,411.417,7864.266,2258.222659,1106.064,8409.476,18986.932,1.181377247,1,1.516611506,4.654324465
s1-load80,shortest_estimate+least_fragmentation+easy_predicted,10,0.4172764643,0.06652040025,0.2434447069,0.06130224521,0.0455136541,0.000495457782,2000,1600,0,847.3780281,0,3086.921,17528.697,3713.308741,1549.54,13175.063,32073.641,1.337640504,1,2.909303826,5.938412597,1.337640504,2657.814003,352,3538.306764,17374.526,0.8959532378,0.5175965566,0.2063597984,0.9386977548,386.7481311,0,0,386.7480094,0.0001216969697,0,0,0,0,0.9995045422,1.063612421,0.9544863459,0.0455136541,769,282021.865,312,173,3877,626,740.3417492,0,3018.212,17374.526,3532.095965,1670.641,12707.82,30180.772,1.340533359,1,2.922376615,6.746512788,484,1158.46999,0,4682.123,28574.48,4995.312938,1472.735,18170.521,42604.816,1.323394619,1,3.082669137,5.247801028,343,797.8035569,0,2707.873,12364.799,3048.426816,1635.922,8178.671,20549.455,1.372644678,1,2.843842895,7.361399397,147,394.5905782,0,1590.849,8002.317,1815.374503,1198.632,4694.728,12264.523,1.290549688,1,2.418000573,3.736493185,831,845.6205042,0,2829.065,19768.506,3627.730948,1562.377,13478.364,29985.705,1.345774552,1,3.028479605,6.491951473,627,901.0079107,0,3684.201,17528.697,3862.763187,1516.319,13175.063,40016.497,1.343368859,1,2.858805819,5.336013138,142,620.8608873,0,2987.299,13120.507,3554.204577,1478.999,13025.342,27997.794,1.264745631,1,2.728330768,4.869453133
s1-load80,shortest_estimate+least_fragmentation+easy_predicted,11,0.1949807445,0.0414494713,0.09493048715,0.04231905288,0.01602959309,0.0002521400505,2000,1600,0,300.9602975,0,1203.735,5498.458,3106.102656,1535.928,10919.947,24400.136,1.130523368,1,1.812813888,3.354824091,1.130523368,2221.549916,333,1373.654952,5498.458,0.8049349836,0.2995962985,0.1302023415,0.9576809471,199.9093644,0,0,199.9092344,0.0001300202021,0,0,0,0,0.9997478599,1.040160288,0.9839704069,0.01602959309,811,257446.25,191,101,3036,640,389.3049266,0,1343.168,10694.786,3687.147873,1681.507,13559.828,31875.729,1.139694937,1,2.008947977,3.573364293,470,201.5288574,0,1104.335,3804.362,2350.162289,1453.039,7551.366,13118.289,1.115417085,1,1.768868237,3.076340393,327,273.8495505,0,963.128,4141.622,2819.019832,1338.338,10987.488,26307.827,1.14777549,1,1.837064874,3.768570907,163,295.1776503,0,1444.853,9463.504,3580.330368,1821.899,12987.225,25425.573,1.10346021,1,1.655983427,3.354824091,789,255.6894715,0,1308.443,5960.746,3152.863678,1583.284,11132.601,25425.573,1.131391928,1,1.853693186,3.60923862,653,366.7423813,0,1185.573,6691.151,2892.391247,1452.885,9754.588,21042.323,1.139506349,1,1.937264404,3.503059962,158,255.1563797,0,717.029,5015.934,3755.843823,1901.144,14633.466,26474.038,1.089060205,1,1.614619668,3.150766677
s1-load80,shortest_estimate+least_fragmentation+easy_predicted,12,0.1155293876,0.03424885225,0.04377810934,0.03329806235,0.003645200486,0.0005591631413,2000,1600,0,122.5522912,0,555.114,3371.852,2637.801751,1413.394,9208.534,19160.372,1.127747703,1,1.497891121,4.033843128,1.127747703,2257.431527,349,530.0277221,3320.396,0.7355949453,0.220639119,0.1188333005,0.9667019376,135.1823778,0,0,135.1822678,0.000109939394,0,0,0,0,0.9994408369,1.067692991,0.9963547995,0.003645200486,823,232305.539,132,63,2835,597,106.0014673,0,424.622,2498.84,1589.963774,926.865,5633.496,10915.308,1.128146857,1,1.513461015,4.631040011,519,111.8786821,0,555.114,2672.569,3834.888592,1775.115,14378.409,23590.014,1.158488857,1,1.527417048,4.232673326,324,146.7991543,0,750.171,3371.852,2939.851491,1989.42,8577.837,14565.251,1.085039302,1,1.425415724,2.235704037,160,169.830175,0,751.472,3951.727,2052.846044,1320.026,6080.409,12484.475,1.113026251,1,1.729953186,3.795796535,777,151.1647632,0,753.265,3640.047,2649.446462,1469.396,10458.667,20139.327,1.174207771,1,1.700027267,4.232673326,660,101.3636485,0,379.544,3371.852,2598.005547,1409.757,8946.114,16639.112,1.082843004,1,1.269663327,3.250009667,163,71.95482822,0,100.917,2672.569,2743.43092,1209.357,8695.297,28479.054,1.08810125,1,1.250000057,3.381707081
s1-load80,shortest_estimate+least_fragmentation+easy_predicted,13,0.1475791725,0.03702726491,0.0564647659,0.04409312332,0.009840098401,0.0001539199637,2000,1600,0,136.8883469,0,715.983,3123.904,2250.522452,1389.982,7025.172,13717.918,1.097475707,1,1.619406424,2.739090886,1.097475707,2212.744746,351,576.6766638,3037.432,0.8195682765,0.2966341331,0.1472644229,0.9559068767,169.6016511,0,0,169.6015753,7.583838388e-05,0,0,0,0,0.99984608,1.030137831,0.9901599016,0.009840098401,813,184122.363,209,109,3112,628,130.1493742,0,759.067,1696.552,2261.239611,1546.504,6402.698,12676.055,1.085518115,1,1.549102146,2.311135379,479,127.2794196,0,644.426,3914.853,2071.001023,1100.006,6806.12,13717.918,1.113171463,1,1.829699752,3.07009753,328,135.1543445,0,632.183,3037.432,1981.688064,1166.476,5989.738,11303.185,1.105935668,1,1.568945589,3.115847406,165,193.8792788,0,987.552,5291.715,3265.298618,1986.962,11136.956,17191.957,1.080604391,1,1.669375031,2.305467148,787,126.159446,0,695.537,2841.371,2233.708269,1392.611,6833.191,12617.202,1.095235907,1,1.541708715,2.894993407,643,144.4034712,0,758.43,3332.118,2217.408042,1396.297,6910.925,12676.055,1.103741312,1,1.736784432,2.632179959,170,158.1319941,0,270.984,7075.91,2453.612612,1289.428,9345.218,17191.957,1.084145936,1,1.568945589,2.610121544
s1-load80,shortest_estimate+least_fragmentation+easy_predicted,14,0.1753280581,0.04575510371,0.06306869788,0.05700961554,0.007547169811,0.001947471194,2000,1600,0,158.6592506,0,799.722,2971.993,2157.126086,1093.745,7738.686,15769.617,1.161840557,1,2.001122931,3.843580365,1.161840557,2279.89244,378,626.9685847,2909.166,0.8143691128,0.322456303,0.1636906956,0.9429903845,221.5823511,0,0,221.5822196,0.0001314747475,0,0,0,0,0.9980525288,1.119874229,0.9924528302,0.007547169811,795,178937.446,220,121,3043,594,125.9930522,0,786.395,2583.996,1537.939879,725.861,5286.434,12215.119,1.230560437,1,2.396224239,5.291734267,514,189.0202646,0,986.189,3935.281,2561.946471,1551.22,8078.313,14202.218,1.117801847,1,1.838933376,3.38548637,336,132.0633869,0,627.215,1969.732,1755.157759,942.551,5905.707,10684.585,1.136973524,1,1.899562916,3.023420381,156,240.2898333,0,950.68,8468.994,4046.743308,1588.05,18190.113,31756.379,1.09883807,1,1.751570203,2.644052356,805,167.2738472,0,895.446,2700.23,2179.455609,1100.172,7651.044,16011.997,1.173990132,1,2.001122931,4.201605257,635,160.6842756,0,685.935,3330.339,2074.633357,1108.232,7755.646,15058.718,1.158082095,1,2.077650607,3.419272902,160,107.2802437,0,712.06,2330.726,2372.173688,1017.823,8216.604,25809.39,1.115629405,1,1.668090444,3.536225952
s1-load80,shortest_estimate+least_fragmentation+easy_predicted,15,0.3797197298,0.06136681129,0.2178675322,0.06202117631,0.03731343284,0.001150777075,2000,1600,0,602.1471769,0,2762.598,11238.311,3706.053967,1754.28,13536.529,27867.171,1.254700678,1,2.683908969,4.734263968,1.254700678,2476.874015,357,2472.252053,11191.51,0.872484529,0.403683579,0.2040518348,0.9379788237,368.90064,0,0,368.9005131,0.000126868687,0,0,0,0,0.9988492229,1.08812172,0.9626865672,0.03731343284,804,275614.204,259,135,3657,654,581.2981896,0,2773.98,8302.543,3180.280313,1568.192,11513.612,25077.106,1.26799018,1,2.680799254,5.032472183,498,934.4076345,0,4479.174,21214.756,5148.464685,2520.31,16514.011,46491.716,1.269165654,1,2.873722626,4.585084833,299,247.1571137,0,1331.161,5078.339,2237.461411,1022.381,7394.467,18554.695,1.245552122,1,2.683908969,5.872911335,149,295.5133423,0,2478.579,5264.306,4139.910383,2035.947,15393.483,28341.376,1.16638206,1,1.852624474,3.002450632,796,688.6750628,0,2610.204,12126.419,4042.277568,1814.756,15368.484,36910.023,1.23637004,1,2.614226063,4.734263968,652,533.3004571,0,2898.527,9049.742,3542.715739,1788.108,12926.85,26698.38,1.27924204,1,2.85995638,5.442546488,152,444.3304934,0,1844.883,11719.513,2645.939086,1340.032,8571.815,26543.595,1.245425805,1,2.626822946,3.895486527
s1-load80,shortest_estimate+least_fragmentation+easy_predicted,16,0.253305248,0.05773951083,0.1113711934,0.06094966865,0.0223880597,0.000856815396,2000,1600,0,624.6475769,0,1412.206,15579.873,2286.725036,873.109,7731.147,25492.316,1.260465453,1,2.525267123,5.735589492,1.260465453,2472.327651,364,2667.318734,11987.654,0.8700937251,0.5746131043,0.2034367616,0.9390503314,221.4111778,0,0,221.4110535,0.0001242828283,0,0,0,0,0.9991431846,1.08449182,0.9776119403,0.0223880597,804,150259.265,291,167,3755,625,559.5411552,0,1273.271,6935.62,1986.533016,689.642,6908.554,18541.443,1.250202358,1,2.47500312,5.572280472,493,781.6774909,0,1773.495,25386.673,2778.410063,972.415,9693.287,30235.965,1.268207233,1,2.59933742,6.02546205,322,598.5999752,0,1387.757,16431.417,2029.891174,853.953,7024.82,20024.803,1.299461563,1,2.56219562,6.633383333,160,447.5419125,0,1720.209,8945.92,2461.223775,1337.971,6743.184,18847.255,1.198221637,1,2.525267123,3.235530238,796,645.8985992,0,1992.387,19739.277,2363.673852,839.362,8696.066,25708.922,1.253677077,1,2.656431452,5.029779255,633,562.9144265,0,1401.977,9680.981,2180.977618,952.448,7236.747,24575.175,1.271431774,1,2.523584158,6.02546205,171,754.2456491,0,872.252,25797.371,2319.98152,771.016,5945.259,32898.481,1.251470518,1,2.038143926,6.715101258
s1-load80,shortest_estimate+least_fragmentation+easy_predicted,17,0.2882523756,0.05135956729,0.1561589105,0.05668959366,0.02313624679,0.0009080573687,2000,1600,0,557.90043,0,1980.122,10679.198,3366.611276,1700.567,11518.881,26360.39,1.196763939,1,2.24623702,4.244216964,1.196763939,2349.517851,372,2312.512,8299.108,0.8444887629,0.4505161556,0.1763105533,0.9433104063,318.9399,0,0,318.9397703,0.0001296969697,0,0,0,0,0.9990919426,1.080495013,0.9768637532,0.02313624679,778,261025.318,246,135,3495,628,685.3921943,0,2504.68,16503.048,3686.298895,2027.57,12439.026,24894.071,1.205843908,1,2.459383919,4.631975145,486,545.2425473,0,2004.443,16742.871,3841.24799,2133.499,12885.388,33715.767,1.194344027,1,1.920432332,3.795074322,340,436.1934412,0,1204.401,4602.578,2315.451732,941.847,8174.552,21302.621,1.21463458,1,2.318286918,4.716993936,146,335.0735753,0,1548.709,7533.069,2859.467281,1832.059,9436.181,20608.055,1.124146401,1,1.705158953,3.279397447,822,546.5116314,0,1632.165,9260.999,3315.375852,1700.567,10592.697,26360.39,1.195836895,1,2.094246517,4.777089168,617,623.0400211,0,2207.375,10679.198,3501.93707,1720.967,12265.872,27272.09,1.18899843,1,2.296695366,3.723148429,161,366.4126335,0,941.612,16503.048,3109.589559,1578.167,11209.629,26300.076,1.231256795,1,1.961268008,5.676825301
s1-load80,shortest_estimate+least_fragmentation+easy_predicted,18,0.1264028634,0.0353318021,0.05097438339,0.03034063692,0.007566204288,0.002189836653,2000,1600,0,140.944905,0,646.364,3123.694,4122.963559,1659.072,16692.68,34246.989,1.141476263,1,1.545254488,3.381458526,1.141476263,2256.367654,356,587.6389607,2854.262,0.7228480447,0.2115849029,0.1168332768,0.9696593631,200.3961756,0,0,200.3960722,0.0001033131313,0,0,0,0,0.9978101633,1.121748141,0.9924337957,0.007566204288,793,390125.266,125,64,2728,654,133.872474,0,623.906,2741.757,6561.751214,2964.819,23511.202,46925.048,1.104005429,1,1.312812785,3.029521817,489,188.1563845,0,1035.509,4088.455,2771.575102,1196.459,10667.916,17890.939,1.227699524,1,2.214524925,7.10328541,318,76.14349686,0,432.832,2057.391,1495.776481,1022.135,5039.868,7577.023,1.094452024,1,1.468769832,2.741087386,139,156.3823453,0,785.769,3045.136,3412.944273,1628.426,15008.808,17876.58,1.122026322,1,1.555468872,2.625908638,807,123.3189009,0,785.769,3123.694,3718.467555,1559.496,15622.345,26016.902,1.159389881,1,1.635632886,3.40174159,633,185.416842,0,629.449,3290.723,4725.450106,1682.418,20056.965,38563.639,1.121176684,1,1.516688651,3.342318928,160,53.9039625,0,370.677,1974.138,3779.552875,1878.665,11371.559,46925.048,1.131434659,1,1.307270389,3.788782592
s1-load80,shortest_estimate+least_fragmentation+easy_predicted,19,0.109688293,0.03296842856,0.03163308576,0.03429988161,0.007220216606,0.003566680417,2000,1600,0,84.62831625,0,401.113,2512.624,2678.677403,1114.41,9220.543,24248.916,1.148922739,1,1.441891134,3.671326838,1.148922739,2259.633471,338,347.4332456,2195.376,0.7356881009,0.1930468595,0.0938179635,0.9657001184,162.0411422,0,0,162.0410579,8.432323235e-05,0,0,0,0,0.9964333196,1.153964193,0.9927797834,0.007220216606,831,284135.765,115,52,2707,656,98.50308841,0,507.158,3161.372,3849.821433,1645.213,13497.279,42543.581,1.094727797,1,1.443185587,3.221136094,468,73.06506197,0,218.463,2195.376,1714.966483,679.667,6975.626,15676.654,1.258939844,1,1.430495517,8.457663628,316,69.65942089,0,365.304,1594.692,2158.142636,1027.151,7528.268,17476.555,1.127835333,1,1.442566754,3.367926599,160,91.1278375,0,456.338,2928.291,1723.897488,916.724,5592.633,13812.29,1.090969591,1,1.441891134,3.224413656,769,96.03789207,0,532.919,2894.364,2620.829765,1229.884,8380.858,22292.51,1.177008375,1,1.442566754,4.866277063,662,71.09906042,0,350.292,2116.707,2733.97126,1057.686,10028.385,28158.885,1.109698671,1,1.365107049,3.265134588,169,85.70762722,0,507.158,1710.819,2725.306402,1094.185,10795.407,27094.338,1.174771722,1,1.458792864,5.422181938
s1-load80,shortest_estimate+least_fragmentation+easy_predicted,20,0.233623699,0.0471028985,0.1055507681,0.051155457,0.02864259029,0.001171985092,2000,1600,0,385.6435556,0,1338.402,10989.091,3498.03036,1588.85,14074.982,31648.546,1.192306499,1,2.060069427,5.292322781,1.192306499,2344.09505,353,1676.237623,10262.628,0.7984152064,0.2867029146,0.1224363568,0.948844543,283.7538933,0,0,283.7537727,0.0001206464647,0,0,0,0,0.9988280149,1.082512967,0.9713574097,0.02864259029,803,268678.419,160,88,3094,645,604.3452961,0,2363.068,15811.793,5761.760553,2974.243,20766.676,42774.535,1.205760418,1,2.208323978,4.425695477,467,245.9754989,0,1159.98,6919.96,1565.603936,941.675,4757.083,12307.215,1.229034568,1,2.181414181,5.917805634,310,234.2654194,0,721.924,4360.049,2681.346229,1668.594,8260.604,14230.093,1.141686823,1,1.650015956,4.038718835,178,223.2254775,0,298.839,13458.969,1787.408146,708.05,6560.271,21416.145,1.135353207,1,1.778832998,4.834066667,797,432.4647792,0,1287.995,13458.969,3494.78075,1537.912,14074.982,39557.427,1.189309594,1,2.066844209,4.668329396,621,378.8054283,0,1364.734,11941.643,3705.868605,1625.29,14522.567,33863.018,1.185937043,1,2.088916183,5.39914214,182,203.9400495,0,1139.029,4360.049,2803.098429,1605.672,8717.12,26503.318,1.227163458,1,1.849061802,11.71613777
s1-load80,shortest_estimate+topology_aware+conservative,1,0.1118108355,0.03355714908,0.04654116312,0.02387972588,0.007389162562,0.0004436349092,2000,1600,0,86.95133625,0,590.15,1921.142,3272.471135,1334.095,9969.846,46326.346,1.101657438,1,1.467639128,2.970790464,1.101657438,2174.582983,370,316.8632973,1808.888,0.7269271236,0.1064675513,0.1028225075,0.9761202741,137.0892978,0,0,137.0892258,7.200000003e-05,0,0,0,0,0.9995563651,1.05325064,0.9926108374,0.007389162562,812,331001.651,162,37,2536,647,121.6954173,0,825.949,2729.211,2423.35211,1601.915,7965.657,15033.631,1.133591372,1,1.663856013,4.485716667,468,53.01109829,0,255.475,1489.696,1650.895579,960.132,5969.06,9235.755,1.076278835,1,1.250001113,2.732584311,333,72.27200601,0,659.094,1686.565,7326.526931,1406.261,46326.346,86400,1.084375946,1,1.250000116,2.609947701,152,75.71994079,0,433.575,1890.896,2997.976329,1926.776,10331.158,15590.314,1.081727616,1,1.495747903,2.900277031,788,74.88054061,0,428.02,1951.624,3248.07009,1402.937,9325.932,48633.587,1.089988231,1,1.278886,3.10668545,648,99.98445525,0,815.86,2137.692,3210.781713,1293.835,10998.126,44785.025,1.104123897,1,1.609419324,2.943317032,164,93.45332317,0,589.262,1921.142,3633.463628,1296.725,9059.982,67156.945,1.147981029,1,1.692365953,4.562726791
s1-load80,shortest_estimate+topology_aware+conservative,2,0.1464340325,0.03260231117,0.05159842851,0.05131538095,0.01026957638,0.0006483354775,2000,1600,0,156.8795994,0,654.277,3117.956,3406.151209,1594.564,13153.686,25484.217,1.090923192,1,1.425878802,2.628086029,1.090923192,2181.741091,332,628.3354367,2653.495,0.7594780321,0.1491143401,0.0986610895,0.9486846191,316.1879333,0,0,316.1878552,7.810101014e-05,0,0,0,0,0.9993516645,1.062467383,0.9897304236,0.01026957638,779,301017.413,203,54,2815,636,234.6655708,0,677.958,5359.351,4832.949192,2109.248,18645.091,33047.421,1.075726352,1,1.356467124,2.439358868,502,119.8284143,0,817.398,1953.688,2635.976514,1521.844,8086.378,16461.268,1.083503057,1,1.504723329,2.519844235,311,78.22792926,0,479.377,1533.586,1841.255926,1146.433,6147.75,8940.839,1.141848334,1,1.391048601,5.086306977,151,114.419245,0,670.231,2056.306,3180.102291,1660.237,10455.572,29412.554,1.074713777,1,1.646963375,2.291030801,821,174.1124823,0,584.182,3032.828,3545.901315,1639.066,13267.089,25484.217,1.083288516,1,1.382138871,2.536751659,635,133.181537,0,670.231,3117.956,3276.776868,1584.511,12271.414,24869.817,1.105821683,1,1.519886507,2.96976142,144,163.1301042,0,560.191,5149.521,3179.886417,1473.479,13775.162,27939.411,1.068753234,1,1.250000752,2.015704951
s1-load80,shortest_estimate+topology_aware+conservative,3,0.204075766,0.04830909502,0.1093499276,0.03236077873,0.01293661061,0.001119353971,2000,1600,0,255.9702875,0,1386.576,4623.139,2869.59339,1362.202,10759.461,23684.013,1.226421995,1,2.11282305,5.902603936,1.226421995,2430.123868,377,942.9076446,4313.651,0.8230052695,0.2865142579,0.1503957168,0.9676392213,150.3702267,0,0,150.3701453,8.137373739e-05,0,0,0,0,0.998880646,1.098254612,0.9870633894,0.01293661061,773,209476.042,358,126,3180,639,272.5558169,0,1429.148,5047.451,4054.542559,1969.556,14850.635,30617.045,1.178205364,1,1.948155303,3.879035214,481,162.0316611,0,1115.009,2763.689,1794.624035,1034.201,5557.438,10994.371,1.253478912,1,2.236227992,7.479871241,318,305.2047579,0,1698.019,4623.139,2527.673425,1377.536,9330.418,13086.528,1.247973439,1,2.123291959,3.498595129,162,372.8206852,0,1560.863,4313.651,2058.533451,1011.787,5992.224,13790.85,1.293969474,1,2.626629708,6.198830917,827,267.9517364,0,1429.148,4843.755,2948.156663,1369.435,10407.534,23684.013,1.218677295,1,2.146883137,4.907152811,629,259.6030334,0,1446.32,3997.385,2693.575337,1372.328,10777.038,17989.013,1.271399137,1,2.35308459,7.479871241,144,171.292125,0,1118.108,3443.698,3187.256785,1298.93,12793.834,30617.045,1.074437582,1,1.488480936,2.119375671
s1-load80,shortest_estimate+topology_aware+conservative,4,0.1214706561,0.03490325032,0.04747040912,0.02745930317,0.009271523179,0.0023661703,2000,1600,0,124.8114281,0,601.933,2716.357,2719.921151,1514.654,9432.319,15429.676,1.119146429,1,1.526511556,3.719127744,1.119146429,2235.341351,354,449.6002401,2511.75,0.8006509289,0.1495240238,0.1271718501,0.9725406968,129.7441822,0,0,129.7441097,7.248484851e-05,0,0,0,0,0.9976338297,1.128739368,0.9907284768,0.009271523179,755,223893.334,253,72,2894,615,100.2186911,0,509.945,2362.428,2074.448179,932.567,7971.136,12731.402,1.190902866,1,1.790037486,5.108916667,495,185.9994081,0,960.734,5077.753,3815.168851,2375.247,12658.508,22748.919,1.055073385,1,1.374290249,2.150082986,334,91.05782635,0,660.744,1691.655,2419.607584,1583.194,7739.013,12284.51,1.072345501,1,1.451819708,2.859692077,156,99.87672436,0,911.848,1810.692,2432.248064,1582.314,7447.028,11574.083,1.139771163,1,1.658989284,5.493464402,845,120.796168,0,573.963,2679.714,2837.929528,1556.102,9762,15566.81,1.134300627,1,1.553531169,3.734416805,608,110.9756283,0,623.829,2189.963,2581.390914,1496.622,8458.75,14593.118,1.098966056,1,1.409307664,3.177635485,147,205.117966,0,601.933,5723.791,2614.542279,1390.266,10687.558,17045.224,1.115502689,1,1.593836351,3.841407636
s1-load80,shortest_estimate+topology_aware+conservative,5,0.101442441,0.0299347156,0.03085162955,0.03349911506,0.006631299735,0.0005256810208,2000,1600,0,69.243245,0,391.204,1624.421,2248.574037,1481.323,6671.74,11427.432,1.053715391,1,1.309210142,2.25836908,1.053715391,2105.477787,334,286.652976,1624.421,0.7364467101,0.1868752533,0.1163796924,0.9665008849,124.9880778,0,0,124.9880238,5.3979798e-05,0,0,0,0,0.999474319,1.056543128,0.9933687003,0.006631299735,754,210860.428,165,51,2636,639,78.83264632,0,474.336,1761.036,2208.030742,1394.089,6416.136,14041.681,1.0640071,1,1.421200615,2.532152693,486,90.01739918,0,488.837,2362.727,1908.930016,1267.847,5812.072,10334.526,1.069782218,1,1.611586408,2.538754535,322,35.21290373,0,112.08,869.425,2792.729767,2201.813,7511.958,11427.432,1.028611036,1,1.100000286,1.975377833,153,34.82431373,0,120.594,1090.895,2351.554529,1478.383,6880.407,14317.204,1.012530572,1,1.047526783,1.273869361,846,82.3718156,0,442.444,2105.317,2301.552243,1451.512,7055.404,12341.63,1.055092906,1,1.342371291,2.074334126,602,54.80533887,0,283.489,1295.562,2152.341229,1501.048,6264.263,10126.524,1.057718159,1,1.250000261,2.629720882,152,53.35409211,0,152.021,1482.113,2334.841066,1507.125,6880.407,14738.915,1.030195367,1,1.260749422,1.839932189
s1-load80,shortest_estimate+topology_aware+conservative,6,0.1991331919,0.04840675664,0.09330101411,0.04220005705,0.01485148515,0.0003738789815,2000,1600,0,262.3140906,0,1183.073,5338.394,2186.907724,1216.343,7490.461,16204.537,1.183497916,1,2.117094331,3.845869247,1.183497916,2377.193483,388,881.6980464,3907.87,0.8698746459,0.2980733347,0.1752759135,0.957799943,149.80758,0,0,149.8074923,8.76767677e-05,0,0,0,0,0.999626121,1.050496475,0.9851485149,0.01485148515,808,174250.976,470,165,3572,647,265.6282643,0,1246.176,5338.394,2325.711801,1267.09,8253.259,14135.317,1.169252129,1,2.057964224,3.122983333,472,188.2244576,0,1063.394,2882.838,1983.813936,1201.874,6205.917,13553.292,1.176456094,1,1.963736695,3.539401827,318,183.0055975,0,931.936,1927.546,1441.252214,1042.139,4050.467,5550.211,1.199972131,1,2.031361269,4.324235539,163,618.425362,0,3897.114,13787.446,3678.763448,1416.266,15944.519,28814.51,1.22829524,1,2.331208725,3.914536061,792,268.8963535,0,1235.643,5566.366,2275.173409,1210.358,8253.259,22504.739,1.177430729,1,2.089263978,3.845869247,644,245.4734084,0,1131.11,4462.032,2053.754778,1207.851,7004.457,11683.672,1.204848548,1,2.167705746,4.07052866,164,296.657061,0,1186.896,6874.688,2283.517939,1221.974,9063.494,15944.519,1.128957708,1,1.83260593,2.871541744
s1-load80,shortest_estimate+topology_aware+conservative,7,0.1508841246,0.03833999898,0.07088680888,0.02663987639,0.01488833747,0.0001291029202,2000,1600,0,189.0843331,0,898.857,4193.973,3992.412089,1514.38,14881.654,41541.625,1.173717822,1,1.676819522,4.060771113,1.173717822,2281.043378,369,743.4191328,3751.075,0.7662576427,0.1970581662,0.1055790954,0.9733601236,183.4545244,0,0,183.4544341,9.038383843e-05,0,0,0,0,0.9998708971,1.030757608,0.9851116625,0.01488833747,806,387786.479,209,60,2673,632,180.8865759,0,885.405,3441.271,3505.568555,1458.665,13201.955,31856.608,1.159898541,1,1.976622116,3.917049663,504,194.0332956,0,1066.611,4215.818,5832.476262,1888.919,31540.359,68088.711,1.173832521,1,1.770267897,3.57976992,308,143.4461461,0,387.423,2813.691,2629.363269,1014.077,9640.233,24778.908,1.195574246,1,1.449932235,2.75817788,156,296.4129679,0,1978.712,10263.332,2711.077519,1475.751,12482.877,14586.093,1.186180631,1,1.753836416,6.488282187,794,169.3644219,0,799.526,3467.181,4118.643292,1575.602,14395.871,46953.934,1.143676146,1,1.556341097,4.863246678,644,180.1341848,0,960.227,4113.642,3894.039884,1464.974,15669.563,41541.625,1.209405684,1,1.886893226,3.917049663,162,321.3158457,0,1043.485,12349.503,3764.783235,1507.748,14586.093,29227.13,1.179088852,1,2.364266073,4.060771113
s1-load80,shortest_estimate+topology_aware+conservative,8,0.08082127248,0.03133000026,0.01718391382,0.02830793781,0.00375,0.0002494205986,2000,1600,0,47.38661125,0,217.895,979.33,1570.644416,753.107,5504.738,12122.439,1.065676842,1,1.370233632,2.228285029,1.065676842,2114.701481,390,177.4009128,913.978,0.7412173313,0.1821942252,0.09964958408,0.9716920622,75.07551778,0,0,75.07544004,7.773737376e-05,0,0,0,0,0.9997505794,1.038965361,0.99625,0.00375,800,143420.605,174,46,2644,674,54.43777893,0,271.922,1357.583,1256.863884,624.323,4889.037,8645.999,1.082647174,1,1.527141528,2.676378841,490,28.04258571,0,206.479,633.188,1397.5487,670.875,4270.192,12710.929,1.04204357,1,1.328041579,2.136800846,303,63.38853135,0,366.501,1114.723,2281.00102,1143.546,7791.48,13651.835,1.073469013,1,1.310262239,2.388369583,133,46.46558647,0,136.822,913.978,2180.170195,1083.121,9994.052,14700.107,1.048994677,1,1.370233632,1.855432951,800,47.1699,0,217.895,1038.094,1594.877174,718.936,5469.845,12823.07,1.062417506,1,1.434769489,2.207768293,629,43.3429841,0,189.361,873.867,1562.404203,820.967,5439.346,11139.827,1.069165399,1,1.310262239,2.388369583,171,63.27439181,0,531.004,1662.422,1487.585281,777.481,5859.484,8853.504,1.06809302,1,1.345432936,2.228285029
s1-load80,shortest_estimate+topology_aware+conservative,9,0.1158546353,0.03690021616,0.04299886129,0.02564968192,0.01007556675,0.0002303091825,2000,1600,0,158.4863487,0,545.233,2656.967,2573.583444,1242.176,8682.344,17808.118,1.106686237,1,1.613849881,3.180260562,1.106686237,2286.701529,346,679.7092254,2591.701,0.7742973948,0.1896827898,0.118215911,0.9743503181,115.05982,0,0,115.0597502,6.981818183e-05,0,0,0,0,0.9997696908,1.038576647,0.9899244332,0.01007556675,794,219404.331,226,65,3072,645,94.5082031,0,416.375,1405.474,2498.324192,1303.209,7908.177,16787.21,1.089401901,1,1.504226891,2.997914311,474,165.8298671,0,734.354,3422.401,2540.358886,1171.588,10112.215,15356.762,1.131427374,1,1.631491812,4.654337178,330,290.1689091,0,659.163,8157.948,3033.988479,1497.275,11383.364,21892.603,1.111337581,1,1.806008754,3.098167671,151,120.9355629,0,1145.514,2209.193,1993.166205,927.779,9239.063,13637.962,1.092687256,1,1.814465793,2.652115638,806,164.1790372,0,713.613,2685.304,2647.292336,1270.628,9093.721,17184.761,1.112142262,1,1.617558997,3.190475857,627,156.3041898,0,497.855,2387.272,2580.823775,1291.749,8158.277,18095.231,1.105727436,1,1.552310906,3.180260562,167,139.2043533,0,458.185,3422.401,2190.654976,1106.064,8321,16394.706,1.083953368,1,1.738514965,2.721344468
s1-load80,shortest_estimate+topology_aware+conservative,10,0.4112525574,0.05931788829,0.2430794122,0.05704476627,0.05071521456,0.001095276067,2000,1600,0,699.6869444,0,3082.289,11158.179,3559.429637,1545.433,13246.514,28483.019,1.333448456,1,2.594298271,4.504407992,1.333448456,2684.309179,352,2445.193878,9804.585,0.9193785887,0.3416708914,0.2095130915,0.9429552337,358.2633244,0,0,358.2632279,9.656565657e-05,0,0,0,0,0.9989047239,1.093688861,0.9492847854,0.05071521456,769,281945.11,612,224,3742,626,655.8808131,0,3321.029,9804.585,3443.499612,1725.149,12913.922,21058.935,1.337107809,1,2.580883333,4.679333554,484,975.6962686,0,4011.162,21158.808,4803.377494,1520.745,18133.895,45586.67,1.362142323,1,2.653245131,4.504407992,343,569.1155219,0,2745.874,8095.461,2812.998187,1631.568,8744.429,20549.455,1.323991236,1,2.493602202,5.01742755,147,282.1367619,0,1378.899,4907.653,1699.071952,1177.62,4354.696,13008.682,1.245456886,1,2.390190758,3.774510679,831,634.4814031,0,2884.39,9804.585,3406.177626,1535.952,13164.465,22743.927,1.274536716,1,2.512714141,4.283079524,627,827.7017624,0,3321.029,14398.617,3785.904498,1541.5,13248.231,36741.221,1.423067165,1,2.78221997,5.01742755,142,516.0285915,0,2859.31,9368.939,3456.279521,1809.107,13374.493,22568.507,1.282495812,1,2.281372812,4.298461288
s1-load80,shortest_estimate+topology_aware+conservative,11,0.1854434075,0.04127874262,0.09400770794,0.03122270312,0.01849568434,0.000438569485,2000,1600,0,296.0277812,0,1192.034,7030.239,3092.811005,1527.383,11064.372,24690.534,1.131841708,1,1.805346982,3.576906688,1.131841708,2218.7734,333,1217.991426,5495.194,0.7965608939,0.2661615596,0.114508987,0.9687772969,145.8023733,0,0,145.8022923,8.101010104e-05,0,0,0,0,0.9995614305,1.057618504,0.9815043157,0.01849568434,811,257446.25,316,106,2944,640,313.7460453,0,1359.074,8011.152,3599.127264,1683.554,13244.856,30974.656,1.138933727,1,1.887721411,3.576906688,470,240.6395702,0,1327.152,5028.152,2384.382121,1447.826,7551.366,14409.534,1.117167257,1,1.79403672,3.163766419,327,294.6433303,0,871.67,3177.643,2833.952067,1348.432,10987.488,26307.827,1.15763368,1,1.80492531,4.550512517,163,388.9448712,0,1210.337,12813.927,3666.835804,1845.545,12987.225,30274.029,1.094566402,1,1.445693706,2.785053241,789,303.8738314,0,1602.3,7030.239,3191.501766,1591.439,11625.906,30257.461,1.153898942,1,1.979175023,3.958447865,653,302.9034747,0,871.67,8556.588,2823.097337,1447.826,9902.402,20076.645,1.119644209,1,1.715688995,3.469209234,158,228.430557,0,946.562,3069.493,3714.684519,1848.992,15267.186,26474.038,1.072106325,1,1.429569173,2.915970027
s1-load80,shortest_estimate+topology_aware+conservative,12,0.07622592495,0.03030231458,0.02805387592,0.01591257077,0.001215066829,0.0007420968525,2000,1600,0,79.87959,0,355.728,1987.111,2581.110713,1384.397,8946.114,18503.24,1.086822715,1,1.325287271,2.775596401,1.086822715,2190.691907,349,334.468596,1902.638,0.7203613913,0.1265295892,0.1040586654,0.9840874292,63.46004444,0,0,63.45998404,6.040404041e-05,0,0,0,0,0.9992579031,1.077600505,0.9987849332,0.001215066829,823,232305.539,150,44,2706,597,67.69330821,0,346.697,1597.119,1544.753348,924.673,5079.019,10005.906,1.088397834,1,1.337231611,3.511576113,519,94.25071676,0,526.448,2166.79,3791.425684,1785.159,14605.565,23590.014,1.120236332,1,1.388241803,3.263957888,324,61.09978086,0,221.79,1500.971,2841.713355,1959.372,8407.497,12932.415,1.039565523,1,1.157182252,2.144292608,160,116.762425,0,670.534,3090.979,1994.339594,1303.539,5588.553,12484.475,1.068255947,1,1.559947456,2.305933058,777,96.7215444,0,403.265,2636.935,2579.231604,1413.394,9580.695,20139.327,1.102042404,1,1.388241803,3.263957888,660,74.09816364,0,393.332,2007.449,2558.940811,1419.779,8756.039,16639.112,1.076820287,1,1.298602794,2.628398234,163,23.00561963,0,0,780.001,2679.83589,1184.832,8695.297,28479.054,1.054773047,1,1.128025346,1.692784474
s1-load80,shortest_estimate+topology_aware+conservative,13,0.1219936669,0.03457574702,0.04876636935,0.03346932232,0.0049200492,0.000262179014,2000,1600,0,115.9976419,0,618.366,3123.154,2222.050506,1365.563,6857.213,13516.357,1.085912334,1,1.512188031,2.536667927,1.085912334,2160.694949,351,442.6827863,2335.57,0.8106670547,0.1921788137,0.1229174741,0.9665306777,127.3227689,0,0,127.3227208,4.812121215e-05,0,0,0,0,0.999737821,1.041803442,0.9950799508,0.0049200492,813,184122.363,251,72,2875,628,101.5501162,0,659.069,1661.905,2222.812519,1548.264,6413.501,11565.637,1.06615607,1,1.442700584,2.162220001,479,137.0041628,0,619.135,4365.612,2076.542263,1117.168,6742.491,13717.918,1.110725064,1,1.730091414,3.397221887,328,89.40367378,0,348.977,2335.57,1929.507912,1166.047,5621.888,11303.185,1.093983966,1,1.460775393,2.860400407,165,162.8688182,0,981.408,4537.767,3223.104297,1974.263,11140.416,17191.957,1.073028339,1,1.563814397,2.119468026,787,105.6402579,0,618.366,2335.57,2209.00829,1392.611,6532.699,12617.202,1.087695955,1,1.479859844,2.536667927,643,124.4720918,0,684.735,3173.202,2187.017114,1381.471,7152.521,11565.637,1.08152921,1,1.580119354,2.251563722,170,131.8928765,0,377.081,4537.767,2414.936953,1280.983,8767.74,17191.957,1.094233738,1,1.637932508,2.860400407
s1-load80,shortest_estimate+topology_aware+conservative,14,0.1637529397,0.04332298871,0.05981645519,0.04650878892,0.01257861635,0.001526090527,2000,1600,0,149.0366994,0,758.483,2816.223,2140.031969,1069.87,7838.91,15756.096,1.150367365,1,1.894753134,3.923430639,1.150367365,2256.037887,378,537.2965556,2416.001,0.8052117728,0.2053315883,0.1371253866,0.9534912111,178.7774156,0,0,178.7773153,0.0001002424243,0,0,0,0,0.9984739095,1.107861248,0.9874213836,0.01257861635,795,178937.446,286,88,2880,594,126.5391785,0,778.914,2255.628,1533.152382,689.938,5379.358,11926.055,1.216195019,1,2.377083765,5.824927006,514,160.2704261,0,949.539,3274.975,2519.562747,1468.158,8041.038,14202.218,1.097786407,1,1.726270373,2.628064186,336,98.80092262,0,577.122,1992.401,1719.555765,920.278,5905.707,10886.357,1.125382747,1,1.644490032,2.624635814,156,305.8867821,0,1015.473,9662.722,4105.9785,1611.775,17923.519,31756.379,1.126776457,1,2.211511592,3.563202689,805,150.016154,0,758.483,2791.863,2153.573196,1048.073,7670.891,15995.432,1.135273445,1,1.784834681,3.673016667,635,145.9403134,0,714.068,2787.249,2052.087619,1097.229,7755.366,15461.498,1.161332879,1,2.049625688,3.923430639,160,156.3976,0,783.641,3416.844,2420.931806,1017.823,9355.447,25809.39,1.182789269,1,1.843925102,7.954242153
s1-load80,shortest_estimate+topology_aware+conservative,15,0.29885834,0.04919159785,0.1704026436,0.05571860505,0.02114427861,0.002401214898,2000,1600,0,465.3004894,0,2160.735,8229.294,3560.752332,1684.453,13402.374,24940.483,1.201808378,1,2.151419764,3.665571266,1.201808378,2373.147482,357,1758.206529,8001.953,0.8673623927,0.3146677826,0.1802545886,0.944281395,329.2010756,0,0,329.2009683,0.0001072323233,0,0,0,0,0.9975987851,1.129436572,0.9788557214,0.02114427861,804,275230.745,401,139,3495,654,446.6870612,0,2286.342,8229.294,3038.384616,1542.685,11281.552,20818.303,1.1764428,1,2.239785124,3.772585395,498,730.5420622,0,3524.672,12391.877,4937.808827,2398.109,16131.81,46491.716,1.241124313,1,2.511726187,3.669558058,299,175.8826756,0,1130.824,3406.869,2151.570769,955.803,8051.385,18554.695,1.24249212,1,1.821019309,5.532274187,149,241.2656242,0,1521.194,5074.544,4078.870711,1923.93,15393.483,28341.376,1.100099067,1,1.513677341,2.429618555,796,552.8221332,0,2551.605,10498.549,3902.535043,1712.558,14793.519,32223.752,1.213187602,1,2.29342784,3.791276543,652,407.0323037,0,2126.286,7840.646,3405.395615,1754.28,11799.351,23158.742,1.204091014,1,1.993697838,3.648887272,152,256.9033092,0,1123.116,8229.294,2437.288789,1206.138,8067.121,24933.047,1.132425867,1,2.140911602,2.74944152
s1-load80,shortest_estimate+topology_aware+conservative,16,0.2787946537,0.05671390109,0.1357199149,0.05136998969,0.03482587065,0.0001649773652,2000,1600,0,498.5196869,0,1720.952,13458.97,2154.911839,867.982,8338.729,21797.046,1.233997974,1,2.480411555,4.513270153,1.233997974,2456.365246,364,1643.9755,7382.748,0.8981353567,0.3241283955,0.1828650912,0.9486300103,184.7267044,0,0,184.7266057,9.874747477e-05,0,0,0,0,0.9998350226,1.035147266,0.9651741294,0.03482587065,804,143793.399,519,197,3677,625,475.8233296,0,1405.639,8614.239,1899.123974,686.342,7421.155,23489.453,1.236746254,1,2.605441858,4.752242181,493,617.1370872,0,2866.636,16416.048,2601.997276,949.405,10257.388,26940.944,1.250853123,1,2.465583554,4.521397941,322,358.5393975,0,1487.643,7382.748,1785.517863,817.291,6484.828,11720.7,1.208381806,1,2.231549246,4.079616936,160,503.3978,0,1626.933,14703.989,2519.906556,1325.584,6917.494,21797.046,1.222880114,1,2.716772349,3.841264829,796,442.6326131,0,1607.112,13458.97,2151.708116,835.957,8510.009,21173.416,1.228435332,1,2.376337663,4.419381917,633,578.7178689,0,2496.635,15244.956,2192.858793,924.129,8231.21,24240.258,1.238376056,1,2.605441858,4.521397941,171,461.7984094,0,1601.11,7490.08,2029.354772,820.149,6760.909,22799.444,1.243685326,1,2.745003501,4.556179888
s1-load80,shortest_estimate+topology_aware+conservative,17,0.2164938184,0.04340572968,0.1061145617,0.0446399644,0.02185089974,0.000482662908,2000,1600,0,385.3732681,0,1345.551,7146.973,3181.867247,1626.727,11343.957,21302.621,1.160943962,1,1.898371852,3.469170889,1.160943962,2297.120772,372,1444.056788,6848.891,0.8419165222,0.2760151911,0.1354599552,0.9553600356,247.9801422,0,0,247.9800561,8.610101013e-05,0,0,0,0,0.9995173371,1.064148621,0.9781491003,0.02185089974,778,250321.639,369,118,3256,628,376.0984841,0,1203.555,6848.891,3372.463998,1976.466,12043.396,20420.688,1.153012609,1,1.866457686,3.327419255,486,484.7499012,0,2131.299,10680.269,3764.069088,2136.898,12978.01,33715.767,1.189043311,1,1.99982489,6.922025402,340,286.6665265,0,919.334,3360.198,2155.146765,907.2,6117.466,21302.621,1.15414106,1,1.925440919,3.34510363,146,324.3308904,0,1743.949,9931.597,2815.018678,1832.059,9145.832,20608.055,1.117365833,1,1.86700499,3.268241736,822,334.8232141,0,1046.87,4774.719,3095.299322,1609.997,10610.756,19778.328,1.133736528,1,1.768919526,3.14672179,617,474.3893468,0,1815.882,9670.822,3336.615864,1720.967,12265.872,27272.09,1.178746593,1,2.084948186,3.634460905,161,302.3249689,0,1077.846,6848.891,3030.804745,1516.343,10812.492,23588.085,1.231628977,1,1.806124128,9.333720466
s1-load80,shortest_estimate+topology_aware+conservative,18,0.1152760388,0.03335166836,0.04248948338,0.02492195458,0.01008827238,0.004424660119,2000,1600,0,123.6939375,0,538.774,2422.108,4098.313028,1614.77,16893.504,34620.713,1.127189285,1,1.458652323,3.285677257,1.127189285,2223.037111,356,500.0557051,2377.211,0.7199225693,0.1943365905,0.1219567352,0.9750780454,163.6916978,0,0,163.6916227,7.503030306e-05,0,0,0,0,0.9955753399,1.166867171,0.9899117276,0.01008827238,793,390125.266,152,44,2677,654,130.0962691,0,537.613,3097.063,6550.282136,2945.974,23511.202,46925.048,1.068675418,1,1.250000168,2.608493151,489,157.0984294,0,1129.021,2560.201,2731.18409,1161.591,10667.916,17890.939,1.247002262,1,1.797461063,6.922772156,318,64.84236164,0,432.832,1994.775,1478.870717,1013.313,4959.932,7577.023,1.088167296,1,1.487992611,2.608861465,139,110.6930719,0,221.347,3985.482,3363.931072,1537.957,15008.808,17876.58,1.070272138,1,1.332029533,2.535430955,807,108.228855,0,606.558,2560.201,3695.969663,1526.566,15980.853,26016.902,1.146207153,1,1.511623205,3.575781754,633,151.2684834,0,465.367,2305.039,4682.160439,1677.749,19943.177,38563.639,1.102489455,1,1.402597815,2.920481395,160,92.60415,0,184.01,2422.108,3817.78605,1823.448,12140.43,46925.048,1.128986618,1,1.123214493,4.631241999
s1-load80,shortest_estimate+topology_aware+conservative,19,0.0678587433,0.02878801075,0.0181995151,0.01466317305,0.004813477738,0.001394566662,2000,1600,0,49.35752,0,230.773,1258.138,2628.748862,1098.178,9001.778,24352.653,1.093802681,1,1.259058417,3.47334439,1.093802681,2173.584074,338,194.0205385,1175.375,0.721575777,0.1320862958,0.07823744255,0.985336827,67.89193778,0,0,67.89190933,2.844444446e-05,0,0,0,0,0.9986054333,1.097481603,0.9951865223,0.004813477738,831,280470.095,147,32,2575,656,57.36946341,0,239.207,1397.634,3786.959276,1613.379,13386.771,42543.581,1.058690165,1,1.250000073,2.984983333,468,46.84120085,0,271.433,1388.84,1677.103588,672.762,6975.626,15676.654,1.154389377,1,1.547360585,4.36671082,316,37.28611076,0,198.26,745.827,2115.601184,1021.872,7236.443,17476.555,1.098205139,1,1.250000527,2.72875,160,47.70981875,0,203.617,1704.858,1677.115256,805.987,5193.401,13615.689,1.051853054,1,1.250077898,2.254692074,769,57.91082055,0,276.468,1431.729,2570.948278,1201.259,8217.18,22485.277,1.113410432,1,1.267535003,3.87295534,662,39.16244411,0,212.298,955.674,2685.063761,1041.869,10028.385,28158.885,1.075218417,1,1.259058417,2.984983333,169,50.37321302,0,281.075,1430.599,2671.16416,1074.442,10316.847,27094.338,1.077379145,1,1.250001641,4.330656659
s1-load80,shortest_estimate+topology_aware+conservative,20,0.1965779442,0.04186235135,0.09225631228,0.03242987511,0.02864259029,0.001386815213,2000,1600,0,277.2409113,0,1169.826,5395.6,3369.321174,1584.985,12716.498,26503.318,1.184133471,1,1.830871409,4.549103483,1.184133471,2297.708858,353,1033.268603,4574.249,0.8028493332,0.20006316,0.1074243189,0.9675701249,176.4037244,0,0,176.4036391,8.533333336e-05,0,0,0,0,0.9986131848,1.094451559,0.9713574097,0.02864259029,803,268593.303,298,86,2877,645,400.1948124,0,1589.542,12684.481,5521.168048,2974.243,20280.661,41747.707,1.181566865,1,1.756224278,4.549103483,467,129.0514604,0,682.488,2239.358,1440.748011,936.676,4465.247,8233.854,1.240020373,1,2.128363665,5.900468899,310,276.7034839,0,1047.686,5612.488,2709.294397,1686.098,9003.985,13630.267,1.134639718,1,1.703853364,3.183608271,178,221.4308539,0,1218.84,6287.359,1781.179236,727.333,6673.197,17554.034,1.133006173,1,1.795531597,3.660193956,797,244.3551481,0,933.684,5614.223,3282.535759,1519.783,12570.333,26307.109,1.141567639,1,1.666791724,4.334251376,621,308.5917085,0,1218.84,5612.488,3615.269155,1668.594,13881.336,33863.018,1.17759005,1,2.065044483,4.204087002,182,314.279967,0,2173.547,4397.032,2910.168868,1614.162,9003.985,26503.318,1.392861117,1,2.111286405,13.69368011
s1-load80,shortest_estimate+topology_aware+easy,1,0.11269862,0.03375282357,0.04587390093,0.0239778162,0.008620689655,0.0004733896812,2000,1600,0,101.5886425,0,581.689,2299.037,3287.479096,1333.456,10223.501,46326.346,1.107866353,1,1.476197052,3.10668545,1.107866353,2184.517247,370,397.4172595,1972.688,0.7265546524,0.1651942851,0.1167445289,0.9760221838,137.6662511,0,0,137.6661716,7.955555558e-05,0,0,0,0,0.9995266103,1.061106022,0.9913793103,0.008620689655,812,331001.651,133,26,2578,647,139.7899042,0,655.813,3488.087,2443.407029,1574.775,7965.657,15033.631,1.136488914,1,1.545660587,4.485716667,468,54.79226496,0,299.643,1489.696,1654.142051,960.132,6023.898,9235.755,1.093370818,1,1.418226009,3.127441579,333,90.13503904,0,604.328,1972.688,7342.715877,1380.644,46326.346,86400,1.07104181,1,1.353711493,2.522862149,152,108.1579737,0,712.355,2597.771,3025.127224,1985.172,10612.137,15590.314,1.111337975,1,1.955940724,2.900277031,788,75.17798858,0,385.419,1951.624,3249.272096,1404.853,9325.932,48633.587,1.088553607,1,1.334276426,3.10668545,648,122.6242608,0,722.938,2999.549,3234.155542,1288.395,11371.818,44785.025,1.118563446,1,1.748928977,3.127441579,164,145.3722683,0,477.893,5966.623,3681.752134,1261.359,10592.152,67156.945,1.15839518,1,1.625203444,6.339123336
s1-load80,shortest_estimate+topology_aware+easy,2,0.1667195071,0.03762407272,0.06250001479,0.05139906284,0.01412066752,0.001075689227,2000,1600,0,210.5571594,0,792.511,4854.274,3459.851819,1611.004,13218.058,25871.625,1.109483446,1,1.645508119,3.224651061,1.109483446,2276.42227,332,894.3505904,4854.274,0.7636506266,0.1305045908,0.09066949745,0.9486009372,316.7314911,0,0,316.7314001,9.098989902e-05,0,0,0,0,0.9989243108,1.084309383,0.9858793325,0.01412066752,779,288786.294,145,38,2894,636,254.9594921,0,790.494,6427.409,4860.166329,2142.908,18504.467,34187.161,1.086077455,1,1.495131584,2.622644392,502,203.8314243,0,927.192,3609.255,2719.950353,1521.844,8259.278,21538.258,1.108008605,1,1.666647311,2.96607767,311,175.5764019,0,676.89,3268.166,1938.604399,1199.225,6393.507,9317.568,1.173119827,1,1.928944236,4.967206462,151,117.9442517,0,983.115,1910.129,3154.808477,1697.154,10445.342,21620.956,1.081905078,1,1.708148248,2.113521202,821,238.7147722,0,790.494,5040.981,3611.314999,1646.349,13303.215,25802.082,1.108669829,1,1.655493969,3.414082063,635,179.6095843,0,823.445,4175.284,3322.213931,1615.816,12263.104,25871.625,1.114979135,1,1.669929829,3.224651061,144,186.4898681,0,983.115,5232.71,3203.246181,1473.479,13775.162,27939.411,1.089887735,1,1.472933383,2.437340117
s1-load80,shortest_estimate+topology_aware+easy,3,0.2033071762,0.05431737893,0.09552464308,0.03209151309,0.02069857697,0.0006750641268,2000,1600,0,325.6836844,0,1211.269,6859.762,2940.103142,1330.479,11276.343,23155.954,1.257620305,1,2.375598429,5.133375888,1.257620305,2488.758302,377,1275.755586,6082.087,0.8274682555,0.3145400273,0.1587216894,0.9679084869,149.0775511,0,0,149.0774732,7.789898991e-05,0,0,0,0,0.9993249359,1.067425724,0.979301423,0.02069857697,773,208721.24,239,58,3187,639,398.5206526,0,1859.418,7677.471,4177.670873,1998.018,14976.03,31195.015,1.24113735,1,2.209305138,4.691212933,481,239.6748919,0,799.766,6477.974,1874.770412,1033.109,6114.618,12271.559,1.275368149,1,2.574158441,5.764276176,318,298.5078428,0,1139.381,5836.067,2528.347399,1327.448,8847.773,12990.216,1.233704026,1,2.510417062,4.349951269,162,347.0992654,0,1596.969,11761.813,2029.964802,1047.139,6008.251,14557.805,1.316887413,1,2.673150381,6.285956056,827,335.6970943,0,1609.185,7966.494,3015.219253,1373.072,11686.629,23280.344,1.259013072,1,2.390545911,5.391970721,629,264.0822639,0,1070.734,5512.509,2698.721304,1275.592,10777.038,19891.786,1.275999736,1,2.485909454,5.133375888,144,537.2545417,0,1426.339,7677.471,3563.076424,1438.086,13535.721,31195.015,1.169339186,1,2.227753224,4.01035148
s1-load80,shortest_estimate+topology_aware+easy,4,0.146185695,0.03787870999,0.052807718,0.03946873225,0.01324503311,0.002785501617,2000,1600,0,137.2177525,0,669.611,3382.181,2739.046626,1534.247,9318.729,15645.978,1.126457875,1,1.656644811,3.659512418,1.126457875,2254.066596,354,580.9969011,3188.386,0.8120089937,0.285599875,0.1528353046,0.9605312678,188.8199311,0,0,188.8198514,7.971717175e-05,0,0,0,0,0.9972144984,1.135773931,0.9867549669,0.01324503311,755,223893.334,191,40,3042,615,103.4323593,0,507.932,2245.174,2080.212119,954.269,7971.136,12638.232,1.175503145,1,1.914916101,5.518533333,495,198.5940283,0,699.154,5994.047,3844.963659,2298.14,12674.319,25263.114,1.065489825,1,1.441701278,2.150082986,334,113.4006228,0,779.868,2169.919,2445.550326,1560.396,8458.75,12123.073,1.087414476,1,1.613459021,3.087419884,156,126.651609,0,1076.529,1973.061,2455.598256,1738.791,7447.028,12649.817,1.210155566,1,1.859040852,8.188834219,845,132.3842982,0,640.621,3116.473,2852.301247,1560.396,9762,15645.978,1.119330547,1,1.662928544,3.405786556,608,118.8656826,0,599.853,2881.676,2601.65577,1506.409,8458.75,14828.975,1.119676119,1,1.461727822,3.800598005,147,240.9070544,0,1224.651,6346.419,2656.281218,1465.75,10702.024,17045.224,1.195477607,1,2.027983058,6.064551697
s1-load80,shortest_estimate+topology_aware+easy,5,0.09634067945,0.02882667509,0.0228175909,0.03788355852,0.006631299735,0.0001815552088,2000,1600,0,65.87827812,0,289.331,1761.036,2246.236377,1478.383,6585.02,12025.832,1.050289866,1,1.260749422,1.975377833,1.050289866,2102.236987,334,287.458006,1761.036,0.7391774878,0.1703932326,0.1066609033,0.9621164415,141.9909422,0,0,141.9908834,5.878787882e-05,0,0,0,0,0.9998184448,1.032492673,0.9933687003,0.006631299735,754,209107.581,133,30,2633,639,71.0476072,0,378.129,1787.253,2200.332967,1394.089,6407.696,14041.681,1.057385361,1,1.269180055,2.06325302,486,84.30725103,0,400.711,2302.724,1902.510412,1270.604,5380.506,10571.352,1.057499029,1,1.465173673,2.084999992,322,41.98659938,0,152.021,1522.634,2800.785273,2201.813,7511.958,11427.432,1.037715664,1,1.168994991,1.975377833,153,36.03147059,0,139.679,963.33,2362.696209,1478.383,6880.407,14317.204,1.024219402,1,1.250000184,1.413307317,846,74.39420804,0,380.413,2017.626,2296.194173,1449.317,6879.607,12341.63,1.046817324,1,1.303827012,1.910104375,602,59.23192857,0,271.6,1522.634,2155.816927,1503.666,6264.263,10126.524,1.060441777,1,1.250000416,2.155259501,152,44.80344737,0,130.439,1387.432,2326.290421,1507.125,6880.407,14738.915,1.029410394,1,1.17700697,1.887639099
s1-load80,shortest_estimate+topology_aware+easy,6,0.2116155889,0.05227861538,0.1008784344,0.04149229036,0.01608910891,0.0008771398671,2000,1600,0,289.9255469,0,1279.156,5612.933,2215.029911,1216.969,7520.992,16132.158,1.203334495,1,2.28643206,4.032663101,1.203334495,2401.928943,388,1097.400005,5007.363,0.8695789874,0.3541696596,0.1824472428,0.9585077096,147.1862889,0,0,147.1861845,0.0001043636364,0,0,0,0,0.9991228601,1.07758897,0.9839108911,0.01608910891,808,173455.604,284,85,3559,647,292.4834807,0,1490.773,5612.933,2360.200046,1296.391,7848.261,14311.854,1.189058667,1,2.244345995,4.062160761,472,230.0462331,0,1220.686,5486.517,2022.793261,1187.531,6563.12,13309.675,1.213520419,1,2.270786571,3.65511554,318,160.6915409,0,897.032,2874.01,1414.428091,1042.139,4127.337,6013.485,1.181477035,1,2.058964562,4.032663101,163,705.2903742,0,3938.803,19318.834,3757.373466,1416.266,17643.004,29486.481,1.273146621,1,3.187842407,4.053876245,792,284.7310164,0,1182.377,6418.248,2293.173255,1247.921,7848.261,19284.732,1.214853101,1,2.296113677,4.337871784,644,287.3062283,0,1387.455,5007.363,2094.514798,1182.912,7264.178,12760.242,1.206051265,1,2.335934128,3.9579,164,325.2969451,0,1025.95,11115.727,2310.897006,1201.874,8322.452,15848.45,1.13703976,1,1.924515987,3.546859716
s1-load80,shortest_estimate+topology_aware+easy,7,0.1575469844,0.03986115361,0.07219215385,0.02848667625,0.01612903226,0.0008779684456,2000,1600,0,176.6853531,0,915.409,3736.122,3981.099314,1499.911,14881.654,41541.625,1.159101271,1,1.743348,3.884020825,1.159101271,2258.406899,369,698.0311518,3299.389,0.7678055539,0.177782865,0.1072671506,0.9715133238,196.5453578,0,0,196.5452633,9.450505055e-05,0,0,0,0,0.9991220316,1.084631853,0.9838709677,0.01612903226,806,387786.479,173,38,2677,632,168.8436076,0,806.317,3292.501,3494.089248,1438.199,13177.012,31856.608,1.1224378,1,1.743348,3.701001273,504,185.265002,0,1214.555,4193.973,5821.405609,1870.343,31540.359,68088.711,1.16118671,1,1.798358938,3.57976992,308,174.9919481,0,793.273,3070.39,2668.15612,1093.987,9981.857,24778.908,1.217431791,1,1.528101192,3.884020825,156,184.079,0,1721.569,3408.569,2600.730673,1504.557,8824.704,14586.093,1.185732375,1,2.320750355,5.439471723,794,153.3395642,0,915.409,3282.285,4108.474422,1575.602,13792.706,46953.934,1.141586834,1,1.602606837,4.538051807,644,164.8451786,0,846.493,4193.973,3874.430691,1455.573,15669.563,41541.625,1.175179507,1,1.788601113,3.917049663,162,338.1768889,0,1265.007,12349.503,3780.844728,1459.76,14586.093,29227.13,1.181027686,1,2.287240377,3.826511363
s1-load80,shortest_estimate+topology_aware+easy,8,0.1007792217,0.03431599437,0.0244935144,0.03526573033,0.00625,0.0004539826453,2000,1600,0,55.96292687,0,310.582,1098.187,1582.499864,768.513,5504.738,12122.439,1.089593883,1,1.500827616,2.783602252,1.089593883,2153.745192,390,211.6200795,1058.375,0.7468085387,0.1609130433,0.1048793309,0.9647342697,94.20282667,0,0,94.20276602,6.064646468e-05,0,0,0,0,0.9995460174,1.054334353,0.99375,0.00625,800,143420.605,149,37,2691,674,67.50666024,0,310.582,1510.89,1272.464915,627.224,4934.167,8645.999,1.117080075,1,1.840660086,3.538836218,490,39.91438367,0,333.561,757.344,1410.540141,673.846,4270.192,12710.929,1.059512167,1,1.361916615,2.640555731,303,59.77090429,0,379.223,1098.187,2287.51271,1173.421,7791.48,13651.835,1.088615511,1,1.335837766,3.25401095,133,47.914,0,196.039,913.846,2181.033158,1199.912,9994.052,14700.107,1.063359251,1,1.570921608,2.418377871,800,46.6985175,0,262.294,848.778,1597.315528,718.936,5469.845,12823.07,1.080674981,1,1.425006983,2.418377871,629,60.56159459,0,307.042,1143.261,1583.726828,836.179,5439.346,11139.827,1.096977366,1,1.507934496,2.973975416,171,82.38962573,0,662.476,1510.89,1508.673602,778.363,5695.435,8705.806,1.104160615,1,1.647705279,3.214812024
s1-load80,shortest_estimate+topology_aware+easy,9,0.138342364,0.03918524903,0.05866867905,0.03039451793,0.008816120907,0.001277797134,2000,1600,0,158.0420775,0,743.929,2656.492,2576.180837,1271.468,8855.837,17186.547,1.130010175,1,1.713786966,3.666250455,1.130010175,2300.499037,346,668.970948,2647.617,0.7807317742,0.2054109984,0.1168294192,0.9696054821,137.0115044,0,0,137.0114305,7.393939396e-05,0,0,0,0,0.9987222029,1.102850103,0.9911838791,0.008816120907,794,221055.268,180,37,3076,645,95.44309147,0,438.895,2368.184,2498.261496,1302.968,7958.555,16787.21,1.095274226,1,1.507317715,2.536826921,474,164.2225127,0,1056.119,3027.789,2546.894854,1214.729,9859.208,14892.737,1.132042413,1,1.906076729,4.039397455,330,274.8324606,0,849.376,6274.786,3024.300261,1497.275,11383.364,21892.603,1.15933298,1,1.799187227,4.349592972,151,150.797,0,1177.683,2582.288,2021.612106,951.29,9239.063,13637.962,1.207923294,1,1.745486472,4.922605465,806,191.7712779,0,803.043,3035.909,2677.045086,1253.728,9656.01,16943.795,1.126054884,1,1.765235395,3.372007087,627,130.2035295,0,738.253,2368.184,2559.707633,1346.116,8257.441,17808.118,1.149882258,1,1.649287915,4.545847448,167,99.77282036,0,635.333,2591.074,2151.223443,1106.064,8001.542,16394.706,1.074490229,1,1.534406577,2.334365962
s1-load80,shortest_estimate+topology_aware+easy,10,0.3916802185,0.05914490564,0.2339625808,0.05533043426,0.04291287386,0.0003294239158,2000,1600,0,647.1739231,0,2966.686,12491.958,3504.697231,1523.184,12806.189,27139.548,1.290551103,1,2.586732786,4.679333554,1.290551103,2619.061983,352,2596.562077,12153.973,0.9048956347,0.4384268185,0.2271665802,0.9446695657,346.8660356,0,0,346.8659274,0.0001081616162,0,0,0,0,0.9996705761,1.045246275,0.9570871261,0.04291287386,769,281945.11,307,89,3820,626,607.6997524,0,3839.827,12187.776,3390.309016,1676.532,12214.826,22525.818,1.313258354,1,2.748413489,5.113951532,484,931.2483409,0,2966.686,25883.77,4758.573481,1472.735,18133.895,48480.717,1.293974743,1,2.38481565,4.403414217,343,461.9284023,0,1879.75,8009.05,2703.454023,1573.897,7831.503,20549.455,1.256410461,1,2.288173222,4.044268001,147,312.1945102,0,1839.014,5002.381,1732.978435,1251.208,4494.483,13142.936,1.262241302,1,2.903014823,4.384758946,831,623.8923261,0,2786.276,12153.973,3390.943342,1526.958,12880.852,24033.413,1.256876895,1,2.602147795,4.719553571,627,721.5261196,0,3249.242,13908.3,3681.778021,1510.055,12707.82,33452.757,1.330378029,1,2.533191127,4.105017784,142,455.1188521,0,3334.174,9352.444,3388.498824,1643.67,13025.342,19281.967,1.31176085,1,3.065611346,5.113951532
s1-load80,shortest_estimate+topology_aware+easy,11,0.1632176253,0.03853511009,0.07695391853,0.03287433162,0.01479654747,5.771753829e-05,2000,1600,0,238.5404525,0,975.789,5105.862,3035.789266,1502.936,11059.184,24259.872,1.102848911,1,1.685352806,2.955610052,1.102848911,2172.146156,333,1034.676165,5105.862,0.7982357669,0.2105244997,0.1117793853,0.9671256684,153.7772422,0,0,153.7771465,9.567676771e-05,0,0,0,0,0.9999422825,1.019132492,0.9852034525,0.01479654747,811,257446.25,192,52,2922,640,322.8664266,0,1072.278,7226.607,3609.175656,1684.587,13156.163,32101.728,1.109145546,1,1.727805945,3.117975293,470,179.0746532,0,1035.196,3812.252,2321.497606,1426.098,7698.212,13118.289,1.089029187,1,1.649342584,2.730855825,327,125.7349235,0,776.31,3284.611,2665.691599,1348.432,10785.18,24265.686,1.109865029,1,1.668777197,2.672056186,163,305.2135215,0,1272.453,6521.865,3586.536055,1857.837,12987.225,25425.573,1.103898933,1,1.637899974,3.181621197,789,282.4225158,0,1163.718,7094.97,3169.770101,1572.352,11636.281,26005.949,1.117820944,1,1.805346982,3.117975293,653,189.5381531,0,765.68,3812.252,2710.354966,1427.972,9754.588,18468.624,1.091355753,1,1.560147002,2.955610052,158,221.9300316,0,1318.869,5806.453,3711.72419,1879.34,14633.466,26474.038,1.075583707,1,1.590018622,2.439446185
s1-load80,shortest_estimate+topology_aware+easy,12,0.0824471643,0.03133463676,0.03141865651,0.01751751394,0.001215066829,0.0009612902658,2000,1600,0,82.89847125,0,398.394,2062.225,2586.279507,1384.397,8946.114,18503.24,1.09242186,1,1.370436412,3.115233333,1.09242186,2200.734531,349,345.7379054,2010.887,0.7217276115,0.1301914342,0.100326275,0.9824824861,69.97475111,0,0,69.97468133,6.977777778e-05,0,0,0,0,0.9990387097,1.08158132,0.9987849332,0.001215066829,823,232305.539,126,29,2735,597,67.02868342,0,274.963,1808.401,1545.20297,926.865,5118.216,10005.906,1.093162656,1,1.410620986,4.145701184,519,91.81053179,0,671.346,2167.782,3795.876297,1785.159,14605.565,23590.014,1.13149796,1,1.445318724,3.461089336,324,91.29291667,0,324.354,2334.731,2868.657676,1958.57,8506.997,13100.539,1.046151536,1,1.205818783,2.31088002,160,96.20536875,0,455.747,2204.976,1975.350956,1303.539,5588.553,12484.475,1.056602072,1,1.32101237,2.028828501,777,98.91050837,0,495.066,2204.976,2585.019353,1420.092,9749.628,20072.319,1.124905123,1,1.436549199,4.145701184,660,76.44672879,0,325.758,2104.469,2561.809085,1404.983,8757.637,16639.112,1.057415828,1,1.271969446,2.328269945,163,32.69477301,0,75.963,780.001,2691.36919,1209.357,8695.297,28479.054,1.079320543,1,1.250000119,3.115233333
s1-load80,shortest_estimate+topology_aware+easy,13,0.1199537757,0.03481120043,0.04811172529,0.03408588852,0.0024600246,0.0004849369119,2000,1600,0,96.45481625,0,610.065,1913.379,2201.660485,1387.734,6844.333,12617.202,1.091299165,1,1.522485707,2.536667927,1.091299165,2162.793006,351,370.4285812,1858.805,0.8194702691,0.176297549,0.1157507059,0.9659141115,129.7510578,0,0,129.7510019,5.587878791e-05,0,0,0,0,0.9995150631,1.062934026,0.9975399754,0.0024600246,813,184122.363,210,53,2810,628,77.80959236,0,608.81,1342.29,2197.78949,1538.79,6402.698,10835.872,1.064822738,1,1.413250702,2.06892446,479,99.07341962,0,598.45,2070.599,2039.679868,1086.442,6568.361,13717.918,1.092909979,1,1.625971212,2.837840278,328,99.53143598,0,570.921,1913.379,1933.421436,1203.588,5464.197,9042.548,1.131836319,1,1.460775393,3.365848506,165,153.7018364,0,1205.621,3240.726,3219.855079,1974.263,10784.277,17191.957,1.106810863,1,1.674795516,3.299440952,787,91.44716773,0,584.179,1913.379,2193.121781,1397.229,6532.699,12617.202,1.102137485,1,1.483270288,2.72907356,643,103.8469082,0,661.545,2070.599,2167.000502,1392.686,6857.213,10829.723,1.085504449,1,1.610272324,2.690062673,170,91.67778235,0,447.761,3976.573,2372.285947,1249.784,8501.891,17191.957,1.063041779,1,1.471116312,2.165443568
s1-load80,shortest_estimate+topology_aware+easy,14,0.1529094653,0.04080973471,0.05907308993,0.03928228648,0.01257861635,0.001165737809,2000,1600,0,129.6063806,0,749.057,2662.482,2116.813076,1075.374,7670.891,15058.718,1.136248639,1,1.784834681,3.349035879,1.136248639,2234.710843,378,482.6490529,2438.909,0.7975780722,0.2194546839,0.1321724293,0.9607177135,149.8632956,0,0,149.8631984,9.71717172e-05,0,0,0,0,0.9988342622,1.094845801,0.9874213836,0.01257861635,795,178937.446,191,48,2849,594,114.2713569,0,749.057,2044.92,1520.718712,709.078,5286.434,11926.055,1.189610535,1,2.020126752,5.499705938,514,145.2088891,0,1008.21,2902.159,2501.377232,1481.264,7857.101,14202.218,1.086555325,1,1.731622968,2.52095463,336,110.6037054,0,430.195,1635.442,1715.157515,915.665,5656.783,10684.585,1.131332937,1,1.546801568,3.983113389,156,177.5180064,0,1038.733,4219.246,3984.571699,1623.692,17690.944,31756.379,1.107383726,1,1.772504394,3.33086717,805,116.9038075,0,590.471,2662.482,2119.313103,1070.456,7152.747,14323.807,1.127428503,1,1.678774681,3.33086717,635,132.0645039,0,853.278,2438.909,2029.85768,1086.965,7672.085,15058.718,1.147119707,1,1.909297692,3.349035879,160,183.760525,0,997.605,4744.105,2449.339044,1017.823,9355.447,25809.39,1.137480402,1,1.682793288,3.982882248
s1-load80,shortest_estimate+topology_aware+easy,15,0.3133645038,0.05358457059,0.1810718198,0.05554976333,0.01990049751,0.003257852611,2000,1600,0,500.9529894,0,2296.022,9884.188,3597.112124,1754.28,13290.247,25223.322,1.252350199,1,2.34354868,4.594094482,1.252350199,2472.391181,357,2061.314339,9523.651,0.8647333447,0.3901778627,0.1933142444,0.9444502367,328.1448378,0,0,328.1447382,9.955555567e-05,0,0,0,0,0.9967421474,1.167777819,0.9800995025,0.01990049751,804,276166.853,253,72,3549,654,488.8262278,0,2189.319,8421.846,3083.517927,1570.276,11007.508,17192.457,1.221113231,1,2.590301028,4.355582902,498,763.8900442,0,4046.408,17220.923,4968.950207,2620.434,16381.56,46491.716,1.279371484,1,2.628169712,4.976733894,299,188.728602,0,1020.809,3817.473,2169.117883,995.047,7387.462,18554.695,1.331539852,1,2.308290579,7.155230844,149,301.9150067,0,1892.241,4801.523,4131.914255,2012.95,15393.483,28341.376,1.140233895,1,2.143447362,2.573546521,796,624.1568518,0,2955.836,11765.195,3970.455817,1827.806,15224.701,34044.198,1.272280979,1,2.565219157,4.976733894,652,392.7227899,0,2096.989,6682.543,3394.554684,1768.369,12428.834,20436.251,1.241162463,1,2.28605377,4.355582902,152,320.0044079,0,1538.403,4614.858,2510.834961,1303.31,8571.815,25223.322,1.195965348,1,2.278436122,3.4534034
s1-load80,shortest_estimate+topology_aware+easy,16,0.2818392655,0.06103667882,0.1279967552,0.05852836833,0.03109452736,0.003182935765,2000,1600,0,489.6468575,0,1623.021,11658.722,2149.541841,878.678,7555.978,18896.808,1.301978145,1,2.669470456,5.783754784,1.301978145,2553.268391,364,2005.357654,10075.213,0.8927520344,0.4211302684,0.1907543041,0.9414716317,212.0685378,0,0,212.0684331,0.0001046464647,0,0,0,0,0.9968170642,1.168641042,0.9689054726,0.03109452736,804,144565.715,309,83,3669,625,488.4723328,0,1623.021,7670.239,1911.126714,689.642,6638.651,18751.78,1.308653227,1,2.512877666,5.783754784,493,566.1009736,0,1628.939,18966.915,2565.777828,991.804,9764.434,27502.822,1.360202242,1,2.983922475,7.543747703,322,425.8071925,0,1515.958,10075.213,1856.704938,853.953,6970.926,14395.996,1.268478864,1,2.852243647,4.67660864,160,387.137925,0,1432.659,9015.011,2387.658069,1295.016,5860.344,18847.255,1.163917913,1,2.161163272,3.37843728,796,481.0265666,0,1628.939,15523.179,2199.299251,861.843,8335.216,21387.553,1.309705135,1,2.905856749,6.118867067,633,507.2507788,0,1749.078,9015.011,2119.382742,924.129,7235.852,14689.456,1.312897426,1,2.581140526,5.610495323,171,464.6086667,0,1316.675,11112.968,2029.564129,861.128,5945.259,22799.444,1.22558874,1,2.512877666,4.378370405
s1-load80,shortest_estimate+topology_aware+easy,17,0.217258235,0.04497239463,0.1099414022,0.04014323146,0.02185089974,0.0003503069637,2000,1600,0,373.8487444,0,1394.076,5447.3,3166.79278,1634.817,10812.492,21203.51,1.159357698,1,1.966890747,3.725375088,1.159357698,2274.367633,372,1421.700575,4774.918,0.8431779312,0.2912960532,0.1393968356,0.9598567685,221.9555622,0,0,221.9554797,8.254545458e-05,0,0,0,0,0.999649693,1.049297531,0.9781491003,0.02185089974,778,246775.318,240,64,3202,628,386.8434204,0,1407.726,5021.196,3382.740731,2027.57,12043.396,18213.062,1.145440381,1,2.043756514,3.337779413,486,416.4163045,0,1826.774,9034.032,3686.046784,2122.285,12249.483,28684.436,1.180198073,1,1.785500456,4.443764135,340,340.3723529,0,1199.815,3610.811,2208.715659,905.804,6290.925,21302.621,1.170134999,1,2.198907273,4.017048379,146,254.2150616,0,913.325,6589.344,2740.583616,1836.305,8019.079,20475.277,1.124750644,1,1.709311421,3.146595912,822,334.5559307,0,1308.135,4774.918,3091.797253,1625.322,10557.051,19384.074,1.135591803,1,1.785500456,3.508180484,617,465.8311977,0,1662.975,8305.894,3322.197057,1720.967,11602.581,27272.09,1.162546202,1,2.07455518,3.698810904,161,221.957559,0,979.908,5479.151,2954.133677,1557.57,10812.492,21302.621,1.268477314,1,2.048454536,5.6688219
s1-load80,shortest_estimate+topology_aware+easy,18,0.1075105868,0.03400079737,0.04042271348,0.02547048099,0.005044136192,0.002572458816,2000,1600,0,115.7331987,0,512.567,2684.326,4088.524042,1614.362,16690.733,34132.782,1.119883017,1,1.487042313,3.449232045,1.119883017,2211.875414,356,487.7857949,2555.717,0.7203016278,0.1547343328,0.1083215576,0.974529519,167.3886778,0,0,167.3886013,7.652525255e-05,0,0,0,0,0.9974275412,1.129421124,0.9949558638,0.005044136192,793,390125.266,128,26,2650,654,128.7787431,0,506.312,3999.759,6548.804391,2932.631,22692.146,46925.048,1.063627321,1,1.286795314,2.606999983,489,121.4619264,0,647.652,2684.326,2692.235761,1136.067,10667.916,17890.939,1.201283165,1,1.871775383,4.422187148,318,96.93069811,0,531.686,2788.788,1510.568906,1037.014,5039.868,7577.023,1.134014832,1,1.488606539,4.884252979,139,77.21565468,0,364.917,2147.753,3322.706453,1568.615,15008.808,17876.58,1.065873199,1,1.330537556,2.393000395,807,104.1751747,0,590.771,2535.155,3691.734062,1556.01,16230.783,26286.374,1.159606647,1,1.708653042,4.422187148,633,142.8214044,0,506.312,3124.975,4669.324128,1677.749,19657.349,38563.639,1.090667078,1,1.387145611,3.079126932,160,66.86126875,0,314.644,1494.669,3792.043169,1692.577,12140.43,46925.048,1.035112516,1,1.250003004,2.055081079
s1-load80,shortest_estimate+topology_aware+easy,19,0.06040255829,0.02749927289,0.015037492,0.008090108351,0.007220216606,0.002555468446,2000,1600,0,47.87209688,0,190.678,1329.671,2623.468543,1100.335,8867.274,24248.916,1.093459555,1,1.202694805,2.984983333,1.093459555,2164.370004,338,209.2301302,1329.671,0.7167390852,0.1235910146,0.07641736366,0.9919098916,37.20977778,0,0,37.20975289,2.48888889e-05,0,0,0,0,0.9974445316,1.134236445,0.9927797834,0.007220216606,831,268118.137,101,22,2558,656,48.59602439,0,119.099,1431.729,3769.206354,1623.739,13193.53,42543.581,1.050443163,1,1.145026198,2.641877644,468,48.44002137,0,192.095,1388.84,1679.2034,655.091,6975.626,15676.654,1.098970439,1,1.322336252,4.028489639,316,46.77957595,0,211.89,1102.948,2123.778965,1027.163,7236.443,17476.555,1.191450919,1,1.156189692,4.857709817,160,45.40054375,0,203.617,1416.263,1674.805981,805.987,5193.401,13615.689,1.060174484,1,1.158140931,2.254692074,769,51.92779454,0,180.981,1388.84,2564.658507,1199.757,8214.182,22485.277,1.078946121,1,1.19763237,3.494884414,662,39.84024773,0,190.678,1057.089,2680.14923,1057.686,10028.385,28158.885,1.117752253,1,1.202694805,2.984983333,169,60.87950888,0,334.496,1478.832,2669.044302,1074.442,10019.401,27094.338,1.064341596,1,1.243782921,2.569506236
s1-load80,shortest_estimate+topology_aware+easy,20,0.1773692245,0.03939880418,0.08530719573,0.03222655684,0.01743462017,0.003002047617,2000,1600,0,268.469485,0,1081.71,7059.895,3361.368902,1571.472,12716.498,27147.759,1.166628462,1,1.72312691,5.116981993,1.166628462,2271.040886,353,1129.724442,6811.711,0.7950815814,0.2281456778,0.1163142003,0.9677734432,175.2609378,0,0,175.2608567,8.105050507e-05,0,0,0,0,0.9969979524,1.147820166,0.9825653798,0.01743462017,803,269084.696,174,37,2916,645,446.5057271,0,2518.12,10280.876,5572.003082,2996.228,18990.25,42221.786,1.201633767,1,2.053740758,5.443430839,467,142.9173148,0,682.488,3728.08,1455.142062,923.149,4471.209,9514.672,1.207491928,1,2.03876084,7.3769369,310,150.4060323,0,547.577,4393.326,2577.112671,1632.726,8260.604,13104.733,1.051987031,1,1.250000348,2.149062178,178,158.3523933,0,349.263,7080.288,1717.932494,726.626,6673.197,15659.987,1.132230614,1,1.483399114,2.545808216,797,311.7551167,0,1206.096,7261.09,3353.042499,1519.783,12405.02,36168.233,1.18026303,1,1.926878846,6.597151034,621,218.7693462,0,1039.9,5349.387,3526.633454,1609.224,14141.856,33863.018,1.144470334,1,1.640699061,3.062884673,182,248.4977143,0,875.951,6811.711,2833.934044,1614.162,8764.533,26503.318,1.182526523,1,1.900930175,7.002551279
s1-load80,shortest_estimate+topology_aware+easy_oracle,1,0.11269862,0.03375282357,0.04587390093,0.0239778162,0.008620689655,0.0004733896812,2000,1600,0,101.5886425,0,581.689,2299.037,3287.479096,1333.456,10223.501,46326.346,1.107866353,1,1.476197052,3.10668545,1.107866353,2184.517247,370,397.4172595,1972.688,0.7265546524,0.1651942851,0.1167445289,0.9760221838,137.6662511,0,0,137.6661716,7.955555558e-05,0,0,0,0,0.9995266103,1.061106022,0.9913793103,0.008620689655,812,331001.651,133,26,2578,647,139.7899042,0,655.813,3488.087,2443.407029,1574.775,7965.657,15033.631,1.136488914,1,1.545660587,4.485716667,468,54.79226496,0,299.643,1489.696,1654.142051,960.132,6023.898,9235.755,1.093370818,1,1.418226009,3.127441579,333,90.13503904,0,604.328,1972.688,7342.715877,1380.644,46326.346,86400,1.07104181,1,1.353711493,2.522862149,152,108.1579737,0,712.355,2597.771,3025.127224,1985.172,10612.137,15590.314,1.111337975,1,1.955940724,2.900277031,788,75.17798858,0,385.419,1951.624,3249.272096,1404.853,9325.932,48633.587,1.088553607,1,1.334276426,3.10668545,648,122.6242608,0,722.938,2999.549,3234.155542,1288.395,11371.818,44785.025,1.118563446,1,1.748928977,3.127441579,164,145.3722683,0,477.893,5966.623,3681.752134,1261.359,10592.152,67156.945,1.15839518,1,1.625203444,6.339123336
s1-load80,shortest_estimate+topology_aware+easy_oracle,2,0.1667195071,0.03762407272,0.06250001479,0.05139906284,0.01412066752,0.001075689227,2000,1600,0,210.5571594,0,792.511,4854.274,3459.851819,1611.004,13218.058,25871.625,1.109483446,1,1.645508119,3.224651061,1.109483446,2276.42227,332,894.3505904,4854.274,0.7636506266,0.1305045908,0.09066949745,0.9486009372,316.7314911,0,0,316.7314001,9.098989902e-05,0,0,0,0,0.9989243108,1.084309383,0.9858793325,0.01412066752,779,288786.294,145,38,2894,636,254.9594921,0,790.494,6427.409,4860.166329,2142.908,18504.467,34187.161,1.086077455,1,1.495131584,2.622644392,502,203.8314243,0,927.192,3609.255,2719.950353,1521.844,8259.278,21538.258,1.108008605,1,1.666647311,2.96607767,311,175.5764019,0,676.89,3268.166,1938.604399,1199.225,6393.507,9317.568,1.173119827,1,1.928944236,4.967206462,151,117.9442517,0,983.115,1910.129,3154.808477,1697.154,10445.342,21620.956,1.081905078,1,1.708148248,2.113521202,821,238.7147722,0,790.494,5040.981,3611.314999,1646.349,13303.215,25802.082,1.108669829,1,1.655493969,3.414082063,635,179.6095843,0,823.445,4175.284,3322.213931,1615.816,12263.104,25871.625,1.114979135,1,1.669929829,3.224651061,144,186.4898681,0,983.115,5232.71,3203.246181,1473.479,13775.162,27939.411,1.089887735,1,1.472933383,2.437340117
s1-load80,shortest_estimate+topology_aware+easy_oracle,3,0.2033071762,0.05431737893,0.09552464308,0.03209151309,0.02069857697,0.0006750641268,2000,1600,0,325.6836844,0,1211.269,6859.762,2940.103142,1330.479,11276.343,23155.954,1.257620305,1,2.375598429,5.133375888,1.257620305,2488.758302,377,1275.755586,6082.087,0.8274682555,0.3145400273,0.1587216894,0.9679084869,149.0775511,0,0,149.0774732,7.789898991e-05,0,0,0,0,0.9993249359,1.067425724,0.979301423,0.02069857697,773,208721.24,239,58,3187,639,398.5206526,0,1859.418,7677.471,4177.670873,1998.018,14976.03,31195.015,1.24113735,1,2.209305138,4.691212933,481,239.6748919,0,799.766,6477.974,1874.770412,1033.109,6114.618,12271.559,1.275368149,1,2.574158441,5.764276176,318,298.5078428,0,1139.381,5836.067,2528.347399,1327.448,8847.773,12990.216,1.233704026,1,2.510417062,4.349951269,162,347.0992654,0,1596.969,11761.813,2029.964802,1047.139,6008.251,14557.805,1.316887413,1,2.673150381,6.285956056,827,335.6970943,0,1609.185,7966.494,3015.219253,1373.072,11686.629,23280.344,1.259013072,1,2.390545911,5.391970721,629,264.0822639,0,1070.734,5512.509,2698.721304,1275.592,10777.038,19891.786,1.275999736,1,2.485909454,5.133375888,144,537.2545417,0,1426.339,7677.471,3563.076424,1438.086,13535.721,31195.015,1.169339186,1,2.227753224,4.01035148
s1-load80,shortest_estimate+topology_aware+easy_oracle,4,0.146185695,0.03787870999,0.052807718,0.03946873225,0.01324503311,0.002785501617,2000,1600,0,137.2177525,0,669.611,3382.181,2739.046626,1534.247,9318.729,15645.978,1.126457875,1,1.656644811,3.659512418,1.126457875,2254.066596,354,580.9969011,3188.386,0.8120089937,0.285599875,0.1528353046,0.9605312678,188.8199311,0,0,188.8198514,7.971717175e-05,0,0,0,0,0.9972144984,1.135773931,0.9867549669,0.01324503311,755,223893.334,191,40,3042,615,103.4323593,0,507.932,2245.174,2080.212119,954.269,7971.136,12638.232,1.175503145,1,1.914916101,5.518533333,495,198.5940283,0,699.154,5994.047,3844.963659,2298.14,12674.319,25263.114,1.065489825,1,1.441701278,2.150082986,334,113.4006228,0,779.868,2169.919,2445.550326,1560.396,8458.75,12123.073,1.087414476,1,1.613459021,3.087419884,156,126.651609,0,1076.529,1973.061,2455.598256,1738.791,7447.028,12649.817,1.210155566,1,1.859040852,8.188834219,845,132.3842982,0,640.621,3116.473,2852.301247,1560.396,9762,15645.978,1.119330547,1,1.662928544,3.405786556,608,118.8656826,0,599.853,2881.676,2601.65577,1506.409,8458.75,14828.975,1.119676119,1,1.461727822,3.800598005,147,240.9070544,0,1224.651,6346.419,2656.281218,1465.75,10702.024,17045.224,1.195477607,1,2.027983058,6.064551697
s1-load80,shortest_estimate+topology_aware+easy_oracle,5,0.09634067945,0.02882667509,0.0228175909,0.03788355852,0.006631299735,0.0001815552088,2000,1600,0,65.87827812,0,289.331,1761.036,2246.236377,1478.383,6585.02,12025.832,1.050289866,1,1.260749422,1.975377833,1.050289866,2102.236987,334,287.458006,1761.036,0.7391774878,0.1703932326,0.1066609033,0.9621164415,141.9909422,0,0,141.9908834,5.878787882e-05,0,0,0,0,0.9998184448,1.032492673,0.9933687003,0.006631299735,754,209107.581,133,30,2633,639,71.0476072,0,378.129,1787.253,2200.332967,1394.089,6407.696,14041.681,1.057385361,1,1.269180055,2.06325302,486,84.30725103,0,400.711,2302.724,1902.510412,1270.604,5380.506,10571.352,1.057499029,1,1.465173673,2.084999992,322,41.98659938,0,152.021,1522.634,2800.785273,2201.813,7511.958,11427.432,1.037715664,1,1.168994991,1.975377833,153,36.03147059,0,139.679,963.33,2362.696209,1478.383,6880.407,14317.204,1.024219402,1,1.250000184,1.413307317,846,74.39420804,0,380.413,2017.626,2296.194173,1449.317,6879.607,12341.63,1.046817324,1,1.303827012,1.910104375,602,59.23192857,0,271.6,1522.634,2155.816927,1503.666,6264.263,10126.524,1.060441777,1,1.250000416,2.155259501,152,44.80344737,0,130.439,1387.432,2326.290421,1507.125,6880.407,14738.915,1.029410394,1,1.17700697,1.887639099
s1-load80,shortest_estimate+topology_aware+easy_oracle,6,0.2116155889,0.05227861538,0.1008784344,0.04149229036,0.01608910891,0.0008771398671,2000,1600,0,289.9255469,0,1279.156,5612.933,2215.029911,1216.969,7520.992,16132.158,1.203334495,1,2.28643206,4.032663101,1.203334495,2401.928943,388,1097.400005,5007.363,0.8695789874,0.3541696596,0.1824472428,0.9585077096,147.1862889,0,0,147.1861845,0.0001043636364,0,0,0,0,0.9991228601,1.07758897,0.9839108911,0.01608910891,808,173455.604,284,85,3559,647,292.4834807,0,1490.773,5612.933,2360.200046,1296.391,7848.261,14311.854,1.189058667,1,2.244345995,4.062160761,472,230.0462331,0,1220.686,5486.517,2022.793261,1187.531,6563.12,13309.675,1.213520419,1,2.270786571,3.65511554,318,160.6915409,0,897.032,2874.01,1414.428091,1042.139,4127.337,6013.485,1.181477035,1,2.058964562,4.032663101,163,705.2903742,0,3938.803,19318.834,3757.373466,1416.266,17643.004,29486.481,1.273146621,1,3.187842407,4.053876245,792,284.7310164,0,1182.377,6418.248,2293.173255,1247.921,7848.261,19284.732,1.214853101,1,2.296113677,4.337871784,644,287.3062283,0,1387.455,5007.363,2094.514798,1182.912,7264.178,12760.242,1.206051265,1,2.335934128,3.9579,164,325.2969451,0,1025.95,11115.727,2310.897006,1201.874,8322.452,15848.45,1.13703976,1,1.924515987,3.546859716
s1-load80,shortest_estimate+topology_aware+easy_oracle,7,0.1575469844,0.03986115361,0.07219215385,0.02848667625,0.01612903226,0.0008779684456,2000,1600,0,176.6853531,0,915.409,3736.122,3981.099314,1499.911,14881.654,41541.625,1.159101271,1,1.743348,3.884020825,1.159101271,2258.406899,369,698.0311518,3299.389,0.7678055539,0.177782865,0.1072671506,0.9715133238,196.5453578,0,0,196.5452633,9.450505055e-05,0,0,0,0,0.9991220316,1.084631853,0.9838709677,0.01612903226,806,387786.479,173,38,2677,632,168.8436076,0,806.317,3292.501,3494.089248,1438.199,13177.012,31856.608,1.1224378,1,1.743348,3.701001273,504,185.265002,0,1214.555,4193.973,5821.405609,1870.343,31540.359,68088.711,1.16118671,1,1.798358938,3.57976992,308,174.9919481,0,793.273,3070.39,2668.15612,1093.987,9981.857,24778.908,1.217431791,1,1.528101192,3.884020825,156,184.079,0,1721.569,3408.569,2600.730673,1504.557,8824.704,14586.093,1.185732375,1,2.320750355,5.439471723,794,153.3395642,0,915.409,3282.285,4108.474422,1575.602,13792.706,46953.934,1.141586834,1,1.602606837,4.538051807,644,164.8451786,0,846.493,4193.973,3874.430691,1455.573,15669.563,41541.625,1.175179507,1,1.788601113,3.917049663,162,338.1768889,0,1265.007,12349.503,3780.844728,1459.76,14586.093,29227.13,1.181027686,1,2.287240377,3.826511363
s1-load80,shortest_estimate+topology_aware+easy_oracle,8,0.1007792217,0.03431599437,0.0244935144,0.03526573033,0.00625,0.0004539826453,2000,1600,0,55.96292687,0,310.582,1098.187,1582.499864,768.513,5504.738,12122.439,1.089593883,1,1.500827616,2.783602252,1.089593883,2153.745192,390,211.6200795,1058.375,0.7468085387,0.1609130433,0.1048793309,0.9647342697,94.20282667,0,0,94.20276602,6.064646468e-05,0,0,0,0,0.9995460174,1.054334353,0.99375,0.00625,800,143420.605,149,37,2691,674,67.50666024,0,310.582,1510.89,1272.464915,627.224,4934.167,8645.999,1.117080075,1,1.840660086,3.538836218,490,39.91438367,0,333.561,757.344,1410.540141,673.846,4270.192,12710.929,1.059512167,1,1.361916615,2.640555731,303,59.77090429,0,379.223,1098.187,2287.51271,1173.421,7791.48,13651.835,1.088615511,1,1.335837766,3.25401095,133,47.914,0,196.039,913.846,2181.033158,1199.912,9994.052,14700.107,1.063359251,1,1.570921608,2.418377871,800,46.6985175,0,262.294,848.778,1597.315528,718.936,5469.845,12823.07,1.080674981,1,1.425006983,2.418377871,629,60.56159459,0,307.042,1143.261,1583.726828,836.179,5439.346,11139.827,1.096977366,1,1.507934496,2.973975416,171,82.38962573,0,662.476,1510.89,1508.673602,778.363,5695.435,8705.806,1.104160615,1,1.647705279,3.214812024
s1-load80,shortest_estimate+topology_aware+easy_oracle,9,0.138342364,0.03918524903,0.05866867905,0.03039451793,0.008816120907,0.001277797134,2000,1600,0,158.0420775,0,743.929,2656.492,2576.180837,1271.468,8855.837,17186.547,1.130010175,1,1.713786966,3.666250455,1.130010175,2300.499037,346,668.970948,2647.617,0.7807317742,0.2054109984,0.1168294192,0.9696054821,137.0115044,0,0,137.0114305,7.393939396e-05,0,0,0,0,0.9987222029,1.102850103,0.9911838791,0.008816120907,794,221055.268,180,37,3076,645,95.44309147,0,438.895,2368.184,2498.261496,1302.968,7958.555,16787.21,1.095274226,1,1.507317715,2.536826921,474,164.2225127,0,1056.119,3027.789,2546.894854,1214.729,9859.208,14892.737,1.132042413,1,1.906076729,4.039397455,330,274.8324606,0,849.376,6274.786,3024.300261,1497.275,11383.364,21892.603,1.15933298,1,1.799187227,4.349592972,151,150.797,0,1177.683,2582.288,2021.612106,951.29,9239.063,13637.962,1.207923294,1,1.745486472,4.922605465,806,191.7712779,0,803.043,3035.909,2677.045086,1253.728,9656.01,16943.795,1.126054884,1,1.765235395,3.372007087,627,130.2035295,0,738.253,2368.184,2559.707633,1346.116,8257.441,17808.118,1.149882258,1,1.649287915,4.545847448,167,99.77282036,0,635.333,2591.074,2151.223443,1106.064,8001.542,16394.706,1.074490229,1,1.534406577,2.334365962
s1-load80,shortest_estimate+topology_aware+easy_oracle,10,0.3916802185,0.05914490564,0.2339625808,0.05533043426,0.04291287386,0.0003294239158,2000,1600,0,647.1739231,0,2966.686,12491.958,3504.697231,1523.184,12806.189,27139.548,1.290551103,1,2.586732786,4.679333554,1.290551103,2619.061983,352,2596.562077,12153.973,0.9048956347,0.4384268185,0.2271665802,0.9446695657,346.8660356,0,0,346.8659274,0.0001081616162,0,0,0,0,0.9996705761,1.045246275,0.9570871261,0.04291287386,769,281945.11,307,89,3820,626,607.6997524,0,3839.827,12187.776,3390.309016,1676.532,12214.826,22525.818,1.313258354,1,2.748413489,5.113951532,484,931.2483409,0,2966.686,25883.77,4758.573481,1472.735,18133.895,48480.717,1.293974743,1,2.38481565,4.403414217,343,461.9284023,0,1879.75,8009.05,2703.454023,1573.897,7831.503,20549.455,1.256410461,1,2.288173222,4.044268001,147,312.1945102,0,1839.014,5002.381,1732.978435,1251.208,4494.483,13142.936,1.262241302,1,2.903014823,4.384758946,831,623.8923261,0,2786.276,12153.973,3390.943342,1526.958,12880.852,24033.413,1.256876895,1,2.602147795,4.719553571,627,721.5261196,0,3249.242,13908.3,3681.778021,1510.055,12707.82,33452.757,1.330378029,1,2.533191127,4.105017784,142,455.1188521,0,3334.174,9352.444,3388.498824,1643.67,13025.342,19281.967,1.31176085,1,3.065611346,5.113951532
s1-load80,shortest_estimate+topology_aware+easy_oracle,11,0.1632176253,0.03853511009,0.07695391853,0.03287433162,0.01479654747,5.771753829e-05,2000,1600,0,238.5404525,0,975.789,5105.862,3035.789266,1502.936,11059.184,24259.872,1.102848911,1,1.685352806,2.955610052,1.102848911,2172.146156,333,1034.676165,5105.862,0.7982357669,0.2105244997,0.1117793853,0.9671256684,153.7772422,0,0,153.7771465,9.567676771e-05,0,0,0,0,0.9999422825,1.019132492,0.9852034525,0.01479654747,811,257446.25,192,52,2922,640,322.8664266,0,1072.278,7226.607,3609.175656,1684.587,13156.163,32101.728,1.109145546,1,1.727805945,3.117975293,470,179.0746532,0,1035.196,3812.252,2321.497606,1426.098,7698.212,13118.289,1.089029187,1,1.649342584,2.730855825,327,125.7349235,0,776.31,3284.611,2665.691599,1348.432,10785.18,24265.686,1.109865029,1,1.668777197,2.672056186,163,305.2135215,0,1272.453,6521.865,3586.536055,1857.837,12987.225,25425.573,1.103898933,1,1.637899974,3.181621197,789,282.4225158,0,1163.718,7094.97,3169.770101,1572.352,11636.281,26005.949,1.117820944,1,1.805346982,3.117975293,653,189.5381531,0,765.68,3812.252,2710.354966,1427.972,9754.588,18468.624,1.091355753,1,1.560147002,2.955610052,158,221.9300316,0,1318.869,5806.453,3711.72419,1879.34,14633.466,26474.038,1.075583707,1,1.590018622,2.439446185
s1-load80,shortest_estimate+topology_aware+easy_oracle,12,0.0824471643,0.03133463676,0.03141865651,0.01751751394,0.001215066829,0.0009612902658,2000,1600,0,82.89847125,0,398.394,2062.225,2586.279507,1384.397,8946.114,18503.24,1.09242186,1,1.370436412,3.115233333,1.09242186,2200.734531,349,345.7379054,2010.887,0.7217276115,0.1301914342,0.100326275,0.9824824861,69.97475111,0,0,69.97468133,6.977777778e-05,0,0,0,0,0.9990387097,1.08158132,0.9987849332,0.001215066829,823,232305.539,126,29,2735,597,67.02868342,0,274.963,1808.401,1545.20297,926.865,5118.216,10005.906,1.093162656,1,1.410620986,4.145701184,519,91.81053179,0,671.346,2167.782,3795.876297,1785.159,14605.565,23590.014,1.13149796,1,1.445318724,3.461089336,324,91.29291667,0,324.354,2334.731,2868.657676,1958.57,8506.997,13100.539,1.046151536,1,1.205818783,2.31088002,160,96.20536875,0,455.747,2204.976,1975.350956,1303.539,5588.553,12484.475,1.056602072,1,1.32101237,2.028828501,777,98.91050837,0,495.066,2204.976,2585.019353,1420.092,9749.628,20072.319,1.124905123,1,1.436549199,4.145701184,660,76.44672879,0,325.758,2104.469,2561.809085,1404.983,8757.637,16639.112,1.057415828,1,1.271969446,2.328269945,163,32.69477301,0,75.963,780.001,2691.36919,1209.357,8695.297,28479.054,1.079320543,1,1.250000119,3.115233333
s1-load80,shortest_estimate+topology_aware+easy_oracle,13,0.1199537757,0.03481120043,0.04811172529,0.03408588852,0.0024600246,0.0004849369119,2000,1600,0,96.45481625,0,610.065,1913.379,2201.660485,1387.734,6844.333,12617.202,1.091299165,1,1.522485707,2.536667927,1.091299165,2162.793006,351,370.4285812,1858.805,0.8194702691,0.176297549,0.1157507059,0.9659141115,129.7510578,0,0,129.7510019,5.587878791e-05,0,0,0,0,0.9995150631,1.062934026,0.9975399754,0.0024600246,813,184122.363,210,53,2810,628,77.80959236,0,608.81,1342.29,2197.78949,1538.79,6402.698,10835.872,1.064822738,1,1.413250702,2.06892446,479,99.07341962,0,598.45,2070.599,2039.679868,1086.442,6568.361,13717.918,1.092909979,1,1.625971212,2.837840278,328,99.53143598,0,570.921,1913.379,1933.421436,1203.588,5464.197,9042.548,1.131836319,1,1.460775393,3.365848506,165,153.7018364,0,1205.621,3240.726,3219.855079,1974.263,10784.277,17191.957,1.106810863,1,1.674795516,3.299440952,787,91.44716773,0,584.179,1913.379,2193.121781,1397.229,6532.699,12617.202,1.102137485,1,1.483270288,2.72907356,643,103.8469082,0,661.545,2070.599,2167.000502,1392.686,6857.213,10829.723,1.085504449,1,1.610272324,2.690062673,170,91.67778235,0,447.761,3976.573,2372.285947,1249.784,8501.891,17191.957,1.063041779,1,1.471116312,2.165443568
s1-load80,shortest_estimate+topology_aware+easy_oracle,14,0.1529094653,0.04080973471,0.05907308993,0.03928228648,0.01257861635,0.001165737809,2000,1600,0,129.6063806,0,749.057,2662.482,2116.813076,1075.374,7670.891,15058.718,1.136248639,1,1.784834681,3.349035879,1.136248639,2234.710843,378,482.6490529,2438.909,0.7975780722,0.2194546839,0.1321724293,0.9607177135,149.8632956,0,0,149.8631984,9.71717172e-05,0,0,0,0,0.9988342622,1.094845801,0.9874213836,0.01257861635,795,178937.446,191,48,2849,594,114.2713569,0,749.057,2044.92,1520.718712,709.078,5286.434,11926.055,1.189610535,1,2.020126752,5.499705938,514,145.2088891,0,1008.21,2902.159,2501.377232,1481.264,7857.101,14202.218,1.086555325,1,1.731622968,2.52095463,336,110.6037054,0,430.195,1635.442,1715.157515,915.665,5656.783,10684.585,1.131332937,1,1.546801568,3.983113389,156,177.5180064,0,1038.733,4219.246,3984.571699,1623.692,17690.944,31756.379,1.107383726,1,1.772504394,3.33086717,805,116.9038075,0,590.471,2662.482,2119.313103,1070.456,7152.747,14323.807,1.127428503,1,1.678774681,3.33086717,635,132.0645039,0,853.278,2438.909,2029.85768,1086.965,7672.085,15058.718,1.147119707,1,1.909297692,3.349035879,160,183.760525,0,997.605,4744.105,2449.339044,1017.823,9355.447,25809.39,1.137480402,1,1.682793288,3.982882248
s1-load80,shortest_estimate+topology_aware+easy_oracle,15,0.3133645038,0.05358457059,0.1810718198,0.05554976333,0.01990049751,0.003257852611,2000,1600,0,500.9529894,0,2296.022,9884.188,3597.112124,1754.28,13290.247,25223.322,1.252350199,1,2.34354868,4.594094482,1.252350199,2472.391181,357,2061.314339,9523.651,0.8647333447,0.3901778627,0.1933142444,0.9444502367,328.1448378,0,0,328.1447382,9.955555567e-05,0,0,0,0,0.9967421474,1.167777819,0.9800995025,0.01990049751,804,276166.853,253,72,3549,654,488.8262278,0,2189.319,8421.846,3083.517927,1570.276,11007.508,17192.457,1.221113231,1,2.590301028,4.355582902,498,763.8900442,0,4046.408,17220.923,4968.950207,2620.434,16381.56,46491.716,1.279371484,1,2.628169712,4.976733894,299,188.728602,0,1020.809,3817.473,2169.117883,995.047,7387.462,18554.695,1.331539852,1,2.308290579,7.155230844,149,301.9150067,0,1892.241,4801.523,4131.914255,2012.95,15393.483,28341.376,1.140233895,1,2.143447362,2.573546521,796,624.1568518,0,2955.836,11765.195,3970.455817,1827.806,15224.701,34044.198,1.272280979,1,2.565219157,4.976733894,652,392.7227899,0,2096.989,6682.543,3394.554684,1768.369,12428.834,20436.251,1.241162463,1,2.28605377,4.355582902,152,320.0044079,0,1538.403,4614.858,2510.834961,1303.31,8571.815,25223.322,1.195965348,1,2.278436122,3.4534034
s1-load80,shortest_estimate+topology_aware+easy_oracle,16,0.2818392655,0.06103667882,0.1279967552,0.05852836833,0.03109452736,0.003182935765,2000,1600,0,489.6468575,0,1623.021,11658.722,2149.541841,878.678,7555.978,18896.808,1.301978145,1,2.669470456,5.783754784,1.301978145,2553.268391,364,2005.357654,10075.213,0.8927520344,0.4211302684,0.1907543041,0.9414716317,212.0685378,0,0,212.0684331,0.0001046464647,0,0,0,0,0.9968170642,1.168641042,0.9689054726,0.03109452736,804,144565.715,309,83,3669,625,488.4723328,0,1623.021,7670.239,1911.126714,689.642,6638.651,18751.78,1.308653227,1,2.512877666,5.783754784,493,566.1009736,0,1628.939,18966.915,2565.777828,991.804,9764.434,27502.822,1.360202242,1,2.983922475,7.543747703,322,425.8071925,0,1515.958,10075.213,1856.704938,853.953,6970.926,14395.996,1.268478864,1,2.852243647,4.67660864,160,387.137925,0,1432.659,9015.011,2387.658069,1295.016,5860.344,18847.255,1.163917913,1,2.161163272,3.37843728,796,481.0265666,0,1628.939,15523.179,2199.299251,861.843,8335.216,21387.553,1.309705135,1,2.905856749,6.118867067,633,507.2507788,0,1749.078,9015.011,2119.382742,924.129,7235.852,14689.456,1.312897426,1,2.581140526,5.610495323,171,464.6086667,0,1316.675,11112.968,2029.564129,861.128,5945.259,22799.444,1.22558874,1,2.512877666,4.378370405
s1-load80,shortest_estimate+topology_aware+easy_oracle,17,0.217258235,0.04497239463,0.1099414022,0.04014323146,0.02185089974,0.0003503069637,2000,1600,0,373.8487444,0,1394.076,5447.3,3166.79278,1634.817,10812.492,21203.51,1.159357698,1,1.966890747,3.725375088,1.159357698,2274.367633,372,1421.700575,4774.918,0.8431779312,0.2912960532,0.1393968356,0.9598567685,221.9555622,0,0,221.9554797,8.254545458e-05,0,0,0,0,0.999649693,1.049297531,0.9781491003,0.02185089974,778,246775.318,240,64,3202,628,386.8434204,0,1407.726,5021.196,3382.740731,2027.57,12043.396,18213.062,1.145440381,1,2.043756514,3.337779413,486,416.4163045,0,1826.774,9034.032,3686.046784,2122.285,12249.483,28684.436,1.180198073,1,1.785500456,4.443764135,340,340.3723529,0,1199.815,3610.811,2208.715659,905.804,6290.925,21302.621,1.170134999,1,2.198907273,4.017048379,146,254.2150616,0,913.325,6589.344,2740.583616,1836.305,8019.079,20475.277,1.124750644,1,1.709311421,3.146595912,822,334.5559307,0,1308.135,4774.918,3091.797253,1625.322,10557.051,19384.074,1.135591803,1,1.785500456,3.508180484,617,465.8311977,0,1662.975,8305.894,3322.197057,1720.967,11602.581,27272.09,1.162546202,1,2.07455518,3.698810904,161,221.957559,0,979.908,5479.151,2954.133677,1557.57,10812.492,21302.621,1.268477314,1,2.048454536,5.6688219
s1-load80,shortest_estimate+topology_aware+easy_oracle,18,0.1075105868,0.03400079737,0.04042271348,0.02547048099,0.005044136192,0.002572458816,2000,1600,0,115.7331987,0,512.567,2684.326,4088.524042,1614.362,16690.733,34132.782,1.119883017,1,1.487042313,3.449232045,1.119883017,2211.875414,356,487.7857949,2555.717,0.7203016278,0.1547343328,0.1083215576,0.974529519,167.3886778,0,0,167.3886013,7.652525255e-05,0,0,0,0,0.9974275412,1.129421124,0.9949558638,0.005044136192,793,390125.266,128,26,2650,654,128.7787431,0,506.312,3999.759,6548.804391,2932.631,22692.146,46925.048,1.063627321,1,1.286795314,2.606999983,489,121.4619264,0,647.652,2684.326,2692.235761,1136.067,10667.916,17890.939,1.201283165,1,1.871775383,4.422187148,318,96.93069811,0,531.686,2788.788,1510.568906,1037.014,5039.868,7577.023,1.134014832,1,1.488606539,4.884252979,139,77.21565468,0,364.917,2147.753,3322.706453,1568.615,15008.808,17876.58,1.065873199,1,1.330537556,2.393000395,807,104.1751747,0,590.771,2535.155,3691.734062,1556.01,16230.783,26286.374,1.159606647,1,1.708653042,4.422187148,633,142.8214044,0,506.312,3124.975,4669.324128,1677.749,19657.349,38563.639,1.090667078,1,1.387145611,3.079126932,160,66.86126875,0,314.644,1494.669,3792.043169,1692.577,12140.43,46925.048,1.035112516,1,1.250003004,2.055081079
s1-load80,shortest_estimate+topology_aware+easy_oracle,19,0.06040255829,0.02749927289,0.015037492,0.008090108351,0.007220216606,0.002555468446,2000,1600,0,47.87209688,0,190.678,1329.671,2623.468543,1100.335,8867.274,24248.916,1.093459555,1,1.202694805,2.984983333,1.093459555,2164.370004,338,209.2301302,1329.671,0.7167390852,0.1235910146,0.07641736366,0.9919098916,37.20977778,0,0,37.20975289,2.48888889e-05,0,0,0,0,0.9974445316,1.134236445,0.9927797834,0.007220216606,831,268118.137,101,22,2558,656,48.59602439,0,119.099,1431.729,3769.206354,1623.739,13193.53,42543.581,1.050443163,1,1.145026198,2.641877644,468,48.44002137,0,192.095,1388.84,1679.2034,655.091,6975.626,15676.654,1.098970439,1,1.322336252,4.028489639,316,46.77957595,0,211.89,1102.948,2123.778965,1027.163,7236.443,17476.555,1.191450919,1,1.156189692,4.857709817,160,45.40054375,0,203.617,1416.263,1674.805981,805.987,5193.401,13615.689,1.060174484,1,1.158140931,2.254692074,769,51.92779454,0,180.981,1388.84,2564.658507,1199.757,8214.182,22485.277,1.078946121,1,1.19763237,3.494884414,662,39.84024773,0,190.678,1057.089,2680.14923,1057.686,10028.385,28158.885,1.117752253,1,1.202694805,2.984983333,169,60.87950888,0,334.496,1478.832,2669.044302,1074.442,10019.401,27094.338,1.064341596,1,1.243782921,2.569506236
s1-load80,shortest_estimate+topology_aware+easy_oracle,20,0.1773692245,0.03939880418,0.08530719573,0.03222655684,0.01743462017,0.003002047617,2000,1600,0,268.469485,0,1081.71,7059.895,3361.368902,1571.472,12716.498,27147.759,1.166628462,1,1.72312691,5.116981993,1.166628462,2271.040886,353,1129.724442,6811.711,0.7950815814,0.2281456778,0.1163142003,0.9677734432,175.2609378,0,0,175.2608567,8.105050507e-05,0,0,0,0,0.9969979524,1.147820166,0.9825653798,0.01743462017,803,269084.696,174,37,2916,645,446.5057271,0,2518.12,10280.876,5572.003082,2996.228,18990.25,42221.786,1.201633767,1,2.053740758,5.443430839,467,142.9173148,0,682.488,3728.08,1455.142062,923.149,4471.209,9514.672,1.207491928,1,2.03876084,7.3769369,310,150.4060323,0,547.577,4393.326,2577.112671,1632.726,8260.604,13104.733,1.051987031,1,1.250000348,2.149062178,178,158.3523933,0,349.263,7080.288,1717.932494,726.626,6673.197,15659.987,1.132230614,1,1.483399114,2.545808216,797,311.7551167,0,1206.096,7261.09,3353.042499,1519.783,12405.02,36168.233,1.18026303,1,1.926878846,6.597151034,621,218.7693462,0,1039.9,5349.387,3526.633454,1609.224,14141.856,33863.018,1.144470334,1,1.640699061,3.062884673,182,248.4977143,0,875.951,6811.711,2833.934044,1614.162,8764.533,26503.318,1.182526523,1,1.900930175,7.002551279
s1-load80,shortest_estimate+topology_aware+easy_predicted,1,0.08828820155,0.03239912453,0.02876049089,0.01857570868,0.007389162562,0.00116371489,2000,1600,0,80.896775,0,364.688,1890.896,3263.789819,1317.954,9969.846,46326.346,1.102614004,1,1.41699233,2.900277031,1.102614004,2171.70221,370,300.3480378,1808.888,0.7229423666,0.1143809513,0.1051945955,0.9814242913,106.0635444,0,0,106.063479,6.541414144e-05,0,0,0,0,0.9988362851,1.084696764,0.9926108374,0.007389162562,812,331001.651,122,57,2525,647,108.2267295,0,643.619,2729.211,2406.958759,1589.321,7877.583,15033.631,1.127042356,1,1.486632231,3.908405521,468,53.47136325,0,212.293,1558.344,1652.030865,953.849,5969.06,9235.755,1.124507031,1,1.378427456,2.753202898,333,72.97101201,0,271.988,1951.624,7325.100664,1323.259,46326.346,86400,1.039039106,1,1.25,1.935484984,152,66.36974342,0,323.473,1490.433,2976.002809,1934.909,10223.501,15590.314,1.070504536,1,1.438241462,2.755258908,788,60.69701904,0,227.587,1715.339,3232.896725,1381.199,9325.932,48633.587,1.076951429,1,1.250000161,2.925307617,648,97.70896605,0,695.14,2137.692,3203.224108,1281.235,11270.04,44785.025,1.124197584,1,1.511337548,2.900277031,164,111.5254817,0,337.421,3950.263,3651.535787,1228.133,10592.152,67156.945,1.140638081,1,1.692365953,3.908405521
s1-load80,shortest_estimate+topology_aware+easy_predicted,2,0.1402961031,0.03319403016,0.04963615244,0.05052661744,0.006418485237,0.0005208178792,2000,1600,0,153.66637,0,629.395,2763.748,3402.061316,1596.607,13052.328,25484.217,1.098640501,1,1.451757935,2.998501516,1.098640501,2191.613527,332,686.4843614,2763.748,0.7534609685,0.1913041186,0.1045805317,0.9494733826,311.0692089,0,0,311.0691227,8.614141417e-05,0,0,0,0,0.9994791821,1.057588048,0.9935815148,0.006418485237,779,308918.531,138,57,2833,636,225.0665818,0,720.287,5232.71,4830.916877,2144.452,18504.467,33047.421,1.083997727,1,1.451076608,2.57079852,502,91.31960159,0,440.55,1967.079,2604.89689,1532.933,8024.118,16452.599,1.085261173,1,1.331560802,2.219978721,311,85.11760129,0,584.182,1983.891,1847.401669,1164.749,6232.219,8940.839,1.14642304,1,1.500388367,4.967206462,151,201.3896159,0,963.847,2367.014,3235.992146,1705.867,10455.572,31683.154,1.106381274,1,1.904391652,3.062697595,821,188.5743484,0,643.22,3752.8,3559.656587,1641.067,13218.058,25484.217,1.102351919,1,1.576023009,2.998501516,635,107.3925386,0,629.395,2228.819,3249.692518,1584.511,11781.562,24380.604,1.09981523,1,1.390628514,3.175289477,144,158.6971528,0,629.142,5232.71,3175.453465,1436.296,13775.162,27939.411,1.072300033,1,1.250000068,2.437340117
s1-load80,shortest_estimate+topology_aware+easy_predicted,3,0.2002960472,0.05026745784,0.09749425343,0.03064993737,0.01681759379,0.005066804726,2000,1600,0,277.5816619,0,1236.244,5401.692,2891.156093,1318.37,10739.754,23684.013,1.224456942,1,2.198473053,5.729803434,1.224456942,2446.547263,377,1116.671602,5295.461,0.8248687979,0.2722548706,0.1542218692,0.9693500626,142.1691289,0,0,142.1690505,7.842424245e-05,0,0,0,0,0.9949331953,1.217021838,0.9831824062,0.01681759379,773,208721.24,223,109,3122,639,320.9650939,0,1688.418,5420.371,4101.904997,1966.489,15146.356,31195.015,1.153208442,1,2.040353878,3.531001143,481,185.271264,0,932.066,5064.115,1820.312649,1013.637,5594.052,11139.024,1.245511959,1,2.002662736,8.837725888,318,353.5330943,0,1303.639,7830.18,2575.435852,1359.341,9547.711,15352.98,1.244578375,1,2.198473053,5.688229784,162,231.4503827,0,1430.524,3923.48,1914.651056,1047.139,6316.353,10819.325,1.403479858,1,3.068582067,8.682797861,827,327.0724365,0,1445.069,5420.371,3005.67825,1322.056,10407.534,24531.463,1.234010773,1,2.056998738,7.555849675,629,222.4358442,0,1189.204,5064.115,2658.386831,1318.58,10739.754,15572.506,1.23790479,1,2.453974513,5.729803434,144,234.2333889,0,1130.746,5418.981,3250.198049,1298.93,12551.74,30617.045,1.110847811,1,1.882604461,3.096823449
s1-load80,shortest_estimate+topology_aware+easy_predicted,4,0.1423565284,0.03596613805,0.05282932654,0.03431592322,0.01589403974,0.003351100887,2000,1600,0,164.1590888,0,669.885,4318.241,2762.251646,1518.102,9536.019,16146.199,1.139842843,1,1.572997496,3.800598005,1.139842843,2281.33818,354,696.4045706,4311.158,0.8066296772,0.3003333539,0.1662743167,0.9656840768,163.2927044,0,0,163.2926255,7.890909094e-05,0,0,0,0,0.9966488991,1.148406962,0.9841059603,0.01589403974,755,223893.334,176,89,3052,615,132.036161,0,523.678,3967.554,2103.743364,962.033,8429.442,13045.387,1.189961315,1,1.960526112,5.407133388,495,216.3037838,0,683.841,6247.214,3855.510842,2256.775,12658.508,25263.114,1.0781863,1,1.405548538,2.266725842,334,120.8751497,0,651.163,2433.65,2454.65218,1574.335,7739.013,12123.073,1.092998334,1,1.572997496,2.605823763,156,218.0104487,0,1411.657,4509.113,2547.876731,1804.543,7712.258,12779.949,1.238196654,1,2.177664257,8.188834219,845,165.6372698,0,582.905,4311.158,2882.19508,1560.396,10026.959,15885.232,1.140673264,1,1.671238299,3.659353829,608,136.3419227,0,555.211,4318.241,2613.790298,1496.622,8880.235,16146.199,1.116449156,1,1.416069961,3.258666718,147,270.7153741,0,1411.657,6879.9,2686.825102,1457.139,10582.297,17045.224,1.231826896,1,2.431986249,5.332484221
s1-load80,shortest_estimate+topology_aware+easy_predicted,5,0.08981239558,0.02858089323,0.02141926613,0.03533558993,0.003978779841,0.000497866451,2000,1600,0,62.52620875,0,271.6,1787.253,2241.434461,1478.383,6626.821,11427.432,1.049276698,1,1.250000026,2.155259501,1.049276698,2100.915962,334,271.878988,1787.253,0.73800946,0.1365413157,0.09416148727,0.9646644101,132.0911133,0,0,132.0910606,5.272727276e-05,0,0,0,0,0.9995021335,1.058613666,0.9960212202,0.003978779841,754,209668.283,117,49,2610,639,73.23456338,0,370.338,2017.626,2203.203579,1394.089,6416.136,14041.681,1.068543809,1,1.305488137,2.311266812,486,75.79274486,0,400.711,2561.235,1890.038745,1269.578,5465.574,10126.524,1.052866276,1,1.396394529,2.261647543,322,40.46397516,0,138.252,1114.499,2799.282953,2201.813,7511.958,11427.432,1.024580817,1,1.123173467,1.550522611,153,22.09394771,0,21.955,756.485,2343.268686,1478.383,6880.407,14317.204,1.009380327,1,1.047526783,1.250000184,846,64.04958274,0,353.456,2017.626,2283.649304,1445.405,6825.123,12341.63,1.045062423,1,1.250000184,1.95538743,602,66.8796711,0,236.742,2095.095,2162.703291,1509.771,6289.937,9992.605,1.062492412,1,1.25,2.311266812,152,36.80542763,0,98.916,1482.113,2318.292401,1477.738,6880.407,14738.915,1.020391285,1,1.134001653,1.606032086
s1-load80,shortest_estimate+topology_aware+easy_predicted,6,0.2245270056,0.05718027918,0.1007445245,0.04403792586,0.02103960396,0.001524672025,2000,1600,0,327.45984,0,1277.458,6341.602,2253.570142,1207.851,7768.247,17344.221,1.224684774,1,2.50080884,4.578197194,1.224684774,2427.413828,388,1273.165332,5115.636,0.8670821025,0.4027656074,0.194909758,0.9559620741,156.6324533,0,0,156.6323526,0.0001007676768,0,0,0,0,0.998475328,1.10286118,0.978960396,0.02103960396,808,173455.604,281,132,3600,647,355.4418903,0,1279.156,12098.099,2420.673495,1289.529,8700.297,17041.019,1.199133711,1,2.246988115,4.541558118,472,244.2572119,0,1277.458,5024.439,2035.848403,1199.038,6563.12,13309.675,1.236338878,1,2.55324963,4.730858603,318,218.2628962,0,1141.026,3767.787,1471.582689,1047.052,3862.56,6801.055,1.209246099,1,2.535608901,3.988462631,163,670.3548221,0,2407.311,18010.603,3746.335804,1416.266,17344.221,29701.016,1.32247802,1,3.505249072,6.666116667,792,311.5088144,0,1028.582,5820.374,2324.238778,1224.311,7848.261,22993.578,1.225061152,1,2.43209578,4.730858603,644,337.2507702,0,1651.869,6341.602,2143.354854,1176.868,7768.247,13633.823,1.244414681,1,2.55324963,4.629738427,164,366.044311,0,1196.242,12308.296,2345.088963,1216.969,7475.199,17041.019,1.145391166,1,1.972074919,4.061621354
s1-load80,shortest_estimate+topology_aware+easy_predicted,7,0.1400905876,0.03828359631,0.06133402123,0.02916217573,0.009925558313,0.001385235998,2000,1600,0,162.1477325,0,777.726,4239.377,3967.979717,1481.365,14821.059,41541.625,1.156587646,1,1.674352722,3.884020825,1.156587646,2253.635096,369,633.1344309,3751.075,0.7683418547,0.1884777982,0.1125735912,0.9708378243,201.346,0,0,201.3459007,9.931313136e-05,0,0,0,0,0.998614764,1.083783103,0.9900744417,0.009925558313,806,387786.479,177,84,2671,632,160.1828275,0,739.965,3751.075,3485.132147,1405.103,13177.012,31856.608,1.115136029,1,1.743754547,3.915031391,504,171.5138552,0,838.912,4626.295,5815.102079,1888.919,31540.359,68088.711,1.193493813,1,1.758925252,3.701162381,308,151.6423961,0,695.85,3141.355,2640.027851,1097.037,9426.24,24778.908,1.204259617,1,1.517579569,3.884020825,156,160.589641,0,642.198,5620.39,2578.359,1453.214,9333.713,14586.093,1.111162938,1,1.498935789,4.194599409,794,145.0558829,0,731.355,3408.569,4102.420935,1529.279,13767.52,46953.934,1.158530659,1,1.584207895,3.915031391,644,152.8835668,0,804.568,4239.377,3863.041342,1455.189,15669.563,41541.625,1.153461837,1,1.70655,3.559268415,162,282.7468148,0,803.689,8870.415,3726.214204,1429.571,13239.583,29667.876,1.159490536,1,2.137016992,4.355943352
s1-load80,shortest_estimate+topology_aware+easy_predicted,8,0.1017280182,0.03364242862,0.02332736312,0.03684073176,0.0075,0.0004174947216,2000,1600,0,59.33818312,0,295.795,1289.455,1586.320952,760.965,5504.738,12122.439,1.086014689,1,1.471368872,2.784675522,1.086014689,2147.768481,390,219.2257103,990.371,0.748020524,0.1810701321,0.1037431998,0.9631592682,98.57094,0,0,98.57087883,6.11717172e-05,0,0,0,0,0.9995825053,1.055438748,0.9925,0.0075,800,143420.605,169,76,2693,674,74.34291395,0,329.99,2295.727,1279.523182,658.704,4934.167,9075.765,1.114329224,1,1.540962691,3.802592846,490,34.15751224,0,232.803,657.705,1406.361461,673.98,4270.192,12710.929,1.055797151,1,1.366692944,2.155707738,303,64.97040264,0,282.629,1289.455,2292.020393,1128.991,7791.48,13651.835,1.08048683,1,1.345140557,2.628909663,133,63.23876692,0,371.44,1290.316,2196.357925,1107.103,9994.052,14700.107,1.066447303,1,1.636946066,1.908341887,800,48.684635,0,246.765,801.665,1599.290434,723.462,5469.845,12823.07,1.076840268,1,1.444360902,2.591085252,629,61.73502862,0,267.383,1057.613,1585.628846,840.41,5439.346,11139.827,1.088626605,1,1.436884571,2.997183833,171,100.3628772,0,662.476,2295.727,1528.190836,778.363,5859.484,8705.806,1.119328382,1,1.959821256,3.037071023
s1-load80,shortest_estimate+topology_aware+easy_predicted,9,0.1275312341,0.03628655115,0.05010444258,0.0333194836,0.007556675063,0.0002640817445,2000,1600,0,156.4681075,0,635.333,2732.497,2576.316278,1242.176,8782.02,17808.118,1.102228162,1,1.587010928,3.013953268,1.102228162,2259.933577,346,683.0228439,2707.557,0.7811451108,0.2061105158,0.1226971919,0.9666805164,150.65104,0,0,150.6509589,8.105050508e-05,0,0,0,0,0.9997359183,1.044090559,0.9924433249,0.007556675063,794,220819.037,150,80,3130,645,100.2231643,0,544.412,2391.112,2505.930795,1271.468,8103.948,16787.21,1.107050496,1,1.559115454,3.358712453,474,163.5266266,0,878.878,2944.037,2541.461023,1185.005,9820.481,14892.737,1.097701594,1,1.564467424,2.943321833,330,284.0691818,0,625.285,8365.582,3042.335606,1497.207,11383.364,24922.268,1.115003716,1,1.772580682,3.098167671,151,95.6992053,0,751.611,2163.327,1967.929848,927.779,9239.063,13637.962,1.067918588,1,1.58133612,2.652115638,806,175.645067,0,751.109,2944.037,2660.569641,1255.328,9656.01,17265.242,1.096035358,1,1.606788661,3.013953268,627,117.5943509,0,569.398,2258.191,2551.909522,1284.488,8173.897,17808.118,1.110398348,1,1.3338038,3.01715427,167,209.8646108,0,458.185,2391.112,2261.315234,1111.464,7739.671,18986.932,1.101441891,1,1.738870432,2.334365962
s1-load80,shortest_estimate+topology_aware+easy_predicted,10,0.476084743,0.07085993762,0.2978860777,0.0545317442,0.05201560468,0.0007913787467,2000,1600,0,870.6275894,0,3777.247,17626.874,3728.511134,1610.549,13444.247,31452.019,1.399933211,1,3.099095719,6.519362693,1.399933211,2780.804964,352,3460.48796,17091.882,0.9208609393,0.4220761941,0.2377087061,0.9454682558,341.5702667,0,0,341.5701543,0.0001123232323,0,0,0,0,0.9992086213,1.08084985,0.9479843953,0.05201560468,769,281945.11,344,173,3798,626,833.4490958,0,4547.944,12726.137,3611.487452,1794.87,13164.465,22525.818,1.437247189,1,3.26140344,6.532300053,484,1213.657161,0,5647.603,25066.222,5043.887541,1497.815,20582.704,47927.657,1.374191143,1,2.99238208,5.981859647,343,690.4808367,0,2944.514,17057.866,2939.868691,1631.568,8913.748,27250.588,1.398240201,1,2.906359941,8.807701312,147,319.8640544,0,1819.729,4895.763,1736.123395,1281.357,4406.533,10185.758,1.329738066,1,2.915014446,5.974636736,831,873.4256931,0,3410.717,20341.812,3645.04674,1578.5,14397.018,29207.625,1.40664997,1,2.99238208,5.780190447,627,891.9845231,0,4701.064,13820.043,3845.970652,1615.372,13094.726,33000.496,1.400546656,1,3.213629834,7.189852544,142,759.9513803,0,3794.306,17057.866,3698.3125,1745.445,13025.342,27997.794,1.357917322,1,2.806667053,6.519362693
s1-load80,shortest_estimate+topology_aware+easy_predicted,11,0.1738547881,0.03949731972,0.0845633573,0.03366638579,0.01602959309,9.813216469e-05,2000,1600,0,278.1251731,0,1072.278,6734.724,3075.803786,1505.492,10987.488,24108.673,1.115893826,1,1.727435538,3.225673893,1.115893826,2192.953003,333,1285.933757,6734.724,0.7950997871,0.2830802911,0.122680049,0.9663336142,157.6113378,0,0,157.611242,9.575757579e-05,0,0,0,0,0.9999018678,1.02605553,0.9839704069,0.01602959309,811,257446.25,173,78,3045,640,362.9215687,0,1382.687,8680.067,3648.472933,1668.115,13244.856,30974.656,1.119586556,1,1.793633387,3.225673893,470,194.2817064,0,1062.307,5555.211,2339.598662,1447.039,7863.462,13118.289,1.107321499,1,1.703468964,3.076340393,327,229.8665688,0,766.917,3556.858,2769.249948,1348.432,10242.846,26307.827,1.128828719,1,1.753508887,3.741968918,163,283.7527791,0,1097.388,8783.891,3565.075313,1857.837,13419.286,25425.573,1.100163379,1,1.637899974,3.354824091,789,325.6757554,0,1441.159,7226.607,3214.10302,1555.529,11280.078,26817.081,1.137244087,1,1.850531028,3.573816321,653,244.7099969,0,882.045,5727.421,2765.275374,1441.013,9754.588,19717.84,1.101479489,1,1.727069695,3.110480084,158,178.7751772,0,711.485,5819.266,3668.569335,1901.144,14463.741,26474.038,1.068850829,1,1.411495972,2.35902833
s1-load80,shortest_estimate+topology_aware+easy_predicted,12,0.08077753691,0.02981724584,0.02852200834,0.01973709082,0.002430133657,0.0002710582592,2000,1600,0,79.94041437,0,361.664,2301.077,2585.086247,1377.734,9082.635,18503.24,1.078968199,1,1.304072541,2.841584294,1.078968199,2172.616964,349,339.3173954,2166.79,0.7242255695,0.1227945335,0.09449387067,0.9802629092,79.0195,0,0,79.01943329,6.670707072e-05,0,0,0,0,0.9997289417,1.047679894,0.9975698663,0.002430133657,823,232305.539,115,53,2721,597,70.076134,0,267.343,2007.449,1548.331864,924.673,5129.957,10235.011,1.076649931,1,1.281931893,3.821987478,519,73.2722948,0,463.884,2166.79,3778.506121,1762.39,14345.235,23590.014,1.100320808,1,1.49680295,3.263957888,324,94.73714198,0,384.281,2508.503,2882.549179,1958.57,8407.497,13100.539,1.050245226,1,1.250000331,2.27901392,160,108.41285,0,376.441,3152.575,1979.957888,1303.539,5250.176,12484.475,1.076519729,1,1.309269025,2.572795893,777,87.09086358,0,397.397,1869.044,2574.79599,1414.216,10005.906,20139.327,1.096733747,1,1.418602083,3.769531004,660,83.06836212,0,347.676,2557.242,2572.240711,1409.757,8757.637,16639.112,1.064052381,1,1.258022286,2.293657028,163,33.18983436,0,8.859,910.301,2686.151184,1184.832,8716.286,28479.054,1.054677453,1,1.076215695,1.866276396
s1-load80,shortest_estimate+topology_aware+easy_predicted,13,0.1159389803,0.03396957735,0.04402802706,0.03018769044,0.007380073801,0.0003736116744,2000,1600,0,92.01099625,0,558.283,1968.543,2197.916503,1377.587,6844.333,12676.055,1.089424316,1,1.48567689,2.429795236,1.089424316,2161.083864,351,365.7279174,1964.308,0.8143972253,0.2078761181,0.1177933807,0.9698123096,114.4503156,0,0,114.4502762,3.931313133e-05,0,0,0,0,0.9996263883,1.046495711,0.9926199262,0.007380073801,813,184122.363,197,84,2826,628,77.7718535,0,568.447,1151.113,2199.883046,1531.991,6402.698,11442.284,1.063767233,1,1.408695218,2.090969022,479,99.98844885,0,574.827,2550.388,2041.369852,1120.678,6568.361,13717.918,1.113227848,1,1.7225584,3.418202377,328,83.82279268,0,452.035,2036.024,1922.443372,1166.047,5621.888,11376.26,1.109880978,1,1.367027558,2.232282114,165,139.3244061,0,939.513,3163.392,3192.498582,1974.263,10784.277,17191.957,1.077308991,1,1.44150276,2.536667927,787,79.8522249,0,481.651,1879.543,2181.630173,1393.091,6516.54,12617.202,1.098716793,1,1.474264058,2.429795236,643,102.1261384,0,602.889,2476.9,2167.379552,1391.214,6910.925,11413.256,1.075910997,1,1.571238697,2.308174874,170,110.0399176,0,574.827,3906.452,2388.814153,1268.849,8230.907,17633.232,1.097517755,1,1.432854862,3.418202377
s1-load80,shortest_estimate+topology_aware+easy_predicted,14,0.1531647685,0.04296048206,0.05289154967,0.04445705614,0.01132075472,0.001534925943,2000,1600,0,133.5944781,0,670.674,2645.918,2124.141331,1085.655,7672.085,15461.498,1.154517134,1,1.878898719,4.151049516,1.154517134,2263.5344,378,511.0330608,2444.767,0.8015001401,0.1632040188,0.1298042956,0.9555429439,170.5237244,0,0,170.5236455,7.898989903e-05,0,0,0,0,0.9984650741,1.099128354,0.9886792453,0.01132075472,795,178937.446,194,91,2897,594,130.7392778,0,602.84,2675.96,1537.752111,691.311,5286.434,11926.055,1.218274316,1,2.298220637,5.553250214,514,131.3912471,0,780.037,2645.918,2491.629237,1476.025,7857.101,14110.163,1.113974257,1,1.677105614,2.60921387,336,98.07562798,0,588.983,1635.442,1715.314167,928.567,5764.76,10886.357,1.125235832,1,1.742635746,3.615863095,156,228.2277051,0,826.692,8808.003,4026.656333,1589.401,17900.658,31756.379,1.108400408,1,1.66553383,4.151049516,805,135.1922621,0,667.495,2675.96,2138.339672,1090.065,7379.112,15010.323,1.141792664,1,1.851402262,3.470571876,635,117.4108756,0,664.172,2004.062,2022.950197,1088.14,7672.085,15461.498,1.163393638,1,1.909297692,4.793522539,160,189.7843,0,778.447,4719.401,2454.308244,1017.823,9693.305,25809.39,1.183308498,1,1.992433818,3.615863095
s1-load80,shortest_estimate+topology_aware+easy_predicted,15,0.3127350707,0.05216427862,0.186609678,0.0497655255,0.0236318408,0.0005637477903,2000,1600,0,511.2596681,0,2366.243,9242.204,3602.269551,1736.809,12986.219,28238.808,1.198442715,1,2.281431483,4.024755115,1.198442715,2361.408616,357,2109.931297,8872.929,0.8617959666,0.3916597791,0.1989693039,0.9502344745,292.1865733,0,0,292.1864905,8.286868696e-05,0,0,0,0,0.9994362522,1.062434508,0.9763681592,0.0236318408,804,275117.049,270,140,3543,654,532.8565826,0,2564.791,8872.929,3116.035326,1568.192,10718.13,22629.084,1.1848324,1,2.267409267,4.013276706,498,747.55349,0,2795.48,21075.315,4955.936189,2564.24,16300.602,46491.716,1.221391513,1,2.412339781,5.241420032,299,194.4073445,0,1265.794,4497.737,2168.090291,984.775,8218.821,18554.695,1.214321824,1,2.280189386,5.074977506,149,262.5357718,0,2480.391,5345.288,4090.127248,2098.226,15393.483,28341.376,1.149615815,1,1.774091999,2.918260689,796,637.2574636,0,2492.519,17625.99,3984.187055,1805.477,14958.08,37512.592,1.190619008,1,2.340929526,4.311965505,652,401.1913896,0,2422.757,6552.465,3392.766206,1793.851,11799.351,22224.255,1.211269759,1,2.362474926,4.024755115,152,323.5640921,0,1593.217,6085.683,2500.886974,1330.15,8571.815,25074.942,1.18439297,1,2.107630673,2.683908969
s1-load80,shortest_estimate+topology_aware+easy_predicted,16,0.2607935421,0.05532884858,0.1296993345,0.05327135225,0.01990049751,0.002593509237,2000,1600,0,499.3850369,0,1644.61,12269.375,2156.117609,873.263,7699.392,18896.808,1.262730751,1,2.419835573,4.910269347,1.262730751,2499.907302,364,2062.518294,11744.324,0.8823297335,0.4289744381,0.1927199632,0.9467286478,191.94874,0,0,191.9486493,9.074747478e-05,0,0,0,0,0.9974064908,1.147445857,0.9800995025,0.01990049751,804,149482.64,318,161,3680,625,482.788064,0,1086.647,11375.42,1907.671531,688.122,6837.945,20254.333,1.223135884,1,2.259315238,4.910269347,493,616.1849878,0,2853.997,15869.353,2603.69484,996.043,10257.388,24262.951,1.351417726,1,2.867927784,6.459638067,322,401.9800839,0,1148.914,9348.158,1828.261612,867.428,6122.269,12941.544,1.246020099,1,2.312359505,5.608516667,160,400.3545812,0,1865.988,6281.4,2407.322956,1337.971,6278.724,18847.255,1.17776165,1,2.350576569,3.361041584,796,522.205456,0,1812.801,15218.56,2230.819119,869.524,8736.371,23454.857,1.258931208,1,2.419835573,4.910269347,633,492.5295687,0,2021.184,5873.135,2105.383332,925.939,7269.91,14804.783,1.290282595,1,2.607518142,5.255266126,171,418.5339123,0,942.659,11375.42,1996.190099,818.795,6531.098,22799.444,1.178427357,1,1.803325239,4.861383457
s1-load80,shortest_estimate+topology_aware+easy_predicted,17,0.2224974697,0.04585658703,0.1087368445,0.04302567952,0.02442159383,0.0004567647707,2000,1600,0,398.1790956,0,1378.802,9592.869,3193.597894,1651.184,11602.581,25218.571,1.172218624,1,2.005561355,4.447969387,1.172218624,2307.479683,372,1580.544333,9125.651,0.8467070238,0.2330027636,0.1316658708,0.9569743205,238.6094222,0,0,238.6093339,8.832323235e-05,0,0,0,0,0.9995432352,1.061653386,0.9755784062,0.02442159383,778,249178.928,255,117,3286,628,453.3797245,0,1338.408,9152.17,3449.577715,1986.226,12428.059,22840.972,1.163698335,1,1.972333936,3.892907801,486,469.2987202,0,1717.459,13350.185,3741.681257,2121.348,12457.653,33715.767,1.174135498,1,1.873072332,5.272468494,340,255.6721735,0,1355.736,4966.602,2125.89355,932.623,6465.064,21302.621,1.202286349,1,2.490901762,4.447969387,146,255.8655411,0,921.828,8640.47,2754.526897,1828.883,10187.403,18575.283,1.132465986,1,1.762808927,3.758170974,822,312.8242275,0,1254.184,9104.754,3072.027678,1653.95,10659.66,19778.328,1.165318122,1,1.887554829,4.447969387,617,515.8983501,0,1612.234,14956.943,3376.395737,1719.953,12310.397,28407.114,1.166813499,1,2.112026234,3.720147831,161,382.8307826,0,834.26,7954.638,3113.749745,1511.3,11209.629,26300.076,1.22816381,1,2.037698003,5.895927009
s1-load80,shortest_estimate+topology_aware+easy_predicted,18,0.09693471281,0.03109891059,0.04085267606,0.01811332641,0.005044136192,0.001825663554,2000,1600,0,111.95237,0,518.019,2298.26,4078.961989,1611.177,16690.733,34132.782,1.107402936,1,1.360126807,3.575781754,1.107402936,2193.330356,356,474.7566657,2274.034,0.7151872415,0.1406410394,0.107468402,0.9818866736,118.1464778,0,0,118.1464297,4.804040406e-05,0,0,0,0,0.9981743364,1.113263547,0.9949558638,0.005044136192,793,390125.266,110,55,2618,654,121.4751315,0,531.297,2298.26,6529.42631,2932.631,22840.127,46925.048,1.067239921,1,1.250000364,2.608493151,489,124.4692638,0,620.499,2701.813,2694.812061,1140.463,10667.916,17890.939,1.165862344,1,1.871775383,4.917666279,318,95.9040566,0,556.732,2234.736,1504.893783,1013.313,5039.868,7577.023,1.126401623,1,1.673738997,3.722725542,139,59.82802878,0,78.576,2147.753,3307.734209,1537.957,15008.808,17876.58,1.04724739,1,1.100000497,2.142999996,807,109.9926084,0,685.005,2298.26,3695.07181,1556.01,16230.783,26148.571,1.136761789,1,1.511623205,4.211995076,633,127.6962022,0,506.312,2701.813,4645.925543,1673.95,19657.349,38563.639,1.090179588,1,1.312812785,2.920481395,160,59.55038125,0,185.241,1494.669,3772.158519,1693.027,12140.43,46925.048,1.027464093,1,1.123214493,1.678157631
s1-load80,shortest_estimate+topology_aware+easy_predicted,19,0.06844304078,0.02858089264,0.01831607503,0.0142886249,0.004813477738,0.002443970474,2000,1600,0,52.33517063,0,232.251,1253.441,2631.314204,1103.321,9102.389,24248.916,1.1068474,1,1.25,3.221136094,1.1068474,2196.958833,338,218.4497811,1253.441,0.7206865995,0.1322095089,0.08029379638,0.9857113751,66.13260444,0,0,66.13257366,3.07878788e-05,0,0,0,0,0.9975560295,1.123417734,0.9951865223,0.004813477738,831,268118.137,104,52,2584,656,66.48343598,0,328.767,1535.425,3794.89046,1635.749,13386.771,42543.581,1.059439171,1,1.25,2.950596121,468,45.93204701,0,232.251,1369.298,1677.069639,672.762,6975.626,15676.654,1.140735038,1,1.331680341,4.028489639,316,43.8721519,0,230.773,1114.388,2120.794516,1027.151,7236.443,17476.555,1.182532941,1,1.207221402,4.550264337,160,29.77088125,0,30.164,964.66,1660.093287,805.987,5193.401,13615.689,1.052620859,1,1.009192249,2.242378569,769,59.17345774,0,295.901,1369.298,2573.479965,1207.533,8217.18,22485.277,1.112690787,1,1.250077898,3.756823519,662,41.93272508,0,203.617,1114.388,2688.586651,1051.718,10028.385,28158.885,1.110555557,1,1.211849801,2.43755,169,61.96698225,0,334.496,1535.425,2670.131775,1075.014,10019.401,27094.338,1.065732818,1,1.250000527,2.569506236
s1-load80,shortest_estimate+topology_aware+easy_predicted,20,0.1815175931,0.03996289671,0.08228081746,0.03426381085,0.02117061021,0.003839457899,2000,1600,0,269.5980019,0,1043.335,5831.461,3365.709013,1575.752,12716.498,27147.759,1.170220991,1,1.747797786,3.635455568,1.170220991,2276.444949,353,1113.894181,5587.429,0.7998522668,0.2267000784,0.1107362729,0.9657361892,186.7334333,0,0,186.7333493,8.408080812e-05,0,0,0,0,0.9961605421,1.16125251,0.9788293898,0.02117061021,803,268593.303,200,98,2929,645,395.0614124,0,1570.602,12589.118,5528.321105,2974.243,20280.661,42774.535,1.149040827,1,1.781384578,3.429649975,467,163.9030321,0,850.93,3922.554,1477.069747,923.149,4471.209,9596.276,1.274387858,1,1.998313512,7.80005434,310,205.5481839,0,589.323,4133.235,2630.647748,1622.722,8059.407,13104.733,1.097425277,1,1.426347982,3.499466319,178,203.8176348,0,773.521,7958.402,1764.465921,726.626,6806.025,15915.578,1.100456667,1,1.695486792,3.423983779,797,285.8834203,0,1073.205,5831.461,3333.556045,1513.45,12204.622,35733.648,1.137172596,1,1.662977663,3.699043981,621,264.8728309,0,1057.738,8385.895,3569.753275,1625.29,14089.094,33863.018,1.146570283,1,1.829663233,3.423983779,182,214.4048846,0,897.349,3922.554,2810.293786,1622.883,8260.604,26503.318,1.395642204,1,1.936279534,12.46359353
s1-load80,shortest_estimate+topology_aware+none,1,0.2299996367,0.04525883947,0.1306063411,0.02566693301,0.02709359606,0.001373927102,2000,1600,0,262.570885,0,1656.111,4231.944,3449.408836,1427.784,10682.208,46679.924,1.18623519,1,1.979418559,3.884854546,1.18623519,2314.486992,370,371.9475243,1994.272,0.7273928561,0.1809534797,0.1307302777,0.974333067,147.61962,0,0,147.6195484,7.155555559e-05,0,0,0,0,0.9986260729,1.093506594,0.9729064039,0.02709359606,812,331001.651,0,0,2572,647,317.5130556,0,1873.585,5157.592,2621.980722,1661.788,8283.289,15802.787,1.237934386,1,2.052157033,5.643494041,468,151.8075491,0,1088.93,2367.612,1752.021173,960.132,6523.051,9325.932,1.13207766,1,1.813567654,3.894643265,333,304.9000541,0,2029.384,5087.973,7559.08752,1454.728,46326.346,86400,1.149258401,1,1.891337724,3.004731619,152,277.0053816,0,1874.43,3640.964,3194.148408,2015.778,10750.48,17251.146,1.213930029,1,2.185586915,5.103160532,788,250.0051675,0,1686.565,4430.6,3428.113792,1520.013,10575.752,54203.464,1.193834825,1,1.962269107,3.884854546,648,270.7114182,0,1686.928,4128.774,3379.691989,1327.869,11606.402,45347.927,1.155806565,1,1.939955137,3.537530005,164,290.7825915,0,1575.854,4715.278,3827.195494,1483.343,10447.68,67156.945,1.269950052,1,2.379910025,4.518851215
s1-load80,shortest_estimate+topology_aware+none,2,0.3165972035,0.05020892895,0.1890848019,0.05273328231,0.0243902439,0.0001799463736,2000,1600,0,443.4302713,0,2397.628,6033.751,3692.454595,1768.206,13506.89,28756.127,1.219400183,1,2.195913262,4.182613068,1.219400183,2501.116619,332,780.6314488,3243.665,0.760438116,0.2432074519,0.1102654641,0.9472667177,325.4109178,0,0,325.4108381,7.963636367e-05,0,0,0,0,0.9998200536,1.032301563,0.9756097561,0.0243902439,779,287057.217,0,0,2918,636,590.2646588,0,3477.227,8575.28,5197.014347,2289.85,18734.611,36786.739,1.199080229,1,2.156365342,3.503220001,502,361.8238625,0,1968.867,6018.074,2874.058191,1673.176,9048.92,16629.864,1.236026135,1,2.177934157,5.821278422,311,282.0559968,0,1704.716,4872.924,2048.542373,1248.34,6716.652,10298.82,1.237812395,1,2.510239603,4.802942395,151,428.6431589,0,2252.997,6756.451,3461.936007,1858.839,11288.651,24615.108,1.211791344,1,2.308994898,3.989036299,821,463.1351157,0,2327.906,5837.878,3834.366437,1862.796,14078.408,32412.392,1.232783365,1,2.269123711,4.802942395,635,434.1228283,0,2570.401,6018.074,3577.81589,1762.128,12491.617,25871.625,1.221640676,1,2.20198081,4.136758688,144,372.1285278,0,1874.282,8575.28,3388.88484,1594.564,13775.162,28654.241,1.133217502,1,1.834669513,3.180490082
s1-load80,shortest_estimate+topology_aware+none,3,0.4978791002,0.07432674048,0.3188892612,0.04185829063,0.06080206986,0.002002737991,2000,1600,0,1038.504144,20.301,4043.571,17271.648,3659.581631,1652.059,12947.009,32862.417,1.500300667,1.016312043,3.25071812,6.434562276,1.500300667,2913.854854,377,1388.895164,5287.709,0.8360439219,0.5300943538,0.2035465916,0.9581417094,196.4301267,0,0,196.430042,8.468686869e-05,0,0,0,0,0.997997262,1.127589744,0.9391979301,0.06080206986,773,209894.907,0,0,3458,639,1488.660717,107.564,6298.39,22513.661,5277.396527,2386.023,21384.467,50002.21,1.483373693,1.048510044,3.096241119,5.940303245,481,598.0781143,0,3162.801,6361.015,2240.420647,1203.079,7302.486,11868.854,1.520994614,1,3.469097932,6.434562276,318,972.8919591,13.15,4741.061,17271.648,3203.947796,1647.5,12907.739,25758.729,1.440085351,1.018574724,3.106151733,6.102117871,162,699.365537,55.153,3375.638,4158.156,2386.274685,1336.997,7647.899,13752.942,1.623825472,1.027154344,3.887612504,7.080204335,827,1045.638554,20.301,4169.536,17490.955,3732.407607,1621.009,13040.863,32097.327,1.490813967,1.01957256,3.153156612,6.102117871,629,1007.199712,0,4043.571,11854.203,3448.149779,1681.425,12682.618,31692.499,1.537619636,1.010599997,3.591771217,7.190893267,144,1134.270333,30.654,3467.091,17370.892,4164.884083,1763.049,16134.926,48565.907,1.391771982,1.016499464,2.994031658,4.095587552
s1-load80,shortest_estimate+topology_aware+none,4,0.2881766761,0.04481365062,0.1763401808,0.03292620171,0.03178807947,0.002308563404,2000,1600,0,406.5133731,0,2236.024,5310.165,3002.340359,1658.557,10064.913,17461.992,1.224431747,1,1.959947997,3.832270534,1.224431747,2420.992112,354,708.7727034,3688.096,0.8055927514,0.3939626679,0.1788118333,0.9670737983,156.4545444,0,0,156.4544563,8.812121214e-05,0,0,0,0,0.9976914366,1.128407021,0.9682119205,0.03178807947,755,223893.334,0,0,3086,615,349.5300569,0,2176.954,5543.928,2319.139434,1019.694,8941.653,17217.098,1.292550542,1,2.576336063,5.518533333,495,516.3124747,0,2693.08,8043.559,4153.337079,2533.068,13627.01,29377.408,1.145464817,1,1.776718019,2.54593155,334,362.549003,0,2061.589,4207.744,2694.006713,1674.487,9263.258,15146.767,1.194436022,1,1.94399769,3.553169301,156,376.8869872,0,2420.982,4596.25,2703.677737,1830.415,8874.645,14795.156,1.270676255,1,2.06368793,4.700101273,845,395.5156817,0,2231.509,4915.677,3111.031269,1703.645,10650.635,17461.606,1.221354112,1,1.959071063,3.707039824,608,397.3579589,0,2075.816,4774.627,2871.119414,1623.972,9268.227,17461.992,1.232864026,1,1.948499642,4.524700905,147,507.5986871,0,2590.22,6276.664,2920.289449,1465.75,11202.311,19778.993,1.20724655,1,2.032430117,3.710572474
s1-load80,shortest_estimate+topology_aware+none,5,0.1811454174,0.0376601503,0.1020444279,0.027795767,0.01326259947,0.0003824727393,2000,1600,0,182.4335419,0,1293.941,3402.395,2359.416419,1546.543,7017.101,12459.006,1.122649172,1,1.647085991,3.337306011,1.122649172,2231.776184,334,307.5636467,1861.735,0.7306498379,0.2011394119,0.1022553423,0.972204233,103.1,0,0,103.0999507,4.925252528e-05,0,0,0,0,0.9996175273,1.045738781,0.9867374005,0.01326259947,754,214763.034,0,0,2612,639,175.5072801,0,1258.043,3116.052,2307.27777,1451.512,6981.326,14738.915,1.146376616,1,1.856554908,4.070747083,486,173.46007,0,1106.556,3830.357,1978.852259,1328.767,6176.321,10126.524,1.096236112,1,1.686534634,3.154824351,322,181.9437329,0,1305.569,3175.216,2938.421845,2269.899,7786.477,11427.432,1.106018604,1,1.403024432,2.915060575,153,240.8956797,0,1842.591,4631.061,2567.462379,1629.697,7575.027,14317.204,1.142452791,1,1.719390637,4.518840469,846,186.674435,0,1382.245,3402.395,2401.782169,1527.655,7436.98,12662.84,1.126541705,1,1.647085991,3.747420922,602,175.7475332,0,1106.556,3312.569,2272.766538,1550.676,6651.434,10223.758,1.121147218,1,1.72889815,2.880424611,152,185.3097368,0,1159.511,3926.045,2466.796711,1629.697,6880.407,14738.915,1.106932687,1,1.370865086,3.613499538
s1-load80,shortest_estimate+topology_aware+none,6,0.4983482466,0.06736542507,0.3280154774,0.03881492779,0.06188118812,0.002271228262,2000,1600,0,906.7731094,51.27,4159.293,14133.988,2830.50988,1389.872,10536.161,24974.174,1.429453842,1.039153689,2.94626142,4.580818243,1.429453842,2842.464384,388,1280.97226,5989.268,0.8490618221,0.5586704553,0.2017163972,0.9611850722,137.3053067,0,0,137.3052057,0.000100929293,0,0,0,0,0.9977287717,1.134735704,0.9381188119,0.06188118812,808,182529.803,0,0,3653,647,1021.73209,65.051,4990.39,14343.152,3082.680192,1542.369,12087.414,23778.035,1.437905418,1.06228672,2.793126988,4.580818243,472,776.1763199,5.064,3451.606,13584.097,2569.871394,1322.119,10470.492,21265.777,1.412169482,1.023509863,3.027008229,5.579883333,318,432.3489119,36.494,1760.502,3638.197,1689.027591,1207.851,4761.949,6824.056,1.372384904,1.034645369,2.672425986,4.24045,163,1754.197153,152.32,10051.564,29345.236,4811.237129,1577.864,20041.419,42910.705,1.55729415,1.108795976,3.209065754,6.830901414,792,998.4400694,64.35,5550.692,17561.209,3001.325076,1374.285,12505.472,27474.854,1.441589211,1.063514767,2.913987195,5.710366667,644,813.2788991,34.573,3579.979,13584.097,2627.342994,1401.548,9576.774,23778.035,1.425773777,1.024117289,3.023058473,4.460284483,164,831.2245671,29.754,4141.204,14158.718,2803.399146,1476.333,9901.471,20041.419,1.385299873,1.033209624,3.057139744,4.056019372
s1-load80,shortest_estimate+topology_aware+none,7,0.3947812797,0.05293639387,0.2719732609,0.03340235416,0.03598014888,0.0004891218604,2000,1600,0,528.7412494,0,3448.668,7849.081,4338.078434,1559.132,16551.455,44709.491,1.250265236,1,2.315200339,4.502775015,1.250265236,2405.8186,369,860.8094607,4565.468,0.7692307901,0.2984274525,0.1247983591,0.9665976458,231.6333644,0,0,231.633271,9.341414149e-05,0,0,0,0,0.9995108781,1.06032766,0.9640198511,0.03598014888,806,387786.479,0,0,2740,632,560.1551456,0,3187.886,10071.225,3880.613019,1487.283,14881.654,32722.759,1.239663988,1,2.346516522,4.452096737,504,590.7139762,0,3744.676,7820.235,6249.496067,2007.637,32053.458,69278.669,1.262619857,1,2.40181686,4.393996473,308,411.1657403,0,2616.192,6421.64,2903.891802,1198.499,12967.842,26056.606,1.275687294,1,2.255709439,4.395543046,156,433.3913782,0,3563.865,8269.052,2847.649833,1535.262,12532.562,19625.113,1.203106683,1,2.008000713,5.858959105,794,521.3368665,0,3481.874,7820.235,4487.326971,1643.753,16871.91,51942.472,1.24303775,1,2.2128489,4.824578513,644,551.318837,0,3541.602,8828.161,4260.060981,1515.884,17648.994,44709.491,1.26029587,1,2.346516522,4.800155376,162,475.2789877,0,2906.731,7102.4,3916.719802,1507.748,13290.005,31007.545,1.245813968,1,2.699753719,4.452096737
s1-load80,shortest_estimate+topology_aware+none,8,0.1293537365,0.03802022515,0.05227065908,0.02729618434,0.01125,0.0005166679648,2000,1600,0,118.2395656,0,662.801,2374.276,1641.12305,784.69,6007.862,12122.439,1.105943679,1,1.662834049,2.553163363,1.105943679,2187.810687,390,184.5979462,979.815,0.7411130409,0.1964869845,0.1023115115,0.9727038157,72.31694667,0,0,72.31687657,7.010101012e-05,0,0,0,0,0.999483332,1.063190028,0.98875,0.01125,800,143420.605,0,0,2633,674,126.7087537,0,724.826,2336.737,1325.60331,698.694,5090.719,10071.47,1.131052797,1,1.813351054,2.674509072,490,78.57698367,0,487.262,1519.075,1449.924412,711.394,4308.856,12710.929,1.08379706,1,1.528932612,2.552233819,303,164.9833828,0,856.493,3313.831,2386.443426,1173.421,8653.378,13651.835,1.104390865,1,1.632225397,2.231109611,133,114.9542707,0,659.109,2661.208,2246.503226,1083.121,9994.052,14700.107,1.063829388,1,1.364713862,1.855432951,800,115.7816338,0,664.973,1924.855,1662.9085,749.539,5800.518,12823.07,1.106763068,1,1.705002921,2.553163363,629,113.777097,0,628.579,2398.446,1633.468386,841.067,5984.095,11652.204,1.100342338,1,1.614619568,2.369011181,171,146.1532398,0,1009.353,2551.942,1567.359444,800.639,6168.105,9075.765,1.12271404,1,1.738091284,3.310169925
s1-load80,shortest_estimate+topology_aware+none,9,0.2469393634,0.04749281897,0.1454272745,0.0281087087,0.02518891688,0.0007216443513,2000,1600,0,352.988795,0,1844.043,5061.44,2769.435065,1342.177,9239.063,17808.118,1.183023255,1,2.077122799,3.780791832,1.183023255,2467.557298,346,683.1127746,2720.456,0.7704756098,0.2348880693,0.126540716,0.9718912913,126.4095956,0,0,126.409519,7.652525254e-05,0,0,0,0,0.9992783556,1.075550142,0.9748110831,0.02518891688,794,223541.712,0,0,3032,645,345.1729163,0,1902.114,5061.44,2747.578606,1431.312,8378.698,17808.118,1.217188281,1,2.189551537,4.365122957,474,273.8613734,0,1709.425,3858.721,2651.1058,1224.808,10406.415,14997.381,1.156010921,1,1.925469368,2.981828446,330,549.0215636,0,2453.379,9476.625,3292.841133,1553.101,11783.964,21892.603,1.178534997,1,2.054163549,3.989765225,151,206.3452583,0,1164.954,3017.275,2090.372053,873.09,10407.067,14957.076,1.131689015,1,2.024259032,2.909788594,806,337.8662854,0,1844.808,4180.505,2821.812932,1356.468,10314.319,17315.306,1.191332784,1,2.081733977,3.978104167,627,389.895496,0,1752.786,5474.42,2815.624568,1384.559,9028.432,17808.118,1.192860376,1,2.0960787,4.104736871,167,287.4094012,0,1897.487,6475.637,2343.223216,1115.233,8321,19195.928,1.105985202,1,1.870156238,2.278569418
s1-load80,shortest_estimate+topology_aware+none,10,1.596033867,0.1603962533,1.217786776,0.04869207774,0.1612483745,0.007910384713,2000,1600,0,2822.440448,133.524,15441.747,29001.674,5671.516956,1984.569,23685.602,42415.025,2.311876525,1.099112181,7.015012412,16.9592125,2.311876525,4249.134517,352,4365.129168,21794.886,0.8746981402,0.6410657576,0.2077842486,0.9513079223,303.1201556,0,0,303.1200616,9.393939395e-05,0,0,0,0,0.9920896153,1.272894322,0.8387516255,0.1612483745,769,283497.147,0,0,3896,626,2915.663668,152.863,16721.824,27058.586,5688.215045,2162.674,24348.666,36220.673,2.335943537,1.11537859,6.895075575,17.17615283,484,3603.507285,243.625,19820.638,35967.442,7415.798281,2392.245,32476.422,59728.282,2.497278344,1.116399021,7.872406614,17.8341561,343,2298.105152,188.177,10641.219,31548.703,4542.379364,1938.051,14773.602,42165.357,2.156330239,1.11334549,6.482090822,11.5612281,147,1077.222231,0,7920.748,12651.282,2491.986537,1335.112,9420.076,22049.021,1.961889767,1,5.127119529,17.49764311,831,2801.892193,111.291,15204.85,28401.284,5560.694066,2026.028,24348.666,40285.182,2.252651698,1.100000185,7.856373179,16.04492404,627,2928.331129,178.759,16539.492,35413.44,5881.059976,1938.051,24656.253,52129.248,2.394301996,1.112451634,6.62078287,15.52480113,142,2475.131599,41.081,14089.487,25469.167,5394.829261,1975.521,21762.956,33789.416,2.294517798,1.025275612,6.110648056,18.63634493
s1-load80,shortest_estimate+topology_aware+none,11,0.5605927098,0.06102070428,0.4075680986,0.03327264161,0.05795314427,0.0007781209911,2000,1600,0,937.8376844,0,5168.034,10981.414,3734.88912,1715.161,13516.94,33391.138,1.316901377,1,2.668771802,4.420552437,1.316901377,2521.472949,333,1440.589303,6377.204,0.7979135484,0.4219072139,0.1495502357,0.9667273584,155.7045556,0,0,155.7044704,8.517171719e-05,0,0,0,0,0.999221879,1.076700222,0.9420468557,0.05795314427,811,257446.25,0,0,3059,640,1160.715623,0,5525.555,28552.756,4448.766042,1877.397,15297.228,46008.492,1.321500525,1,2.84476417,4.521480411,470,739.9295532,0,3925.909,8885.35,2878.07106,1604.258,9316.845,17801.209,1.277196721,1,2.60647479,3.330051227,327,707.8314557,0,3709.404,8881.818,3249.5683,1482.243,13800.573,26307.827,1.375157993,1,2.657637621,7.351501745,163,1094.813006,0,6719.446,10297.259,4376.13554,1986.835,16512.051,39517.46,1.29645856,1,2.363089674,4.220936702,789,887.6661331,0,5391.893,10087.21,3774.694957,1780.963,13516.94,33524.481,1.308590825,1,2.657960132,4.521480411,653,1007.619599,0,4524.803,23636.55,3528.337942,1604.258,13013.146,39517.46,1.330929595,1,2.716655109,4.220936702,158,899.9754304,0,5446.735,8885.35,4389.769589,2272.87,17236.753,33097.672,1.300424159,1,2.435717603,5.632044297
s1-load80,shortest_estimate+topology_aware+none,12,0.223102276,0.04775714693,0.1364073661,0.02446175475,0.01336573512,0.00111027312,2000,1600,0,260.91064,0,1729.669,3380.619,2768.324791,1461.035,9883.917,19160.372,1.205104294,1,2.088683318,4.549682369,1.205104294,2426.975445,349,418.8127822,2208.669,0.7321067482,0.250227969,0.120687062,0.9755382453,98.40949778,0,0,98.40941863,7.915151516e-05,0,0,0,0,0.9988897269,1.095206248,0.9866342649,0.01336573512,823,232305.539,0,0,2793,597,214.5220218,0,1644.123,3380.619,1693.586183,959.304,6038.631,10235.011,1.215573408,1,2.265597982,5.606755085,519,301.322499,0,2069.086,4128.029,4009.958825,1853.659,15433.177,25615.356,1.240959907,1,2.147744283,5.423555884,324,269.4376204,0,1596.324,3205.537,3057.960444,2055.594,8911.209,13421.026,1.133083297,1,1.788774779,2.330837038,160,285.6450687,0,1705.099,3198.156,2164.380631,1410.621,6286.869,12484.475,1.195577284,1,2.14594686,3.240309493,777,290.4341596,0,1873.49,3735.228,2780.508091,1508.927,10816.516,20139.327,1.231794977,1,2.211657348,4.212107379,660,240.2695712,0,1685.288,3271.751,2729.822142,1474.055,9170.064,17716.722,1.177758763,1,1.925535456,4.975822015,163,203.7531595,0,1155.558,3332.296,2866.148865,1277.961,9134.131,28509.755,1.18859748,1,1.938260889,6.602982283
s1-load80,shortest_estimate+topology_aware+none,13,0.1683275448,0.03853221933,0.08634093557,0.03316124226,0.009840098401,0.0004530492835,2000,1600,0,187.6079144,0,1094.818,2770.325,2292.922186,1403.56,7380.381,13136.622,1.134576345,1,1.685226377,2.603503593,1.134576345,2249.69567,351,355.8536553,1574.388,0.8159714863,0.228375708,0.1241013882,0.9668387577,126.1105844,0,0,126.1105368,4.763636366e-05,0,0,0,0,0.9995469507,1.059355846,0.9901599016,0.009840098401,813,184122.363,0,0,2843,628,192.2759395,0,1023.563,2593.555,2312.293311,1560.762,6910.925,11452.658,1.112254375,1,1.608451308,2.366485213,479,179.0862714,0,1137.769,3116.755,2121.313914,1138.986,6930.166,13717.918,1.129930259,1,1.752921393,3.303654158,328,160.2684055,0,912.107,2337.521,1994.134451,1214.737,5891.249,10303.475,1.178273174,1,1.666525144,2.63377589,165,248.9273455,0,1361.402,2953.078,3311.332321,2002.438,11136.956,17191.957,1.146158845,1,1.739374796,2.603503593,787,177.1582999,0,1017.866,2770.325,2279.008671,1403.57,7236.512,12617.202,1.149241549,1,1.685226377,3.030939617,643,206.9908305,0,1154.398,2593.555,2270.628894,1431.054,7563.342,12371.061,1.123710156,1,1.717111521,2.386617587,170,162.6704529,0,847.594,3025.119,2441.654671,1320.233,8501.891,17191.957,1.107784842,1,1.589269171,2.678905027
s1-load80,shortest_estimate+topology_aware+none,14,0.2753904427,0.0565172659,0.1431368484,0.03973968895,0.03396226415,0.002034375324,2000,1600,0,374.1995081,0,1815,6567.5,2361.433941,1165.318,8525.505,17272.295,1.279922109,1,2.471811614,4.871885139,1.279922109,2476.461947,378,586.8430794,2803.686,0.7963595935,0.3309677825,0.1656562175,0.9602603111,151.6805178,0,0,151.680442,7.579797983e-05,0,0,0,0,0.9979656247,1.134502119,0.9660377358,0.03396226415,795,178937.446,0,0,2913,594,280.4795354,0,1407.286,3938.838,1685.211939,747.238,6359.757,12712.071,1.359592551,1,2.727229225,6.7065475,514,369.7448307,0,1984.277,6339.591,2722.637747,1628.41,8550.694,14814.901,1.198404594,1,2.064143488,3.111306567,336,332.4350714,0,1500.767,3917.162,1945.163372,979.319,6254.309,11693.25,1.272647557,1,2.562885598,4.68037476,156,835.6880897,0,8571.655,10144.197,4642.741782,1878.332,19713.762,31756.379,1.260819613,1,2.392452588,3.875171398,805,350.4952795,0,1806.437,4160.622,2353.075553,1175.773,8046.818,17272.295,1.270210878,1,2.311096842,4.902226934,635,402.2152,0,1914.222,7899.42,2300.117494,1167.304,9130.702,16710.983,1.279186987,1,2.553118571,4.419314094,160,382.2741312,0,1746.406,5359.329,2646.836725,1063.426,10631.384,27555.796,1.33169926,1,2.329055431,8.406184058
s1-load80,shortest_estimate+topology_aware+none,15,0.9550610588,0.08809360769,0.7129251312,0.05783628989,0.09328358209,0.002922447937,2000,1600,0,1865.182179,133.34,9040.014,22695.998,4962.981383,2244.591,19023.781,38617.976,1.677014299,1.08844155,3.852819119,7.398609277,1.677014299,3189.256583,357,2824.023417,11752.041,0.8608850236,0.678311999,0.2518692869,0.9421637101,342.4810111,0,0,342.4809051,0.0001060606062,0,0,0,0,0.9970775521,1.158448327,0.9067164179,0.09328358209,804,285928.767,0,0,3799,654,1470.714717,11.788,6854.692,19586.398,4061.812037,2116.913,15613.023,33265.284,1.678308372,1.016126208,4.005849497,7.822584163,498,2432.052707,367.054,13270.081,24822.15,6646.108715,3229.322,26825.282,55396.293,1.630645065,1.166819861,3.265343973,5.432998862,299,1274.386763,51.932,5801.265,12324.668,3251.22496,1252.405,11278.567,27733.535,1.808959761,1.057628584,4.957995031,9.161229792,149,2887.517933,198.77,15311.424,31706.857,6727.964678,2549.729,26909.121,58193.182,1.561536859,1.163393935,3.188097342,5.898796693,796,2214.084628,221.533,11269.951,26362.555,5563.829544,2467.918,22939.973,50759.855,1.73363844,1.127844661,3.944091513,8.8234892,652,1605.59481,80.154,7493.626,19586.398,4606.283227,2187.027,17613.111,33265.284,1.626026889,1.057628584,3.546567351,7.272561932,152,1151.528336,0,6059.087,12324.668,3346.481783,1690.068,11474.909,34316.984,1.599191769,1,5.080271101,7.398609277
s1-load80,shortest_estimate+topology_aware+none,16,0.5597173988,0.07870999542,0.3600185108,0.050053179,0.06965174129,0.001283972303,2000,1600,0,1217.767262,0,4565.097,23056.893,2872.561985,1014.233,10366.219,34404.814,1.52050302,1,3.442422023,5.822472875,1.52050302,2934.440874,364,1854.101462,6854.111,0.856867917,0.5879267965,0.195897213,0.949946821,179.7419444,0,0,179.7418476,9.684848487e-05,0,0,0,0,0.9987160277,1.093234507,0.9303482587,0.06965174129,804,150693.626,0,0,3671,625,1109.563123,0,4035.565,23056.893,2534.961344,786.389,9018.043,36798.821,1.480875082,1,3.403489363,5.532904215,493,1611.890424,27.488,8319.863,27538.548,3590.666128,1179.696,15762.582,34774.4,1.598945255,1.025107471,3.564050046,6.942632696,322,783.6044969,0,3113.059,9079.539,2208.692391,925.142,7567.22,16104.359,1.462582131,1,2.993007256,5.822472875,160,1299.80025,45.294,4241.671,23285.933,3314.693656,1677.129,8777.25,41536.605,1.550165312,1.053505517,3.50909096,5.546953882,796,1335.376539,0,4821.08,25331.388,3039.888284,999.852,11427.415,39151.931,1.472113575,1.003127141,3.519897168,5.366424132,633,1121.720755,0,4413.242,19115.352,2734.760229,1059.237,9882.743,32682.446,1.573882091,1,3.360221707,6.666515468,171,1025.840094,0,4565.097,29459.631,2603.771211,932.077,9002.281,40186.664,1.548158266,1,3.403489363,9.586787745
s1-load80,shortest_estimate+topology_aware+none,17,0.4814245971,0.06066431325,0.3184473114,0.04308965095,0.05912596401,9.735749377e-05,2000,1600,0,1088.794546,0,4037.967,16908.177,3883.453234,1993.386,12885.388,35012.261,1.358954934,1,2.653184857,4.916690862,1.358954934,2616.262537,372,1704.250073,5065.285,0.8409640592,0.4280845842,0.1638109652,0.9569103491,238.9801667,0,0,238.9800817,8.496969701e-05,0,0,0,0,0.9999026425,1.026074974,0.940874036,0.05912596401,778,251517.92,0,0,3301,628,1203.703723,0,4010.03,18169.333,4198.834089,2266.187,13962.117,35012.261,1.36603006,1,2.639558873,4.506332512,486,1172.434642,0,5515.863,19355.42,4449.583796,2479.893,14929.975,36719.241,1.356788684,1,2.527902968,5.637191753,340,823.4666912,0,2795.301,16908.177,2688.693526,1028.066,8317.171,46291.503,1.360851693,1,2.94676667,5.567420207,146,933.9960616,0,3470.039,13429.954,3424.683849,2103.857,10938.263,23691.551,1.331316029,1,2.607371931,4.158798888,822,934.6425535,0,3959.491,13807.267,3692.129574,2027.909,13571.494,27652.537,1.348613614,1,2.653184857,4.465878155,617,1195.142947,0,4037.967,19355.42,4054.885885,1993.386,12678.381,41986.119,1.342199856,1,2.566613368,4.488805821,161,1468.272652,0,6564.031,24988.882,4203.292379,1745.901,14656.133,46291.503,1.475963928,1,3.027209864,7.231787147
s1-load80,shortest_estimate+topology_aware+none,18,0.307370693,0.05403640771,0.1904819437,0.02259997622,0.03909205549,0.001160309801,2000,1600,0,431.5253475,0,2415.344,8050.639,4401.308741,1796.033,17899.234,35142.193,1.232793088,1,2.363310009,5.176574101,1.232793088,2410.184902,356,612.7582921,2719.409,0.7193648533,0.2272954528,0.1211383379,0.9774000238,148.0878978,0,0,148.0878288,6.892929296e-05,0,0,0,0,0.9988396902,1.090284035,0.9609079445,0.03909205549,793,390268.722,0,0,2656,654,545.6768379,0,3180.798,10750.729,6961.791752,3200.576,24682.104,48792.752,1.194638708,1,2.163268548,4.050015232,489,428.2465276,0,2389.248,8348.964,2997.921245,1231.8,11692.156,19510.238,1.302495511,1,2.793377003,6.679093774,318,230.8154623,0,1775.328,2719.409,1639.908157,1101.787,5407.228,7577.023,1.205636478,1,2.242826678,4.029865254,139,365.1513309,0,2466.656,5817.389,3608.689899,1721.556,17124.92,21677.243,1.229226771,1,2.348897269,6.355636714,807,403.9911945,0,2298.26,8007.127,3985.992892,1670.839,16965.428,27922.209,1.235299448,1,2.28106337,4.612672869,633,448.5943697,0,2625.756,7732.804,4974.862995,1848.102,20779.921,38618.625,1.190005894,1,2.363310009,3.804420347,160,502.8714125,0,2378.175,8992.51,4226.934031,2050.869,12317.851,48792.752,1.389428473,1,3.173762311,8.226262146
s1-load80,shortest_estimate+topology_aware+none,19,0.1864974573,0.0451485591,0.09323571532,0.02007283892,0.02406738869,0.003972955287,2000,1600,0,176.4553656,0,1182.245,2829.45,2757.629414,1214.562,9811.662,26709.291,1.209781525,1,1.974595391,4.955630373,1.209781525,2385.077003,338,312.977071,1823.844,0.7249659581,0.2262956053,0.1018397702,0.9799271611,93.45229333,0,0,93.45225851,3.482828285e-05,0,0,0,0,0.9960270447,1.160642764,0.9759326113,0.02406738869,831,280470.095,0,0,2622,656,178.2644802,0,1213.95,2810.648,3912.586713,1667.777,13626.291,42543.581,1.126616432,1,1.665314365,3.315657882,468,169.8181496,0,1060.89,2960.757,1800.351043,699.015,7177.579,15789.06,1.27815988,1,2.349484495,5.608298574,316,180.1591677,0,1383.099,3063.259,2256.811427,1144.888,7817.09,20140.881,1.30759921,1,1.95859422,8.787335464,160,181.1368437,0,1416.263,2829.45,1811.45925,987.878,6639.664,13615.689,1.157561792,1,2.242378569,3.09785622,769,172.7945202,0,1150.096,2773.945,2687.023248,1303.139,8772.893,22485.277,1.204032497,1,1.936107968,4.929006321,662,155.215565,0,1013.946,2810.648,2804.156782,1127.599,10349.06,28158.885,1.216534769,1,1.952530122,6.655752803,169,276.3129882,0,1880.254,3744.455,2896.653225,1128.109,10955.622,27094.338,1.209487766,1,2.227636031,3.972083785
s1-load80,shortest_estimate+topology_aware+none,20,0.5383270224,0.06422477735,0.384377169,0.02597159516,0.06226650062,0.001486980296,2000,1600,0,796.9376575,0,4873.969,13096.159,3883.125743,1686.098,14569.08,34992.572,1.319567765,1,2.808903581,5.121923519,1.319567765,2581.289213,353,1347.478977,7199.155,0.7727334736,0.3494762556,0.1246301576,0.9740284048,140.3369156,0,0,140.3368502,6.53737374e-05,0,0,0,0,0.9985130197,1.111391158,0.9377334994,0.06226650062,803,269146.392,0,0,3025,645,1337.438059,0,7927.338,19338.41,6445.532008,3242.877,24422.642,44926.103,1.306123062,1,2.689039146,4.516211278,467,309.0409764,0,1793.007,5411.24,1621.639009,1022.732,5865.092,10584.027,1.386195561,1,2.882344866,7.073261887,310,637.3962742,0,4047.117,9563.812,3063.717368,1807.866,9359.9,16048.346,1.288687579,1,3.039193489,4.658971289,178,396.2793427,0,2294.508,11680.027,1958.287882,725.966,7146.036,19646.068,1.247261643,1,3.205385065,7.4141619,797,859.6338043,0,5225.654,13797.949,3892.205305,1612.969,14074.982,39147.5,1.342326111,1,3.06341432,6.805148713,621,775.5912222,0,5361.884,13121.267,4074.250032,1709.202,15521.119,37315.329,1.271772279,1,2.644223111,4.97387252,182,595.2195659,0,3095.264,9979.813,3191.232368,1848.023,11355.868,26503.318,1.382988617,1,2.568467576,4.516211278
s1-load95,drf+topology_aware+easy_predicted,1,0.2940295039,0.03275992574,0.1098602061,0.05039711602,0.03078817734,0.07022407878,2000,1600,0,719.6921825,0,3256.264,14321.981,3932.163395,1514.881,14172.226,53144.326,1.989122152,1,4.21144748,19.5645411,1.989122152,3668.421974,370,2994.770968,13529.436,0.8443961712,0.4810218119,0.208994613,0.949602884,297.4001667,0,0,297.4000535,0.0001132121213,0,0,0,0,0.9297759212,2.143680721,0.9692118227,0.03078817734,812,288796.147,174,102,3510,647,926.0919243,0,6388.705,16676.9,3242.327927,1719.498,12033.845,22122.14,2.539359922,1,5.270275336,23.92324875,468,203.1471624,0,1215.988,3339.011,1803.441665,1112.882,6315.889,9235.755,1.596644624,1,2.702826151,16.06052621,333,1299.879583,0,5280.307,43596.678,8644.754,1583.464,53144.326,86400,1.838870356,1,4.839578568,20.47939847,152,160.4818684,0,1039.757,2563.282,3098.430803,2021.284,10223.501,15590.314,1.184579353,1,1.849138432,5.499686179,788,966.8951574,0,4688.019,23024.467,4155.57765,1594.006,15756.359,54203.464,2.431849685,1,4.655746035,26.75611989,648,462.3592639,0,2310.339,8468.32,3617.179532,1425.626,12430.539,45977.7,1.548794177,1,3.392286607,15.34387727,164,548.6908841,0,2158.784,6005.676,4103.25553,1432.702,10592.152,67241.783,1.601702841,1,4.553058764,11.93410116
s1-load95,drf+topology_aware+easy_predicted,2,0.2650825526,0.02670623709,0.09546000302,0.05746379214,0.02824133504,0.05721118533,2000,1600,0,921.5069994,0,2829.441,32332.114,4174.864515,1835.11,15427.041,36293.258,1.792770772,1,3.433216419,17.78386845,1.792770772,3384.58783,332,4205.245262,32332.114,0.867777088,0.4369848653,0.1944860148,0.9425362079,356.38206,0,0,356.3819655,9.45454546e-05,0,0,0,0,0.9427888147,1.894075902,0.971758665,0.02824133504,779,274334.951,212,120,3616,636,1746.883558,0,8936.021,40206.637,6352.087571,2643.841,25897.664,49473.556,2.227531848,1,7.849597797,25.52610521,502,504.3310578,0,2085.238,9750.957,3017.640363,1680.062,9596.342,23530.26,1.689620169,1,2.842075901,8.145315249,311,240.0224662,0,1527.929,4626.234,2009.974537,1288.97,6573.371,9317.568,1.369613489,1,3.317732855,8.836055737,151,235.5766755,0,1873.584,2829.441,3310.582689,1842.902,10455.572,22439.602,1.17605205,1,2.445266536,3.240689825,821,1465.2764,0,6117.942,35047.435,4840.489276,1936.317,20842.99,44416.088,2.224541407,1,5.407383774,25.52610521,635,357.7105244,0,2276.977,6479.714,3506.250317,1772.202,13161.084,24380.604,1.339874533,1,2.871271919,8.260625196,144,307.4520278,0,2042.235,6296.747,3328.281785,1639.438,13775.162,27939.411,1.328225076,1,2.317793652,11.30314207
s1-load95,drf+topology_aware+easy_predicted,3,0.6691487385,0.07610140857,0.2789884269,0.04197491496,0.06080206986,0.2112819182,2000,1600,0,2152.826116,0,8269.236,52157.25,4777.173741,1727.395,19177.27,54751.498,2.992035554,1,9.783205491,37.18869183,2.992035554,5373.005726,377,8562.668782,44444.177,0.9285899417,0.4853384288,0.2660755778,0.958025085,197.0013933,0,0,197.0012965,9.684848488e-05,0,0,0,0,0.7887180818,2.851231683,0.9391979301,0.06080206986,773,193080.669,260,136,3933,639,4681.863014,0,32007.997,67273.288,8478.877941,2855.805,38760.216,80282.638,4.801768363,1,24.25450716,64.67509007,481,425.0421622,0,2829.29,6307.344,2065.729684,1195.083,6532.59,10994.371,1.749782494,1,4.283617609,16.0490186,318,630.7016667,0,3710.272,8001.128,2864.586843,1638.266,10759.461,14246.881,1.900807568,1,5.647551696,16.01628747,162,295.0796914,0,2561.355,4125.549,1980.990049,1047.139,5936.867,11223.776,1.684103186,1,3.945399378,17.57552995,827,3091.172491,0,17700.55,66602.02,5785.180683,1889.389,28825.141,76079.504,3.610830709,1,16.92727875,38.4887749,629,1240.241167,0,4111.898,30141.928,3679.220089,1573.435,14126.989,33742.059,2.472672157,1,6.494668131,31.79513261,144,750.0725139,0,2371.581,18213.749,3784.056424,1438.086,15017.008,30617.045,1.706868767,1,4.457912869,18.98724584
s1-load95,drf+topology_aware+easy_predicted,4,0.3454679599,0.03621840424,0.1568372909,0.04597800423,0.04635761589,0.06007664454,2000,1600,0,1181.256824,0,4648.668,32053.791,3788.785985,1791.499,12644.717,38501.716,1.823242573,1,4.65605168,14.05625,1.823242573,3744.576893,354,5082.330251,30231.123,0.9058998399,0.499965076,0.2482789784,0.9540219958,221.4613244,0,0,221.4612288,9.563636367e-05,0,0,0,0,0.9399233555,1.749677971,0.9536423841,0.04635761589,755,200830.38,256,150,3920,615,538.503865,0,3330.717,10001.096,2515.726348,1259.464,9891.361,13598.83,2.035500994,1,6.341015319,15.97837447,495,2848.457226,0,25317.565,44849.261,6506.40822,2730.365,32112.551,56296.418,2.12351974,1,7.521675513,19.44647192,334,344.6187844,0,1839.737,5468.566,2675.913722,1755.586,8754.015,14593.118,1.272099634,1,2.266207673,6.18990311,156,216.2951282,0,1504.531,3228.359,2567.042436,1770.527,7541.416,10368.405,1.213663185,1,2.41185,3.673427486,845,1601.356046,0,7568.918,36627.709,4330.192378,1857.618,15195.124,45486.47,2.021040164,1,6.387760876,15.97837447,608,798.1886349,0,2923.388,25191.982,3283.365191,1770.527,10651.115,27298.656,1.66626622,1,3.512481596,12.02632248,147,350.7916259,0,1903.884,5774.947,2767.067898,1658.557,10582.297,17045.224,1.335505559,1,2.563163733,4.65605168
s1-load95,drf+topology_aware+easy_predicted,5,0.1930073334,0.02458850728,0.07076117321,0.0428462389,0.01061007958,0.04420133443,2000,1600,0,458.4117175,0,2097.366,12530.835,2642.724362,1645.061,8308.4,15863.599,1.4741524,1,3.160971971,9.59859289,1.4741524,2845.078611,334,2066.931362,12530.835,0.8815031835,0.3402490469,0.1756079694,0.9571537611,161.4241489,0,0,161.4240601,8.880808085e-05,0,0,0,0,0.9557986656,1.658310716,0.9893899204,0.01061007958,754,181237.28,207,115,3496,639,820.0367762,0,4990.191,15540.782,2954.098031,1589.793,11332.27,18163.41,1.83160947,1,6.460841788,14.32433257,486,343.2219444,0,2126.452,6382.347,2166.475881,1429.955,6648.876,10571.352,1.357149697,1,3.160971971,8.462709728,322,94.91609627,0,744.572,1680.054,2856.850379,2241.8,7734.789,11427.432,1.104503187,1,1.566832779,3.11114331,153,78.99607843,0,687.75,1231.044,2404.426386,1555.425,6913.16,14317.204,1.130853662,1,1.542819952,2.90535,846,689.609357,0,4816.614,14990.197,2916.038642,1708.263,9954.582,17959.598,1.692802084,1,5.620684623,13.9705352,602,212.1338206,0,1201.383,4299.851,2313.694424,1582.963,6670.137,10223.758,1.258014269,1,2.254056583,6.813988693,152,147.0044211,0,1060.65,3600.386,2424.646349,1585.076,6913.16,14738.915,1.11321505,1,1.667831323,3.022496978
s1-load95,drf+topology_aware+easy_predicted,6,0.8213968104,0.1087928657,0.4255405863,0.04490546721,0.05074257426,0.1914153169,2000,1600,0,2405.466574,0,12613.052,57590.355,4332.349629,1473.939,18477.095,61331.96,3.479600427,1,13.98585099,49.01509615,3.479600427,6521.26031,388,9714.586572,53602.415,0.929370371,0.4419425345,0.2709812784,0.9550945328,159.8631689,0,0,159.8630684,0.0001005252525,0,0,0,0,0.8085846831,3.404898692,0.9492574257,0.05074257426,808,152599.17,208,125,3917,647,3945.119756,0,28109.394,76273.7,6015.136805,1674.009,30048.975,78811.821,4.897159279,1,19.80728234,64.06144906,472,2286.114852,0,19826.221,34615.144,4079.061275,1557.457,23494.914,36091.08,3.522035561,1,17.1170892,49.01509615,318,285.4335472,0,1997.597,4101.425,1546.154569,1073.127,4554.28,6302.374,1.438268719,1,3.576054614,7.776908935,163,775.7052638,0,4790.714,12613.052,3821.912994,1602.393,14659.167,27378.452,1.712444129,1,4.779543043,12.89742856,792,3781.447635,0,28109.394,73955.684,5795.186899,1522.722,32181.908,77252.107,4.76041307,1,21.60902528,64.06144906,644,1259.83848,0,5856.617,28441.963,3064.083812,1464.702,10604.69,29616.521,2.458100475,1,7.967759954,22.00839106,164,259.1707927,0,1396.452,3548.583,2248.179311,1243.408,7797.198,12307.186,1.305468456,1,2.131352241,8.951611318
s1-load95,drf+topology_aware+easy_predicted,7,0.3764894699,0.04961276699,0.2124679322,0.02978064475,0.04218362283,0.04244450313,2000,1600,0,1246.141769,0,6297.564,29548.646,5052.71277,1832.096,24287.116,46953.934,2.191889227,1,6.377962032,24.17032023,2.191889227,4017.522223,369,5136.946539,28938.655,0.8877572378,0.425335135,0.2063480788,0.9702193552,205.7472,0,0,205.7470926,0.0001073939395,0,0,0,0,0.9575554969,1.574959891,0.9578163772,0.04218362283,806,339574.561,236,126,3524,632,1541.033171,0,7868.244,33573.094,4872.911233,1799.228,23207.913,40319.864,2.432021372,1,7.507230692,25.49137241,504,1675.725569,0,10369.237,35638.765,7315.150022,2271.853,37473.839,68088.711,2.433364288,1,10.43048239,28.21510613,308,394.4554058,0,1963.912,7759.509,2878.134373,1221.757,10556.514,24778.908,1.63163824,1,4.292419238,12.21950748,156,345.1020128,0,1750.733,8168.07,2765.125224,1616.219,9499.877,13607.096,1.545032545,1,3.431537915,11.30947305,794,1797.797841,0,10369.237,37616.992,5754.025796,1926.509,31856.608,53175.557,2.494038549,1,8.218918822,29.76256845,644,712.5546646,0,3056.332,17679.328,4426.212773,1640.851,17146.814,41541.625,1.991941245,1,4.722434626,23.08926274,162,663.5193827,0,4732.707,15931.585,4105.943975,1705.802,13230.181,31528.178,1.505839468,1,4.193752614,11.14089022
s1-load95,drf+topology_aware+easy_predicted,8,0.2418173013,0.04013779946,0.08538549854,0.03229651348,0.015,0.06899748979,2000,1600,0,476.4158437,0,2530.832,9798.824,2001.858183,900.732,7770.511,15008.26,1.848661645,1,5.159908962,17.23497635,1.848661645,3420.545695,390,1856.8054,8892.351,0.8669321773,0.4356052765,0.1849263899,0.9677034865,86.00666222,0,0,86.00658562,7.660606063e-05,0,0,0,0,0.9310025102,1.905565047,0.985,0.015,800,124122.986,189,109,3616,674,634.345454,0,3765.333,12430.046,1842.283818,807.935,7752.414,14006.852,2.331941263,1,8.601715515,21.13167631,490,186.7972184,0,930.095,3185.605,1558.251535,789.144,4782.318,12710.929,1.290994764,1,2.731379383,6.175069828,303,717.5199934,0,4215.183,13456.049,2931.665079,1406.684,9575.2,23633.209,1.949780907,1,5.280433019,16.31969679,133,193.8144286,0,729.472,7602.313,2326.586677,1221.132,9994.052,14700.107,1.223753168,1,2.709414812,5.006438662,800,651.50869,0,3722.339,12860.531,2200.86078,891.842,8373.706,20738.546,2.147185246,1,7.766998338,19.32492066,629,340.23562,0,2074.181,6888.916,1860.778685,911.9,7488.042,13974.761,1.630276071,1,4.678405536,14.52159814,171,158.1882632,0,747.709,1785.373,1589.793421,894.758,5859.484,9075.765,1.255361323,1,2.024637629,7.025111197
s1-load95,drf+topology_aware+easy_predicted,9,0.4488863715,0.05114739243,0.1889660294,0.03477413966,0.04408060453,0.1299182054,2000,1600,0,1277.065002,0,5600.966,31907.748,3700.575037,1534.814,12988.647,39813.376,2.425025148,1,6.575245581,31.99463816,2.425025148,4932.458767,346,5715.868922,31562.419,0.8873235825,0.5042820246,0.225288651,0.9652258603,157.4650889,0,0,157.4650055,8.339393942e-05,0,0,0,0,0.8700817946,2.740160719,0.9559193955,0.04408060453,794,193640.797,183,110,3768,645,2135.366409,0,11091.398,48285.338,4549.744757,1697.74,19122.876,51740.943,3.356149457,1,12.41088208,53.30833954,474,1139.255791,0,5021.992,31562.419,3518.424015,1465.346,11384.049,34762.336,2.101306412,1,5.287404023,25.88502266,330,317.8491,0,1718.494,5915.574,3075.150485,1629.867,11383.364,21802.759,1.619272013,1,3.343545015,7.390267883,151,139.7034503,0,849.927,1750.87,2011.934093,1088.569,8173.897,13973.298,1.224800222,1,2.027903323,4.104966667,806,1940.533313,0,7965.51,44374.132,4432.334613,1612.268,15699.976,49599.262,3.023595395,1,9.507485513,43.19861264,627,653.43474,0,2514.723,15485.208,3085.740968,1515.611,10835.648,26293.05,1.92413547,1,4.652453807,22.19366152,167,416.3507246,0,1593.233,14250.075,2477.238168,1276.789,8678.042,19660.543,1.416703048,1,3.968987788,7.047875154
s1-load95,drf+topology_aware+easy_predicted,10,1.028529839,0.09098142798,0.5494746129,0.04755711257,0.06631989597,0.2741967897,2000,1600,0,4346.736527,0,16286.465,116827.769,7199.143127,1825.746,24338.109,121192.748,4.061531553,1,11.69610422,41.248918,4.061531553,8491.104856,352,19226.5131,116688.359,0.9344414853,0.4442014722,0.2533519344,0.9524428874,295.7019289,0,0,295.7018286,0.0001002828283,0,0,0,0,0.7258032103,4.634527128,0.933680104,0.06631989597,769,277723.148,222,133,3970,626,5307.000198,0,39992.822,114756.495,8078.866395,1948.043,44305.46,116266.129,6.16078726,1,17.253699,45.76870544,484,7128.559789,0,51159.833,158716.095,10961.74733,2105.447,60067.438,167341.784,4.010525942,1,15.96684745,74.35575017,343,438.8673557,0,2394.984,5661.096,2668.971784,1792.765,7119.618,14367.719,1.473155989,1,3.389454014,9.303183556,147,216.611415,0,1150.931,2031.073,1634.800082,1300.907,4593.974,8666.239,1.32932381,1,3.203866394,6.245593852,831,7189.39109,0,68780.263,138821.657,9957.191631,1820.677,70700.664,142920.082,5.775758401,1,19.50171659,51.69651732,627,1398.238589,0,7419.645,23934.581,4343.836301,1832.788,16919.433,35715.909,2.243692479,1,5.402343035,23.34275084,142,730.2736056,0,5377.135,8079.951,3666.319697,1827.648,13374.493,22584.072,2.056338517,1,3.680866873,16.99613189
s1-load95,drf+topology_aware+easy_predicted,11,0.3139882232,0.04015384417,0.1236381096,0.03557451241,0.02342786683,0.09119389022,2000,1600,0,1285.579413,0,3664.642,36821.249,4085.492981,1675.474,14368.791,42119.683,1.841281363,1,5.161971587,17.56227872,1.841281363,3527.982576,333,5996.510285,36821.249,0.8892302576,0.4374519591,0.1988708782,0.9644254876,166.8738644,0,0,166.8737625,0.0001018989899,0,0,0,0,0.9088061098,2.161652497,0.9765721332,0.02342786683,811,225837.25,208,109,3718,640,2447.045673,0,12200.129,62822.959,5739.913663,2045.285,24160.931,68025.565,2.447384211,1,8.98941772,26.83720457,470,885.1341383,0,2795.182,28950.642,3030.128787,1579.635,9486.429,30594.015,1.672243695,1,3.209357954,13.27015134,327,143.6279144,0,834.92,2349.455,2681.800661,1385.928,10061.409,20977.915,1.25144976,1,1.947332812,5.720549273,163,170.7880798,0,937.242,2772.892,3448.679012,1875.704,10890.87,25425.573,1.132182076,1,1.514431371,5.850902572,789,2133.967995,0,8883.998,59117.04,5024.937574,1800.778,21725.396,65351.285,2.284637299,1,7.326376229,27.16160806,653,524.5444655,0,1973.109,10806.219,3046.4349,1542.854,11052.617,24339.736,1.471917761,1,3.31345812,11.71374643,158,194.296057,0,816.465,4680.462,3688.550842,2073.15,14633.466,26474.038,1.153854774,1,1.610448186,4.123455589
s1-load95,drf+topology_aware+easy_predicted,12,0.2376505765,0.02467227303,0.08522854883,0.03225569533,0.01944106926,0.07605299005,2000,1600,0,498.9266969,0,2526.18,12297.048,3013.632587,1553.979,11009.546,21376.639,1.71699142,1,3.171740464,13.279495,1.71699142,3428.203932,349,2169.942974,11576.952,0.8820939908,0.4474378386,0.229178022,0.9677443047,130.8095622,0,0,130.8094682,9.406060608e-05,0,0,0,0,0.92394701,2.022202128,0.9805589307,0.01944106926,823,200341.006,225,115,3737,597,229.5343417,0,1264.317,4331.047,1714.332429,1064.442,5682.023,11841.301,1.43219276,1,3.142205388,9.386440224,519,896.1379383,0,5935.355,17848.765,4615.410931,2190.642,18378.971,28560.892,2.387306714,1,5.542338102,29.47544553,324,527.6482407,0,3306.824,11294.313,3319.928775,2187.118,9082.635,16615.962,1.432923849,1,3.403330981,7.884483584,160,157.4818312,0,894.428,1804.089,2045.628019,1419.779,5588.553,12484.475,1.180548018,1,2.071853357,2.732444221,777,766.0396384,0,5031.825,15817.227,3263.444725,1678.955,12785.25,22818.27,2.16867372,1,5.482599716,29.13040893,660,254.5733924,0,1153.649,3986.189,2749.845426,1520.662,9225.9,18378.971,1.297009705,1,2.267087723,7.766466433,163,215.0397362,0,1222.647,4100.634,2890.905564,1226.036,9104.869,28479.054,1.264419548,1,2.336303633,7.582548686
s1-load95,drf+topology_aware+easy_predicted,13,0.3376177174,0.04494589561,0.1473905516,0.04166034495,0.0295202952,0.07410063004,2000,1600,0,1139.942729,0,4368.666,24336.369,3251.563511,1611.823,11267.298,27683.355,2.037159448,1,5.778013061,24.45820528,2.037159448,4005.326819,351,4975.370262,24221.095,0.9154145565,0.5047964428,0.249881666,0.9583396551,159.8373244,0,0,159.8372536,7.086868691e-05,0,0,0,0,0.92589937,1.919529138,0.9704797048,0.0295202952,813,157740.455,266,156,3802,628,2239.499261,0,18095.563,45511.549,4371.226611,1899.153,20189.539,48564.379,2.739792436,1,11.65642749,34.05936339,479,551.1933716,0,2403.783,12910.917,2491.856564,1298.581,8870.777,22704.143,1.710263272,1,3.223969085,14.0357377,328,185.3959512,0,1075.687,2314.847,2023.102393,1349.297,5678.775,10152.9,1.427325266,1,2.337646644,6.9172474,165,561.6444424,0,2778.629,15192.708,3637.541976,2172.183,11140.416,24712.93,1.52416165,1,3.387560776,13.41705994,787,1911.976611,0,15192.708,34727.851,4019.943917,1662.175,20129.867,42310.806,2.568554294,1,10.04493949,35.0403711,643,422.7924712,0,2321.909,7650.497,2493.563059,1628.468,7978.461,12676.055,1.572026,1,3.423399073,11.69857303,170,278.3953765,0,1488.593,4496.952,2561.439453,1441.539,9170.441,21688.909,1.336412757,1,3.102145619,6.62411811
s1-load95,drf+topology_aware+easy_predicted,14,0.4233629222,0.05008601426,0.1932517483,0.05228437911,0.02641509434,0.1013256861,2000,1600,0,1138.337659,0,5727.995,27214.835,3132.059864,1309.385,11653.532,31599.232,2.293103432,1,6.438800266,23.58639487,2.293103432,4250.314614,378,4559.660511,25287.386,0.923082467,0.3931134435,0.2504021759,0.9477156209,202.2032978,0,0,202.2031929,0.0001048484849,0,0,0,0,0.8986743139,2.285590134,0.9735849057,0.02641509434,795,153170.168,242,143,3840,594,600.8077088,0,3820.84,8881.216,2008.3687,896.784,8161.424,14323.807,2.403462863,1,6.446448574,25.57024764,514,2577.904187,0,22680.4,32644.969,4949.245286,2052.929,26290.76,36041.872,2.995347305,1,13.11950243,30.65567953,336,279.0912708,0,1674.046,3399.131,1893.003345,1070.251,6584.56,10684.585,1.479929991,1,3.022337001,5.464751525,156,292.5836923,0,2639.719,4644.705,4092.074192,1843.018,17690.944,31919.871,1.31053563,1,3.465806986,5.971590208,805,1806.907248,0,14837.456,30256.512,3808.680635,1393.961,20941.957,34459.006,2.833600942,1,9.549045425,25.57024764,635,523.3362583,0,4070.818,7986.85,2436.768058,1265.117,9386.124,15179.91,1.860713309,1,4.544364902,15.20311655,160,215.3837187,0,1312.505,2458.464,2487.250969,1136.419,8216.604,25809.39,1.289773631,1,2.625749388,5.480580955
s1-load95,drf+topology_aware+easy_predicted,15,1.611852635,0.1449162443,1.019391278,0.05882778651,0.08208955224,0.3066277736,2000,1600,0,4792.640869,0,30214.827,110324.347,7895.254701,2200.68,36920.218,115732.048,4.137397839,1,18.62968667,60.87302509,4.137397839,7210.536972,357,20955.44632,108388.995,0.9251943162,0.5430954738,0.2906325986,0.9411722135,348.7191956,0,0,348.7191042,9.13939395e-05,0,0,0,0,0.6933722264,4.990098911,0.9179104478,0.08208955224,804,243682.882,208,125,3921,654,3932.069318,0,31193.637,63223.53,6518.664552,2182.36,33103.591,67046.221,3.852318823,1,19.54067442,48.74863747,498,9905.870295,0,74158.037,141592.476,14137.86719,3717.058,80373.983,146417.4,6.943659094,1,36.17337027,119.2326475,299,263.7462977,0,1820.061,4277.022,2247.189769,1145.691,7336.299,18554.695,1.455338462,1,3.467648583,12.60059329,149,568.2450067,0,2019.101,7265.838,4406.934913,2386.789,17960.596,28341.376,1.391487267,1,2.26572686,7.009481254,796,8244.035219,0,63846.457,136461.996,11603.97917,2673.149,66942.693,144513.424,6.081575066,1,30.03624759,79.05028275,652,1498.997351,0,9183.395,30165.94,4500.588459,2017.127,16790.204,38311.439,2.285087924,1,6.059437056,18.58748741,152,846.2308092,0,6280.606,9842.094,3034.58177,1684.87,9814.526,30502.471,1.901483314,1,3.962235374,23.11915282
s1-load95,drf+topology_aware+easy_predicted,16,1.417343122,0.1777899932,0.7931821156,0.05423644993,0.06592039801,0.3262141654,2000,1600,0,3137.018741,0,23509.972,62142.742,4795.007303,1055.379,27025.099,64444.694,5.359441126,1,22.85576667,92.62512414,5.359441126,9858.149616,364,13325.63077,60994.272,0.9383670253,0.4480337221,0.2791250958,0.9457635501,195.6256267,0,0,195.6255093,0.0001174141414,0,0,0,0,0.6737858346,6.544615139,0.934079602,0.06592039801,804,133119.626,245,154,3901,625,5340.320104,0,45046.717,72434.148,6761.811483,925.776,46552.067,73871.989,8.04297539,1,44.93337358,127.4965009,493,3122.975931,0,27992.266,50648.607,5119.916353,1296.342,30256.453,54301.673,5.805443582,1,21.4294309,84.40742458,322,326.0645404,0,1545.396,5233.991,1752.50813,860.923,6016.422,9687.048,1.520283275,1,3.836109238,10.09272388,160,230.6875312,0,1956.917,2791.428,2234.08205,1343.52,5860.344,18867.635,1.22894551,1,2.483811963,5.198478999,796,5007.462541,0,46960.927,72145.706,6719.970979,1054.537,48115.435,72595.229,7.777642885,1,48.48563892,138.6759943,633,1424.193318,0,8293.521,27111.424,3038.422687,1084.187,13885.993,32351.179,3.130011342,1,10.13097254,44.93337358,171,770.6165673,0,3640.53,21285.235,2336.802485,940.065,7851.056,22799.444,2.355584123,1,6.57953311,37.62020016
s1-load95,drf+topology_aware+easy_predicted,17,0.8401409301,0.06975463213,0.5329132812,0.04511767566,0.04884318766,0.1435121534,2000,1600,0,2872.600499,0,15795.586,67995.661,5669.939227,1908.599,21338.958,74427.153,2.460070013,1,8.96729657,30.97763336,2.460070013,4629.738431,372,11922.44524,64698.846,0.8936457438,0.4809689582,0.2209311127,0.9548823243,250.7592711,0,0,250.7591701,0.000100969697,0,0,0,0,0.8564878466,2.847743511,0.9511568123,0.04884318766,778,229424.564,217,135,3821,628,5235.601296,0,30066.278,110712.551,8232.096307,2395.376,38326.115,114584.204,3.409989701,1,17.2922258,36.42683098,486,2373.951708,0,14352.319,51672.743,5652.675798,2346.024,26300.076,59682.782,2.2939373,1,5.467393971,27.14574363,340,368.8098824,0,1881.149,5274.622,2238.698062,1029.292,7333.051,20437.368,1.485174561,1,3.69364589,8.180340097,146,199.0910548,0,1398.358,4594.838,2697.181527,1883.202,8019.079,14979.929,1.197435685,1,1.960391586,3.858593846,822,4645.823049,0,28475.55,101292.601,7403.829273,2046.075,32553.271,106522.986,3.116405421,1,14.63171972,36.76946953,617,1180.49277,0,4990.086,28151.525,4045.800272,1826.898,17475.314,38205.473,1.862270277,1,4.033082344,15.39857587,161,303.9143665,0,1075.377,4574.851,3041.59213,1685.396,11209.629,21302.621,1.400037287,1,2.749656054,6.300446217
s1-load95,drf+topology_aware+easy_predicted,18,0.1979314893,0.02830386713,0.09688010772,0.02468321811,0.02395964691,0.02410464945,2000,1600,0,533.7611494,0,2871.533,11455.634,4506.854041,1809.062,17890.939,36305.223,1.564102326,1,3.638599515,11.72936228,1.564102326,3009.126213,356,2243.463059,11337.633,0.855118872,0.4301692017,0.2033465004,0.9753167819,162.0839511,0,0,162.0838647,8.642424245e-05,0,0,0,0,0.9758953505,1.435126961,0.9760403531,0.02395964691,793,341322.11,205,104,3367,654,875.7963869,0,6047.287,17004.09,7292.38041,3479.329,25771.115,46925.048,1.679056049,1,3.7995418,12.64880615,489,402.4451718,0,2579.214,8101.783,2974.79311,1381.795,11228.586,15435.167,1.698664141,1,4.903080287,19.0753392,318,194.9448553,0,884.851,4957.737,1611.343264,1055.266,5566.756,9288.124,1.28707316,1,2.992713915,6.203483027,139,161.5744532,0,994.103,2849.808,3414.882655,1815.202,15008.808,17876.58,1.183633355,1,2.401550594,3.682584275,807,748.5095502,0,4568.054,14973.442,4335.699014,1771.328,17761.813,34542.079,1.843670171,1,4.903080287,18.07250517,633,339.4847093,0,1888.077,6976.946,4865.969845,1796.033,19943.177,38563.639,1.303471818,1,2.446811136,6.801693163,160,219.2300687,0,1487.102,2896.991,3949.365312,2000.791,12140.43,46925.048,1.185151461,1,1.998702598,4.939513106
s1-load95,drf+topology_aware+easy_predicted,19,0.09661561503,0.01933394225,0.04060344908,0.02282414862,0.008423586041,0.005430489028,2000,1600,0,224.4326431,0,1203.489,4088.606,2808.486674,1237.84,9367.096,26158.417,1.388442885,1,2.485472129,10.23678939,1.388442885,2704.504273,338,907.5816154,4088.606,0.8606414174,0.3141485847,0.1673969362,0.9771758514,106.56064,0,0,106.5606013,3.870707072e-05,0,0,0,0,0.994569511,1.200571013,0.991576414,0.008423586041,831,238861.201,218,114,3365,656,348.5543826,0,2157.972,4794.527,4083.489703,1876.484,13497.279,42543.581,1.332100125,1,2.522910646,7.461940399,468,119.5704915,0,630.611,2434.758,1759.592028,699.015,6975.626,15676.654,1.464252082,1,2.509426755,10.23678939,316,179.1781108,0,806.992,3617.013,2256.100475,1195.424,7528.268,17476.555,1.47434968,1,3.429242713,11.79937261,160,111.6330063,0,345.948,3554.854,1739.953844,983.341,5609.041,14754.318,1.228040378,1,1.475556391,11.63817932,769,289.1639727,0,2004.219,4793.533,2805.600092,1337.86,8643.29,26158.417,1.43466449,1,2.85710661,9.861247362,662,157.8066511,0,970.001,2826.224,2807.983094,1142.557,10028.385,28158.885,1.36685261,1,2.459548729,11.63817932,169,190.8705976,0,758.582,4526.76,2823.594083,1183.745,11190.171,27094.338,1.262693464,1,2.193541587,11.79937261
s1-load95,drf+topology_aware+easy_predicted,20,0.2707376759,0.03158191185,0.1012320883,0.03393912689,0.04234122042,0.0616433285,2000,1600,0,1058.352971,0,3000.526,34753.446,4152.547892,1720.375,15095.952,44930.813,1.867890636,1,4.060008077,25.06034229,1.867890636,3505.580369,353,4610.184371,33923.611,0.8744241408,0.3748209827,0.1884235127,0.9660608731,184.9017822,0,0,184.9017133,6.896969699e-05,0,0,0,0,0.9383566715,1.965956836,0.9576587796,0.04234122042,803,242203.478,235,117,3572,645,2307.811533,0,12342.145,52710.547,7433.576761,3543.97,33863.018,55461.976,2.398069397,1,8.633360281,27.34469111,467,257.3744668,0,1319.097,6101.583,1570.658683,1070.015,5002.716,9514.672,1.710783511,1,3.300107927,13.19612056,310,209.5571742,0,1276.842,2863.978,2639.293394,1787.294,8260.604,12489.259,1.219797583,1,2.329741827,6.014170914,178,110.5040169,0,679.943,2176.17,1672.702579,791.584,6509.274,12278.935,1.487624195,1,2.542772949,26.86193899,797,1615.30691,0,4634.029,49586.622,4659.049043,1681.783,17222.4,55017.081,2.100663882,1,6.297182029,26.96142569,621,572.2045588,0,2176.17,14413.385,3876.581928,1750.588,15121.045,30026.405,1.627899972,1,3.453945533,14.16671074,182,278.1654725,0,1767.555,4677.782,2876.138258,1694.099,8260.604,26503.318,1.667417704,1,2.992555336,12.68058022
s1-load95,fifo+first_fit+none,1,1.748962905,0.4483867021,0.6531028157,0.05688116482,0.5665024631,0.02408975964,2000,1600,0,7927.329088,7116.289,19358.012,20333.861,11145.83202,9437.588,23425.378,52596.944,15.09381489,5.40834302,57.64228716,180.8983629,15.09381489,29799.06185,370,8332.580965,19681.911,0.801857782,0.740522767,0.2186285933,0.9431188352,337.9711356,0,0,337.9710022,0.0001333333334,0,0,0,0,0.9759102404,1.571033184,0.4334975369,0.5665024631,812,307310.542,0,0,3623,647,7970.26887,6992.118,19503.534,20311.394,10285.8931,9523.233,21849.55,28237.554,15.16903719,4.851728525,54.22076533,196.1721833,468,7547.661,6942.9,19300.571,19945.272,9160.898173,8474.351,20814.546,25039.593,17.02928487,7.109328297,73.10066447,148.0197167,333,8035.743219,7508.24,19358.012,20393.016,15386.80779,10652.133,52596.944,88064.449,14.16943126,4.914200765,57.64228716,90.42825605,152,8676.018039,8547.583,19516.276,20579.513,11626.65168,10446.308,24263.722,29686.858,10.83954499,4.923631784,36.95695094,76.63881293,788,8012.915114,7521.05,19358.012,20333.861,11205.18969,9663.715,22677.956,54432.154,14.00518321,5.174672356,50.81653626,148.0197167,648,8063.853698,7197.55,19325.54,20299.482,11230.46574,9500.948,25301.445,51350.565,16.11317198,5.881320601,66.07639581,182.5988971,164,6976.65997,5977.415,19404.53,20592.241,10526.21923,8325.959,23038.486,68075.746,16.29685376,4.739304889,53.84569447,231.5311325
s1-load95,fifo+first_fit+none,2,2.769153219,0.6294674399,1.374069274,0.06290632072,0.6983311938,0.00437899045,2000,1600,0,13252.72529,9105.373,40727.507,44399.869,16512.82174,11294.501,44622.859,51219.606,18.30939105,6.467810842,80.92109502,169.780686,18.30939105,41779.9764,332,14356.808,41873.867,0.7999399355,0.857281978,0.2409642306,0.9370936793,392.4016911,0,0,392.4015839,0.0001071919193,0,0,0,0,0.9956210096,1.194507513,0.3016688062,0.6983311938,779,271907.377,0,0,3800,636,13852.70777,9345.606,42534.51,44409.235,18466.5516,13161.46,46013.322,60655.347,17.65876775,5.540347802,80.95896188,181.2266021,502,13153.8962,8908.286,39807.439,44340.831,15679.60147,10865.846,44238.786,46786.221,18.44474498,6.524015774,83.47831894,169.780686,311,12418.63679,8319.033,40106.868,44350.839,14182.26545,9938.157,43204.731,47467.302,20.12928046,7.674596817,79.62006068,166.8865921,151,12772.09522,9358.049,39334.607,44284.303,15853.93035,11911.431,43577.342,48048.886,16.85153106,6.538838245,74.1313475,150.4985533,821,13407.72414,8918.692,41762.665,44340.831,16789.51569,11258.307,44699.859,53747.536,17.77022523,6.436226308,68.94316149,163.7893247,635,13127.50875,9204.547,41771.028,44821.444,16283.86827,11332.59,44872.918,49416.132,18.91635904,6.467810842,86.49510423,196.5801381,144,12921.18667,9451.646,37146.153,43567.249,15944.90319,11356.1,42297.784,46273.035,18.70682485,7.102063738,88.6779742,170.1969782
s1-load95,fifo+first_fit+none,3,3.206577584,1.082611527,1.057167034,0.03960424847,1,0.02719477469,2000,1600,0,21285.34453,22547.162,31334.503,36895.439,23906.53502,24546.813,36219.649,47369.96,36.79693981,17.59875477,139.1749671,242.4982881,36.79693981,73853.42701,377,21674.5379,31778.612,0.833452253,0.8575174469,0.2711614971,0.9603957515,185.4162956,0,0,185.4161918,0.0001037575758,0,0,0,0,0.9728052253,1.618358617,0,1,773,214657.851,0,0,3929,639,21154.03946,22429.489,31120.403,37066.372,24945.82918,25404.347,39298.939,55299.076,28.07156723,12.82134983,105.328934,209.6697347,481,21300.39305,22758.806,31179.747,36915.441,22943.0621,23991.337,32706.586,38759.298,45.42986273,24.11224613,179.4112415,270.6514133,318,21480.74308,22581.595,31662.669,35752.613,23705.56897,24394.633,34466.937,40584.962,38.92519608,17.71516238,169.1856597,262.4259156,162,21375.0289,22217.462,31579.142,37203.49,23062.2678,23933.829,35002.019,40700.909,41.40367849,21.60710982,131.9729402,407.3078155,827,21362.76011,22633.115,31334.503,36816.805,24049.67661,24526.386,35806.02,48606.187,37.38909068,17.79655211,149.533638,262.4259156,629,21131.61455,22481.535,31433.563,36990.735,23571.803,24543.64,35528.351,41141.646,36.28288065,17.83096039,129.0181581,235.5834141,144,21512.24365,22164.418,30904.946,36915.441,24546.59297,24678.89,37154.129,50025.246,35.64162344,15.71216742,162.5587474,225.71361
s1-load95,fifo+first_fit+none,4,2.961303923,0.9472490063,0.9846961486,0.04944604014,0.7960264901,0.1838862377,2000,1600,0,15921.21858,16431.219,29186.461,30809.772,18530.58058,18392.724,32757.322,38826.967,28.88588119,10.21124278,121.773458,293.74995,28.88588119,60329.87182,354,16458.04923,29469.361,0.8215069975,0.8746146217,0.2755368682,0.9505539599,239.0346756,0,0,239.0345656,0.000109979798,0,0,0,0,0.8161137623,2.865503706,0.2039735099,0.7960264901,755,217668.398,0,0,3913,615,16426.89122,16871.972,29405.251,30946.938,18406.83492,18551.007,32817.309,38508.128,46.69789598,17.28333938,225.9227155,394.4502333,495,15720.30673,16362.728,28850.703,30522.939,19372.59114,19141.242,34545.06,40798.087,16.29657497,7.383728631,65.2967008,151.5968632,334,15424.42921,16093.326,29231.796,30956.14,17768.13235,17446.383,32038.008,36604.412,17.43344492,9.706156501,64.41167413,106.8974564,156,15628.84899,15992.828,29158.95,30566.46,17979.08094,17624.997,31006.313,33769.605,23.13223495,9.679174395,98.85158489,233.3724142,845,15829.06593,16185.252,29182.685,30956.14,18554.60451,18096.951,33429.32,39019.565,28.1747064,9.517923088,113.4300148,293.74995,608,16085.45569,16805.207,29129.742,30752.74,18578.90796,18640.846,32470.356,38345.952,30.50317171,10.49819263,130.2422669,310.4494,147,15771.64596,12745.489,29477.792,30809.772,18192.59912,17659.836,32826.388,39489.558,26.28472511,12.88699762,88.47198828,216.4859647
s1-load95,fifo+first_fit+none,5,1.045911201,0.2001370024,0.2886211308,0.05515117363,0.3952254642,0.1067764301,2000,1600,0,5775.767807,5789.278,8554.75,9238.703,7966.815889,7660.589,13025.099,18101.903,8.258951334,4.831379837,25.72858318,56.80044954,8.258951334,15943.67805,334,5903.458299,8766.864,0.8491909902,0.8516234093,0.2585606251,0.9448488264,210.48926,0,0,210.4891557,0.0001043232324,0,0,0,0,0.8932235699,2.469180599,0.6047745358,0.3952254642,754,194243.64,0,0,3911,639,5736.05349,5830.843,8445.313,9047.55,7882.173861,7575.028,12633.947,19449.441,8.27506436,5.076822444,26.0850378,45.75522284,486,5879.478115,5878.639,8705.198,9327.06,7707.936058,7565.075,12210.747,15545.342,8.009858115,5.426655585,22.60061783,43.74817066,322,5715.780102,5717.471,8596.303,9278.591,8477.93987,8148.671,13700.943,16487.79,5.764294874,3.544174956,18.55546697,29.40339015,153,5738.449373,5595.881,8504.79,9261.555,8066.94617,7598.643,13968.833,20173.515,14.23308507,4.988980416,77.42523333,131.3673833,846,5749.298704,5664.191,8515.925,9233.828,7982.798827,7619.043,13637.808,18688.982,8.11842703,4.766588296,25.05245419,60.67605952,602,5786.15538,5857.99,8615.341,9278.591,7893.376626,7654.99,12393.164,16449.771,8.456660864,4.852282886,26.00567219,49.44131273,152,5881.949,5984.476,8426.291,9054.059,8168.716355,7774.709,12856.363,20173.515,8.258046231,4.648914127,26.29794873,50.13541142
s1-load95,fifo+first_fit+none,6,3.296708363,1.246315673,1.053083036,0.05166266495,0.9344059406,0.01124104898,2000,1600,0,18598.26745,18613.881,31213.453,31740.905,20527.73223,19980.667,33669.469,37938.358,39.20954491,16.4157725,160.2199298,335.2647833,39.20954491,78409.76787,388,19145.87271,31340.271,0.813573744,0.873066924,0.2603771704,0.9483373351,185.2292267,0,0,185.2291135,0.0001131313132,0,0,0,0,0.988758951,1.343866085,0.06559405941,0.9344059406,808,184711.322,0,0,3910,647,18717.1037,18691.935,31218.006,31821.996,20782.86948,20192.921,34486.512,38163.549,43.6709417,15.17264113,201.7612167,425.0592,472,18008.94749,17648.835,31097.416,31721.729,19806.373,19678.531,33214.592,36003.752,37.10889936,16.86122444,143.1294777,262.3917926,318,19003.16616,18832.799,31384.823,31759.532,20265.873,19649.025,33034.578,34610.889,36.69132982,18.7080145,135.3224244,296.5108295,163,19043.13972,19492.147,31146.341,31648.284,22114.7199,21372.535,35656.48,57909.888,32.49649812,12.921585,97.2270437,406.26531,792,18566.56134,18636.643,31213.427,31648.284,20577.93242,20007.413,33916.036,39300.421,40.9341651,16.09636545,177.624085,380.1761886,644,18474.39413,17848.008,31260.999,31844.999,20286.08367,19659.974,33669.469,36190.608,36.26139415,16.42611456,141.2125763,314.7973166,164,19237.81418,19421.492,31065.497,31577.63,21234.21466,21145.668,33398.194,38433.569,42.457776,17.30451548,169.3714413,314.8799833
s1-load95,fifo+first_fit+none,7,3.641487077,1.310365695,1.363568826,0.04956351978,0.8560794045,0.06190963179,2000,1600,0,22185.92329,22019.369,40416.273,42325.881,26017.8073,24584.782,46813.264,67004.62,39.87471442,13.84447437,168.453871,406.852021,39.87471442,74730.41152,369,22396.25595,40662.035,0.7890703734,0.8678637858,0.250574096,0.9504364802,349.5496044,0,0,349.5494693,0.0001351515153,0,0,0,0,0.9380903682,1.978738803,0.1439205955,0.8560794045,806,371557.648,0,0,3759,632,22271.93344,22180.33,40895.529,42325.881,25620.07823,24543.647,44983.311,57562.517,38.6005178,14.32558935,162.6333707,364.912384,504,22267.05363,21752.492,40012.195,42379.537,27952.06403,25025.572,55961.428,89668.968,27.8700206,11.72364035,101.0967926,299.7307839,308,21918.65195,21913.61,40342.129,41815.991,24426.67881,24200.752,45950.031,53067.309,55.14749121,18.82117848,231.4381041,530.7484126,156,22103.04806,20997.152,40343.997,42020.312,24521.44163,23333.47,47259.19,53159.771,53.66729583,13.37295677,266.9462355,666.62155,794,22287.38301,22019.481,40490.454,42403.368,26283.19848,24720.433,46932.638,70714.998,37.55456741,13.71338229,156.1729012,410.8922282,644,21987.54636,21959.583,40313.829,42543.85,25714.20038,24356.608,45950.031,70470.996,43.31858776,14.35539011,182.2698396,478.6838,162,22477.25489,22550.77,40337.483,41815.991,25923.99407,24141.345,46952.832,57562.517,37.55583975,12.30943158,135.383159,328.4212486
s1-load95,fifo+first_fit+none,8,1.199712713,0.3864022712,0.3283941162,0.04175171929,0.37375,0.06941460588,2000,1600,0,4510.882839,4860.396,9733.624,10331.891,6040.468898,6348.394,12060.401,17473.631,12.76107738,5.223976871,49.67388768,107.1081162,12.76107738,24318.91899,390,4471.37289,9848.007,0.8182204432,0.7823332421,0.2323573116,0.9582482807,112.2832756,0,0,112.2831618,0.0001137373738,0,0,0,0,0.9305853941,2.18264796,0.62625,0.37375,800,129836.245,0,0,3749,674,4501.763582,4576.918,9750.196,10419.976,5709.172987,6190.246,11269.532,14036.234,16.16793395,5.831687196,75.31182487,113.4109817,490,4376.260902,3707.007,9703.846,10276.688,5748.803598,5892.173,11706.278,21326.368,10.97960431,5.622800576,36.26222832,99.43544341,303,4594.830462,5795.083,9768.367,10371.648,6827.275218,6863.036,14223.504,21242.425,7.407485881,3.8825326,25.01011715,43.59544671,133,4861.822684,6042.469,9944.906,10239.668,7001.424737,7051.148,14750.251,18809,14.2561052,4.317619015,54.62772787,142.9954472,800,4526.821275,5354.063,9726.831,10270.105,6080.474372,6419.318,12157.853,17868.306,13.31674032,5.416563413,51.56896791,106.1083882,629,4367.929169,3882.257,9682.685,10371.648,5894.271558,6098.588,12017.16,17369.643,12.09117627,4.905539747,48.82104038,112.611865,171,4962.152491,5964.357,10024.929,10335.771,6391.075608,6968.307,11916.094,16155.45,12.62562382,5.354793539,40.64497082,103.8243679
s1-load95,fifo+first_fit+none,9,2.123228824,0.5830529433,0.8178938671,0.03691584767,0.6460957179,0.03927044807,2000,1600,0,9661.21622,7872.684,24242.43,26903.567,12084.68582,10020.849,26461.271,32283.957,18.82545335,7.123463028,74.95428618,180.3312453,18.82545335,44826.99222,346,10197.97299,24471.625,0.8254599854,0.8251908192,0.2428762067,0.9630841523,167.53496,0,0,167.5348609,9.911111113e-05,0,0,0,0,0.9607295519,1.651846018,0.3539042821,0.6460957179,794,209925.551,0,0,3914,645,9653.991992,7818.178,24242.43,26903.567,12067.68757,10084.94,26499.555,32283.957,16.5582654,7.1101489,58.00222796,150.417431,474,9819.594057,7997.136,24521.286,26995.878,12198.14305,10292.653,26851.771,30531.847,17.83557256,7.018515456,70.67534945,182.9994424,330,9606.835576,7736.19,24272.053,27088.983,12365.04885,9945.703,26583.623,36260.643,20.77719804,6.285453195,85.55612842,180.3312453,151,9313.760225,8111.921,23907.269,25434.822,11188.42983,9410.895,24892.841,32191.667,27.35170478,9.985780277,97.98153333,280.78185,806,9750.314507,7997.136,24193.71,26903.567,12240.7763,10528.38,26622.031,33117.985,19.01780261,7.229022005,73.06220676,162.2814137,627,9588.410879,7781.431,24304.097,27088.983,12022.0812,9746.661,25987.726,32283.957,19.26406012,6.844520188,82.10197313,180.3312453,167,9504.54394,7404.884,24123.306,26141.965,11566.38743,9225.726,26831.311,29535.986,16.25036385,7.575334361,59.33060312,203.5023062
s1-load95,fifo+first_fit+none,10,5.100833612,1.874804935,2.152704898,0.05514379824,1,0.01817998046,2000,1600,0,42985.26744,45087.251,63806.32,64969.187,45843.265,47340.592,66242.808,75635.939,66.65231938,31.97618302,241.0152753,531.7565768,66.65231938,127244.1764,352,44314.79079,64140.698,0.835533012,0.8465769778,0.2297487506,0.9448562018,345.6277311,0,0,345.6276196,0.0001115151515,0,0,0,0,0.9818200195,1.480466622,0,1,769,300729.876,0,0,3967,626,42840.68057,44810.393,63802.09,65324.286,45632.51081,47080.072,66242.808,70959.683,76.46999905,29.83792251,313.4901633,660.2212827,484,43246.21643,45083.647,64204.046,64982.912,47063.24896,47546.252,68746.974,79592.378,64.86722249,31.79684129,203.8528249,710.5178468,343,42518.73924,45335.581,61567.021,64864.879,44762.19394,47200.702,65208.147,69387.532,51.65263297,31.49332317,193.7367237,347.9477286,147,43830.37792,46000.93,63240.116,64593.626,45246.44361,47453.742,63973.922,66367.011,65.72042727,44.5944656,168.755893,295.7326812,831,42734.22943,45116.76,63806.32,64916.409,45505.0202,46971.8,66367.011,76311.594,68.70951242,31.97618302,255.7530426,491.5775489,627,43765.21303,45112.978,63886.444,65302.04,46722.94664,47848.839,66398.947,75830.77,66.78118595,32.39966735,226.0861706,660.2212827,142,41010.52589,44163.694,63322.117,65540.815,43938.48352,46476.361,64884.463,70844.542,54.04438449,30.47648389,165.3389577,309.4152854
s1-load95,fifo+first_fit+none,11,1.975749717,0.4553723409,0.8381958446,0.03937068519,0.6276202219,0.01519062397,2000,1600,0,13332.85949,10738.357,24844.182,25643.127,16135.32818,14595.444,29259.503,39648.755,17.09107088,7.914073955,58.54032494,148.3837545,17.09107088,35775.03907,333,13077.08006,24991.464,0.8223241226,0.8617360881,0.2395465135,0.9606293148,185.4108667,0,0,185.4107425,0.0001241616162,0,0,0,0,0.984809376,1.409235577,0.3723797781,0.6276202219,811,252987.361,0,0,3853,640,13054.018,7504.336,24616.82,25541.592,16346.3026,14459.597,29855.791,46999.718,16.31147563,6.942589057,61.98340233,150.7563392,470,13446.65423,11101.913,24860.784,25587.132,15589.75075,13821.152,27793.979,32202.65,16.9832016,8.441382454,58.3570881,103.7279942,327,13198.58253,7434.957,24924.418,25900.859,15742.96683,13323.248,29035.097,35409.763,20.16028663,9.374901278,63.62091377,217.0810201,163,14368.95515,14039.801,25140.784,26095.626,17667.22955,19583.894,33095.81,46557.102,14.30583145,7.428928934,46.85459027,92.97712436,789,13355.63722,11118.92,24844.182,25610.946,16245.85577,14937.137,29303.216,43191.21,16.99399004,7.861071379,60.46019448,150.3662807,653,13326.4887,7907.326,24865.033,25683.144,15854.28794,14353.647,28217.951,38975.237,16.56467207,8.764520078,54.89383394,103.7279942,158,13245.44495,8176.792,24810.159,25728.84,16744.90417,13276.528,33927.844,50181.831,19.75142032,6.380215698,75.32825051,309.9278865
s1-load95,fifo+first_fit+none,12,2.226038429,0.5971895362,0.5571568827,0.03833006394,0.9708383961,0.06252354973,2000,1600,0,11090.0749,10303.795,16514.168,18608.894,13606.49443,12656.456,21423.861,30854.623,19.95188926,9.179095779,76.77161382,159.1401398,19.95188926,39635.0928,349,11202.27648,16463.223,0.8136187995,0.8967429222,0.2714506562,0.9616699361,156.4253778,0,0,156.425265,0.0001128080808,0,0,0,0,0.9374764503,1.780368567,0.02916160389,0.9708383961,823,219032.071,0,0,3931,597,11093.28483,10391.049,16530.249,19608.376,12582.2539,12088.052,18809.062,22336.803,26.46279411,13.33651468,98.71578936,185.6784333,519,11105.91883,10277.285,16554.544,18020.158,14818.77967,13196.56,26522.213,36650.937,17.14365036,7.151730398,68.44714549,161.5695861,324,11104.27274,10496.584,16382.089,18608.894,13905.55011,13495.376,20337.808,23396.282,14.8636606,6.632497179,55.55921389,134.7226291,160,10997.95348,9915.2,16758.883,18774.781,12890.25391,12269.697,19514.577,25127.116,15.07096356,9.541735348,48.71861421,113.5513387,777,11133.95634,10276.825,16621.33,19085.781,13631.98635,12756.648,21609.249,29970.686,19.6258656,9.118802448,82.61244773,159.1401398,660,11039.94226,10299.978,16467.655,17689.373,13535.38208,12576.045,21249.593,29295.501,20.22561475,8.786540535,75.34407704,183.7950381,163,11083.88878,10422.775,16090.268,19081.314,13772.91731,12922.605,20568.33,37690.949,20.39766572,11.2457372,63.50553988,129.2840471
s1-load95,fifo+first_fit+none,13,1.48081006,0.3030906865,0.5232147543,0.04180367771,0.5252152522,0.08748568894,2000,1600,0,6894.023317,6084.327,15508.121,16259.636,9006.256706,7877.076,18150.841,21807.896,11.80373139,5.445234834,38.96377905,117.2070954,11.80373139,24017.40997,351,7152.966527,15526.528,0.8676199659,0.8554585977,0.2525846464,0.9581963223,160.4112378,0,0,160.4111604,7.741414145e-05,0,0,0,0,0.9125143111,2.238450041,0.4747847478,0.5252152522,813,174788.954,0,0,3852,628,6952.849718,6212.763,14932.106,15924.344,9083.281381,8226.338,17823.99,20440.593,7.75673615,4.930411191,24.6926467,38.19930187,479,6919.388837,5977.026,15554.432,16333.224,8864.621349,7538.117,18442.136,22755.594,14.07942298,6.305162761,56.91172232,111.1209235,328,6508.803506,5603.737,15617.803,16167.646,8349.255018,7320.044,17358.914,24682.861,17.36306635,5.924230046,92.39172924,156.7716942,165,7362.259885,6319.73,15707.99,16526.233,10430.30758,9283.86,20059.489,27249.74,9.549154863,4.103481069,32.63064116,88.43830685,787,6804.06146,6077.321,15453.543,16176.011,8911.17745,7858.414,17998.411,21959.833,11.769649,5.077406293,38.19930187,123.2773355,643,6965.873275,6093.525,15554.432,16259.636,9037.64153,7834.017,17981.835,21249.088,11.50996981,5.601914903,39.26382076,102.9539677,170,7038.731894,6093.884,15545.327,16291.178,9327.709247,8008.451,19972.381,29167.184,13.07262279,6.61356904,48.4187962,134.9087167
s1-load95,fifo+first_fit+none,14,2.293395967,0.7105204863,0.6086133432,0.05442295873,0.7874213836,0.1324177951,2000,1600,0,11756.50901,13447.078,18039.341,19325.451,13752.18457,15176.493,21562.096,28461.784,24.92607449,11.72111474,91.3408576,194.482066,24.92607449,47366.39341,378,12270.45956,18502.741,0.8336821388,0.8563524286,0.2658455991,0.9455770413,210.9500089,0,0,210.9498731,0.0001358383839,0,0,0,0,0.8675822049,2.804848459,0.2125786164,0.7874213836,795,171147.804,0,0,3832,594,12046.82005,13878.459,18442.379,19352.428,13459.87591,15124.842,20615.471,25298.506,35.19377923,18.08877069,134.3123159,248.33195,514,11597.54442,13282.04,17755.419,19265.469,13971.81467,15204.898,21561.536,26226.066,16.38391364,8.424638389,67.2962994,120.0361021,336,11712.02998,13587.186,17603.279,19231.339,13320.12442,15133.226,20848.119,23893.828,25.58891628,13.7630499,90.47406667,194.482066,156,11270.66284,12881.133,18303.665,19426.931,15072.1441,15610.835,30528.203,48513.959,12.54747975,6.999910787,42.58685711,66.14779724,805,11764.56474,13502.331,17755.419,19212.353,13777.68871,15295.293,21908.669,26226.066,23.42606306,11.93212657,86.23959994,146.3793158,635,11857.03406,13366.618,18343.161,19363.081,13761.17501,15151.534,21279.685,28461.784,27.05815637,11.84680318,114.6699825,237.265058,160,11317.01986,13040.833,17839.891,19259.165,13588.18606,14836.398,22004.37,40401.927,24.01130705,9.378851114,86.11415033,250.5425735
s1-load95,fifo+first_fit+none,15,3.957019421,1.299034617,1.478227807,0.06608622064,0.9912935323,0.1223772453,2000,1600,0,32492.85257,34186.421,43814.773,44644.483,35600.26163,37125.242,48305.95,57299.429,46.47300201,21.19696644,166.9972059,402.9166515,46.47300201,90425.05642,357,33227.28528,44047.248,0.8279727977,0.8354049153,0.2659855689,0.9339137794,394.7903933,0,0,394.7902749,0.0001184242426,0,0,0,0,0.8776227547,2.419149041,0.008706467662,0.9912935323,804,286953.422,0,0,3903,654,32689.47154,34515.716,43653.546,44524.765,35287.04428,36958.587,46601.844,54701.152,46.62864339,23.55080069,159.8678143,337.0200078,498,32049.16761,33894.814,43759.847,46387.911,36285.11243,37589.536,50534.785,66152.627,31.65322965,15.06527906,116.0885105,241.7532048,299,32616.47525,35007.364,43977.071,44631.242,34595.68672,36667.47,46096.342,57299.429,76.57388013,35.80921429,251.1788077,628.3730876,149,32864.68558,33494.621,44149.101,44956.632,36701.98205,37349.19,50861.808,61356.152,34.91793231,18.75061166,128.203593,220.2412253,796,32347.35311,33894.814,43781.332,44826.962,35708.287,36970.066,48945.732,57908.266,44.90952921,20.21635658,168.5355878,446.295526,652,32645.02761,34427.415,43874.954,44631.242,35655.72338,37288.64,48248.192,57299.429,45.91868071,20.79438088,154.1651648,421.2563753,152,32602.05943,34007.945,43814.773,44290.391,34796.64812,36778.91,45910.4,60120.065,57.03840883,27.43344325,188.7741334,402.9166515
s1-load95,fifo+first_fit+none,16,3.256118877,1.265809809,1.065254465,0.06532971551,0.7910447761,0.06868011138,2000,1600,0,16126.43111,17652.891,31574.215,36953.259,17790.33958,19161.433,33694.233,39185.363,41.44214013,17.88220895,162.7259956,354.7481167,41.44214013,87325.71555,364,16227.77773,31787.83,0.8559000717,0.8350976782,0.2534588992,0.9346702845,238.4346644,0,0,238.4345474,0.0001170505051,0,0,0,0,0.9313198886,2.250146001,0.2089552239,0.7910447761,804,155951.674,0,0,3895,625,15641.57286,16777.14,31505.699,35276.721,17070.72095,18308.003,33474.364,40597.7,46.7573966,19.68998297,180.2990466,355.8588667,493,16425.19573,18361.807,31791.265,37288.224,18425.32367,19594.922,34617.883,40580.717,39.05751247,16.95181093,154.7693384,361.7077833,322,16289.59478,17230.766,31390.069,35384.057,17725.48739,18908.043,32483.769,37887.216,45.04330125,18.20391017,149.7726561,359.1152189,160,16771.47329,19479.852,31533.57,37298.504,18775.32016,20566.795,33605.725,38683.296,20.77971678,13.24811857,67.76314333,129.0167552,796,15697.94599,17095.951,31517.41,37288.224,17417.30373,19093.17,33824.132,38987.182,40.87846363,18.01348418,164.0729555,338.7859089,633,16417.83844,18263.984,31585.906,36860.167,18034.67057,19138.172,33660.547,39185.363,40.71658688,16.96713283,156.6339768,361.73475,171,17042.29847,17803.239,31787.83,37061.741,18622.35726,19959.556,34617.883,41313.272,46.75185771,21.90806229,216.2419767,347.7284238
s1-load95,fifo+first_fit+none,17,3.26961096,0.8498028923,1.44689188,0.05825002659,0.8419023136,0.07276384722,2000,1600,0,20374.9791,15772.942,42885.974,44027.543,23184.74747,22027.219,45366.679,52051.804,28.75484052,11.77524612,109.246287,282.7199029,28.75484052,56258.72288,372,20175.31345,42688.203,0.8416040866,0.8271444127,0.2452927517,0.9417499734,328.2620267,0,0,328.2618966,0.0001300606061,0,0,0,0,0.9272361528,1.852121988,0.1580976864,0.8419023136,778,257931.164,0,0,3842,628,21019.11062,20439.433,42918.222,44065.99,24024.62336,23126.042,45363.197,51304.507,26.17181273,10.4355064,94.95964226,260.8443708,486,19525.34998,15516.355,42989.967,44084.715,22820.29851,18605.214,46172.202,54350.578,23.78354162,9.177568039,74.91138146,320.1605548,340,20318.12554,15710.854,42371.257,43759.689,22194.0599,20616.335,43897.046,54703.105,43.00816482,18.18559559,142.6350795,415.1185321,146,20564.9474,15446.827,42237.334,43906.846,23092.37698,19713.296,45313.283,49973.801,23.22102168,11.24265591,106.851958,187.0933726,822,20263.14423,15710.854,42989.967,43997.765,23034.96975,21496.237,45439.842,50642.208,28.20698617,11.49076086,110.3335695,282.7199029,617,20398.21598,15715.228,42819.096,43999.345,23276.41385,21671.85,45473.371,54350.578,27.39250632,11.13587824,94.78171514,255.3859727,161,20856.91148,21813.885,42522.131,44283.199,23598.15819,25898.805,44643.213,46172.202,36.77283103,13.97141381,154.0832298,424.5120217
s1-load95,fifo+first_fit+none,18,2.917689149,0.8453934112,1.01360617,0.03739424994,0.9583858764,0.06290944216,2000,1600,0,21016.4399,23151.721,30043.356,31421.242,25003.76191,25721.956,39059.622,56595.904,29.17639131,13.9606825,108.6794268,220.215739,29.17639131,53885.51813,356,21671.26217,30666.925,0.7762430677,0.9172490286,0.2621751156,0.9626057501,248.7942311,0,0,248.794112,0.0001191515152,0,0,0,0,0.9370905578,2.050223133,0.04161412358,0.9583858764,793,372386.228,0,0,3858,654,20910.44036,23151.721,29867.889,31417.285,27355.05831,27160.119,45961.116,70422.207,18.81642394,7.830944075,77.54093985,144.6139708,489,20956.31173,22939.207,29909.45,31427.234,23537.25418,24711.315,33794.951,41989.374,38.57786764,18.92532273,142.8939022,362.4401833,318,21131.62749,23245.385,30392.615,31752.551,22549.05102,24506.794,32032.683,34998.203,36.70961478,22.21991875,120.1900904,215.827539,139,21463.17894,23403.093,30455.166,31345.166,24715.79429,25590.201,35923.191,43297.529,27.611871,14.9207191,112.0207414,174.0431632,807,20797.54754,22955.705,29978.073,31417.285,24405.64951,25141.359,37605.26,48936.526,31.28626924,14.48149407,115.2024636,225.1508114,633,21307.74919,23470.742,30188.791,31475.399,25845.62237,26240.084,41032.624,64527.933,28.03266569,13.05632451,102.0161715,208.7580836,160,20967.98591,22920.877,29498.692,30955.074,24689.88091,25095.701,35373.887,70926.915,23.05955899,12.25142044,85.40975652,139.4354447
s1-load95,fifo+first_fit+none,19,1.21817469,0.4114254076,0.3161183347,0.02763782675,0.3814681107,0.08152501069,2000,1600,0,5002.953646,5081.921,9369.769,10345.552,7592.240956,6991.097,14878.013,31785.66,12.61081681,4.922884192,52.89073333,110.1915752,12.61081681,25960.39044,338,5364.196,9797.871,0.8286243943,0.775214444,0.2246805983,0.9723621733,129.6733689,0,0,129.6732941,7.482828285e-05,0,0,0,0,0.9184749893,2.549572648,0.6185318893,0.3814681107,831,259924.809,0,0,3680,656,4793.316108,4913.326,9437.462,10236.165,8533.598322,7244.087,18208.845,43585.999,7.008202243,3.411898006,25.34384208,48.54083166,468,5124.747927,5202.725,9520.445,10693.193,6768.382432,6766.112,12793.396,18042.179,16.17190538,8.237613447,61.82494315,116.8023082,316,5321.323864,5366.197,9251.468,10324.437,7406.51687,7288.91,13428.451,25210.323,17.86792075,5.113074228,83.69156667,122.72625,160,4877.438094,4950.602,9105.368,10142.287,6509.267006,6053.281,14037.486,17016.765,14.78257221,5.507214569,57.15774432,110.1915752,769,5127.662388,5246.202,9516.055,10476.129,7651.090506,7111.764,14625.582,29993.164,12.38053032,4.730125235,48.54083166,116.8023082,662,4828.233941,4912.536,9169.975,10213.481,7484.720488,6818.518,15388.693,32282.239,12.54631924,4.981454837,52.89073333,98.61470675,169,5119.89697,5001.909,9155.571,10142.287,7745.632941,7468.395,17007.775,27094.338,13.9113358,5.113074228,53.4247045,110.1915752
s1-load95,fifo+first_fit+none,20,2.623923294,0.8500016615,1.000551476,0.04287017318,0.5691158157,0.1613841667,2000,1600,0,11367.24942,7272.42,29656.414,30283.09,14472.08869,11201.613,33224.526,44965.883,22.78316679,4.662932977,109.2718397,322.4097412,22.78316679,45841.01053,353,11925.56414,29835.499,0.8204612237,0.8264967773,0.2389372208,0.9571298268,235.7378467,0,0,235.737742,0.0001046464647,0,0,0,0,0.8386158333,2.952690242,0.4308841843,0.5691158157,803,259461.649,0,0,3717,645,11575.31927,7575.096,29694.905,30516.58,16721.34498,14454.859,36953.578,53958.165,14.82537937,3.11184805,68.845735,193.480373,467,11639.63187,7933.821,29537.67,30173.596,12957.74614,10037.934,30744.248,32434.009,37.2252147,8.195404296,202.4433562,454.5304667,310,11125.14721,3611.362,29797.163,30283.09,13559.45944,9670.006,32084.537,37337.307,12.60721974,4.13735719,53.23806728,112.1948855,178,10320.30575,2816.565,29499.435,31356.101,11884.12654,6557.254,31794.884,38395.754,31.45103249,7.468050214,166.5410005,396.8209775,797,11223.40291,7279.399,29649.817,30629.015,14275.00821,11333.237,33224.526,46018.437,21.76009181,4.892945442,110.599448,269.9470966,621,11362.62005,6692.853,29574.819,30283.09,14683.288,11292.25,33236.474,47062.558,24.04311287,4.517819468,107.6399385,396.8209775,182,12012.96649,7653.308,29752.277,30248.249,14614.49734,10968.099,32513.784,36851.29,22.96428896,4.739946525,92.76047498,322.4097412
s1-load95,fifo+topology_aware+easy_predicted,1,0.2071163245,0.03186153961,0.1001353634,0.02881879135,0.04187192118,0.004428708986,2000,1600,0,459.0736563,0,2968.019,5581.09,3650.640219,1653.619,10509.851,46326.346,1.667208539,1,4.095955582,11.12173904,1.667208539,3110.082087,370,1603.989673,5502.467,0.8590060054,0.2737113278,0.1735634534,0.9711812086,166.2849867,0,0,166.2849022,8.448484853e-05,0,0,0,0,0.995571291,1.17377024,0.9581280788,0.04187192118,812,288796.147,164,70,3238,647,533.5641082,0,3408.719,6254.838,2842.003122,1903.127,8858.251,15033.631,1.768148757,1,4.261639467,10.35242347,468,363.0469081,0,2214.442,4601.058,1967.321784,1169.912,6946.16,9655.743,1.60974621,1,4.370651077,12.90466512,333,369.7527778,0,2049.349,4065.704,7624.511589,1683.387,46326.346,86400,1.506384041,1,3.401754261,11.51847992,152,633.3437105,0,3684.268,6267.016,3569.601158,2476.709,10612.137,15590.314,1.766804639,1,5.792385613,11.58688903,788,427.2017424,0,2547.161,6267.016,3605.837268,1765.726,9885.483,48633.587,1.708348243,1,3.746051945,11.51847992,648,465.3695988,0,3116.326,5307.714,3581.855733,1551.211,12151.918,44785.025,1.566831052,1,3.685622167,9.887820513,164,587.3376646,0,3482.14,6990.942,4137.695537,1741.927,9655.743,67241.783,1.866150767,1,5.929824808,14.65965639
s1-load95,fifo+topology_aware+easy_predicted,2,0.5632653576,0.06996995307,0.3386599832,0.05946241528,0.08729139923,0.007881606818,2000,1600,0,1520.158625,0,10037.905,20084.416,4775.576018,2137.897,19752.575,28092.181,2.470980624,1,8.994977123,20.97084001,2.470980624,7162.683265,332,5001.176633,20084.416,0.8799906499,0.2604609083,0.153929304,0.9405375847,369.5608733,0,0,369.5607739,9.939393945e-05,0,0,0,0,0.9921183932,1.238848678,0.9127086008,0.08729139923,779,240050.639,166,70,3463,636,1560.046689,0,10513.73,20084.416,6170.966527,2973.586,22146.581,35930.973,2.324544396,1,8.504035709,20.35432212,502,1602.077649,0,10452.599,20214.876,4120.963231,2078.87,18179.738,24651.92,2.436671632,1,8.316177424,17.79364375,311,1365.310723,0,7348.639,19363.813,3129.386457,1637.242,11369.898,21543.504,2.879758752,1,9.401083841,41.36287152,151,1398.738351,0,9628.508,20383.762,4465.060841,2030.577,16702.869,31951.83,2.35989822,1,11.30577693,26.30025037,821,1619.252737,0,10770.102,20016.234,4997.855572,2188.041,19789.142,32412.392,2.475058799,1,9.108756046,20.39347509,635,1363.70846,0,8751.14,20383.762,4513.120233,2137.897,18504.467,27444.603,2.394089238,1,8.015645333,30.50845273,144,1645.086326,0,16432.071,19660.985,4665.630938,1906.246,20106.426,29759.55,2.78679902,1,8.505977211,17.42934488
s1-load95,fifo+topology_aware+easy_predicted,3,0.8592085063,0.1634543334,0.3967595459,0.03653853672,0.2470892626,0.01536682768,2000,1600,0,3438.677456,2115.765,11759.98,14619.344,6053.595906,4519.761,16372.311,28432.809,5.558515174,2.288059486,21.01284802,35.64409591,5.558515174,9738.758369,377,7780.031621,14512.388,0.9750778697,0.1445948393,0.2372886605,0.9634614633,170.5191489,0,0,170.5190549,9.397979799e-05,0,0,0,0,0.9846331723,1.41703142,0.7529107374,0.2470892626,773,180536.035,227,96,3931,639,3545.40771,2322.657,12232.27,14418.813,7325.148321,5606.673,20394.343,34784.444,4.812506589,1.84783356,18.23465612,34.78695068,481,3278.746877,2108.2,10957.233,14619.344,4915.551112,3851.692,13053.35,18112.103,6.085636337,2.953283905,25.22518421,42.98630535,318,3544.751289,1995.76,12474.65,14785.115,5772.865824,4420.528,16652.768,19726.774,5.617883194,2.378200185,22.06755365,32.22812341,162,3284.3225,1635.028,11543.821,14875.718,4968.100346,3235.669,14236.906,16569.087,6.819473045,2.675698817,21.01284802,40.03455,827,3516.438037,2144.711,11968.466,14868.417,6197.501156,4652.363,16806.722,29037.456,5.589849492,2.443366902,21.56573132,39.0925475,629,3326.952927,2021.034,11599.618,14496.188,5760.358456,4393.597,15271.364,19842.097,5.627813257,2.20187232,20.5359689,34.78695068,144,3480.113069,2224.088,12237.299,14450.417,6508.017535,4676.136,19285.766,30651.603,5.075862562,1.937826007,19.83735067,31.73897066
s1-load95,fifo+topology_aware+easy_predicted,4,0.4303152891,0.05712543776,0.2049555675,0.03519781565,0.0821192053,0.05091726281,2000,1600,0,1325.852254,104.806,6074.897,10478.475,3924.27259,2568.837,11911.709,18391.391,2.510476301,1.05854947,7.343752329,20.28819553,2.510476301,4914.436863,354,4047.674525,9794.024,0.9411299366,0.2906615125,0.2284104263,0.9648021843,167.6422956,0,0,167.6422091,8.642424246e-05,0,0,0,0,0.9490827372,1.842338631,0.9178807947,0.0821192053,755,190726.617,225,109,3822,615,1247.473257,53.065,6243.206,10478.475,3219.827654,1889.313,10934.733,14947.67,3.245477732,1.031145409,11.92730921,28.63446462,495,1305.325186,97.218,6100.245,8809.801,4943.272113,3343.455,13892.903,22416.159,1.761607599,1.036701891,5.101680658,8.672196723,334,1432.069808,154.115,5958.099,11196.611,3764.051051,2578.655,10536.592,15646.416,2.132179187,1.076796842,6.600173966,11.16680512,156,1472.56584,237.48,6187.486,13132.898,3811.085833,2816.47,10685.559,15391.549,2.799036326,1.146405343,7.907589804,20.12501214,845,1363.280964,161.673,6104.75,10533.53,4082.382863,2740.572,12332.929,18568.08,2.637926116,1.090386065,7.78220602,24.3090863,608,1252.443186,22.393,6062.891,10846.459,3727.653656,2398.19,10862.617,18215.376,2.374276842,1.013229924,6.600173966,20.28819553,147,1414.324728,142.233,6029.248,8502.669,3828.634027,2320.02,11913.394,17045.224,2.341184989,1.073492165,7.897131188,15.47143732
s1-load95,fifo+topology_aware+easy_predicted,5,0.2062938491,0.0285482177,0.1120529136,0.03401527887,0.02785145889,0.003825980101,2000,1600,0,486.5535862,0,3321.256,5058.415,2667.447904,1866.942,7536.788,12025.832,1.527523392,1,3.670011967,9.833400007,1.527523392,2999.117129,334,1608.94065,5058.415,0.8786273187,0.2714465099,0.1500971751,0.9659847211,126.9817444,0,0,126.9816716,7.280808084e-05,0,0,0,0,0.9961740199,1.180094338,0.9721485411,0.02785145889,754,181119.95,192,77,3401,639,547.409277,0,3421.935,4994.98,2678.736626,1739.124,7357.168,15560.15,1.560783728,1,4.579407434,10.51694892,486,511.1426811,0,3613.123,5346.042,2326.380842,1708.263,6310.435,10571.352,1.564683037,1,3.961736963,9.833400007,322,381.6685342,0,2330.869,5003.54,3142.637404,2457.29,8097.31,11945.323,1.365544951,1,2.43111429,9.265358115,153,375.0235229,0,2761.077,3997.431,2703.618359,1866.942,8221.547,14399.964,1.611471865,1,2.961671291,19.35931667,846,529.5827801,0,3421.935,5173.35,2751.41656,1916.689,8048.571,12883.457,1.547519164,1,4.081762612,10.22830225,602,452.4160864,0,3339.433,5003.54,2551.34957,1788.425,7073.064,10223.758,1.527461696,1,3.481782467,9.833400007,152,382.2646184,0,1964.433,4102.439,2659.906546,1896.29,6896.15,15560.15,1.416475489,1,2.703139572,9.319807996
s1-load95,fifo+topology_aware+easy_predicted,6,0.7210173666,0.1251448581,0.3692173691,0.04106026564,0.1844059406,0.001188933208,2000,1600,0,2201.023649,692.601,10943.628,11915.615,4122.858106,2549.484,13074.286,17640.895,4.153040002,1.608860973,16.087979,33.50494256,4.153040002,7940.98522,388,6138.907103,11838.218,0.9712121189,0.1681470479,0.2266778547,0.9589397344,145.58814,0,0,145.5880515,8.852525255e-05,0,0,0,0,0.9988110668,1.099968873,0.8155940594,0.1844059406,808,152958.397,230,113,3915,647,2059.865876,660.203,10849.533,11669.532,4117.6927,2761.926,12966.644,16545.178,4.122235008,1.540246753,16.087979,34.72503333,472,2345.223661,724.617,11009.088,11933.929,4134.832383,2550.767,13186.837,17586.529,4.185378083,1.720436846,17.25107257,33.6671308,318,2185.074849,606.244,11196.397,11963.272,3444.006553,1964.096,12136.143,14502.238,4.295022691,1.62474719,15.66108145,32.64917579,163,2374.87881,974.216,10350.994,12063.712,5433.07254,3111.441,16412.749,28724.017,3.904676575,1.604778563,15.89940488,25.25668739,792,2109.095992,685.793,10892.569,11861.597,4118.843765,2604.4,12758.67,19332.275,4.225002361,1.544350481,17.25107257,34.57661169,644,2356.628306,707.711,11196.397,11950.809,4156.947688,2554.868,13479.265,15605.894,4.160336604,1.658814773,15.89940488,28.74487331,164,2033.934043,660.203,10058.103,11782.629,4008.38047,2354.227,13180.005,18197.615,3.776861952,1.662294545,11.77905206,33.59664051
s1-load95,fifo+topology_aware+easy_predicted,7,0.4802639592,0.07224023848,0.2708113539,0.02642384353,0.1042183623,0.006570160948,2000,1600,0,1205.673659,0,8026.867,12216.121,5009.684871,2128.862,16680.496,42329.968,2.522728428,1,9.286833333,26.84205923,2.522728428,4458.804505,369,4216.656556,12019.852,0.9012362891,0.3527123984,0.1910861863,0.9735761565,181.9264444,0,0,181.9263642,8.028282834e-05,0,0,0,0,0.9934298391,1.220806249,0.8957816377,0.1042183623,806,339574.561,176,84,3409,632,1262.367315,0,7970.375,12603.631,4589.897707,2111.582,15087.857,33017.679,2.393694189,1,9.802412898,22.72125198,504,1138.859972,0,7651.579,12321.138,6775.055661,2509.773,31305.92,68088.711,2.425217794,1,6.55997588,31.36283088,308,1190.759786,0,8365.208,11920.569,3672.884614,1781.876,13337.393,24778.908,2.922236823,1,12.45265589,26.84205923,156,1221.296615,0,8384.76,11907.868,3646.179032,2141.82,13405.389,16905.424,2.571743893,1,9.834769603,28.90582388,794,1203.464385,0,8078.33,12603.631,5156.610327,2227.712,16225.858,47457.255,2.406232411,1,9.576053051,21.77481312,644,1188.476758,0,8306.91,11989.288,4899.7515,1989.817,16828.936,41541.625,2.73193582,1,8.813810672,32.61123395,162,1284.864821,0,7351.52,12297.632,4726.587827,2387.895,16905.424,33017.679,2.262038779,1,7.797270923,23.13358412
s1-load95,fifo+topology_aware+easy_predicted,8,0.2135924151,0.04722772818,0.0764016798,0.03517096773,0.04875,0.006042039409,2000,1600,0,457.9386981,0,2264.551,4062.653,1984.171127,1190.666,6409.728,12122.439,2.000001834,1,6.071353715,14.08562522,2.000001834,3649.934206,390,1368.322977,3944.79,0.8893985598,0.3259461348,0.1629018394,0.9648290323,93.94046667,0,0,93.94037127,9.539393942e-05,0,0,0,0,0.9939579606,1.214114087,0.95125,0.04875,800,124122.986,229,103,3423,674,457.1226691,0,2241,4616.247,1661.407257,986.23,5621.2,10958.209,2.190920782,1,6.80211417,17.7437653,490,424.1981816,0,2182.438,4389.462,1798.345629,1084.014,5287.32,12710.929,1.849940451,1,5.468530071,13.63508789,303,496.663934,0,2462.751,3590.996,2717.31966,1750.555,7934.927,13651.835,1.804542757,1,5.311475378,12.18159877,133,498.1575714,0,2418.248,3955.947,2634.196218,1537.342,10408.911,14700.107,2.030639481,1,7.487066667,11.6127,800,443.3962313,0,2241,3879.641,1992.918124,1136.923,6230.677,12823.07,2.012075816,1,5.913394409,14.33577897,629,446.5340509,0,2315.031,4164.637,1971.086933,1242.927,6423.38,11215.93,1.943836538,1,6.093913908,13.7573112,171,567.9240585,12.022,2558.97,5200.019,1991.377912,1283.948,6664.619,9076.432,2.150111697,1.009060199,6.78282409,15.4761068
s1-load95,fifo+topology_aware+easy_predicted,9,0.3566870446,0.05358852044,0.169161824,0.03368443229,0.08186397985,0.01838828807,2000,1600,0,1006.287192,12.352,5013.968,9643.318,3426.912747,2026.654,10972.605,19540.099,2.249997768,1.006877608,6.889064438,18.43201999,2.249997768,5585.777379,346,3000.95041,9528.405,0.9085503031,0.2427420129,0.1685207332,0.9663155677,152.3586422,0,0,152.3585614,8.080808083e-05,0,0,0,0,0.9816117119,1.389230706,0.9181360202,0.08186397985,794,189727.073,177,81,3622,645,1014.867389,42.646,5241.78,9901.366,3420.576887,2178.983,10018.745,19540.099,2.161436196,1.020386508,6.640124478,14.84328333,474,923.7322954,0,4714.237,9090.519,3302.477171,1869.353,10972.605,14413.205,2.105776546,1,6.177316674,16.55350745,330,1025.711636,45.528,4791.858,11801.754,3783.389815,2301.898,13050.635,24256.326,2.321197499,1.021863199,6.985559937,13.65249331,151,1186.331742,0,6026.116,8823.214,3065.53302,1473.206,11661.547,17480.526,2.925409437,1,11.31975373,35.08211667,806,1055.031996,41.173,5309.823,9643.318,3539.361153,2100.126,11661.547,20715.288,2.324549422,1.030492265,6.924404612,18.25921667,627,979.8174928,3.365,4930.553,9710.457,3416.714611,2079.933,10318.811,19540.099,2.247845526,1.005674101,7.429811883,20.12617923,167,870.4080838,0,4204.408,8447.66,2922.486503,1733.793,9614.876,16598.901,1.898266169,1,5.550176814,11.1456574
s1-load95,fifo+topology_aware+easy_predicted,10,1.624310808,0.2698571686,0.8053443683,0.04273831814,0.5058517555,0.0005191977311,2000,1600,0,8281.077688,5954.472,23870.462,33026.156,11126.18341,8595.135,30831.273,39269.083,9.387084899,4.008030714,34.691449,65.5488721,9.387084899,16965.96422,352,19698.36739,32953.443,0.9839337934,0.1474041157,0.2826853977,0.9572616819,264.40178,0,0,264.4016871,9.28888889e-05,0,0,0,0,0.9994808023,1.06617352,0.4941482445,0.5058517555,769,267074.039,181,91,3959,626,7913.313641,5257.905,23766.295,32953.443,10684.11868,7757.196,30490.207,38615.234,9.171799641,3.628942238,34.691449,62.74272823,484,8566.296378,6189.938,25410.273,35015.937,12382.20853,9471.896,33519.444,44390.779,9.451305677,3.391405852,37.25007156,75.61684979,343,8691.67405,6708.244,23358.93,32623.196,10913.68357,9026.974,28510.124,37574.076,9.521527752,5.088445316,33.44905316,59.60182143,147,7950.056571,7143.438,23341.541,27926.72,9369.066469,7657.47,24941.158,31347.591,9.778729907,5.328606633,33.47559774,50.31848095,831,8170.000212,5892.562,23524.896,32629.554,10924.06663,8399.318,28986.61,39113.299,9.761816136,4.017373034,34.30911269,66.45746967,627,8389.863459,5801.047,24929.393,34669.999,11337.59938,8237.12,32998.854,40225.343,8.943451652,3.864185444,34.8585335,62.74272823,142,8450.772789,6736.492,23016.698,32749.905,11375.48788,10166.024,28738.065,38552.202,9.152974949,3.758119139,34.7327382,70.2012276
s1-load95,fifo+topology_aware+easy_predicted,11,0.6445724556,0.07742730881,0.3660128893,0.03544166671,0.1615289766,0.004161614277,2000,1600,0,2019.589729,300.894,10848.647,14515.544,4817.81743,2752.277,15655.217,25425.573,2.927980252,1.141311162,9.953656403,24.12053261,2.927980252,5342.618809,333,5517.800402,14391.845,0.9149581357,0.2222272576,0.1782838619,0.9645583333,166.2278111,0,0,166.2277098,0.0001012929293,0,0,0,0,0.9958383857,1.191441252,0.8384710234,0.1615289766,811,231920.042,178,73,3599,640,2059.35565,300.894,10858.203,14762.99,5351.909316,3152.76,16575.324,31875.729,3.000163664,1.130417655,10.08075266,24.30096928,470,1939.473404,106.795,11058.641,14391.845,4078.25763,2273.911,14281.59,17272.577,2.676593871,1.100000907,8.833310661,20.40958963,327,1803.133376,323.119,9477.123,13666.493,4342.598719,2350.386,14329.56,26396.981,3.189004353,1.136927205,11.88484073,25.13886786,163,2528.704521,587.911,11895.878,14640.15,5806.595454,3495.943,16186.35,33265.633,2.845767582,1.321414925,9.953656403,19.91411194,789,2023.689328,304.39,11058.641,14651.662,4914.067171,2752.277,16002.007,26817.081,2.969582139,1.158357304,9.953656403,22.48210007,653,2023.151631,315.371,10736.005,14515.544,4543.562162,2551.435,15067.283,21884.482,2.915432591,1.144571051,10.479868,24.95338432,158,1984.396658,256.558,10579.474,14103.82,5470.65062,3261.212,19882.907,29188.918,2.772092493,1.109229448,9.611129687,25.13886786
s1-load95,fifo+topology_aware+easy_predicted,12,0.2259277028,0.03640628394,0.1107358788,0.03516876514,0.03888213852,0.004734636446,2000,1600,0,593.1608338,0,3282.219,6242.666,3106.494446,1904.586,10019.838,18503.24,1.775384953,1,4.680204528,11.75330354,1.775384953,3697.422511,349,1840.694693,6203.802,0.8822162469,0.3432824977,0.200595421,0.9648312349,143.0538244,0,0,143.0537227,0.0001017777778,0,0,0,0,0.9952653636,1.209228407,0.9611178615,0.03888213852,823,200341.006,202,84,3527,597,548.3948476,0,3304.971,6764.506,2035.971062,1259.19,6988.293,10850.427,1.899275191,1,4.861544994,12.61581023,519,581.7949981,0,3282.219,5709.643,4289.593532,2596.593,16243.079,23593.633,1.783770794,1,5.201101087,11.75330354,324,647.5120772,0,3638.959,6242.666,3446.332873,2392.224,10019.838,13898.574,1.570650491,1,3.515198939,12.49485648,160,687.0005812,0,2906.754,6066.272,2575.034344,1828.532,7162.695,12484.475,1.700505211,1,4.568233674,7.302937927,777,635.3318288,0,3438.33,6242.666,3133.683902,1954.039,11032.008,20534.186,1.827034717,1,4.861544994,13.28672243,660,581.6022515,0,3269.366,6742.694,3075.31188,1935.237,9760.652,17298.279,1.765997239,1,4.607633872,10.86670912,163,438.9387546,0,2539.131,3714.071,3103.146503,1548.445,9012.812,28479.054,1.567188778,1,4.663984338,8.545197684
s1-load95,fifo+topology_aware+easy_predicted,13,0.3018886662,0.05115606104,0.1352683797,0.03485296734,0.07011070111,0.01050055699,2000,1600,0,929.5155912,270.066,4009.364,6131.706,3035.838944,2152.625,8635.038,13471.414,2.193332385,1.155053397,6.576359974,14.26229661,2.193332385,4346.47771,351,2542.649826,5961.06,0.9386934541,0.2596118442,0.2137637648,0.9651470327,132.7764578,0,0,132.7763828,7.498989902e-05,0,0,0,0,0.989499443,1.263487866,0.9298892989,0.07011070111,813,158614.527,248,117,3768,628,969.660371,332.012,4029.936,5984.902,3090.945592,2375.931,8495.963,12181.488,1.93369416,1.155060178,5.495425597,9.116783529,479,936.1554676,262.257,4290.754,7054.482,2876.566027,1883.762,8754.582,14956.779,2.418859344,1.14719603,8.77913049,18.78026962,328,828.4949756,189.286,3878.185,5943.216,2660.892466,1912.82,7119.82,12434.706,2.443199107,1.184716581,8.249716843,15.78175,165,958.263103,270.066,3827.363,6810.393,4033.821958,2930.251,11908.42,17911.959,2.030114851,1.110746675,7.802298265,12.80421569,787,946.2116163,249.834,4221.97,6131.706,3050.129807,2136.313,8421.401,13742.266,2.260870313,1.141256448,7.005179929,17.60122573,643,917.8121353,308.037,3827.363,6389.204,2985.029507,2192.57,8733.649,12053.71,2.089495858,1.181062133,6.248966082,14.18761065,170,896.4894176,187.166,3715.204,6620.691,3161.859882,2117.149,10771.544,19569.054,2.273417897,1.166579362,9.337898337,14.88310474
s1-load95,fifo+topology_aware+easy_predicted,14,0.3516476588,0.06860662925,0.141948054,0.04352242985,0.07044025157,0.02713029421,2000,1600,0,934.3601513,140.871,4207.35,6900.763,2922.640696,1843.018,9048.677,15058.718,2.521043414,1.093570195,8.819715228,19.16066999,2.521043414,4544.979181,378,2579.65555,6824.42,0.9400997259,0.3726899012,0.2760643658,0.9564775701,166.7756578,0,0,166.7755597,9.80606061e-05,0,0,0,0,0.9728697058,1.514529049,0.9295597484,0.07044025157,795,154012.142,268,121,3790,594,953.9693165,127.365,4656.095,7727.081,2357.251305,1441.234,8313.447,13748.045,3.007368065,1.128864782,11.41228333,21.41407647,514,942.7387374,150.814,4650.826,6843.974,3303.781263,2359.59,9164.143,13281.989,2.105033325,1.077337181,6.081566981,19.26163029,336,872.5776458,182.399,3910.662,6391.419,2486.592536,1670.944,7394.966,12126.818,2.546249482,1.080961126,8.819715228,15.71083851,156,965.1581282,135.482,4234.893,6900.763,4758.840885,2455.97,17690.944,32761.845,1.985678694,1.0329756,5.952578552,18.88191952,805,936.1549578,147.989,4095.532,7079.03,2934.32838,1879.384,8656.951,14536.52,2.44841238,1.093570195,8.819715228,18.73866366,635,938.9909669,150.814,4611.297,6516.216,2845.77746,1770.316,9048.677,15058.718,2.683145468,1.113236348,9.990350059,23.06268194,160,906.9514813,28.305,3735.741,7870.492,3168.888006,1917.362,10270.695,25809.39,2.243125774,1.039880882,8.027635611,13.44707051
s1-load95,fifo+topology_aware+easy_predicted,15,1.260904919,0.179174839,0.577439697,0.05267291567,0.4278606965,0.0237567711,2000,1600,0,6088.310171,3828.506,17115.352,23142.947,9182.513526,7490.329,23597.949,31708.875,6.901139907,3.084654319,23.03379532,41.63036281,6.901139907,12147.85287,357,13311.9161,23129.246,0.9800367868,0.1372456425,0.2367337438,0.9473270843,310.2057533,0,0,310.2056492,0.0001041616163,0,0,0,0,0.9762432289,1.445213086,0.5721393035,0.4278606965,804,254375.334,193,97,3922,654,5887.255026,3278.338,16774.033,22757.789,8474.191508,6492.333,21911.8,29528.379,6.698199407,3.140835981,22.03846201,35.57817971,498,6568.052763,4879.746,18311.95,23860.074,10771.34457,9190.907,25075.017,42284.832,6.145611655,2.6459927,18.76924792,37.44159637,299,5389.429241,2568.855,16086.754,23299.283,7372.881803,4933.017,20698.276,27987.716,8.881718383,4.846174814,34.72505648,63.40214366,149,6769.811195,6155.669,16594.484,19113.371,10612.61168,9706.281,26567.282,37780.166,6.342637846,2.955680168,22.6099349,27.05934097,796,6409.685274,4640.363,17209.982,23501.039,9759.402719,8467.079,25166.557,35851.326,7.133128716,3.219739834,23.31415119,40.78640629,652,5716.621307,3144.652,17062.428,22705.76,8714.353209,6624.041,22493.597,30680.919,6.463643575,2.829488596,22.71752572,43.89215171,152,5999.669105,3575.007,17115.352,20072.051,8169.597276,6047.521,20718.289,37676.172,7.562880153,3.795142663,23.13083875,56.91645219
s1-load95,fifo+topology_aware+easy_predicted,16,1.133442192,0.2591511738,0.4607010655,0.05152950979,0.3407960199,0.02126442298,2000,1600,0,4390.518737,2214.681,13655.211,17473.13,6046.068222,4049.332,17170.321,25031.38,8.76435421,3.629313791,33.3151414,61.86275,8.76435421,18885.74176,364,9175.280473,17432.647,0.9771524695,0.1368546033,0.2416652771,0.9484704902,185.3315044,0,0,185.3314041,0.0001003636364,0,0,0,0,0.978735577,1.484059417,0.6592039801,0.3407960199,804,133335.703,230,104,3917,625,3944.236466,1942.355,13136.558,18029.928,5371.54005,3275.955,16192.058,25718.324,9.207029235,3.923560181,36.3164747,58.47041667,493,4764.520294,2663.144,14061.709,19263.987,6745.488505,4879.944,17655.961,26146.855,9.083194609,3.657010939,32.62369017,77.9610007,322,4523.698043,2780.755,13759.974,17331.247,5952.191398,4127.696,16969.779,19625.087,8.689213199,3.94096149,31.64287078,60.72129952,160,4713.393206,2028.265,14641.04,21011.903,6714.782263,4514.387,17539.032,25031.38,6.203949204,2.632195041,23.91850145,37.42475613,796,4217.887871,2100.635,13237.381,17473.13,5929.690098,4023.329,17231.544,25174.1,8.80405982,3.611482248,32.62369017,77.07149351,633,4458.718957,2403.19,13684.585,17451.269,6064.878714,4054.165,16619.063,23802.189,8.371177315,3.609300779,31.64287078,61.86275,171,4941.649906,2354.535,15710.727,20112.855,6518.17317,4308.898,17655.961,25115.932,10.03497006,4.271428541,38.47447826,60.33962264
s1-load95,fifo+topology_aware+easy_predicted,17,0.8804327396,0.1071800313,0.5031808598,0.04655651257,0.1928020566,0.03071327942,2000,1600,0,2689.866035,588.582,14914.315,20818.974,5488.413309,3160.112,18856.94,28071.166,3.494131073,1.357664635,13.77851331,25.96542712,3.494131073,6664.243253,372,7502.139145,20632.639,0.9543883323,0.1982591195,0.1996734161,0.9534434874,259.1466622,0,0,259.1465827,7.955555559e-05,0,0,0,0,0.9692867206,1.570879275,0.8071979434,0.1928020566,778,218653.56,208,101,3807,628,2815.265084,611.122,15368.544,21851.808,5816.897159,3518.001,19479.15,25861.251,3.273277502,1.318458127,13.52938643,23.18128805,486,2595.310564,530.27,15694.111,22416.678,5876.946329,3492.921,21021.475,33626.346,3.251285214,1.278774277,12.05129361,29.27768978,340,2813.029582,736.081,13755.779,17608.143,4677.098997,2242.166,16542.557,25329.918,4.515313213,1.833313984,17.51460687,33.36667688,146,2178.412267,420.215,14566.475,17805.332,4671.508925,2797.315,18044.457,25927.331,2.874385885,1.290819323,12.07725941,22.06674615,822,2594.574263,555.632,14386.135,20179.508,5356.194259,3179.914,18207.241,25872.708,3.387082027,1.298575084,13.56476302,23.32120871,617,2839.287222,619.304,15694.111,21851.808,5704.498105,3117.83,21345.567,31815.758,3.266416046,1.472157624,12.61239806,29.27768978,161,2603.760224,611.122,12846.94,22919.987,5335.368211,3206.425,17032.911,25492.149,4.91335149,1.34107145,17.46870534,33.36667688
s1-load95,fifo+topology_aware+easy_predicted,18,0.3000312672,0.04183201694,0.1482117035,0.02799399954,0.04035308953,0.0416404577,2000,1600,0,641.7943087,0,4393.005,7941.067,4622.555781,2084.78,17124.92,34712.593,1.832799542,1,5.377708843,14.47817373,1.832799542,3433.896103,356,2264.277458,7674.327,0.858026397,0.3810524019,0.1988343333,0.9720060005,184.4505422,0,0,184.4504594,8.278787882e-05,0,0,0,0,0.9583595423,1.73004931,0.9596469105,0.04035308953,793,341322.11,175,78,3366,654,584.4439924,0,3578.845,7674.327,7015.502554,3568.331,22692.146,46925.048,1.40084415,1,3.318236559,8.173174049,489,735.3829284,0,4810.416,9534.277,3313.766767,1658.773,11361.835,17890.939,2.423529456,1,7.920421354,17.18428955,318,634.6062767,0,4619.399,7206.57,2049.988248,1324.617,6505.082,10673.268,1.90636686,1,7.72580862,16.00567986,139,598.8307554,0,4865.349,6926.901,3853.398331,2032.913,15008.808,17876.58,1.618680773,1,5.931858146,8.916979044,807,641.8458067,0,4207.547,7389.891,4234.190647,1983.676,16437.876,27627.791,1.987354276,1,6.149320619,14.47817373,633,680.0269684,0,4810.416,9021.327,5219.307986,2187.649,20314.013,38563.639,1.71239408,1,5.108804023,16.00567986,160,490.2766063,0,2586.454,6926.901,4220.471519,2417.57,12140.43,46925.048,1.529618211,1,3.932260203,10.42071499
s1-load95,fifo+topology_aware+easy_predicted,19,0.143123304,0.02887382934,0.05568472342,0.02403240334,0.01805054152,0.01648180637,2000,1600,0,279.0218681,0,1650.499,3265.681,2863.182124,1318.195,9220.543,24760.831,1.576104678,1,3.711870924,12.78381667,1.576104678,3184.655105,338,953.7798047,3265.681,0.8631327187,0.2546252788,0.1353162646,0.9759675967,112.3406067,0,0,112.3405493,5.737373739e-05,0,0,0,0,0.9835181936,1.390494142,0.9819494585,0.01805054152,831,250292.944,180,85,3312,656,277.9166113,0,1707.95,3502.935,4015.707979,1947.327,13386.771,42543.581,1.346579434,1,2.816675123,7.038793924,468,274.7530598,0,1346.229,3265.681,1910.051812,849.694,7042.073,15925.72,1.733756235,1,5.312196362,12.91268656,316,290.0012943,0,1721.874,3126.818,2367.317592,1301.884,7633.662,17476.555,1.872410815,1,4.696137413,20.2243,160,274.3553187,0,1943.627,3894.133,1905.064738,1002.043,6500.755,14172.286,1.470822749,1,2.521434379,12.65349832,769,299.0116645,0,1769.777,3750.709,2815.82999,1442.173,8637.173,23500.532,1.571114079,1,3.685670704,16.7832866,662,267.526713,0,1627.88,3078.134,2917.278281,1255.696,10104.764,28158.885,1.583134608,1,3.902230008,12.78381667,169,233.0907396,0,1450.384,2861.822,2866.745059,1223.65,10955.622,27094.338,1.571276018,1,3.693478233,12.91268656
s1-load95,fifo+topology_aware+easy_predicted,20,0.7186951578,0.08743342693,0.4042597986,0.03781915261,0.1432129514,0.04596982829,2000,1600,0,1719.112548,0,11982.288,15387.922,4816.080953,2404.801,17223.279,27147.759,3.002945335,1,11.23999146,28.60976198,3.002945335,5983.874873,353,5180.000414,15375.41,0.9067946019,0.2356033427,0.1507865824,0.9621808474,206.8711889,0,0,206.8710991,8.977777782e-05,0,0,0,0,0.9540301717,1.786051347,0.8567870486,0.1432129514,803,237992.915,192,90,3536,645,2011.166637,0,13118.676,15851.763,7143.080267,4061.894,22153.348,42313.569,2.650257615,1,10.06219828,19.81001602,467,1645.363073,130.95,11464.502,14413.836,2959.956929,1615.387,13588.325,17939.004,4.002453976,1.102029368,14.96577665,47.49176667,310,1657.469632,0,11114.606,15258.359,4087.001526,2484.926,14997.142,19586.036,2.240951238,1,7.830792635,18.0165108,178,961.6710899,0,5673.024,12174.555,2523.44041,1319.758,11873.031,16111.729,2.985704964,1,10.3859659,36.62845739,797,1721.325513,0,12520.543,15387.922,4769.87946,2341.378,17233.52,28297.458,2.940793654,1,11.35873786,32.06837966,621,1713.368137,0.353,11982.288,15521.758,5018.89349,2436.643,18004.719,33863.018,2.838331277,1.000756823,10.38927977,23.75857971,182,1729.022137,0,10365.148,16038.046,4326.388665,2485.489,15351.666,26632.233,3.836792692,1,13.94497314,45.99256898
s1-load95,priority+topology_aware+easy_predicted,1,0.3901990231,0.05256628398,0.224494389,0.05225326249,0.03201970443,0.0288653832,2000,1600,0,918.333645,0,6654.029,11266.94,4134.682286,1706.377,13052.64,46679.924,2.237605421,1,6.757650979,23.01950539,2.237605421,4095.160891,370,3164.697143,10976.51,0.8629952611,0.3901623096,0.2007095107,0.9477467375,308.9574422,0,0,308.9573326,0.0001096565657,0,0,0,0,0.9711346168,1.649083536,0.9679802956,0.03201970443,812,288796.147,176,74,3449,647,1092.863855,0,8198.706,11891.101,3405.811162,1970.198,12069.113,16268.242,2.411621958,1,7.279898217,23.01950539,468,714.0668889,0,5364.781,9646.729,2318.066697,1157.866,8862.281,12838.364,2.261002644,1,6.039115061,27.01067418,333,729.8330931,0,4773.966,9733.605,8095.284871,1644.605,46679.924,86400,1.647703937,1,5.235372676,11.7692889,152,1217.323645,0,6710.058,11524.036,4153.597099,2845.348,12219.69,15708.959,2.717201435,1,10.15383788,24.92361216,788,1215.942433,0,9030.149,12056.434,4404.073759,1926.776,13638.98,48633.587,2.54978058,1,7.912050497,26.07156954,648,721.1156049,0,5159.025,8455.682,3887.480566,1551.171,12618.331,44785.025,2.038066666,1,6.330200403,21.89494311,164,267.6114817,0,1637.331,4786.971,3817.037366,1448.257,9059.982,67214.689,1.526063272,1,3.447596332,11.52575
s1-load95,priority+topology_aware+easy_predicted,2,0.5766533773,0.08438738127,0.3727436768,0.05810701768,0.05519897304,0.006216328584,2000,1600,0,1692.961474,0,11048.148,22485.694,4947.070158,2188.041,19966.748,28137.479,2.673871148,1,10.8484075,28.97200768,2.673871148,7018.559278,332,5418.831937,21323.55,0.8786525114,0.3413508783,0.187017278,0.9418929823,360.6173511,0,0,360.617268,8.307070713e-05,0,0,0,0,0.9937836714,1.182263274,0.944801027,0.05519897304,779,244315.748,198,87,3560,636,1812.127833,0,13069.534,23049.383,6415.805947,3074.444,24356.728,35930.973,2.511611044,1,11.70528869,27.034148,502,1710.623468,0,10843.526,22965.507,4229.293281,2067.335,17240.959,25744.727,2.915359734,1,9.347890204,39.15063167,311,1371.480132,0,9630.457,21473.412,3141.316367,1513.197,12643.11,23306.041,2.486709968,1,10.90384405,24.88647959,151,1794.448709,0,15417.974,21259.239,4866.258636,2204.057,19683.777,34142.899,2.939945867,1,15.41208592,28.69990197,821,2343.629739,0,17564.796,23285.691,5718.440082,2529.466,22510.624,33047.421,3.275668328,1,14.00661162,36.47275544,635,1096.61846,0,5990.022,17103.921,4247.636065,2076.496,17237.765,25826.704,2.175625582,1,6.617737668,24.66467663,144,612.9557014,0,1457.303,14530.26,3633.500312,1608.374,15565.497,27939.411,1.439915937,1,4.299099201,8.610644774
s1-load95,priority+topology_aware+easy_predicted,3,0.7410576807,0.1669698921,0.4096891046,0.03847846387,0.1009055627,0.02501465741,2000,1600,0,2671.871754,368.383,12143.213,16452.273,5289.47039,2949.788,16769.468,27266.346,4.647371341,1.272645402,21.46479016,42.98700914,4.647371341,8255.863593,377,7963.290849,16287.795,0.9689425378,0.3046105819,0.3035468671,0.9615215361,179.9347578,0,0,179.9346649,9.288888889e-05,0,0,0,0,0.9749853426,1.56934689,0.8990944373,0.1009055627,773,183536.126,228,106,3933,639,2691.26889,384.094,12235.796,16127.913,6479.221399,3961.784,19651.039,32700.772,3.944389563,1.223743279,19.84892031,31.98352768,481,2391.480881,387.205,10812.538,16175.517,4023.778817,2065.871,13244.672,19300.231,4.871233717,1.388244924,23.14186557,49.62485877,318,2957.570881,293.033,14468.596,16991.405,5186.735261,2613.336,16961.521,25401.703,4.935431093,1.256684128,23.99594181,43.67009705,162,2867.062605,386.504,10693.843,15908.698,4556.239049,2617.629,13354.527,18372.856,6.190115493,1.425115159,24.41121639,52.26691335,827,3580.22786,833.238,14223.315,17133.302,6265.698976,3663.013,18843.204,28575.595,6.022519698,1.60049965,26.8309763,49.62485877,629,1900.21201,230.21,8209.136,13495.959,4335.116386,2471.496,13973.8,17801.431,3.5082444,1.183824513,14.16391361,26.92096839,144,825.7848125,47.017,5870.718,8935.136,3851.606694,1638.266,14086.337,30617.045,1.725587693,1.026571188,4.996302043,9.963465055
s1-load95,priority+topology_aware+easy_predicted,4,0.4571775026,0.05849797109,0.2559235002,0.03795829108,0.03841059603,0.06638714425,2000,1600,0,1140.606474,0,7585.59,11272.412,3742.442261,2129.586,12576.775,19026.152,2.449119221,1,7.520198151,23.98768108,2.449119221,4778.828566,354,4432.884113,11201.897,0.9387119526,0.3429068769,0.2574505824,0.9620417089,181.3088133,0,0,181.3087232,9.018181821e-05,0,0,0,0,0.9336128557,2.030282866,0.961589404,0.03841059603,755,190726.617,238,107,3874,615,1136.088891,0,7590.113,10744.395,3117.901475,1514.654,11593.712,16264.102,3.32604928,1,10.6423238,49.04519294,495,1071.476287,0,7388.08,12083.688,4708.360451,2775.666,14721.417,25263.114,1.638219646,1,4.247722125,11.59003705,334,1203.797943,0,8269.902,11201.897,3534.806599,1988.678,11366.935,15429.676,2.009966261,1,7.241998716,14.34745473,156,1242.477026,0,8440.396,11825.614,3584.194769,2351.424,12250.172,18548.374,2.505275583,1,8.290616665,18.25893739,845,1572.691839,0,9221.762,12253.699,4299.911676,2351.424,13902.954,19583.489,2.852703414,1,9.466896164,25.38771753,608,729.4640757,0,4515.923,8157.248,3203.022095,1959.306,10104.827,16275.339,2.114398455,1,5.177840072,22.61398333,147,357.3578027,0,2153.017,3951.654,2769.012367,1658.557,10582.297,15228.101,1.513619783,1,3.030824819,9.307903418
s1-load95,priority+topology_aware+easy_predicted,5,0.1943852349,0.02742322595,0.1211923325,0.03630277828,0.001326259947,0.008140638224,2000,1600,0,435.2429825,0,3592.149,6273.771,2615.199274,1749.702,8048.571,12722.268,1.486628488,1,3.525388816,10.02334134,1.486628488,2904.753153,334,1827.297054,6273.771,0.876405482,0.3575441267,0.1794252581,0.9636972217,135.8428444,0,0,135.8427678,7.660606064e-05,0,0,0,0,0.9918593618,1.276960579,0.9986737401,0.001326259947,754,181241.437,204,87,3490,639,501.2750031,0,4399.4,6946.845,2630.000316,1662.175,8409.008,14738.915,1.567264615,1,4.495813143,9.723145614,486,494.5335864,0,4427.944,6385.876,2309.980724,1456.431,7320.643,10571.352,1.487742948,1,4.128948281,10.18944036,322,260.836295,0,1404.073,5219.04,3020.668832,2283.717,8191.277,12454.793,1.26422896,1,1.95369983,9.462713561,153,338.1793137,0,1687.327,5308.019,2669.559745,1752.488,8924.754,14317.204,1.614370545,1,2.607916667,28.69605,846,687.0673203,0,5200.055,6756.324,2908.963226,1867.855,9053.893,13621.894,1.710533348,1,5.866479648,10.77878592,602,179.3571528,0,1265.486,2678.008,2274.452103,1607.861,6266.133,10079.599,1.279458333,1,2.288895197,5.29116163,152,47.08429605,0,274.714,844.4,2329.709105,1483.296,6896.15,14738.915,1.060924022,1,1.303352618,2.728266729
s1-load95,priority+topology_aware+easy_predicted,6,0.7821349378,0.1482629969,0.4592156438,0.03639540584,0.1349009901,0.003359901173,2000,1600,0,2523.672976,94.045,13611.183,17769.051,4443.580588,2015.005,16206.021,20253.008,4.404909032,1.087966535,19.05992797,40.20230052,4.404909032,8650.466792,388,8734.901497,17731.667,0.9558396941,0.3330097191,0.2628850028,0.9636045942,128.4231333,0,0,128.423048,8.53737374e-05,0,0,0,0,0.9966400988,1.155338614,0.8650990099,0.1349009901,808,153530.105,220,87,3915,647,2312.170427,105.859,13412.533,17769.045,4370.803978,2282.134,15488.414,19620.991,4.230136492,1.088122379,17.4505587,41.9944393,472,2702.977994,99.102,14180.135,17912.663,4489.916451,1959.087,16878.496,20150.19,4.431156996,1.091076135,20.40574221,35.84710551,318,2612.513069,81.117,13810.665,17753.393,3872.129097,1678.839,15742.456,19012.168,4.834516498,1.084618078,20.5441604,45.4754358,163,2670.660902,72.629,12911.5,17082.579,5713.135877,2337.636,17938.657,27378.452,4.18450179,1.078277482,19.411833,34.88367255,792,3168.68434,163.062,16565.564,18007.378,5175.077251,2282.134,18419.349,22993.578,5.390698808,1.118849333,22.68349684,48.20876238,644,2214.803174,75.193,12564.718,13757.13,4016.597349,2005.137,14391.872,17082.958,3.891837483,1.070269819,17.22702462,33.54711991,164,621.6190305,31.005,4627.371,7566.91,2587.67722,1354.267,9610.73,12421.212,1.659010096,1.036776875,4.760241806,8.545593482
s1-load95,priority+topology_aware+easy_predicted,7,0.4143665542,0.06115283209,0.2620796264,0.03002325562,0.05334987593,0.007760964155,2000,1600,0,1075.567624,0,7768.058,13465.208,4882.236678,1969.733,16994.101,42329.968,2.314277467,1,7.86149342,24.26957638,2.314277467,4120.587692,369,4046.607951,13321.929,0.9054596599,0.3837348577,0.205031109,0.9699767444,207.47522,0,0,207.4751212,9.882828289e-05,0,0,0,0,0.9922390358,1.246720956,0.9466501241,0.05334987593,806,339574.561,225,95,3415,632,1028.199297,0,7141.573,13099.305,4360.189991,1922.553,14881.654,31856.608,2.167974286,1,7.583508709,21.76669618,504,1100.281988,0,8148.43,13562.747,6737.566601,2327.936,33109.047,70848.207,2.251242648,1,5.979633333,24.26957638,308,988.7651623,0,6898.995,13556.503,3475.716568,1581.874,12705.666,24778.908,2.52081787,1,9.858977191,22.10751856,156,1359.002885,0,9714.706,12676.111,3780.027827,2180.079,13428.307,18539.229,2.702858975,1,15.34737498,27.66379492,794,1439.932267,0,9889.631,14336.793,5394.918346,2180.079,18539.229,46953.934,2.584057719,1,10.0392,27.66379492,644,799.7359814,0,5485.804,9983.994,4515.369961,1833.796,16243.339,41541.625,2.224139852,1,6.612607153,25.33528696,162,386.2469506,0,2621.601,6301.642,3827.871994,1736.421,12591.094,30847.454,1.350346016,1,3.137231692,7.649878507
s1-load95,priority+topology_aware+easy_predicted,8,0.2044968218,0.0505357931,0.1050434155,0.0334981276,0.00375,0.01166948561,2000,1600,0,454.7950687,0,3113.494,6960.353,1980.778933,1010.617,7309.982,12680.193,1.959566919,1,6.496621519,15.96787432,1.959566919,3591.319271,390,1637.993723,6524.682,0.8820396849,0.4035675557,0.1756650908,0.9665018724,89.31750667,0,0,89.31741568,9.098989902e-05,0,0,0,0,0.9883305144,1.292645893,0.99625,0.00375,800,124122.986,233,110,3510,674,456.8862611,0,3538.828,7606.341,1660.971006,830.666,6425.785,10221.213,2.224215923,1,7.577103101,26.19601303,490,408.2427041,0,2794.012,6627.669,1780.303527,899.422,5559.174,12710.929,1.732906297,1,5.879376899,11.6690979,303,520.543703,0,3095.778,4803.918,2743.024277,1549.779,7934.927,13651.835,1.842285326,1,6.065715318,13.54545455,133,465.9180677,0,2543.864,8226.761,2603.509398,1347.016,9994.052,14784.617,1.72066916,1,6.791381031,15.32230058,800,709.75531,0,4705.554,7822.884,2260.659199,1124.383,7879.656,13651.835,2.522391138,1,9.206375611,19.68678379,629,234.354558,0,1484.949,3766.602,1755.847917,937.144,5677.955,11207.856,1.460409455,1,3.728358034,8.412778074,171,72.85874269,0,441.034,1236.544,1498.775398,787.586,5628.353,8705.806,1.162553288,1,1.878774918,2.877298198
s1-load95,priority+topology_aware+easy_predicted,9,0.307381017,0.05264643099,0.1967462072,0.03528060272,0.0201511335,0.002556642569,2000,1600,0,909.5028031,0,5831.571,11500.774,3333.535346,1705.307,11590.696,20867.269,2.109030843,1,6.767954265,20.13063699,2.109030843,5283.345325,346,3527.244775,10905.455,0.9089959698,0.371382322,0.2075389341,0.9647193973,159.8423378,0,0,159.8422541,8.363636366e-05,0,0,0,0,0.9974433574,1.142716669,0.9798488665,0.0201511335,794,197030.347,193,78,3685,645,887.0737643,0,5456.721,10239.065,3292.842002,1769.75,10246.153,20841.661,2.021346208,1,7.043706458,16.92617157,474,908.768443,0,5892.508,12346.975,3292.977177,1629.868,11448.053,18986.932,2.077169839,1,5.985123669,27.15832349,330,880.3767182,0,6098.943,10739.668,3643.286676,1854.203,13315.193,24966.026,2.309826005,1,7.541499889,21.29915303,151,1071.267205,0,6608.014,11641.872,2957.73296,1246.494,12281.568,26676.019,2.144767944,1,6.453886816,24.0371543,806,1355.622248,0,8237.802,13255.523,3845.037469,1928.701,12909.268,24508.267,2.611558152,1,8.810942173,24.0371543,627,540.6568086,0,3831.839,7408.861,2979.360252,1607.578,9316.544,20401.124,1.713188212,1,4.862450819,15.38350864,167,141.2043952,0,1092.153,2405.833,2194.595659,1173.057,7636.677,16394.706,1.169847121,1,2.264626565,4.002060248
s1-load95,priority+topology_aware+easy_predicted,10,1.743496781,0.3081608873,0.8877908047,0.04424504754,0.4902470741,0.01305296698,2000,1600,0,9624.207242,7645.033,26314.18,31653.02,12472.46291,9874.426,31657.459,40218.077,10.8244989,5.087742487,39.61557797,58.87046805,10.8244989,19506.58504,352,20497.9234,31645.396,0.9911775913,0.03154815488,0.1493937861,0.9557549525,274.1547222,0,0,274.1546351,8.711111112e-05,0,0,0,0,0.986947033,1.301314888,0.5097529259,0.4902470741,769,267400.644,187,78,3969,626,9157.758449,7165.027,26529.961,32794.764,11933.08209,9113.582,30887.24,37036.134,10.38551251,4.70778529,34.92709436,56.13709283,484,9997.011351,8120.181,26314.18,31645.396,13807.21561,12133.54,33639.818,43914.248,10.88509458,4.844786873,40.18163863,68.80408884,343,9727.366901,7395.451,25174.743,30941.625,11964.98979,9225.757,29838.569,36191.097,10.38718016,5.309914834,36.54847508,53.12063032,147,10142.41127,8569.787,27888.469,33170.994,11558.82591,9683.017,28790.541,34621.596,13.51482204,7.505626185,47.66792711,91.74586003,831,11524.22904,10704.803,28381.227,33493.347,14278.77671,12890.352,33541.843,41212.958,13.42438396,7.095492418,46.10577198,68.80408884,627,8234.322051,6674.873,24346.019,29367.006,11187.58759,8580.541,29021.532,37001.339,8.650857344,3.951191504,33.97871977,48.93586807,142,4642.093866,1572.325,16636.066,19722.985,7575.06893,4490.753,22531.705,28016.714,5.207377573,1.834973492,18.92261569,34.92709436
s1-load95,priority+topology_aware+easy_predicted,11,0.5100249418,0.07224638344,0.343549142,0.03066899395,0.06041923551,0.003141186875,2000,1600,0,1504.985531,0,10182.82,15323.441,4300.720434,2084.291,15170.293,24496.935,2.284385113,1,9.287623297,19.77391142,2.284385113,4161.077279,333,5363.800976,15323.441,0.9176877143,0.3058782524,0.1802929449,0.969331006,143.1348778,0,0,143.1347792,9.862626265e-05,0,0,0,0,0.9968588131,1.162706509,0.9395807645,0.06041923551,811,230275.983,182,88,3634,640,1465.182747,0,9415.628,15301.534,4756.998186,2332.995,16092.271,31875.729,2.215667383,1,9.608454951,19.77391142,470,1637.632038,0,11012.884,15871.605,3769.666157,1851.274,14145.062,18760.438,2.298611817,1,8.305436843,23.51968484,327,1319.373951,0,8311.421,13637.106,3859.259725,1786.252,13152.549,24387.204,2.475740341,1,9.831692489,22.55294907,163,1651.15062,0,10339.308,18276.857,4926.090988,2383.727,16009.485,26150.284,2.129290858,1,7.506540666,16.52075412,789,2069.648923,0,12534.161,16122.796,4960.72728,2341.975,17310.367,26817.081,2.783812351,1,10.9852315,27.60647258,653,1102.20211,0,7276.026,11942.713,3616.394816,1795.101,12282.948,21367.743,1.913917298,1,6.796292187,13.71180782,158,349.9105759,0,3108.783,5115.824,3833.120601,2102.014,14620.989,26474.038,1.321520507,1,2.660770472,9.608454951
s1-load95,priority+topology_aware+easy_predicted,12,0.1852820966,0.03079089433,0.1129161707,0.03387524686,0.006075334143,0.001624450586,2000,1600,0,480.3628606,0,3346.843,7020.505,2993.550836,1663.709,10235.011,19367.076,1.647167126,1,3.958318935,14.46195587,1.647167126,3311.722113,349,1870.147544,6804.857,0.8751825476,0.3805458712,0.1886678875,0.9661247531,137.6077733,0,0,137.6076708,0.0001025050505,0,0,0,0,0.9983755494,1.100464511,0.9939246659,0.006075334143,823,200341.006,205,95,3614,597,431.1166801,0,3340.469,7620.934,1920.201956,1075.431,6730.378,11578.377,1.698092952,1,4.399022855,15.60285556,519,474.5467688,0,3259.462,6784.957,4182.445249,2274.937,16231.085,24158.908,1.675872496,1,3.506662753,18.22397786,324,512.2372407,0,3368.039,7401.049,3304.544648,2191.961,9237.816,15435.069,1.543069254,1,3.256068403,10.36978111,160,618.433,0,4221.55,6657.322,2512.245125,1731.568,7638.038,12484.475,1.574835281,1,4.321287741,8.096575947,777,746.8050502,0,5166.459,7627.49,3244.876551,1856.538,11069.35,20534.186,2.014521304,1,6.296154133,19.77625498,660,263.6909864,0,1938.218,4026.745,2756.531014,1603.208,8946.114,16756.957,1.320899061,1,2.837146399,6.70812942,163,87.58896933,0,585.296,1709.525,2755.225699,1226.036,8695.297,28502.184,1.217122503,1,2.024324236,10.28542714
s1-load95,priority+topology_aware+easy_predicted,13,0.366083213,0.06444135912,0.2298129665,0.03821176346,0.0221402214,0.01147690253,2000,1600,0,1098.33639,0,6811.672,11451.794,3207.672672,1888.256,10634.731,14793.186,2.331802067,1,8.284249533,18.53263524,2.331802067,4666.271529,351,3718.222801,11308.856,0.9342669455,0.3946234895,0.2378067957,0.9617882365,146.0805578,0,0,146.0804867,7.107070711e-05,0,0,0,0,0.9885230975,1.325073881,0.9778597786,0.0221402214,813,159397.876,269,117,3796,628,1176.901578,0,7057.873,11452.61,3301.913549,2107.284,10666.249,14361.686,2.077742682,1,7.398335987,18.03335132,479,1108.54014,0,6715.092,11902.332,3050.780608,1566.219,10248.671,15602.526,2.418005519,1,10.70739591,18.53263524,328,929.5457439,0,6026.079,9464.634,2770.729476,1650.799,9254.965,12370.513,2.75316256,1,6.983580209,24.04286467,165,1105.226073,0,6849.673,10084.036,4173.038709,2597.705,12827.728,17191.957,2.210902667,1.001595503,9.17324864,22.10740473,787,1619.914562,0,8699.534,12243.365,3727.734169,2107.284,11753.479,15791.932,3.023692485,1,11.07205026,20.2429522,643,714.2299984,0,4738.392,7597.664,2778.933243,1797.808,8519.091,11699.579,1.793000986,1,6.054981937,16.7350559,170,136.5622059,0,705.583,2139.098,2421.7377,1292.334,7598.603,17191.957,1.166692282,1,1.70204776,4.583514634
s1-load95,priority+topology_aware+easy_predicted,14,0.3815392391,0.07068712033,0.2186210894,0.04265842886,0.0213836478,0.02818895271,2000,1600,0,1082.922332,0,6479.944,10907.364,3071.245805,1589.751,11003.933,17114.953,2.575942438,1,9.087172455,22.97266018,2.575942438,4713.303286,378,3780.505235,10623.709,0.93179291,0.3866505292,0.2487848321,0.9573415711,163.3173244,0,0,163.3172229,0.0001015353536,0,0,0,0,0.9718110473,1.618052453,0.9786163522,0.0213836478,795,153624.002,231,97,3839,594,1075.344668,0,6742.615,10907.364,2483.76032,1132.471,10394.297,16011.997,3.039002478,1,11.62924375,38.94531987,514,1210.308416,19.27,6673.956,11146.087,3570.948109,2265.404,11536.272,16722.909,2.35190845,1.008116982,7.322695642,22.97266018,336,956.7171875,0,6124.138,9686.152,2562.477149,1360.672,9305.935,15538.233,2.423995727,1,7.359790339,20.40788669,156,963.8813974,0,6502.169,10024.467,4757.564154,2071.281,17690.944,32373.705,1.87818539,1,6.412360449,20.02473618,805,1572.16367,28.122,7999.758,11920.856,3578.727636,1913.623,12262.512,17264.92,3.184692479,1.013067464,11.81184683,36.94044444,635,689.2416614,0,4507.923,8063.991,2585.279165,1405.101,9386.124,15058.718,2.105949728,1,6.403946207,20.02473618,160,183.8470188,0,821.303,2654.167,2446.657944,1110.089,8216.604,25809.39,1.378452365,1,2.735017505,10.01593395
s1-load95,priority+topology_aware+easy_predicted,15,1.261560393,0.1998024011,0.669523392,0.05571784038,0.3184079602,0.01810879894,2000,1600,0,6076.799431,2921.978,19844.719,26007.592,9174.209108,6331.544,25875.963,34112.358,6.583939006,2.461744105,25.68556856,41.56193984,6.583939006,11265.04036,357,14623.28339,25600.1,0.9770317959,0.171322518,0.2586588193,0.9442821596,329.1962911,0,0,329.1961973,9.37777779e-05,0,0,0,0,0.9818912011,1.423488701,0.6815920398,0.3184079602,804,255325.368,207,89,3930,654,5967.476239,2489.085,19687.389,27286.041,8559.786515,5485.023,24201.878,32995.959,6.461255647,2.39592554,25.68556856,40.09316419,498,6514.901679,3455.354,20010.001,26014.37,10720.91855,8409.012,27462.588,46059.866,5.793673295,2.306329557,23.41778846,40.28588856,299,5014.950515,2287.436,18363.249,24772.842,7001.060953,4122.793,23331.121,30516.988,8.247228471,2.696886753,35.03291445,62.33453481,149,7223.210671,5667.608,20160.101,26520.95,11062.41293,9157.554,27663.016,37196.635,6.425977202,2.602614787,24.19009656,40.43265164,796,7625.591191,5419.123,21454.515,28548.749,10974.11538,8726.576,28341.376,37470.137,7.807268005,3.519701125,28.28408843,45.00641997,652,4954.562747,1983.681,17180.18,22512.86,7959.440851,4894.394,23002.798,29408.278,5.695317118,1.948793481,22.92898333,40.09316419,152,2779.826257,416.211,12167.095,18291.148,4959.100625,2553.389,17014.634,31734.087,3.989278403,1.520443812,16.07430185,26.25492671
s1-load95,priority+topology_aware+easy_predicted,16,1.081971573,0.2416727309,0.5778332521,0.04818969483,0.2039800995,0.01029579547,2000,1600,0,3807.398814,444.04,17127.017,22221.272,5461.790703,2364.688,19234.723,27293.048,7.30495086,1.580077262,31.06820271,75.49088333,7.30495086,16364.73732,364,10456.12107,21870.895,0.9608249316,0.2975702749,0.262029426,0.9518103052,172.7113333,0,0,172.7112376,9.575757578e-05,0,0,0,0,0.9897042045,1.272559239,0.7960199005,0.2039800995,804,129408.334,211,93,3926,625,3461.571022,362.878,16691.805,22221.272,4878.617176,1738.798,18913.656,27860.061,7.653937239,1.48889787,33.49450578,76.08157359,493,4075.285229,587.602,17160.275,24285.094,6065.286495,3009.701,19802.933,29864.604,7.763269847,1.630447034,29.5882769,98.5211332,322,3742.695882,438.75,17098.006,20747.598,5168.574491,2224.464,18977.272,25955.721,6.524334705,1.728209137,23.85436604,66.73877478,160,4463.078256,543.799,17469.271,22950.013,6470.388512,2907.468,21751.628,25290.722,6.100517453,1.315720775,27.48374642,44.94838108,796,4940.954245,1151.351,17991.705,24867.63,6648.877774,3129.456,21890.694,29867.101,9.243735427,2.379660317,38.67918224,80.10121671,633,2979.29312,247.679,13640.625,18297.746,4591.537111,1940.053,16755.561,23085.593,5.86653035,1.325880298,24.5460048,72.23739791,171,1596.17531,133.988,8119.445,12328.94,3157.400152,1330.914,11551.629,17468.426,3.604644822,1.169033782,16.97467918,28.82232586
s1-load95,priority+topology_aware+easy_predicted,17,0.9580722408,0.1170944193,0.6033750961,0.05427725504,0.1658097686,0.01751570175,2000,1600,0,3331.541321,303.402,17884.079,24248.638,6135.153926,3117.83,23244.327,31344.345,3.957661665,1.205446678,15.05305601,36.7002392,3.957661665,8191.055156,372,8660.255435,23850.298,0.9458129725,0.2148571492,0.1949293357,0.945722745,304.5889733,0,0,304.5888686,0.0001047676768,0,0,0,0,0.9824842982,1.378912873,0.8341902314,0.1658097686,778,222230.195,239,106,3807,628,3475.739747,331.189,18637.836,25564.193,6483.102334,3482.007,23244.327,28807.473,3.715067467,1.194171979,15.05305601,33.76548011,486,3371.577619,277.726,18664.898,24803.3,6654.859833,3672.699,25722.125,34742.265,3.75273506,1.185069222,13.0405232,40.4863693,340,3297.310276,331.408,16727.132,23153.745,5164.532382,1877.521,20023.933,28827.718,4.878811701,1.467239591,17.7209013,38.55995597,146,2657.735178,163.027,15021.217,20478.802,5168.870733,2690.15,20608.055,27753.015,3.538158063,1.100390431,12.51620367,32.96386686,822,4179.354972,614.673,20207.066,25564.193,6950.394322,3854.408,24341.221,32138.102,4.636093642,1.434787725,17.48316531,41.29071131,617,2763.318251,208.909,16357.235,21266.474,5630.982138,2704.93,21821.725,29985.09,3.172251279,1.147351939,13.0768057,30.85165,161,1180.552584,74.16,8500.979,16446.211,3905.007267,2136.684,12661.89,21597.7,3.503792866,1.034174399,8.825808051,80.34723355
s1-load95,priority+topology_aware+easy_predicted,18,0.2590044291,0.0363512143,0.1317447036,0.01955600674,0.01513240858,0.05622009583,2000,1600,0,571.980445,0,3904.922,9032.335,4542.522679,1960.119,16973.858,34521.035,1.825470395,1,4.673125059,15.95125957,1.825470395,3422.587664,356,2198.058719,9025.305,0.8507903227,0.3200493737,0.1849016484,0.9804439933,127.7442378,0,0,127.7441609,7.684848487e-05,0,0,0,0,0.9437799042,1.78626492,0.9848675914,0.01513240858,793,341322.11,191,83,3246,654,503.3983869,0,3247.055,7812.633,6914.197506,3485.615,22692.146,46925.048,1.393549942,1,2.507170698,7.219020009,489,664.5019468,0,4989.403,9920.265,3240.175487,1496.122,11750.513,16806.955,2.489249376,1,7.331374812,22.47775395,318,627.9334151,0,4854.837,9589.582,2039.734594,1203.497,7275.305,10649.291,1.859094921,1,7.201806775,15.95125957,139,441.1646691,0,3649.526,7151.611,3691.148942,1844.921,15008.808,17876.58,1.445581592,1,4.08406765,6.773605566,807,755.2650781,0,5486.094,10795.917,4343.924164,1908.727,16562.82,27922.209,2.224041909,1,6.680265532,17.90190813,633,442.8598594,0,2895.699,6792.716,4964.841501,2029.088,19657.349,38563.639,1.475955184,1,3.82807538,10.62404591,160,158.3718938,0,908.362,2767.365,3873.4051,1983.717,11371.559,46925.048,1.19794488,1,1.785834789,4.548254123
s1-load95,priority+topology_aware+easy_predicted,19,0.169865319,0.02473836294,0.06569434952,0.02589672836,0.004813477738,0.04872240045,2000,1600,0,302.4657831,0,1947.185,5811.259,2888.654836,1295.409,9765.236,26902.717,1.702623315,1,3.180236644,12.95821707,1.702623315,3301.513067,338,1262.908272,5811.259,0.8621324397,0.3604480466,0.1654699511,0.9741032716,121.2871689,0,0,121.2871146,5.426262628e-05,0,0,0,0,0.9512775996,1.696017147,0.9951865223,0.004813477738,831,247636.391,199,84,3404,656,331.3826875,0,2120.071,6465.739,4071.058255,1840.593,13626.291,42543.581,1.385122256,1,2.58687377,10.40804761,468,295.4947094,0,1666.489,5811.259,1932.905051,794.804,7269.831,15676.654,2.084316564,1,4.657681434,21.40824402,316,313.0169873,0,2144.881,6628.727,2394.227123,1236.601,7817.09,17476.555,2.036282598,1,3.610365836,16.87517109,160,183.4582375,0,1341.147,3010.243,1812.863675,977.22,7507.814,14754.318,1.228947813,1,1.993275244,4.911276264,769,446.6326736,0,3010.243,6707.424,2966.090701,1485.839,8959.576,26902.717,1.945063343,1,4.450702406,20.1358551,662,189.3575166,0,969.664,3779.377,2840.174716,1159.423,10175.177,28158.885,1.558044735,1,2.709101161,8.553266667,169,89.52692899,0,544.335,2144.881,2726.203118,1128.109,10955.622,27094.338,1.165786853,1,1.685172543,3.511650516
s1-load95,priority+topology_aware+easy_predicted,20,0.614764203,0.08929341987,0.3727468144,0.03962516471,0.07347447073,0.03962433333,2000,1600,0,1573.142772,0,11048.241,16946.801,4672.458363,2217.309,17966.704,27147.759,2.828970742,1,11.47910258,26.27149093,2.828970742,5911.148654,353,5197.557224,16909.648,0.907294095,0.2545111124,0.1809362938,0.9603748353,217.1577,0,0,217.1576059,9.410101014e-05,0,0,0,0,0.9603756667,1.775129414,0.9265255293,0.07347447073,803,238094.997,195,99,3558,645,1864.360851,0,12665.201,17633.048,6997.306794,4059.629,21666.553,42327.38,2.619378634,1,9.897048645,28.0849824,467,1502.155756,0,9460.689,15558.54,2820.801726,1427.055,11532.778,18692.609,3.587521936,1,13.97630759,35.98420528,310,1318.467894,0,8939.706,16128.395,3751.119526,2102.421,13149.499,18485.406,2.02099177,1,6.301676397,18.16577476,178,1147.662365,0,7394.854,12325.187,2710.724938,1160.559,11138.64,17121.117,3.005470654,1,13.46176689,34.16162748,797,2086.375374,0,14672.119,18143.345,5137.38333,2488.132,18855.198,30413.378,3.270555747,1,14.22953689,34.16162748,621,1212.592989,0,7694.418,13112.722,4523.470002,2083.034,16857.923,33863.018,2.376130247,1,8.042776785,20.0102332,182,555.8627253,0,3648.214,7884.839,3144.857115,1926.446,9170.529,26503.318,2.44034821,1,4.647507659,75.18162403
s1-load95,shortest_estimate+best_fit+easy_predicted,1,0.1793377693,0.0211947009,0.05892925037,0.06150807641,0.03325123153,0.00445451007,2000,1600,0,415.8525825,0,1746.667,7443.361,3645.744293,1427.784,10889.747,48633.587,1.322058567,1,2.724681686,6.429482271,1.322058567,2568.722222,370,1664.443903,7083.973,0.8532871036,0.3348921667,0.1803310502,0.9384919236,367.2646711,0,0,367.2645379,0.0001332121213,0,0,0,0,0.9955454899,1.18789644,0.9667487685,0.03325123153,812,288796.147,247,126,3507,647,476.1839722,0,2606.316,8316.64,2795.35879,1673.208,9198.182,16501.447,1.3627035,1,2.750469566,6.572295574,468,304.874109,0,1351.397,6138.833,1917.12638,1078.447,6946.16,11207.122,1.391844329,1,2.948018796,7.327132869,333,347.2764865,0,1312.759,8352.181,7752.157637,1425.626,46679.924,86400,1.171688274,1,2.011261224,3.760547305,152,650.9799276,0,1490.75,29468.675,3591.513763,2051.625,10750.48,35024.58,1.263613168,1,2.708951968,6.304027877,788,350.6194442,0,1722.492,6888.857,3541.614402,1520.126,10509.851,48633.587,1.320754886,1,2.410507441,6.304027877,648,473.6298349,0,1746.667,10040.568,3668.578285,1341.681,13300.814,55220.182,1.293222146,1,2.724681686,6.429482271,164,500.99925,0,2026.928,11512.199,4055.853598,1351.292,10750.48,67214.689,1.442261621,1,3.365270655,9.397009025
s1-load95,shortest_estimate+best_fit+easy_predicted,2,0.2001809436,0.01891567069,0.08581410754,0.06385942222,0.03080872914,0.000783014024,2000,1600,0,585.3655044,0,2543.536,12388.184,3846.65639,1689.102,14372.739,30375.044,1.23628556,1,2.431701289,4.93525926,1.23628556,2437.717319,332,2669.399024,12388.184,0.8563707406,0.5091462232,0.2027701037,0.9361405778,398.7525822,0,0,398.7524725,0.0001097373738,0,0,0,0,0.999216986,1.080226298,0.9691912709,0.03080872914,779,297685.772,245,133,3621,636,740.5733145,0,3082.895,17486.745,5355.30784,2219.884,20808.878,37390.745,1.197188016,1,2.309129291,4.39789803,502,520.9681315,0,2388.71,12167.261,3044.006382,1640.097,9867.437,22770.415,1.252100462,1,2.615650486,5.577807399,311,308.0764373,0,1840.86,5333.499,2079.354161,1251.252,7324.523,12598.177,1.293233978,1,2.362711899,7.168497767,151,716.8371192,0,2998.478,23710.809,3800.689338,1740.092,13150.249,34142.899,1.231093498,1,3.061035916,4.375197402,821,692.0749939,0,2448.576,12388.184,4073.015123,1732.498,14372.739,34187.161,1.235539004,1,2.518136597,4.956908559,635,465.909422,0,2599.856,12167.261,3625.866854,1681.927,13974.544,26644.218,1.229674753,1,2.431701289,4.39789803,144,503.7413472,0,2562.709,12398.354,3529.71775,1611.004,14988.267,29759.55,1.269693784,1,2.418734245,6.439976885
s1-load95,shortest_estimate+best_fit+easy_predicted,3,0.2002773636,0.02336731705,0.09084952105,0.0504894521,0.03492884864,0.0006422247194,2000,1600,0,1127.176616,0,2692.786,24299.055,3758.483934,1402.616,12210.456,39828.073,1.362456905,1,3.003982039,7.085638791,1.362456905,2639.961229,377,4624.447554,21575.11,0.9011774249,0.5089334533,0.2404359596,0.9495105479,239.0876911,0,0,239.0875742,0.0001168888889,0,0,0,0,0.9993577753,1.067488058,0.9650711514,0.03492884864,773,218691.035,314,156,3935,639,1831.373631,0,3324.785,79170.205,5640.237047,2049.224,19089.675,92179.555,1.330020336,1,2.839218766,7.085638791,481,339.0235177,0,1480.239,7849.436,1985.052198,1062.579,6042.395,14697.886,1.356052963,1,2.679495543,9.80737475,318,1195.518525,0,5540.086,27576.848,3430.046742,1431.074,12531.695,35227.697,1.419780825,1,3.483872691,6.330749765,162,555.4915556,0,1990.105,7543.009,2246.283031,1105.575,7912.479,16010.837,1.396890595,1,3.697793484,6.106398777,827,1116.959845,0,2754.025,24845.971,3823.941258,1416.987,12532.949,45136.969,1.339288424,1,2.739301456,6.684362459,629,940.1670191,0,2395.217,16468.504,3379.7088,1392.626,11082.048,30092.64,1.405071231,1,3.108015128,9.836185749,144,2002.720403,0,5088.099,39363.695,5037.069722,1402.609,20953.214,53891.006,1.309373036,1,2.89563903,6.515956124
s1-load95,shortest_estimate+best_fit+easy_predicted,4,0.2072453189,0.02292986462,0.09484981549,0.04284804374,0.04370860927,0.002908985762,2000,1600,0,941.6697287,0,2811.355,22377.917,3548.726066,1665.781,11090.967,33715.072,1.354654092,1,2.947745405,6.311028574,1.354654092,2738.794403,354,4145.622215,22170.618,0.8890315406,0.6010379897,0.2520271377,0.9571519563,205.7104111,0,0,205.7103021,0.0001090101011,0,0,0,0,0.9970910142,1.16349512,0.9562913907,0.04370860927,755,200048.064,282,154,3930,615,460.9424228,0,2164.341,7235.689,2441.981411,1072.512,9835.938,14845.679,1.442465755,1,2.992986311,7.214671447,495,1576.915644,0,4157.168,58013.634,5222.42157,2455.829,17045.224,86400,1.333274238,1,2.989488881,7.024428022,334,1003.032272,0,1548.383,22377.917,3342.377446,1680.757,8958.457,31021.971,1.239769492,1,2.8045102,4.49933751,156,689.78175,0,2717.515,23698.127,3042.887141,1830.415,8867.384,33715.072,1.322284294,1,3.230384812,4.071361512,845,1083.731691,0,3027.914,26136.755,3812.637794,1681.266,11862.514,45693.792,1.317368184,1,2.989488881,6.311028574,608,688.7359622,0,2305.883,14294.531,3170.770133,1619.282,9835.938,25206.203,1.392257566,1,2.524096891,6.221622437,147,1171.202871,0,3099.053,12800.954,3594.928769,1596.007,11240.957,23502.978,1.413454635,1,3.449997367,7.378094655
s1-load95,shortest_estimate+best_fit+easy_predicted,5,0.1416402986,0.0159855094,0.04676537823,0.05225829942,0.02387267905,0.002758432538,2000,1600,0,348.6352244,0,1386.129,7902.109,2538.625136,1543.607,7970.132,15908.807,1.187850349,1,2.055014832,3.856603657,1.187850349,2359.417813,334,1505.725698,7902.109,0.8827094104,0.3695853011,0.2048681798,0.9477417006,198.83956,0,0,198.8394628,9.717171721e-05,0,0,0,0,0.9972415675,1.14845839,0.976127321,0.02387267905,754,181119.95,255,127,3572,639,417.4322723,0,1620.685,9815.272,2560.892679,1452.845,8781.494,17150.151,1.208898981,1,2.456979526,4.19134299,486,310.5604074,0,1202.01,7902.109,2140.644879,1380.714,6248.221,15025.501,1.163249083,1,1.880929938,3.602392574,322,304.6974317,0,908.919,3509.902,3063.772413,2246.104,8252.079,13621.894,1.13063909,1,1.631630214,3.700400568,153,274.7203007,0,1634.103,6509.839,2604.586065,1678.952,8059.987,14317.204,1.29849195,1,2.005113172,5.902416667,846,369.9841111,0,1446.606,7902.109,2601.156582,1518.423,8205.958,18325.55,1.194748499,1,1.905838944,4.546115312,602,321.2072674,0,1073.641,7471.627,2428.887186,1555.872,6695.854,15025.501,1.172552949,1,2.238004354,3.65721249,152,338.4409605,0,1634.103,8590.309,2625.208316,1622.249,8781.494,14738.915,1.210042452,1,2.277967171,4.19134299
s1-load95,shortest_estimate+best_fit+easy_predicted,6,0.2136297888,0.02513897796,0.06585757451,0.06271212088,0.04084158416,0.01907953126,2000,1600,0,1309.353491,0,1952.023,49138.284,3247.371769,1226.677,9373.71,54390.169,1.427257467,1,3.231737649,10.60362307,1.427257467,2806.220126,388,5301.105549,47372.619,0.8860272646,0.5620155982,0.2450854743,0.9372878791,227.4961467,0,0,227.4960197,0.000126989899,0,0,0,0,0.9809204687,1.383276212,0.9591584158,0.04084158416,808,152317.608,323,137,3921,647,1331.868553,0,1952.023,49657.446,3410.054491,1327.621,9373.71,54390.169,1.461066752,1,3.543856824,11.49236264,472,933.82225,0,1676.154,22548.342,2735.778354,1214.817,7225.251,29015.44,1.318110365,1,2.539616625,6.445065444,318,669.806783,0,1593.738,22196.324,1936.769557,1020.54,4335.559,25451.033,1.317733024,1,2.658284011,6.105277797,163,3555.116393,0,24781.716,70535.722,6639.935411,1418.208,34758.768,76584.35,1.822788746,1,7.496440292,14.71601486,792,1035.040956,0,1804.536,49138.284,3059.04097,1260.542,9373.71,54321.959,1.353849764,1,2.658284011,8.293372168,644,1393.006672,0,2642.553,47963.531,3210.277758,1207.851,9120.008,54099.2,1.495842881,1,3.875393898,11.09369355,164,2305.590555,0,5673.273,67881.653,4302.533573,1226.677,13467.114,74207.397,1.512439753,1,2.875373629,11.73101488
s1-load95,shortest_estimate+best_fit+easy_predicted,7,0.2041194056,0.02220624612,0.1003225424,0.04977768582,0.03101736973,0.0007955614948,2000,1600,0,672.1000025,0,2973.567,12998.054,4501.631814,1621.421,16994.825,46953.934,1.349619317,1,2.854720734,5.722367708,1.349619317,2589.200023,369,2728.263556,12231.651,0.8839759607,0.4607303828,0.2143183559,0.9502223142,351.1391467,0,0,351.1390038,0.000142909091,0,0,0,0,0.9992044385,1.080968689,0.9689826303,0.03101736973,806,339574.561,282,153,3593,632,454.1830253,0,2494.302,9066.351,3795.90009,1486.051,14398.07,35554.587,1.313789423,1,2.513085447,6.112972537,504,1062.008935,0,5108.196,18479.167,6745.390046,1969.733,37186.47,84189.182,1.348081353,1,2.864912138,5.031198997,308,551.4945032,0,1787.713,7218.127,3059.187409,1193.778,10893.449,26312.353,1.42016523,1,3.240079169,6.353746341,156,533.3559103,0,2764.205,9105.297,2959.588083,1750.14,11318.353,15192.683,1.360462171,1,3.055701758,4.961380105,794,852.2358237,0,3728.796,21373.799,4841.80746,1739.379,18109.429,73255.082,1.326121403,1,2.854720734,5.504516097,644,498.3633727,0,2888.463,9275.954,4227.377511,1534.541,16243.339,41541.625,1.399311201,1,2.866802655,6.976073781,162,479.8688148,0,2764.205,12998.054,3924.596685,1486.051,15192.683,29288.955,1.267247527,1,2.372698418,6.112972537
s1-load95,shortest_estimate+best_fit+easy_predicted,8,0.1093629649,0.01718912695,0.03078079962,0.03502365956,0.025,0.001369378757,2000,1600,0,242.77887,0,912.345,5147.086,1769.812783,807.052,6425.785,14732.039,1.204731932,1,2.20974571,4.376414303,1.204731932,2365.118781,390,936.7866282,4415.264,0.8623578803,0.4418055971,0.1795155443,0.9649763404,93.53273111,0,0,93.53262929,0.0001018181818,0,0,0,0,0.9986306212,1.092667873,0.975,0.025,800,124122.986,272,130,3541,674,205.3055475,0,860.385,4743.476,1410.584383,686.208,5373.781,11691.114,1.223034191,1,2.295062418,4.538792756,490,167.7343959,0,747.093,3814.284,1539.577684,727.993,4800.09,14732.039,1.160128941,1,2.010751533,3.635727593,303,451.8322145,0,1516.711,14277.87,2675.81298,1272.352,8487.087,27411.783,1.25914091,1,2.58238422,5.143529674,133,232.8965263,0,923.262,3143.336,2374.452489,1216.923,9994.052,15941.74,1.152354655,1,1.9603447,2.962798853,800,171.793795,0,747.093,3814.284,1724.189291,766.932,6415.669,13651.835,1.202313652,1,2.210741415,4.686541912,629,305.614062,0,948.401,6853.324,1825.917024,841.067,6425.785,16374.656,1.20092506,1,2.176058205,3.538654289,171,343.7421696,0,1516.711,11117.838,1776.884281,791.345,6782.995,15797.11,1.230048575,1,2.372300877,5.143529674
s1-load95,shortest_estimate+best_fit+easy_predicted,9,0.1421069806,0.01859619027,0.06366115581,0.04075243178,0.01763224181,0.001464960891,2000,1600,0,467.7134081,0,1886.921,8529.024,2894.701637,1319.598,9541.208,25686.929,1.228118382,1,2.390630531,4.278654882,1.228118382,2514.226405,346,2013.072295,7071.418,0.8834456668,0.4305831118,0.2086119042,0.9592475682,185.6862133,0,0,185.6861146,9.870707072e-05,0,0,0,0,0.9985350391,1.106884824,0.9823677582,0.01763224181,794,204349.469,261,129,3775,645,404.6353008,0,1873.564,5928.697,2820.3336,1379.386,8771.385,25895.711,1.23439673,1,2.396857231,4.101689798,474,547.9007954,0,1904.326,10539.965,2937.570608,1171.588,10933.51,18986.932,1.254169146,1,2.415416709,5.867508867,330,593.6782636,0,2360.115,13553.797,3343.665973,1540.738,11485.203,35446.4,1.221924186,1,2.486981323,3.905765447,151,210.1515232,0,1306.793,3298.829,2096.617278,945.032,9630.387,14263.331,1.133062012,1,1.956794534,3.532673948,806,579.0994913,0,2286.252,10539.965,3073.253993,1333.355,10767.852,26057.944,1.228637116,1,2.386639638,3.915401751,627,406.7389139,0,1873.564,7071.418,2843.31193,1363.961,9228.859,25686.929,1.245858906,1,2.525039099,5.867508867,167,159.0536766,0,843.945,4400.199,2225.888156,1171.588,8321,16394.706,1.159008157,1,2.126401818,2.936779166
s1-load95,shortest_estimate+best_fit+easy_predicted,10,0.2042564594,0.02157750838,0.09061946086,0.05872055621,0.03250975293,0.0008291809974,2000,1600,0,1073.171404,0,2685.967,21787.829,3935.885429,1516.319,12749.779,34515.691,1.323991914,1,2.773893447,6.020436886,1.323991914,2771.241415,352,4642.283687,19778.881,0.9009367171,0.5303740477,0.2280426808,0.9412794438,369.4445022,0,0,369.4443832,0.000119030303,0,0,0,0,0.999170819,1.080747302,0.9674902471,0.03250975293,769,284565.201,300,156,3959,626,911.2919425,0,2870.913,23637.22,3693.195915,1732.053,12674.234,29319.333,1.37476122,1,3.080740316,6.780668769,484,1707.346702,0,3996.773,40491.681,5546.96755,1389.631,20359.314,58518.596,1.272046867,1,2.505627004,4.854810323,343,788.8277988,0,2646.283,8393.212,3038.36679,1614.673,8334.611,20549.455,1.31618196,1,2.863383129,5.825648009,147,337.971102,0,1552.658,7356.729,1759.074422,1177.62,5711.995,10683.051,1.297043836,1,2.628750538,6.338733819,831,1153.171955,0,2850.345,24339.57,3924.52052,1562.377,12440.127,34824.919,1.348150521,1,3.151195605,6.410740423,627,1123.222018,0,3148.944,19778.881,4090.210443,1488.486,12749.779,37387.969,1.308250466,1,2.481339615,5.355378206,142,384.0010352,0,1482.999,10236.595,3320.973141,1477.061,13025.342,19638.682,1.252119283,1,2.464652389,6.338733819
s1-load95,shortest_estimate+best_fit+easy_predicted,11,0.1549846189,0.01778991858,0.06285629937,0.04310304393,0.02959309494,0.001642262034,2000,1600,0,616.7668044,0,1863.065,11265.882,3423.196297,1542.854,11761.423,31875.729,1.212767132,1,2.286980391,4.537884012,1.212767132,2382.967848,333,2843.188709,11265.882,0.8813351101,0.4779312523,0.212629187,0.9568969561,203.7796511,0,0,203.7795293,0.0001217777778,0,0,0,0,0.998357738,1.112403575,0.9704069051,0.02959309494,811,245997.669,258,127,3769,640,903.8731266,0,2054.575,21568.672,4201.565425,1701.847,14547.941,49972.778,1.216035364,1,2.222378022,4.537884012,470,284.9271809,0,2060.539,5857.608,2433.770617,1457.865,8128.074,13118.289,1.178679416,1,2.159002279,3.007832099,327,534.9064893,0,1295.274,5493.061,3081.537453,1363.645,11434.214,26307.827,1.28436641,1,2.692495806,6.321249472,163,610.5391963,0,1534.2,30388.475,3905.382,1845.545,14119.809,40724.865,1.154586733,1,1.571147697,4.313743148,789,486.9805627,0,2060.539,7472.795,3382.536153,1601.733,11509.096,26817.081,1.21523071,1,2.423119998,3.610565313,653,709.081389,0,1275.831,21568.672,3239.959827,1452.885,9902.402,39517.46,1.205526325,1,2.146620398,5.726095003,158,883.3485823,0,3669.466,18285.172,4383.539766,1910.056,20828.52,33097.672,1.230390453,1,2.099900524,5.208121642
s1-load95,shortest_estimate+best_fit+easy_predicted,12,0.1612037643,0.01944508808,0.07559159395,0.04157789112,0.02430133657,0.0002878545605,2000,1600,0,480.5870838,0,2240.54,10371.508,3001.337745,1480.328,11051.754,22805.995,1.265207901,1,2.499760465,5.344778436,1.265207901,2531.352711,349,2086.494126,8991.123,0.8766579245,0.5483622397,0.2333000524,0.9584221089,170.2547911,0,0,170.2546663,0.0001248080808,0,0,0,0,0.9997121454,1.043263143,0.9756986634,0.02430133657,823,200341.006,317,160,3873,597,346.9900369,0,1506.635,7474.507,1836.966655,968.634,6155.289,16639.112,1.293866539,1,2.871740294,6.402962116,519,623.9891079,0,2626.009,16302.99,4349.645362,1912.871,18271.91,30949.023,1.240211108,1,2.431313579,4.916764042,324,552.6735062,0,3297.5,8955.649,3353.295364,2130.152,9587.282,16874.381,1.26327504,1,2.413402602,5.133467803,160,367.9357438,0,1559.827,6264.781,2259.610362,1416.374,6845.201,15444.069,1.243272747,1,2.28553895,4.125451997,777,473.1984826,0,2346.03,10371.508,2981.979143,1502.635,12248.35,21742.269,1.276368363,1,2.566999655,5.673065762,660,491.31545,0,2078.213,10446.672,2988.592417,1490.219,9904.936,21178.984,1.265157064,1,2.556244919,5.316258395,163,472.3675828,0,2240.54,10615.526,3145.224558,1299.458,9587.915,33245.586,1.212213255,1,2.252117474,5.344778436
s1-load95,shortest_estimate+best_fit+easy_predicted,13,0.1577561246,0.01839526144,0.06450602566,0.03934647596,0.0332103321,0.002298029399,2000,1600,0,626.6535325,0,1911.963,11431.246,2737.953826,1428.752,7981.909,26809.953,1.229345352,1,2.364800154,4.422925617,1.229345352,2433.080773,351,2760.267567,11132.59,0.888903637,0.5676230787,0.2275186403,0.960653524,150.5961467,0,0,150.5960607,8.597979801e-05,0,0,0,0,0.9977019706,1.121766059,0.9667896679,0.0332103321,813,174732.732,306,160,3794,628,653.2386369,0,1740.624,15244.072,2777.105927,1585.85,7981.909,20766.955,1.194287303,1,2.134680179,3.746399059,479,449.5085762,0,2093.501,7867.903,2393.516436,1149.752,7687.825,19843.631,1.201151635,1,2.451993297,4.009086744,328,444.3757591,0,1464.48,6142.341,2287.503058,1308.462,6747.896,14444.514,1.282122547,1,2.397126549,4.60765,165,1402.072309,0,2499.829,45155.927,4484.292261,2002.438,11753.479,58527.055,1.339710961,1,2.461031183,7.607917981,787,638.2640966,0,1740.624,13304.308,2751.113294,1418.911,7869.392,26809.953,1.223110304,1,2.237052388,4.232466027,643,555.3487356,0,2207.914,11062.039,2624.631795,1456.519,7984.661,19843.631,1.22078614,1,2.441365294,4.361366384,170,842.6033588,0,1754.254,41269.276,3105.657147,1353.558,9357.934,49500.183,1.290583917,1,3.004933726,6.013940262
s1-load95,shortest_estimate+best_fit+easy_predicted,14,0.1970158879,0.02259784778,0.07162250727,0.06169992362,0.03522012579,0.005875483458,2000,1600,0,620.9485012,0,2122.896,10562.33,2622.037234,1124.619,9054.814,22839.219,1.332017542,1,2.905063029,6.274236515,1.332017542,2592.809193,378,2555.930463,10195.147,0.8871100482,0.5694488737,0.2394540219,0.9383000764,241.0111822,0,0,241.0110494,0.0001328484849,0,0,0,0,0.9941245165,1.244301348,0.9647798742,0.03522012579,795,172789.849,291,155,3838,594,356.3383081,0,1472.366,8706.945,1769.836667,730.259,6531.17,15480.443,1.426786806,1,3.540035659,8.923121088,514,957.6607977,0,3757.967,15634.679,3335.503829,1634.786,9575.427,23475.307,1.30599997,1,3.053535802,5.170732807,336,581.0619077,0,1517.423,8746.216,2206.160339,963.605,6967.783,15061.376,1.290339979,1,2.634046804,6.147200676,156,604.9884359,0,1230.849,21899.193,4411.908673,1588.05,18517.874,33025.582,1.146656964,1,1.951096746,2.895159119,805,544.0849975,0,2471.359,10562.33,2557.164325,1100.172,9515.403,20139.296,1.294306447,1,2.673986834,5.53423823,635,763.1866961,0,1832.499,14097.825,2680.580543,1167.304,8792.665,22839.219,1.383199631,1,3.162049522,6.695164821,160,443.1601687,0,2332.67,10043.922,2716.0853,1110.089,9355.447,27559.836,1.318622568,1,3.053535802,5.400875425
s1-load95,shortest_estimate+best_fit+easy_predicted,15,0.2159126712,0.02245717347,0.08967000285,0.06165645084,0.03980099502,0.002328049011,2000,1600,0,989.4971044,0,2657.825,23191.23,4094.549644,1766.662,14069.785,42178.033,1.316285946,1,2.886978664,5.560368406,1.316285946,2580.279107,357,4285.903549,22578.341,0.8705193344,0.6169377555,0.2517247507,0.9383435492,366.5887156,0,0,366.5885878,0.0001277171718,0,0,0,0,0.997671951,1.137577786,0.960199005,0.03980099502,804,271595.252,304,161,3919,654,985.4863012,0,2455.075,23191.23,3575.964716,1671.613,12854.126,40618.66,1.33704965,1,2.862860054,5.288838734,498,1408.038173,0,4150.629,35914.496,5640.05012,2607.48,16514.011,50439.775,1.296684884,1,2.972346423,5.560368406,299,378.2912274,0,1300.202,7164.442,2369.111746,995.047,9041.081,23798.264,1.36257011,1,2.96559128,9.829042573,149,834.7331477,0,1617.649,28484.703,4667.712309,2035.947,21671.274,37295.83,1.197781924,1,2.075997697,5.31304101,796,1111.691328,0,2992.364,33027.216,4469.960304,1838.887,16074.558,46491.716,1.332938293,1,2.917060341,5.343313787,652,915.6875138,0,2657.825,23191.23,3923.633971,1766.662,13408.594,35432.21,1.292209698,1,2.918960592,5.560368406,152,666.1895461,0,2104.347,16825.352,2861.721572,1333.933,9169.64,40618.66,1.332354661,1,2.544373946,7.090132617
s1-load95,shortest_estimate+best_fit+easy_predicted,16,0.1872470122,0.02250373714,0.06532123971,0.06364480178,0.03109452736,0.004682706223,2000,1600,0,951.4193388,0,1936.126,32850.79,2615.96769,873.139,8390.822,40277.038,1.338144781,1,2.892964649,6.68882164,1.338144781,2632.176651,364,4070.735953,22752.258,0.8907209405,0.5892601046,0.2287133212,0.9363551982,231.8672311,0,0,231.8671016,0.0001294949495,0,0,0,0,0.9953172938,1.209973769,0.9689054726,0.03109452736,804,146897.61,292,155,3895,625,849.8071984,0,1525.616,18181.299,2276.433442,692.288,7232.02,28554.651,1.313365615,1,2.806381129,6.130659162,493,1389.288355,0,2498.935,56012.667,3389.773249,983.48,10520.208,62242.605,1.448152466,1,3.781301968,9.241793852,322,680.5368944,0,2083.142,10700.762,2116.644776,803.73,6992.733,15093.279,1.288023562,1,2.547535568,6.800127758,160,544.308775,0,1864.972,11409.939,2562.872331,1299.743,6924.466,18847.255,1.196846166,1,2.357698181,3.298695344,796,855.5198945,0,2284.277,32850.79,2575.821809,852.979,8737.643,46903.247,1.329264446,1,2.975347913,6.277438679,633,1068.830803,0,1864.972,34778.873,2689.311705,939.738,8712.226,40277.038,1.35522572,1,2.737978117,7.128896584,171,963.2000468,0,1093.715,55141.495,2531.344064,811.927,5945.259,62242.605,1.316253036,1,2.698463517,8.765193751
s1-load95,shortest_estimate+best_fit+easy_predicted,17,0.1826750458,0.01871595662,0.07077004634,0.06142921257,0.03084832905,0.0009115012365,2000,1600,0,964.0645619,0,2097.629,14892.778,3776.490045,1644.317,12300.13,26497.531,1.233742945,1,2.406027077,4.571055722,1.233742945,2423.951799,372,4059.998194,14029.53,0.875534033,0.6135411493,0.2347156879,0.9385707874,347.3505978,0,0,347.3504681,0.0001296969697,0,0,0,0,0.9990884988,1.077992086,0.969151671,0.03084832905,778,259078.488,300,160,3813,628,1161.133161,0,3205.135,14783.937,4177.862659,1945.55,13700.3,27323.549,1.247457506,1,2.355816261,5.1377068,486,1184.508152,0,2677.173,16859.938,4478.052846,2133.499,13710.237,33715.767,1.231406168,1,2.220904323,4.720047766,340,543.3139971,0,1281.896,6828.678,2413.418791,942.493,6465.064,25068.829,1.244617986,1,2.58721284,4.571055722,146,362.4243356,0,1063.824,7583.326,2888.974315,1850.123,10552.683,20608.055,1.157204698,1,2.363011647,3.333924395,822,1061.26822,0,2060.416,14029.53,3838.886725,1658.787,11300.509,25068.829,1.260564694,1,2.497739311,4.80432005,617,1058.937754,0,3283.362,16562.718,3936.286139,1658.39,14090.229,34091.468,1.218775763,1,2.535548763,4.180425063,161,104.2001739,0,596.61,1635.935,2845.531901,1511.3,10275.321,21302.621,1.154160796,1,1.734919163,5.9806102
s1-load95,shortest_estimate+best_fit+easy_predicted,18,0.1885226827,0.02006810166,0.0862602941,0.03813012956,0.03530895334,0.00875520406,2000,1600,0,443.70006,0,2556.761,7555.891,4432.233514,1765.308,17776.411,36305.223,1.290835208,1,2.579851885,6.126130302,1.290835208,2543.002487,356,1798.260725,7166.938,0.8669075925,0.381017652,0.2094875633,0.9618698704,253.8843267,0,0,253.8842175,0.0001092121212,0,0,0,0,0.9912447959,1.267498007,0.9646910467,0.03530895334,793,341322.11,236,128,3461,654,585.4618517,0,3199.665,14389.634,7034.012015,3256.093,25771.115,52599.151,1.194340544,1,2.237341864,3.69301849,489,408.5427444,0,2441.723,7166.938,2989.408986,1282.105,11750.513,20089.734,1.467675783,1,3.34061611,10.27308185,318,267.3001447,0,1708.407,4581.688,1684.510462,1057.513,5724.133,10298.535,1.275445567,1,2.591470118,3.980458749,139,303.9510576,0,1736.729,7996.815,3552.765784,1680.774,15016.448,17876.58,1.157931433,1,2.083761364,4.036394101,807,393.9975836,0,2440,6485.657,4003.9017,1662.733,16512.802,27937.843,1.323958456,1,2.688128886,6.126130302,633,491.1209968,0,2689.24,13610.828,5028.253548,1803.07,21192.595,45192.477,1.250202751,1,2.35324586,5.785035785,160,506.7778438,0,2849.708,9361.876,4234.627844,2000.791,13256.514,46925.048,1.28452199,1,3.12783208,6.6517103
s1-load95,shortest_estimate+best_fit+easy_predicted,19,0.1159988303,0.01861561267,0.04819523323,0.0257850897,0.01083032491,0.01257256983,2000,1600,0,248.791555,0,1428.51,5173.208,2839.080612,1214.562,9789.13,27094.338,1.311442816,1,2.393127375,6.050579155,1.311442816,2540.960265,338,1023.80766,5173.208,0.8602033588,0.4141569478,0.1779596615,0.9742149103,120.7504711,0,0,120.7503914,7.975757578e-05,0,0,0,0,0.9874274302,1.330656074,0.9891696751,0.01083032491,831,250373.504,236,115,3451,656,309.1627744,0,1867.058,6350.008,4050.838172,1718.211,13852.418,42543.581,1.193812627,1,2.226586674,3.812352768,468,199.0094038,0,1070.1,4385.521,1843.416156,708.016,7057.637,15923.809,1.521393279,1,2.694506835,7.753032508,316,220.2823956,0,1582.532,3928.834,2308.016563,1110.064,7817.09,17476.555,1.329812822,1,3.201505668,6.322226301,160,203.1879375,0,1211.444,5754.298,1832.044644,957.836,7827.013,16426.456,1.143340724,1,1.855652002,3.203259929,769,282.272909,0,1867.058,5618.667,2808.89468,1294.817,9086.797,28642.518,1.39910614,1,2.681967855,7.055637731,662,210.1905604,0,1139.738,4971,2865.255322,1132.115,10384.557,28158.885,1.222000698,1,2.237747577,6.008416667,169,247.6477515,0,960.118,8213.667,2873.905012,1183.149,13386.771,27094.338,1.262907818,1,2.448615912,6.050579155
s1-load95,shortest_estimate+best_fit+easy_predicted,20,0.1834432449,0.01893260026,0.06776674691,0.05084721971,0.0398505604,0.006046117613,2000,1600,0,704.1949331,0,2008.611,12855.63,3816.171874,1606.625,13969.408,38049.417,1.281531963,1,2.433877668,5.75091668,1.281531963,2523.383035,353,3032.139473,12468.231,0.8677616558,0.3871149715,0.1766790744,0.9491527803,281.95254,0,0,281.9524183,0.0001217373738,0,0,0,0,0.9939538824,1.213349424,0.9601494396,0.0398505604,803,244459.317,233,115,3601,645,1230.922896,0,3759.438,25806.748,6387.684113,3133.741,20690.092,66932.767,1.288566205,1,2.898022727,5.885614805,467,288.278743,0,1215.513,4916.867,1606.554829,1006.672,5509.224,10078.228,1.397768648,1,2.565893946,7.239436073,310,501.0978,0,1777.652,10673.934,2949.849084,1718.778,8564.717,21530.411,1.15199185,1,1.923553603,3.372941562,178,240.450191,0,1080.021,8653.463,1803.957438,751.071,6710.408,16136.569,1.176688236,1,1.740104813,2.804334717,797,727.5663664,0,1777.652,13196.636,3790.380662,1530.521,13573.148,41100.264,1.264462227,1,2.37086697,5.866361838,621,689.7926135,0,1955.492,14106.799,4014.464911,1701.488,15121.045,38188.694,1.281822409,1,2.378077673,5.885614805,182,650.9905824,0,3349.787,10673.934,3252.521429,1614.162,11078.962,27147.759,1.355291371,1,2.478982418,3.843577971
s1-load95,shortest_estimate+first_fit+easy_predicted,1,0.1769338183,0.02077985196,0.0722322562,0.05200303682,0.03078817734,0.001130495941,2000,1600,0,439.12152,0,2140.969,6571.793,3660.854174,1419.697,10940.16,46679.924,1.30871389,1,2.671350841,6.014783825,1.30871389,2524.547784,370,1749.243592,6467.62,0.8459048278,0.4320659487,0.2009064777,0.9479969632,307.3967756,0,0,307.3966476,0.000127959596,0,0,0,0,0.9988695041,1.099151871,0.9692118227,0.03078817734,812,288796.147,248,130,3500,647,447.4497156,0,2577.48,9425.128,2761.501127,1691.122,9164.141,17210.866,1.298361705,1,2.627730062,5.838129397,468,263.6727308,0,1642.869,3863.093,1877.420167,1018.52,6621.642,9347.196,1.367501863,1,2.671350841,8.84291239,333,605.996045,0,2702.029,13116.969,7979.93261,1446.444,46679.924,86400,1.244142778,1,2.857411832,3.990799741,152,578.2825329,0,2013.655,6571.793,3517.929289,1935.296,10750.48,19921.009,1.313235425,1,2.863850123,7.157550653,788,361.9368769,0,2341.114,6382.353,3552.967688,1509.61,10575.752,48633.587,1.296986809,1,2.436832547,5.076026473,648,551.8548488,0,1945.749,12119.314,3726.574841,1316.972,13758.326,45635.727,1.328405191,1,2.917143842,7.157550653,164,364.550189,0,2217.042,6866.501,3919.558799,1432.702,10592.152,67270.693,1.287256437,1,2.652853508,5.838129397
s1-load95,shortest_estimate+first_fit+easy_predicted,2,0.1729097377,0.0181042294,0.0613008711,0.06676489854,0.02567394095,0.001065797676,2000,1600,0,511.123155,0,1816.962,10568.916,3774.982417,1705.453,13943.95,29565.595,1.230207411,1,2.327386573,4.448164943,1.230207411,2440.327671,332,2285.15719,10568.916,0.86629667,0.453712444,0.2125909926,0.9332351015,418.1929644,0,0,418.192844,0.0001204040405,0,0,0,0,0.9989342023,1.089156907,0.9743260591,0.02567394095,779,299258.936,273,146,3619,636,580.2243082,0,2276.825,14773.013,5192.486772,2209.44,19552.055,35930.973,1.182916607,1,2.302041415,3.730440884,502,478.100508,0,1728.689,10568.916,3010.620815,1627.942,9039.724,22960.652,1.258689831,1,2.187317533,5.437686378,311,350.0173569,0,1913.369,6361.782,2123.826193,1199.225,7358.504,12808.277,1.288381792,1,2.59512291,5.555975325,151,661.6724172,0,1728.96,5652.279,3746.415139,1752.486,10455.572,34142.899,1.214886508,1,2.35901003,4.448164943,821,591.2929013,0,1804.343,11476.045,3977.592502,1729.765,13689.27,34070.34,1.238105601,1,2.314922702,4.448164943,635,417.2889748,0,1816.962,8843.586,3577.06589,1705.867,13588.454,26702.734,1.219158864,1,2.316971384,4.426348018,144,467.8269236,0,2396.423,12564.154,3492.580444,1594.564,14988.267,28448.282,1.233897783,1,2.878496827,5.770494528
s1-load95,shortest_estimate+first_fit+easy_predicted,3,0.2206635747,0.02686280737,0.1096295723,0.04366016032,0.04010349288,0.0004075417919,2000,1600,0,1348.782788,0,3249.428,30454.178,3972.834387,1416.987,12498.668,49806.705,1.423389363,1,3.453344288,8.182788964,1.423389363,2739.582948,377,5551.751554,27168.845,0.8787260761,0.5833196273,0.2340555254,0.9563398397,205.2718667,0,0,205.2717623,0.0001043232323,0,0,0,0,0.9995924582,1.057791011,0.9598965071,0.04010349288,773,224171.26,307,149,3931,639,2166.088806,0,5157.176,94464.049,5960.97039,2041.412,19089.675,110427.681,1.420355098,1,3.453344288,7.37803825,481,397.8114657,0,1984.993,5825.138,2043.082817,1089.769,6475.159,14991.7,1.434674656,1,3.206865999,10.31850381,318,1202.140368,0,3946.093,30454.178,3431.822195,1431.074,10597.717,38105.027,1.389027682,1,3.467982246,7.737580048,162,1236.381241,0,2497.806,49589.358,2922.423753,1105.575,7953.081,60067.972,1.469300996,1,4.146858058,8.809027678,827,1423.162511,0,3339.664,30454.178,4111.221053,1453.428,13065.967,49806.705,1.424408677,1,3.309112319,8.802114035,629,1014.769908,0,2683.277,21865.592,3458.856448,1375.546,11514.473,35152.382,1.436854753,1,3.751714413,8.271338194,144,2380.602715,0,5001.917,95900.37,5423.156271,1471.183,13535.721,110427.681,1.358717817,1,2.795931865,7.37803825
s1-load95,shortest_estimate+first_fit+easy_predicted,4,0.1862641239,0.0212575177,0.08189522317,0.04622423084,0.03311258278,0.00377456945,2000,1600,0,795.0257212,0,2427.38,13486.674,3403.286921,1655.596,11202.311,23222.273,1.350642991,1,2.73275709,7.265751534,1.350642991,2786.922578,354,3456.328412,13018,0.8947387928,0.6027952935,0.270233403,0.9537757692,222.7047978,0,0,222.7046816,0.0001162020202,0,0,0,0,0.9962254306,1.163304508,0.9668874172,0.03311258278,755,201922.307,309,161,3929,615,358.4638488,0,2089.064,6751.952,2336.903577,1037.099,9561.798,14854.277,1.458432114,1,3.077694178,8.149312143,495,1458.278374,0,3941.573,57610.986,5109.212184,2451.333,15428.363,80440.648,1.273760998,1,2.397772543,7.824646474,334,665.8178383,0,2055.513,13723.119,3006.554659,1681.266,8958.457,20724.715,1.253697638,1,2.538444479,5.872807293,156,688.1726538,0,2374.06,23152.598,3043.680038,1804.543,9288.148,33169.543,1.377220065,1,2.955436925,6.825553103,845,809.6789929,0,2993.167,13797.543,3538.074492,1705.461,12103.172,27707.537,1.325081233,1,2.645190368,6.398282589,608,703.9656875,0,2179.968,13486.674,3190.65674,1605.244,9835.938,20532.025,1.37827915,1,2.538444479,7.526287027,147,1087.423585,0,2888.775,10943.676,3507.937612,1465.75,11234.271,17045.224,1.383274965,1,3.531393682,6.825553103
s1-load95,shortest_estimate+first_fit+easy_predicted,5,0.1337294887,0.01587712488,0.04753771113,0.04939310732,0.01856763926,0.002353906072,2000,1600,0,366.4969169,0,1409.021,8384.898,2555.760436,1533.494,7906.773,15719.787,1.176574454,1,2.041081476,3.745076658,1.176574454,2326.734339,334,1646.039805,8384.898,0.8748309866,0.4736531297,0.2190521539,0.9506068927,187.3712267,0,0,187.371115,0.0001116767677,0,0,0,0,0.9976460939,1.137959888,0.9814323607,0.01856763926,754,181119.95,279,129,3671,639,434.0046322,0,1707.504,8384.898,2581.40675,1453.587,8205.958,16154.627,1.206560797,1,2.259264716,4.352960338,486,330.287284,0,1208.707,10024.278,2154.79186,1343.844,6696.431,14428.898,1.15319732,1,1.930116554,3.813160696,322,297.5771708,0,1204.188,5656.144,3052.922661,2260.208,8283.976,13621.894,1.110792472,1,1.781266893,2.635680879,153,344.618549,0,2536.43,8050.158,2675.99898,1684.431,8924.754,15386.477,1.264037278,1,2.371418719,4.916416715,846,410.931234,0,1590.468,9284.267,2642.820226,1515.215,8470.405,17150.151,1.17780819,1,2.118840784,3.813160696,602,326.8331462,0,1295.528,7663.536,2432.482083,1565.201,6829.75,14428.898,1.181689328,1,2.026330755,3.65721249,152,276.2742697,0,854.736,8384.898,2559.451138,1533.162,9497.108,14738.915,1.149450148,1,1.834243284,4.701777513
s1-load95,shortest_estimate+first_fit+easy_predicted,6,0.2687735715,0.02847901411,0.111958042,0.05813302203,0.05445544554,0.0157480478,2000,1600,0,1387.941688,0,3318.444,49782.527,3323.081105,1246.683,10433.453,55221.747,1.501287859,1,3.661115509,10.48274475,1.501287859,2895.405642,388,5568.338619,47021.993,0.8913179966,0.5364872735,0.2528457507,0.941866978,209.8596222,0,0,209.859504,0.0001182626263,0,0,0,0,0.9842519522,1.345264344,0.9455445545,0.05445544554,808,152713.194,328,161,3923,647,1423.287507,0,3464.298,51236.214,3498.246873,1340.837,10433.453,55968.937,1.541499067,1,3.661115509,11.82594819,472,1034.762604,0,2008.988,23241.385,2834.449161,1235.368,9120.008,26652.553,1.392324724,1,3.457894648,7.692500413,318,695.7427925,0,2399.983,11514.359,1961.83523,1047.052,4863.043,13253.093,1.391334253,1,3.355396938,7.622265971,163,3620.770104,0,24051.657,71328.414,6698.407571,1538.612,34257.924,77377.042,1.871712362,1,7.293023544,14.09165321,792,1117.612971,0,2507.404,49782.527,3137.758865,1277.432,9437.198,55059.987,1.419258588,1,3.262307026,8.869644673,644,1403.782174,0,4750.665,42899.305,3218.700547,1232.654,10474.317,47638.932,1.569676642,1,4.126442562,10.486476,164,2631.228707,0,6980.551,70836.956,4627.936555,1221.974,14857.149,76169.212,1.628878135,1,4.636412619,12.04114678
s1-load95,shortest_estimate+first_fit+easy_predicted,7,0.211978902,0.02280674395,0.09945857682,0.04815298478,0.04094292804,0.0006176683658,2000,1600,0,774.0327631,0,2947.959,17668.136,4605.542535,1630.479,17054.137,49482.788,1.358278345,1,2.931917646,6.673016567,1.358278345,2628.983717,369,3208.496556,12961.957,0.8682648749,0.5680550031,0.2301387647,0.9518470152,339.0984711,0,0,339.098349,0.0001221414143,0,0,0,0,0.9993823316,1.071377407,0.959057072,0.04094292804,806,339574.561,279,146,3679,632,595.8204731,0,2598.494,12557.759,3946.912949,1505.974,15087.857,36147.684,1.318198887,1,2.874184899,7.269352933,504,1141.611222,0,3844.272,25290.277,6824.575411,2028.68,37494.879,86400,1.412288505,1,2.875666402,6.598255643,308,582.8099318,0,2429.741,8477.813,3084.614029,1141.561,10113.935,26488.522,1.355437424,1,2.951593786,6.353746341,156,686.0023526,0,3308.032,11713.153,3107.512462,1584.339,12164.437,18876.321,1.351766164,1,3.223477121,7.33267281,794,879.6272003,0,3032.304,21328.832,4877.61653,1717.408,16733.782,73347.309,1.353978616,1,2.942361188,7.269352933,644,655.1321304,0,2869.639,11976.808,4378.463632,1534.996,17122.406,45715.751,1.377455971,1,2.984337749,7.279424088,162,729.1563704,0,2738.459,17668.136,4174.75279,1681.012,18423.62,37186.47,1.303115341,1,2.431798497,6.598255643
s1-load95,shortest_estimate+first_fit+easy_predicted,8,0.1020954171,0.01709319297,0.02995165173,0.04300428159,0.01125,0.0007962908533,2000,1600,0,190.0800994,0,887.769,2700.17,1719.874399,794.561,5859.484,12710.929,1.183847038,1,2.197412931,3.955577427,1.183847038,2365.108173,390,742.8413615,2523.315,0.8626509179,0.4731279612,0.2005620573,0.9569957184,115.8031733,0,0,115.8030526,0.0001207676768,0,0,0,0,0.9992037091,1.076275223,0.98875,0.01125,800,124176.734,266,131,3654,674,165.5682018,0,1002.217,2755.366,1375.834583,669.306,5022.024,9370.811,1.211425147,1,2.649895854,4.031659674,490,114.9975082,0,487.58,2368.111,1492.98629,725.08,4608.851,12710.929,1.138496397,1,2.063799179,3.169485015,303,239.1092277,0,957.918,2802.342,2458.32437,1251.593,8001.7,21624.271,1.177629906,1,1.999356271,3.962837498,133,479.2204211,0,1575.662,2397.062,2616.924534,1234.369,9994.052,15995.007,1.225335463,1,2.141646187,4.907378246,800,128.3423388,0,811.6,2335.759,1681.960928,760.965,6038.708,12823.07,1.170236861,1,2.167208338,3.617847601,629,264.4891335,0,1099.178,2888.011,1791.01465,816.867,5603.351,12680.193,1.208972152,1,2.249249441,4.592403851,171,205.2083216,0,621.021,2755.366,1635.567725,805.724,5859.484,9075.765,1.155101104,1,1.79164119,3.418437847
s1-load95,shortest_estimate+first_fit+easy_predicted,9,0.1442152804,0.01908902515,0.05438560361,0.04323954252,0.02644836272,0.001052746437,2000,1600,0,523.2207913,0,1611.993,12545.144,2953.050227,1310.775,10101.641,27405.678,1.243917303,1,2.453986847,5.056888106,1.243917303,2514.807652,346,2319.097896,10086.964,0.8779333607,0.5102231677,0.2326994606,0.9567604575,197.5307489,0,0,197.5306347,0.0001142222223,0,0,0,0,0.9989472536,1.085671053,0.9735516373,0.02644836272,794,205835.136,254,138,3801,645,539.9080837,0,1570.381,15145.258,2957.87607,1362.228,9064.825,34803.686,1.248669808,1,2.255660101,5.194974955,474,574.148346,0,1883.636,13219.806,2962.178654,1214.729,10858.367,19419.796,1.210495816,1,2.329591403,4.892164159,330,552.7009121,0,1822.135,8938.231,3316.538658,1577.608,11946.49,26486.639,1.302751765,1,3.311394946,7.488772088,151,227.6485762,0,1438.544,3291.323,2109.40304,1050.542,9965.504,15114.403,1.199950724,1,2.12538261,4.393650184,806,584.1411861,0,1605.046,14495.385,3078.585478,1308.716,11127.086,28691.612,1.252450705,1,2.329591403,5.504502117,627,512.3463732,0,1731.437,12545.144,2956.959281,1398.639,9489.766,34803.686,1.246209148,1,2.527376807,4.939639974,167,270.0257126,0,1418.369,9294.484,2332.497,1191.385,8409.476,16394.706,1.19412743,1,2.613615758,5.056888106
s1-load95,shortest_estimate+first_fit+easy_predicted,10,0.2123432859,0.01986312983,0.09445858832,0.05994756782,0.03641092328,0.001663076683,2000,1600,0,900.0164731,0,2799.759,11867.022,3764.919128,1484.022,12440.127,28807.971,1.288820693,1,2.553501761,4.805249307,1.288820693,2615.895563,352,3940.709207,11464.877,0.8847955908,0.6535356162,0.251323078,0.9400524322,377.6566289,0,0,377.6565091,0.0001197575758,0,0,0,0,0.9983369233,1.116549453,0.9635890767,0.03641092328,769,295401.316,296,151,3967,626,582.4584217,0,3032.858,11017.174,3372.679831,1698.102,12398.989,20232.765,1.351920714,1,2.71851939,5.173817471,484,1657.222455,0,2979.343,54564.203,5490.51936,1408.46,18133.895,68756.022,1.247800263,1,2.301080728,4.844764579,343,694.093277,0,2013.464,6626.407,2947.825166,1477.467,7831.503,15258.805,1.264978039,1,2.762296836,4.770344893,147,239.7124014,0,1301.891,4179.066,1660.255973,1060.704,4354.696,13296.824,1.210802361,1,1.957001727,3.134716833,831,928.5112936,0,2544.475,15101.026,3705.907882,1473.311,11755.671,28807.971,1.27314982,1,2.437246379,4.860799751,627,963.8232201,0,3023.333,11867.022,3930.2127,1510.684,12749.779,33452.757,1.326718222,1,2.71851939,4.509788531,142,451.523331,0,2967.111,8455.402,3380.406979,1446.43,12763.438,22186.769,1.213192136,1,2.46844886,4.805249307
s1-load95,shortest_estimate+first_fit+easy_predicted,11,0.1577636435,0.01667986432,0.06595470654,0.04144598162,0.03082614057,0.002856950469,2000,1600,0,727.3529356,0,1954.902,14661.14,3532.536424,1556.919,12345.626,31424.498,1.204199583,1,2.144277527,4.978527036,1.204199583,2397.606063,333,3357.825093,14661.14,0.8730129677,0.556029201,0.2177561585,0.9585540184,195.6067711,0,0,195.6066583,0.0001128484849,0,0,0,0,0.9971430495,1.141754679,0.9691738594,0.03082614057,811,246198.455,256,124,3821,640,1120.895659,0,2941.687,35477.011,4417.794697,1735.48,15067.283,49972.778,1.221830313,1,2.141963443,5.129859047,470,278.0293936,0,1180.638,7722.296,2425.497226,1472.338,7714.129,15146.833,1.145845973,1,1.904765961,3.662801318,327,674.8358502,0,1438.355,8799.897,3218.660101,1368.808,10987.488,27384.561,1.290439413,1,2.428732177,5.580698747,163,583.106362,0,1903.285,15947.489,3878.430202,1821.899,15844.298,31424.498,1.130224764,1,1.943482676,3.040181146,789,681.9727351,0,2417.566,14761.827,3577.910368,1644.809,11928.619,31875.729,1.217137627,1,2.410176791,5.143166452,653,759.7300383,0,1074.652,13359.854,3287.074289,1449.255,9980.078,31424.498,1.19314016,1,1.871380143,4.281661231,158,820.1550253,0,2401.629,18066.531,4320.427133,1938.243,19180.429,33097.672,1.185298858,1,1.99810579,3.275960554
s1-load95,shortest_estimate+first_fit+easy_predicted,12,0.1430410389,0.01818070846,0.06216976248,0.0389182736,0.02308626974,0.0006860246008,2000,1600,0,373.1127513,0,1842.716,6829.476,2891.796508,1448.829,10505.21,21376.639,1.244046561,1,2.337218327,5.14879034,1.244046561,2462.53038,349,1648.127676,6140.417,0.8869485404,0.5830188669,0.2625811486,0.9610817264,158.9230733,0,0,158.9229542,0.0001191515152,0,0,0,0,0.9993139754,1.072112103,0.9769137303,0.02308626974,823,200341.006,299,149,3836,597,285.9977487,0,1257.48,5282.487,1776.000085,959.304,6131.388,14507.844,1.291393073,1,2.459722091,6.925194942,519,436.8343545,0,2200.633,9924.484,4157.908518,1856.538,17317.242,28560.892,1.204531755,1,2.469641648,4.897153012,324,468.4270895,0,2871.761,9248.172,3267.294151,2096.294,9328.651,16874.381,1.229356029,1,2.250462519,4.748577398,160,298.4521187,0,1512.442,5566.752,2187.77835,1414.106,6810.612,14648.806,1.225309366,1,2.267976862,4.106951301,777,364.9944286,0,2078.209,8037.334,2868.332927,1490.372,11146.928,21030.18,1.243446586,1,2.318780704,4.902233918,660,325.9731273,0,1628.595,5914.118,2823.018855,1474.535,9619.894,20100.882,1.209748447,1,2.226430139,5.14879034,163,602.6838466,0,2946.391,12718.878,3282.130583,1226.036,14507.844,34279.46,1.38578236,1,2.717244378,7.346874829
s1-load95,shortest_estimate+first_fit+easy_predicted,13,0.1511271154,0.01741039502,0.05767699279,0.04600694671,0.0295202952,0.0005124857091,2000,1600,0,619.992855,0,1709.55,10851.66,2735.006566,1415.416,8396.264,20684.165,1.231031651,1,2.238190795,4.751924587,1.231031651,2427.259236,351,2729.091681,10182.556,0.8909081263,0.5469888796,0.2352238696,0.9539930533,177.3180711,0,0,177.3179952,7.5959596e-05,0,0,0,0,0.9994875143,1.058125165,0.9704797048,0.0295202952,813,173556.454,308,145,3790,628,791.3487946,0,2158.448,15388.598,2924.750627,1569.58,8452.892,20072.404,1.220791519,1,2.211358044,5.668318579,479,478.8373111,0,1590.331,10182.556,2423.670743,1138.986,7978.461,20685.56,1.212009953,1,2.224290213,4.98325717,328,423.5017409,0,1158.109,7090.096,2268.65957,1250.61,6731.812,14403.212,1.282458231,1,2.274927728,4.495220107,165,768.181103,0,2937.071,15030.431,3843.687794,2037.44,12996.976,22293.409,1.222996976,1,2.404063665,4.365434679,787,543.7970928,0,1743.531,10978.648,2657.768442,1418.911,8510.115,18245.396,1.23859181,1,2.201593607,4.751924587,643,507.563535,0,1774.965,9459.428,2579.795495,1447.657,8057.892,19147.23,1.198503854,1,2.196607826,4.285490048,170,1397.981782,0,1702.869,41753.921,3679.636694,1297.065,9618.215,57571.705,1.319064169,1,2.881382153,7.144303096
s1-load95,shortest_estimate+first_fit+easy_predicted,14,0.1856742474,0.02247451527,0.06461311044,0.06190926118,0.03270440252,0.003972958019,2000,1600,0,608.3565381,0,1915.137,11348.066,2608.513562,1175.773,9248.501,24192.054,1.345697648,1,2.889208036,6.261428796,1.345697648,2618.190551,378,2450.910381,9814.645,0.9016691734,0.5530270416,0.2643328583,0.9380907388,241.8828578,0,0,241.88273,0.0001277575758,0,0,0,0,0.996027042,1.188923955,0.9672955975,0.03270440252,795,171242.489,367,185,3837,594,403.6497643,0,1515.52,8325.143,1814.062886,743.422,6992.775,14529.763,1.446255608,1,3.608905376,8.38991851,514,876.9137004,0,2946.867,28743.316,3256.69536,1677.502,9234.612,36699.56,1.287958794,1,2.754170665,5.83485371,336,536.1046488,0,1426.701,6201.843,2158.651012,1011.842,6967.783,11506.665,1.316264349,1,2.672822111,7.090384414,156,658.5749808,0,3599.935,14919.434,4466.796096,1701.888,19846.568,33025.582,1.216440801,1,2.510105459,3.985264826,805,621.8980261,0,1946.438,11939.901,2633.684688,1180.895,9248.501,23028.877,1.338075358,1,3.183202513,6.146245787,635,596.5528142,0,1543.35,8222.015,2515.449483,1179.94,9130.702,20553.565,1.338786764,1,2.802390404,6.2510835,160,587.0719562,0,2900.372,10179.612,2851.2194,1124.619,9693.305,33025.582,1.41147487,1,2.809968232,10.88236412
s1-load95,shortest_estimate+first_fit+easy_predicted,15,0.2165641788,0.02166124239,0.08978612944,0.06272793261,0.04104477612,0.001344098286,2000,1600,0,883.7026144,0,2661.267,20417.766,3989.006308,1734.602,13962.612,36910.023,1.298853191,1,2.78465786,5.539793838,1.298853191,2579.943385,357,3840.665291,18996.886,0.8801664403,0.5923598219,0.2577380708,0.9372720674,373.3857533,0,0,373.385626,0.0001273535355,0,0,0,0,0.9986559017,1.099595463,0.9589552239,0.04104477612,804,265139.68,320,151,3926,654,695.7909709,0,3117.27,18477.799,3293.952552,1570.276,11653.745,30208.851,1.28633062,1,2.74576094,4.687698538,498,1466.981118,0,4159.159,37339.907,5694.110147,2495.712,16898.766,62509.758,1.329778103,1,2.910570285,7.760440954,299,302.537796,0,1191.298,6562.37,2285.228585,1046.222,7738.256,23798.264,1.319346584,1,3.37846573,7.188707714,149,925.2448993,0,2815.659,18996.886,4759.831698,2079.069,21671.274,36910.023,1.20933393,1,2.531570596,5.03290295,796,974.918353,0,2658.46,20417.766,4329.96799,1811.532,16031.147,40051.637,1.310232329,1,2.801303421,6.580787593,652,694.9272899,0,2530.522,20634.163,3705.898626,1762.565,12926.85,31865.814,1.264424262,1,2.760941054,5.460582669,152,1215.76698,0,3679.443,30088.531,3417.826763,1392.683,8802.509,37941.196,1.386944424,1,2.910570285,6.039541353
s1-load95,shortest_estimate+first_fit+easy_predicted,16,0.1697800325,0.02178398037,0.05822628303,0.061948664,0.02736318408,0.000457921008,2000,1600,0,875.83515,0,1725.831,23100.232,2539.079684,867.982,8335.216,33596.92,1.281955687,1,2.800436423,5.768983333,1.281955687,2534.339833,364,3741.897654,19957.469,0.8912645375,0.5670778664,0.2217677907,0.938051336,225.2798778,0,0,225.279757,0.0001208080808,0,0,0,0,0.999542079,1.061196586,0.9726368159,0.02736318408,804,147245.584,297,157,3888,625,880.5110448,0,1492.22,18181.299,2311.616202,689.898,7126.656,28554.651,1.280897687,1,2.870935528,5.489755299,493,1097.516913,0,1972.402,39048.806,3094.326262,972.415,10289.2,47833.722,1.304687131,1,3.011154019,6.220864001,322,649.7548944,0,1642.186,19957.469,2080.676012,817.291,6202.389,24327.808,1.275296401,1,2.638299953,5.768983333,160,629.4995188,0,2070.882,10694.585,2639.292787,1328.096,8026.002,18847.255,1.229449047,1,2.698746367,4.236009248,796,786.3113015,0,1847.213,23100.232,2502.433607,839.362,8530.298,33596.92,1.295685568,1,3.011154019,5.802581252,633,961.742207,0,1567.459,31935.789,2581.521442,912.965,8599.128,37780.446,1.270485909,1,2.771513231,5.435564254,171,974.5592222,0,837.675,54061.276,2552.55714,771.016,6628.814,61162.386,1.260501791,1,2.626299592,8.613074012
s1-load95,shortest_estimate+first_fit+easy_predicted,17,0.1967798856,0.01944869217,0.08182670106,0.0609066409,0.03341902314,0.001178828322,2000,1600,0,880.0397525,0,2425.349,11421.304,3691.236839,1716.873,12135.918,28322.894,1.263392554,1,2.500223788,4.767624567,1.263392554,2466.787698,372,3660.549817,10481.896,0.8895617505,0.5766925677,0.2371539514,0.9390933591,344.20408,0,0,344.2039454,0.0001346262627,0,0,0,0,0.9988211717,1.087679384,0.9665809769,0.03341902314,778,263153.458,326,165,3811,628,972.1189475,0,2810.025,9179.025,3986.661933,1995.034,12826.322,21698.889,1.275781654,1,2.495254328,5.410604964,486,1162.676132,0,2885.405,25643.384,4455.902237,2140.618,12457.653,44057.376,1.271993636,1,2.386677197,5.780077296,340,545.9379059,0,1719.501,6938.715,2417.54175,999.373,6465.064,25068.829,1.267056456,1,2.854869872,4.420720946,146,321.1877877,0,1673.786,6098.035,2841.250459,1853.268,11014.065,14547.52,1.172939079,1,2.1495554,3.736878994,822,1082.315807,0,1944.702,16831.797,3858.962242,1711.16,11014.065,28322.894,1.299721234,1,2.620722635,5.66848249,617,782.6460405,0,3205.135,12762.204,3658.421285,1736.479,13637.489,31879.161,1.23318612,1,2.494389602,3.815660647,161,220.542882,0,1409.042,3195.386,2960.658677,1579.954,10861.044,21302.621,1.193673266,1,1.973905329,5.741664522
s1-load95,shortest_estimate+first_fit+easy_predicted,18,0.2067135627,0.02027045746,0.1098069673,0.03239634781,0.04287515763,0.001364632493,2000,1600,0,641.87486,0,3254.686,11858.188,4625.026976,1766.548,18810.729,39079.836,1.300764272,1,2.605865706,5.820659343,1.300764272,2551.377762,356,2675.813677,11807.094,0.8613763816,0.5755501581,0.2503570578,0.9676036522,214.4284889,0,0,214.4283816,0.0001072727273,0,0,0,0,0.9986353675,1.10231842,0.9571248424,0.04287515763,793,341322.11,299,144,3645,654,1010.399294,0,5084.924,20908.432,7444.14704,3256.093,26741.557,57414.31,1.265113911,1,2.544214744,5.039095193,489,445.5130573,0,2642.667,10211.498,3025.658834,1290.456,11945.703,22308.246,1.368368435,1,2.843047088,7.628336527,318,276.7320629,0,1839.481,5320.916,1695.030701,1101.787,5702.135,9827.824,1.296093816,1,2.730808113,6.40543828,139,434.1147986,0,3020.953,7641.475,3690.676727,1749.312,15008.808,17876.58,1.241354957,1,2.118188272,5.316671891,807,660.8235836,0,3613.621,13343.692,4256.997938,1697.225,17124.92,35084.091,1.365800995,1,2.81096701,7.628336527,633,664.5402354,0,3054.887,11807.094,5204.412611,1794.028,21192.595,57383.157,1.247010668,1,2.53923484,5.316671891,160,456.6323438,0,1821.739,13266.74,4189.079019,2000.791,12317.851,46925.048,1.185397991,1,2.245094708,3.375669809
s1-load95,shortest_estimate+first_fit+easy_predicted,19,0.1304864598,0.0204218323,0.05328189495,0.02968281628,0.01684717208,0.01025274416,2000,1600,0,291.2190306,0,1579.279,6269.443,2883.509986,1217.174,10028.385,28550.827,1.352357585,1,2.625325676,6.514553012,1.352357585,2609.866558,338,1223.375956,6269.443,0.857941818,0.4079885783,0.1892004171,0.9703171837,139.5617289,0,0,139.5616615,6.743434345e-05,0,0,0,0,0.9897472558,1.262016976,0.9831528279,0.01684717208,831,250799.888,266,126,3459,656,407.1540107,0,2572.134,7985.292,4149.516343,1730.992,13947.871,42543.581,1.217355311,1,2.284745023,5.357418957,468,189.7975214,0,1229.914,3357.436,1840.829558,706.082,7042.073,15923.809,1.536323068,1,2.681967855,16.31752219,316,240.0732468,0,1599.368,4521.399,2326.248108,1178.518,7905.974,17476.555,1.427712131,1,3.28248265,6.630208235,160,213.55645,0,871.788,5457.617,1843.316381,965.085,7827.013,16426.456,1.218942644,1,2.649810661,4.215531227,769,289.5472341,0,1579.279,5483.009,2813.225555,1283.897,8637.173,29715.524,1.292219193,1,2.536912497,5.923897445,662,297.9509849,0,1528.084,6444.717,2958.557057,1130.021,10654.954,28613.334,1.369119771,1,2.649810661,6.630208235,169,272.4560592,0,1597.302,7985.292,2909.353568,1236.077,13386.771,27094.338,1.560344902,1,3.302530982,16.31752219
s1-load95,shortest_estimate+first_fit+easy_predicted,20,0.1878569513,0.02157993678,0.08099697962,0.04416487676,0.03735990037,0.00375525777,2000,1600,0,796.1282625,0,2400.756,16137.164,3898.272461,1618.703,14342.747,36151.751,1.348486627,1,2.774205629,6.173911628,1.348486627,2638.17592,353,3455.395728,15059.543,0.8644701649,0.4852732,0.1956033218,0.9558351232,243.18622,0,0,243.1861028,0.0001172121212,0,0,0,0,0.9962447422,1.175115719,0.9626400996,0.03735990037,803,244849.077,239,120,3602,645,1300.81189,0,4800.211,26844.664,6435.495879,3215.341,20766.676,66932.767,1.324285382,1,2.976111915,5.203830819,467,328.1167152,0,1378.303,6971.149,1648.917272,944.44,5322.239,13654.232,1.412222717,1,2.947784596,8.480882292,310,677.3789645,0,2336.089,9935.279,3116.472477,1720.375,9003.985,15458.578,1.240259995,1,2.357890187,5.894087042,178,402.0425056,0,1199.197,20502.128,1967.361022,791.584,6560.271,25298.058,1.457449016,1,3.365322067,6.540928079,797,805.7464831,0,2336.089,20502.128,3855.139043,1576.545,13777.338,40318.138,1.338471557,1,2.774205629,6.390853531,621,781.1063639,0,2546.599,16137.164,4097.845704,1696.607,15146.068,38188.694,1.332448932,1,2.947784596,5.669029605,182,805.2649505,0,2285.87,15059.543,3406.197467,1603.355,10877.28,27147.759,1.447065856,1,2.59150065,13.96725969
s1-load95,shortest_estimate+least_fragmentation+easy_predicted,1,0.1876097387,0.01933425612,0.06554279791,0.0650832699,0.03694581281,0.0007036019377,2000,1600,0,502.1308675,0,1942.693,9646.729,3736.894623,1425.186,11812.389,54203.464,1.307043291,1,2.485512479,7.763398373,1.307043291,2527.912441,370,2095.772697,8260.571,0.8371742633,0.5110507976,0.2011306766,0.9349167301,390.0982311,0,0,390.0980869,0.0001442020203,0,0,0,0,0.9992963981,1.072249504,0.9630541872,0.03694581281,812,288796.147,247,132,3568,647,500.0669753,0,2195.63,12518.031,2823.144377,1667.844,9198.182,17856.835,1.319118305,1,2.563782966,6.628478193,468,293.545797,0,1361.609,6581.085,1909.203545,1055.451,6630.942,13205.401,1.339172897,1,2.447695266,10.10693343,333,658.2307658,0,2051.515,12071.277,8070.060613,1425.626,48633.587,86400,1.248937764,1,2.217797457,6.337536733,152,811.1564276,0,2909.548,41528.685,3760.654875,1935.296,10836.636,49498.543,1.284016645,1,2.657956148,7.763398373,788,403.8485165,0,2185.009,7994.045,3602.451187,1520.013,10836.636,51668.508,1.290016019,1,2.279742208,5.645379743,648,594.8443765,0,1367.097,12798.861,3791.117244,1353.549,13819.809,56850.936,1.303802424,1,2.603206734,7.763398373,164,608.0341524,0,1999.541,11512.199,4168.633457,1340.723,13205.401,67270.693,1.401662631,1,2.797160126,9.35262311
s1-load95,shortest_estimate+least_fragmentation+easy_predicted,2,0.1845104592,0.01812060938,0.07029471005,0.06229093716,0.03080872914,0.002995473459,2000,1600,0,610.4162169,0,2083.54,11591.262,3870.185012,1707.078,14356.262,32412.392,1.242997148,1,2.329492299,5.394943031,1.242997148,2470.660421,332,2872.467596,11591.262,0.8485247594,0.5416211366,0.2034254654,0.9377090628,388.3080067,0,0,388.3078873,0.0001193939394,0,0,0,0,0.9970045265,1.142827297,0.9691912709,0.03080872914,779,298149.643,242,127,3654,636,827.5000739,0,2504.714,22728.18,5443.772591,2209.44,20808.878,43681.952,1.18841999,1,2.174506551,4.139541549,502,435.3916175,0,1858.068,10002.959,2959.362908,1628.413,9564.544,20540.441,1.264421494,1,2.295231887,5.481672505,311,409.1145531,0,1776.872,8147.797,2183.612367,1216.834,6914.097,14356.262,1.349993964,1,2.84775105,7.669369511,151,692.5475629,0,2240.275,9981.776,3744.059775,1740.092,12814.72,34142.899,1.181275567,1,2.305595078,3.879743246,821,643.0242302,0,1858.068,9981.776,4019.098994,1732.033,13769.964,34142.899,1.232690762,1,2.112532738,4.662114083,635,557.2018457,0,2599.815,11591.262,3719.625117,1722.892,15023.882,28092.181,1.246256527,1,2.467258606,5.312626551,144,659.1658472,0,1902.189,12456.253,3685.095812,1601.846,14988.267,29759.55,1.287384913,1,2.49180677,7.134316402
s1-load95,shortest_estimate+least_fragmentation+easy_predicted,3,0.2361458981,0.02670953167,0.1176874822,0.0462623986,0.04269081501,0.002795670537,2000,1600,0,1343.831142,0,3488.265,32810.03,3970.478744,1423.471,12210.615,50973.166,1.430100536,1,3.433639952,8.082598309,1.430100536,2780.472867,377,5516.240355,27872.153,0.8882612802,0.6085754686,0.2537577245,0.9537376014,218.0999644,0,0,218.0998511,0.0001133333333,0,0,0,0,0.9972043295,1.118276004,0.957309185,0.04269081501,773,220065.794,319,164,3931,639,2107.428623,0,5215.946,89345.828,5904.079031,2085.543,20953.214,108649.09,1.383365562,1,3.433639952,7.163730585,481,394.5232848,0,2009.745,7591.041,2041.369909,1036.704,6716.043,14991.7,1.386002891,1,3.03795245,9.346591692,318,1483.327525,0,4230.74,51950.309,3718.653535,1441.87,12063.366,61211.669,1.53116787,1,4.257197808,11.59253582,162,876.6610185,0,2911.51,15899.079,2565.6095,1041.34,7912.479,18695.071,1.546984512,1,3.591023689,9.218163144,827,1327.948906,0,3226.791,32125.17,4021.915915,1414.703,12531.695,49806.705,1.406845215,1,3.0288102,8.082598309,629,1099.131159,0,3338.487,27872.153,3542.338898,1431.074,11282.434,41162.203,1.471408779,1,4.257197808,9.073793873,144,2503.906833,0,5925.081,94121.779,5545.21084,1442.859,15865.833,108649.09,1.383220442,1,2.853907451,7.163730585
s1-load95,shortest_estimate+least_fragmentation+easy_predicted,4,0.1791972527,0.022214251,0.0707563824,0.0501573727,0.03311258278,0.002956663843,2000,1600,0,847.6452681,0,2097.224,17425.861,3459.729527,1620.804,11379.846,30733.579,1.319242069,1,2.855749801,6.315396151,1.319242069,2711.036902,354,3684.290571,16662.796,0.8979504787,0.580892068,0.2526151272,0.9498426273,242.6550244,0,0,242.6549055,0.000118909091,0,0,0,0,0.9970433362,1.165383412,0.9668874172,0.03311258278,755,201228.813,298,146,3927,615,407.4015041,0,1946.276,8607.358,2396.203553,1052.389,9561.798,14759.055,1.402564269,1,3.195096076,8.874431552,495,1554.553832,0,4048.904,58035.633,5208.892303,2449.352,17045.224,86400,1.293316519,1,2.955122135,6.808182713,334,673.2433144,0,1482.155,14354.982,3011.058057,1616.402,8754.015,20950.519,1.203521738,1,1.996566249,4.935195573,156,713.5454487,0,3094.276,23152.598,3062.865237,1825.604,8867.384,33169.543,1.320784275,1,3.311343229,5.386782477,845,921.008632,0,2302.266,21220.448,3656.064404,1686.785,12141.994,33169.543,1.319592072,1,2.9619985,6.315396151,608,713.0639457,0,2007.226,14543.237,3200.710316,1588.009,10029.684,25263.114,1.325771672,1,2.423811796,6.274285351,147,982.5663673,0,1509.1,10769.221,3402.455442,1465.75,11480.973,18334.545,1.290223353,1,2.423497659,7.809422758
s1-load95,shortest_estimate+least_fragmentation+easy_predicted,5,0.1476300132,0.0179260414,0.04765798751,0.0566804975,0.02387267905,0.001492807752,2000,1600,0,388.9375394,0,1412.586,8437.793,2582.000111,1533.162,8009.62,15910.596,1.191466405,1,2.30447964,4.118587124,1.191466405,2372.049614,334,1781.945323,8437.793,0.8823451305,0.4152823416,0.2026255351,0.9433195025,216.6767689,0,0,216.6766655,0.0001033535354,0,0,0,0,0.9985071922,1.100730961,0.976127321,0.02387267905,754,181119.95,252,124,3650,639,463.9490642,0,1832.86,8452.252,2612.348186,1445.405,8830.192,16768.782,1.229444038,1,2.528300094,4.320602447,486,328.0527099,0,917.54,8815.577,2159.438621,1343.844,6475.299,13795.143,1.179391841,1,2.096874866,3.976174069,322,352.9160124,0,906.89,7307.796,3113.628879,2243.058,8252.079,14573.356,1.116934184,1,1.570854499,3.100661738,153,344.8629935,0,1902.172,7822.43,2678.653712,1678.952,8815.867,15386.477,1.228067101,1,2.281236459,5.44095195,846,446.1050154,0,1748.645,8235.834,2681.889649,1515.714,8529.341,17788.859,1.188533764,1,2.096874866,4.231470545,602,319.3167857,0,961.476,7271.049,2429.727656,1554.41,6699.557,14573.356,1.184236906,1,2.319581699,3.689386938,152,346.4902303,0,1902.172,8815.577,2629.115039,1605.339,10648.567,14738.915,1.236421494,1,2.685683653,5.44095195
s1-load95,shortest_estimate+least_fragmentation+easy_predicted,6,0.2078428986,0.0256504782,0.06687838863,0.05767337475,0.03836633663,0.01927432036,2000,1600,0,1238.512503,0,1982.28,48719.129,3172.323545,1232.825,9120.008,54638.691,1.428939527,1,3.297493488,10.09174944,1.428939527,2806.068284,388,4973.148487,46919.114,0.8870464337,0.5676531308,0.2382549534,0.9423266252,208.0987444,0,0,208.0986175,0.000126989899,0,0,0,0,0.9807256796,1.386792095,0.9616336634,0.03836633663,808,152873.333,323,150,3920,647,1184.382731,0,2677.266,49119.961,3254.320059,1321.653,9305.004,54638.691,1.448155497,1,3.40060015,11.57863919,472,901.0581547,0,1724.372,22956.665,2699.233951,1199.038,6646.025,29423.763,1.324903558,1,2.554176418,6.631934928,318,737.7749308,0,1461.297,24593.209,2004.466566,1042.139,4617.831,29002.574,1.334910491,1,2.88485637,7.936518179,163,3407.438656,0,22456.606,70535.722,6495.176693,1538.612,32318.854,76584.35,1.83736578,1,7.501965651,13.89385311,792,1033.034355,0,1733.91,48719.129,3053.581497,1288.789,8962.616,54518.605,1.384211786,1,2.809387967,8.786856827,644,1212.063421,0,2765.807,42824.331,3023.653067,1210.847,8446.437,47162.058,1.46256773,1,3.531922633,10.87252794,164,2334.68264,0,6993.193,68123.159,4329.564335,1220.799,13523.747,74448.903,1.51288958,1,2.835445875,11.76919316
s1-load95,shortest_estimate+least_fragmentation+easy_predicted,7,0.2057837149,0.02195748126,0.1034913273,0.03901155284,0.03846153846,0.002861814999,2000,1600,0,676.4339831,0,3067.49,14168.5,4496.772709,1630.479,17863.644,46953.934,1.375921653,1,2.822740804,6.332690674,1.375921653,2631.9593,369,2787.934911,13930.931,0.8788147193,0.4718339721,0.1989604869,0.9609884472,272.1102133,0,0,272.1100778,0.0001355151516,0,0,0,0,0.997138185,1.159513341,0.9615384615,0.03846153846,806,339574.561,274,128,3567,632,467.9565981,0,1980.709,12768.016,3802.741672,1536.316,14800.254,34936.932,1.345042755,1,2.697216004,5.707154938,504,1101.435131,0,4750.894,27153.695,6772.784476,1977.39,37494.879,81158.801,1.3909988,1,2.92466795,6.332690674,308,492.6732662,0,1989.409,11171.416,2987.541919,1200.49,11996.492,25001.353,1.469574277,1,3.260181006,7.286656783,156,510.7636603,0,3528.211,9020.427,2934.982763,1540.124,12164.437,16616.839,1.267406096,1,2.601334228,4.461381414,794,821.9176335,0,3366.488,22880.563,4797.422171,1695.81,18320.025,68088.711,1.316989156,1,2.605655219,6.041647319,644,527.5322578,0,2497.122,13016.348,4250.821334,1536.48,17863.644,41541.625,1.465729311,1,3.116193689,8.939921782,162,555.3148025,0,2800.426,14959.081,4000.951802,1705.802,15190.56,29288.955,1.307750484,1,2.890228205,5.537230878
s1-load95,shortest_estimate+least_fragmentation+easy_predicted,8,0.1302366878,0.0192728139,0.03812309042,0.04559463387,0.02625,0.0009961496054,2000,1600,0,305.4324881,0,1129.971,5953.493,1836.676779,816.867,6451.737,15511.245,1.237552589,1,2.477613783,4.266835962,1.237552589,2436.79874,390,1215.825733,5499.335,0.8587687839,0.4899424271,0.1924584346,0.9544053661,123.1117822,0,0,123.1116658,0.0001164040404,0,0,0,0,0.9990038504,1.075125497,0.97375,0.02625,800,124122.986,270,136,3708,674,303.1424036,0,1175.512,5628.969,1514.53878,686.208,5469.845,12291.221,1.260518794,1,2.561787517,4.621991726,490,191.8963469,0,929.391,4179.079,1567.882024,713.34,5024.66,15026.502,1.190641081,1,2.170844935,4.266835962,303,514.2112871,0,1505.213,14334.145,2740.375139,1283.422,9128.154,30777.21,1.280088583,1,2.700600298,5.679815082,133,259.6900075,0,1130.841,3401.42,2400.660519,1226.063,9994.052,15941.74,1.197094027,1,2.223918892,3.481293642,800,210.8262812,0,897.339,4362.652,1766.80972,759.149,6415.669,13910.455,1.215954899,1,2.434360555,4.621991726,629,367.4240366,0,1362.983,10218.354,1893.304075,848.138,6451.737,16430.931,1.252583709,1,2.538866667,3.944518329,171,520.0072339,0,1461.717,10831.973,1955.244485,894.758,6808.465,15511.245,1.283304506,1,2.4952598,6.279784557
s1-load95,shortest_estimate+least_fragmentation+easy_predicted,9,0.1496319661,0.01921520838,0.06042658161,0.04543965214,0.02392947103,0.000621052951,2000,1600,0,539.4037819,0,1791.048,10597.36,2970.480051,1291.749,10330.817,27095.422,1.223493373,1,2.470208313,4.512870613,1.223493373,2574.201682,346,2408.162439,10552.751,0.8720243639,0.5240610123,0.2207252703,0.9545603479,208.0599289,0,0,208.0598169,0.000111959596,0,0,0,0,0.999378947,1.063165381,0.976070529,0.02392947103,794,201825.2,262,136,3837,645,551.7846574,0,1493.394,14453.618,2970.607867,1332.808,8988.441,33945.095,1.219770602,1,2.271713694,4.575157337,474,545.3388312,0,1841.403,10552.751,2932.279876,1191.084,10875.465,18986.932,1.20107117,1,2.201687565,4.114815415,330,635.4279606,0,2411.319,19977.018,3402.995924,1577.608,12489.22,35130.592,1.274349673,1,3.07670867,4.966725119,151,258.0338675,0,1752.264,3736.337,2144.613848,1109.469,9836.375,14135.912,1.198637292,1,2.209356957,3.185181082,806,588.2959057,0,1849.911,14453.618,3084.45131,1309.708,11127.086,27095.422,1.215555736,1,2.550847653,4.137521707,627,549.6653652,0,1603.813,7593.855,2994.098246,1337.722,9489.766,33945.095,1.245082482,1,2.618301652,4.575157337,167,264.9063892,0,1752.264,8203.758,2331.740868,1115.233,8409.476,17498.909,1.180747043,1,1.92626988,4.966725119
s1-load95,shortest_estimate+least_fragmentation+easy_predicted,10,0.2369130733,0.02191853118,0.1141716334,0.05644526285,0.04421326398,0.0001643819025,2000,1600,0,1094.168862,0,3384.055,17866.228,3955.825354,1558.591,13035.341,33452.757,1.315507203,1,2.817733583,4.869807332,1.315507203,2704.946692,352,4667.589193,17441.517,0.9004070648,0.52829099,0.2178351737,0.9435547372,354.2729733,0,0,354.2728555,0.0001178585859,0,0,0,0,0.9998356181,1.031794003,0.955786736,0.04421326398,769,282563.09,334,168,3959,626,868.4627396,0,3551.731,12716.588,3656.342701,1753.284,12787.574,24642.877,1.329417583,1,2.963375784,4.629400826,484,1791.099568,0,4078.718,31575.969,5618.886219,1450.478,20406.641,56003.831,1.299939092,1,2.817733583,4.869807332,343,801.7471953,0,3159.685,8224.963,3052.719994,1614.673,7960.078,20549.455,1.323682441,1,2.74380098,5.808607925,147,443.0001701,0,2477.252,6690.611,1862.762912,1231.164,5128.591,11980.606,1.28845252,1,2.77751787,4.520040332,831,1016.025083,0,3531.05,17866.228,3786.245803,1539.29,13538.905,30970.858,1.298520141,1,2.792720809,4.876601816,627,1336.900686,0,3579.888,19138.155,4304.241367,1561.938,13094.726,41672.904,1.352423464,1,2.994277171,4.686937136,142,479.6944014,0,1807.384,6249.802,3409.795549,1761.943,12855.235,27997.794,1.251913916,1,2.59883618,4.259485141
s1-load95,shortest_estimate+least_fragmentation+easy_predicted,11,0.157514476,0.01916156765,0.06677899614,0.04404328348,0.02589395808,0.001636670638,2000,1600,0,721.0188956,0,1979.334,11507.469,3527.106298,1547.567,11700.75,31875.729,1.22926343,1,2.463312538,5.399086021,1.22926343,2410.893068,333,3395.341063,11507.469,0.8713869208,0.5447268097,0.2075570139,0.9559567165,208.4296533,0,0,208.4295278,0.0001255757576,0,0,0,0,0.9983633294,1.09763598,0.9741060419,0.02589395808,811,233615.292,243,124,3804,640,1155.369316,0,2228.959,43021.526,4453.877961,1745.398,14368.791,56725.967,1.281580912,1,2.688511724,7.260901913,470,307.2040809,0,1906.36,6280.774,2457.887638,1454.691,7869.598,15178.326,1.167582819,1,2.229693276,4.245073931,327,549.9945963,0,1394.483,7031.376,3094.068612,1350.425,10987.488,26307.827,1.245430893,1,2.59191691,5.399086021,163,551.9001227,0,1542.727,13943.865,3840.003405,1857.837,13419.286,39517.46,1.169263059,1,1.889519695,5.938305009,789,666.6667224,0,2132.535,9853.282,3562.288079,1618.009,11761.423,32529.806,1.236665621,1,2.490662328,4.761824549,653,779.2953844,0,1318.056,13943.865,3307.810856,1447.863,9870.565,25861.544,1.225584915,1,2.149253066,6.629081257,158,751.5841962,0,2011.78,14804.655,4257.74869,1910.056,18560.543,33097.672,1.207502307,1,2.591310971,4.245073931
s1-load95,shortest_estimate+least_fragmentation+easy_predicted,12,0.1684383395,0.02012492737,0.07860619565,0.03992392378,0.02916160389,0.0006216887854,2000,1600,0,419.4747956,0,2329.893,7919.588,2938.991031,1462.753,10825.326,21376.639,1.266151793,1,2.587157106,5.347278059,1.266151793,2520.594335,349,1817.379613,7748.882,0.8832922084,0.6003754106,0.2544548598,0.9600760762,163.2004222,0,0,163.2003,0.0001222222223,0,0,0,0,0.9993783112,1.064328563,0.9708383961,0.02916160389,823,200341.006,316,152,3883,597,322.4219564,0,1417.39,8396.325,1812.491697,968.634,6103.481,14072.495,1.310866455,1,2.928795708,6.143970379,519,532.0580212,0,2548.643,10714.513,4255.376981,1895.546,18221.317,28479.054,1.231637016,1,2.464126682,4.088688121,324,478.9790463,0,2857.241,7919.588,3276.672188,2149.925,9883.917,15280.268,1.25328889,1,2.540404867,5.347278059,160,295.9152562,0,2015.877,3736.412,2188.4104,1414.106,6845.201,12625.348,1.237314897,1,2.268886437,4.047887619,777,373.9357272,0,2465.863,7919.588,2875.804462,1502.391,11339.366,21186.084,1.251199707,1,2.587157106,4.568141543,660,469.0665333,0,2193.802,10160.063,2970.572777,1454.248,9883.917,23215.213,1.261481643,1,2.587946282,5.650936126,163,435.7527669,0,2450.968,11603.337,3112.316252,1271.939,10939.57,28479.054,1.356336272,1,2.464126682,11.95376667
s1-load95,shortest_estimate+least_fragmentation+easy_predicted,13,0.1618734679,0.01805920624,0.06468726681,0.04598378239,0.0307503075,0.002392904944,2000,1600,0,649.948285,0,1917.335,9279.317,2765.308084,1427.514,8441.436,20910.382,1.257924277,1,2.321598627,4.99594393,1.257924277,2478.376674,351,2893.103641,8892.803,0.8808255181,0.6512750122,0.2213451056,0.9540162176,177.2244889,0,0,177.2244059,8.298989903e-05,0,0,0,0,0.9976070951,1.12895457,0.9692496925,0.0307503075,813,175677.612,287,132,3881,628,765.3250143,0,2106.879,18947.881,2899.137497,1573.525,7988.902,23631.687,1.216496188,1,2.287062495,4.99594393,479,575.4847704,0,1652.05,7080.921,2521.763499,1156.204,8117.921,14707.371,1.239802745,1,2.311144055,4.278420239,328,489.2556311,0,1908.195,6837.979,2342.443674,1207.509,6938.224,20910.382,1.373368931,1,2.339847853,6.498068691,165,746.4248182,0,4857.535,10476.243,3803.565733,2067.503,11493.814,17584.985,1.23871947,1,2.423555361,4.5205588,787,503.4025362,0,1688.189,8892.803,2612.4457,1435.606,7988.902,16895.494,1.260472949,1,2.311144055,4.99594393,643,619.2484572,0,2000.059,8465.318,2695.497384,1447.657,8425.937,18558.238,1.227505002,1,2.301799919,4.476505042,170,1444.486482,0,2966.549,43679.906,3737.019712,1318.337,10278.839,59364.728,1.361181854,1,2.844043543,8.688895403
s1-load95,shortest_estimate+least_fragmentation+easy_predicted,14,0.1567467791,0.0214545702,0.04878764078,0.05717254152,0.02767295597,0.001659070583,2000,1600,0,597.4851194,0,1446.069,11754.119,2595.033338,1136.419,8878.753,25809.39,1.284432696,1,2.758089147,5.779401814,1.284432696,2534.572458,378,2473.578074,10822.233,0.8784429623,0.6209338748,0.2398260076,0.9428274585,222.2540044,0,0,222.2538687,0.0001357575758,0,0,0,0,0.9983409294,1.117804951,0.972327044,0.02767295597,795,168341.914,298,157,3833,594,296.8347828,0,1128.31,6026.339,1707.452202,730.259,5872.414,13724.897,1.347155196,1,3.230915721,6.8844,514,792.559251,0,2667.129,16946.586,3175.518416,1611.373,9386.124,25687.98,1.246526388,1,2.676163006,4.910011558,336,498.1111042,0,1090.7,4693.333,2107.323682,942.551,6788.434,10684.585,1.268332203,1,2.34231901,6.850002384,156,1313.561179,0,2162.345,30996.209,5112.496859,1588.05,26131.974,40936.156,1.205179128,1,2.163416045,5.147934779,805,607.6256037,0,1483.904,13465.046,2619.370051,1134.299,8878.753,22401.646,1.294116488,1,2.876635265,6.275807422,635,632.5252992,0,1293.37,11754.119,2543.096809,1163.076,8569.475,25687.98,1.275761996,1,2.638294046,5.441817731,160,407.4000938,0,1007.065,6026.339,2678.71235,1063.426,9484.644,33025.582,1.27012296,1,2.139101565,8.558515579
s1-load95,shortest_estimate+least_fragmentation+easy_predicted,15,0.262925945,0.02301580374,0.1339819792,0.06517700312,0.03980099502,0.0009501639254,2000,1600,0,1027.400321,0,3971.235,21919.894,4135.34796,1796.806,14793.519,40051.637,1.342509564,1,2.958793297,6.303703788,1.342509564,2611.53218,357,4383.258081,21010.985,0.8813001162,0.5861345991,0.2420171246,0.9348229969,388.9801533,0,0,388.9800337,0.0001196767678,0,0,0,0,0.9990498361,1.079492415,0.960199005,0.03980099502,804,268139.693,300,158,3914,654,841.0673379,0,3971.235,21919.894,3435.55087,1585.796,13969.269,33623.491,1.319064541,1,3.136714174,6.06739962,498,1597.017068,0,5549.544,35787.405,5834.0389,2489.801,16898.766,48624.397,1.37104567,1,2.958793297,6.275397724,299,372.4994849,0,2078.338,7251.248,2357.592224,1022.381,7387.462,23798.264,1.378782543,1,2.815895857,11.1385827,149,1255.641805,0,4883.114,28653.628,5096.879329,1991.163,21671.274,40279.732,1.277250792,1,2.759275968,5.660229592,796,1168.571531,0,4780.181,23046.592,4530.010107,1853.868,16102.901,46491.716,1.363258123,1,2.995635851,7.02374761,652,831.9351012,0,3520.7,26152.837,3843.987413,1793.644,13536.529,40279.732,1.317438038,1,2.815895857,5.298211927,152,1126.551901,0,2254.78,21919.894,3318.348013,1344.384,9169.64,38293.19,1.341396287,1,3.009268437,6.06739962
s1-load95,shortest_estimate+least_fragmentation+easy_predicted,16,0.1772398021,0.02135117859,0.06286132634,0.064349887,0.02736318408,0.001314226087,2000,1600,0,936.7821406,0,1863.214,30471.963,2601.458891,873.109,8027.132,36316.62,1.306039157,1,2.744797653,6.333555344,1.306039157,2585.336007,364,4044.300703,20238.442,0.8887869801,0.6023700833,0.2228055751,0.935650113,234.6126244,0,0,234.6124985,0.000125979798,0,0,0,0,0.9986857739,1.090037062,0.9726368159,0.02736318408,804,147245.584,318,168,3888,625,974.6898752,0,1792.154,30471.963,2404.428853,709.877,6537.577,36316.62,1.313956892,1,3.067874493,6.274910698,493,1159.43697,0,2270.111,52858.951,3162.500223,999.522,9693.287,59960.061,1.355541794,1,2.942663553,8.443758933,322,488.2561801,0,1626.656,5721.72,1916.640562,822.239,6489.683,10077.225,1.243574041,1,2.297306356,4.851394005,160,1005.308356,0,1352.39,32701.608,3020.595756,1299.743,6743.184,50952.28,1.248291544,1,2.355986969,4.61774853,796,872.7385905,0,1969.347,32701.608,2593.738755,839.362,8595.055,49115.227,1.293640792,1,2.544003833,6.333555344,633,1020.077196,0,1998.137,30471.963,2638.055836,948.368,7751.306,36316.62,1.329010593,1,2.953208883,6.479837136,171,926.5651579,0,856.745,52858.951,2501.922994,811.927,5945.259,59960.061,1.278718568,1,2.529188822,8.443758933
s1-load95,shortest_estimate+least_fragmentation+easy_predicted,17,0.1967246213,0.01990377809,0.07877768648,0.06091264041,0.03598971722,0.001140799084,2000,1600,0,1011.314504,0,2334.976,23168.329,3823.129759,1716.873,12265.872,33715.767,1.25658523,1,2.558727292,4.769506172,1.25658523,2461.665626,372,4276.046543,17812.327,0.878836202,0.6105986486,0.2301843542,0.9390873596,344.2401844,0,0,344.2400526,0.0001318787879,0,0,0,0,0.9988592009,1.095579907,0.9640102828,0.03598971722,778,263476.426,294,149,3830,628,1097.672083,0,2919.851,27074.814,4108.661928,1993.467,13054.271,38139.036,1.281689155,1,2.826984412,4.798350194,486,1454.391916,0,2799.756,56309.261,4751.656613,2122.285,12649.48,72999.671,1.250788515,1,2.439657505,5.532934263,340,540.7968206,0,1481.33,8754.574,2418.185915,941.847,6465.064,25068.829,1.255738024,1,2.729549652,4.693594011,146,260.6832123,0,1463.647,4538.335,2775.887664,1931.269,9353.143,14799.932,1.16987282,1,2.209600335,3.293547549,822,1059.119582,0,2271.911,29016.22,3833.922588,1671.181,11684.068,38139.036,1.25746212,1,2.761093366,4.693594011,617,1140.083979,0,2607.561,23168.329,4018.243964,1752.988,13517.522,33715.767,1.236095243,1,2.452243383,4.756784308,161,273.7583602,0,1381.404,9183.42,3020.290199,1685.396,11209.629,21302.621,1.330631924,1,2.232466262,12.69277491
s1-load95,shortest_estimate+least_fragmentation+easy_predicted,18,0.1771780055,0.02045428173,0.07711672539,0.03668497521,0.03783102144,0.005091001778,2000,1600,0,500.7854612,0,2285.745,10476.528,4489.052763,1714.039,17899.234,36305.223,1.271225198,1,2.629497208,5.449902332,1.271225198,2520.897007,356,2090.526472,10422.168,0.8653144203,0.4872065658,0.2212317445,0.9633150248,243.8955222,0,0,243.8954079,0.0001143434344,0,0,0,0,0.9949089982,1.199463329,0.9621689786,0.03783102144,793,341322.11,268,144,3571,654,695.1497569,0,3195.938,14950.791,7141.226369,3149.317,26741.557,52490.659,1.179877548,1,2.257357358,3.783338741,489,437.4324335,0,1978.2,10152.045,3018.558276,1289.288,11965.571,26224.558,1.415219852,1,3.307427169,9.948669446,318,256.3127547,0,1406.73,4576.042,1673.485503,1059.782,5702.135,9764.423,1.264655549,1,2.672451214,3.842496927,139,368.4667698,0,3265.301,7907.071,3625.028698,1568.615,15016.448,17876.58,1.209477902,1,2.987741671,4.419883651,807,431.2059665,0,1978.2,8360.73,4042.851879,1614.77,16631.465,32817.38,1.290019241,1,2.410462703,5.875990701,633,585.7327314,0,2909.912,13841.858,5122.71785,1787.295,21783.13,39079.836,1.262311691,1,2.759537758,5.449891098,160,515.6544,0,3789.196,10900.49,4232.640975,2027.781,12548.513,46925.048,1.211696805,1,2.826177712,3.87968472
s1-load95,shortest_estimate+least_fragmentation+easy_predicted,19,0.126398122,0.02209676669,0.05114795923,0.03047432206,0.01684717208,0.005831901957,2000,1600,0,276.6116994,0,1516.029,5705.699,2868.307085,1229.884,10019.401,28158.885,1.332295123,1,2.840646622,6.094150977,1.332295123,2593.742855,338,1112.693731,5705.699,0.8608917609,0.3173431202,0.1623961216,0.9695256779,143.40018,0,0,143.4001039,7.608080811e-05,0,0,0,0,0.994168098,1.185667124,0.9831528279,0.01684717208,831,256272.836,264,117,3418,656,361.3751418,0,2480.275,7253.278,4108.131575,1773.582,13852.418,42543.581,1.234768089,1,2.630569938,4.964623473,468,188.0516218,0,1266.322,3091.274,1831.278746,727.764,6975.626,15923.809,1.452899879,1,2.822239127,11.86913333,316,248.6285791,0,1422.521,4893.566,2333.757861,1092.404,7993.818,17476.555,1.410270343,1,3.866056285,6.094150977,160,243.386475,0,1434.794,4215.047,1874.069287,1002.043,7950.322,14161.982,1.225385988,1,2.302230663,4.0990767,769,302.4481638,0,1615.014,7033.16,2828.005046,1296.539,8744.417,29715.524,1.365949946,1,3.059109017,7.492665225,662,260.9822931,0,1422.521,5705.699,2917.127328,1130.021,10422.386,28158.885,1.270422068,1,2.507284338,4.997652844,169,220.2710237,0,1225.186,3514.444,2860.456598,1183.745,10955.622,27094.338,1.421522362,1,3.272684488,11.86913333
s1-load95,shortest_estimate+least_fragmentation+easy_predicted,20,0.1914208575,0.02201205185,0.07772762142,0.05225412436,0.03735990037,0.002067159466,2000,1600,0,798.11065,0,2303.852,16952.476,3911.680854,1617.96,14333.831,37126.276,1.330009488,1,2.829756119,6.91354566,1.330009488,2610.117161,353,3544.701113,16786.072,0.8750988712,0.5428265981,0.2108318439,0.9477458756,290.1840889,0,0,290.1839606,0.0001282828283,0,0,0,0,0.9979328405,1.118673245,0.9626400996,0.03735990037,803,246083.513,244,119,3663,645,1302.056099,0,3766.885,27084.692,6461.24726,3141.171,21524.103,66932.767,1.362212848,1,2.847464543,7.093244274,467,360.7049936,0,1272.907,7159.005,1681.787223,978.719,5814.944,14333.831,1.349944569,1,2.894367312,7.615383333,310,655.4049968,0,1978.971,7156.899,3102.492745,1787.961,9003.985,14972.264,1.217703967,1,2.755198432,4.583502067,178,368.1240169,0,826.439,20680.195,1932.682584,767.175,6673.197,25476.125,1.356604219,1,2.44352494,9.035494983,797,813.636187,0,1473.67,19787.478,3872.593748,1569.205,14084.377,41100.264,1.327276932,1,2.840834482,7.615383333,621,771.2606184,0,2808.395,13534.975,4104.987731,1705.082,15121.045,38188.694,1.32938793,1,2.708932342,5.887855032,182,821.7371154,0,1620.182,19203.521,3423.267962,1614.162,9003.985,34134.514,1.344096494,1,2.895623888,7.300975624
s1-load95,shortest_estimate+topology_aware+conservative,1,0.1701345947,0.01925562499,0.06963347675,0.05110664029,0.02955665025,0.0005822023654,2000,1600,0,391.701395,0,2063.941,5842.044,3611.288949,1448.257,10889.747,46679.924,1.261630484,1,2.475404066,4.407676877,1.261630484,2452.164697,370,1296.079986,4975.108,0.8558725521,0.3084397138,0.1815133052,0.9488933597,301.8126733,0,0,301.8125651,0.0001082424243,0,0,0,0,0.9994177976,1.067234828,0.9704433498,0.02955665025,812,288796.147,469,185,3351,647,425.168609,0,2421.628,5842.044,2740.980594,1699.161,8483.987,15802.787,1.286838623,1,2.527524015,4.550232307,468,216.6851774,0,1295.448,3442.847,1825.464585,1024.52,6284.525,10745.525,1.264696372,1,2.485785548,6.271109497,333,554.187973,0,2185.009,6947.857,7917.98303,1458.774,46679.924,86400,1.205768955,1,2.313551442,3.765840883,152,432.1373947,0,2045.551,8773.654,3379.224336,1998.231,10836.636,17708.855,1.267271196,1,2.146261661,3.764356673,788,303.211019,0,2063.941,4077.977,3489.834187,1480.299,10509.851,48650.222,1.225160818,1,2.149970623,4.082327595,648,499.2027685,0,2045.551,7022.317,3674.979177,1425.626,13298.298,45347.927,1.292977092,1,2.604026697,5.608898345,164,392.1253354,0,2151.329,6947.857,3943.210195,1387.914,10750.48,67174.154,1.313005455,1,3.191481457,7.47517657
s1-load95,shortest_estimate+topology_aware+conservative,2,0.1643966131,0.01634183562,0.06258760903,0.06265533594,0.02182284981,0.0009889827098,2000,1600,0,426.0421625,0,1855.101,7031.848,3685.168607,1678.105,13635.922,27939.411,1.203142116,1,2.100822297,4.589635576,1.203142116,2383.184133,332,1846.32638,7031.848,0.8631192392,0.3771239564,0.1763420339,0.9373446641,390.7314289,0,0,390.7313324,9.648484854e-05,0,0,0,0,0.9990110173,1.082954172,0.9781771502,0.02182284981,779,297680.999,380,138,3542,636,629.449434,0,2531.33,11269.955,5242.995917,2164.537,20301.297,35879.48,1.18225708,1,1.974411305,3.661294633,502,275.9274841,0,1793.214,4207.497,2800.48455,1610.501,8949.179,17866.903,1.198330519,1,2.013204837,5.261021536,311,190.4902958,0,1088.857,2942.745,1960.405344,1228.384,6393.507,10416.614,1.268888899,1,2.291709081,8.186342819,151,553.506894,0,1795.469,6935.204,3617.185848,1722.892,10455.572,37203.668,1.171692147,1,2.263063666,3.778088303,821,474.6952643,0,1777.984,7031.848,3854.851049,1673.176,13533.094,32412.392,1.203500426,1,2.027769422,4.38947011,635,331.8812567,0,1869.106,7118.93,3488.630846,1696.367,13863.576,25871.625,1.187097291,1,2.153667242,3.88093459,144,563.8753472,0,1866.277,4322.939,3584.419958,1601.846,13775.162,29759.55,1.271852467,1,2.042809813,7.018751206
s1-load95,shortest_estimate+topology_aware+conservative,3,0.2006487741,0.02195062674,0.10275641,0.03462676203,0.04010349288,0.0012114825,2000,1600,0,949.330505,0,3045.707,20510.714,3569.410126,1449.871,12760.865,36369.452,1.358716401,1,2.821859622,5.667935196,1.358716401,2671.411742,377,3562.064358,15579.619,0.9103809499,0.527303239,0.2495923297,0.965373238,161.2772022,0,0,161.2771239,7.830303032e-05,0,0,0,0,0.9987885175,1.102681883,0.9598965071,0.04010349288,773,215273.309,628,266,3925,639,1465.874626,0,5133.814,28251.736,5256.941543,2049.224,20953.214,49806.705,1.352540687,1,2.715790252,6.349563891,481,353.2820125,0,1966.415,5119.648,1992.809503,1057.212,6157.103,11932.53,1.361495174,1,2.956714364,6.492363371,318,983.5130786,0,4863.075,20462.599,3211.931607,1449.871,12335.581,28100.389,1.408417052,1,3.370775986,4.634107751,162,614.5007099,0,1351.507,32305.309,2295.894654,1008.115,7254.012,42167.988,1.27726507,1,2.509260566,4.793009899,827,873.3556227,0,3364.148,15579.619,3561.86584,1517.03,13231.109,36369.452,1.365443547,1,2.778312535,5.236495449,629,946.5562035,0,2537.914,20510.714,3381.066428,1372.328,11298.484,35093.267,1.361073949,1,2.958881031,6.349563891,144,1397.776778,0,3765.215,28251.736,4435.433118,1402.609,14573.061,46414.872,1.309784128,1,2.821859622,5.005215672
s1-load95,shortest_estimate+topology_aware+conservative,4,0.182720278,0.01897977703,0.0716173116,0.04734864362,0.04105960265,0.00371494314,2000,1600,0,679.4669725,0,2122.742,11353.972,3288.373271,1644.124,11776.462,24711.122,1.286235616,1,2.439942471,6.229956718,1.286235616,2591.675373,354,2744.030161,11028.885,0.9127778677,0.4684166445,0.2479298378,0.9526513564,228.3913844,0,0,228.3912869,9.753535358e-05,0,0,0,0,0.9962850569,1.172915164,0.9589403974,0.04105960265,755,196228.726,564,197,3900,615,311.0723577,0,1431.891,5824.933,2295.94672,1012.36,9458.393,15880.004,1.379918179,1,3.195637441,7.392538205,495,1337.973164,0,4580.369,34877.934,4982.836095,2443.587,16094.363,65032.028,1.233609834,1,2.257591664,5.811448115,334,436.7187934,0,1624.387,7645.722,2785.242278,1674.487,9122.039,17142.979,1.176485923,1,2.110738439,3.16937196,156,562.0311731,0,2917.329,15854.699,2901.379564,1804.543,7447.028,25871.644,1.318872692,1,2.47288595,7.070801158,845,650.5792331,0,2576.984,11028.885,3381.635135,1681.266,12406.237,24711.122,1.300553333,1,2.493000297,6.639708323,608,648.5825592,0,1926.785,11567.991,3135.279926,1605.244,10164.384,25593.208,1.261797876,1,2.176093485,5.82465,147,973.2619592,0,1880.388,7795.957,3385.478565,1460.737,11202.311,17045.224,1.305008921,1,2.256790882,7.070801158
s1-load95,shortest_estimate+topology_aware+conservative,5,0.1308729783,0.01552997212,0.04669763209,0.04676688437,0.02122015915,0.0006583305531,2000,1600,0,341.9094369,0,1384.121,6956.185,2527.536171,1546.567,7970.132,15386.477,1.159617414,1,1.996453303,3.303989447,1.159617414,2312.07875,334,1342.778461,6834.205,0.8810418622,0.3037175016,0.1792808473,0.9532331156,176.9199578,0,0,176.9198712,8.654545458e-05,0,0,0,0,0.9993416694,1.068603372,0.9787798408,0.02122015915,754,185826.559,448,160,3486,639,385.3320266,0,1410.281,6165.096,2519.52059,1452.845,7618.533,15910.596,1.176185653,1,2.058491402,3.414739782,486,290.2990288,0,1080.951,7477.49,2115.582066,1329.811,6289.937,14193.288,1.143917384,1,1.923640272,3.582431974,322,312.1357205,0,1230.413,5264.138,3072.729916,2269.899,8692.533,15911.634,1.12845631,1,1.771863293,3.015100308,153,387.1562353,0,2126.776,7743.044,2722.171895,1678.952,9466.229,15386.477,1.205872218,1,2.075038189,4.190947975,846,371.6382801,0,1375.566,7538.722,2602.412209,1527.655,8731.348,16851.979,1.161116537,1,1.940121137,3.414739782,602,302.2596113,0,1371.626,5598.029,2401.067826,1553.047,7048.466,12754.754,1.148931242,1,1.887103485,3.082952615,152,333.4791316,0,1762.212,6834.205,2611.673118,1664.703,9169.941,14738.915,1.193596475,1,2.449687517,3.925932126
s1-load95,shortest_estimate+topology_aware+conservative,6,0.2492413157,0.02258640323,0.1189602526,0.05180516289,0.04331683168,0.01257266531,2000,1600,0,1083.576516,0,3525.99,24388.29,3013.148117,1248.511,9949.746,32337.899,1.381740707,1,2.903591776,6.196103389,1.381740707,2752.146798,388,3410.560647,13641.496,0.9182766617,0.4579269437,0.2306436974,0.9481948371,185.7680467,0,0,185.767934,0.0001126868687,0,0,0,0,0.9874273347,1.341784056,0.9566831683,0.04331683168,808,157706.614,689,293,3916,647,951.7168578,0,3588.067,18612.377,3019.099689,1343.5,10275.572,23430.99,1.403535724,1,2.953567629,6.185053243,472,901.3542691,0,2889.974,17080.013,2693.833672,1226.54,8699.361,25519.697,1.337732502,1,2.718087683,5.443742207,318,510.1653585,0,1630.378,5324.741,1776.646821,1042.025,4741.835,8803.875,1.25074393,1,2.492794632,4.107325186,163,3253.311773,0,13641.496,77778.85,6326.480411,1538.612,32175.454,85902.16,1.678228263,1,4.691331868,9.458123913,792,1062.010467,0,3131.734,24554.899,3076.752564,1290.614,9308.247,35467.182,1.331989267,1,2.828587148,5.443742207,644,1021.537084,0,3577.456,19569.151,2830.538273,1207.851,9655.585,30959.228,1.439077803,1,2.980591822,7.035268966,164,1431.343006,0,5639.792,49756.614,3423.06286,1243.408,12307.186,55639.315,1.396850772,1,3.306562403,8.280834216
s1-load95,shortest_estimate+topology_aware+conservative,7,0.1950666961,0.0199169044,0.09151503909,0.03793419787,0.04466501241,0.001035542299,2000,1600,0,649.3391544,0,2712.512,12087.423,4463.40572,1640.46,17863.644,49482.788,1.331417701,1,2.560414743,6.0774844,1.331417701,2566.906227,369,2515.204913,11643.39,0.8886415714,0.3414370371,0.1813006748,0.9620658021,264.2992311,0,0,264.299135,9.612121222e-05,0,0,0,0,0.9989644577,1.080933177,0.9553349876,0.04466501241,806,339574.561,474,158,3405,632,500.2778671,0,2270.166,8605.654,3831.962525,1576.177,14821.059,35399.498,1.294269906,1,2.49724233,5.814505559,504,895.4879583,0,3858.288,22335.667,6553.691113,2015.211,37186.47,73347.309,1.379530259,1,2.302471974,8.279983333,308,581.8625455,0,1890.098,10016.9,3074.838058,1210.948,12239.827,26312.353,1.356860508,1,3.09359625,6.59633591,156,591.2015385,0,2966.557,9729.258,3009.861494,1516.271,12164.437,18703.043,1.276240093,1,2.616062562,8.073063523,794,627.5081952,0,2690.203,11344.836,4596.20421,1723.215,17987.508,63618.425,1.336888978,1,2.521286256,6.664091682,644,689.9574814,0,2725.848,15663.433,4407.296707,1576.177,17329.507,49482.788,1.338932709,1,2.49724233,6.931194054,162,594.8674198,0,2712.512,12342.073,4035.579815,1528.192,15883.09,37120.233,1.274727211,1,2.920109775,5.814505559
s1-load95,shortest_estimate+topology_aware+conservative,8,0.1061640467,0.01709790103,0.03509394759,0.03036863533,0.0225,0.001103562792,2000,1600,0,234.4334188,0,1040.187,3053.019,1758.970336,817.98,5859.484,14453.581,1.202049545,1,2.198018176,4.043023463,1.202049545,2356.925147,390,844.7348692,2714.31,0.8615661847,0.4207400696,0.174077545,0.9696313647,80.71186444,0,0,80.71177418,9.026262629e-05,0,0,0,0,0.9988964372,1.078973198,0.9775,0.0225,800,124122.986,466,157,3479,674,213.0664199,0,1343.381,3053.019,1416.456344,698.694,5120.866,12122.439,1.225455641,1,2.320937809,4.4911,490,115.629851,0,656.369,2231.754,1487.955335,736.949,4608.851,12710.929,1.154322163,1,2.02698598,3.205309131,303,467.5064884,0,1848.888,14675.459,2682.79332,1334.638,8251.511,24983.178,1.245482676,1,2.423734873,4.413647847,133,249.4256391,0,1376.492,3093.774,2388.544902,1107.103,10018.618,15941.74,1.160323762,1,2.00836252,3.015583333,800,198.9232713,0,1083.297,2647.491,1746.978654,789.144,5800.121,14453.581,1.217985146,1,2.3631213,4.413647847,629,268.5567854,0,997.915,3804.676,1791.104145,860.083,5862.696,14855.373,1.185094918,1,2.117418248,3.753387845,171,275.0446491,0,1446.138,2651.102,1696.871977,894.758,5859.484,10237.577,1.189862294,1,2.155366288,2.864829677
s1-load95,shortest_estimate+topology_aware+conservative,9,0.1280138267,0.01765981575,0.0523114181,0.03675931904,0.01889168766,0.002391586178,2000,1600,0,395.9447769,0,1550.514,6643.406,2819.503501,1304.472,9743.08,21078.733,1.209702315,1,2.270255041,4.231179167,1.209702315,2519.676379,346,1603.516656,6242.231,0.8783726014,0.3715740756,0.2052396789,0.963240681,166.7974778,0,0,166.7973896,8.816161618e-05,0,0,0,0,0.9976084138,1.144943047,0.9811083123,0.01889168766,794,203583.464,418,137,3667,645,279.8887891,0,1298.323,4172.981,2688.961383,1362.228,8662.423,21078.733,1.211292634,1,2.254307896,4.720481447,474,448.1052827,0,1496.194,6728.8,2832.431215,1185.005,10864.469,18791.225,1.147586397,1,2.084475512,3.817803516,330,553.3948212,0,2010.558,12665.816,3310.109224,1545.179,11943.171,34558.419,1.248127034,1,2.618386007,4.466464009,151,383.8488675,0,2183.063,6643.406,2264.351457,1043.091,11162.545,15882.469,1.313921066,1,2.323434689,10.46941667,806,494.807201,0,1556.866,7557.273,2981.770218,1337.788,10864.469,21078.733,1.20630305,1,2.323434689,3.707917197,627,318.3204035,0,1581.655,5524.394,2759.316689,1337.722,8741.543,25614.054,1.212085142,1,2.135838164,4.715290788,167,210.2403952,0,1298.323,6461.421,2262.318814,1171.588,8321,16394.706,1.217162041,1,2.362390427,4.720481447
s1-load95,shortest_estimate+topology_aware+conservative,10,0.2553174205,0.01961473785,0.137454677,0.04696922469,0.05071521456,0.0005635664312,2000,1600,0,1042.928061,0,4074.166,15339.544,3897.240002,1483.051,13538.905,29061.806,1.265663836,1,2.521569766,4.603837145,1.265663836,2658.268291,352,4098.719952,14516.588,0.9174177635,0.3979679887,0.2149287398,0.9530307753,291.8663911,0,0,291.8663118,7.931313132e-05,0,0,0,0,0.9994364336,1.061145896,0.9492847854,0.05071521456,769,281096.35,565,215,3956,626,857.3887604,0,4270.832,11143.132,3635.457687,1670.641,13236.032,28377.192,1.305841736,1,2.72103131,5.685183333,484,1670.988771,0,5459.521,30713.786,5495.496017,1390.08,20948.599,55141.648,1.237097391,1,2.391649935,3.907197182,343,802.8909067,0,2731.811,14096.746,3041.802122,1504.523,8470.505,21483.75,1.247674878,1,2.521569766,4.154841092,147,325.2339252,0,2225.693,3945.907,1745.777497,1152.456,4993.634,12123.915,1.23059585,1,2.322080224,4.55260911,831,1012.56014,0,4074.166,15339.544,3778.85465,1489.2,14653.984,27494.507,1.274019039,1,2.710845002,4.391598584,627,1206.147968,0,4270.832,18062.612,4161.610831,1472.735,13377.622,37202.281,1.266137412,1,2.521569766,4.757791499,142,499.9482042,0,3144.975,8405.516,3422.716894,1477.061,12477.034,28377.192,1.21467717,1,1.683883805,4.603837145
s1-load95,shortest_estimate+topology_aware+conservative,11,0.1586423825,0.01723082748,0.06762359609,0.03730704986,0.03575832306,0.0007225859972,2000,1600,0,693.0108619,0,2004.368,10278.392,3493.618763,1584.441,11499.311,31602.139,1.221832548,1,2.215106516,4.797463868,1.221832548,2450.356738,333,3010.114553,9987.851,0.8843702484,0.5027751068,0.2039910408,0.9626929501,175.3158422,0,0,175.3157333,0.000108969697,0,0,0,0,0.999277414,1.069869696,0.9642416769,0.03575832306,811,245995.375,462,174,3782,640,963.8082609,0,2250.19,21082.171,4257.226673,1774.148,14633.466,49972.778,1.206115617,1,2.282808221,3.994827526,470,336.0006702,0,2004.368,6391.717,2478.680328,1500.992,7832.078,15178.326,1.21207567,1,2.137482892,4.522405238,327,526.1027676,0,1604.528,4271.143,3071.393713,1365.597,10473.862,26426.619,1.279516254,1,2.215106516,6.49869917,163,994.0133252,0,2599.628,19410.122,4268.953693,1845.545,14119.809,42637.344,1.195955226,1,2.25506353,3.793250602,789,612.3407389,0,2342.772,10388.177,3500.610502,1628.287,11499.311,32529.806,1.219987412,1,2.276558693,4.118840367,653,861.2003828,0,1605.871,19402.482,3387.526711,1459.267,11052.617,34152.975,1.234121352,1,2.196269161,6.49869917,158,400.738519,0,2833.288,7930.129,3897.173373,1910.056,15178.326,26474.038,1.180258007,1,2.170600314,4.177266667
s1-load95,shortest_estimate+topology_aware+conservative,12,0.1210521184,0.01596858327,0.05342197559,0.03390929124,0.0170109356,0.0007413326842,2000,1600,0,290.5338119,0,1583.431,5412.715,2805.995147,1471.312,10235.011,20912.821,1.217155834,1,2.052838895,4.504375096,1.217155834,2442.300113,349,1177.961338,5079.495,0.8836462597,0.4277963463,0.2141859263,0.9660907088,137.7509222,0,0,137.7508274,9.486868689e-05,0,0,0,0,0.9992586673,1.074645475,0.9829890644,0.0170109356,823,200341.006,440,160,3650,597,224.8509548,0,1064.833,5055.851,1713.806874,965.122,5682.023,11971.227,1.263200744,1,2.376337315,7.054791599,519,317.7107938,0,1718.171,6512.499,4032.576823,1803.147,16343.003,25827.393,1.191997491,1,1.991405685,4.197752015,324,401.4204074,0,2336.335,6142.986,3198.006395,2078.692,9082.635,13668.717,1.175458115,1,2.029865551,3.323279716,160,222.9122813,0,1187.033,3053.309,2108.67555,1416.374,5588.553,12484.475,1.211396018,1,1.873894512,4.589576273,777,297.1440103,0,1468.844,6238.863,2794.840942,1491.468,10825.326,21030.18,1.203262328,1,2.134393021,4.197752015,660,289.6142439,0,1737.056,4512.187,2785.793852,1552.318,9576.177,18503.24,1.24023076,1,2.042365303,5.012954425,163,262.7472515,0,1410.107,5079.495,2940.96246,1224.668,9134.131,29632.468,1.189952173,1,2.055395248,3.532125509
s1-load95,shortest_estimate+topology_aware+conservative,13,0.1445377459,0.01634443128,0.05699990258,0.04463182456,0.0258302583,0.0007313291953,2000,1600,0,519.615455,0,1689.481,7955.111,2633.535042,1424.379,8239.433,18727.3,1.197893564,1,2.101155982,3.565782978,1.197893564,2383.271643,351,2169.755393,7821.408,0.904811271,0.4444775896,0.219232096,0.9553681754,171.7705356,0,0,171.7704501,8.549494953e-05,0,0,0,0,0.9992686708,1.071725895,0.9741697417,0.0258302583,813,171016.088,512,190,3768,628,603.5084554,0,1674.245,10846.833,2730.819148,1560.762,8076.209,19424.67,1.174626792,1,1.932486007,3.496361182,479,449.1120668,0,1820.375,7701.316,2394.156077,1142.202,7978.461,20943.289,1.207164504,1,2.217737263,4.019734561,328,399.5333659,0,1384.283,3534.323,2251.685451,1297.499,6747.896,11480.766,1.246443014,1,2.012869848,3.956184429,165,643.6957212,0,2604.557,10400.409,3717.260927,2067.503,11767.918,18727.3,1.163024071,1,2.229086753,3.525251933,787,499.1924282,0,1874.869,7955.111,2610.797492,1414.916,7869.392,17584.985,1.210326724,1,2.076233739,4.019734561,643,345.8093048,0,1632.426,7701.316,2416.596434,1482.653,8076.209,15779.92,1.171627435,1,2.101155982,3.525251933,170,1271.558259,0,2136.771,40038.032,3559.334906,1349.241,11671.002,54388.541,1.239683122,1,2.513132126,5.864352373
s1-load95,shortest_estimate+topology_aware+conservative,14,0.1778473231,0.02152804,0.06331962489,0.0566791295,0.03270440252,0.003616126157,2000,1600,0,558.8111712,0,1876.798,11099.233,2555.321744,1145.777,8908.966,23947.112,1.294990052,1,2.767534045,5.494054439,1.294990052,2510.654214,378,2119.088775,10559.462,0.9011910199,0.5457681971,0.2480583153,0.9433208705,220.2206533,0,0,220.220535,0.0001183434344,0,0,0,0,0.9963838738,1.184370512,0.9672955975,0.03270440252,795,166936.654,537,198,3826,594,368.3537323,0,1780.008,10431.881,1779.975428,723.016,6948.892,14849.555,1.371181605,1,3.177150924,6.140227182,514,812.0876576,0,2216.682,18136.603,3187.846397,1577.64,9575.427,26736.676,1.254402704,1,2.50665009,4.334625484,336,489.7000476,0,1713.612,4623.25,2104.287122,1002.643,7126.806,13976.554,1.286111,1,2.739964579,6.187766405,156,598.3556731,0,3713.908,11544.25,4394.973494,1625.878,19175.406,31871.544,1.15773028,1,2.124547427,3.69867271,805,569.5783168,0,2242.963,11461.245,2576.585923,1110.345,8819.157,23035.841,1.282721037,1,2.701749645,4.630702667,635,566.6387575,0,1684.802,10724.499,2480.728472,1179.94,8979.22,18849.063,1.313404634,1,2.87082375,5.989314887,160,473.5732375,0,1749.775,18136.603,2744.378387,1136.419,8546.868,33025.582,1.283635659,1,2.547817331,5.693809556
s1-load95,shortest_estimate+topology_aware+conservative,15,0.2669483773,0.02305854815,0.1362875744,0.0531518465,0.05099502488,0.00345538337,2000,1600,0,968.7871106,0,4039.573,20558.369,4065.418969,1835.154,15393.483,37095.955,1.359552595,1,2.964288298,5.680869877,1.359552595,2647.845964,357,3200.733919,16812.911,0.9118547397,0.4505180461,0.2546632065,0.9468481535,313.1846467,0,0,313.1845564,9.022222232e-05,0,0,0,0,0.9965446166,1.160328212,0.9490049751,0.05099502488,804,263565.11,612,226,3919,654,844.0914541,0,3906.526,20558.369,3427.580075,1684.453,12430.063,27566.679,1.342165693,1,3.127561574,5.717943408,498,1523.032373,0,8000.677,32939.362,5740.87053,2778.565,20768.324,64751.901,1.40259829,1,2.889292147,5.656446605,299,501.7128662,0,1963.097,11395.69,2491.663067,1067.849,8665.955,33570.673,1.401014944,1,3.020874852,9.662581966,149,600.948302,0,2070.609,15436.664,4423.303362,2195.033,18775.461,30635.807,1.208794439,1,2.661071239,2.911212007,796,989.5449724,0,5848.258,21471.821,4342.045412,1853.868,16218.07,40051.637,1.347293382,1,3.020138023,4.610030857,652,1008.27537,0,3385.105,22739.81,4004.179535,1872.352,14939.021,39986.302,1.378476238,1,2.965176733,6.680699494,152,690.6976184,0,2940.682,19714.014,2879.454908,1466.305,8645.071,27566.679,1.342579685,1,2.896444935,7.608897918
s1-load95,shortest_estimate+topology_aware+conservative,16,0.184966306,0.01964384753,0.06971313244,0.05673650493,0.03855721393,0.0003156072057,2000,1600,0,790.58111,0,2066.302,19028.447,2450.436801,861.128,8296.363,32024.917,1.262641581,1,2.525311957,4.921266667,1.262641581,2510.278164,364,2915.910467,13220.045,0.9104200685,0.4563775951,0.2281610846,0.9432634951,205.1854756,0,0,205.1853777,9.781818184e-05,0,0,0,0,0.9996843928,1.042274694,0.9614427861,0.03855721393,804,144164.533,540,214,3837,625,797.7588688,0,1368.881,25465.571,2222.9652,699.718,7070.626,33911.719,1.284068978,1,2.61739631,5.091490358,493,1035.782917,0,2922.099,30273.739,3027.40198,979.85,10532.242,42341.289,1.265235804,1,2.44823634,6.41805,322,486.0219503,0,1793.791,5392.965,1917.658388,813.926,6531.642,11753.35,1.232311278,1,2.203624253,3.835425162,160,619.9402313,0,2212.073,9743.426,2633.440344,1345.698,8663.564,19216.454,1.231987101,1,2.540741667,3.281356428,796,666.8917588,0,1900.61,16907.601,2375.964406,826.232,8335.216,27404.289,1.227994344,1,2.523529764,3.946394614,633,984.0470585,0,2489.981,27433.837,2603.89142,924.129,8477.341,33911.719,1.310144073,1,2.581376729,5.802174362,171,650.188,0,1768.96,15362.915,2229.052316,811.927,6623.652,32024.917,1.2480809,1,2.404806894,4.643347012
s1-load95,shortest_estimate+topology_aware+conservative,17,0.1663621345,0.01708849963,0.06857993667,0.05737139916,0.02313624679,0.0001860522248,2000,1600,0,640.8487912,0,2032.714,9538.682,3448.976288,1685.487,12043.396,23191.609,1.214273611,1,2.196809581,4.21313329,1.214273611,2402.994829,372,2563.406315,8942.348,0.9059206097,0.4432420073,0.2290785966,0.9426286008,323.0092533,0,0,323.0091311,0.0001222222223,0,0,0,0,0.9998139478,1.033453126,0.9768637532,0.02313624679,778,252967.783,512,177,3782,628,680.7578424,0,2144.674,11617.483,3693.869043,2027.57,12585.057,23634.042,1.234355635,1,2.232699072,4.380330464,486,806.0474115,0,2561.912,11581.038,4092.255617,2121.348,13407.668,33290.622,1.194551707,1,1.877977723,4.21313329,340,452.3324324,0,1295.711,3647.555,2321.287135,985.409,6379.938,23191.609,1.213905942,1,2.144391953,4.207687095,146,358.2881644,0,1810.701,5594.043,2880.400315,1850.123,10261.597,20608.055,1.194399246,1,2.344770933,3.678776376,822,751.0778881,0,2032.714,9315.128,3528.039198,1711.16,11022.625,20608.055,1.235207169,1,2.344770933,4.288054475,617,588.6012788,0,2206.635,10871.62,3456.280418,1727.262,12666.322,24171.586,1.174869417,1,2.049869989,3.533253079,161,278.2922547,0,942.495,7256.686,3017.321876,1562.131,11518.881,21302.621,1.258404072,1,2.178543025,7.90509574
s1-load95,shortest_estimate+topology_aware+conservative,18,0.1489436997,0.01831636226,0.06541121926,0.02988521483,0.02774274905,0.007588154331,2000,1600,0,370.53015,0,1938.793,6179.145,4348.717784,1750.033,17155.982,35142.193,1.258968946,1,2.354657282,5.223446697,1.258968946,2482.806527,356,1429.510882,6057.332,0.8592034957,0.33685883,0.2016330535,0.9701147852,197.2955044,0,0,197.2954314,7.301010104e-05,0,0,0,0,0.9924118457,1.239442884,0.9722572509,0.02774274905,793,341322.11,387,122,3323,654,455.2172645,0,2344.067,10873.036,6883.655723,3149.317,25771.115,52110.989,1.159020408,1,1.973971355,3.272391682,489,366.6938548,0,2038.707,6485.657,2942.523779,1261.771,11228.586,17890.939,1.436539597,1,3.289684327,8.948844206,318,218.9000409,0,1544.846,3432.757,1636.037387,1045.959,5637.354,9230.619,1.22339518,1,2.440876805,4.643091472,139,332.4650432,0,2038.065,7351.208,3574.702115,1787.295,15008.808,17876.58,1.185924007,1,2.06555098,4.189929679,807,324.3756035,0,1797.521,6485.657,3925.670872,1649.518,16246.762,27922.209,1.274460201,1,2.341090436,5.334313201,633,438.863406,0,2038.065,5325.808,4963.054649,1803.07,20488.145,39079.836,1.236522599,1,2.450115336,4.93461919,160,332.9787,0,2256.927,5561.119,4051.990419,2074.239,11488.637,46925.048,1.269638292,1,2.149633436,8.130343636
s1-load95,shortest_estimate+topology_aware+conservative,19,0.1035620615,0.01710542478,0.04352695788,0.0248619163,0.01323706378,0.004830698718,2000,1600,0,221.6314575,0,1290.142,3807.076,2807.533811,1203.607,9881.442,27156.369,1.270807044,1,2.198985391,5.344416466,1.270807044,2516.593727,338,850.4259911,3732.89,0.8618087463,0.3080873079,0.1517675864,0.9751380837,116.3170667,0,0,116.3170123,5.434343436e-05,0,0,0,0,0.9951693013,1.181854522,0.9867629362,0.01323706378,831,250157.849,370,122,3352,656,278.5885991,0,1817.71,5633.134,4013.607282,1728.245,13882.257,42543.581,1.172213033,1,1.975629585,4.330267595,468,161.0788868,0,845.209,2872.552,1804.752509,701.796,6975.626,15923.809,1.350549118,1,2.241801502,6.375639924,316,205.2645443,0,1316.647,3807.076,2284.950209,1197.023,7984.065,17476.555,1.385385273,1,3.211125405,8.812051513,160,197.5481,0,1196.545,3792.428,1827.870506,983.341,7931.018,14754.318,1.21550492,1,1.784061535,4.924416667,769,242.9548596,0,1423.324,4499.204,2762.815421,1294.817,8677.729,27925.644,1.319388207,1,2.241801502,6.375639924,662,203.9803792,0,1196.545,3807.076,2854.644452,1102.014,10349.06,28158.885,1.212486198,1,1.945526469,4.514477747,169,193.7457633,0,1010.202,3443.565,2826.475811,1157.317,10955.622,27094.338,1.278200453,1,2.613680673,6.703771339
s1-load95,shortest_estimate+topology_aware+conservative,20,0.1950339196,0.02062895915,0.09200262232,0.04076405742,0.03611457036,0.00552371039,2000,1600,0,721.9369519,0,2726.964,16846.427,3822.03992,1632.909,14349.046,35850.107,1.322621515,1,2.651952838,6.392216667,1.322621515,2586.824082,353,2963.463541,16463.14,0.879881893,0.382092268,0.1768645101,0.9592359426,223.6644111,0,0,223.6643107,0.0001004444445,0,0,0,0,0.9944762896,1.211327011,0.9638854296,0.03611457036,803,242345.256,474,187,3612,645,1222.976059,0,4657.462,23971.985,6359.585991,3247.167,22814.457,55709.349,1.34159899,1,2.793005047,6.924274698,467,359.0397345,0,1746.2,5911.093,1673.947606,982.716,5495.843,12118.888,1.426949905,1,3.169382642,7.752066667,310,425.7719581,0,2074.81,5739.743,2860.759513,1759.545,9143.663,15400.62,1.178005519,1,2.048287103,3.776499282,178,374.2623708,0,700.32,18329.021,1936.864758,727.333,6560.271,23124.951,1.231998643,1,1.980583332,4.821786598,797,714.8110339,0,2757.417,18329.021,3764.81755,1606.13,14084.377,42830.321,1.381485165,1,2.783698906,7.752066667,621,832.4246232,0,2906.696,17048.836,4147.048625,1705.082,16039.016,38188.694,1.285993346,1,2.628552383,4.493106825,182,376.1485604,0,1464.273,12867.633,2963.665324,1614.162,9589.098,27147.759,1.189829002,1,1.77893426,5.604726647
s1-load95,shortest_estimate+topology_aware+easy,1,0.1498199402,0.01914441658,0.05423533405,0.04531872476,0.02955665025,0.001564814585,2000,1600,0,412.0669537,0,1607.539,6636.421,3626.745611,1427.784,10612.137,48650.222,1.253878906,1,2.461107684,4.7686156,1.253878906,2441.677555,370,1618.6153,6321.87,0.8409504222,0.366011498,0.1879555703,0.9546812752,266.0093022,0,0,266.0091977,0.0001044848485,0,0,0,0,0.9984351854,1.118656521,0.9704433498,0.02955665025,812,288796.147,260,86,3412,647,428.2088563,0,2145.047,6996.582,2740.547709,1633.654,9232.757,16862.036,1.260988102,1,2.448726705,4.348392688,468,246.8918568,0,1327.578,4451.466,1846.979756,1019.467,6630.942,9325.932,1.265021194,1,2.565003662,5.901083333,333,510.7620841,0,1629.41,7175.467,7870.003123,1446.444,46990.879,86400,1.189412443,1,2.369054836,3.714550018,152,635.7028487,0,2390.744,24167.648,3582.638441,2015.778,10750.48,32137.506,1.330543986,1,3.604892897,6.082064938,788,340.6050584,0,1730.945,6238.626,3525.213161,1509.61,10082.238,48650.222,1.23686447,1,2.222625445,4.68305892,648,499.3092114,0,1483.058,9186.608,3668.745029,1346.219,13300.814,56761.124,1.25615166,1,2.638807343,5.040476884,164,410.7193354,0,1936.947,7714.727,3948.647726,1296.725,10592.152,67174.154,1.326651048,1,3.427734241,5.618173928
s1-load95,shortest_estimate+topology_aware+easy,2,0.1393494986,0.01621667209,0.04892242454,0.05324900656,0.02053915276,0.0004222426521,2000,1600,0,370.1470981,0,1450.064,7461.369,3620.696722,1658.903,13499.784,27939.411,1.171470786,1,2.084731918,3.542908203,1.171470786,2337.854559,332,1632.214937,7461.369,0.8677964646,0.348342459,0.1793234498,0.9467509934,328.7723867,0,0,328.7723013,8.541414146e-05,0,0,0,0,0.9995777573,1.059170507,0.9794608472,0.02053915276,779,295706.07,270,66,3416,636,446.1181478,0,1762.81,10921.575,5044.682929,2124.332,18645.091,34187.161,1.143128406,1,2.001528832,3.328314816,502,316.5257829,0,1477.727,7595.001,2836.207414,1576.474,9019.644,19793.311,1.178484215,1,2.140606236,3.649091308,311,221.6654405,0,1357.348,6599.939,1983.386887,1216.834,6509.019,10599.769,1.210767893,1,2.156799451,4.57328582,151,534.2405298,0,1497.866,7398.882,3603.22496,1752.486,11619.342,34142.899,1.18659405,1,2.469291442,3.266603666,821,447.7960244,0,1473.601,8471.056,3817.601788,1681.518,13633.339,32412.392,1.174053801,1,2.06384429,3.539192841,635,257.8586425,0,1385.344,6217.176,3404.764554,1673.948,13027.688,24746.096,1.164437342,1,2.01370233,3.565948038,144,422.6012708,0,1659.287,9257.587,3450.26525,1569.399,13775.162,27939.411,1.187759551,1,2.490272864,3.542908203
s1-load95,shortest_estimate+topology_aware+easy,3,0.2254717959,0.02466496225,0.1023589075,0.04681117686,0.04786545925,0.003771289988,2000,1600,0,945.2649788,0,3033.925,16195.056,3572.925462,1402.609,12210.456,34061.519,1.376294565,1,3.170800629,5.334653978,1.376294565,2720.601953,377,3823.844029,15473.262,0.9104853386,0.5672144415,0.2705114231,0.9531888231,220.8141867,0,0,220.8140923,9.434343436e-05,0,0,0,0,0.99622871,1.166965774,0.9521345408,0.04786545925,773,217831.017,345,104,3931,639,1556.169773,0,3737.779,30219.716,5360.950856,2041.412,19089.675,49806.705,1.326204236,1,2.749918041,5.334653978,481,413.5017422,0,1867.071,8496.607,2054.694035,1077.021,6846.762,15685.02,1.488622907,1,3.298551645,11.01748618,318,619.1669717,0,3297.297,12056.824,2852.334805,1345.356,10797.759,23189.288,1.275635448,1,3.019573286,4.217699432,162,754.5805309,0,3246.316,18361.373,2442.486691,1041.34,8514.233,28839.987,1.437945106,1,3.903395127,7.812093276,827,784.6144764,0,3044.605,15473.262,3483.682579,1416.987,12127.215,34987.185,1.368764491,1,3.019573286,5.797594015,629,971.3496391,0,2830.987,18361.373,3412.397622,1338.934,11298.484,30431.909,1.400166629,1,3.31548739,5.122515302,144,1753.950493,0,5704.745,30219.716,4786.646826,1481.725,16398.769,48382.852,1.315265697,1,2.82612455,5.334653978
s1-load95,shortest_estimate+topology_aware+easy,4,0.2036297825,0.02317977205,0.09431327827,0.03781828922,0.04238410596,0.005934337045,2000,1600,0,799.6570637,0,2795.452,16284.819,3401.191593,1668.57,11202.311,29686.095,1.356286714,1,2.979872218,6.32565328,1.356286714,2716.145866,354,3428.186833,15098.502,0.8942894016,0.5980977391,0.2620943304,0.9621817108,180.6138067,0,0,180.6137113,9.539393943e-05,0,0,0,0,0.994065663,1.218319944,0.957615894,0.04238410596,755,198972.828,312,88,3908,615,431.7863626,0,2188.056,8449.129,2409.468393,1088.305,9835.938,15963.418,1.488173145,1,3.643187906,10.19621602,495,1472.776077,0,3565.263,56798.24,5117.434259,2480.311,16292.838,78740.972,1.272520628,1,2.717124437,6.32565328,334,493.797009,0,2720.286,12157.602,2827.859692,1647.588,8790.611,20741.428,1.22149617,1,2.473983701,4.200155963,156,768.9123718,0,3155.539,22460.823,3092.617891,1830.415,8563.546,32477.768,1.390736068,1,3.078734,3.895007179,845,843.475071,0,2846.264,17398.313,3566.36433,1741.123,12392.884,30674.825,1.384060819,1,3.071305526,7.285113813,608,655.3567155,0,2380.966,12601.413,3131.975508,1623.96,9536.019,22808.717,1.316007983,1,2.910596969,6.177306559,147,1144.612136,0,2872.528,11372.649,3565.221633,1549.474,11614.336,17045.224,1.36322787,1,3.288937748,6.198293847
s1-load95,shortest_estimate+topology_aware+easy,5,0.1419147979,0.01741433315,0.0516108799,0.04544510333,0.0225464191,0.004898062447,2000,1600,0,368.8418831,0,1529.75,7923.695,2554.471182,1547.397,7957.238,14860.897,1.192522082,1,2.238697061,3.98098959,1.192522082,2369.883347,334,1633.377665,7923.695,0.8803572574,0.3731605023,0.1938793238,0.9545548967,171.6815778,0,0,171.6814933,8.444444448e-05,0,0,0,0,0.9951019376,1.194241029,0.9774535809,0.0225464191,754,181385.724,275,78,3545,639,446.1013803,0,1973.007,9523.189,2582.016189,1450.868,8320.836,15910.596,1.211972844,1,2.503811439,3.945251439,486,273.2935947,0,1164.636,7935.606,2097.951681,1349.299,6248.221,14115.222,1.156960098,1,2.052919383,3.306996623,322,322.7218602,0,1089.977,5450.941,3084.230646,2260.208,8191.277,12754.754,1.131921356,1,1.631728394,3.135864245,153,446.7392484,0,1759.151,5238.652,2774.632425,1674.43,8924.754,15386.477,1.351786925,1,2.952818162,9.76885,846,405.6504622,0,1709.523,7803.212,2633.402869,1516.044,8097.31,15439.823,1.183469338,1,2.101793711,3.510018743,602,327.3455565,0,1468.935,6652.033,2429.288033,1565.201,7048.466,14700.191,1.202920624,1,2.322445056,3.98098959,152,328.320375,0,1759.151,9523.189,2610.945184,1680.597,8781.494,14738.915,1.201724051,1,2.594057479,4.546168773
s1-load95,shortest_estimate+topology_aware+easy,6,0.1949824377,0.02191825083,0.06697592551,0.05681782352,0.03836633663,0.01090410123,2000,1600,0,1094.559776,0,1985.171,43432.777,3027.713219,1258.513,9120.008,50625.6,1.411853225,1,2.817697542,9.332761523,1.411853225,2779.194915,388,4391.545095,40777.793,0.9009690998,0.56154286,0.2604977759,0.9431821765,204.8257556,0,0,204.8256378,0.0001177777778,0,0,0,0,0.9890958988,1.306113372,0.9616336634,0.03836633663,808,151981.877,341,99,3917,647,1087.742835,0,1985.171,45986.261,3156.170713,1327.621,9212.971,51504.991,1.452777323,1,2.859029524,11.25519072,472,654.1809746,0,1690.098,13963.302,2453.498909,1243.27,7135.022,25207.19,1.297749392,1,2.581568374,5.186645078,318,851.1227201,0,1700.907,17759.716,2115.970289,1042.139,4520.166,21922.8,1.352812083,1,2.594939237,7.492106194,163,2871.752043,0,13870.951,53133.578,5959.316951,1418.208,27378.452,59714.136,1.695007834,1,5.36599129,12.12167348,792,1018.497391,0,1901.235,45039.765,3036.904351,1306.461,8838.612,53366.613,1.383304977,1,2.810600919,7.77276785,644,937.3025404,0,2431.912,20703.909,2749.985929,1187.531,8918.754,28388.469,1.431145884,1,2.859029524,9.332761523,164,2079.407756,0,1732.769,66422.261,4073.914433,1243.408,11842.864,72748.005,1.473961397,1,3.015182129,11.50030811
s1-load95,shortest_estimate+topology_aware+easy,7,0.1705150738,0.02130327924,0.08229849485,0.03164092051,0.03101736973,0.004255009456,2000,1600,0,656.1427869,0,2439.333,18789.55,4464.692733,1642.915,18423.62,46953.934,1.337569947,1,2.738639959,6.641517739,1.337569947,2575.796929,369,2686.04452,16094.796,0.8841904618,0.4324242045,0.2026834194,0.9683590795,219.0193333,0,0,219.0192288,0.0001045252526,0,0,0,0,0.9957449905,1.194542695,0.9689826303,0.03101736973,806,339574.561,286,77,3545,632,493.3142215,0,2529.047,14523.497,3823.989604,1529.279,14966.243,34715.266,1.302893636,1,2.743999042,6.373299082,504,952.6688492,0,4423.079,27214.887,6589.907581,2015.211,37693.661,76556.501,1.370467463,1,2.512550161,6.469142814,308,576.7691851,0,1850.016,21099.731,3077.671273,1193.778,10935.032,30739.964,1.427214384,1,3.381938291,6.954549249,156,514.5119359,0,2036.26,10704.031,2932.761346,1516.271,12164.437,15724.66,1.19477888,1,2.337159651,4.241197602,794,680.0122746,0,2379.507,22264.932,4638.985068,1707.785,18608.404,53805.291,1.275142417,1,2.390378083,6.469142814,644,637.8151491,0,2459.485,16094.796,4353.436435,1584.339,18862.181,46353.877,1.421859487,1,3.161222446,7.821114913,162,612.0108457,0,2439.333,21099.731,4052.723241,1507.748,17864.575,34715.266,1.308464979,1,2.629516577,6.683687747
s1-load95,shortest_estimate+topology_aware+easy,8,0.1341481058,0.0210939785,0.04459918888,0.03915691773,0.0275,0.001798020697,2000,1600,0,242.38363,0,1321.923,4571.27,1770.615522,834.363,6291.622,14369.322,1.255672602,1,2.711733333,4.67513194,1.255672602,2450.024129,390,922.3993538,3832.218,0.8708778466,0.41907216,0.1844453408,0.9608430823,105.0206711,0,0,105.0205728,9.830303033e-05,0,0,0,0,0.9982019793,1.113675755,0.9725,0.0275,800,124122.986,305,80,3524,674,222.6338591,0,1335.768,3832.218,1429.351761,710.845,5270.959,11634.534,1.300207022,1,2.816009605,6.538805483,490,154.4956143,0,1033.41,3492.413,1526.83041,735.402,4782.318,12710.929,1.172187092,1,2.207910776,3.618004359,303,423.7782079,0,2482.159,10174.915,2652.510785,1289.314,8006.925,23706.694,1.269775318,1,2.69384584,5.735399329,133,253.0145789,0,1288.894,2666.049,2389.053226,1234.369,9994.052,15941.74,1.305436345,1,3.027250749,3.858073593,800,197.1085262,0,1257.936,3457.886,1747.492556,815.977,6332.236,15244.483,1.257749364,1,2.69384584,5.768939108,629,285.0646979,0,1312.749,5369.025,1812.022531,865.287,5939.842,14369.322,1.24699619,1,2.740109031,4.109416667,171,297.200538,0,1455.961,6955.262,1726.483146,805.724,6782.995,11634.534,1.277871747,1,2.603998332,5.735399329
s1-load95,shortest_estimate+topology_aware+easy,9,0.1299903703,0.01789174088,0.05350632088,0.03567067835,0.02267002519,0.0002516050409,2000,1600,0,482.1217525,0,1585.931,12672.209,2906.088746,1332.808,9820.481,27063.128,1.226840832,1,2.300070142,5.397652763,1.226840832,2466.191694,346,2066.6115,11842.604,0.8826929258,0.3264481385,0.1924955104,0.9643293217,161.6749867,0,0,161.6748928,9.389898993e-05,0,0,0,0,0.999748395,1.044428079,0.9773299748,0.02267002519,794,202186.137,263,55,3660,645,509.4915054,0,1527.434,12672.209,2917.738684,1389.225,8988.441,31484.57,1.23690838,1,2.370226469,5.415510811,474,413.3133966,0,1864.51,7886.609,2798.132643,1173.225,10406.415,19042.58,1.205243089,1,2.121995051,4.395678013,330,560.1962424,0,1304.521,13195.056,3317.534558,1527.393,11378.759,35087.659,1.223566525,1,2.141512554,4.269482355,151,410.5792914,0,1815.813,17093.754,2296.021623,951.29,11162.545,24887.451,1.258789724,1,1.920374793,8.538855601,806,524.1777816,0,1653.492,15737.923,3011.526414,1310.775,10979.519,27095.422,1.190726308,1,2.163230691,3.827181277,627,465.806807,0,1502.199,7520.351,2905.668915,1408.871,8855.837,31484.57,1.285513511,1,2.554545851,6.356115941,167,340.3990659,0,1230.103,12672.209,2398.786186,1171.588,8816.26,18986.932,1.180856018,1,1.920374793,5.63400272
s1-load95,shortest_estimate+topology_aware+easy,10,0.202415844,0.02033531231,0.09519252726,0.04682036513,0.03901170351,0.00105593581,2000,1600,0,933.2215587,0,2821.513,16963.152,3783.541429,1490.861,13094.726,30018.864,1.25796569,1,2.614203111,4.629400826,1.25796569,2597.680629,352,3972.44871,16388.103,0.9050614815,0.5058455281,0.2370764371,0.9531796349,290.8959422,0,0,290.8958568,8.541414141e-05,0,0,0,0,0.9989440642,1.090744199,0.9609882965,0.03901170351,769,278870.156,348,98,3957,626,674.1325783,0,3515.306,13989.546,3437.570938,1676.532,13164.465,25881.362,1.280273741,1,2.903421746,5.228464668,484,1625.88194,0,3652.274,26694.365,5456.39669,1408.46,20530.182,49459.869,1.259925934,1,2.410272135,4.040531588,343,744.2691283,0,1910.826,7133.717,2984.068047,1526.299,7690.05,25185.563,1.250573247,1,2.483210476,5.458847715,147,196.8457823,0,827.409,3105.796,1614.391442,1177.62,4315.339,8666.239,1.173761677,1,2.083930987,3.08975301,831,962.9545319,0,2728.866,20262.235,3728.01643,1489.2,13162.48,30018.864,1.250534702,1,2.614203111,4.414617804,627,1021.573116,0,3105.796,16963.152,3967.097643,1509.707,13245.767,33452.757,1.284915518,1,2.753299349,5.23317041,142,369.105169,0,1476.79,7904.729,3297.988817,1506.389,12553.038,22210.813,1.182455898,1,1.853252914,3.439600961
s1-load95,shortest_estimate+topology_aware+easy,11,0.1427619332,0.0161828563,0.0633970876,0.03616634401,0.02589395808,0.001121687192,2000,1600,0,612.1978994,0,1879.094,9665.125,3411.961216,1545.724,11379.662,27887.289,1.199195711,1,2.080384734,4.050781075,1.199195711,2407.513565,333,2832.271934,9665.125,0.8723478947,0.546844179,0.2054648798,0.963833656,169.7542156,0,0,169.7541025,0.000113010101,0,0,0,0,0.9988783128,1.085515226,0.9741060419,0.02589395808,811,248164.332,240,72,3768,640,918.2482641,0,2147.524,18583.856,4208.997064,1735.48,14891.475,46008.492,1.20044238,1,2.149051562,3.921899784,470,296.8666319,0,1614.409,6339.62,2442.097602,1474.133,7872.286,14054.698,1.164046282,1,2.006109678,3.854448009,327,521.9024465,0,1459.646,5690.208,3061.43745,1362.042,10987.488,26307.827,1.263589962,1,2.08622235,5.928527097,163,500.9100184,0,2012.883,10047.676,3782.232552,1857.837,12987.225,39529.504,1.166468365,1,1.842314428,4.050781075,789,530.7572218,0,2147.524,8991.271,3421.188364,1601.733,11654.774,30974.656,1.196348049,1,2.186564517,4.023166033,653,707.2354564,0,1506.082,10396.728,3230.188562,1459.267,10716.802,25861.544,1.211840817,1,2.041998364,5.420024876,158,626.104038,0,2386.929,18583.856,4117.134152,1901.144,15331.142,33097.672,1.161154892,1,1.865606605,3.139966534
s1-load95,shortest_estimate+topology_aware+easy,12,0.1164460779,0.01568082798,0.04892455005,0.03366763507,0.0170109356,0.001162129246,2000,1600,0,245.9454981,0,1450.127,4625.326,2760.389055,1450.296,10136.249,19160.372,1.203207525,1,2.015846556,3.757207103,1.203207525,2410.862948,349,1033.748218,4578.775,0.8765949826,0.4091819469,0.2179245852,0.9663323649,136.7350311,0,0,136.7349382,9.288888891e-05,0,0,0,0,0.9988378708,1.088933022,0.9829890644,0.0170109356,823,200341.006,287,79,3626,597,165.0246734,0,939.396,3762.887,1653.745546,954.059,5195.139,11841.301,1.242713287,1,2.226533674,6.220200095,519,280.8528247,0,1907.039,4789.823,3996.140291,1853.659,16339.932,25827.393,1.206475876,1,1.865384881,3.516525227,324,335.1031975,0,2246.318,5395.994,3127.845602,2068.55,8741.693,14136.157,1.155789693,1,1.954273061,3.467302182,160,254.1063437,0,1063.1,4578.775,2136.985069,1414.106,6194.612,15007.199,1.141221049,1,1.986070802,2.694037246,777,263.3372021,0,1557.008,5395.994,2756.83864,1489.604,11010.101,20139.327,1.21647825,1,2.001780268,5.117510597,660,221.8449303,0,1379.79,4018.621,2718.927308,1454.248,9170.064,18385.728,1.182221194,1,2.00338312,3.453937798,163,260.6266074,0,1590.092,4578.775,2945.19535,1226.036,9134.131,29623.298,1.22492302,1,2.226533674,4.240221329
s1-load95,shortest_estimate+topology_aware+easy,13,0.1472126741,0.01703678161,0.05724625829,0.04192070924,0.0295202952,0.001488629786,2000,1600,0,498.9233287,0,1696.783,8782.144,2611.255494,1447.657,7950.855,19219.394,1.212603728,1,2.190160977,4.226793552,1.212603728,2407.319729,351,2152.057077,8695.204,0.9066511825,0.4709274422,0.2198861195,0.9580792908,160.8799667,0,0,160.8798879,7.878787883e-05,0,0,0,0,0.9985113702,1.104042937,0.9704797048,0.0295202952,813,173278.652,320,88,3785,628,547.9723742,0,1664.442,11749.144,2679.44996,1589.126,8067.14,19219.394,1.187687387,1,2.046531203,3.514498425,479,290.2183319,0,1435.203,5033.083,2232.594547,1192.394,7358.574,17768.302,1.210398547,1,2.243391769,4.426867692,328,354.4147713,0,1523.493,3288.069,2205.384534,1228.499,6091.18,11887.45,1.213901927,1,2.145996021,3.852538387,165,1205.382115,0,4976.209,38838.35,4257.789697,2037.44,12600.073,53581.955,1.311257872,1,2.838009914,6.477109091,787,458.2030102,0,1450.935,8695.204,2566.532518,1453.9,7715.149,17768.302,1.209475115,1,2.145996021,4.402002194,643,413.8100218,0,1731.737,8536.537,2485.035541,1456.519,8067.14,19219.394,1.205286516,1,2.227663185,3.951254027,170,1009.363018,0,1803.991,41415.18,3295.704971,1297.065,9801.183,55678.488,1.254763641,1,2.190928507,5.748372174
s1-load95,shortest_estimate+topology_aware+easy,14,0.1641735365,0.02144920533,0.06595706821,0.0442057706,0.03144654088,0.001114951444,2000,1600,0,515.3794413,0,1954.972,11073.187,2505.795438,1166.566,9108.293,23167.464,1.308823888,1,2.757399466,5.210416749,1.308823888,2620.899811,378,2015.914124,8055.864,0.9028365219,0.4788265616,0.2504399081,0.9557942294,169.5152911,0,0,169.5151775,0.0001136565657,0,0,0,0,0.9988850486,1.092849908,0.9685534591,0.03144654088,795,156248.086,351,96,3819,594,315.4718418,0,1794.179,4883.628,1725.235746,727.363,6531.17,13283.947,1.365521581,1,3.01566657,5.853458109,514,673.1717568,0,2778.697,12379.593,3036.602599,1709.241,9575.427,23167.464,1.279501208,1,2.554885964,4.453600334,336,406.1640357,0,1773.336,4811.386,2009.589783,1007.105,6967.783,13413.328,1.280988031,1,2.375435618,4.951211914,156,991.8938013,0,3508.004,31266.058,4797.735673,1678.454,25443.104,41709.409,1.249505144,1,2.862348797,5.24517537,805,518.8030174,0,1939.401,8055.864,2527.810472,1175.773,8372.63,19137.215,1.319654862,1,2.500605084,5.24517537,635,484.9823732,0,1836.496,7622.316,2381.357069,1167.304,8912.315,18247.876,1.289055787,1,2.921771456,4.517725445,160,618.7929375,0,2937.054,13990.588,2888.897075,1110.089,10231.587,27468.966,1.332785204,1,2.961750152,5.765547506
s1-load95,shortest_estimate+topology_aware+easy,15,0.2436226965,0.02134382684,0.1308281065,0.05736312198,0.03358208955,0.0005055516238,2000,1600,0,955.23219,0,3877.754,17447.583,4055.052723,1734.602,14069.785,39446.136,1.359217071,1,2.74385255,7.203850221,1.359217071,2652.115534,357,4064.173134,17043.747,0.8991921284,0.5477039254,0.2652316268,0.942636878,339.5086133,0,0,339.5085194,9.397979809e-05,0,0,0,0,0.9994944484,1.057190495,0.9664179104,0.03358208955,804,263976.568,330,93,3919,654,729.613763,0,4589.355,16374.663,3320.880934,1585.796,13212.378,27668.083,1.375447394,1,2.822269927,8.255497025,498,1430.113219,0,4669.238,60155.599,5651.166466,2519.567,16514.011,73744.472,1.345849375,1,2.504623683,6.441998796,299,340.3707057,0,1519.483,4521.357,2319.726953,1109.346,7730.824,23798.264,1.374972341,1,3.075890425,8.012079105,149,1592.193819,0,5077.188,67222.795,5425.160846,1923.93,21671.274,76416.526,1.301040258,1,3.252227746,5.862627711,796,1043.263945,0,4785.557,25181.686,4395.655823,1805.477,16195.322,40051.637,1.381858193,1,2.853801856,8.255497025,652,823.3071534,0,2852.917,14252.896,3827.558301,1788.108,12564.006,39446.136,1.326010434,1,2.730974925,7.108498354,152,1060.112763,0,2580.965,21949.514,3247.199401,1278.127,8901.394,40837.055,1.383088077,1,2.554909167,8.012079105
s1-load95,shortest_estimate+topology_aware+easy,16,0.1801557068,0.02177915886,0.0637786994,0.05639371217,0.03731343284,0.0008907035231,2000,1600,0,812.410875,0,1890.405,18194.462,2471.317396,870.645,8091.667,25908.482,1.297229715,1,2.799816594,5.552717023,1.297229715,2564.456752,364,3434.692195,17169.295,0.8987153153,0.5052935012,0.2153493368,0.9436062878,203.8716889,0,0,203.871576,0.000112929293,0,0,0,0,0.9991092965,1.076091905,0.9626865672,0.03731343284,804,144183.321,325,101,3835,625,852.3307472,0,1649.897,27188.192,2279.073266,689.898,7700.87,35048.416,1.301644143,1,3.007819588,5.561532114,493,1038.057544,0,2189.209,34302.346,3028.492118,990.34,9693.287,46369.896,1.338260522,1,2.907297214,6.220864001,322,452.8092081,0,1237.082,8490.013,1879.306261,803.73,6294.674,12810.796,1.252474117,1,2.433959792,5.163169493,160,684.8984313,0,2026.116,17965.637,2696.898825,1290.951,6743.184,22468.5,1.243630322,1,2.481299581,4.614478057,796,703.5254862,0,1890.405,20037.969,2415.532237,839.362,8461.64,30534.657,1.266514728,1,2.831705407,5.163169493,633,908.2826682,0,2014.381,17965.637,2522.991671,925.142,8600.222,25165.408,1.326454152,1,2.799816594,5.991410384,171,964.375345,0,1845.631,52597.45,2539.710199,851.921,6213.011,59698.56,1.332025393,1,3.007819588,8.406933564
s1-load95,shortest_estimate+topology_aware+easy,17,0.1666883001,0.0190446518,0.07067004657,0.04622950469,0.02956298201,0.001181115085,2000,1600,0,680.5061313,0,2094.665,10287.12,3478.632443,1685.823,11792.097,25068.829,1.221766814,1,2.448282437,4.24618196,1.221766814,2398.605598,372,2758.480417,9035.268,0.8944947755,0.4445810149,0.2096189517,0.9537704953,257.2382178,0,0,257.2381188,9.898989903e-05,0,0,0,0,0.9988188849,1.10228461,0.970437018,0.02956298201,778,257268.427,320,106,3782,628,683.7405334,0,2370.238,13991.317,3681.810209,1995.034,12639.993,27797.471,1.216177682,1,2.320947776,4.040792,486,923.0774753,0,2891.266,12426.883,4204.085233,2148.613,12545.638,34172.071,1.215501754,1,2.280586804,4.982525466,340,511.23105,0,1464.292,5794.931,2381.362447,991.43,8340.615,24133.067,1.270675616,1,2.763754503,4.408688848,146,253.3325,0,1516.551,3959.443,2745.112623,1832.059,8019.079,14221.04,1.152765452,1,1.987907399,3.133171206,822,679.8040876,0,1677.41,9510.996,3443.365891,1659.475,11106.048,22527.131,1.229346065,1,2.66612163,4.24618196,617,769.7810583,0,2757.011,13899.621,3631.05763,1720.967,12529.952,33715.767,1.213169925,1,2.275425146,4.051397629,161,341.9623416,0,1508.204,3678.781,3074.550242,1579.954,11518.881,26300.076,1.216016106,1,2.029360969,6.181635813
s1-load95,shortest_estimate+topology_aware+easy,18,0.1661086338,0.02101081886,0.08099367329,0.03147915604,0.0290037831,0.003621202544,2000,1600,0,451.8624706,0,2400.658,8204.995,4432.442364,1742.625,17594.848,38060.982,1.291376924,1,2.701042757,6.508904177,1.291376924,2524.361061,356,1841.445146,8055.496,0.8613724006,0.3971641156,0.2149534417,0.968520844,208.1603644,0,0,208.1602867,7.769696972e-05,0,0,0,0,0.9963787975,1.172483865,0.9709962169,0.0290037831,793,341322.11,271,69,3389,654,641.7385963,0,3109.948,16127.354,7078.000243,3312.098,25771.115,53704.882,1.211892983,1,2.183572704,4.120967589,489,349.3792454,0,2218.295,5106.819,2923.565953,1282.105,11283.095,17890.939,1.420924969,1,3.550590199,10.05318682,318,267.8019277,0,1569.791,5370.17,1680.027082,1057.513,5702.135,10464.267,1.265176803,1,2.806698138,6.508904177,139,340.1111295,0,3179.032,5341.266,3590.095403,1749.312,15128.759,17876.58,1.269543418,1,2.757273208,8.264221716,807,437.7826877,0,2457.437,7536.853,4035.900644,1670.839,16462.998,30665.318,1.349780879,1,2.774529553,7.232441769,633,479.040425,0,2190.333,13378.603,5011.222321,1765.308,21023.821,52943.16,1.217326041,1,2.355797589,4.640195343,160,415.3545937,0,2400.658,8283.754,4142.701463,2017.982,12317.851,46925.048,1.289765783,1,2.393232268,8.264221716
s1-load95,shortest_estimate+topology_aware+easy,19,0.09855047077,0.01554547439,0.03811462215,0.02659227881,0.01203369434,0.006264401075,2000,1600,0,203.3279487,0,1129.72,4130.499,2790.023716,1197.023,9811.662,27094.338,1.226139349,1,1.998446196,4.272374028,1.226139349,2404.767534,338,789.536926,4121.026,0.8630167849,0.2712943776,0.1497860316,0.9734077212,124.6337689,0,0,124.6337179,5.098989902e-05,0,0,0,0,0.9937355989,1.197718755,0.9879663057,0.01203369434,831,238045.839,243,57,3327,656,252.8679985,0,1561.494,4672.904,3991.326825,1667.777,13852.418,42543.581,1.135295349,1,1.831635555,3.07109159,468,157.7083141,0,799.849,3114.761,1796.978701,693.126,7177.579,15923.809,1.342170026,1,2.136280029,6.533216667,316,193.0744557,0,1141.586,4121.026,2276.171294,1079.602,7817.09,17476.555,1.296318935,1,2.319258832,4.043724322,160,153.901825,0,949.693,3427.402,1784.196175,926.504,7557.278,13815.558,1.120605334,1,1.764029241,3.159621887,769,243.0791248,0,1434.141,4672.904,2762.056265,1290.574,8974.393,28003.71,1.25998399,1,2.117151659,5.271902206,662,162.6318308,0,863.611,3427.402,2815.429408,1080.813,10028.385,28158.885,1.198831508,1,1.796204824,3.926022866,169,181.8615325,0,1319.978,3495.85,2817.76574,1110.064,10955.622,27094.338,1.179105393,1,2.139035081,3.355965678
s1-load95,shortest_estimate+topology_aware+easy,20,0.16737463,0.02090265586,0.06617899752,0.03996678989,0.03611457036,0.004211616404,2000,1600,0,731.4218925,0,1961.55,14560,3829.349003,1614.162,14088.303,36174.578,1.295897392,1,2.687137878,5.126678062,1.295897392,2524.600942,353,3216.611875,13851.326,0.8694169259,0.4303006075,0.1878114877,0.9600332101,219.1078489,0,0,219.1077474,0.0001015353536,0,0,0,0,0.9957883836,1.195514866,0.9638854296,0.03611457036,803,244080.58,266,73,3607,645,1192.83033,0,3368.432,26867.491,6323.191414,3150.845,20690.092,57899.397,1.294565388,1,2.937654077,5.822618795,467,330.9999336,0,1027.475,6474.007,1645.195216,1042.626,5371.187,15237.6,1.399810656,1,3.351765223,7.965217617,310,557.0149452,0,1350.58,8670.557,2992.998994,1712.528,8397.799,19527.034,1.170885194,1,2.07415706,3.662873054,178,413.7520393,0,1171.947,21256.239,1979.573528,770.574,6673.197,26052.169,1.245815537,1,2.238012288,5.432141211,797,750.4816675,0,1590.371,17212.575,3797.043575,1569.205,13257.913,37081.732,1.270475899,1,2.687137878,5.062455557,621,711.7596892,0,1914.274,13336.007,4021.66571,1705.264,14764.766,36850.758,1.307336796,1,2.715249128,5.265848126,182,715.046,0,2840.103,15407.237,3314.616863,1603.355,10678.67,27147.759,1.368188928,1,2.53138823,5.689910288
s1-load95,shortest_estimate+topology_aware+easy_oracle,1,0.1498199402,0.01914441658,0.05423533405,0.04531872476,0.02955665025,0.001564814585,2000,1600,0,412.0669537,0,1607.539,6636.421,3626.745611,1427.784,10612.137,48650.222,1.253878906,1,2.461107684,4.7686156,1.253878906,2441.677555,370,1618.6153,6321.87,0.8409504222,0.366011498,0.1879555703,0.9546812752,266.0093022,0,0,266.0091977,0.0001044848485,0,0,0,0,0.9984351854,1.118656521,0.9704433498,0.02955665025,812,288796.147,260,86,3412,647,428.2088563,0,2145.047,6996.582,2740.547709,1633.654,9232.757,16862.036,1.260988102,1,2.448726705,4.348392688,468,246.8918568,0,1327.578,4451.466,1846.979756,1019.467,6630.942,9325.932,1.265021194,1,2.565003662,5.901083333,333,510.7620841,0,1629.41,7175.467,7870.003123,1446.444,46990.879,86400,1.189412443,1,2.369054836,3.714550018,152,635.7028487,0,2390.744,24167.648,3582.638441,2015.778,10750.48,32137.506,1.330543986,1,3.604892897,6.082064938,788,340.6050584,0,1730.945,6238.626,3525.213161,1509.61,10082.238,48650.222,1.23686447,1,2.222625445,4.68305892,648,499.3092114,0,1483.058,9186.608,3668.745029,1346.219,13300.814,56761.124,1.25615166,1,2.638807343,5.040476884,164,410.7193354,0,1936.947,7714.727,3948.647726,1296.725,10592.152,67174.154,1.326651048,1,3.427734241,5.618173928
s1-load95,shortest_estimate+topology_aware+easy_oracle,2,0.1393494986,0.01621667209,0.04892242454,0.05324900656,0.02053915276,0.0004222426521,2000,1600,0,370.1470981,0,1450.064,7461.369,3620.696722,1658.903,13499.784,27939.411,1.171470786,1,2.084731918,3.542908203,1.171470786,2337.854559,332,1632.214937,7461.369,0.8677964646,0.348342459,0.1793234498,0.9467509934,328.7723867,0,0,328.7723013,8.541414146e-05,0,0,0,0,0.9995777573,1.059170507,0.9794608472,0.02053915276,779,295706.07,270,66,3416,636,446.1181478,0,1762.81,10921.575,5044.682929,2124.332,18645.091,34187.161,1.143128406,1,2.001528832,3.328314816,502,316.5257829,0,1477.727,7595.001,2836.207414,1576.474,9019.644,19793.311,1.178484215,1,2.140606236,3.649091308,311,221.6654405,0,1357.348,6599.939,1983.386887,1216.834,6509.019,10599.769,1.210767893,1,2.156799451,4.57328582,151,534.2405298,0,1497.866,7398.882,3603.22496,1752.486,11619.342,34142.899,1.18659405,1,2.469291442,3.266603666,821,447.7960244,0,1473.601,8471.056,3817.601788,1681.518,13633.339,32412.392,1.174053801,1,2.06384429,3.539192841,635,257.8586425,0,1385.344,6217.176,3404.764554,1673.948,13027.688,24746.096,1.164437342,1,2.01370233,3.565948038,144,422.6012708,0,1659.287,9257.587,3450.26525,1569.399,13775.162,27939.411,1.187759551,1,2.490272864,3.542908203
s1-load95,shortest_estimate+topology_aware+easy_oracle,3,0.2254717959,0.02466496225,0.1023589075,0.04681117686,0.04786545925,0.003771289988,2000,1600,0,945.2649788,0,3033.925,16195.056,3572.925462,1402.609,12210.456,34061.519,1.376294565,1,3.170800629,5.334653978,1.376294565,2720.601953,377,3823.844029,15473.262,0.9104853386,0.5672144415,0.2705114231,0.9531888231,220.8141867,0,0,220.8140923,9.434343436e-05,0,0,0,0,0.99622871,1.166965774,0.9521345408,0.04786545925,773,217831.017,345,104,3931,639,1556.169773,0,3737.779,30219.716,5360.950856,2041.412,19089.675,49806.705,1.326204236,1,2.749918041,5.334653978,481,413.5017422,0,1867.071,8496.607,2054.694035,1077.021,6846.762,15685.02,1.488622907,1,3.298551645,11.01748618,318,619.1669717,0,3297.297,12056.824,2852.334805,1345.356,10797.759,23189.288,1.275635448,1,3.019573286,4.217699432,162,754.5805309,0,3246.316,18361.373,2442.486691,1041.34,8514.233,28839.987,1.437945106,1,3.903395127,7.812093276,827,784.6144764,0,3044.605,15473.262,3483.682579,1416.987,12127.215,34987.185,1.368764491,1,3.019573286,5.797594015,629,971.3496391,0,2830.987,18361.373,3412.397622,1338.934,11298.484,30431.909,1.400166629,1,3.31548739,5.122515302,144,1753.950493,0,5704.745,30219.716,4786.646826,1481.725,16398.769,48382.852,1.315265697,1,2.82612455,5.334653978
s1-load95,shortest_estimate+topology_aware+easy_oracle,4,0.2036297825,0.02317977205,0.09431327827,0.03781828922,0.04238410596,0.005934337045,2000,1600,0,799.6570637,0,2795.452,16284.819,3401.191593,1668.57,11202.311,29686.095,1.356286714,1,2.979872218,6.32565328,1.356286714,2716.145866,354,3428.186833,15098.502,0.8942894016,0.5980977391,0.2620943304,0.9621817108,180.6138067,0,0,180.6137113,9.539393943e-05,0,0,0,0,0.994065663,1.218319944,0.957615894,0.04238410596,755,198972.828,312,88,3908,615,431.7863626,0,2188.056,8449.129,2409.468393,1088.305,9835.938,15963.418,1.488173145,1,3.643187906,10.19621602,495,1472.776077,0,3565.263,56798.24,5117.434259,2480.311,16292.838,78740.972,1.272520628,1,2.717124437,6.32565328,334,493.797009,0,2720.286,12157.602,2827.859692,1647.588,8790.611,20741.428,1.22149617,1,2.473983701,4.200155963,156,768.9123718,0,3155.539,22460.823,3092.617891,1830.415,8563.546,32477.768,1.390736068,1,3.078734,3.895007179,845,843.475071,0,2846.264,17398.313,3566.36433,1741.123,12392.884,30674.825,1.384060819,1,3.071305526,7.285113813,608,655.3567155,0,2380.966,12601.413,3131.975508,1623.96,9536.019,22808.717,1.316007983,1,2.910596969,6.177306559,147,1144.612136,0,2872.528,11372.649,3565.221633,1549.474,11614.336,17045.224,1.36322787,1,3.288937748,6.198293847
s1-load95,shortest_estimate+topology_aware+easy_oracle,5,0.1419147979,0.01741433315,0.0516108799,0.04544510333,0.0225464191,0.004898062447,2000,1600,0,368.8418831,0,1529.75,7923.695,2554.471182,1547.397,7957.238,14860.897,1.192522082,1,2.238697061,3.98098959,1.192522082,2369.883347,334,1633.377665,7923.695,0.8803572574,0.3731605023,0.1938793238,0.9545548967,171.6815778,0,0,171.6814933,8.444444448e-05,0,0,0,0,0.9951019376,1.194241029,0.9774535809,0.0225464191,754,181385.724,275,78,3545,639,446.1013803,0,1973.007,9523.189,2582.016189,1450.868,8320.836,15910.596,1.211972844,1,2.503811439,3.945251439,486,273.2935947,0,1164.636,7935.606,2097.951681,1349.299,6248.221,14115.222,1.156960098,1,2.052919383,3.306996623,322,322.7218602,0,1089.977,5450.941,3084.230646,2260.208,8191.277,12754.754,1.131921356,1,1.631728394,3.135864245,153,446.7392484,0,1759.151,5238.652,2774.632425,1674.43,8924.754,15386.477,1.351786925,1,2.952818162,9.76885,846,405.6504622,0,1709.523,7803.212,2633.402869,1516.044,8097.31,15439.823,1.183469338,1,2.101793711,3.510018743,602,327.3455565,0,1468.935,6652.033,2429.288033,1565.201,7048.466,14700.191,1.202920624,1,2.322445056,3.98098959,152,328.320375,0,1759.151,9523.189,2610.945184,1680.597,8781.494,14738.915,1.201724051,1,2.594057479,4.546168773
s1-load95,shortest_estimate+topology_aware+easy_oracle,6,0.1949824377,0.02191825083,0.06697592551,0.05681782352,0.03836633663,0.01090410123,2000,1600,0,1094.559776,0,1985.171,43432.777,3027.713219,1258.513,9120.008,50625.6,1.411853225,1,2.817697542,9.332761523,1.411853225,2779.194915,388,4391.545095,40777.793,0.9009690998,0.56154286,0.2604977759,0.9431821765,204.8257556,0,0,204.8256378,0.0001177777778,0,0,0,0,0.9890958988,1.306113372,0.9616336634,0.03836633663,808,151981.877,341,99,3917,647,1087.742835,0,1985.171,45986.261,3156.170713,1327.621,9212.971,51504.991,1.452777323,1,2.859029524,11.25519072,472,654.1809746,0,1690.098,13963.302,2453.498909,1243.27,7135.022,25207.19,1.297749392,1,2.581568374,5.186645078,318,851.1227201,0,1700.907,17759.716,2115.970289,1042.139,4520.166,21922.8,1.352812083,1,2.594939237,7.492106194,163,2871.752043,0,13870.951,53133.578,5959.316951,1418.208,27378.452,59714.136,1.695007834,1,5.36599129,12.12167348,792,1018.497391,0,1901.235,45039.765,3036.904351,1306.461,8838.612,53366.613,1.383304977,1,2.810600919,7.77276785,644,937.3025404,0,2431.912,20703.909,2749.985929,1187.531,8918.754,28388.469,1.431145884,1,2.859029524,9.332761523,164,2079.407756,0,1732.769,66422.261,4073.914433,1243.408,11842.864,72748.005,1.473961397,1,3.015182129,11.50030811
s1-load95,shortest_estimate+topology_aware+easy_oracle,7,0.1705150738,0.02130327924,0.08229849485,0.03164092051,0.03101736973,0.004255009456,2000,1600,0,656.1427869,0,2439.333,18789.55,4464.692733,1642.915,18423.62,46953.934,1.337569947,1,2.738639959,6.641517739,1.337569947,2575.796929,369,2686.04452,16094.796,0.8841904618,0.4324242045,0.2026834194,0.9683590795,219.0193333,0,0,219.0192288,0.0001045252526,0,0,0,0,0.9957449905,1.194542695,0.9689826303,0.03101736973,806,339574.561,286,77,3545,632,493.3142215,0,2529.047,14523.497,3823.989604,1529.279,14966.243,34715.266,1.302893636,1,2.743999042,6.373299082,504,952.6688492,0,4423.079,27214.887,6589.907581,2015.211,37693.661,76556.501,1.370467463,1,2.512550161,6.469142814,308,576.7691851,0,1850.016,21099.731,3077.671273,1193.778,10935.032,30739.964,1.427214384,1,3.381938291,6.954549249,156,514.5119359,0,2036.26,10704.031,2932.761346,1516.271,12164.437,15724.66,1.19477888,1,2.337159651,4.241197602,794,680.0122746,0,2379.507,22264.932,4638.985068,1707.785,18608.404,53805.291,1.275142417,1,2.390378083,6.469142814,644,637.8151491,0,2459.485,16094.796,4353.436435,1584.339,18862.181,46353.877,1.421859487,1,3.161222446,7.821114913,162,612.0108457,0,2439.333,21099.731,4052.723241,1507.748,17864.575,34715.266,1.308464979,1,2.629516577,6.683687747
s1-load95,shortest_estimate+topology_aware+easy_oracle,8,0.1341481058,0.0210939785,0.04459918888,0.03915691773,0.0275,0.001798020697,2000,1600,0,242.38363,0,1321.923,4571.27,1770.615522,834.363,6291.622,14369.322,1.255672602,1,2.711733333,4.67513194,1.255672602,2450.024129,390,922.3993538,3832.218,0.8708778466,0.41907216,0.1844453408,0.9608430823,105.0206711,0,0,105.0205728,9.830303033e-05,0,0,0,0,0.9982019793,1.113675755,0.9725,0.0275,800,124122.986,305,80,3524,674,222.6338591,0,1335.768,3832.218,1429.351761,710.845,5270.959,11634.534,1.300207022,1,2.816009605,6.538805483,490,154.4956143,0,1033.41,3492.413,1526.83041,735.402,4782.318,12710.929,1.172187092,1,2.207910776,3.618004359,303,423.7782079,0,2482.159,10174.915,2652.510785,1289.314,8006.925,23706.694,1.269775318,1,2.69384584,5.735399329,133,253.0145789,0,1288.894,2666.049,2389.053226,1234.369,9994.052,15941.74,1.305436345,1,3.027250749,3.858073593,800,197.1085262,0,1257.936,3457.886,1747.492556,815.977,6332.236,15244.483,1.257749364,1,2.69384584,5.768939108,629,285.0646979,0,1312.749,5369.025,1812.022531,865.287,5939.842,14369.322,1.24699619,1,2.740109031,4.109416667,171,297.200538,0,1455.961,6955.262,1726.483146,805.724,6782.995,11634.534,1.277871747,1,2.603998332,5.735399329
s1-load95,shortest_estimate+topology_aware+easy_oracle,9,0.1299903703,0.01789174088,0.05350632088,0.03567067835,0.02267002519,0.0002516050409,2000,1600,0,482.1217525,0,1585.931,12672.209,2906.088746,1332.808,9820.481,27063.128,1.226840832,1,2.300070142,5.397652763,1.226840832,2466.191694,346,2066.6115,11842.604,0.8826929258,0.3264481385,0.1924955104,0.9643293217,161.6749867,0,0,161.6748928,9.389898993e-05,0,0,0,0,0.999748395,1.044428079,0.9773299748,0.02267002519,794,202186.137,263,55,3660,645,509.4915054,0,1527.434,12672.209,2917.738684,1389.225,8988.441,31484.57,1.23690838,1,2.370226469,5.415510811,474,413.3133966,0,1864.51,7886.609,2798.132643,1173.225,10406.415,19042.58,1.205243089,1,2.121995051,4.395678013,330,560.1962424,0,1304.521,13195.056,3317.534558,1527.393,11378.759,35087.659,1.223566525,1,2.141512554,4.269482355,151,410.5792914,0,1815.813,17093.754,2296.021623,951.29,11162.545,24887.451,1.258789724,1,1.920374793,8.538855601,806,524.1777816,0,1653.492,15737.923,3011.526414,1310.775,10979.519,27095.422,1.190726308,1,2.163230691,3.827181277,627,465.806807,0,1502.199,7520.351,2905.668915,1408.871,8855.837,31484.57,1.285513511,1,2.554545851,6.356115941,167,340.3990659,0,1230.103,12672.209,2398.786186,1171.588,8816.26,18986.932,1.180856018,1,1.920374793,5.63400272
s1-load95,shortest_estimate+topology_aware+easy_oracle,10,0.202415844,0.02033531231,0.09519252726,0.04682036513,0.03901170351,0.00105593581,2000,1600,0,933.2215587,0,2821.513,16963.152,3783.541429,1490.861,13094.726,30018.864,1.25796569,1,2.614203111,4.629400826,1.25796569,2597.680629,352,3972.44871,16388.103,0.9050614815,0.5058455281,0.2370764371,0.9531796349,290.8959422,0,0,290.8958568,8.541414141e-05,0,0,0,0,0.9989440642,1.090744199,0.9609882965,0.03901170351,769,278870.156,348,98,3957,626,674.1325783,0,3515.306,13989.546,3437.570938,1676.532,13164.465,25881.362,1.280273741,1,2.903421746,5.228464668,484,1625.88194,0,3652.274,26694.365,5456.39669,1408.46,20530.182,49459.869,1.259925934,1,2.410272135,4.040531588,343,744.2691283,0,1910.826,7133.717,2984.068047,1526.299,7690.05,25185.563,1.250573247,1,2.483210476,5.458847715,147,196.8457823,0,827.409,3105.796,1614.391442,1177.62,4315.339,8666.239,1.173761677,1,2.083930987,3.08975301,831,962.9545319,0,2728.866,20262.235,3728.01643,1489.2,13162.48,30018.864,1.250534702,1,2.614203111,4.414617804,627,1021.573116,0,3105.796,16963.152,3967.097643,1509.707,13245.767,33452.757,1.284915518,1,2.753299349,5.23317041,142,369.105169,0,1476.79,7904.729,3297.988817,1506.389,12553.038,22210.813,1.182455898,1,1.853252914,3.439600961
s1-load95,shortest_estimate+topology_aware+easy_oracle,11,0.1427619332,0.0161828563,0.0633970876,0.03616634401,0.02589395808,0.001121687192,2000,1600,0,612.1978994,0,1879.094,9665.125,3411.961216,1545.724,11379.662,27887.289,1.199195711,1,2.080384734,4.050781075,1.199195711,2407.513565,333,2832.271934,9665.125,0.8723478947,0.546844179,0.2054648798,0.963833656,169.7542156,0,0,169.7541025,0.000113010101,0,0,0,0,0.9988783128,1.085515226,0.9741060419,0.02589395808,811,248164.332,240,72,3768,640,918.2482641,0,2147.524,18583.856,4208.997064,1735.48,14891.475,46008.492,1.20044238,1,2.149051562,3.921899784,470,296.8666319,0,1614.409,6339.62,2442.097602,1474.133,7872.286,14054.698,1.164046282,1,2.006109678,3.854448009,327,521.9024465,0,1459.646,5690.208,3061.43745,1362.042,10987.488,26307.827,1.263589962,1,2.08622235,5.928527097,163,500.9100184,0,2012.883,10047.676,3782.232552,1857.837,12987.225,39529.504,1.166468365,1,1.842314428,4.050781075,789,530.7572218,0,2147.524,8991.271,3421.188364,1601.733,11654.774,30974.656,1.196348049,1,2.186564517,4.023166033,653,707.2354564,0,1506.082,10396.728,3230.188562,1459.267,10716.802,25861.544,1.211840817,1,2.041998364,5.420024876,158,626.104038,0,2386.929,18583.856,4117.134152,1901.144,15331.142,33097.672,1.161154892,1,1.865606605,3.139966534
s1-load95,shortest_estimate+topology_aware+easy_oracle,12,0.1164460779,0.01568082798,0.04892455005,0.03366763507,0.0170109356,0.001162129246,2000,1600,0,245.9454981,0,1450.127,4625.326,2760.389055,1450.296,10136.249,19160.372,1.203207525,1,2.015846556,3.757207103,1.203207525,2410.862948,349,1033.748218,4578.775,0.8765949826,0.4091819469,0.2179245852,0.9663323649,136.7350311,0,0,136.7349382,9.288888891e-05,0,0,0,0,0.9988378708,1.088933022,0.9829890644,0.0170109356,823,200341.006,287,79,3626,597,165.0246734,0,939.396,3762.887,1653.745546,954.059,5195.139,11841.301,1.242713287,1,2.226533674,6.220200095,519,280.8528247,0,1907.039,4789.823,3996.140291,1853.659,16339.932,25827.393,1.206475876,1,1.865384881,3.516525227,324,335.1031975,0,2246.318,5395.994,3127.845602,2068.55,8741.693,14136.157,1.155789693,1,1.954273061,3.467302182,160,254.1063437,0,1063.1,4578.775,2136.985069,1414.106,6194.612,15007.199,1.141221049,1,1.986070802,2.694037246,777,263.3372021,0,1557.008,5395.994,2756.83864,1489.604,11010.101,20139.327,1.21647825,1,2.001780268,5.117510597,660,221.8449303,0,1379.79,4018.621,2718.927308,1454.248,9170.064,18385.728,1.182221194,1,2.00338312,3.453937798,163,260.6266074,0,1590.092,4578.775,2945.19535,1226.036,9134.131,29623.298,1.22492302,1,2.226533674,4.240221329
s1-load95,shortest_estimate+topology_aware+easy_oracle,13,0.1472126741,0.01703678161,0.05724625829,0.04192070924,0.0295202952,0.001488629786,2000,1600,0,498.9233287,0,1696.783,8782.144,2611.255494,1447.657,7950.855,19219.394,1.212603728,1,2.190160977,4.226793552,1.212603728,2407.319729,351,2152.057077,8695.204,0.9066511825,0.4709274422,0.2198861195,0.9580792908,160.8799667,0,0,160.8798879,7.878787883e-05,0,0,0,0,0.9985113702,1.104042937,0.9704797048,0.0295202952,813,173278.652,320,88,3785,628,547.9723742,0,1664.442,11749.144,2679.44996,1589.126,8067.14,19219.394,1.187687387,1,2.046531203,3.514498425,479,290.2183319,0,1435.203,5033.083,2232.594547,1192.394,7358.574,17768.302,1.210398547,1,2.243391769,4.426867692,328,354.4147713,0,1523.493,3288.069,2205.384534,1228.499,6091.18,11887.45,1.213901927,1,2.145996021,3.852538387,165,1205.382115,0,4976.209,38838.35,4257.789697,2037.44,12600.073,53581.955,1.311257872,1,2.838009914,6.477109091,787,458.2030102,0,1450.935,8695.204,2566.532518,1453.9,7715.149,17768.302,1.209475115,1,2.145996021,4.402002194,643,413.8100218,0,1731.737,8536.537,2485.035541,1456.519,8067.14,19219.394,1.205286516,1,2.227663185,3.951254027,170,1009.363018,0,1803.991,41415.18,3295.704971,1297.065,9801.183,55678.488,1.254763641,1,2.190928507,5.748372174
s1-load95,shortest_estimate+topology_aware+easy_oracle,14,0.1641735365,0.02144920533,0.06595706821,0.0442057706,0.03144654088,0.001114951444,2000,1600,0,515.3794413,0,1954.972,11073.187,2505.795438,1166.566,9108.293,23167.464,1.308823888,1,2.757399466,5.210416749,1.308823888,2620.899811,378,2015.914124,8055.864,0.9028365219,0.4788265616,0.2504399081,0.9557942294,169.5152911,0,0,169.5151775,0.0001136565657,0,0,0,0,0.9988850486,1.092849908,0.9685534591,0.03144654088,795,156248.086,351,96,3819,594,315.4718418,0,1794.179,4883.628,1725.235746,727.363,6531.17,13283.947,1.365521581,1,3.01566657,5.853458109,514,673.1717568,0,2778.697,12379.593,3036.602599,1709.241,9575.427,23167.464,1.279501208,1,2.554885964,4.453600334,336,406.1640357,0,1773.336,4811.386,2009.589783,1007.105,6967.783,13413.328,1.280988031,1,2.375435618,4.951211914,156,991.8938013,0,3508.004,31266.058,4797.735673,1678.454,25443.104,41709.409,1.249505144,1,2.862348797,5.24517537,805,518.8030174,0,1939.401,8055.864,2527.810472,1175.773,8372.63,19137.215,1.319654862,1,2.500605084,5.24517537,635,484.9823732,0,1836.496,7622.316,2381.357069,1167.304,8912.315,18247.876,1.289055787,1,2.921771456,4.517725445,160,618.7929375,0,2937.054,13990.588,2888.897075,1110.089,10231.587,27468.966,1.332785204,1,2.961750152,5.765547506
s1-load95,shortest_estimate+topology_aware+easy_oracle,15,0.2436226965,0.02134382684,0.1308281065,0.05736312198,0.03358208955,0.0005055516238,2000,1600,0,955.23219,0,3877.754,17447.583,4055.052723,1734.602,14069.785,39446.136,1.359217071,1,2.74385255,7.203850221,1.359217071,2652.115534,357,4064.173134,17043.747,0.8991921284,0.5477039254,0.2652316268,0.942636878,339.5086133,0,0,339.5085194,9.397979809e-05,0,0,0,0,0.9994944484,1.057190495,0.9664179104,0.03358208955,804,263976.568,330,93,3919,654,729.613763,0,4589.355,16374.663,3320.880934,1585.796,13212.378,27668.083,1.375447394,1,2.822269927,8.255497025,498,1430.113219,0,4669.238,60155.599,5651.166466,2519.567,16514.011,73744.472,1.345849375,1,2.504623683,6.441998796,299,340.3707057,0,1519.483,4521.357,2319.726953,1109.346,7730.824,23798.264,1.374972341,1,3.075890425,8.012079105,149,1592.193819,0,5077.188,67222.795,5425.160846,1923.93,21671.274,76416.526,1.301040258,1,3.252227746,5.862627711,796,1043.263945,0,4785.557,25181.686,4395.655823,1805.477,16195.322,40051.637,1.381858193,1,2.853801856,8.255497025,652,823.3071534,0,2852.917,14252.896,3827.558301,1788.108,12564.006,39446.136,1.326010434,1,2.730974925,7.108498354,152,1060.112763,0,2580.965,21949.514,3247.199401,1278.127,8901.394,40837.055,1.383088077,1,2.554909167,8.012079105
s1-load95,shortest_estimate+topology_aware+easy_oracle,16,0.1801557068,0.02177915886,0.0637786994,0.05639371217,0.03731343284,0.0008907035231,2000,1600,0,812.410875,0,1890.405,18194.462,2471.317396,870.645,8091.667,25908.482,1.297229715,1,2.799816594,5.552717023,1.297229715,2564.456752,364,3434.692195,17169.295,0.8987153153,0.5052935012,0.2153493368,0.9436062878,203.8716889,0,0,203.871576,0.000112929293,0,0,0,0,0.9991092965,1.076091905,0.9626865672,0.03731343284,804,144183.321,325,101,3835,625,852.3307472,0,1649.897,27188.192,2279.073266,689.898,7700.87,35048.416,1.301644143,1,3.007819588,5.561532114,493,1038.057544,0,2189.209,34302.346,3028.492118,990.34,9693.287,46369.896,1.338260522,1,2.907297214,6.220864001,322,452.8092081,0,1237.082,8490.013,1879.306261,803.73,6294.674,12810.796,1.252474117,1,2.433959792,5.163169493,160,684.8984313,0,2026.116,17965.637,2696.898825,1290.951,6743.184,22468.5,1.243630322,1,2.481299581,4.614478057,796,703.5254862,0,1890.405,20037.969,2415.532237,839.362,8461.64,30534.657,1.266514728,1,2.831705407,5.163169493,633,908.2826682,0,2014.381,17965.637,2522.991671,925.142,8600.222,25165.408,1.326454152,1,2.799816594,5.991410384,171,964.375345,0,1845.631,52597.45,2539.710199,851.921,6213.011,59698.56,1.332025393,1,3.007819588,8.406933564
s1-load95,shortest_estimate+topology_aware+easy_oracle,17,0.1666883001,0.0190446518,0.07067004657,0.04622950469,0.02956298201,0.001181115085,2000,1600,0,680.5061313,0,2094.665,10287.12,3478.632443,1685.823,11792.097,25068.829,1.221766814,1,2.448282437,4.24618196,1.221766814,2398.605598,372,2758.480417,9035.268,0.8944947755,0.4445810149,0.2096189517,0.9537704953,257.2382178,0,0,257.2381188,9.898989903e-05,0,0,0,0,0.9988188849,1.10228461,0.970437018,0.02956298201,778,257268.427,320,106,3782,628,683.7405334,0,2370.238,13991.317,3681.810209,1995.034,12639.993,27797.471,1.216177682,1,2.320947776,4.040792,486,923.0774753,0,2891.266,12426.883,4204.085233,2148.613,12545.638,34172.071,1.215501754,1,2.280586804,4.982525466,340,511.23105,0,1464.292,5794.931,2381.362447,991.43,8340.615,24133.067,1.270675616,1,2.763754503,4.408688848,146,253.3325,0,1516.551,3959.443,2745.112623,1832.059,8019.079,14221.04,1.152765452,1,1.987907399,3.133171206,822,679.8040876,0,1677.41,9510.996,3443.365891,1659.475,11106.048,22527.131,1.229346065,1,2.66612163,4.24618196,617,769.7810583,0,2757.011,13899.621,3631.05763,1720.967,12529.952,33715.767,1.213169925,1,2.275425146,4.051397629,161,341.9623416,0,1508.204,3678.781,3074.550242,1579.954,11518.881,26300.076,1.216016106,1,2.029360969,6.181635813
s1-load95,shortest_estimate+topology_aware+easy_oracle,18,0.1661086338,0.02101081886,0.08099367329,0.03147915604,0.0290037831,0.003621202544,2000,1600,0,451.8624706,0,2400.658,8204.995,4432.442364,1742.625,17594.848,38060.982,1.291376924,1,2.701042757,6.508904177,1.291376924,2524.361061,356,1841.445146,8055.496,0.8613724006,0.3971641156,0.2149534417,0.968520844,208.1603644,0,0,208.1602867,7.769696972e-05,0,0,0,0,0.9963787975,1.172483865,0.9709962169,0.0290037831,793,341322.11,271,69,3389,654,641.7385963,0,3109.948,16127.354,7078.000243,3312.098,25771.115,53704.882,1.211892983,1,2.183572704,4.120967589,489,349.3792454,0,2218.295,5106.819,2923.565953,1282.105,11283.095,17890.939,1.420924969,1,3.550590199,10.05318682,318,267.8019277,0,1569.791,5370.17,1680.027082,1057.513,5702.135,10464.267,1.265176803,1,2.806698138,6.508904177,139,340.1111295,0,3179.032,5341.266,3590.095403,1749.312,15128.759,17876.58,1.269543418,1,2.757273208,8.264221716,807,437.7826877,0,2457.437,7536.853,4035.900644,1670.839,16462.998,30665.318,1.349780879,1,2.774529553,7.232441769,633,479.040425,0,2190.333,13378.603,5011.222321,1765.308,21023.821,52943.16,1.217326041,1,2.355797589,4.640195343,160,415.3545937,0,2400.658,8283.754,4142.701463,2017.982,12317.851,46925.048,1.289765783,1,2.393232268,8.264221716
s1-load95,shortest_estimate+topology_aware+easy_oracle,19,0.09855047077,0.01554547439,0.03811462215,0.02659227881,0.01203369434,0.006264401075,2000,1600,0,203.3279487,0,1129.72,4130.499,2790.023716,1197.023,9811.662,27094.338,1.226139349,1,1.998446196,4.272374028,1.226139349,2404.767534,338,789.536926,4121.026,0.8630167849,0.2712943776,0.1497860316,0.9734077212,124.6337689,0,0,124.6337179,5.098989902e-05,0,0,0,0,0.9937355989,1.197718755,0.9879663057,0.01203369434,831,238045.839,243,57,3327,656,252.8679985,0,1561.494,4672.904,3991.326825,1667.777,13852.418,42543.581,1.135295349,1,1.831635555,3.07109159,468,157.7083141,0,799.849,3114.761,1796.978701,693.126,7177.579,15923.809,1.342170026,1,2.136280029,6.533216667,316,193.0744557,0,1141.586,4121.026,2276.171294,1079.602,7817.09,17476.555,1.296318935,1,2.319258832,4.043724322,160,153.901825,0,949.693,3427.402,1784.196175,926.504,7557.278,13815.558,1.120605334,1,1.764029241,3.159621887,769,243.0791248,0,1434.141,4672.904,2762.056265,1290.574,8974.393,28003.71,1.25998399,1,2.117151659,5.271902206,662,162.6318308,0,863.611,3427.402,2815.429408,1080.813,10028.385,28158.885,1.198831508,1,1.796204824,3.926022866,169,181.8615325,0,1319.978,3495.85,2817.76574,1110.064,10955.622,27094.338,1.179105393,1,2.139035081,3.355965678
s1-load95,shortest_estimate+topology_aware+easy_oracle,20,0.16737463,0.02090265586,0.06617899752,0.03996678989,0.03611457036,0.004211616404,2000,1600,0,731.4218925,0,1961.55,14560,3829.349003,1614.162,14088.303,36174.578,1.295897392,1,2.687137878,5.126678062,1.295897392,2524.600942,353,3216.611875,13851.326,0.8694169259,0.4303006075,0.1878114877,0.9600332101,219.1078489,0,0,219.1077474,0.0001015353536,0,0,0,0,0.9957883836,1.195514866,0.9638854296,0.03611457036,803,244080.58,266,73,3607,645,1192.83033,0,3368.432,26867.491,6323.191414,3150.845,20690.092,57899.397,1.294565388,1,2.937654077,5.822618795,467,330.9999336,0,1027.475,6474.007,1645.195216,1042.626,5371.187,15237.6,1.399810656,1,3.351765223,7.965217617,310,557.0149452,0,1350.58,8670.557,2992.998994,1712.528,8397.799,19527.034,1.170885194,1,2.07415706,3.662873054,178,413.7520393,0,1171.947,21256.239,1979.573528,770.574,6673.197,26052.169,1.245815537,1,2.238012288,5.432141211,797,750.4816675,0,1590.371,17212.575,3797.043575,1569.205,13257.913,37081.732,1.270475899,1,2.687137878,5.062455557,621,711.7596892,0,1914.274,13336.007,4021.66571,1705.264,14764.766,36850.758,1.307336796,1,2.715249128,5.265848126,182,715.046,0,2840.103,15407.237,3314.616863,1603.355,10678.67,27147.759,1.368188928,1,2.53138823,5.689910288
s1-load95,shortest_estimate+topology_aware+easy_predicted,1,0.1828590533,0.02076139125,0.07149305412,0.05778327834,0.03078817734,0.002033152246,2000,1600,0,488.92256,0,2119.059,8093.9,3714.250578,1429.389,11268.565,54203.464,1.324796785,1,2.668977628,7.006480932,1.324796785,2557.230354,370,2011.068065,7636.489,0.838710931,0.4095970791,0.192279446,0.9422167217,343.6599467,0,0,343.6598236,0.0001231111112,0,0,0,0,0.9979668478,1.125823619,0.9692118227,0.03078817734,812,288796.147,241,115,3496,647,456.585136,0,2224.905,8381.588,2771.707134,1700.113,9164.141,16862.036,1.332751562,1,2.821586527,6.807392539,468,298.7401389,0,1745.198,6209.137,1898.225573,1052.997,6728.267,10511.597,1.376092221,1,2.501325403,9.9157,333,630.19397,0,1773.422,15579.388,8033.596889,1425.626,48650.222,86400,1.222298234,1,2.128488432,5.237765865,152,902.6351053,0,3470.113,39735.587,3854.928132,2058.415,10836.636,47705.445,1.357553452,1,3.451587787,7.482167184,788,408.4901091,0,2200.906,7307.819,3597.446674,1494.178,10575.752,50496.379,1.300080307,1,2.335311399,6.807392539,648,602.5278025,0,2150.081,9584.055,3790.213954,1379.871,13304.432,57286.623,1.341183451,1,2.832487955,7.006480932,164,426.5114268,0,1636.588,9418.814,3975.331116,1432.702,10750.48,67174.154,1.378809137,1,3.439428833,7.555072909
s1-load95,shortest_estimate+topology_aware+easy_predicted,2,0.1860582196,0.01850286322,0.07316902867,0.06177668984,0.03080872914,0.001800908726,2000,1600,0,539.5278256,0,2168.735,9759.143,3797.682736,1711.667,13763.907,28092.181,1.259545705,1,2.378632886,5.437686378,1.259545705,2489.605793,332,2424.78528,9759.143,0.8588935553,0.4644125131,0.1941076736,0.9382233102,384.8912244,0,0,384.891122,0.0001024646465,0,0,0,0,0.9981990913,1.11591371,0.9691912709,0.03080872914,779,298767.715,258,117,3548,636,613.5607437,0,2492.032,10951.346,5223.348112,2214.296,19552.055,35930.973,1.222727591,1,2.292180027,3.966000992,502,535.8893606,0,1888.468,12670.339,3061.189444,1628.413,9819.155,22791.733,1.27578007,1,2.464071864,5.971656947,311,360.3165016,0,1840.86,7098.446,2130.013232,1228.384,7305.529,12001.972,1.338016023,1,2.729505718,8.445655351,151,608.9072649,0,2307.087,7791.165,3676.104391,1705.867,11879.215,34142.899,1.199031799,1,2.109838077,4.80242403,821,647.5585067,0,2168.735,10481.362,4029.317568,1710.819,13633.339,34142.899,1.276454801,1,2.329500912,5.468973937,635,393.9516205,0,1973.41,7589.089,3545.441239,1723.127,13588.454,24380.604,1.234921376,1,2.464071864,4.495491072,144,565.5535278,0,2745.656,13123.26,3589.357417,1594.564,14988.267,27939.411,1.27172682,1,2.869678878,5.971656947
s1-load95,shortest_estimate+topology_aware+easy_predicted,3,0.1804313262,0.02248415547,0.08159711319,0.04331846644,0.03234152652,0.0006900645729,2000,1600,0,975.0650606,0,2418.544,19144.153,3599.495016,1394.358,12063.366,37108.394,1.351474716,1,2.890447331,7.053474709,1.351474716,2668.875429,377,4048.703443,14081.129,0.8953511346,0.556595689,0.2553206424,0.9566815336,203.5926222,0,0,203.5925246,9.761616164e-05,0,0,0,0,0.9993099354,1.062454079,0.9676584735,0.03234152652,773,219497.484,299,140,3934,639,1581.130235,0,3986.481,43905.576,5382.79854,2049.08,18824.381,53185.523,1.386606982,1,2.793780538,7.943341152,481,289.8698399,0,1435.179,5903.047,1930.42722,1027.566,6075.643,12519.416,1.325030372,1,2.959679335,7.573763506,318,799.1025346,0,3073.057,24368.131,3024.397481,1372.23,10759.461,31360.994,1.305098271,1,2.994056699,5.551178352,162,964.3202346,0,2000.518,7116.215,2649.937451,1041.34,7912.479,15663.459,1.382449542,1,3.545148556,6.176802375,827,998.9025248,0,2364.266,24368.131,3693.903088,1423.415,12475.269,41855.89,1.356318934,1,3.1646325,7.032030302,629,912.9109141,0,2418.544,13372.645,3350.794507,1359.113,11282.434,30431.909,1.378534321,1,2.994056699,7.943341152,144,1109.657944,0,2780.973,30654.728,4143.641854,1402.609,13611.836,48817.864,1.205456251,1,2.12769444,4.25155855
s1-load95,shortest_estimate+topology_aware+easy_predicted,4,0.2056871994,0.02466149889,0.0958439765,0.03918392853,0.03443708609,0.01156070936,2000,1600,0,802.5481656,0,2840.822,18431.286,3405.434381,1635.838,10994.371,30444.096,1.401852823,1,3.170355397,7.6792111,1.401852823,2824.741273,354,3519.750119,15129.568,0.8861450581,0.6309135916,0.2638670506,0.9608160715,187.4018533,0,0,187.4017584,9.490909094e-05,0,0,0,0,0.9884392906,1.297683025,0.9655629139,0.03443708609,755,199101.55,286,154,3914,615,446.5349415,0,2612.825,8290.326,2425.31845,1088.305,9561.798,14759.055,1.610235399,1,3.847990288,11.10777055,495,1355.148103,0,3423.675,45712.11,4996.789687,2499.596,15645.978,74540.713,1.253706697,1,2.524001996,6.333702121,334,683.4728683,0,1763.449,12821.754,3025.542689,1647.588,8958.457,20622.8,1.240854175,1,2.528906695,4.65150416,156,707.5629936,0,3061.533,22556.825,3033.218013,1740.546,8563.546,32573.77,1.395125879,1,3.333592005,5.246242904,845,863.8190284,0,3071.955,19423.149,3583.202034,1686.785,11970.041,32573.77,1.393694435,1,3.170355397,9.106988259,608,658.2234013,0,2679.912,11791.372,3145.14428,1605.244,9536.019,21983.224,1.410972414,1,3.127066033,6.765894087,147,1047.279986,0,2612.825,9018.711,3460.146728,1494.475,10718.93,17045.224,1.411030549,1,4.069068284,7.9264732
s1-load95,shortest_estimate+topology_aware+easy_predicted,5,0.1168963619,0.01603905771,0.03665845141,0.04047820758,0.01856763926,0.005153005973,2000,1600,0,330.0649431,0,1086.559,8497.234,2512.146231,1522.96,7895.884,15700.762,1.170672283,1,2.061898727,3.799075836,1.170672283,2342.403086,334,1477.878377,8497.234,0.8705469727,0.3404185879,0.1801139682,0.9595217924,152.1261733,0,0,152.1260935,7.979797983e-05,0,0,0,0,0.994846994,1.205876944,0.9814323607,0.01856763926,754,181119.95,245,114,3555,639,398.8333615,0,1508.855,9995.471,2529.60693,1442.853,8781.494,16699.944,1.176213771,1,2.31203377,3.529463508,486,294.1871276,0,913.427,8029.98,2119.688233,1386.39,5983.934,15790.572,1.153252584,1,1.99794412,4.06494764,322,262.8322516,0,772.439,4468.024,3018.329888,2257.736,8252.079,13671.305,1.107591736,1,1.46455713,3.22816357,153,298.3167451,0,1473.84,8376.249,2620.551869,1603.45,8059.987,15386.477,1.335619338,1,2.215880868,12.41528333,846,350.24424,0,1105.367,8497.234,2573.180147,1515.215,8252.079,16358.2,1.178455122,1,1.99794412,3.988993368,602,319.1911894,0,1062.768,9436.295,2418.333048,1548.928,6699.557,14616.655,1.166392871,1,2.279934368,3.585002111,152,260.8170132,0,667.284,8410.05,2543.993882,1532.036,8803.236,14738.915,1.144303367,1,2.030635641,4.199413716
s1-load95,shortest_estimate+topology_aware+easy_predicted,6,0.2561112794,0.02798435055,0.1163743274,0.05281917111,0.04702970297,0.01190372741,2000,1600,0,1135.700727,0,3449.343,42205.291,3067.338033,1237.598,9373.71,46212.832,1.460253657,1,3.597524108,10.10998316,1.460253657,2879.852447,388,4570.607649,26200.019,0.896844761,0.5643845103,0.2490387762,0.9471808289,189.6069444,0,0,189.606826,0.0001184242424,0,0,0,0,0.9880962726,1.301215467,0.952970297,0.04702970297,808,151981.877,323,154,3919,647,1298.630836,0,3449.343,48534.977,3371.58226,1327.621,9388.472,53267.7,1.490180193,1,3.633859842,11.17718542,472,718.5852076,0,2044.222,15185.03,2513.149727,1220.771,7972.184,23422.292,1.377214323,1,3.366057585,6.014504379,318,612.3922044,0,1844.081,10038.049,1877.096862,1047.052,5504.896,14533.834,1.362415893,1,3.092897004,7.191560868,163,2717.755049,0,12172.592,53557.2,5786.525509,1435.529,27090.55,59894.3,1.772796633,1,6.191482034,12.13701586,792,1045.586824,0,2445.662,42205.291,3065.611852,1290.614,9120.637,46212.832,1.441315857,1,3.566108725,11.17718542,644,1040.744191,0,4443.055,20942.902,2848.540884,1187.531,9447.963,27390.397,1.480413711,1,3.634745636,9.72899083,164,1943.763043,0,2798.927,68731.712,3934.853274,1221.974,11558.812,75057.456,1.47254428,1,3.51935579,11.25519072
s1-load95,shortest_estimate+topology_aware+easy_predicted,7,0.165307282,0.02085091583,0.07719169148,0.04013521542,0.02605459057,0.001074868713,2000,1600,0,583.0897862,0,2287.967,14380.014,4400.423328,1631.347,17835.753,42329.968,1.318383532,1,2.680486447,6.822098563,1.318383532,2521.38238,369,2372.197802,13529.353,0.8810275086,0.4278611188,0.2103945183,0.9598647846,280.2756133,0,0,280.2755075,0.000105858586,0,0,0,0,0.9989251313,1.084626129,0.9739454094,0.02605459057,806,339574.561,287,146,3472,632,403.651182,0,1785.713,9005.448,3738.263714,1551.904,14146.793,35399.498,1.289640641,1,2.650371992,6.997656764,504,898.5378829,0,3839.527,16743.154,6558.531288,2007.637,33180.079,84232.745,1.347592649,1,2.6501081,6.479102212,308,461.4766721,0,1752.83,9397.909,2960.794305,1226.691,11802.116,26312.353,1.361521591,1,3.402007511,6.59633591,156,531.0141218,0,2594.645,12294.661,2953.014372,1526.697,12164.437,23312.098,1.255291159,1,2.56121413,6.822098563,794,693.6755264,0,2530.357,19064.395,4673.367319,1745.084,19457.213,53805.291,1.295031421,1,2.743161027,6.343705391,644,461.7123913,0,1993.797,12294.661,4173.075717,1536.316,17122.406,41541.625,1.359476131,1,2.71096146,7.654769668,162,523.5957407,0,1655.395,14380.014,3966.437722,1505.885,17721.092,29288.955,1.269481943,1,2.12436446,6.630006338
s1-load95,shortest_estimate+topology_aware+easy_predicted,8,0.1213337523,0.01830394849,0.03462313221,0.04221327504,0.025,0.001193396516,2000,1600,0,275.7915925,0,1026.232,5713.125,1804.690771,809.656,6425.785,15941.74,1.226721515,1,2.353061432,4.80404025,1.226721515,2412.916678,390,1059.302726,5307.324,0.8597898095,0.3906403056,0.1730691499,0.957786725,113.5792489,0,0,113.5791579,9.094949498e-05,0,0,0,0,0.9988066035,1.085997536,0.975,0.025,800,124122.986,291,128,3622,674,253.9216899,0,1209.818,5713.125,1462.927224,688.641,5469.845,12316.164,1.246532906,1,2.557475501,4.806087646,490,170.7556939,0,663.301,4223.055,1544.270798,727.993,4782.318,15996.623,1.178055268,1,2.107506127,3.94623493,303,492.3611881,0,1689.969,13928.046,2716.096911,1270.57,8730.76,28696.396,1.279365118,1,2.707516097,6.026065154,133,280.2075113,0,1212.814,4788.622,2419.716008,1221.132,9994.052,15941.74,1.185688225,1,2.353061432,3.457430944,800,209.6443038,0,851.968,4223.055,1760.309109,782.55,6415.669,13812.127,1.247869029,1,2.46019816,5.39821446,629,338.3880143,0,1157.552,7660.694,1866.230463,857.505,6399.338,16024.832,1.206702325,1,2.353061432,3.990167697,171,355.0002573,0,1086.215,11956.818,1785.958977,843.889,6878.918,16636.09,1.201423618,1,2.246926701,3.644683401
s1-load95,shortest_estimate+topology_aware+easy_predicted,9,0.1277067948,0.01817037363,0.0549564525,0.031361305,0.02267002519,0.0005486384772,2000,1600,0,630.46343,0,1628.913,17611.588,3050.933257,1316.88,9898.803,31380.416,1.267693248,1,2.335889734,7.024165456,1.267693248,2522.86178,346,2765.712436,16689.294,0.8816599393,0.350063296,0.2049851447,0.968638695,141.5106578,0,0,141.5105761,8.165656568e-05,0,0,0,0,0.9994513615,1.067887911,0.9773299748,0.02267002519,794,200452.055,272,128,3659,645,533.5583147,0,1684.067,17611.588,2945.180352,1420.497,8771.385,31380.416,1.277839542,1,2.370986722,6.92450549,474,596.9954451,0,1883.282,16689.294,2979.612595,1184.94,10457.609,23274.778,1.224938112,1,2.13397576,4.704490049,330,880.5094121,0,1628.913,34602.664,3623.503815,1540.738,11383.364,46699.702,1.308096601,1,2.699928727,9.068092237,151,602.9962119,0,1464.952,4584.224,2475.226854,1011.691,9239.063,27342.86,1.270265878,1,2.086908161,8.48574239,806,585.5834144,0,1548.44,16689.294,3075.740866,1291.774,10508.7,27901.525,1.223395212,1,2.017800728,5.71086475,627,689.0281818,0,1896.044,23387.778,3115.628679,1425.561,9489.766,42731.072,1.319347562,1,2.571178164,7.314554497,167,627.1891377,0,1464.952,40179.439,2688.304737,1115.233,8409.476,45589.907,1.287555295,1,2.588477844,9.55028178
s1-load95,shortest_estimate+topology_aware+easy_predicted,10,0.2231143912,0.02150167328,0.1093120967,0.05394746598,0.03771131339,0.0006418418712,2000,1600,0,1028.217238,0,3240.018,14939.66,3885.242479,1545.433,12880.852,32751.142,1.315216945,1,2.764144476,4.609038239,1.315216945,2699.378757,352,4277.713642,14352.905,0.9047703325,0.4990648559,0.224501685,0.946052534,337.7018333,0,0,337.7017324,0.0001009292929,0,0,0,0,0.9993581581,1.067373439,0.9622886866,0.03771131339,769,284809.047,344,162,3958,626,696.7606022,0,3240.018,12060.425,3477.719027,1735.2,12386.158,25692.523,1.315804186,1,2.792355178,4.713321744,484,1799.390231,0,3862.664,47805.796,5625.092252,1472.735,19944.689,71628.221,1.322390755,1,2.5822815,5.261131725,343,857.841207,0,3027.595,8433.409,3102.901257,1562.377,8352.604,20549.455,1.332615464,1,2.899973168,4.400906364,147,298.1703265,0,1729.203,4341.974,1717.660374,1177.62,4740.427,9631.969,1.248499742,1,2.250660142,3.631684331,831,984.4683153,0,2722.078,15863.563,3755.637203,1551.721,12880.852,33599.913,1.290404943,1,2.658887286,4.352803877,627,1194.286864,0,3469.675,14939.66,4150.213317,1538.042,12749.779,33452.757,1.370569804,1,2.823324749,5.843716989,142,550.9615986,0,2793.238,13675.966,3473.730289,1565.089,13025.342,27997.794,1.216009415,1,2.399545963,3.646769342
s1-load95,shortest_estimate+topology_aware+easy_predicted,11,0.167184508,0.01896990979,0.07485455111,0.04168743982,0.03082614057,0.0008464667282,2000,1600,0,677.7734569,0,2218.694,9776.476,3481.592447,1564.271,11434.214,30974.656,1.2286186,1,2.438673989,4.937133944,1.2286186,2398.905254,333,3154.901414,9776.476,0.8767838509,0.4995015283,0.2025489843,0.9583125602,196.79592,0,0,196.7957996,0.0001204040404,0,0,0,0,0.9991535333,1.074466279,0.9691738594,0.03082614057,811,246030.791,238,119,3786,640,1132.134631,0,2322.421,39994.307,4431.272092,1772.743,14633.466,49972.778,1.245608728,1,2.390043329,6.617417061,470,300.6731404,0,1692.239,6361.06,2444.488913,1457.865,8128.074,13118.289,1.185058676,1,2.103245361,4.057962518,327,362.6185963,0,2429.162,6253.92,2907.613774,1359.327,11434.214,25036.184,1.273305585,1,3.103777695,4.937133944,163,613.366319,0,2052.901,19916.147,3894.688853,1857.837,14119.809,39517.46,1.197863004,1,2.523487017,4.718068239,789,643.6511698,0,2345.094,9535.443,3538.740356,1628.287,11678.289,31875.729,1.236645492,1,2.620757503,4.620755517,653,710.2558361,0,2056.902,9776.476,3233.279493,1448.231,10013.941,30180.864,1.230975031,1,2.306898679,6.742414906,158,713.9221329,0,2993.677,17983.11,4222.470032,1977.057,20828.52,33097.672,1.178796018,1,2.167871621,4.224203401
s1-load95,shortest_estimate+topology_aware+easy_predicted,12,0.1476791655,0.01833489488,0.06699829388,0.03583650848,0.0255164034,0.0009930648285,2000,1600,0,335.5335962,0,1985.834,6473.737,2852.66607,1480.967,10686.57,20139.327,1.243015806,1,2.35703974,4.77171975,1.243015806,2477.955181,349,1440.905229,6405.694,0.8745297479,0.5142954376,0.2410219717,0.9641634915,145.8709178,0,0,145.8708137,0.0001040404041,0,0,0,0,0.9990069352,1.091741444,0.9744835966,0.0255164034,823,200341.006,297,138,3751,597,293.4151273,0,1444.922,7089.215,1779.503203,968.634,5682.023,16639.112,1.292430541,1,2.63214588,5.297250203,519,368.6492274,0,2081.013,5533.307,4092.437013,1878.96,16736.92,25827.393,1.223985715,1,2.299265662,5.11621295,324,383.8135123,0,2394.519,7656.753,3177.503022,2110.364,9883.917,14575.841,1.18382475,1,2.211183739,3.385050328,160,287.502475,0,1334.509,2980.73,2177.603194,1420.965,5588.553,15444.069,1.240227818,1,2.203786224,3.671668374,777,351.3403359,0,1969.276,8291.957,2851.193095,1515.134,11017.048,20534.186,1.244800347,1,2.384396787,5.077960291,660,296.4783515,0,2051.274,5094.006,2792.602077,1505.71,9225.9,19088.762,1.21384189,1,2.260294914,4.750694718,163,418.3227055,0,1865.262,10258.272,3102.891448,1299.458,10895.358,29007.935,1.352636636,1,3.020238249,5.297250203
s1-load95,shortest_estimate+topology_aware+easy_predicted,13,0.1509509769,0.01819024165,0.05973721073,0.04116424095,0.0307503075,0.001108976125,2000,1600,0,639.2985987,0,1770.615,14202.642,2751.341899,1426.536,8247.645,25321.944,1.23437622,1,2.338443865,4.769206496,1.23437622,2435.921969,351,2826.102544,13358.036,0.8894624116,0.5506029355,0.2231006535,0.9588357591,157.8522178,0,0,157.8521485,6.925252529e-05,0,0,0,0,0.9988910239,1.088283862,0.9692496925,0.0307503075,813,175093.258,306,143,3840,628,754.6994857,0,1635.807,18310.876,2879.807303,1596.447,8076.209,25321.944,1.198678209,1,2.147744779,4.515228562,479,438.3914384,0,1725.442,7803.818,2384.723067,1138.986,8117.921,19151.294,1.220444155,1,2.608465175,4.073222116,328,521.9258476,0,1765.822,13358.036,2370.614905,1228.499,6836.941,24536.127,1.304502152,1,2.280597293,6.124865395,165,1016.638206,0,2788.987,31644.505,4083.539485,2037.44,11753.479,48836.462,1.271288367,1,2.840657524,7.080128259,787,616.5550229,0,1771.079,14202.642,2726.625067,1421.03,8503.034,20381.688,1.245855681,1,2.468684516,4.922477757,643,484.6713328,0,1725.442,10934.978,2557.343774,1451.229,8076.209,22338.038,1.195143726,1,2.161922949,3.953186098,170,1329.442871,0,1786.187,43144.348,3599.535671,1311.087,9335.853,51375.255,1.32962421,1,3.01331917,6.241748935
s1-load95,shortest_estimate+topology_aware+easy_predicted,14,0.1363898336,0.0184681292,0.04665691019,0.04518659439,0.0251572327,0.0009209670928,2000,1600,0,446.3108694,0,1382.914,8639.497,2437.226579,1108.253,8679.201,20059.022,1.231109739,1,2.374167659,5.552761442,1.231109739,2422.262508,378,1799.932556,7800.489,0.8860007571,0.5395826192,0.2435368442,0.9548134056,173.45444,0,0,173.4543556,8.43636364e-05,0,0,0,0,0.9990790329,1.078052499,0.9748427673,0.0251572327,795,172887.248,304,145,3835,594,275.2701515,0,1222.723,5978.732,1684.676258,723.016,6164.521,14323.807,1.283214188,1,2.584365098,6.478859741,514,590.1801498,0,1784.897,10909.917,2948.916027,1559.464,8917.085,21782.473,1.198580516,1,2.298537661,4.151192698,336,444.2730923,0,1122.571,3476.982,2057.867241,965.377,5904.399,10854.29,1.20770229,1,1.887593706,6.477159504,156,627.9395192,0,4756.276,17092.173,4433.837173,1588.05,18517.874,33025.582,1.190307697,1,2.322947583,4.558344569,805,408.6094236,0,1464.583,8717.137,2410.656032,1117.943,7951.164,18366.773,1.229122299,1,2.371016234,5.464209594,635,458.1369591,0,1351.937,7800.489,2365.075683,1152.608,8741.854,18190.113,1.237871296,1,2.265782762,6.19515471,160,589.061475,0,2417.598,20834.753,2857.258513,1017.823,10231.587,34266.138,1.214274121,1,2.55119915,5.911142903
s1-load95,shortest_estimate+topology_aware+easy_predicted,15,0.2459420852,0.02632906624,0.1162913316,0.05412569935,0.04850746269,0.0006885253482,2000,1600,0,1112.117929,0,3446.883,33630.711,4212.949866,1811.532,15985.168,45732.709,1.383554793,1,3.384729274,7.027311238,1.383554793,2676.551187,357,4661.476157,31624.26,0.8975093063,0.5234250018,0.2536806458,0.9458743006,319.2512,0,0,319.2511048,9.515151527e-05,0,0,0,0,0.9993114747,1.075572327,0.9514925373,0.04850746269,804,266437.752,318,169,3919,654,946.655107,0,4076.202,33630.711,3532.44006,1637.74,14007.646,40482.139,1.333499442,1,3.172123894,5.946780346,498,1552.281211,0,8293.929,39242.135,5776.658952,2606.149,21201.79,67201.086,1.434275098,1,3.498736436,7.550514957,299,335.1077926,0,1491.103,3531.939,2322.996977,1139.654,7387.462,23798.264,1.400618066,1,2.895790391,8.762856437,149,1926.462913,0,4825.877,74311.307,5766.119013,2079.069,22765.562,83505.038,1.399498216,1,3.150358309,6.661044005,796,1226.253472,0,4962.759,33630.711,4576.699926,1835.154,17555.112,45886.132,1.414318238,1,3.728783727,6.661044005,652,1021.162058,0,2875.095,34087.281,4029.92804,1828.519,14424.404,51564.258,1.351387478,1,2.767891115,8.144778821,152,904.5609276,0,2201.488,33917.167,3093.115546,1392.683,8806.484,45732.709,1.360432342,1,3.150358309,7.279807078
s1-load95,shortest_estimate+topology_aware+easy_predicted,16,0.1831021407,0.02157571168,0.06954953633,0.0556360376,0.03482587065,0.001514984453,2000,1600,0,883.7769675,0,2061.453,27430.111,2542.496737,878.435,8133.672,32143.881,1.319427645,1,2.773662471,6.376190491,1.319427645,2599.921328,364,3749.462618,20256.143,0.8988704799,0.524545637,0.2323208899,0.9443639624,200.9712111,0,0,200.9711052,0.000105939394,0,0,0,0,0.9984850155,1.094529808,0.9651741294,0.03482587065,804,145080.817,336,172,3872,625,863.0216032,0,1522.556,17071.1,2290.722818,730.915,7483.703,27444.452,1.343955295,1,3.120560652,6.376190491,493,1186.713773,0,2407.443,52760.679,3173.844895,996.043,10305.898,58723.814,1.352754776,1,3.088147726,7.132889943,322,515.3822422,0,1668.962,6965.116,1945.772447,806.305,6294.674,12462.363,1.262286824,1,2.066600458,7.028721037,160,772.8229625,0,1975.626,27430.111,2781.554737,1311.709,7765.518,32143.881,1.235923193,1,2.396153984,4.760879023,796,701.4626595,0,1723.138,22076.872,2412.239966,835.957,8595.055,30474.222,1.301320209,1,2.891355758,6.220864001,633,1083.584728,0,2352.864,33146.903,2698.648318,948.368,8133.672,38645.068,1.338368957,1,2.680834874,6.376190491,171,992.8054854,0,1750.752,52760.679,2570.803404,823.422,6900.806,59861.789,1.333601147,1,2.351218086,9.984588898
s1-load95,shortest_estimate+topology_aware+easy_predicted,17,0.1662717124,0.0173436984,0.06716910996,0.05099354133,0.02956298201,0.001202380751,2000,1600,0,700.6869444,0,1990.897,11952.118,3502.679572,1689.319,11602.581,25418.916,1.223552515,1,2.229616621,4.097403948,1.223552515,2410.658664,372,2891.001228,10832.932,0.8931492777,0.544439242,0.2295605565,0.9490064587,285.1715133,0,0,285.1714104,0.0001029090909,0,0,0,0,0.9987976192,1.101013183,0.970437018,0.02956298201,778,254535.09,340,173,3841,628,576.7273885,0,1853.306,12500.497,3578.566417,1995.034,12439.026,23429.67,1.201097996,1,2.050704997,3.926560137,486,1145.871233,0,2826.809,17359.042,4432.779383,2136.898,13222.75,33715.767,1.272271184,1,2.301237044,6.285469907,340,478.9437294,0,1424.629,4095.331,2349.534926,927.199,7133.871,25068.829,1.224591165,1,2.615979489,4.153187043,146,268.3563288,0,1775.778,5720.442,2765.581856,1849.788,9843.071,12715.08,1.155545822,1,2.104767581,3.614344707,822,684.6460839,0,1833.948,10832.932,3452.325691,1658.787,10657.541,22324.029,1.242471873,1,2.253010598,4.097403948,617,855.1647682,0,2410.842,17359.042,3720.835162,1727.262,12612.664,33715.767,1.205557615,1,2.269181782,3.614344707,161,190.5799255,0,1239.734,3163.322,2923.72859,1609.678,10828.98,21302.621,1.195919846,1,1.76611368,4.158407248
s1-load95,shortest_estimate+topology_aware+easy_predicted,18,0.1736187132,0.02004010249,0.08139654011,0.03669740606,0.0315258512,0.003958813369,2000,1600,0,464.368415,0,2412.599,10063.299,4450.862086,1714.687,17776.411,38060.982,1.287551024,1,2.576252455,6.491720516,1.287551024,2511.89094,356,1918.093556,9512.193,0.8646027046,0.4528438175,0.2347841113,0.9633025939,243.9813156,0,0,243.9812173,9.826262629e-05,0,0,0,0,0.9960411866,1.185567905,0.9684741488,0.0315258512,793,341322.11,272,130,3474,654,697.7441131,0,3679.341,14643.702,7146.735047,3212.153,25980.821,52110.989,1.243445613,1,2.384566024,4.059961708,489,335.8090204,0,1939.028,6021.362,2911.130395,1246.302,11361.835,17890.939,1.398438396,1,2.85512411,9.471065585,318,249.6370503,0,1398.043,4879.895,1666.49833,1059.782,5637.354,10283.334,1.254950233,1,2.861892649,4.775817297,139,309.8533885,0,2604.409,5416.894,3553.420036,1568.615,15016.448,19215.808,1.179551495,1,2.353987457,4.189929679,807,436.7022144,0,2441.899,9512.193,4043.813128,1601.924,16631.465,27937.843,1.315771529,1,2.729499729,6.224303463,633,500.4518499,0,2106.502,12817.512,5036.492269,1784.293,21023.821,50642.606,1.248373549,1,2.23574048,6.491720516,160,461.154725,0,2700.431,9472.978,4187.015863,2002.779,13512.805,46925.048,1.300209737,1,2.738236157,8.367077211
s1-load95,shortest_estimate+topology_aware+easy_predicted,19,0.1149330191,0.01776282409,0.05070551761,0.02321170563,0.01805054152,0.005202430215,2000,1600,0,267.1124581,0,1502.915,5782.641,2851.676546,1195.424,9811.662,28512.794,1.239185205,1,2.283497263,5.1129047,1.239185205,2440.66683,338,1092.110414,5782.641,0.8534162795,0.3030219592,0.1504316264,0.9767882944,108.4130511,0,0,108.4130008,5.034343436e-05,0,0,0,0,0.9947975698,1.196857773,0.9819494585,0.01805054152,831,240187.344,219,105,3374,656,348.6802241,0,2263.144,7558.191,4085.000581,1729.898,13852.418,42543.581,1.174626476,1,2.159890651,4.718887602,468,176.9170855,0,1021.096,2982.361,1815.05291,693.616,7042.073,16062.37,1.296415826,1,2.363039057,6.163458182,316,273.6772089,0,1737.853,5782.253,2353.031225,1124.595,8458.02,17476.555,1.346322262,1,3.360364371,7.085880968,160,183.5407,0,873.625,4024.998,1811.99665,919.733,7854.09,13815.558,1.124880744,1,1.77555662,3.229432805,769,284.6652939,0,1763.773,6075.856,2802.463277,1272.489,8643.29,29715.524,1.257798025,1,2.384183333,5.728869073,662,253.6643127,0,1173.301,5705.699,2902.960532,1088.296,10422.386,28613.334,1.222307893,1,2.059316948,4.717718642,169,239.9203964,0,1329.361,5891.969,2874.723917,1183.149,10955.622,27094.338,1.220602498,1,2.178671443,5.52939429
s1-load95,shortest_estimate+topology_aware+easy_predicted,20,0.1780114556,0.02200721469,0.07848669525,0.04035274249,0.03486924035,0.002295562864,2000,1600,0,750.5577075,0,2326.351,14832.966,3850.671566,1620.182,14230.447,38480.281,1.321858597,1,2.829134279,6.21037392,1.321858597,2610.089438,353,3288.475538,14830.841,0.8685237286,0.4463606143,0.2011639446,0.9596472575,221.3127089,0,0,221.3125998,0.0001091313132,0,0,0,0,0.9977044371,1.102184637,0.9651307597,0.03486924035,803,243992.617,257,117,3580,645,1295.958816,0,3188.728,45050.724,6435.831056,3171.984,20766.676,66932.767,1.358415353,1,2.855934028,5.925539629,467,331.6658822,0,1108.879,6671.157,1643.355233,947.052,5371.381,10299.219,1.361552018,1,3.632074008,8.169713094,310,437.9131677,0,1889.797,7459.401,2870.0644,1781.462,8552.81,14911.245,1.235689973,1,2.271015883,5.895538011,178,417.7407135,0,966.144,21975.588,1982.003466,778.502,6673.197,26771.518,1.235321172,1,2.248130256,6.21037392,797,795.4376662,0,2285.856,17316.314,3846.016769,1571.472,13420.769,41833.528,1.298048848,1,2.803862364,6.044340507,621,797.4243881,0,2326.351,14830.841,4107.723232,1705.082,15260.822,41257.37,1.320084067,1,2.929878039,6.21037392,182,394.1097088,0,2344.626,8867.707,2993.972604,1622.883,10658.848,26632.233,1.43217922,1,2.65388561,7.909223525
s1-load95,shortest_estimate+topology_aware+none,1,0.4205386924,0.02762326397,0.2292673537,0.05644208569,0.104679803,0.002526186039,2000,1600,0,1533.743341,35.275,6795.5,18973.757,4757.079584,1753.893,17370.366,58638.759,1.637510331,1.025626701,3.551104675,7.440526373,1.637510331,3103.974926,370,1934.223743,7592.654,0.8295693411,0.6092842538,0.2094243678,0.9435579143,335.2061978,0,0,335.2060846,0.0001132121213,0,0,0,0,0.997473814,1.153047418,0.895320197,0.104679803,812,292316.043,0,0,3547,647,1391.316029,91.774,6541.063,13508.572,3704.158046,1950.032,12069.113,22478.374,1.652794271,1.055226058,3.522705303,7.623080497,468,931.6147692,0,5295.005,11514.686,2531.231318,1182.948,9713.086,20173.381,1.646604428,1,3.577520756,11.04390856,333,2484.211679,0,14108.765,41562.814,9891.403345,1669.416,58638.759,88481.478,1.534731911,1.002483092,3.202537618,5.799562441,152,1911.642592,318.587,7941.12,25153.885,4843.970447,2522.677,17370.366,37318.423,1.769618666,1.156403697,3.90528818,8.170829186,788,1509.740495,41.817,6515.521,17103.183,4697.430816,1868.539,16515.462,59696.139,1.625900107,1.025626701,3.506817837,7.252884686,648,1616.303758,20.793,8298.198,24088.024,4801.171154,1608.35,19187.945,57188.523,1.63429983,1.026394262,3.577520756,7.623080497,164,1322.859762,46.865,6984.575,14416.89,4869.469171,1816.911,15524.184,70731.114,1.705981437,1.021723589,3.620037388,7.47517657
s1-load95,shortest_estimate+topology_aware+none,2,0.3228160494,0.02226700189,0.1794504305,0.05410007034,0.06675224647,0.0002463001383,2000,1600,0,1121.375473,0,5318.923,12395.184,4370.652252,2021.424,15515.287,36290.474,1.4097827,1,2.862531184,5.434374952,1.4097827,2766.486916,332,1919.852636,6883.609,0.8534464141,0.5198509983,0.203437792,0.9458999297,334.3276,0,0,334.3275131,8.694949499e-05,0,0,0,0,0.9997536999,1.043997882,0.9332477535,0.06675224647,779,300905.833,0,0,3583,636,1528.592074,23.425,6885.683,18921.82,6130.202035,2643.416,22826.329,43689.064,1.379380884,1.01348787,2.682484649,4.470905746,502,982.2716753,0,4511.045,9378.747,3500.084217,2011.983,10911.106,23740.544,1.440070721,1,2.862531184,6.199947629,311,581.6483987,0,3894.678,6310.777,2349.932331,1377.638,7982.012,13667.955,1.416366426,1,3.019483517,6.386411869,151,980.2858609,0,5382.042,7935.725,4015.654815,2072.453,13379.265,29872.116,1.423580242,1,2.961024501,4.455000059,821,1162.779611,0,4832.185,14255.442,4533.515654,2034.687,15867.722,35879.48,1.369557956,1,2.84458689,4.90286306,635,1007.553428,0,5578.103,9081.85,4152.002721,2097.852,13943.95,32348.217,1.453639561,1,2.904350316,8.291333003,144,1387.237979,0,7128.13,20057.608,4406.288354,1794.983,16750.049,38868.596,1.445723029,1,3.384669856,5.677291251
s1-load95,shortest_estimate+topology_aware+none,3,0.3454019561,0.02498492646,0.207712545,0.03688563922,0.07503234153,0.0007865038606,2000,1600,0,2189.452707,177.415,6156.614,40309.281,4804.941421,1649.549,14554.304,62691.292,1.558120569,1.144026361,3.211933581,5.566882707,1.558120569,3091.835016,377,3226.594607,8636.342,0.8715450853,0.7354898442,0.2509684674,0.9631143608,172.2010556,0,0,172.2009606,9.498989901e-05,0,0,0,0,0.9992134961,1.06954298,0.9249676585,0.07503234153,773,227160.84,0,0,3912,639,3945.432388,302.833,14223.892,114928.377,7724.559117,2373.78,24844.352,146123.392,1.60687848,1.195996239,3.360499543,5.22862291,481,858.9622827,57.316,3777.938,7542.374,2495.081015,1223.72,7728.457,12749.485,1.520724978,1.050135554,3.096740568,6.568571665,318,1286.469308,205.936,6401.798,13769.018,3519.278858,1650.319,14361.751,22276.308,1.502397296,1.154448247,3.084991013,4.716039704,162,986.0181296,227.197,3686.672,18509.749,2670.66884,1226.439,8929.853,32300.599,1.586213003,1.188166457,3.201942638,5.566882707,827,2262.49078,178.432,6619.907,45481.672,4942.980713,1651.775,14526.834,65638.498,1.540109988,1.161088982,3.156633764,4.924512944,629,1852.116822,213.211,5752.956,24386.193,4287.525633,1672.101,14552.102,38271.793,1.610660212,1.155571058,3.350177168,6.296746788,144,3243.492882,103.574,7014.231,114928.377,6272.275,1568.426,17066.268,146123.392,1.432060251,1.075929597,3.009660057,6.568571665
s1-load95,shortest_estimate+topology_aware+none,4,0.4433043901,0.02802057171,0.2755328006,0.04549080469,0.09006622517,0.004193987993,2000,1600,0,2443.155346,164.074,8166.811,60989.235,5048.391317,1833.986,15716.04,75933.497,1.64864462,1.10663568,3.602180513,9.784583655,1.64864462,3339.142449,354,2918.106864,10409.977,0.8829736227,0.7235376867,0.2668804916,0.9545091953,219.0028,0,0,219.002697,0.000102989899,0,0,0,0,0.995806012,1.1945191,0.9099337748,0.09006622517,755,270929.462,0,0,3901,615,1431.587759,51.183,6394.616,20664.946,3406.913642,1204.085,13788.337,31646.139,1.754484641,1.04745789,4.369657636,11.19855248,495,4726.974956,352.537,14942.121,106130.625,8376.034954,2795.958,26721.132,127281.445,1.625488354,1.170865752,3.978481678,7.467279104,334,1410.739829,112.26,5385.822,14403.98,3754.043772,1828.838,12815.472,24547.876,1.468779061,1.068473946,3.331294301,5.173854621,156,1394.758821,289.314,5453.114,23446.214,3731.963429,1850.618,10862.719,33814.619,1.689964082,1.210375761,3.278423762,11.79588404,845,2625.217983,172.737,8191.623,63570.253,5352.103595,1945.556,18391.095,76501.591,1.646792079,1.119384305,3.621066559,10.11785009,608,2193.918349,139.385,7824.829,60909.553,4676.792179,1791.499,14750.991,74034.622,1.660328571,1.083002665,3.905858859,8.309841893,147,2427.462599,261.983,6834.187,86602.774,4839.51649,1713.057,15002.32,101248.792,1.610968129,1.142166544,2.977764611,9.784583655
s1-load95,shortest_estimate+topology_aware+none,5,0.2542752654,0.01910045686,0.1317109992,0.04894462471,0.05305039788,0.001468786682,2000,1600,0,865.3329581,0,3903.923,14278.065,3050.627678,1652.875,9798.256,23173.623,1.287389436,1.0011323,2.455456449,3.355762853,1.287389436,2579.154995,334,1202.584937,5781.476,0.8745932126,0.5090615729,0.2221744794,0.9510553753,185.5823667,0,0,185.5822721,9.454545458e-05,0,0,0,0,0.9985312133,1.099081633,0.9469496021,0.05305039788,754,188254.569,0,0,3582,639,911.1785164,5.03,3505.927,15905.842,3049.749207,1577.36,9517.165,28941.912,1.29891914,1.009594534,2.375809697,3.313123963,486,604.2723498,0,2714.502,7576.276,2426.1762,1421.045,7895.884,14193.288,1.25815601,1,2.227430186,3.266421211,322,905.0941677,5.956,4826.392,11573.292,3660.591804,2367.779,11522.246,23173.623,1.263289047,1.002252938,2.526987875,3.344014318,153,1419.431222,0,8820.56,22608.18,3754.132987,1734.507,15068.059,36925.384,1.382816162,1,3.049873617,5.029356708,846,979.1539823,0,4318.033,16279.072,3205.233301,1586.987,10728.4,28941.912,1.286578063,1,2.455456449,3.313123963,602,697.7601379,30.909,3188.956,8690.333,2801.516151,1714.902,9128.857,14228.926,1.285443323,1.019415618,2.415410111,3.266421211,152,895.5056645,0,5529.414,14488.092,3176.738079,1777.157,11342.41,27351.549,1.299612999,1,2.48369083,4.308256446
s1-load95,shortest_estimate+topology_aware+none,6,0.4846173929,0.03401100183,0.2946938226,0.0428206341,0.1076732673,0.005418667022,2000,1600,0,2817.702632,220.321,8734.745,73433.434,4741.613384,1509.023,14811.38,84355.181,1.785287032,1.221767065,4.372279385,8.149144665,1.785287032,3544.841548,388,2745.811593,9617.918,0.8804362198,0.7000864557,0.2484304732,0.9571793659,152.1091444,0,0,152.1090533,9.115151518e-05,0,0,0,0,0.994581333,1.229944713,0.8923267327,0.1076732673,808,170374.963,0,0,3893,647,3114.582838,230.48,12015.265,73433.434,5174.156468,1660.633,18458.093,84355.181,1.821737925,1.237305397,4.727481946,8.5385,472,2911.471761,179.767,7284.324,90035.843,4699.075093,1487.487,12222.925,109320.575,1.773154307,1.162403024,4.372279385,8.854658518,318,780.0880849,209.14,3253.197,6789.059,2038.451862,1295.582,6732.331,9598.879,1.62178749,1.200196998,3.448951832,6.321764676,163,5342.984258,381.753,37659.361,82508.35,8421.540147,1884.235,55724.09,100369.667,1.99470895,1.414701319,4.810860082,7.539598111,792,3208.103367,220.613,11109.894,85879.4,5219.500494,1541.826,17488.803,100369.667,1.817761144,1.242347334,4.542786308,8.703167893,644,2350.796289,218.413,6531.639,60697.516,4153.006057,1401.917,11812.962,69309.177,1.736410727,1.186526502,4.362795554,8.048293703,164,2765.814238,220.282,7544.684,82508.35,4745.128799,1687.205,14811.38,96986.919,1.820389738,1.283188897,3.850908818,9.004093218
s1-load95,shortest_estimate+topology_aware+none,7,0.5306099933,0.03395924549,0.3419512712,0.02943831896,0.1191066998,0.006154457864,2000,1600,0,1964.091344,67.546,10135.459,20882.216,5770.231538,1973.717,22104.961,56944.538,1.727481297,1.044182575,4.365625857,8.808284107,1.727481297,3272.019756,369,2657.451125,10565.169,0.8463712899,0.6247987162,0.2052245065,0.970561681,203.31042,0,0,203.3103243,9.567676773e-05,0,0,0,0,0.9938455421,1.245428064,0.8808933002,0.1191066998,806,340475.757,0,0,3629,632,1757.121831,75.771,10070.993,20719.789,5088.352033,1909.765,21081.926,38132.865,1.712888041,1.037845999,4.545314625,8.808284107,504,2914.332673,182.185,13705.654,29008.017,8550.391468,2304.266,42099.262,96427.119,1.827017195,1.116054618,4.383913735,10.12101708,308,1102.394516,0,5930.217,9720.484,3592.31462,1435.173,15671.597,28317.531,1.726491542,1.001543531,4.857526331,7.013937032,156,1433.871635,0,8564.204,16032.012,3850.652391,1771.404,14822.179,24458.954,1.466979304,1,3.81104798,5.281737932,794,2250.028567,86.014,10697.477,22974.957,6210.453593,2087.478,24030.927,71026.912,1.730441578,1.055518676,4.141393845,9.967749688,644,1683.78945,30.651,10027.119,17907.371,5391.440793,1773.337,21147.861,51828.94,1.749966464,1.01325438,4.857526331,8.863544754,162,1676.932481,246.289,9315.088,17740.848,5118.410105,2051.58,20226.553,42261.635,1.623586782,1.096451186,3.843351874,7.038598589
s1-load95,shortest_estimate+topology_aware+none,8,0.1928496894,0.02171613087,0.09183821649,0.03185187524,0.04625,0.001193466753,2000,1600,0,550.67897,12.378,2722.091,6932.777,2075.517017,893.534,7459.658,19705.596,1.378583364,1.01659797,2.79171404,4.44825865,1.378583364,2696.679043,390,810.6393821,2953.188,0.8583060254,0.4915747866,0.1687251967,0.9681481248,84.78362,0,0,84.78353095,8.905050507e-05,0,0,0,0,0.9988065332,1.100856096,0.95375,0.04625,800,124122.986,0,0,3543,674,426.4821855,0,2111.573,5371.302,1629.651899,765.85,6251.416,12122.439,1.389044187,1.004019451,2.792715328,4.552332342,490,434.7584449,0,2366,5931.251,1805.946504,788.633,6110.021,21499.511,1.322386307,1,2.651351607,3.699891481,303,832.7896766,90.75,3633.726,10730.062,3054.609779,1353.439,11139.925,29047.648,1.412318896,1.081205906,3.020182885,4.296510099,133,964.4394662,64.118,4534.596,11651.99,3097.603737,1434.91,15929.543,22790.24,1.455757028,1.089548264,3.199966667,4.44825865,800,520.745155,11.972,2331.84,6932.777,2069.280685,860.832,7182.929,19705.596,1.370876194,1.014304206,2.78984081,4.400573545,629,571.4806057,5.827,2871.275,7286.196,2093.644305,932.959,7583.179,19983.277,1.383809087,1.012760751,2.79171404,4.491057881,171,614.2042515,40.028,3104.676,6072.314,2038.014099,909.692,8896.77,12032.393,1.395418195,1.044293044,2.940071375,4.294866895
s1-load95,shortest_estimate+topology_aware+none,9,0.3383165934,0.02515792252,0.2037117782,0.03448563306,0.07304785894,0.00191340064,2000,1600,0,1444.678967,102.093,6038.031,17017.288,3864.957879,1635.336,14089.484,35481.44,1.504029399,1.077310425,3.234173064,5.195813178,1.504029399,2997.488378,346,2088.368185,7463.223,0.855174638,0.6462034495,0.2202687557,0.9655143669,156.1120044,0,0,156.1119065,9.797979799e-05,0,0,0,0,0.9980865994,1.125353204,0.9269521411,0.07304785894,794,226445.427,0,0,3864,645,1468.914384,160.142,5985.2,18207.469,3883.77802,1766.43,12763.862,41449.983,1.561904167,1.113475277,3.335852096,5.995956008,474,1440.073504,61.377,5923.658,16806.417,3814.043198,1582.269,13163.324,28977.251,1.456449722,1.052278688,2.89532219,4.730494562,330,1522.239109,139.114,7272.995,21965.4,4266.035033,1716.722,16307.712,37384.243,1.512379491,1.075355679,3.439282316,5.554499374,151,1186.111404,0,4136.465,13979.017,3067.865868,1137.075,13344.362,27616.979,1.387923508,1,3.02155249,4.173118101,806,1548.811598,133.996,6583.944,16254.824,4036.531712,1607.539,15317.272,27616.979,1.511240341,1.102138315,3.207574822,5.127514951,627,1415.200478,82.929,5262.977,21306.321,3845.913954,1707.625,13284.727,41449.983,1.502072024,1.055783085,3.159205893,5.554499374,167,1052.775443,29.743,4485.729,16193.723,3108.383216,1582.269,9292.189,30000.942,1.476575833,1.024836166,3.351951686,5.60058247
s1-load95,shortest_estimate+topology_aware+none,10,0.5224140315,0.02843741611,0.3350848228,0.05203192205,0.1014304291,0.005429441452,2000,1600,0,2961.93046,105.816,9931.937,64932.548,5815.100278,1762.494,19682.609,78307.041,1.566874234,1.077281174,3.655767885,5.854953978,1.566874234,3301.30518,352,4939.093165,19485.622,0.8757564929,0.7007926303,0.2387819611,0.9479680779,325.0527,0,0,325.0525858,0.0001142222222,0,0,0,0,0.9945705585,1.212372917,0.8985695709,0.1014304291,769,297316.431,0,0,3960,626,2199.758458,102.293,7806.633,38534.431,4980.104692,1945.249,17590.519,52587.999,1.521718548,1.061577424,3.433804716,4.955922127,484,5222.053004,181.278,19481.661,112193.269,9046.558339,1762.494,31757.074,137101.444,1.626742795,1.091136517,3.927360645,6.122511234,343,2182.821251,184.763,5854.898,49867.449,4413.293149,1887.66,11497.844,78190.427,1.65225578,1.146017175,3.635065541,6.97081547,147,584.0720952,0,3133.859,8803.066,2002.184503,1198.632,5861.195,15316.886,1.362828019,1,2.880376728,5.792244312,831,2666.438669,107.209,12254.902,55006.485,5429.821182,1723.365,20887.262,69940.675,1.547321466,1.096164935,3.635065541,5.557701245,627,3313.067671,128.862,8981.285,67459.192,6267.395067,1832.016,18247.27,89801.796,1.609771652,1.078027164,3.858206417,6.97081547,142,3140.737831,0,9931.937,64932.548,6072.692507,1827.648,19572.323,78307.041,1.491885995,1,3.810206097,7.012693696
s1-load95,shortest_estimate+topology_aware+none,11,0.3889900512,0.02318485177,0.235674289,0.03749162216,0.09124537608,0.001393912143,2000,1600,0,1909.680791,27.532,6985.402,47000.21,4709.534641,1695.8,15425.999,62245.927,1.415071397,1.022632054,2.980525241,4.982214887,1.415071397,2914.80901,333,2437.090261,8867.929,0.8702619878,0.6262374436,0.2172187797,0.9625083778,176.2169822,0,0,176.2168704,0.0001118383839,0,0,0,0,0.9986060879,1.101646727,0.9087546239,0.09124537608,811,241827.008,0,0,3766,640,2521.556556,84.326,9459.618,60813.782,5814.420248,1886.324,22104.687,80490.425,1.432825907,1.047273366,2.821825344,5.053793349,470,1164.640766,0,4298.621,19444.202,3306.082966,1587.184,9179.009,32562.491,1.351934252,1.002601706,2.838822554,4.982214887,327,1614.524052,12.156,7833.828,32776.992,4157.518979,1485.95,16708.013,41506.788,1.489353943,1.007245502,3.285869195,7.584302408,163,2247.622975,16.478,7644.373,52871.895,5525.513908,2004.164,21063.659,76099.117,1.378391509,1.020123461,2.98486755,4.515949567,789,1928.193837,51.724,7212.244,51086.555,4817.094875,1795.411,16107.602,64792.666,1.423606512,1.025473142,3.084693694,5.469825814,653,1789.722749,0,6550.5,47000.21,4312.515426,1589.941,13321.164,56754.798,1.40286373,1,2.952093111,5.053793349,158,2313.008696,178.91,10453.689,50695.501,5813.259475,2207.48,20828.52,65823.087,1.422903043,1.096220863,2.952755919,4.35119569
s1-load95,shortest_estimate+topology_aware+none,12,0.3485250892,0.02288414005,0.2120290668,0.02928617535,0.08262454435,0.001701162712,2000,1600,0,1350.965549,113.779,6284.556,18487.079,3861.205057,1696.161,15179.869,36323.69,1.503547675,1.079360805,2.94186729,5.952041034,1.503547675,2929.305075,349,1619.629934,7161.31,0.8612220906,0.689321801,0.2450427046,0.9707138247,118.4036667,0,0,118.403572,9.466666669e-05,0,0,0,0,0.9982988373,1.097585369,0.9173754557,0.08262454435,823,213405.433,0,0,3827,597,710.2818626,0,3125.045,9779.966,2200.369121,1110.187,8057.603,19693.288,1.547084698,1,3.097002712,9.322975179,519,2229.529954,266.72,14709.786,26476.205,5935.433195,2274.937,27036.597,49936.563,1.534755057,1.177088451,2.880101726,5.437763561,324,1371.28159,265.756,6284.556,12565.18,4155.22333,2446.768,12846.773,24239.615,1.409534731,1.112605736,2.89899615,3.396347323,160,850.5332875,73.229,3124.63,15099.83,2734.534619,1508.217,8130.143,24376.232,1.430247425,1.051070095,2.483358235,4.291902542,777,1317.54706,132.477,6108.086,18317.005,3811.758225,1816.307,13978.018,36270.115,1.465042349,1.096906275,2.772133126,5.346006265,660,1387.209202,88.761,6230.038,18826.935,3878.502532,1681.356,15590.409,34659.41,1.517042406,1.062956903,3.010351437,7.001017009,163,1363.513742,78.245,9216.215,23996.779,4026.872877,1370.891,16239.324,59785.502,1.632456365,1.080399154,3.480459748,9.50820048
s1-load95,shortest_estimate+topology_aware+none,13,0.2573861726,0.01990575825,0.1352260046,0.03199967106,0.06888068881,0.001374049877,2000,1600,0,1194.5794,64.425,4008.108,20663.27,3299.223453,1603.234,9631.153,32583.994,1.3733066,1.051711862,2.558981852,4.074979078,1.3733066,2683.551625,351,1921.704883,5536.176,0.8823566033,0.6329731575,0.2391754981,0.9680003289,121.5471578,0,0,121.5470951,6.266666669e-05,0,0,0,0,0.9986259501,1.103132324,0.9311193112,0.06888068881,813,179323.895,0,0,3738,628,1048.273771,106.852,4462.278,11778.096,3165.040629,1831.887,9335.509,20080.993,1.363138744,1.090584748,2.469051562,3.461386937,479,1183.459084,28.535,3582.077,38279.378,3125.56686,1286.543,9292.684,51460.003,1.379649926,1.030530729,3.009434144,3.977843508,328,886.813314,0,3020.405,15532.394,2725.484933,1320.394,7841.585,26470.857,1.334048348,1,2.37382268,4.074979078,165,2395.511782,242.94,11600.957,38014.135,5454.584394,2384.174,19344.014,52622.305,1.471631854,1.162429018,3.134354454,5.673834655,787,1252.976775,50.822,4462.278,31204.562,3356.400451,1614.985,9766.002,41873.067,1.378502831,1.037743254,2.596734369,4.474466609,643,997.5483126,81.996,3555.762,10382.549,3063.012238,1677.348,9126.005,20080.993,1.350759091,1.063816106,2.43600509,3.717528402,170,1669.475018,55.401,6074.532,38659.517,3927.961765,1448.905,13665.31,53885.687,1.434533743,1.037582997,3.134354454,5.696872046
s1-load95,shortest_estimate+topology_aware+none,14,0.3265205817,0.02598252891,0.1766912264,0.04285849845,0.08050314465,0.0004851833105,2000,1600,0,1314.664664,115.855,5237.14,23235.535,3303.141459,1378.502,11875.327,34152.219,1.566273486,1.099008492,3.340180218,6.318746599,1.566273486,3025.601335,378,1995.785738,7271.26,0.8770150088,0.6639483488,0.2593552833,0.9571415016,164.1175867,0,0,164.1174754,0.0001112727273,0,0,0,0,0.9995148167,1.057090308,0.9194968553,0.08050314465,795,181633.613,0,0,3802,594,846.3907306,46.317,3081.755,20765.025,2252.908731,840.417,8250.814,30564.797,1.597173364,1.043290523,3.704614057,7.371397035,514,1368.484249,163.298,5400.648,14962.034,3723.946554,2031.968,11824.546,27026.991,1.510914774,1.139538202,3.108220422,4.326267729,336,989.105003,56.2,3261.983,10386.13,2605.507902,1251.706,8482.437,20486.882,1.586935136,1.073226127,3.577632098,6.379182771,156,3621.584506,321.551,23235.535,38711.821,7418.201051,2004.948,39555.801,71737.403,1.586514101,1.262447978,3.212593351,4.348163611,805,1285.879598,133.012,5400.648,21209.794,3287.651199,1421.749,12260.564,33841.595,1.604882765,1.109957423,3.577632098,6.324741164,635,1255.771513,94.943,4736.886,23626.282,3157.752318,1339.978,11772.713,33437.127,1.548350268,1.077770041,3.351559086,6.379182771,160,1693.221719,92.152,5724.087,38711.821,3958.089981,1309.097,13271.205,71737.403,1.443153321,1.129249777,3.000219693,3.820091176
s1-load95,shortest_estimate+topology_aware+none,15,0.4915479769,0.02799338463,0.3124255969,0.0549965696,0.09328358209,0.002848843617,2000,1600,0,2645.882689,87.081,9260.316,42787.101,5742.067486,2052.21,19452.167,59788.996,1.588512213,1.050647205,3.598685483,6.590480841,1.588512213,3069.604035,357,3149.92081,10819.571,0.8754208286,0.6122528611,0.2442979572,0.9450034304,324.68682,0,0,324.6867153,0.0001047272728,0,0,0,0,0.9971511564,1.141485024,0.9067164179,0.09328358209,804,297448.333,0,0,3913,654,1481.295703,10.933,6098.667,16445.624,4063.955445,1860.363,15021.24,28562.969,1.503038443,1.012206345,3.207916284,6.376846599,498,3908.584363,246.018,20624.023,68157.756,8125.060458,3026.438,30894.576,104136.39,1.679484127,1.124102999,3.979862527,6.890480484,299,1777.985301,0,5330.247,27315.677,3766.296957,1168.427,11253.749,48460.629,1.56057063,1,3.76334491,10.03785331,149,5278.874456,265.744,21589.044,119353.476,9107.90751,2445.229,31156.516,146548.789,1.715695873,1.15990432,4.593538511,6.380598544,796,3250.497368,147.1,12521.692,50655.39,6604.129157,2273.77,23249.767,74580.416,1.668926062,1.078391524,4.183080287,6.954224388,652,2136.864716,52.168,7527.512,31013.669,5132.170627,2003.081,17743.311,41701.872,1.503822084,1.032880201,3.186105068,5.813507761,152,1663.030276,10.933,4832.46,34004.81,3843.723158,1551.233,14502.943,57798.118,1.530673661,1.021262467,3.320988274,6.571910164
s1-load95,shortest_estimate+topology_aware+none,16,0.3657186246,0.02382631783,0.2086132852,0.05172498764,0.08084577114,0.0007082628253,2000,1600,0,1719.916694,39.29,6183.312,41304.969,3376.089452,953.456,11491.026,55511.67,1.449012784,1.050865357,3.062988817,4.750462527,1.449012784,2900.358853,364,2584.347967,9308.175,0.8846653403,0.654532711,0.2287546846,0.9482750124,186.0729111,0,0,186.0728138,9.733333335e-05,0,0,0,0,0.9992917372,1.074723329,0.9191542289,0.08084577114,804,151610.634,0,0,3881,625,1616.832608,16.804,3827.366,37171.866,3036.823749,774.221,9507.382,55511.67,1.443082287,1.028564775,3.145681809,5.019462751,493,2267.185091,64.887,12054.642,57698.742,4258.2897,1045.246,19074.283,71899.033,1.490870787,1.084893315,3.182524389,5.297763776,322,1038.197882,6.271,4330.809,13666.392,2463.444168,879.842,8863.227,22378.618,1.387213572,1.011321208,2.667284842,4.282009621,160,1808.277269,164.641,5505.224,45091.975,3819.765225,1516.678,11491.026,55331.189,1.467574726,1.150870182,2.893821427,4.216358775,796,1884.383307,22.296,6667.132,52559.714,3594.709913,943.019,13939.024,68067.973,1.451922227,1.041274287,3.207931881,5.297763776,633,1620.03785,61.254,6328.685,35157.96,3229.343368,996.781,11491.026,45541.443,1.455926766,1.054379261,3.032286736,4.398869317,171,1324.056374,53.411,4308.308,34943.451,2901.635556,866.038,9426.1,46238.604,1.409875544,1.072461749,2.803658598,4.242195952
s1-load95,shortest_estimate+topology_aware+none,17,0.4005076088,0.02374639127,0.2351010785,0.05106554538,0.08997429306,0.0006203006157,2000,1600,0,2365.265561,68.781,6968.412,57985.218,5167.147583,1904.455,15675.584,73226.619,1.459758641,1.045959104,3.052713871,5.365436054,1.459758641,2858.525807,372,3017.402016,11984.303,0.8612794504,0.6704893716,0.2334742029,0.9489344546,285.5958511,0,0,285.5957422,0.000108929293,0,0,0,0,0.9993796994,1.068264205,0.9100257069,0.08997429306,778,273022.928,0,0,3805,628,2523.793572,113.733,7452.01,57985.218,5528.782352,2216.784,17651.239,73226.619,1.457938992,1.058791579,2.949321742,5.116525771,486,2883.346321,165.067,10088.462,68168.825,6171.000685,2512.846,18136.643,83673.36,1.506058312,1.079696523,3.13845483,5.899672615,340,1756.548015,0,2437.422,59126.199,3622.064371,1045.327,7036.548,80428.82,1.409818194,1,3.325238671,5.383361369,146,1376.369158,217.9,8461.002,15003.786,3868.168466,2121.076,16408.852,24686.301,1.429764472,1.095047906,2.832773752,3.185618639,822,2328.091669,69.36,6884.043,57985.218,5092.517983,1964.284,15484.918,73226.619,1.487905632,1.046090995,3.107196044,5.39670232,617,2331.792042,66.815,8461.002,47994.123,5201.515914,1881.981,18298.795,70501.366,1.412453712,1.045034275,2.966943105,3.89189141,161,2683.340714,65.291,4910.433,102659.538,5416.466031,1745.901,12427.187,118792.689,1.497338231,1.036525544,3.775536353,6.775932052
s1-load95,shortest_estimate+topology_aware+none,18,0.4564232232,0.03501289355,0.2660553932,0.02080862198,0.1223203026,0.0122260118,2000,1600,0,1620.673474,135.252,7885.9,19375.062,5592.6007,2345.285,21151.472,43592.267,1.792168132,1.069377278,4.50107743,9.983930562,1.792168132,3388.595219,356,2249.848697,9501.513,0.8512310133,0.5478629857,0.2402375119,0.979191378,136.1004844,0,0,136.1004087,7.571717174e-05,0,0,0,0,0.9877739882,1.34676523,0.8776796974,0.1223203026,793,344636.949,0,0,3525,654,2389.40185,360.836,10770.816,24428.369,8800.090887,4033.995,32425.707,54089.939,1.664062541,1.108297818,4.188402945,9.169945389,489,1140.198241,50.033,6398.566,10692.563,3719.082004,1683.857,13375.841,23458.874,2.06018781,1.043357163,5.233023228,14.55821148,318,933.7746384,0,4292.764,8284.511,2349.866066,1378.218,8032.191,12889.184,1.758200426,1,4.942324077,6.667140482,139,1265.550165,190.105,6587.235,9289.26,4510.886122,2216.942,17124.92,24363.646,1.529730472,1.048412144,3.541299469,6.038344368,807,1491.212984,107.455,7301.77,14153.907,5079.087354,2186.672,18779.114,37509.534,1.790955354,1.063187991,4.353336316,8.548251137,633,1807.02373,169.872,9187.82,23869.056,6330.823286,2513.626,27317.245,52367.432,1.745965521,1.078530707,4.268436415,9.983930562,160,1536.391619,82.245,7421.92,10128.337,5262.040531,2794.558,16390.371,50812.779,1.981074165,1.058705593,5.575287888,14.55821148
s1-load95,shortest_estimate+topology_aware+none,19,0.2610170771,0.02654305449,0.1435753107,0.02691227715,0.06016847172,0.003817963025,2000,1600,0,847.4979844,0,4255.582,9827.415,3433.857934,1458.171,12829.395,29919.784,1.589348327,1,3.412238503,8.404044498,1.589348327,3079.408601,338,1443.550192,5870.001,0.8365900188,0.5551193792,0.1818188371,0.9730877228,126.1750289,0,0,126.1749756,5.333333336e-05,0,0,0,0,0.996182037,1.155877979,0.9398315283,0.06016847172,831,253201.13,0,0,3476,656,1094.769384,41.086,5466.828,10073.108,4833.318314,2161.979,17558.325,42543.581,1.517961672,1.017854502,3.219210049,7.15150428,468,596.1692073,0,3723.679,7056.04,2235.407073,783.894,9055.65,17875.533,1.672481656,1,4.032539025,11.22988129,316,806.8208924,0,4011.341,9827.415,2887.418259,1318.356,11726.439,23094.398,1.682250223,1,4.024038483,9.91633747,160,649.159175,0,3669.012,8437.172,2280.757506,1207.197,9171.57,18802.303,1.45538738,1,2.963561782,5.973024612,769,889.4742107,0,4257.048,9385.299,3409.350778,1597.201,12323.408,29715.524,1.64238533,1,3.412238503,9.118943184,662,804.5933837,0,4044.872,10071.993,3458.247459,1324.135,13626.291,35206.251,1.549405387,1,3.435124881,8.404044498,169,824.5579112,0,5436.768,10954.418,3449.835083,1375.703,14436.833,27094.338,1.504477143,1,3.371687836,5.619086641
s1-load95,shortest_estimate+topology_aware+none,20,0.4033789734,0.02598292754,0.2377967538,0.03905708542,0.099626401,0.0009158056137,2000,1600,0,1787.920127,43.432,7048.312,27418.506,4884.397309,1780.577,17630.458,49334.795,1.528118288,1.035817368,3.340231465,6.355083445,1.528118288,2922.539265,353,2935.441173,11389.719,0.8556468658,0.5951779006,0.221338816,0.9609429146,213.91792,0,0,213.9178183,0.0001016969697,0,0,0,0,0.9990841944,1.084644497,0.900373599,0.099626401,803,258332.346,0,0,3651,645,3237.512571,292.655,11707.957,61267.665,8363.038512,3754.864,27275.432,103623.695,1.585986513,1.102643791,3.375068913,6.946576929,467,569.0002077,0,2802.983,10062.738,1884.359,1042.626,6698.02,14256.319,1.505553814,1,3.578841178,8.983826413,310,1166.82751,55.21,4988.798,15569.735,3605.305652,1986.652,10681.498,21247.466,1.462217821,1.042468844,3.571648152,4.195680355,178,814.8144382,0,5609.826,12714.353,2377.727247,917.199,9966.776,21978.322,1.492397778,1,2.886821253,8.1961,797,1835.380164,22.555,7849.147,30402.679,4879.393545,1723.097,17525.666,54127.703,1.546679549,1.012633246,3.571648152,6.946576929,621,1892.137219,81.488,7054.464,27928.449,5202.0127,1865.726,19820.331,49930.295,1.498254744,1.049370142,3.234343472,5.783358952,182,1224.489005,55.889,4748.24,19440.695,3822.577764,1744.385,12329.802,34371.688,1.548733324,1.05316709,3.333385367,8.238911788
