scenario,policy,seed,J,J_slowdown,J_wait,J_waste,J_slo,J_fairness,jobs,window_jobs,infeasible_jobs,wait_mean,wait_p50,wait_p95,wait_p99,jct_mean,jct_p50,jct_p95,jct_p99,bsld_mean,bsld_p50,bsld_p95,bsld_p99,wflow_mean,wflow_sum_all,large_jobs,large_wait_mean,large_wait_p95,utilization,frag_blocked_frac,stranded_frac,goodput_ratio,wasted_gpu_hours,lost_gpu_hours,overhead_gpu_hours,topology_gpu_hours,slack_gpu_hours,grace_gpu_hours,preemptions,failure_kills,node_downtime_gpu_hours,jain_bsld,tenant_worst_best_ratio,slo_attainment,slo_violation_rate,slo_jobs,makespan,reservations,broken_reservations,invocations,tenant_t0_jobs,tenant_t0_wait_mean,tenant_t0_wait_p50,tenant_t0_wait_p95,tenant_t0_wait_p99,tenant_t0_jct_mean,tenant_t0_jct_p50,tenant_t0_jct_p95,tenant_t0_jct_p99,tenant_t0_bsld_mean,tenant_t0_bsld_p50,tenant_t0_bsld_p95,tenant_t0_bsld_p99,tenant_t1_jobs,tenant_t1_wait_mean,tenant_t1_wait_p50,tenant_t1_wait_p95,tenant_t1_wait_p99,tenant_t1_jct_mean,tenant_t1_jct_p50,tenant_t1_jct_p95,tenant_t1_jct_p99,tenant_t1_bsld_mean,tenant_t1_bsld_p50,tenant_t1_bsld_p95,tenant_t1_bsld_p99,tenant_t2_jobs,tenant_t2_wait_mean,tenant_t2_wait_p50,tenant_t2_wait_p95,tenant_t2_wait_p99,tenant_t2_jct_mean,tenant_t2_jct_p50,tenant_t2_jct_p95,tenant_t2_jct_p99,tenant_t2_bsld_mean,tenant_t2_bsld_p50,tenant_t2_bsld_p95,tenant_t2_bsld_p99,tenant_t3_jobs,tenant_t3_wait_mean,tenant_t3_wait_p50,tenant_t3_wait_p95,tenant_t3_wait_p99,tenant_t3_jct_mean,tenant_t3_jct_p50,tenant_t3_jct_p95,tenant_t3_jct_p99,tenant_t3_bsld_mean,tenant_t3_bsld_p50,tenant_t3_bsld_p95,tenant_t3_bsld_p99,prio_1_jobs,prio_1_wait_mean,prio_1_wait_p50,prio_1_wait_p95,prio_1_wait_p99,prio_1_jct_mean,prio_1_jct_p50,prio_1_jct_p95,prio_1_jct_p99,prio_1_bsld_mean,prio_1_bsld_p50,prio_1_bsld_p95,prio_1_bsld_p99,prio_4_jobs,prio_4_wait_mean,prio_4_wait_p50,prio_4_wait_p95,prio_4_wait_p99,prio_4_jct_mean,prio_4_jct_p50,prio_4_jct_p95,prio_4_jct_p99,prio_4_bsld_mean,prio_4_bsld_p50,prio_4_bsld_p95,prio_4_bsld_p99,prio_8_jobs,prio_8_wait_mean,prio_8_wait_p50,prio_8_wait_p95,prio_8_wait_p99,prio_8_jct_mean,prio_8_jct_p50,prio_8_jct_p95,prio_8_jct_p99,prio_8_bsld_mean,prio_8_bsld_p50,prio_8_bsld_p95,prio_8_bsld_p99
s15-fail-ckpt-long,fifo+first_fit+none,1,0.8848363643,0.3109433265,0.3895233596,0.05411097986,0.1133004926,0.01695820579,2000,1600,0,1804.260717,1282.096,5714.351,7386.225,5029.668016,3217.011,11924.192,47625.319,4.333877939,1.566225305,16.86893961,47.18258762,4.333877939,7660.391692,370,2016.13487,5871.289,0.7445904771,0.5031087845,0.1881987246,0.9458890201,320.569915,29.26809056,4.2,287.1016872,0.0001372929293,0,0,11,138.30232,0.9830417942,1.425246699,0.8866995074,0.1133004926,812,331001.651,0,0,3075,647,1822.861172,1280.761,5690.993,7552.273,4145.326294,3321.189,10270.119,15257.234,4.347498222,1.631934174,14.05516392,58.91318725,468,1694.966853,1202.393,5397.274,6781.077,3313.611239,2674.35,8068.494,12457.839,4.920392656,1.666680833,20.47860216,47.18258762,333,1763.013856,1282.096,5783.292,7379.466,9124.446787,3642.05,46679.924,88403.535,3.885521178,1.351595376,17.43023238,28.05210006,152,2151.959658,1598.229,6305.114,7933.189,5106.788638,4041.909,13562.966,19454.82,3.452309456,1.672341749,9.157872839,36.95564646,788,1819.18382,1319.258,5849.283,7605.055,5017.664138,3255.193,11681.661,51993.816,4.098023301,1.560946693,14.36253465,48.85769118,648,1841.683349,1275.751,5665.798,7159.151,5016.684577,3212.495,13363.05,45347.927,4.778347994,1.609819815,21.15824579,48.07938627,164,1584.691994,1169.886,5258.069,6072.355,5138.645598,3041.973,11226.479,67294.437,3.710931956,1.463332286,14.05516392,30.87123333
s15-fail-ckpt-long,fifo+first_fit+none,2,2.713953822,0.6908253495,1.658711353,0.07809133901,0.2849807445,0.0013450355,2000,1600,0,5413.948934,730.96,24333.48,26856.741,8703.419681,3985.795,27939.411,36659.575,7.944035957,1.339874891,37.47786207,97.26215707,7.944035957,20222.81546,332,5921.689024,24627.503,0.7420674923,0.4669838659,0.1561856805,0.921908661,495.147475,96.70967989,5.066666667,393.3710214,0.0001070303031,0,0,27,232.5392467,0.9986549645,1.100172238,0.7150192555,0.2849807445,779,289622.108,0,0,3197,636,5621.81705,660.36,24627.503,26923.23,10291.96714,5607.238,29922.516,46997.79,7.65178139,1.267406502,35.11241825,107.488422,502,5433.818729,758.986,23805.804,26847.389,7972.93294,3661.14,26961.245,30787.183,8.06668355,1.32489476,37.47786207,97.20703196,311,5040.45646,554.458,24333.48,26679.811,6818.036881,2795.488,26397.688,29840.899,8.418277458,1.369054331,39.95898568,94.93830287,151,5241.613841,975.065,22960.271,26282.621,8324.229007,5039.971,26758.391,32610.846,7.790497589,1.532069679,38.52068853,88.1253512,821,5598.587928,723.416,24364.398,26786.416,9025.930107,4421.768,28329.004,39277.897,7.686975275,1.345106501,33.38880216,94.93830287,635,5270.054271,714.317,24596.967,27330.667,8440.655694,3925.099,27823.606,33297.848,8.277440941,1.365364982,40.14157953,114.3492029,144,4995.785722,847.014,23012.44,26401.273,8023.378514,3519.634,26945.255,34761.674,7.939415508,1.295279151,39.71550261,97.20703196
s15-fail-ckpt-long,fifo+first_fit+none,3,2.6991386,1.00437533,0.8854941059,0.05850464807,0.724450194,0.02631432212,2000,1600,0,8575.056756,8435.642,12990.297,13683.805,11212.16844,10326.732,18419.87,29652.822,15.52296388,8.0310407,54.48821488,111.6279364,15.52296388,30002.26388,377,8982.063899,13213.945,0.8127731377,0.8288858145,0.2640416134,0.9414953519,279.4013786,44.75297417,3.366666667,231.2816215,0.0001162424243,0,0,10,55.07759111,0.9736856779,1.586198179,0.275549806,0.724450194,773,221371.7,0,0,3915,639,8496.397809,8329.361,12921.553,13876.093,12306.78811,11007.005,24001.294,39195.07,11.79424167,5.81541874,40.88924109,82.78934835,481,8537.147035,8409.838,12921.593,13513.162,10189.59375,9727.742,15688.059,18932.972,18.70800466,10.33599145,62.41454821,127.5283867,318,8672.683635,8448.784,12952.772,13552.116,10923.8102,10401.601,17604.315,21461.374,17.05099048,8.275361997,67.64731152,120.1442242,162,8806.243765,8871.249,13250.585,13679.187,10496.70163,10575.785,16508.45,18967.047,17.77442324,10.7503487,53.75351953,175.3270333,827,8614.859368,8569.069,12836.837,13502.819,11321.01222,10472.876,18419.87,30697.57,15.95570856,7.983890714,57.19405957,120.1442242,629,8519.749938,8325.821,13185.803,14076.581,10972.49633,10188.051,18231.036,25953.772,15.20027013,8.106187495,51.06852964,90.77640373,144,8588.051403,8409.838,12629.426,13249.894,11633.97367,10567.701,21823.641,38488.144,14.44723133,8.234466108,55.19198897,100.8421877
s15-fail-ckpt-long,fifo+first_fit+none,4,2.595819032,0.9313497207,1.019670662,0.06456455599,0.4052980132,0.1749360801,2000,1600,0,5597.295224,4598.425,14958.682,16167.368,8218.027131,7283.666,17992.972,24850.79,10.90138567,3.377133872,50.52651353,117.9574131,10.90138567,25034.78845,354,5889.288127,14784.414,0.7901423814,0.7255333785,0.2397036663,0.935435444,317.1659175,72.71947528,5.166666667,239.2796676,0.000107959596,0,0,13,177.5775067,0.8250639199,2.812228791,0.5947019868,0.4052980132,755,237267.928,0,0,3662,615,5934.11402,5423.234,15171.24,16317.238,7921.338597,7204.749,17708.058,23482.597,17.44469104,4.716358561,87.35771266,155.9452667,495,5357.073079,4346.757,14422.251,16130.64,9033.207032,7903.411,20668.496,27665.612,6.203154985,2.571773757,22.73972219,55.17686432,334,5464.717096,4292.222,14739.547,15992.693,7820.15629,7073.762,16597.807,22623.481,6.869916356,3.556905188,23.54151954,52.66527821,156,5315.54841,4176.326,14836.725,16167.368,7652.887763,6630.839,17121.149,18402.192,8.644989143,3.259714837,44.42543111,81.33553689,845,5593.845505,4379.903,15075.622,16284.848,8330.803451,7205.045,18263.336,25335.738,10.60726488,3.3486205,46.8720069,126.0151109,608,5589.442842,4850.45,14725.287,15992.693,8095.473984,7465.893,17653.993,23679.563,11.63146954,3.402215035,55.46744462,113.0480154,147,5649.603116,4440.404,14970.983,16236.262,8076.641578,7100.504,18301.263,23006.758,9.572413442,3.332468975,37.0928744,114.503476
s15-fail-ckpt-long,fifo+first_fit+none,5,0.5321374266,0.1168833876,0.2555734547,0.07343591641,0.07824933687,0.007995331012,2000,1600,0,884.1398569,410.5,3749.291,4736.754,3099.594884,2454.479,8085.619,13130.516,2.096561869,1.224840446,6.341023071,13.08230939,2.096561869,4164.728281,334,1047.506344,3926.719,0.7660780038,0.4589851396,0.175014055,0.9265640836,285.8054906,71.00292744,4.666666667,210.1357825,0.0001138989899,0,0,24,139.3210467,0.992004669,1.264183443,0.9217506631,0.07824933687,754,217807.195,0,0,3061,639,904.2961189,537.348,3550.1,4187.475,3079.920097,2437.976,7721.431,15749.702,2.233712337,1.306699488,6.844531784,13.30412157,486,906.3478992,314.579,3881.993,5176.786,2769.783183,2151.448,7672.161,11215.073,2.063529649,1.230540382,5.880149852,13.12791521,322,850.8444814,178.385,3942.583,4803.105,3614.679432,2825.133,8598.377,11814.098,1.793258464,1.069906335,4.86165015,10.13090584,153,799.4872484,180.946,3264.061,3994.796,3145.369078,2449.18,9031.988,15237.752,2.26700766,1.192946651,7.96289109,13.58126648,846,884.3102447,420.835,3678.391,4803.105,3142.9382,2454.479,8566.584,14309.737,2.075149774,1.219515284,5.84623097,13.08230939,602,880.558608,323.196,3852.992,4652.54,2999.652193,2320.861,7672.161,11045.861,2.087190636,1.210934595,6.505274521,12.66218729,152,897.3751447,517.157,3509.604,4199.887,3254.180776,2633.431,7622.052,15006.375,2.252852097,1.323537044,7.790053839,13.30412157
s15-fail-ckpt-long,fifo+first_fit+none,6,2.943220824,1.279478517,1.004955164,0.06411124909,0.5841584158,0.01051747924,2000,1600,0,7688.364624,7126.789,14742.804,15243.042,9636.509711,8739.516,17500.335,22939.125,16.69388635,7.233354634,69.41279644,146.8345031,16.69388635,33484.20889,388,7998.875106,14914.642,0.8157764914,0.8831368124,0.2575329495,0.9358887509,232.9193494,19.92800811,3.2,209.7912219,0.0001194747475,0,0,17,83.74482222,0.9894825208,1.332049213,0.4158415842,0.5841584158,808,186323.129,0,0,3919,647,7766.660512,7245.672,14745.434,15265.803,9851.331034,9207.019,18025.051,23333.657,18.5325582,7.023243492,81.85897619,184.8051423,472,7377.026958,6944.894,14743.088,15243.024,9186.530415,8179.506,17051.587,19756.513,15.6722486,7.165396196,57.64951333,109.3388474,318,7891.827547,7192.337,14689.148,15223.988,9161.316069,8487.776,16348.96,17678.095,15.89485011,8.068803016,59.30169791,125.971653,163,7882.185055,7360.624,14909.258,15334.547,11013.88645,9994.418,20216.61,42320.62,13.91281795,5.943240472,46.78278031,164.8950754,792,7698.735539,7127.687,14742.804,15178.323,9734.530105,8720.473,17855.182,23706.866,17.51697488,7.165396196,74.67366551,160.6545167,644,7615.801918,7020.675,14751.279,15243.042,9442.263388,8657.755,17351.956,20216.61,15.24605954,7.271762671,56.90879388,138.3306307,164,7923.222055,7602.819,14675.251,15320.38,9925.915073,9355.601,16756.165,22939.125,18.40433968,7.030783218,83.92530868,146.8345031
s15-fail-ckpt-long,fifo+first_fit+none,7,1.583666597,0.5592559618,0.6835417853,0.04499431183,0.2394540943,0.05642044406,2000,1600,0,3450.383085,2646.194,10027.634,12631.614,7296.134937,5187.496,19175.811,46575.776,6.921589966,2.265074064,30.34011101,69.57393333,6.921589966,11516.5935,369,3768.12342,10437.511,0.7822270806,0.6393718987,0.1893605505,0.9550056882,315.8067639,40.79451278,3.066666667,271.9454595,0.0001249696971,0,0,23,138.07106,0.9435795559,1.882772725,0.7605459057,0.2394540943,806,387786.479,0,0,3232,632,3306.234459,2363.073,9711.201,13036.925,6677.441036,5086.611,17610.714,35399.498,6.43222717,2.170529792,28.80788749,50.04606135,504,3640.177635,2666.892,10496.234,12026.638,9343.614173,5896.19,34875.44,73225.229,5.517317581,2.11555981,22.06835073,42.83554381,308,3364.991136,2622.73,9898.013,12188.64,5867.456565,4613.625,14210.014,24778.908,8.467996507,2.74136559,38.01776494,69.57393333,156,3589.781795,3024.837,9947.353,13345.515,6008.429487,5428.868,14624.012,19311.104,10.38785506,2.394020256,72.64787529,99.88857531,794,3608.987768,2804.003,10437.511,13159.844,7612.813009,5585.316,18608.404,52729.96,7.101924772,2.299819619,32.78153394,72.64787529,644,3303.234525,2360.912,9773.286,11936.614,7048.25072,4766.047,20711.756,47306.43,6.981802369,2.241580466,29.27564074,76.85001667,162,3257.985272,2952.971,9467.795,12039.461,6729.437698,5492.79,17600.841,36222.475,5.798363898,2.147231947,26.58866702,47.47367554
s15-fail-ckpt-long,fifo+first_fit+none,8,0.61820118,0.2267593337,0.2155301999,0.05128271001,0.0875,0.03712893631,2000,1600,0,881.432505,361.668,3161.852,3724.753,2418.197704,1716.734,6945.042,12122.439,3.32691701,1.424846742,12.30188649,28.58463333,3.32691701,5796.803569,390,947.5682282,3368.969,0.7603137183,0.5170210089,0.1616547433,0.94871729,139.3005753,13.92981083,1.866666667,123.5039756,0.0001221414142,0,0,8,101.6313511,0.9628710637,1.722143124,0.9125,0.0875,800,143420.605,0,0,3171,674,930.4339436,369.915,3217.596,3747.518,2143.536033,1578.536,5992.828,10203.964,4.073926415,1.513669935,17.40071076,31.98174103,490,800.857551,341.286,2969.008,3708.409,2180.859147,1484.51,5152.886,13515.072,2.920490955,1.428577795,8.750233423,18.46616872,303,878.3084587,325.679,3087.646,3694.251,3116.344581,2223.491,8653.378,13651.835,2.365614309,1.295477233,8.605390998,15.22717401,133,937.0817068,449.948,3265.341,3686.733,3093.982338,2307.418,10583.636,14700.107,3.228715106,1.501455207,14.04117626,22.3625,800,866.1038725,367.124,3161.852,3698.765,2422.91335,1620.405,6983.737,13515.072,3.321967101,1.41401,12.51397464,26.88725974,629,870.853876,332.661,3141.967,3686.733,2409.060847,1746.791,6945.042,11531.983,3.343162074,1.389554317,12.48265248,28.95920357,171,992.0574386,474.547,3195.564,3811.832,2429.744877,1853.242,6782.995,10203.964,3.290319247,1.589192347,9.214385237,26.15246667
s15-fail-ckpt-long,fifo+first_fit+none,9,2.311250167,0.7810041591,1.076175483,0.06116495895,0.3564231738,0.03648239227,2000,1600,0,4891.813578,4266.617,15787.614,17783.357,7337.21502,6442.082,18183.849,24554.734,10.25465438,3.403774137,42.37013909,106.4256649,10.25465438,26490.13968,346,5451.147176,16095.097,0.7591699048,0.6990247621,0.2209849932,0.938835041,284.7542636,81.58266094,5.066666667,198.1048217,0.0001143434344,0,0,18,210.8315044,0.9635176077,1.618414887,0.6435768262,0.3564231738,794,227586.141,0,0,3627,645,4894.403051,4198.855,15787.614,17791.22,7326.972491,6333.032,18003.928,23856.175,9.056855358,3.384924249,32.28684687,87.2534,474,5011.421198,4373.797,16450.687,17785.897,7417.680281,6588.812,18323.885,22069.355,9.650958594,3.529426751,40.13505466,106.4256649,330,4846.369879,4075.494,15701.189,17883.296,7626.499639,6884.331,19448.342,27806.751,11.44818406,2.800487016,52.18102701,113.202293,151,4604.609589,4357.884,15240.872,16933.59,6496.168483,5276.004,17051.015,24554.734,14.65774955,4.429078213,63.99553098,135.79405,806,4929.117093,4401.343,15741.541,17672.794,7436.932871,6625.601,18002.396,24915.498,10.30239647,3.406328403,37.92169034,113.202293,627,4863.403211,3938.101,15952.581,17841.237,7329.418005,6208.243,18014.89,24496.893,10.65054054,3.385645717,48.20698628,106.4256649,167,4818.440323,4357.884,15591.823,17087.778,6885.215862,6214.759,18635.982,21626.59,8.5378834,3.479709677,38.68098664,87.34749668
s15-fail-ckpt-long,fifo+first_fit+none,10,6.663095605,2.958183213,2.61536068,0.0703112774,1,0.01924043486,2000,1600,0,28831.25441,29744.03,38367.632,40253.2,31709.83045,31957.086,43048.993,53205.207,45.13312749,22.38852989,160.4839523,369.1573934,45.13312749,83261.37027,352,29474.33309,38847.182,0.8237041857,0.7814083513,0.2356986822,0.9296887226,447.8834833,83.015586,5.8,359.0677792,0.0001181818182,0,0,14,223.3632333,0.9807595651,1.495640905,0,1,769,309752.828,0,0,3996,626,28857.63754,29771.589,38625.812,41172.684,31670.61061,31802.409,42710.743,48485.656,52.19373691,20.26368342,211.9920075,428.0113018,484,28953.53857,30097.331,38687.878,40328.512,32801.02403,32554.028,46375.229,56179.915,43.53370234,22.82020691,144.7914603,443.5861286,343,28452.97274,29342.512,37727.295,40011.617,30708.38809,31283.934,40747.102,47273.981,34.8972382,22.03003127,116.88663,216.7701529,147,29198.93627,30206.168,38319.522,39380.042,30620.77371,31650.226,39667.22,41650.794,44.21537438,32.47104598,114.3512449,207.804028,831,28743.41256,29623.249,38319.522,40135.452,31542.6442,31706.515,42740.072,53207.287,46.71102706,22.45357863,185.3029475,328.6143076,627,29228.55551,30215.741,38586.151,40335.972,32199.70765,32280.025,43299.379,55353.329,44.80159925,22.38222984,155.1695786,422.8938398,142,27591.03456,28770.38,38171.732,41377.987,30525.17394,30901.793,42803.022,48052.347,37.36294201,22.07303763,120.3595748,234.18318
s15-fail-ckpt-long,fifo+first_fit+none,11,1.950568211,0.5242027213,0.8901203148,0.05045690187,0.4734895191,0.01229875349,2000,1600,0,5902.832087,5539.882,13058.164,13994.283,8726.471621,8348.69,18055.496,27695.579,8.115006998,3.681008754,28.43844294,62.46074231,8.115006998,15534.73645,333,5976.046204,13219.737,0.7751914193,0.6858220745,0.2030642787,0.9495430981,240.3941781,36.70223785,3.066666667,200.6251521,0.0001214545455,0,0,15,89.90758222,0.9877012465,1.364830443,0.5265104809,0.4734895191,811,264115.324,0,0,3555,640,5707.114677,5285.163,13165.917,13978.324,9026.135066,8558.495,19596.848,36311.558,7.799758561,3.023500749,31.16195557,66.3908513,470,6153.690932,5513.597,13132.934,14285.939,8307.077798,8203.78,16281.257,20907.5,8.389050482,4.03592654,27.77706788,54.25951367,327,5646.289113,5326.031,12767.948,13652.194,8200.808266,7411.66,17760.729,29554.702,9.070455139,4.206930721,30.04332048,73.03871222,163,6462.617601,6300.399,12982.314,13877.274,9813.725669,9938.099,21020.773,36978.656,6.64584761,3.546259383,22.30511765,44.48201645,789,6017.246375,5649.603,13165.917,13778.15,8927.067269,8645.883,18121.48,32529.806,8.225305648,3.702015731,30.31683377,61.04684834,653,5843.272645,5315.369,13062.593,14044.253,8392.435469,8186.785,16862.412,23919.592,7.798333806,3.830938779,27.10281169,60.9272314,158,5577.63869,5267.553,12671.459,14442.439,9105.304797,7645.252,21020.773,33809.705,8.872994081,3.072445327,35.06645375,127.4208667
s15-fail-ckpt-long,fifo+first_fit+none,12,1.379547905,0.5191773003,0.5360056166,0.04915075121,0.227217497,0.04799673986,2000,1600,0,3713.624531,3705.331,7863.262,8716.563,6244.248155,5733.447,13766.13,22277.157,7.221002362,3.284904865,28.16580958,63.47757087,7.221002362,13448.80017,349,3923.15902,7913.607,0.7578249639,0.7982975537,0.2542226704,0.9508492488,202.8673706,32.06727589,3.2,167.5999671,0.0001275555556,0,0,12,275.5123622,0.9520032601,1.65344607,0.772782503,0.227217497,823,233982.786,0,0,3705,597,3671.617563,3679.032,8028.888,8713.777,5161.65509,4919.973,10315.084,14415.295,9.299643814,4.357321079,34.62409728,78.57218028,519,3666.100697,3700.744,7795.153,8956.111,7402.433258,6323.498,20091.02,27419.508,6.303513072,2.480079754,27.79059082,53.82756211,324,3755.48404,3647.687,8023.985,8735.213,6571.226296,6201.992,13796.621,16596.413,5.624401051,2.564634081,18.28061147,63.47757087,160,3939.752963,3962.525,8023.165,8945.05,5864.679862,5956.757,10682.927,16437.789,5.67429498,3.816568934,19.09835669,26.75954582,777,3822.639278,3983.453,7667.844,8824.544,6336.957008,5824.104,13938.174,22487.705,7.299527991,3.257414091,28.92105837,71.51956958,660,3648.785477,3456.323,7971.349,8716.563,6158.243747,5733.447,13766.13,21197.552,7.210884529,3.24711745,31.13233765,61.73383718,163,3456.503779,3142.282,8161.718,8554.846,6150.555706,5406.654,13226.91,35163.224,6.887648712,3.433597362,26.75954582,50.72241434
s15-fail-ckpt-long,fifo+first_fit+none,13,1.20683878,0.2921792945,0.6163529285,0.06270795029,0.1783517835,0.05724682354,2000,1600,0,2064.733897,717.671,9041.966,10006.331,4193.009951,2821.697,11819.067,16011.864,4.285448887,1.468031578,15.85097493,54.89979521,4.285448887,9910.605737,351,2288.177085,9021.476,0.7942752657,0.5558126335,0.1965413108,0.9372920497,245.9928425,61.80943894,4.933333333,179.2499873,8.290909095e-05,0,0,14,163.65594,0.9427531765,1.908242077,0.8216482165,0.1783517835,813,193324.159,0,0,3345,628,2076.48497,813.123,8190.311,9823.764,4220.463764,3080.524,11211.05,14737.244,3.037681768,1.541881406,10.1905893,17.32148581,479,2139.025992,707.485,9362.317,10274.281,4093.068645,2536.188,12011.793,16150.975,5.079548618,1.498211596,25.90744495,63.10467707,328,1841.25046,549.476,9054.58,9957.909,3703.869131,2281.235,10872.199,18406.609,5.796632165,1.379695894,26.55627395,69.74644317,165,2248.594388,731.671,9577.326,10419.645,5351.00437,3790.037,13747.902,19721.181,3.725181401,1.377152705,16.08552851,25.84495896,787,2014.693341,726.711,8966.693,9982.595,4141.809139,2886.298,11771.292,16011.864,4.302340981,1.474794063,15.098263,60.75957432,643,2113.583877,747.347,9054.58,10274.281,4199.818533,2787.048,11664.553,14475.139,4.155617617,1.468031578,16.48768075,54.85248996,170,2111.624376,575.204,9362.317,10215.563,4404.287129,2740.583,13918.114,22364.052,4.698316118,1.399560939,18.25312312,65.68993011
s15-fail-ckpt-long,fifo+first_fit+none,14,1.537637458,0.5169606183,0.5644865869,0.06377483068,0.2754716981,0.1169437239,2000,1600,0,3287.287466,2605.166,8281.081,10262.706,5295.466401,4219.589,11988.491,18109.263,7.78090981,3.466751513,28.0455527,61.35811251,7.78090981,13395.58946,378,3401.930019,8321.846,0.8135107503,0.8112147439,0.2723563825,0.9362251693,249.6682517,27.34690767,2.833333333,219.4878814,0.0001292929293,0,0,10,37.37168889,0.8830562761,2.4353559,0.7245283019,0.2754716981,795,179773.554,0,0,3709,594,3477.519047,2704.607,8364.304,10253.719,4910.29182,3855.306,10967.222,17097.204,10.92659676,4.839236567,42.55169035,85.86254458,514,3060.493704,2402.681,8092.548,10262.706,5431.282358,4475.274,11558.097,15605.142,4.99395753,2.621920845,18.48822423,33.3506288,336,3235.588607,2537.224,8424.61,10310.298,4857.776238,3872.205,10896.675,14104.694,8.012634498,3.742390306,26.16592313,64.01563555,156,3421.551891,2843.9,8209.637,10954.377,7257.313801,5042.682,20198.901,33500.022,4.486652959,2.646733313,14.10788208,23.8072388,805,3250.521216,2611.97,8225.544,9708.917,5272.739986,4178.616,11503.703,17552.929,7.496990994,3.400952527,27.20417674,53.89325,635,3351.595246,2591.076,8364.618,10845.089,5275.242672,4276.127,12002.489,18831.608,8.245620785,3.525292585,33.3506288,69.36865,160,3217.046156,2633.044,8283.73,9728.6,5490.0716,4246.206,12701.688,32462.045,7.365054674,3.487670069,22.19947532,56.24638813
s15-fail-ckpt-long,fifo+first_fit+none,15,4.657885188,1.786741831,1.738906383,0.0661764618,0.9651741294,0.100886383,2000,1600,0,18689.35082,19566.978,25509.95,28064.894,21804.41811,21748.75,31936.847,42240.556,26.70595822,12.93241899,96.93226218,206.3003402,26.70595822,50543.54316,357,18815.5246,24935.528,0.8181219689,0.8350556775,0.2701996923,0.9338235382,395.3676853,28.44925683,2.266666667,364.6516408,0.000120929293,0,0,11,181.01602,0.899113617,2.22238984,0.03482587065,0.9651741294,804,298618.43,0,0,3904,654,18817.13252,19644.612,25794.949,28482.707,21433.05609,21622.8,30616.394,38546.593,27.01662443,13.66895533,96.00832622,165.4516456,498,18647.41937,19736.017,25462.244,27767.197,22871.40014,22439.189,34552.922,47747.295,18.90743955,9.116032509,66.87365965,149.2157843,299,18437.02208,18997.068,25356.231,28274.242,20426.18148,20494.631,30166.695,42566.913,42.01970156,22.38205806,161.7662687,303.2867833,149,18774.98119,19497.784,26548.303,27874.138,22633.99164,22703.689,35469.086,44772.695,20.67694705,11.30468746,67.77367538,155.0026344,796,18645.95117,19456.575,25314.217,28277.391,22016.04863,21835.458,32945.48,42566.913,26.00835938,12.30692512,101.5187478,212.9377503,652,18837.76428,19670.926,26384.649,28040.587,21852.21002,21894.214,30872.293,40300.607,26.68034098,13.08068669,94.53476808,190.3323708,152,18280.01233,18983.037,25088.58,27705.483,20491.14035,20564.363,29064.705,43728.753,30.46905765,16.24445842,96.19800376,231.1390757
s15-fail-ckpt-long,fifo+first_fit+none,16,3.601528646,1.560362126,1.262149601,0.06274492439,0.6542288557,0.0620431391,2000,1600,0,8354.6955,8852.094,18515.875,22028.283,10021.36818,10804.836,21010.055,26624.529,21.72155213,8.968715774,84.65097084,188.3457592,21.72155213,47451.47731,364,8444.391357,18693.089,0.8395538333,0.7415894754,0.2227136744,0.9372550756,228.3693747,15.44946983,2.766666667,210.1531263,0.0001118787879,0,0,6,23.43842,0.9379568609,2.139844192,0.3457711443,0.6542288557,804,158824.01,0,0,3718,625,8035.891381,8376.623,18515.875,20951.585,9464.897918,9598.227,20795.2,26624.529,24.35500612,10.55006331,94.41525712,193.7007,493,8542.073349,9342.714,18689.607,23685.278,10550.68068,11200.762,21882.874,27193.115,20.63611039,8.347517014,82.21917094,194.65065,322,8468.53628,8788.572,18368.919,20935.101,9896.923273,10359.741,19540.509,24699.412,23.40973458,8.836357599,84.65097084,180.1754798,160,8793.561525,10723.299,18396.09,23880.08,10814.58139,11446.93,21502.552,29646.375,11.38167265,7.372073743,36.37846341,76.41808246,796,8128.569422,8737.557,18368.919,22384.649,9855.728367,10549.501,21131.674,26624.529,21.41715541,8.585357292,86.86015824,183.3673333,633,8505.542474,8994.462,18532.047,21857.193,10120.76162,10974.84,20922.444,27193.115,21.42640646,8.901556935,82.4120109,203.45545,171,8848.907333,8716.684,18693.089,22059.813,10424.48656,11086.653,21502.552,27398.634,24.23106675,11.3948743,112.8705095,193.7387007
s15-fail-ckpt-long,fifo+first_fit+none,17,3.48713813,1.086631186,1.720459488,0.07206379076,0.5437017995,0.06428186599,2000,1600,0,9724.222314,4364.033,25239.332,26905.116,12564.19153,11544.744,27945.867,35755.577,14.38614127,4.381515481,58.95066491,169.8910558,14.38614127,28341.47801,372,9643.800419,25460.081,0.8041554673,0.7336138154,0.2283867919,0.9279362092,412.1536183,63.04326633,5.433333333,343.6769013,0.0001174141415,0,0,26,179.8683756,0.935718134,1.789890522,0.4562982005,0.5437017995,778,269345.329,0,0,3688,628,10109.16514,9082.99,25581.387,26796.514,13155.49937,12324.222,27956.773,35671.005,13.33966272,4.243013469,52.91865382,154.42719,486,9220.805119,4013.188,25255.469,26932.55,12537.50959,10523.685,28666.242,36585.823,11.77348707,3.521295934,40.37684212,173.98566,340,9595.853624,4343.847,24379.28,26981.01,11488.71405,9860.749,26062.06,39020.595,21.07325292,5.886045669,85.49271354,221.2029004,146,10043.14023,4451.929,25692.77,26973.452,12614.11237,11893.913,27829.426,32323.345,12.01162417,4.004934765,58.95066491,116.3140217,822,9679.175358,4194.514,25429.7,26806.527,12486.54216,11451.658,27808.63,33974.185,14.05775584,4.103352334,59.79703976,163.0895782,617,9691.881875,4231.834,25094.36,26936.393,12589.83432,10919.133,28300.758,38038.982,13.68554818,4.562527398,51.25128509,140.6974501,161,10078.15181,10446.208,24239.25,26938.256,12862.36655,14672.721,27028.962,28683.787,18.74762428,5.270185121,86.00849515,246.6648032
s15-fail-ckpt-long,fifo+first_fit+none,18,1.14290964,0.3121017806,0.5888610442,0.03339825035,0.1361916772,0.07235688785,2000,1600,0,2107.15483,288.699,8638.657,13394.624,6108.652205,3758.97,18628.999,35920.719,4.159861086,1.13862259,16.93178673,46.09790269,4.159861086,7253.416633,356,2233.269154,8086.838,0.7258042076,0.4242923803,0.1658598443,0.9666017497,221.2891242,39.38530194,3.766666667,178.1370502,0.0001053333333,0,0,27,132.8816133,0.9276431122,2.169766785,0.8638083228,0.1361916772,793,391259.645,0,0,2944,654,2040.152081,282.543,9100.368,13985.426,8503.744601,5356.813,24470.886,49633.922,2.780067916,1.081151174,9.740213728,26.57606587,489,2281.812994,587.714,9260.609,12127.893,4870.529532,3253.355,13413.864,20302.566,6.032099025,1.287266818,26.13662912,75.14224991,318,2051.844088,130.839,8300.082,11519.903,3480.227057,2092.538,10737.658,13725.614,4.284333875,1.207296018,19.85183742,30.22505103,139,1934.498511,96.325,7728.825,13900.214,5208.585712,3683.078,17776.411,23576.039,3.780566367,1.190941758,16.53848097,32.78044958,807,2263.058709,322.355,9564.589,13900.214,5871.281408,3758.97,17767.805,27922.209,4.759457004,1.190941758,19.85183742,51.53343333,633,1884.443005,220.488,7718.819,11715.176,6452.413524,3716.81,21192.595,41272.408,3.31553099,1.073803739,12.65132325,30.46169412,160,2201.9183,568.351,9569.716,14416.425,5945.885444,4080.958,15278.865,48792.752,4.476030117,1.18723584,17.84623535,68.12665351
s15-fail-ckpt-long,fifo+first_fit+none,19,0.6813964511,0.2386398841,0.2853742513,0.03659235565,0.0770156438,0.04377431619,2000,1600,0,964.420205,106.338,4186.472,5200.914,3578.126375,2220.804,10272.086,26590.783,3.316783429,1.096576152,12.94641644,33.25817799,3.316783429,6391.50014,338,1064.157136,4379.008,0.7392664643,0.4230655319,0.1458649634,0.9634076444,173.2827133,29.08619022,2.966666667,141.2297747,8.173737377e-05,0,0,29,147.9071067,0.9562256838,1.858749769,0.9229843562,0.0770156438,831,282644.004,0,0,2969,656,902.2620229,39.065,4077.469,5162.544,4676.484122,2708.499,14508.574,42543.581,2.264896309,1.055812915,8.195475444,16.60500604,468,1094.106406,200.692,4481.549,5353.567,2762.95394,1821.63,7587.237,17177.553,4.209875492,1.19588374,16.74913204,47.5233,316,847.9401582,90.42,3459.809,4832.756,2947.470975,1999.437,8606.27,19263.98,3.866381803,1.081980609,18.09667047,44.28293333,160,1069.984706,38.278,4260.919,4962.281,2704.7834,1860.411,7931.018,13812.29,3.931769548,1.052392937,14.17823387,59.66661444,769,954.0174512,77.58,4207.767,5353.567,3500.080599,2219.292,9646.687,23559.81,3.049207532,1.053537503,11.83806061,37.67036307,662,966.2326798,96.499,4162.407,5200.914,3651.584861,2249.23,11050.704,28158.885,3.502734321,1.121722407,13.45570279,29.32018333,169,1004.656059,280.274,4077.469,4738.039,3645.509118,2197.717,11143.073,27094.338,3.805933575,1.23186457,17.36995527,36.57139747
s15-fail-ckpt-long,fifo+first_fit+none,20,3.190018392,1.220278607,1.290870515,0.05997401552,0.4707347447,0.1481605097,2000,1600,0,6909.70304,4097.493,18937.214,21701.822,10043.05401,8604.095,24055.18,37221.799,14.34007887,2.237042623,66.20115104,208.7608726,14.34007887,27473.55115,353,7317.236977,19336.034,0.7577848483,0.516198154,0.1665374713,0.9400259845,335.7903364,55.64587861,4.766666667,275.3776724,0.0001187474748,0,0,18,224.7686,0.8518394903,2.78975281,0.5292652553,0.4707347447,803,279983.655,0,0,3285,645,7071.06487,4302.445,18937.214,21711.903,12279.3527,10976.048,28997.458,45910.592,9.702228815,1.786455909,46.45855274,141.15221,467,6991.466452,4434.794,18310.24,20122.381,8312.463623,6840.626,20184.445,22750.143,22.70815408,4.233503982,119.3161962,270.9824333,310,6848.153374,1828.716,19983.864,21926.282,9295.362126,6981.817,22724.971,28742.875,8.139844504,2.239771518,35.21063345,75.87992551,178,6217.672157,476.464,19134.484,22902.529,7782.141303,4525.175,21854.357,25409.26,19.98948793,1.397740098,113.3860878,268.8713833,797,6793.617966,4108.407,18825.318,21781.139,9872.443245,8690.246,24008.11,36040.747,13.54817433,2.137555998,67.28452227,170.6421678,621,6943.806079,3864.643,19114.682,21654.142,10290.26556,8397.799,24729.4,39676.774,15.36685592,2.144951886,66.20115104,266.9218167,182,7301.691044,4548.206,18254.292,21711.903,9946.671632,8476.719,21997.151,30980.981,14.30447102,2.53904034,59.15243627,214.6305139
s15-fail-ckpt-long,fifo+topology_aware+easy_predicted,1,0.1535229027,0.03939062778,0.06927473051,0.02769480823,0.01477832512,0.002384411083,2000,1600,0,139.3128306,0,1016.268,2615.464,3335.575364,1425.626,9642.944,46326.346,1.258958835,1,2.136975019,5.616868845,1.258958835,2435.471316,370,458.6683568,2401.186,0.7294748595,0.1327577557,0.1042067091,0.9723051918,159.6148542,33.14677283,3.933333333,122.5346888,5.915151518e-05,0,0,10,138.30232,0.9976155889,1.143445662,0.9852216749,0.01477832512,812,331001.651,110,39,2613,647,164.412745,0,1092.577,3088.647,2472.916427,1647.047,7567.634,15033.631,1.328271211,1,2.026392022,5.643494041,468,114.3668547,0,1026.069,2324.425,1711.942526,1009.266,6023.898,9235.755,1.247040587,1,2.136975019,8.272584835,333,110.9835495,0,793.926,2124.027,7391.68009,1425.626,46326.346,86400,1.161639119,1,1.863305457,4.338482878,152,171.3439013,0,1193.989,2646.61,3120.559757,2027.985,10223.501,15590.314,1.213827899,1,2.490330559,4.30575,788,120.1501168,0,787.097,2615.464,3296.706369,1509.61,9325.932,48633.587,1.271123838,1,1.822789643,4.941470579,648,153.393537,0,1151.93,2821.801,3281.368343,1323.17,10344.805,44941.288,1.241028952,1,2.33914535,5.643494041,164,175.751372,0,1128.798,2450.54,3736.519988,1448.257,9059.982,67156.945,1.271352378,1,2.405838781,9.226159465
s15-fail-ckpt-long,fifo+topology_aware+easy_predicted,2,1.106063748,0.1679560271,0.7607379963,0.05553134888,0.1181001284,0.003738246932,2000,1600,0,1559.548344,0,11160.111,14773.268,4847.433628,2188.041,16845.575,29759.55,2.452188494,1,9.111757147,22.79990043,2.452188494,6061.688469,332,3611.995714,14438.381,0.7653038442,0.1979902719,0.1020972563,0.9444686511,343.6926697,42.98292661,3.733333333,296.9763332,7.660606063e-05,0,0,25,232.5392467,0.9962617531,1.189732026,0.8818998716,0.1181001284,779,276062.222,155,62,3143,636,1675.396659,0,11469.879,14438.381,6325.622143,3104.329,20671.392,36008.857,2.274614689,1,8.968316559,21.69956155,502,1615.089125,0,11977.306,14773.268,4184.83794,2116.173,16221.983,21019.883,2.508851938,1,9.005897587,20.26026864,311,1263.853135,0,10203.865,13095.446,3032.457267,1567.063,12039.188,16119.779,2.706181941,1,10.29140115,30.17635258,151,1495.973576,0,10530.08,14905.823,4562.352755,2160.38,14376.059,30842.677,2.488611864,1,14.82603924,21.79749289,821,1654.07716,0,11809.366,14438.381,5077.464686,2272.065,16884.504,31312.265,2.469009735,1,9.111757147,23.22431531,635,1449.611405,0,10600.341,14329.521,4621.894951,2216.543,16819.199,25871.625,2.427988436,1,9.988500391,22.22593708,144,1505.394174,0,12038.26,14905.823,4530.500028,1898.093,16984.583,29759.55,2.462999593,1,8.533456892,16.39028126
s15-fail-ckpt-long,fifo+topology_aware+easy_predicted,3,0.428172285,0.1023695804,0.2447520643,0.0285494391,0.04010349288,0.01239770831,2000,1600,0,596.8622438,0,3590.54,5079.953,3214.927646,1850.726,10718.47,22691.536,1.872185548,1,5.553636697,15.16851777,1.872185548,3598.503216,377,1606.763228,4984.452,0.8283892244,0.1764748709,0.1187042297,0.9714505609,132.1396739,16.75750544,1.966666667,113.4154323,6.949494951e-05,0,0,11,55.07759111,0.9876022917,1.303543793,0.9598965071,0.04010349288,773,209490.01,172,70,3160,639,661.6838795,0,3672.091,5319.001,4441.599629,2625.662,14582.953,30617.045,1.805276647,1,5.551384938,14.45440645,481,490.394395,0,3108.291,5079.953,2140.810888,1208.463,6415.414,10354,1.785278393,1,5.386654017,15.93943382,318,578.3545786,0,3563.421,4574.529,2801.575239,1721.272,9547.711,13062.323,1.90629448,1,5.333022865,12.72720827,162,693.6242654,0,3931.436,7440.219,2376.982142,1452.987,7912.479,12208.287,2.327188567,1,6.444772366,30.36464256,827,610.357532,0,3339.516,4841.125,3283.867635,1949.542,10619.081,23287.804,1.938466582,1,5.791754071,16.18544717,629,571.8190795,0,3822.313,5319.001,3015.894634,1662.922,10670.338,14694.807,1.783584769,1,5.553636697,14.72688546,144,628.7479861,0,3672.091,5631.971,3688.388708,1905.904,12086.633,30617.045,1.878543011,1,4.373265443,13.37950147
s15-fail-ckpt-long,fifo+topology_aware+easy_predicted,4,0.3980341517,0.07223845854,0.1866299418,0.06036588938,0.05033112583,0.02846873612,2000,1600,0,479.4977631,0,2737.882,5812.724,3097.375147,1872.172,10064.913,15645.978,1.601974264,1,3.918997743,11.65583778,1.601974264,3339.278574,354,1476.632655,5757.534,0.8254476961,0.2314927662,0.1539603687,0.9396341106,295.21539,93.87254289,5.233333333,196.1094221,9.171717176e-05,0,0,10,177.5775067,0.9715312639,1.578018361,0.9496688742,0.05033112583,755,223893.334,174,70,3297,615,485.1529415,0,2851.405,6371.349,2463.822211,1265.698,8862.805,13598.83,1.960312345,1,5.721592247,18.03971122,495,402.3847515,0,2283.938,5404.799,4087.559992,2697.21,12931.338,21983.224,1.242262063,1,2.204869481,5.380242263,334,531.1088772,0,2860.669,5482.277,2880.813743,1865.27,8754.015,13313.894,1.432391863,1,3.218600782,6.992728854,156,591.388109,0,3787.576,9286.97,2916.766596,2061.182,8563.546,13045.781,1.693770047,1,3.60743144,9.420983333,845,437.846484,0,2595.342,5482.277,3171.991673,1933.557,10650.635,15429.676,1.620284971,1,3.530147353,11.99293995,608,508.0066875,0,2681.523,6474.282,2999.125413,1860.88,9536.019,14593.118,1.574100282,1,3.868911927,11.90268333,147,601.0073197,0,3373.107,5855.99,3074.823265,1802.316,10702.024,17045.224,1.612007146,1,5.195049082,8.211702911
s15-fail-ckpt-long,fifo+topology_aware+easy_predicted,5,0.1767249455,0.03737699894,0.07868481597,0.04546608594,0.01458885942,0.0006081852905,2000,1600,0,169.7795025,0,1154.315,2934.147,2362.525019,1622.249,6671.74,11427.432,1.194385739,1,2.027733944,4.464850901,1.194385739,2386.485482,334,525.2630898,2934.147,0.7444588771,0.169885413,0.09883526493,0.9545339141,171.7646211,41.71615489,3.266666667,126.7817457,5.385858588e-05,0,0,21,139.3210467,0.9993918147,1.067397016,0.9854111406,0.01458885942,754,209107.581,137,47,2739,639,174.7119405,0,1233.05,2626.868,2321.211052,1518.423,6677.373,14041.681,1.176263695,1,2.069312365,4.02546007,486,172.7129897,0,1232.355,3174.028,1998.067782,1425.458,5812.072,10126.524,1.199754053,1,2.169953988,5.020469823,322,175.6149752,0,1108.248,2725.688,2942.897553,2308.256,8097.31,11427.432,1.193188003,1,2.027733944,4.948672918,153,127.5799935,0,980.065,1430.202,2471.321667,1629.697,6996.594,14317.204,1.255540357,1,1.879516457,8.903904949,846,173.708461,0,1224.562,2768.275,2401.945826,1603.45,6996.594,12341.63,1.184437109,1,1.930471846,4.171268066,602,168.6451246,0,1152.736,3033.749,2282.371636,1613.837,6268.402,10213.113,1.213217965,1,2.057534055,5.020469823,152,152.4044803,0,1108.248,3655.477,2460.566691,1672.427,6880.407,14738.915,1.175172192,1,1.937214078,3.168039386
s15-fail-ckpt-long,fifo+topology_aware+easy_predicted,6,0.4115579239,0.09109325065,0.2376495278,0.04881111268,0.03341584158,0.0005881911017,2000,1600,0,549.0902525,0,3486.345,4587.532,2487.51804,1577.864,7477.43,14135.317,1.832523003,1,4.941886232,12.29655666,1.832523003,3500.161846,388,1764.238028,4421.161,0.8817398085,0.2683137908,0.167190771,0.9511888873,174.4807411,20.53416778,1.533333333,152.4131395,0.0001004848485,0,0,15,83.74482222,0.9994118089,1.067318304,0.9665841584,0.03341584158,808,173552.782,219,91,3614,647,503.9545873,0,3179.332,4319.463,2573.587699,1649.141,7932.647,14135.317,1.786893297,1,4.50738749,12.29655666,472,625.9661716,0,3614.082,4880.238,2435.362862,1578.335,6967.259,13309.675,1.907183924,1,6.268779394,13.24859049,318,498.6828082,0,3409.167,4268.432,1764.820028,1394.875,4821.885,6634.784,1.815326903,1,4.841301984,11.85639625,163,603.9792638,0,3392.216,4860.816,3706.831798,1840.14,11097.636,27378.452,1.830994318,1,4.519456354,17.81387043,792,552.193553,0,3475.139,4749.249,2576.055654,1634.111,7474.954,16868.975,1.9076658,1,5.726409316,13.83025512,644,553.818913,0,3581.364,4535.389,2375.599385,1519.661,7070.802,12695.396,1.796848139,1,4.841301984,11.31734117,164,515.534939,0,3158.42,4710.757,2499.431598,1459.48,8718.51,12307.186,1.609727375,1,4.351332036,8.165047711
s15-fail-ckpt-long,fifo+topology_aware+easy_predicted,7,0.2396912509,0.04981448386,0.1354805681,0.03083251926,0.01985111663,0.003712563007,2000,1600,0,298.5944406,0,1987.515,4704.486,4108.911748,1719.133,14395.871,41541.625,1.385348256,1,2.702478067,9.70187899,1.385348256,2630.197611,369,1002.657672,4507.55,0.7721275249,0.1630979968,0.1019450038,0.9691674807,213.2455367,44.83928289,5.8,162.606167,8.678787884e-05,0,0,10,138.07106,0.996287437,1.16614601,0.9801488834,0.01985111663,806,387786.479,140,64,2789,632,286.7226661,0,1987.515,4207.543,3613.854587,1575.602,13105.294,32110.091,1.308398605,1,2.663388968,6.971332055,504,302.9329167,0,2128.64,4612.119,5950.88322,2079.597,30581.9,68088.711,1.41277409,1,2.865830459,10.29786306,308,306.5424805,0,1844.86,4895.821,2806.611782,1276.278,9640.233,24778.908,1.525783813,1,2.715656896,15.91803867,156,316.9814487,0,2417.701,5943.667,2734.750808,1729.018,9333.713,13805.274,1.331216258,1,2.320750355,9.538748742,794,300.6476146,0,2130.244,4895.821,4262.083649,1792.438,13792.706,46953.934,1.375108819,1,2.715656896,9.519000811,644,299.8856724,0,2047.408,4507.55,4016.337545,1576.177,16070.869,41541.625,1.42195543,1,2.696410062,14.94549923,162,283.3983086,0,1706.921,4831.728,3726.191364,1725.352,12772.79,32110.091,1.290009328,1,2.617779951,9.155991688
s15-fail-ckpt-long,fifo+topology_aware+easy_predicted,8,0.1688822492,0.04619877741,0.06404143685,0.03381982269,0.01875,0.006072212233,2000,1600,0,139.5114181,0,939.495,2314.11,1673.447151,860.032,5640.791,12122.439,1.303711386,1,2.50632292,7.222190255,1.303711386,2500.938145,390,428.9208077,2252.93,0.7452449481,0.195744155,0.1026912542,0.9661801773,90.20528056,6.714129444,1.033333333,82.45774913,6.864646467e-05,0,0,15,101.6313511,0.9939277878,1.229397481,0.98125,0.01875,800,143420.605,174,58,2865,674,149.6957226,0,1057.966,2426.735,1355.651269,734.001,4934.167,8695.776,1.387047923,1,3.052864631,10.3765913,490,102.9495653,0,696.117,2200.907,1489.955837,736.949,4308.856,14275.528,1.166550685,1,2.098153327,4.664190989,303,152.5907624,0,1009.39,2295.895,2386.309601,1295.128,7934.927,13651.835,1.282889561,1,2.613186258,5.535257866,133,192.8049925,0,1519.472,2474.115,2335.912158,1256.642,9994.052,14700.107,1.434154474,1,3.538190881,10.5904144,800,132.0214587,0,863.328,2252.93,1693.990351,830.378,6130.618,13651.835,1.309529996,1,2.367557406,7.647441674,629,130.891221,0,955.438,2295.895,1655.673636,895.714,5533.967,11139.827,1.271770054,1,2.456549689,5.616415768,171,206.2603743,0,1374.402,2697.389,1642.716041,899.768,5628.353,9534.927,1.393981621,1,3.694988746,10.3765913
s15-fail-ckpt-long,fifo+topology_aware+easy_predicted,9,0.332928726,0.08379336316,0.1787316377,0.03610709387,0.03022670025,0.00406993101,2000,1600,0,469.1337594,0,2622.013,6588.295,2908.097366,1591.02,9489.766,17808.118,1.633650599,1,4.545861134,11.1315345,1.633650599,3867.692433,346,1499.176396,6234.752,0.7868215957,0.1754155244,0.1119188344,0.9638929061,163.7271072,25.08106856,2.9,135.7459608,7.785858588e-05,0,0,24,210.8315044,0.995930069,1.151289698,0.9697732997,0.03022670025,794,210674.934,142,62,3218,645,446.233862,0,2676.324,6234.752,2865.462353,1606.034,8653.892,16787.21,1.563363918,1,4.614586712,11.05427731,474,476.7986392,0,2622.013,6839.124,2878.950295,1629.868,10311.883,14205.932,1.580806958,1,4.024087316,12.65255462,330,448.5831,0,2024.702,8007.597,3236.364427,1730.302,11378.759,20758.263,1.770867067,1,4.545861134,18.77517767,151,587.8026225,0,4497.297,5812.785,2464.303755,1183.769,9613.822,13637.962,1.799884773,1,6.268262468,9.965942013,806,486.5062333,0,2676.324,6588.295,2995.125996,1613.239,10406.415,18589.958,1.627461308,1,4.567155182,10.43615736,627,474.4686093,0,2583.415,7041.373,2922.950152,1624.302,8855.837,17808.118,1.700063024,1,4.675109437,18.02100492,167,365.258521,0,2546.393,4978.244,2432.302323,1254.62,8409.476,16394.706,1.414177415,1,3.415569174,7.818804525
s15-fail-ckpt-long,fifo+topology_aware+easy_predicted,10,1.365166482,0.2466834671,0.7983554344,0.06195009903,0.2509752926,0.007202188694,2000,1600,0,3255.365399,1559.411,11711.963,14627.816,6144.323674,4026.464,17676.037,28604.532,4.124057631,1.954511817,13.38278765,27.76145417,4.124057631,7428.222929,352,7914.885634,14228.699,0.9311208473,0.2116739435,0.2307897521,0.938049901,391.1052853,59.21623906,6.6,325.2889578,8.844444445e-05,0,0,25,223.3632333,0.9927978113,1.268402409,0.7490247074,0.2509752926,769,281945.11,202,86,3855,626,3123.40101,1350.242,11515.353,13984.689,5938.687286,3962.043,16740.963,23407.47,4.105493963,1.9283633,13.87298163,27.46891347,484,3555.112574,1754.448,12291.232,16185.146,7421.858595,4953.718,21929.737,36313.336,4.249585423,1.88561216,13.30163397,45.56250756,343,3152.483528,1567.17,11406.303,13177.148,5408.868711,3702.619,14964.445,23810.445,3.723929457,1.879049724,11.85757666,20.61083742,147,3070.471224,1504.368,10923.926,13380.281,4529.783054,2984.768,14078.756,15660.056,4.723441092,2.479781406,14.66879876,32.08093376,831,3294.94987,1653.685,11794.833,14935.492,6090.616236,4196.891,18432.597,25660.496,4.387226396,1.962729279,14.34305479,31.48711667,627,3233.287683,1356.588,11800.901,14228.699,6238.233992,3807.811,17252.159,33698.659,3.913298133,1.91114041,12.91954404,27.12818298,142,3121.196613,1602.617,11212.46,13505.864,6043.965303,4179.894,16808.245,29449.241,3.514571447,2.033393635,10.31939712,23.90200365
s15-fail-ckpt-long,fifo+topology_aware+easy_predicted,11,0.4441689698,0.07586675052,0.306914238,0.02910858298,0.03205918619,0.0002202121218,2000,1600,0,635.1330462,0,4502.466,6976.245,3440.635201,1892.215,10890.87,23045.539,1.600725426,1,4.115835665,9.938937122,1.600725426,2982.94106,333,1908.466348,6976.245,0.7965458049,0.1271489361,0.1069911713,0.970891417,135.6339622,18.53731156,2.5,114.5965689,8.177777779e-05,0,0,13,89.90758222,0.9997797879,1.039946417,0.9679408138,0.03205918619,811,257446.25,136,52,2984,640,628.1734062,0,4647.565,6757.941,3921.029841,2096.038,13074.115,26817.081,1.587466782,1,4.013417743,9.631025984,470,707.1386872,0,5012.53,7076.914,2846.212368,1739.474,8518.565,13342.912,1.61151667,1,4.922677798,9.617300199,327,459.7866911,0,2805.285,5920.06,3022.643205,1589.941,10081.605,26474.038,1.628500824,1,4.054183091,12.01979267,163,806.6040675,0,4502.466,7281.159,4106.951423,2301.521,12987.225,27717.32,1.565946857,1,3.513511054,8.173454035,789,728.1252041,0,4988.322,7136.438,3618.477733,1998.921,11132.601,26406.048,1.676712364,1,4.699381969,11.62905594,653,566.8954778,0,3984.394,6757.941,3092.249881,1738.261,10418.539,17801.209,1.569456462,1,3.809911361,8.173454035,158,452.7806392,0,3653.519,5759.434,3992.393785,2084.291,16446.7,29359.14,1.350503526,1,3.46806942,6.1792239
s15-fail-ckpt-long,fifo+topology_aware+easy_predicted,12,0.1636040853,0.03641150775,0.08718890965,0.03050218254,0.006075334143,0.003426151179,2000,1600,0,178.8373156,0,1279.071,3354.516,2707.707325,1516.639,9082.635,18528.302,1.271284439,1,1.975355227,5.980457096,1.271284439,2720.671056,349,700.9707822,3290.223,0.733868429,0.2020990178,0.1186059456,0.9694978175,123.4746456,30.28285889,2.1,91.09171184,7.482828283e-05,0,0,20,275.5123622,0.9965738488,1.162804757,0.9939246659,0.006075334143,823,232305.539,124,45,3008,597,173.1463266,0,1291.163,3908.133,1659.208075,963.109,5682.023,10005.906,1.327196192,1,2.327893789,7.566333962,519,171.3272832,0,1211.774,2993.992,3913.347915,1931.771,15091.977,23590.014,1.303474439,1,1.912626198,5.646619088,324,167.8878025,0,1068.626,2792.651,2999.471182,2002.981,8629.597,12544.073,1.141374924,1,1.71584282,3.721035538,160,246.60525,0,1660.11,3418.646,2118.301675,1414.106,5588.553,12484.475,1.221314163,1,2.088375109,5.442124674,777,186.4725972,0,1326.96,3290.223,2702.73426,1533.461,9749.628,20139.327,1.281831178,1,2.070637585,5.980457096,660,192.0632394,0,1293.031,4023.041,2700.605786,1566.922,9082.635,17027.219,1.290686138,1,1.969518602,7.528072273,163,88.88809202,0,526.448,1504.578,2760.167982,1301.141,8695.297,28479.054,1.142450462,1,1.71584282,5.745492168
s15-fail-ckpt-long,fifo+topology_aware+easy_predicted,13,0.2695207938,0.05565611026,0.1363676098,0.04940553706,0.0221402214,0.005951315258,2000,1600,0,304.3090906,0,2000.528,3594.828,2430.333205,1576.614,7210.147,12676.055,1.412886672,1,3.019391261,6.602959123,1.412886672,2852.241236,351,906.3990028,3495.31,0.8196964023,0.1813123514,0.121403952,0.9505944629,191.0975606,45.45781389,4.533333333,141.1063509,6.242424246e-05,0,0,17,163.65594,0.9940486847,1.219431608,0.9778597786,0.0221402214,813,184122.363,181,62,3112,628,315.3041815,0,1847.032,3546.15,2463.38821,1745.948,7151.086,11565.637,1.309814715,1,2.917194539,5.250298684,479,306.590643,0,2304.122,4560.016,2262.209509,1284.815,6994.586,13717.918,1.442936221,1,3.711280201,8.580910688,328,286.1792622,0,2000.528,3495.31,2133.614979,1411.044,6091.18,11303.185,1.597229464,1,2.714244854,13.26134253,165,291.8775939,0,1794.826,3558.232,3382.431903,2037.44,11140.416,17584.985,1.351498912,1,3.062097342,9.623236062,787,302.0056582,0,2036.696,3847.054,2421.865621,1551.955,6956.605,13516.357,1.466267699,1,3.062097342,6.97065563,643,307.5640607,0,1807.3,3594.828,2394.222398,1621.169,7450.191,11565.637,1.351884469,1,3.002302222,6.120899918,170,302.6611824,0,2165.577,3875.136,2606.116953,1465.03,8858.272,19954.204,1.396495781,1,2.803681714,8.580910688
s15-fail-ckpt-long,fifo+topology_aware+easy_predicted,14,0.2676357707,0.06156040882,0.127671902,0.04855042672,0.01761006289,0.01224297024,2000,1600,0,277.0604738,0,1872.961,4669.222,2276.772908,1211.515,7857.101,14323.807,1.453755034,1,3.339704474,10.23364251,1.453755034,2750.472149,378,962.0257063,4546.656,0.8082359781,0.2068149711,0.1229298182,0.9514495733,187.0258314,9.920801611,1.566666667,175.5382751,8.804040408e-05,0,0,9,37.37168889,0.9877570298,1.304945212,0.9823899371,0.01761006289,795,178937.446,149,64,2952,594,304.6127862,0,1966.446,4699.962,1719.256226,831.234,6388.907,11926.055,1.674249275,1,4.570785194,16.53608864,514,280.8397374,0,1872.961,5192.694,2655.241442,1686.142,8078.313,13281.989,1.283003501,1,2.728006831,6.151665415,336,218.3822232,0,1563.367,3843.333,1839.821003,1010.136,6435.152,10886.357,1.39825639,1,3.339704474,9.41528218,156,286.0814808,0,1860.169,5786.221,4093.746776,1811.75,17831.702,31756.379,1.296320762,1,3.00525616,4.085096663,805,269.9238037,0,1803.562,4738.24,2278.794145,1201.096,7744.497,13692.888,1.388622496,1,3.237663999,8.08325399,635,289.1600472,0,1966.446,4699.962,2210.75897,1226.956,7755.366,15756.096,1.574424949,1,3.964656313,13.25008976,160,264.9466625,0,1848.788,4546.656,2528.596375,1136.419,9393.343,25809.39,1.302544395,1,2.386424935,4.582284571
s15-fail-ckpt-long,fifo+topology_aware+easy_predicted,15,1.344619244,0.2420163957,0.8632338792,0.061793377,0.17039801,0.007177582444,2000,1600,0,2673.479052,179.323,12663.737,19630.206,5776.052299,3601.847,19276.684,27751.434,3.709328514,1.097939784,13.12959506,27.57198115,3.709328514,6802.995095,357,5902.225263,18824.194,0.8795343916,0.2170635218,0.1607685017,0.938206623,367.4564533,49.13497111,4.133333333,314.1880489,0.0001000000001,0,0,7,181.01602,0.9928224176,1.238729773,0.82960199,0.17039801,804,278084.584,174,72,3666,654,2549.292352,158.11,12184.278,19520.83,5145.019156,3139.896,17435.897,26269.028,3.688307081,1.12087346,13.22419874,29.10636281,498,2990.670904,331.806,12950.078,20501.185,7197.282267,5086.509,20624.782,43691.579,3.511166024,1.119419741,10.74793666,26.03736517,299,2309.988963,0,12563.919,19630.206,4315.023405,2024.414,17461.755,26549.041,4.231523182,1,16.10508304,35.6979492,149,2887.842121,434.026,13563.791,19674.304,6727.534121,4768.638,22738.709,37313.451,3.416017985,1.140056054,14.33443614,21.12970175,796,2720.14332,279.21,12184.278,19821.707,6071.20806,3889.769,20259.284,29151.166,3.588600382,1.126162648,11.90126498,26.93436507,652,2589.241032,134.486,12749.996,20501.185,5593.807333,3581.652,17540.693,27488.02,3.853261936,1.059670699,13.54186067,30.56299266,152,2790.442421,81.583,13214.898,16796.27,5012.103171,2477.835,18612.784,27104.058,3.72416405,1.072313956,15.46990847,30.69170725
s15-fail-ckpt-long,fifo+topology_aware+easy_predicted,16,0.650298671,0.1969246918,0.2967669393,0.05095243954,0.09577114428,0.009883456097,2000,1600,0,1199.30548,347.736,4353.604,6827.673,2857.056119,1735.851,8733.771,15970.962,3.157521443,1.351875421,10.68333182,25.46092569,3.157521443,6903.336597,364,3054.27233,6774.89,0.9269759148,0.2501752495,0.1835168685,0.9490475605,183.1445792,13.74668806,1.066666667,168.3311353,8.917171719e-05,0,0,6,23.43842,0.9901165439,1.292457156,0.9042288557,0.09577114428,804,142808.948,233,99,3760,625,1077.818834,335.668,3908.729,6521.905,2501.469355,1418.62,7959.997,15970.962,3.231063172,1.351875421,11.18802041,25.0335535,493,1312.353353,371.757,4907.306,7214.924,3302.307183,1984.556,10455.632,16632.944,3.195469614,1.363629237,9.31915,27.81199286,322,1185.34637,255.674,4260.828,6661.456,2610.793599,1811.214,7841.319,9687.048,3.268885099,1.384705097,12.95655733,24.52033023,160,1353.626644,455.541,4055.487,9087.166,3369.7404,2569.121,8297.818,21740.493,2.529201904,1.236497767,7.851070243,13.33874039,796,1169.631771,338.508,4469.467,7023.261,2887.159544,1685.295,9342.067,16944.14,3.094379073,1.319922662,10.33311782,28.30167839,633,1184.363096,344.483,4143.579,6777.177,2791.973724,1748.898,8030.116,12567.867,3.071258186,1.38402936,9.681908474,24.00762038,171,1392.74876,475.986,4658.403,7214.924,2957.844602,2012.99,7911.318,12414.386,3.77077272,1.393684339,13.48577054,36.03071816
s15-fail-ckpt-long,fifo+topology_aware+easy_predicted,17,0.7223407936,0.1167678846,0.453197928,0.05044113492,0.08997429306,0.011959553,2000,1600,0,998.5440888,0,6648.464,9766.886,3828.585094,2222.823,12820.733,21912.88,1.951692208,1,6.334756932,13.70701667,1.951692208,3696.609961,372,3039.382575,9426.206,0.8613254791,0.1838201054,0.1398977843,0.9495588651,281.9181858,44.72351872,3.066666667,234.1279091,9.131313134e-05,0,0,35,179.8683756,0.988040447,1.361981252,0.9100257069,0.08997429306,778,249637.681,190,70,3417,628,1049.050514,0,6888.676,9824.29,4072.244685,2466.807,13259.37,18963.887,1.894994343,1,6.079870955,13.20846972,486,969.8632202,0,6418.338,9248.954,4304.231372,2574.849,14387.576,24562.437,1.913729301,1,5.279748182,13.70701667,340,1048.607326,0,6492.624,9813.652,2942.702415,1290.089,10448.162,23009.96,2.24191832,1,7.353126022,14.71271569,146,760.1835822,0,4844.894,9892.674,3260.213842,2105.559,11209.629,19029.616,1.646071351,1,4.235987676,12.53782053,822,945.6538212,0,6283.981,9414.18,3734.275474,2222.823,12547.428,19248.979,1.910476695,1,6.336081369,13.38901909,617,1065.102117,0,7382.65,9892.674,3966.616465,2246.804,13682.44,23429.67,1.893468537,1,5.688967236,14.71271569,161,1013.509907,0,6317.52,8953.267,3781.113988,2163.086,11595.201,21912.88,2.385252188,1,7.353126022,17.65344131
s15-fail-ckpt-long,fifo+topology_aware+easy_predicted,18,0.2004024651,0.03884278481,0.09879577464,0.03097506977,0.01008827238,0.0217005635,2000,1600,0,217.1687587,0,1449.345,4509.926,4219.644877,1714.039,16674.6,34132.782,1.324925086,1,2.107254073,6.387298814,1.324925086,2556.085266,356,765.3713202,4447.152,0.7239305587,0.1390280268,0.1055507141,0.9690249302,204.7204719,47.67897906,2.633333333,154.4080941,6.545454548e-05,0,0,29,132.8816133,0.9782994365,1.405411844,0.9899117276,0.01008827238,793,390125.266,110,39,2647,654,218.8518976,0,1597.519,4447.152,6684.934092,3075.06,22769.788,46925.048,1.171083616,1,1.816339179,4.310500471,489,241.6111595,0,1486.151,4805.366,2834.498413,1243.615,11283.095,16454.032,1.632889687,1,2.836926823,10.53726271,318,204.4321541,0,1449.345,5050.288,1624.76894,1084.008,5420.689,7740.894,1.239025362,1,2.430168861,6.103411422,139,152.3999353,0,721.511,3647.108,3429.774532,1715.473,15008.808,17876.58,1.161858493,1,2.102549747,4.044460156,807,234.3301673,0,1597.519,4509.926,3843.658404,1653.238,16230.783,26405.192,1.466482631,1,2.385615314,7.965237447,633,204.9298468,0,1449.345,4447.152,4767.989968,1727.122,18882.012,38563.639,1.177950626,1,1.916833912,5.721459484,160,179.0311,0,828.611,5643.707,3946.636381,1947.278,11371.559,46925.048,1.192411922,1,1.681979602,7.852893549
s15-fail-ckpt-long,fifo+topology_aware+easy_predicted,19,0.1423014588,0.03473959438,0.05739840609,0.03271410618,0.01083032491,0.006619027263,2000,1600,0,135.2772075,0,842.041,2858.766,2752.445254,1209.812,9220.543,26465.028,1.293823983,1,1.884652506,6.211771384,1.293823983,2502.134791,338,472.6978994,2858.766,0.7370305507,0.1539671008,0.08703535691,0.9672858938,154.2961764,44.59764528,3.033333333,106.6651563,4.149494952e-05,0,0,33,147.9071067,0.9933809727,1.230753975,0.9891696751,0.01083032491,831,268118.137,126,47,2781,656,137.3100381,0,857.055,2708.244,3920.641047,1676.159,13497.279,42543.581,1.186036462,1,1.848173846,4.390755236,468,140.9366902,0,903.56,2992.522,1777.045331,705.666,7042.073,15923.809,1.45971909,1,2.745066062,11.47713998,316,118.5145886,0,783.936,2858.766,2260.304278,1051.6,7996.718,17476.555,1.308627103,1,1.630028723,9.051930978,160,143.4947875,0,695.7,3583.433,1787.8657,926.504,5706.92,13726.039,1.221273464,1,1.738011351,5.576723896,769,146.8901834,0,856.853,3585.579,2694.721313,1294.817,8492.444,23129.67,1.30116315,1,1.884652506,6.211771384,662,120.8822915,0,829.363,2627.298,2808.659154,1113.395,10349.06,28158.885,1.287735654,1,1.873434818,9.051930978,169,138.8219172,0,1304.398,2678.531,2794.907432,1139.202,10955.622,27094.338,1.284277557,1,2.227636031,8.493190885
s15-fail-ckpt-long,fifo+topology_aware+easy_predicted,20,0.8492817738,0.146467759,0.5058539706,0.05331277308,0.09838107098,0.04526620003,2000,1600,0,1194.662233,0,7420.934,11772.832,4314.765484,2158.839,15015.262,27381.628,2.450601721,1,7.946000352,21.3156018,2.450601721,4345.515083,353,3401.321453,11668.624,0.8072414421,0.1452560369,0.1059431735,0.9466872269,296.3941858,78.71689694,6.033333333,211.6438769,7.86666667e-05,0,0,15,224.7686,0.9547338,1.670753366,0.901618929,0.09838107098,803,268593.303,137,47,3078,645,1354.867088,0,8119.524,11897.617,6530.104336,3972.782,18990.25,39676.774,2.115280067,1,7.225064006,18.82482899,467,1097.234805,0,6999.553,9814.157,2415.11555,1346.562,9398.862,14512.593,3.040496859,1,12.05101365,37.5326,310,1247.307094,0,7668.858,12024.975,3700.474068,2240.735,12857.21,17820.763,1.871429241,1,6.236922871,11.21986406,178,778.0699326,0,4709.363,11062.37,2341.019972,1128.894,8767.696,17793.983,3.126696702,1,8.426911331,85.02358333,797,1184.29128,0,7783.973,11772.832,4253.823153,2081.34,14705.602,27381.628,2.182711733,1,7.689715878,17.21882779,621,1232.357826,0,7161.943,12021.321,4564.639924,2214.983,15793.813,33863.018,2.732579144,1,9.36616853,34.30810245,182,1111.457214,0,7275.317,10905.174,3729.045764,2072.256,13104.733,26947.917,2.661592605,1,7.159303353,45.93279698
s15-fail-ckpt-long,shortest_estimate+topology_aware+easy_predicted,1,0.1266657356,0.03066967667,0.04300546815,0.03304149603,0.01724137931,0.002707715423,2000,1600,0,129.0514831,0,630.895,2727.635,3330.769474,1342.267,10509.851,46326.346,1.150681948,1,1.663856013,4.707670656,1.150681948,2255.525307,370,493.5387595,2595.39,0.7318235932,0.1643640935,0.1109782041,0.966958504,191.4826431,43.77781194,3.2,144.5047531,7.802020205e-05,0,0,13,138.30232,0.9972922846,1.154882243,0.9827586207,0.01724137931,812,331001.651,133,63,2700,647,168.0018934,0,825.949,3725.592,2478.214155,1607.846,7965.657,15033.631,1.223554389,1,1.821056611,5.946566667,468,76.95148291,0,589.262,1644.724,1681.68297,968.404,6277.771,9235.755,1.125746838,1,1.731006855,4.776116428,333,87.96619219,0,554.426,1913.086,7385.667649,1338.878,46326.346,86400,1.059462466,1,1.299180983,2.315081582,152,213.6783684,0,852.29,9290.863,3153.760816,1926.776,10750.48,18306.244,1.117111223,1,2.050114452,2.92225029,788,99.40682107,0,544.596,2610.507,3278.888858,1413.612,9411.102,48633.587,1.155306663,1,1.416389596,4.724111846,648,153.1852978,0,859.631,2779.918,3289.651478,1293.835,11604.06,44785.025,1.126647675,1,1.885322999,4.707670656,164,176.1324695,0,1396.292,2797.669,3742.515738,1296.725,10592.152,67156.945,1.223425447,1,2.327034478,5.946566667
s15-fail-ckpt-long,shortest_estimate+topology_aware+easy_predicted,2,0.1619161565,0.03058483375,0.05938959754,0.05455225681,0.01668806162,0.0007014067496,2000,1600,0,208.1790069,0,871.252,4838.337,3486.522069,1624.936,13218.058,27638.673,1.119322307,1,1.659253213,3.149778782,1.119322307,2225.278412,332,920.1113102,4838.337,0.7547477742,0.2004460689,0.1116691978,0.9454477432,337.2832597,45.11880506,4.433333333,287.7310344,8.694949499e-05,0,0,28,232.5392467,0.9992985933,1.071928021,0.9833119384,0.01668806162,779,314531.361,169,65,2990,636,286.007761,0,871.252,8587.232,4942.136236,2142.908,18436.322,33047.421,1.094033979,1,1.641209504,2.702861742,502,179.0321653,0,886.611,3561.336,2715.148876,1532.933,8259.278,19174.723,1.111649676,1,1.521045286,3.565209016,311,115.9750257,0,859.286,2481.475,1876.256103,1164.749,6393.507,8940.839,1.172725679,1,1.865345816,4.773157774,151,167.1728146,0,878.074,3513.388,3236.531662,1705.867,10198.292,29632.034,1.141352695,1,1.859428823,3.466788308,821,238.7241839,0,794.083,7308.712,3642.906951,1665.627,13303.215,29194.771,1.098578617,1,1.589560042,3.017695867,635,147.4693449,0,846.613,2923.783,3317.779876,1625.908,11566.324,26195.045,1.130689916,1,1.661558097,3.149778782,144,301.7418194,0,1427.419,5867.403,3339.017243,1532.933,13802.225,27939.411,1.187462152,1,1.996473652,5.44168116
s15-fail-ckpt-long,shortest_estimate+topology_aware+easy_predicted,3,0.2491282615,0.04868322034,0.123234785,0.05029368914,0.02587322122,0.001043345758,2000,1600,0,398.3610094,0,1807.868,7552.673,3057.807508,1376.55,11812.887,24531.463,1.312717272,1,2.64110606,5.817829091,1.312717272,2615.008481,377,1496.910133,7361.514,0.8430690896,0.3524309344,0.1648627126,0.9497063109,238.1115833,55.55016511,2.766666667,179.7946612,9.034343438e-05,0,0,8,55.07759111,0.9989566542,1.092631459,0.9741267788,0.02587322122,773,209476.042,285,145,3410,639,439.853169,0,1941.586,8265.671,4321.965368,1969.556,15659.254,31793.094,1.276792794,1,2.454802992,5.635172145,481,285.0277755,0,1325.827,6827.092,1936.069763,1036.704,6310.169,12802.154,1.332943803,1,2.821551705,6.89264592,318,496.4223145,0,1845.254,8121.381,2719.082113,1386.863,10218.979,17382.741,1.312360716,1,2.715746674,4.965733333,162,378.7085432,0,1750.539,7864.664,2066.904167,1022.141,7119.247,13790.85,1.395063973,1,3.017441478,7.946001025,827,452.633347,0,1838.248,8121.381,3138.78088,1386.863,12457.329,25291.065,1.290765374,1,2.660393052,5.636538038,629,350.0199475,0,1778.577,7552.673,2888.472215,1352.506,10885.264,21125.208,1.36079514,1,2.64110606,7.219377123,144,297.8284028,0,1672.114,5697.408,3332.438903,1402.609,13379.951,30617.045,1.228781444,1,2.260050544,6.106556486
s15-fail-ckpt-long,shortest_estimate+topology_aware+easy_predicted,4,0.2209521884,0.03727341142,0.09217332995,0.05382855322,0.03178807947,0.005888814337,2000,1600,0,257.1575056,0,1352.193,4915.677,2887.044312,1588.009,9914.797,18067.221,1.21695045,1,2.022114233,5.029188329,1.21695045,2452.669339,354,1035.836102,4588.44,0.8184027232,0.3729017182,0.1885411108,0.9461714468,261.4261542,47.59453817,5.333333333,208.498188,9.470707074e-05,0,0,18,177.5775067,0.9941111857,1.223835,0.9682119205,0.03178807947,755,223893.334,216,101,3400,615,222.1256049,0,1395.256,3778.185,2219.28826,1031.881,9132.674,13598.83,1.33827963,1,3.11031356,7.18347991,495,337.0150707,0,1352.193,8583.769,4036.80737,2385.688,13736.119,30674.825,1.09351312,1,1.595762116,2.79435882,334,205.1457515,0,1303.735,3641.938,2544.40832,1588.009,8458.75,12894.415,1.158359742,1,1.936709835,4.29950946,156,253.2283397,0,1411.657,7637.741,2604.849949,1825.604,7447.028,18067.221,1.255753838,1,2.34196962,8.188834219,845,249.4943515,0,1114.592,4588.44,2999.536107,1626.974,10237.227,18671.582,1.184842535,1,1.945838465,4.194533333,608,222.8801201,0,1347.654,3900.214,2726.195768,1580.585,8961.763,16275.339,1.236452874,1,1.936709835,4.652127156,147,442.9807415,0,2276.474,8583.769,2905.686136,1492.819,11202.311,17045.224,1.32085326,1,3.218321205,5.887215238
s15-fail-ckpt-long,shortest_estimate+topology_aware+easy_predicted,5,0.1247056164,0.02729007529,0.03662392143,0.05246715458,0.007957559682,0.0003669053824,2000,1600,0,124.6290831,0,537.277,2472.287,2322.464131,1502.463,6827.049,12869.162,1.083322375,1,1.480509767,2.71566279,1.083322375,2163.099893,334,536.492506,2472.287,0.7526368017,0.2433300214,0.1210446228,0.9475328454,199.6782442,48.63417439,2.966666667,148.0773348,6.832323235e-05,0,0,15,139.3210467,0.9996330946,1.055232985,0.9920424403,0.007957559682,754,209571.24,155,65,2942,639,141.2258764,0,782.58,2472.287,2297.232984,1394.534,6699.557,15316.734,1.104898159,1,1.563001964,2.953316891,486,163.2540021,0,471.531,4911.991,1989.10723,1267.847,6037.711,11945.19,1.078995583,1,1.447661264,2.71566279,322,51.06803416,0,313.002,1398.338,2820.982127,2246.104,7466.276,11427.432,1.0470656,1,1.266784251,1.924295284,153,87.43690196,0,690.967,2120.959,2437.571072,1543.269,7533.206,14317.204,1.083260783,1,1.535343706,3.023133333,846,144.7121229,0,572.239,3153.09,2376.471509,1462.688,7466.276,13621.894,1.079891694,1,1.473778614,2.538858166,602,96.6727392,0,459.342,1733.929,2223.207792,1512.628,6289.937,10326.438,1.089151787,1,1.489666329,3.042192689,152,123.5729474,0,365.27,5275.137,2414.977776,1533.162,7017.101,14738.915,1.079329286,1,1.493428443,2.721220916
s15-fail-ckpt-long,shortest_estimate+topology_aware+easy_predicted,6,0.2505836321,0.04983492988,0.1161442457,0.05850983974,0.0198019802,0.006292636537,2000,1600,0,433.5464975,0,1703.849,7757.839,2378.673808,1220.953,8470.111,19223.655,1.273855075,1,2.703587281,5.324451064,1.273855075,2534.366506,388,1686.621474,6823.427,0.8659411363,0.4115942267,0.2074669472,0.9414901603,211.3044681,29.9260405,2.3,179.0783194,0.0001081212121,0,0,14,83.74482222,0.9937073635,1.206605413,0.9801980198,0.0198019802,808,173864.195,308,153,3731,647,452.755694,0,1999.191,7761.507,2546.072434,1314.718,8890.374,17868.412,1.283462222,1,2.703587281,5.65374074,472,256.0326271,0,1303.03,6274.26,2061.383445,1201.874,7337.341,13309.675,1.224484343,1,2.241664552,4.221785495,318,283.8165723,0,1131.315,3426.422,1554.878959,1018.256,4520.166,6346.034,1.223703103,1,2.345666974,4.578535994,163,1163.437988,0,7115.924,30805.004,4240.15173,1416.266,18111.149,38078.655,1.476526788,1,4.122842297,6.886951544,792,423.5143232,0,1313.307,9446.207,2454.780749,1243.27,8676.918,22993.578,1.276778633,1,2.693535486,5.65374074,644,441.8467376,0,1856.095,7115.924,2267.331134,1198.489,7913.353,13342.654,1.292132742,1,2.94164638,5.065714241,164,449.4009329,0,1703.849,13919.596,2448.35664,1216.969,8719.14,18119.103,1.187963155,1,1.984711958,4.204566746
s15-fail-ckpt-long,shortest_estimate+topology_aware+easy_predicted,7,0.14154644,0.03312529261,0.07333857156,0.02314968707,0.0111662531,0.000766635676,2000,1600,0,198.9809319,0,1075.885,4262.653,4020.089655,1527.754,15040.373,41541.625,1.184602957,1,1.797075264,4.014826804,1.184602957,2305.856565,369,767.3771247,4193.973,0.7661484451,0.1713685659,0.1058768124,0.9768503129,158.8498747,32.2475325,3.3,123.3022482,9.406060609e-05,0,0,26,138.07106,0.9992333643,1.077783641,0.9888337469,0.0111662531,806,387786.479,194,85,2752,632,203.1518418,0,937.383,5892.936,3554.390712,1456.162,13201.955,33322.781,1.147025483,1,1.731925034,4.014826804,504,190.8032143,0,1194.332,4193.973,5849.058018,1888.919,30328.039,68088.711,1.236245301,1,1.937291451,7.449639484,308,183.4308344,0,590.854,3600.967,2671.710649,1126.838,9947.409,24778.908,1.184822859,1,1.78064414,3.381646101,156,239.2051923,0,1863.15,6322.564,2659.976904,1475.751,9333.713,14449.238,1.169561242,1,1.904095166,5.558312434,794,169.2757355,0,991.345,3594.715,4137.185409,1606.06,14323.214,46953.934,1.161754011,1,1.708595984,3.266019847,644,205.1549798,0,1109.945,4872.554,3933.328621,1464.974,15669.563,41541.625,1.223099653,1,1.904095166,5.214649511,162,320.029321,0,711.458,12349.503,3791.077784,1507.748,14449.238,33322.781,1.143554753,1,1.731925034,4.014826804
s15-fail-ckpt-long,shortest_estimate+topology_aware+easy_predicted,8,0.1131123854,0.03189392491,0.03423007455,0.03652645446,0.01,0.00046193151,2000,1600,0,99.92762937,0,502.159,2269.36,1632.736909,769.913,5859.484,12552.278,1.123627859,1,1.730272521,3.230323256,1.123627859,2208.494891,390,358.7230462,1980.069,0.7472813838,0.2550117468,0.1110500688,0.9634735455,97.69818194,31.95379661,2.633333333,63.11099846,5.353535354e-05,0,0,14,101.6313511,0.9995380685,1.057745596,0.99,0.01,800,143420.605,197,93,2896,674,107.0323131,0,527.096,2554.057,1312.021479,658.704,4980.904,8855.006,1.146133884,1,1.929789539,3.74927397,490,51.48628571,0,347.817,930.605,1435.836365,673.846,4308.856,14275.528,1.083562899,1,1.637122884,2.605057174,303,146.1508449,0,691.177,3281.04,2359.808175,1190.666,8006.925,13651.835,1.138501222,1,1.59504889,4.447483333,133,137.0860301,0,789.914,2842.872,2327.02918,1107.103,9994.052,18130.199,1.123298089,1,1.938936011,2.993045476,800,94.07310125,0,442.544,2167.695,1650.65803,735.885,5891.08,13651.835,1.120239794,1,1.696524325,3.30909599,629,95.37037202,0,510.573,2205.131,1623.271957,827.371,5575.48,11139.827,1.122561266,1,1.729612572,3.02981396,171,144.0804795,0,756.798,2842.384,1583.71093,799.359,6444.862,9956.346,1.143401772,1,2.025961524,3.230323256
s15-fail-ckpt-long,shortest_estimate+topology_aware+easy_predicted,9,0.1544595824,0.03334145062,0.06229911877,0.04840411406,0.01007556675,0.0003393322365,2000,1600,0,245.4679556,0,913.935,5676.71,2705.346675,1255.328,9489.766,20242.309,1.147706547,1,1.80880202,3.745131924,1.147706547,2348.245666,346,1052.974754,5651.537,0.7918711332,0.2823069707,0.1519590826,0.9515958859,222.3241075,52.35758572,5.1,164.8664378,8.400000003e-05,0,0,22,210.8315044,0.9996606678,1.047487166,0.9899244332,0.01007556675,794,210845.141,212,109,3435,645,192.3268,0,793.151,4383.71,2616.970005,1309.708,8378.698,17949.113,1.135539062,1,1.67795518,3.707325361,474,296.9849895,0,1160.952,6688.246,2769.2745,1189.342,11020.792,18986.932,1.166273363,1,1.976235251,4.907143281,330,314.8248485,0,908.219,8282.228,3087.259767,1498.429,11946.49,24922.268,1.160517092,1,1.99227943,4.921711847,151,159.171245,0,1026.728,3081.139,2047.531066,927.779,9239.063,13637.962,1.113401101,1,1.686433702,2.6793,806,284.7917097,0,1158.337,6688.246,2819.216501,1243.869,10337.73,20379.266,1.154594415,1,1.80880202,3.96734861,627,186.492496,0,887.924,4383.71,2659.327129,1338.073,8855.837,17808.118,1.145945504,1,1.833799995,3.707325361,167,277.1006946,0,504.054,9420.276,2328.551317,1115.233,8409.476,18986.932,1.121075129,1,1.772580682,2.90733769
s15-fail-ckpt-long,shortest_estimate+topology_aware+easy_predicted,10,0.3682164644,0.0494917238,0.2162875221,0.06292750425,0.03901170351,0.0004980107595,2000,1600,0,838.1285,0,3172.962,17374.526,3726.020154,1494.502,12936.591,38061.847,1.306419125,1,2.684968059,5.339758888,1.306419125,2667.936368,352,3446.685384,15640.695,0.8810241111,0.3807399709,0.220329688,0.9370724958,397.6902453,58.24761372,5.4,334.0425375,9.41010101e-05,0,0,23,223.3632333,0.9995019892,1.06460671,0.9609882965,0.03901170351,769,284911.334,325,158,3903,626,817.1344521,0,2622.207,22013.629,3627.908375,1692.059,12560.432,36167.654,1.302544603,1,2.638862118,5.911994739,484,1265.009134,0,3975.731,33814.998,5133.035581,1472.735,19037.121,53200.398,1.337187921,1,2.687316053,5.351140059,343,484.4162945,0,2548.534,10259.695,2760.154364,1484.014,8490.98,17398.222,1.291664549,1,2.675357804,5.00817509,147,347.3484558,0,2603.955,6974.528,1764.894116,1177.62,6382.435,12264.523,1.256039351,1,2.744221848,4.796218877,831,861.4791408,0,3013.422,25163.89,3668.19646,1503.424,12850.106,38404.175,1.311744365,1,2.875279615,5.339758888,627,890.2669841,0,3329.587,18246.365,3868.303247,1474.16,12996.17,38061.847,1.316410203,1,2.67294542,5.598562963,142,471.2608099,0,2437.644,8711.287,3436.16093,1477.061,13025.342,26765.56,1.231139689,1,2.157800375,4.796218877
s15-fail-ckpt-long,shortest_estimate+topology_aware+easy_predicted,11,0.1718104037,0.03318694361,0.08045624085,0.04115142531,0.01602959309,0.0009862008778,2000,1600,0,298.5878625,0,1180.302,6217.75,3109.482965,1505.492,10987.488,25425.573,1.132345405,1,1.800419883,3.44623173,1.132345405,2223.741558,333,1349.389991,6217.75,0.8023230924,0.2846854423,0.1308290965,0.9588485747,194.1569322,36.22653,3.333333333,154.5969841,8.47676768e-05,0,0,13,89.90758222,0.9990137991,1.082403266,0.9839704069,0.01602959309,811,257446.25,185,82,3142,640,407.2263719,0,2126.275,7726.992,3705.596937,1676.818,13397.554,32730.958,1.13981324,1,1.914983599,3.874208678,470,169.5907766,0,693.934,3377.718,2325.854626,1429.827,7832.078,13118.289,1.101746953,1,1.635023914,2.771178954,327,265.0181988,0,803.397,5295.482,2819.562266,1292.694,10081.605,26307.827,1.181871757,1,1.624247451,6.292989027,163,311.331816,0,1361.054,5928.988,3610.074656,1845.545,12895.651,27956.217,1.091895963,1,1.646849271,2.91991214,789,306.028924,0,1307.888,6383.014,3207.50656,1569.746,11280.078,26817.081,1.142615947,1,1.891066501,3.59470384,653,321.9916279,0,1180.302,7051.991,2849.146737,1427.972,9785.523,21478.493,1.131244554,1,1.695503717,3.44623173,158,164.703962,0,803.397,4551.904,3695.931956,1977.057,14119.809,28751.039,1.085607415,1,1.478693947,3.549166297
s15-fail-ckpt-long,shortest_estimate+topology_aware+easy_predicted,12,0.11050635,0.03051602777,0.04182381385,0.03260924161,0.004860267315,0.0006969994652,2000,1600,0,116.9450275,0,613.56,2672.569,2648.550502,1409.757,9225.9,18503.24,1.135590271,1,1.65552043,3.801882722,1.135590271,2283.650737,349,483.3848854,2586.388,0.7337208057,0.18918298,0.1242769044,0.9673907584,132.2916619,53.16481972,3.4,75.7267718,7.042424243e-05,0,0,28,275.5123622,0.9993030005,1.062424553,0.9951397327,0.004860267315,823,232305.539,147,62,2982,597,81.27406868,0,417.088,1786.623,1575.142725,943.428,5192.069,10455.983,1.154532599,1,1.774985881,4.300766413,519,129.1344836,0,739.007,2672.569,3884.00811,1771.771,14988.272,24245.688,1.153568636,1,1.896633538,3.73110153,324,171.8954568,0,576.367,4355.475,2977.061679,1989.42,8577.837,13100.539,1.086696082,1,1.537740777,2.55675128,160,99.228125,0,421.67,2399.61,1980.952525,1384.397,5588.553,12484.475,1.105605118,1,1.778292867,2.659723514,777,129.8470528,0,663.754,2399.61,2635.455532,1429.48,10458.667,20139.327,1.14158639,1,1.64478714,4.126208377,660,108.9537197,0,576.367,3190.326,2631.520073,1434.929,8863.406,16639.112,1.130066027,1,1.740442976,2.73399131,163,87.80017791,0,185.899,2672.569,2779.93011,1184.832,8725.277,28778.242,1.129375644,1,1.287667376,4.312925118
s15-fail-ckpt-long,shortest_estimate+topology_aware+easy_predicted,13,0.1531841508,0.03368807947,0.05115210033,0.05548594599,0.012300123,0.0005579020166,2000,1600,0,192.4216656,0,750.407,3431.872,2335.525318,1397.229,7358.574,14904.508,1.129928456,1,1.827606929,3.572871709,1.129928456,2261.159339,351,834.4267151,2864.039,0.8057617827,0.2636849747,0.1441169865,0.944514054,215.9978206,60.38750856,3.8,151.8102516,6.03636364e-05,0,0,26,163.65594,0.999442098,1.058018327,0.987699877,0.012300123,813,185105.655,214,111,3140,628,184.911871,0,759.067,2274.236,2320.961006,1548.264,6402.698,13516.357,1.105365009,1,1.637932508,3.02399904,479,151.1482359,0,722.028,4925.465,2131.415691,1120.678,6914.86,14707.371,1.157528157,1,2.243872888,3.972547472,328,117.4000518,0,494.155,2799.928,2005.708369,1166.047,5744.58,11303.185,1.116748187,1,1.660462245,2.409188541,165,489.9562909,0,1401.209,6194.502,3639.130521,2002.438,11753.479,19826.231,1.169496437,1,1.986425571,3.401277085,787,166.9018043,0,694.132,3872.12,2310.562726,1400.391,7151.787,13717.918,1.122611721,1,1.686477503,3.785552741,643,208.7517387,0,798.67,2757.646,2303.908156,1434.84,7538.13,13048.531,1.129194244,1,1.909043674,3.401277085,170,248.7975118,0,722.028,6194.502,2570.674706,1280.983,9387.597,27569.304,1.166577683,1,2.02423111,4.964555793
s15-fail-ckpt-long,shortest_estimate+topology_aware+easy_predicted,14,0.1233795658,0.03435171003,0.04527382178,0.03489748907,0.007547169811,0.00130937513,2000,1600,0,123.3912362,0,664.172,2333.718,2114.11985,1093.745,7672.085,14323.807,1.150366249,1,1.863609451,3.821351844,1.150366249,2257.430338,378,447.7936058,2161.09,0.795072114,0.1976695309,0.1328384097,0.9651025109,132.5302608,9.659423056,1.633333333,121.2374343,7.018181821e-05,0,0,8,37.37168889,0.9986906249,1.098514697,0.9924528302,0.007547169811,795,178937.446,196,95,2891,594,108.9761111,0,581.75,2538.829,1518.596254,718.184,5784.745,11861.555,1.196896375,1,2.084149433,4.399451732,514,137.6775136,0,798.488,2980.335,2504.541525,1551.22,7948.614,14110.163,1.111850984,1,1.757920222,3.065887548,336,111.7107857,0,527.582,1417.023,1718.61586,939.606,5710.02,10684.585,1.15525884,1,1.697807439,4.097800685,156,156.3660385,0,775.167,4593.173,3947.155846,1589.401,17690.944,31756.379,1.089558818,1,1.578259948,2.111977967,805,114.8708683,0,570.798,2171.675,2119.247686,1100.425,7379.112,13316.706,1.144085126,1,1.760582514,3.768551243,635,130.528737,0,726.77,2211.764,2035.622031,1097.229,7672.085,15058.718,1.173985091,1,1.959657715,4.29285,160,137.9323812,0,405.565,4521.718,2399.858644,1017.823,9355.447,25809.39,1.088230868,1,1.777577442,2.580638624
s15-fail-ckpt-long,shortest_estimate+topology_aware+easy_predicted,15,0.3785253939,0.04947107106,0.2184836199,0.06382216081,0.04104477612,0.005703766018,2000,1600,0,649.6224344,0,3205.179,14317.957,3763.182288,1789.748,13969.269,33414.529,1.303063415,1,2.683847631,5.013156335,1.303063415,2548.661554,357,2578.43279,13859.474,0.8622882367,0.4350682283,0.2252317968,0.9361778392,380.3431428,36.16639167,1.666666667,342.5099801,0.0001043636365,0,0,4,181.01602,0.994296234,1.232619503,0.9589552239,0.04104477612,804,288002.354,308,167,3858,654,634.2045291,0,3022.472,15604.851,3267.975509,1585.796,11007.508,27654.476,1.261157083,1,2.831320533,4.684798001,498,914.4080663,0,4407.385,25060.366,5126.709841,2638.326,16514.011,46775.979,1.32280314,1,2.778937567,5.900199987,299,318.599893,0,1747.685,4447.551,2294.504505,1067.849,7914.628,23798.264,1.432189336,1,3.081101547,9.183607782,149,496.5741477,0,2291.057,10855.201,4326.69349,2033.406,18775.461,32570.046,1.161907086,1,2.091207495,2.900435047,796,663.5856495,0,3205.179,16742.742,4036.666558,1848.057,15196.786,38673.037,1.31022156,1,2.543514577,5.934828106,652,661.3075644,0,3400.244,14317.957,3662.846232,1801.164,12763.716,24141.637,1.301393818,1,2.859136721,5.042944441,152,526.3762237,0,3198.111,7387.872,2761.377224,1335.861,8949.813,27654.476,1.272739031,1,2.66179291,4.402084515
s15-fail-ckpt-long,shortest_estimate+topology_aware+easy_predicted,16,0.2456714694,0.04632113663,0.1113225372,0.06654976905,0.01865671642,0.002821310107,2000,1600,0,482.9243219,0,1633.114,10861.465,2148.180979,891.207,7686.073,18896.808,1.270488912,1,2.512961012,5.149638025,1.270488912,2498.51405,364,1990.354206,8935.242,0.8869003861,0.3888781986,0.1956615051,0.9334502309,243.2049717,37.19219583,1.6,204.4126823,9.353535355e-05,0,0,6,23.43842,0.9971786899,1.154061157,0.9813432836,0.01865671642,804,149482.64,338,170,3713,625,483.82296,0,1450.337,7166.591,1904.369627,717.132,6922.177,18596.464,1.257109803,1,2.347816237,5.280861735,493,554.7520081,0,1700.372,15032.04,2570.586454,983.48,9912.427,24573.317,1.292866131,1,2.70505266,5.557350062,322,425.1854037,0,2292.224,9005.957,1855.151658,853.953,6537.651,12599.343,1.323603091,1,2.674472545,5.046454911,160,374.2945313,0,1386.966,4991.326,2388.753712,1290.951,6278.724,18847.255,1.146908968,1,2.004775058,3.029823528,796,489.5419334,0,1845.235,11337.001,2211.828943,870.645,8387.52,19483.778,1.301498522,1,2.599705269,5.444725533,633,477.3551264,0,1495.554,7607.972,2095.997728,948.368,7556.628,16463.106,1.232935124,1,2.424369324,4.560355085,171,472.7353275,0,856.186,8935.242,2045.071146,861.128,5945.259,22799.444,1.265154986,1,2.205668973,6.706841608
s15-fail-ckpt-long,shortest_estimate+topology_aware+easy_predicted,17,0.265458506,0.04290193528,0.137173057,0.05504851972,0.02956298201,0.0007720119348,2000,1600,0,718.3941356,0,2012.344,13742.514,3550.131979,1695.851,11792.097,26300.076,1.235037308,1,2.327466434,4.837522056,1.235037308,2423.664376,372,2886.194202,12770.98,0.834159248,0.3547783958,0.1709473011,0.9449514803,309.1692344,45.52729089,4.066666667,259.575176,0.0001009292929,0,0,31,179.8683756,0.9992279881,1.078563247,0.970437018,0.02956298201,778,266498.075,283,135,3515,628,755.66225,0,2155.763,15527.615,3766.275177,2028.177,12428.059,23528.862,1.213669528,1,2.295419287,4.670640448,486,985.9677963,0,3271.149,27544.156,4343.654051,2122.285,13822.507,49943.753,1.275188544,1,2.475091855,6.04584688,340,394.2224029,0,1215.788,4007.943,2284.461006,915.903,7391.939,23839.909,1.239756944,1,2.415872277,4.721859212,146,422.3202603,0,1654.656,12770.98,2926.422904,1850.123,10024.819,20718.83,1.182302983,1,2.046438979,3.841783651,822,681.8036545,0,1834.007,13742.514,3480.195794,1653.95,10765.414,25222.732,1.205201815,1,2.250131104,4.533989136,617,806.3408217,0,2487.869,13595.168,3703.12124,1720.967,12276.11,28454.42,1.241190626,1,2.325314318,4.570965993,161,568.1722112,0,1310.608,15527.615,3320.897006,1647.387,11209.629,26300.076,1.363783754,1,2.858549085,6.263844706
s15-fail-ckpt-long,shortest_estimate+topology_aware+easy_predicted,18,0.09935445869,0.02647904995,0.03764988503,0.02694761049,0.00630517024,0.001972742993,2000,1600,0,122.5994881,0,552.328,3033.674,4112.115316,1625.19,16690.733,35012.303,1.109155098,1,1.436510954,3.312889122,1.109155098,2197.328021,356,511.6580197,2990.884,0.7219437952,0.1464075396,0.1117357977,0.9730523895,177.3650186,41.55767639,2.866666667,132.9406133,6.222222223e-05,0,0,18,132.8816133,0.998027257,1.118450909,0.9936948298,0.00630517024,793,390125.266,114,48,2675,654,134.4477171,0,511.752,3053.331,6589.829148,3025.514,23461.951,46925.048,1.066914457,1,1.250000079,2.72385032,489,132.2266442,0,806.029,4166.305,2704.742434,1169.11,10667.916,16660.623,1.180710011,1,1.871775383,5.497101017,318,101.7758145,0,432.832,2507.821,1522.237189,995.529,5039.868,9227.834,1.10937549,1,1.724200948,3.075934611,139,80.62471942,0,271.438,2990.884,3330.545079,1568.615,15008.808,17876.58,1.055665476,1,1.259592766,2.142999996,807,111.1412652,0,592.061,3033.674,3713.858046,1548.529,15435.167,25980.821,1.131531418,1,1.523973436,4.211995076,633,151.1181927,0,587.483,3765.7,4698.016512,1683.697,19889.927,38563.639,1.098277967,1,1.425159304,3.175347515,160,67.564775,0,314.644,1494.669,3802.853813,1823.448,12140.43,46925.048,1.039327184,1,1.236386232,1.706197877
s15-fail-ckpt-long,shortest_estimate+topology_aware+easy_predicted,19,0.08579888749,0.02616670589,0.02666680536,0.02404228269,0.004813477738,0.004109615816,2000,1600,0,73.72099,0,391.205,1594.692,2678.107667,1108.738,9683.128,26031.08,1.15342675,1,1.419566023,3.516415069,1.15342675,2269.880367,338,297.6783047,1594.692,0.7308673912,0.154310851,0.09369150718,0.9759577173,112.3879258,33.63407472,2.633333333,76.12048263,3.515151517e-05,0,0,24,147.9071067,0.9958903842,1.175101647,0.9951865223,0.004813477738,831,268118.137,132,56,2734,656,88.8381936,0,462.132,2531.859,3859.739073,1647.431,13502.901,42543.581,1.09911409,1,1.436002031,3.516415069,468,71.1855,0,391.205,1579.166,1708.595855,684.421,6975.626,15676.654,1.191381651,1,1.452847522,3.87295534,316,58.53908861,0,244.644,1400.834,2155.072203,1027.151,7528.268,17476.555,1.253758198,1,1.261871171,4.550264337,160,49.14101875,0,312.797,1043.988,1702.235994,834.545,7415.632,13726.039,1.066935956,1,1.458122974,1.976497098,769,88.14335891,0,517.325,2275.812,2626.298801,1204.353,8637.173,23129.67,1.147334447,1,1.436002031,3.516415069,662,60.04766465,0,374.931,1175.777,2728.514462,1064.927,10028.385,28158.885,1.16519099,1,1.374398847,3.582784521,169,61.65554438,0,273.337,1594.692,2716.401864,1074.442,10955.622,30937.827,1.135066119,1,1.452847522,4.330656659
s15-fail-ckpt-long,shortest_estimate+topology_aware+easy_predicted,20,0.1925621493,0.03763057921,0.08008207872,0.04780488404,0.02490660025,0.002138007051,2000,1600,0,430.1009644,0,1174.813,12120.317,3558.11673,1588.85,13538.978,35276.448,1.214148903,1,2.041490889,5.665824114,1.214148903,2402.101853,353,1805.651402,11696.633,0.7798243057,0.2395590984,0.1241648809,0.952195116,264.2355483,68.33915654,6.433333333,189.4629861,7.232323234e-05,0,0,23,224.7686,0.9978619929,1.113944438,0.9750933998,0.02490660025,803,270951.338,196,82,3136,645,642.0936403,0,2339.252,15345.368,5833.547592,3052.04,20766.676,45427.481,1.232369141,1,2.141596049,4.809815264,467,261.9824111,0,1001.651,4707.848,1592.92333,955.357,5037.016,10078.228,1.264475668,1,2.096606016,7.152865736,310,306.0932484,0,888.726,5367.873,2740.989352,1640.147,8260.604,14152.807,1.145794342,1,1.58287039,5.762135337,178,318.9688315,0,482.079,19375.831,1891.835264,752.07,6673.197,24171.761,1.135133518,1,1.474570127,5.04005709,797,532.2979486,0,1505.401,19375.831,3599.655675,1530.252,14074.982,38418.725,1.233171127,1,1.982814054,5.940265025,621,350.2614461,0,1059.594,9815.227,3704.754533,1643.224,14342.747,36808.201,1.178867007,1,2.065017067,5.366690054,182,254.9874725,0,1171.885,4215.498,2875.871593,1647.354,9003.985,26503.318,1.251233219,1,2.049796529,9.077223437
s15-fail-ckpt-none,fifo+first_fit+none,1,0.9328613679,0.2946449404,0.4538214856,0,0.1650246305,0.01937031138,2000,1600,0,2387.223034,1474.602,7671.417,9193.138,5666.346216,3819.37,14069.359,49056.035,5.259051067,1.827449302,19.85418262,55.32466903,5.259051067,9735.135616,370,2538.580184,8037.701,0.74640666,0.556415933,0.1948263166,0.9177836207,501.9906086,98.06909794,4.3,399.6213709,0.0001397979799,0,0,14,138.30232,0.9806296886,1.410591416,0.8349753695,0.1650246305,812,360090.955,0,0,3215,647,2382.561813,1466.935,7750.839,9258.804,4707.761484,3821.297,11484.391,16034.128,5.477232846,1.827449302,20.36680703,86.04946667,468,2264.469002,1354.532,6953.926,9193.138,3895.886669,3035.975,9858.333,14465.127,5.874911624,1.954285934,21.66637356,54.12467901,333,2315.250183,1421.393,7514.599,8979.739,9901.381697,4352.548,47625.319,91826.669,4.469054482,1.512788357,19.25618422,30.0295611,152,2942.694454,2618.138,8179.769,9774.918,5919.718421,5147.079,14069.359,19454.82,4.164857064,1.873206803,12.86240362,39.09925,788,2382.996567,1515.199,7561.565,9258.804,5592.799935,3870.855,13043.838,52004.492,4.868691384,1.81768077,15.27085581,57.30508566,648,2451.979832,1579.83,7750.839,9183.023,5743.925272,3796.707,15033.631,49056.035,5.735856704,1.859382218,24.38155577,55.32466903,164,2151.662366,1269.048,7853.027,9252.28,5713.19525,3612.638,13783.808,67294.437,5.250718005,1.799867299,19.25618422,79.11634023
s15-fail-ckpt-none,fifo+first_fit+none,2,2.409439185,0.6012297142,1.516705621,0,0.2901155327,0.001388316831,2000,1600,0,5790.535403,664.33,25638.454,31325.967,9120.454466,4084.489,31221.433,40505.019,8.45918683,1.339863361,40.51291201,110.5784235,8.45918683,22615.53371,332,6336.404636,26302.844,0.7413399977,0.4460845786,0.1586252667,0.8983866784,661.1605597,240.5553811,4.966666667,415.6384039,0.0001080808081,0,0,28,232.5392467,0.9986116832,1.09711549,0.7098844673,0.2901155327,779,296855.246,0,0,3191,636,6042.05534,609.547,27629.58,31413.869,10755.79136,5808.042,32676.147,48843.612,8.120536899,1.261017191,40.51291201,111.0100264,502,5804.268643,723.416,24848.919,31162.167,8378.091141,3600.442,30353.233,33367.936,8.671178508,1.339863361,37.78004457,103.0704368,311,5346.316502,544.664,24674.104,31156.709,7186.13235,2747.224,27729.657,34796.537,8.90916682,1.339874891,40.70803153,98.84436905,151,5600.411636,945.673,24054.628,31335.694,8684.469709,5062.954,30950.222,34330.284,8.254006411,1.532069679,42.53594526,91.65522968,821,5993.381322,654.481,26267.994,31162.167,9492.464278,4489.469,31571.112,41786.975,8.231494779,1.359605206,37.11747517,101.5841318,635,5650.14891,660.36,26371.511,31424.679,8829.91274,3931.295,30509.534,36941.207,8.800458956,1.339429727,46.81434558,130.4136065,144,5253.097368,758.986,23689.261,30129.838,8280.69016,3478.937,28462.378,36178.044,8.252432476,1.295279151,41.96665549,103.0704368
s15-fail-ckpt-none,fifo+first_fit+none,3,2.186120483,0.7688075214,0.7461993851,0,0.6455368693,0.02557670746,2000,1600,0,8185.884829,7811.264,12613.785,15917.317,10822.73929,9911.292,18558.298,30204.407,14.89399927,7.731065386,51.80487712,108.3079672,14.89399927,29481.10291,377,8606.341679,12756.317,0.8075298301,0.8293876213,0.2560997112,0.9484497781,244.3838789,49.45062333,2.433333333,192.4998267,9.555555558e-05,0,0,10,55.07759111,0.9744232925,1.583994223,0.3544631307,0.6455368693,773,222175.418,0,0,3917,639,8112.16159,7700.415,12613.785,16120.301,11920.46306,10470.182,23104.448,38717.442,11.38068228,5.53444178,40.05071093,82.69590869,481,8159.444994,7811.264,12555.913,15941.07,9821.461439,9086.565,16065.925,19044.174,18.02693499,9.455762269,61.52397198,121.4726516,318,8285.675965,7924.157,12674.892,15124.302,10520.19565,9912.475,17725.279,20366.846,16.22670249,7.771168015,66.32540316,112.5129167,162,8359.29921,8120.08,12822.548,16149.595,10059.64076,9787.431,16199.527,19708.044,16.83392424,10.0499762,46.18043031,167.63685,827,8249.442368,7908.643,12487.269,15823.94,10955.61393,10050.715,18660.087,30509.6,15.25221496,7.731065386,58.24072455,115.8956175,629,8111.626482,7655.806,12843.07,16030.482,10565.29447,9728.602,18228.399,25357.219,14.62709049,7.748669908,50.66114595,86.72178919,144,8145.234944,7756.047,12201.805,15941.07,11184.1662,9911.292,20761.521,37483.737,14.00261897,7.600579133,52.87126363,99.72159777
s15-fail-ckpt-none,fifo+first_fit+none,4,1.665633005,0.5598434735,0.662059504,0,0.2913907285,0.1523392993,2000,1600,0,4526.372452,4418.924,11191.481,12748.219,7169.821643,6466.178,15079.891,22166.405,8.883703093,3.352783716,37.72416573,84.51755,8.883703093,19724.2227,354,4728.770008,11206.737,0.8158511598,0.7552714771,0.2581280584,0.9327459725,331.3302433,97.26076067,4.966666667,229.1027023,0.0001137373738,0,0,21,177.5775067,0.8476607007,2.702244882,0.7086092715,0.2913907285,755,231921.989,0,0,3795,615,4700.63465,4665.311,11317.992,12838.946,6699.123924,6130.707,14620.827,20354.528,13.86513521,4.786435722,63.18091411,104.4658,495,4315.293069,4223.582,10930.911,12420.563,8004.552444,6870.692,18145.523,25849.156,5.13096918,2.56377853,18.84145794,44.98371615,334,4568.722251,4405.882,11135.801,12697.588,6986.472054,6552.386,14014.208,20202.913,5.944603306,3.577059909,17.89817428,39.98986111,156,4418.476359,4172.2,11406.235,12988.799,6769.348013,6408.072,14272.027,17232.394,7.445766346,3.071800999,31.0801475,63.98001472,845,4521.738122,4395.298,11206.737,12838.946,7289.217396,6462.525,15627.498,22574.249,8.744773152,3.249825977,34.63225567,92.06797539,608,4552.139398,4486.126,11135.801,12609.9,7068.808021,6545.137,14307.138,21463.525,9.28283719,3.495987688,40.67478294,76.94471667,147,4446.438476,4294.273,11095.415,12506.272,6901.296952,6055.462,15079.891,22720.283,8.031473637,3.313461226,28.10835348,83.64927706
s15-fail-ckpt-none,fifo+first_fit+none,5,0.326959399,0.07674141698,0.1919736233,0,0.05039787798,0.007846480675,2000,1600,0,685.0849356,28.203,3245.13,4076.447,2909.472375,2225.922,7784.125,13218.566,1.850349416,1.055901167,5.171098833,11.25240241,1.850349416,3761.809705,334,807.2735988,3527.671,0.7564943357,0.3823530828,0.1557996382,0.939728596,231.2844186,46.35619639,2.766666667,182.1614541,0.0001014545455,0,0,22,139.3210467,0.9921535193,1.270014532,0.949602122,0.05039787798,754,214812.229,0,0,2899,639,691.7564851,157.982,3027.289,3733.343,2899.800676,2177.53,7387.584,16067.871,1.920528753,1.120708855,5.653841218,12.16782571,486,685.1622181,0,3348.417,4289.522,2536.7573,1972.912,6981.081,11929.284,1.792598855,1.069840451,4.717787568,11.4249757,322,684.4114876,0,3587.307,4215.108,3455.022646,2717.707,8402.945,11814.098,1.669799997,1,4.436182248,9.900742758,153,658.3932418,0,2734.19,3431.954,2985.632863,2228.849,8086.736,15237.752,2.120670262,1.004044579,7.258795322,22.62313333,846,688.8427045,18.957,3174.292,4076.447,2962.409371,2231.076,8402.945,13621.894,1.846961863,1.064665539,4.694955111,11.4249757,602,690.1694834,44.239,3354.209,4211.026,2814.123628,2186.428,7213.36,10835.493,1.849901163,1.044563623,5.583935291,10.18594783,152,644.0325,15.362,3140.332,3770.994,2992.467421,2339.277,7747.859,14843.376,1.870979145,1.02037371,6.163596462,13.30412157
s15-fail-ckpt-none,fifo+first_fit+none,6,2.465161114,0.9901384242,0.8798390278,0,0.5853960396,0.009787621974,2000,1600,0,7684.145609,7192.698,14872.835,15581.12,9627.760099,8696.85,17726.806,22836.134,16.72248373,7.075256806,66.71890944,144.5113257,16.72248373,33708.89707,388,8014.486763,14995.796,0.8168929979,0.8670284108,0.2501611714,0.9338753526,240.7520606,37.42080456,3,200.3311334,0.0001226262627,0,0,8,83.74482222,0.990212378,1.31225093,0.4146039604,0.5853960396,808,186572.589,0,0,3912,647,7756.224028,7218.816,14877.183,15644.944,9832.416951,9198.863,18187.906,23519.162,18.58503895,6.847823412,80.73751667,185.9581059,472,7367.835377,7022.926,14817.974,15337.409,9176.149881,8305.431,17165.4,19902.838,15.62222399,6.967652171,60.18198542,108.3432408,318,7892.451777,7315.727,14749.559,15289.689,9158.366736,8184.985,16443.307,17830.911,15.87811672,8.248966145,58.22147806,125.2755612,163,7907.595491,7447.284,14995.796,15581.12,11038.88972,10389.343,21468.636,42268.042,14.16271731,5.848005649,48.09973984,172.6467485,792,7684.913429,7265.137,14853.918,15639.419,9718.831673,8756.238,18158.836,24095.797,17.48404882,7.062833524,72.5359,175.1709333,644,7602.17336,7033.167,14877.795,15363.103,9416.261134,8472.138,17546.402,19902.838,15.28836284,7.139819158,56.60971292,140.4989535,164,8002.328622,7290.304,14829.103,15692.097,10018.47136,9601.782,17587.832,23238.633,18.67622943,7.030783218,86.03801924,144.5113257
s15-fail-ckpt-none,fifo+first_fit+none,7,2.524006411,0.8847160523,0.9822701566,0,0.5918114144,0.06520878755,2000,1600,0,7863.074796,7677.046,16604.335,20166.546,11796.04292,10381.056,25264.451,52527.54,14.9571376,5.289934026,59.61518989,138.80175,14.9571376,25508.05111,369,8056.806637,16534.592,0.7899608214,0.7930803646,0.2203324656,0.9049057799,704.4019192,340.8208209,5.366666667,358.2143011,0.0001304646466,0,0,15,138.07106,0.9347912124,2.034467156,0.4081885856,0.5918114144,806,388349.118,0,0,3589,632,7960.695672,7652.087,18006.719,20152.697,11362.69756,10563.022,23252.633,36782.35,14.23037577,5.888964473,55.50223286,128.9651757,504,7943.655167,8085.635,16068.935,20197.397,13834.49244,11023.578,37541.418,83251.349,10.81477822,4.569146997,46.5741991,87.37606579,308,7542.620815,6999.19,16450.665,20007.274,10126.14886,9147.286,22905.338,32371.141,19.65848675,5.95248658,81.76445068,178.5954,156,7839.939699,7560.367,16728.813,19920.389,10262.85753,9505.839,21649.418,31358.443,22.00231107,5.140558701,97.97556667,315.10085,794,7949.527617,7983.575,16527.416,20278.025,12059.2776,10719.011,25874.715,57732.644,14.27200546,5.09177544,54.95719429,137.9936704,644,7696.30897,7444.889,16630.524,20364.906,11529.33178,9775.122,25435.53,54220.789,15.94242252,5.452729893,67.25255877,178.5954,162,8102.294864,7732.587,16730.765,19744.45,11566.1271,10716.949,22210.486,36191.252,14.39831926,4.945467569,50.19723725,132.784988
s15-fail-ckpt-none,fifo+first_fit+none,8,0.5272165744,0.1934807074,0.1905079383,0,0.1,0.04322792877,2000,1600,0,991.7442431,632.097,3220.354,3804.79,2534.037734,1834.137,7231.159,12864.146,3.637429119,1.65773829,13.03739101,32.72877404,3.637429119,6290.611824,390,1047.311721,3424.551,0.7565173519,0.5846283861,0.1709824829,0.952877594,127.4409792,19.38924583,2.033333333,106.0182798,0.0001202020202,0,0,11,101.6313511,0.9567720712,1.82722728,0.9,0.1,800,143420.605,0,0,3232,674,1023.612315,623.413,3248.497,3878.773,2239.483288,1731.367,5951.214,10233.76,4.469406852,1.70607964,18.55270862,36.2585825,490,939.1950735,625.695,3151.804,3774.289,2330.639976,1560.265,5287.32,18117.395,3.217044369,1.731565814,10.04161458,21.48427202,303,967.2332805,601.246,3168.704,3813.503,3214.121244,2223.491,8736.151,17793.557,2.446004884,1.534451074,7.572204188,13.5402168,133,1079.690368,699.747,3195.284,3804.79,3226.739203,2454.789,10665.626,14700.107,3.684324448,1.65773829,17.2956,25.30865,800,978.86153,642.899,3148.949,3813.503,2534.94616,1733.394,7139.344,13537.761,3.649968743,1.659925168,13.46058701,29.14680761,629,968.6869396,579.482,3262.369,3650.539,2522.912343,1887.387,7514.484,12864.146,3.613832726,1.62074584,13.03739101,34.03944535,171,1136.827368,767.624,3424.551,3984.869,2570.711012,1969.893,6956.243,10477.294,3.665560302,1.859368583,10.71382049,28.2209582
s15-fail-ckpt-none,fifo+first_fit+none,9,1.797399492,0.6238851215,0.8095761836,0,0.3287153652,0.03522282155,2000,1600,0,4690.997681,3914.206,13685.109,19027.743,7153.667959,6155.86,17331.824,24815.838,9.827489294,3.18936901,42.03951074,99.66224115,9.827489294,27020.57876,346,5168.802772,13870.473,0.7654006741,0.7018011229,0.2193234941,0.9187532411,386.5129047,194.3116274,6.4,185.8011701,0.0001072323233,0,0,19,210.8315044,0.9647771784,1.614758367,0.6712846348,0.3287153652,794,230902.65,0,0,3579,645,4670.071926,3957.437,13626.155,18978.077,7121.896491,6109.948,16670.492,25430.996,8.631779823,3.165760773,30.14462021,81.06878178,474,4809.927114,3993.177,14058.217,19050.206,7242.44166,6530.786,18266.874,22444.227,9.30899969,3.361618927,37.87963393,96.60724684,330,4661.212342,3738.111,13685.109,19150.593,7454.781473,6510.443,19355.467,28121.549,11.02831815,2.778392967,48.93282453,106.0015833,151,4472.148166,3912.202,13340.382,15259.048,6352.650755,5199.109,15645.131,21458.119,13.93823869,4.388720145,66.20336667,116.7291333,806,4740.299314,4135.055,13644.573,18913.926,7274.295311,6585.578,17119.513,24815.838,9.936794654,3.294229039,36.57893042,99.66224115,627,4626.990735,3719.296,13797.978,19150.593,7090.507172,5772.813,17331.824,25480.121,9.994135554,3.149181865,48.27476644,100.4478101,167,4693.364383,3896.28,13554.159,19050.206,6808.615066,5879.372,18329.024,22444.227,8.674271779,3.243572917,39.29457364,86.55031501
s15-fail-ckpt-none,fifo+first_fit+none,10,6.597667078,2.806605081,2.771735764,0,1,0.01932623206,2000,1600,0,34099.08207,35071.265,46853.535,48146.685,37024.58246,37020.989,50661.346,59775.962,53.1203158,25.91461046,189.118638,416.9925662,53.1203158,98303.28445,352,34922.75895,47145.542,0.8284602919,0.7900454614,0.2304887379,0.9066486293,609.7605339,269.3179798,6.233333333,334.2091104,0.0001103030303,0,0,21,223.3632333,0.9806737679,1.495969334,0,1,769,351457.157,0,0,3997,626,34105.32063,35053.7,46901.713,48459.184,36946.86497,37020.989,50188.337,55792.779,61.53130679,23.91462815,250.0613924,527.564303,484,34245.25183,35373.652,47044.105,48168.759,38148.99646,37569.002,54029.547,65125.477,51.08114444,26.33358526,166.4823826,523.5371913,343,33663.27962,34718.575,46181.999,47752.09,36007.05931,36486.888,48860.207,56258.735,41.1313958,25.50930025,150.6814159,246.6004526,147,34608.12108,35556.023,46705.773,48146.685,36027.61113,36715.371,48190.165,50382.555,51.99023515,37.28764762,130.3029531,246.8940322,831,33959.37551,35019.204,46878.718,48010.581,36796.45849,36900.658,50540.08,62797.306,54.94019959,25.92606442,208.5990211,394.4159574,627,34612.92616,35646.429,46901.713,48168.759,37640.6788,37592.543,51055.127,62860.218,52.85150333,26.04888498,177.3104633,512.4653895,142,32647.78561,33962.11,46403.684,48664.487,35639.22061,36229.124,49780.305,56311.386,43.65709044,25.31702982,138.2986189,250.0613924
s15-fail-ckpt-none,fifo+first_fit+none,11,1.703849778,0.4307465421,0.8186156789,0,0.4438964242,0.01059113229,2000,1600,0,5877.081144,5659.068,13837.913,14682.762,8714.632974,7873.322,18229.793,28653.64,8.043282858,3.753173118,29.02517349,57.81888473,8.043282858,15001.89479,333,6010.830066,13902.799,0.7902453592,0.699174508,0.2056740017,0.9413271869,281.977435,66.98485682,2.133333333,212.8591098,0.0001350303031,0,0,12,89.90758222,0.9894088677,1.331982022,0.5561035758,0.4438964242,811,263222.46,0,0,3570,640,5701.57005,5532.38,13849.253,14693.421,9044.770827,7895.883,20040.801,39548.185,7.788611936,3.244870573,29.47880346,66.57507784,470,6148.4082,5713.601,14089.687,14880.057,8299.341334,7800.507,16562.54,21621.301,8.322714733,4.120828882,29.60095107,55.65073134,327,5558.523067,5447.699,13705.181,14418.485,8131.796569,7280.007,17173.581,30051.816,8.840887092,4.186034151,27.49734051,60.70045996,163,6422.920871,6181.444,13650.721,14357.373,9785.10138,9247.19,19652.781,37458.755,6.637392208,3.672700734,23.48672922,46.73134722,789,6059.572242,5791.028,13973.25,14812.903,8973.408184,8161.139,18698.611,32529.806,8.219862123,3.732032267,29.25992723,57.18773586,653,5762.881686,5453.07,13784.199,14676.354,8338.773299,7535.153,16900.774,23388.242,7.732526268,3.93948042,26.50471033,57.28985609,158,5437.756905,5385.425,13255.729,14922.538,8975.789481,7357.682,20828.52,31966.895,8.445833573,3.412932776,36.19889892,97.23328333
s15-fail-ckpt-none,fifo+first_fit+none,12,1.186748202,0.4181511141,0.4813523583,0,0.2405832321,0.04666149703,2000,1600,0,3723.968106,3370.901,8136.8,9329.948,6294.340761,5598.957,14018.565,22591.165,7.247169856,3.222475907,28.17645052,64.4896206,7.247169856,13548.75106,349,3947.061355,8232.799,0.7631375751,0.8009435892,0.258319351,0.9457502021,225.1206792,59.99562139,3.866666667,161.2582675,0.0001235959596,0,0,23,275.5123622,0.953338503,1.660468382,0.7594167679,0.2405832321,823,232305.539,0,0,3725,597,3656.289233,3292.287,8144.383,9389.107,5174.623189,4785.908,10540.934,14247.663,9.226077165,4.387247809,36.867746,76.10910124,519,3724.462688,3115.92,8136.8,9329.948,7556.857854,6364.86,20523.157,30418.313,6.499813405,2.438120793,26.53790141,58.08503199,324,3770.193991,3529.707,8088.689,9209.334,6592.093543,6192.925,14018.565,16531.686,5.632996718,2.516452729,20.40504146,68.60430144,160,3881.283181,3833.158,8082.245,9378.502,5774.047744,5548.529,10306.482,17069.66,5.556310055,3.680287431,18.7788127,27.54897168,777,3839.647894,3660.286,8027.648,9188.553,6389.179327,5729.201,14570.045,23963.85,7.312274342,3.192621763,28.17645052,68.60430144,660,3670.047862,3134.918,8206.254,9378.502,6236.656164,5583.532,13687.075,21324.321,7.267380613,3.26879888,27.97881623,63.7044187,163,3390.864822,2894.376,8229.416,9387.291,6075.827067,5137.898,11865.935,35163.224,6.854990198,3.176591946,28.25911498,54.21560126
s15-fail-ckpt-none,fifo+first_fit+none,13,1.061994538,0.2628187678,0.5170461903,0,0.2201722017,0.06195737819,2000,1600,0,2573.531678,1941.772,8740.17,10069.527,4713.40743,3580.75,12082.97,15708.339,5.043749382,2.106218312,17.70962639,55.98756379,5.043749382,11102.25094,351,2800.997897,8802.104,0.8046259811,0.6266629831,0.2059703922,0.9255358934,295.82067,131.5894491,3.966666667,160.2644742,8.004040408e-05,0,0,21,163.65594,0.9380426218,1.965721341,0.7798277983,0.2201722017,813,193733.633,0,0,3489,628,2593.808354,2038.179,8572.327,9910.696,4745.418889,3877.03,11442.284,15116.628,3.496692864,2.072637784,11.1958243,18.9468069,479,2626.504823,1872.408,9171.241,10379.332,4584.545342,3252.812,12108.121,15674.213,6.054063803,2.274286368,29.69483508,62.09654638,328,2353.355848,1601.826,9074.635,10205.48,4247.087808,2938.862,11062.128,17963.407,6.873523786,1.996149845,28.84771667,73.35260193,165,2780.257636,2125.858,9233.016,10028.679,5892.647309,4736.606,13350.716,19808.893,4.361597144,2.019980397,15.45496619,41.2602192,787,2504.241915,1916.102,8643.893,10038.561,4636.936268,3586.624,12033.522,15708.339,4.920139598,1.991579639,15.45496619,56.60771137,643,2628.058179,1964.97,8774.722,10107.288,4743.054212,3543.052,12067.089,16850.931,5.061412703,2.205613512,17.8796745,55.98756379,170,2688.064047,1986.836,9239.163,10729.961,4955.289335,3585.539,13738.927,22490.923,5.549181055,2.410420275,23.22802408,60.06829739
s15-fail-ckpt-none,fifo+first_fit+none,14,1.298511609,0.416208532,0.4898876547,0,0.2754716981,0.1169437239,2000,1600,0,3287.287466,2605.166,8281.081,10262.706,5295.466401,4219.589,11988.491,18109.263,7.78090981,3.466751513,28.0455527,61.35811251,7.78090981,13395.58946,378,3401.930019,8321.846,0.8135107503,0.8112147439,0.2723563825,0.9362251693,249.6682517,27.34690767,2.833333333,219.4878814,0.0001292929293,0,0,10,37.37168889,0.8830562761,2.4353559,0.7245283019,0.2754716981,795,179773.554,0,0,3709,594,3477.519047,2704.607,8364.304,10253.719,4910.29182,3855.306,10967.222,17097.204,10.92659676,4.839236567,42.55169035,85.86254458,514,3060.493704,2402.681,8092.548,10262.706,5431.282358,4475.274,11558.097,15605.142,4.99395753,2.621920845,18.48822423,33.3506288,336,3235.588607,2537.224,8424.61,10310.298,4857.776238,3872.205,10896.675,14104.694,8.012634498,3.742390306,26.16592313,64.01563555,156,3421.551891,2843.9,8209.637,10954.377,7257.313801,5042.682,20198.901,33500.022,4.486652959,2.646733313,14.10788208,23.8072388,805,3250.521216,2611.97,8225.544,9708.917,5272.739986,4178.616,11503.703,17552.929,7.496990994,3.400952527,27.20417674,53.89325,635,3351.595246,2591.076,8364.618,10845.089,5275.242672,4276.127,12002.489,18831.608,8.245620785,3.525292585,33.3506288,69.36865,160,3217.046156,2633.044,8283.73,9728.6,5490.0716,4246.206,12701.688,32462.045,7.365054674,3.487670069,22.19947532,56.24638813
s15-fail-ckpt-none,fifo+first_fit+none,15,4.475286225,1.674937719,1.71620916,0,0.9788557214,0.1052836256,2000,1600,0,22036.46368,22948.753,29010.87,31113.765,25262.72679,25266.291,35161.841,46218.873,31.33321119,15.06309848,112.8630252,237.0359436,31.33321119,58857.34847,357,22223.77505,28727.986,0.8113595813,0.8464520427,0.2750218135,0.9259460954,446.1950017,65.20663278,1.066666667,379.9215739,0.0001282828284,0,0,13,181.01602,0.8947163744,2.258690726,0.02114427861,0.9788557214,804,344135.699,0,0,3903,654,22172.49564,23146.037,29231.412,31209.32,24792.20686,25044.595,33779.064,42656.901,31.66835275,16.05894749,111.8737086,201.6820829,498,21961.11053,23048.563,28727.986,30874.649,26467.07222,25868.288,38009.897,48884.58,22.02384562,10.4105238,80.65608133,175.4182368,299,21815.31154,22383.698,28880.23,30744.175,23815.45187,24063.052,33104.77,45356.783,49.74505585,25.52595461,174.2174839,373.4585333,149,22135.02383,22920.295,29367.657,31763.422,26206.96315,26165.066,36195.788,52658.455,24.02945221,13.7213776,79.64758626,176.0244963,796,21959.42408,22880.69,28660.746,30713.609,25436.77034,25101.462,36338.304,47920.321,30.46185143,14.34979146,114.4026219,268.715197,652,22214.30426,23343.093,29443.236,31709.306,25376.05385,25517.094,34593.929,44449.081,31.2529197,14.9002158,110.0463676,235.3117587,152,21677.06545,22418.552,28279.016,31647.592,23865.17478,24237.32,32252.184,48107.031,36.24079291,19.49549899,111.3635326,269.6737739
s15-fail-ckpt-none,fifo+first_fit+none,16,3.078167978,1.275945254,1.085582613,0,0.6542288557,0.06241125463,2000,1600,0,8333.938887,8852.094,18350.733,22166.035,10014.91338,10804.836,20738.687,26685.37,21.68774421,8.97777359,85.97755,188.4683,21.68774421,47642.04599,364,8423.301687,18513.011,0.8367952087,0.7424353612,0.2227254448,0.9290853698,260.3738019,36.00176594,2.8,221.5719117,0.0001242828283,0,0,7,23.43842,0.9375887454,2.146812365,0.3457711443,0.6542288557,804,159827.716,0,0,3723,625,8018.975042,8376.623,18273.546,20486.684,9471.766072,9598.227,20517.361,26767.2,24.34008171,10.5408848,94.41525712,192.660491,493,8524.194783,9342.714,18415.341,23639.605,10539.94053,11200.762,21882.874,27189.349,20.58619155,8.286057003,80.92709325,194.65065,322,8442.960127,8788.572,18099.731,20614.145,9868.011342,10359.741,19645.23,24517.381,23.36895272,8.836357599,84.65097084,180.1754798,160,8758.635181,10723.299,18116.248,23606.224,10814.48302,11446.93,21037.727,29646.375,11.33777786,7.372073743,36.37846341,75.22073287,796,8109.208519,8737.557,18204.105,22522.401,9848.872524,10549.501,20859.102,26767.2,21.38110932,8.578583282,88.06905215,183.3673333,633,8482.242313,8994.462,18350.733,21994.945,10098.13713,10974.84,20696.993,26455.312,21.39192852,8.890069338,83.47764286,201.7629333,171,8831.069322,8716.684,18520.328,22197.565,10479.75486,11086.653,20913.827,27392.847,24.21015771,11.3948743,112.8705095,192.660491
s15-fail-ckpt-none,fifo+first_fit+none,17,3.410875114,1.015910179,1.758374521,0,0.5655526992,0.07103771508,2000,1600,0,11887.73174,5824.834,29723.635,30691.923,14781.50543,13332.918,32051.101,40001.928,17.35830785,6.095240569,68.45549831,190.1232521,17.35830785,34516.32638,372,11807.28958,30073.53,0.7925743994,0.8213680667,0.2375169494,0.910673984,520.5652453,168.9476633,3.733333333,347.8841122,0.0001364848485,0,0,24,179.8683756,0.9289622849,1.826621812,0.4344473008,0.5655526992,778,286255.962,0,0,3812,628,12297.84263,10680.846,30074.703,30749.757,15337.68206,14251.002,32148.31,39952.968,15.93051998,5.878308464,59.73251831,178.8956377,486,11306.33258,4961.905,29723.635,30852.09,14749.34578,12046.898,32616.823,41278.974,14.17021713,4.810985444,49.80988488,197.3608272,340,11837.60381,5858.418,29042.404,30432.479,13818.39177,11810.81,30605.306,41516.526,25.88362768,8.65354088,99.47673699,265.2484022,146,12175.77178,5793.825,29957.194,30528.416,14739.10349,13894.358,31631.558,36284.856,14.25867857,5.527280394,66.59271975,127.219848,822,11834.97114,5645.518,29740.892,30691.923,14735.13888,13049.891,32087.503,37878.644,16.97605178,5.92643441,69.5144936,182.3482431,617,11858.38762,5771.822,29759.006,30749.757,14773.59093,12856.898,32268.125,41278.974,16.5635543,5.894261878,59.53768119,166.1425748,161,12269.56114,12328.932,28928.197,30529.336,15048.5648,16491.099,30967.376,32616.823,22.35568313,7.806361464,113.72176,289.6187411
s15-fail-ckpt-none,fifo+first_fit+none,18,1.023416572,0.2580715194,0.5407974933,0,0.1551071879,0.06944037163,2000,1600,0,2263.593639,513.254,9141.663,13394.624,6397.340464,3990.491,19395.321,38060.982,4.34272424,1.239579631,17.38974058,46.62937135,4.34272424,8129.499959,356,2389.047944,9026.362,0.7373076061,0.4693300576,0.1849715271,0.9380151558,423.213575,246.088355,2.466666667,174.6584506,0.0001027474748,0,0,27,132.8816133,0.9305596284,2.148216573,0.8448928121,0.1551071879,793,471956.085,0,0,3119,654,2221.987453,518.019,9292.533,13985.426,8982.283159,5637.962,25543.693,55124.838,2.904114542,1.153856109,9.740213728,26.57606587,489,2407.554937,663.389,9260.609,12127.893,5023.477773,3413.279,14175.138,20313.03,6.238666989,1.350741396,26.15383813,79.04614321,318,2181.373887,240.64,9426.059,11519.903,3603.841421,2141.71,10944.738,13725.614,4.547181898,1.249330951,20.70299481,30.83445799,139,2140.998338,610.677,8684.418,13900.214,5459.203978,3901.928,17876.58,23576.039,3.973783257,1.226111984,17.14834027,32.78044958,807,2417.673763,506,9564.589,13900.214,6159.588092,3957.286,17949.049,27937.843,4.94282788,1.25,19.85183742,51.53343333,633,2037.717934,508.306,8596.766,11715.176,6753.796043,3941.883,21898.362,44950.711,3.514383094,1.21841199,15.39572571,31.45084853,160,2380.072775,628.199,9569.716,14416.425,6186.276606,4413.918,15901.662,53704.882,4.593076166,1.287755764,17.84623535,68.12665351
s15-fail-ckpt-none,fifo+first_fit+none,19,1.03368296,0.3727464408,0.4315801174,0,0.1696750903,0.05968131106,2000,1600,0,2458.659772,1731.736,7295.448,9030.53,5151.073125,3982.858,12682.981,29569.676,6.667310038,2.338060946,25.11692852,66.84111667,6.667310038,11718.67851,338,2530.911441,6821.34,0.7939652017,0.6555296283,0.1982827495,0.9241420795,374.4873456,206.2012954,4.9,163.3859768,7.329292932e-05,0,0,25,147.9071067,0.9403186889,2.105179691,0.8303249097,0.1696750903,831,281021.748,0,0,3435,656,2366.841959,1652.815,7215.362,8971.085,6319.189892,4421.385,16660.595,50101.091,4.282020106,1.911928237,14.64804328,44.7267528,468,2569.183656,1911.33,7439.946,10287.24,4260.253389,3587.731,10640.077,18160.027,8.293927934,3.387050153,32.60464492,75.88295,316,2474.003949,1692.649,7322.325,8622.36,4555.50506,3672.589,12340.82,20029.877,9.014421761,2.401102629,46.88770299,104.6750167,160,2481.525694,1727.096,6857.022,8447.936,4143.689038,3724.494,9264.769,17441.138,7.053595766,2.401345279,29.35394328,64.50592378,769,2483.496047,1727.096,7544.875,9614.013,5091.480545,3993.073,12571.944,23945.325,6.098263639,2.382307032,25.31393087,60.34011088,662,2461.756038,1777.117,7257.515,8746.998,5221.874695,3968.437,12805.868,31575.351,7.377554542,2.34613708,26.3712428,84.93243333,169,2333.518805,1579.537,6467.091,8276.897,5144.895935,3991.826,13854.887,27094.338,6.47449832,2.139342341,24.71221075,66.27721255
s15-fail-ckpt-none,fifo+first_fit+none,20,2.91530949,1.134086232,1.138776225,0,0.4919053549,0.1505416781,2000,1600,0,7510.750927,3767.834,19249.92,21145.168,10689.40099,9377.441,24631.314,39153.478,15.56467296,2.534847095,76.41860448,225.0689732,15.56467296,29935.93303,353,7918.063691,19621.588,0.7624880049,0.5667060657,0.169876333,0.9262216219,419.2365258,149.6780538,6.533333333,263.0250198,0.0001188282829,0,0,24,224.7686,0.8494583219,2.853130872,0.5080946451,0.4919053549,803,281552.915,0,0,3336,645,7681.354498,4011.009,19237.484,21269.228,12997.33459,11941.802,31143.993,54673.095,10.53578175,1.886160733,53.19517485,138.824968,467,7649.243407,4201.326,18989.569,20053.715,8974.1323,7117.384,21254.4,23495.996,24.82285796,4.588404631,139.2365333,293.8212667,310,7382.239716,1837.643,19378.278,21554.375,9824.075661,7197.709,22562.129,28809.544,8.700217086,2.475183301,37.8370122,76.41860448,178,6753.016011,942.177,19925.652,22707.21,8333.581629,4312.507,22630.232,27664.001,21.45255924,2.255477761,118.4712207,274.4297167,797,7411.448351,3880.261,19306.781,21554.375,10518.44606,9424.842,24591.862,37578.576,14.78838686,2.57203737,73.91461485,194.9803098,621,7505.780309,3548.777,19033.683,21079.075,10900.71205,9397.926,25216.082,42373.067,16.5254577,2.388429844,77.63744607,262.57545,182,7962.569099,4321.816,19254.934,21269.228,10717.02138,8487.866,23249.927,30533.976,15.68584164,2.823857397,67.47473687,232.8208451
s15-fail-ckpt-none,fifo+topology_aware+easy_predicted,1,0.1858444645,0.04084663979,0.1088978073,0,0.02955665025,0.006543367172,2000,1600,0,256.4956881,0,1840.813,4145.81,3593.380578,1534.051,10223.501,48633.587,1.395329811,1,2.752386126,7.984429415,1.395329811,2663.637889,370,853.5887027,3709.478,0.7676359361,0.1541615463,0.1187316698,0.9181233833,499.7311114,266.4171158,4.033333333,229.2805812,8.105050511e-05,0,0,12,138.30232,0.9934566328,1.232774641,0.9704433498,0.02955665025,812,331001.651,143,56,2795,647,320.0393091,0,2256.293,4770.345,2631.82419,1781.688,8062.836,15033.631,1.530248755,1,3.131456598,11.89034015,468,210.1700791,0,1399.633,4145.81,1820.987835,1024.52,6116.985,9325.932,1.353545963,1,2.513584607,7.984429415,333,183.0113844,0,1240.93,3348.923,8107.277108,1494.178,48633.587,86400,1.241304537,1,2.049384133,6.565809399,152,289.64,0,1903.092,2826.54,3254.428224,2129.908,10612.137,15590.314,1.287123895,1,2.861148328,7.100449991,788,222.0769759,0,1536.378,4145.81,3556.166548,1583.464,9615.977,48633.587,1.363136869,1,2.506571304,7.167315744,648,289.2797577,0,2111.785,4294.596,3539.60686,1437.188,10395.293,44941.288,1.418655742,1,3.175462239,9.000273191,164,292.3363476,0,1765.592,3025.9,3984.66122,1629.221,9059.982,67156.945,1.4578471,1,2.721156858,11.89034015
s15-fail-ckpt-none,fifo+topology_aware+easy_predicted,2,0.7718400931,0.1272416258,0.5573978435,0,0.0783055199,0.008895103895,2000,1600,0,1331.348942,0,9422.276,18756.208,4739.894595,2116.173,17792.601,29665.022,2.321656445,1,8.573975419,26.99170985,2.321656445,5839.567394,332,4013.005813,17502.128,0.7832376247,0.1861580862,0.1044255379,0.8272012167,1221.094035,768.5567668,5.566666667,446.9705124,8.93737374e-05,0,0,34,232.5392467,0.9911048961,1.30821561,0.9216944801,0.0783055199,779,330463.022,149,65,3150,636,1323.797369,0,9395.873,19836.112,6219.98053,2939.517,21660.822,35930.973,2.06690742,1,8.543720253,19.29117224,502,1457.572375,0,11388.086,18756.208,4043.356779,2033.989,16745.689,23673.526,2.396110274,1,7.499704253,23.70834114,311,1139.685347,0,7253.973,17348.991,2924.227859,1526.935,10090.122,18041.965,2.703960551,1,11.126955,33.65488107,151,1338.276192,0,9422.276,20663.722,4561.084556,1912.798,17102.34,25128.871,2.359722542,1,10.22301824,26.99170985,821,1399.134581,0,10306.813,19455.384,4992.049309,2157.694,17792.601,32412.392,2.328680991,1,8.779233853,21.77419139,635,1253.592422,0,7088.881,19955.922,4466.854383,2142.908,17551.249,28092.181,2.327236865,1,8.818248773,31.0465332,144,1287.761306,0,11388.086,16831.982,4506.294,1890.922,17990.801,29759.55,2.256998674,1,6.98393364,15.52511738
s15-fail-ckpt-none,fifo+topology_aware+easy_predicted,3,0.4875183293,0.123176633,0.2977176286,0,0.05692108668,0.009702980983,2000,1600,0,911.54826,0,5032.631,7582.042,3570.084921,1998.436,11518.454,24143.008,2.360089165,1,8.300062317,19.69671399,2.360089165,4353.057846,377,2515.975003,7509.304,0.8443475121,0.2615896496,0.146016525,0.9534882465,219.3328706,49.20024833,2.1,168.0325299,9.22828283e-05,0,0,16,55.07759111,0.990297019,1.250047313,0.9430789133,0.05692108668,773,209137.5,204,89,3305,639,988.7225884,0,5012.725,7654.038,4844.914975,2837.459,14615.765,31382.222,2.178873467,1,8.17620573,16.46681107,481,764.7115094,0,4549.824,7476.343,2423.88336,1271.996,7954.5,10906.175,2.26359778,1,7.689614039,26.72128432,318,956.0244465,0,5254.824,7310.274,3214.109296,2096.907,10754.503,14517.383,2.684947829,1,9.302659578,30.89735614,162,955.8115556,0,5064.645,9689.758,2643.583654,1573.435,8665.366,13727.066,2.723694922,1,7.152311959,46.86061647,827,955.2064583,0,5046.482,7476.343,3659.558208,2137.313,11884.398,24143.008,2.545591318,1,8.17620573,30.89735614,629,852.347132,0,4930.467,7598.233,3338.47387,1863.253,10885.264,15125.007,2.206749428,1,8.668163111,16.73971955,144,919.4106181,0,6195.591,7675.069,4067.924799,2034.821,13535.721,31382.222,1.964536487,1,7.349592745,13.09813638
s15-fail-ckpt-none,fifo+topology_aware+easy_predicted,4,0.2988875485,0.05637633657,0.1714137466,0,0.03708609272,0.03401137261,2000,1600,0,480.9853769,0,2897.585,5458.813,3152.413064,1924.892,9900.755,16657.82,1.649863681,1,3.798830146,11.7955571,1.649863681,3411.35539,354,1443.907503,5367.435,0.8387505911,0.1898437135,0.1389625983,0.9194110698,402.7836444,206.8934449,5.033333333,190.8567895,7.67676768e-05,0,0,25,177.5775067,0.9659886274,1.676168404,0.9629139073,0.03708609272,755,231731.562,186,83,3281,615,482.2144472,0,3250.028,5504.312,2458.568428,1236.096,9144.806,13060.832,2.070160707,1,6.059737241,21.07250736,495,399.1281293,0,2390.799,4765.164,4238.045204,2731.494,13468.511,25317.565,1.235055322,1,2.570278099,3.798830146,334,545.5882635,0,3013.63,5167.345,2889.806937,1963.465,8754.015,12764.423,1.501815089,1,3.650807811,8.826237486,156,597.5629103,0,3695.328,8052.491,3005.214276,2030.836,9900.755,13103.333,1.626118144,1,3.926957669,7.009318798,845,442.149387,0,2625.668,5282.976,3235.81916,1960.873,10237.227,15932.197,1.679444584,1,3.696815063,17.74090965,608,529.3188026,0,3129.811,6929.13,3068.602324,1963.465,9342.308,16732.401,1.662584389,1,4.004129067,11.7955571,147,504.3165918,0,2928.948,4953.656,3019.615646,1645.999,10702.024,17045.224,1.427210253,1,3.37310717,6.143814136
s15-fail-ckpt-none,fifo+topology_aware+easy_predicted,5,0.09445516292,0.02787554014,0.05515911846,0,0.009283819629,0.002136684694,2000,1600,0,148.2653456,0,932.412,2948.942,2365.27207,1582.963,6656.713,12025.832,1.18748394,1,1.87834912,4.968220965,1.18748394,2376.895803,334,515.4608084,2822.856,0.7634030244,0.1514662165,0.1023202895,0.9317566673,264.1163147,120.2051547,4.266666667,139.644443,5.034343437e-05,0,0,20,139.3210467,0.9978633153,1.120848021,0.9907161804,0.009283819629,754,235443.587,148,55,2782,639,149.5531909,0,1087.997,2338.961,2335.147858,1483.969,6434.678,16768.782,1.168118751,1,1.972143269,4.263130131,486,165.5069239,0,926.804,3626.064,1996.005638,1425.458,5407.76,10126.524,1.196218124,1,1.849265186,5.254415397,322,139.4173509,0,765.189,3100.917,2941.78982,2269.899,7511.958,11492.997,1.159465657,1,1.87834912,4.592456908,153,106.7406013,0,906.339,2151.338,2450.72398,1629.697,6880.407,14317.204,1.299584787,1,1.886577863,8.785683333,846,157.9502955,0,1076.792,2948.942,2424.739511,1562.9,6926.267,12662.84,1.193281997,1,1.852633297,4.592456908,602,143.7147558,0,917.456,3100.917,2268.622897,1587.751,6375.348,9992.605,1.193729013,1,1.9715942,5.315212838,152,112.3836842,0,699.843,2437.037,2417.070408,1622.249,6880.407,15910.596,1.130479399,1,1.641933526,4.913351701
s15-fail-ckpt-none,fifo+topology_aware+easy_predicted,6,0.3557690709,0.09301352479,0.2135487012,0,0.04331683168,0.005890013273,2000,1600,0,681.3878587,0,3609.836,4667.286,2627.565873,1721.891,7773.596,13712.241,2.132682147,1,6.267569044,15.69821525,2.132682147,4059.326066,388,1949.233825,4557.777,0.8922857667,0.3214320823,0.2054502898,0.9351745455,235.6939583,76.18366056,2.366666667,157.1435434,8.771717174e-05,0,0,9,83.74482222,0.9941099867,1.183682562,0.9566831683,0.04331683168,808,174398.27,227,101,3748,647,648.2066862,0,3463.813,4474.385,2734.293464,1858.489,8233.138,14044.602,2.232162241,1,5.989461369,19.23239207,472,771.8648517,0,3882.574,4782.038,2574.255309,1804.009,7344.957,13127.183,2.228542533,1,7.424710103,19.46927677,318,599.4247138,0,3235.661,4667.286,1859.419324,1384.554,5228.839,7477.33,1.885777752,1,5.229769041,10.51577917,163,711.0035521,0,3314.493,5037.788,3856.893712,1989.473,10797.958,27378.452,1.941920641,1,5.97629318,16.05306829,792,644.4252955,0,3475.3,4608.865,2692.52822,1761.787,7884.27,16868.975,2.246185749,1,6.715087397,19.46927677,644,739.9624783,0,3770.416,4701.266,2544.005902,1634.718,7690.156,11392.31,2.085789212,1,6.159229671,14.69296881,164,629.8774634,0,3455.337,4814.167,2641.971012,1685.878,7967.575,13712.241,1.768683349,1,5.173794445,13.63856058
s15-fail-ckpt-none,fifo+topology_aware+easy_predicted,7,0.2124800581,0.04566179568,0.1410856138,0,0.02109181141,0.004640837184,2000,1600,0,326.8970106,0,2384.917,5488.552,4197.608326,1675.371,14821.059,42329.968,1.469846311,1,3.076847778,10.57791725,1.469846311,2765.203385,369,1156.310257,5219.088,0.7789129416,0.1406908246,0.09044861585,0.9615021019,268.3839572,94.76461011,3.4,170.2192834,6.367676773e-05,0,0,18,138.07106,0.9953591628,1.205282034,0.9789081886,0.02109181141,806,387786.479,124,58,2788,632,325.7861392,0,2450.416,5762.011,3701.738532,1505.974,13241.113,34427.701,1.376426366,1,2.987903226,8.702015997,504,321.5825774,0,2787.692,5160.339,6079.07827,2051.58,31540.359,68088.711,1.464411896,1,3.197218961,12.93985,308,338.7204578,0,2198.5,5488.552,2865.200636,1254.408,10189.502,26312.353,1.65898197,1,3.869967774,20.20759548,156,325.2234423,0,1841.377,5943.667,2758.572603,1677.94,8929.796,13588.796,1.492452513,1,2.863088963,14.01191648,794,328.5103615,0,2450.416,5488.552,4295.311469,1767.013,13792.706,46953.934,1.444305506,1,3.076847778,9.570736113,644,322.8336227,0,2380.871,5805.313,4179.338988,1534.996,15669.563,57739.764,1.533473521,1,3.235408695,16.59467794,162,335.142821,0,2559.347,5870.987,3791.368568,1736.421,12529.643,29455.948,1.342089988,1,2.72891846,10.45710822
s15-fail-ckpt-none,fifo+topology_aware+easy_predicted,8,0.1144981096,0.03610514273,0.05798714047,0,0.01875,0.001655826445,2000,1600,0,125.8284525,0,980.217,1856.374,1680.292643,855.973,5603.351,12334.941,1.267188506,1,2.432887856,6.183756452,1.267188506,2442.251536,390,400.3251897,1752.29,0.7383324862,0.1938453188,0.09844334497,0.9741954078,68.26053389,19.44863833,1.366666667,47.4451623,6.658585859e-05,0,0,17,101.6313511,0.9983441736,1.112801499,0.98125,0.01875,800,143420.605,156,73,2842,674,134.0695875,0,1133.259,1927.501,1346.2273,726.317,4934.167,9290.895,1.320633441,1,2.662200544,8.308386453,490,103.2919633,0,780.315,1514.535,1495.628969,739.01,4270.192,18117.395,1.186764614,1,2.155707738,3.977791434,303,129.9304224,0,1109.674,1936.355,2441.26863,1295.128,7934.927,13651.835,1.262352524,1,2.338798892,6.700435185,133,157.749188,0,1166.787,1856.374,2319.913068,1221.132,9994.052,14700.107,1.303663116,1,3.11137242,5.427285718,800,112.4151113,0,836.757,1664.18,1709.348808,834.675,5891.08,12823.07,1.27890685,1,2.421659271,7.010831275,629,131.0442703,0,961.572,1927.501,1662.576757,878.588,5504.738,11139.827,1.258330514,1,2.338798892,6.183756452,171,169.3952573,0,1295.988,2135.569,1609.522819,867.577,5628.353,9956.346,1.244948749,1,2.83112911,5.179514177
s15-fail-ckpt-none,fifo+topology_aware+easy_predicted,9,0.320861964,0.07043272069,0.2035637514,0,0.04534005038,0.001525441494,2000,1600,0,535.3129619,0,3441.05,6628.812,2987.444076,1607.578,10049.47,17808.118,1.669621633,1,4.745997326,13.33330938,1.669621633,4186.428069,346,1733.795118,6613.173,0.8024011231,0.176220029,0.1209916736,0.9427391529,265.4746533,97.50605733,5.633333333,162.3351839,7.874747477e-05,0,0,19,210.8315044,0.9984745585,1.112228531,0.9546599496,0.04534005038,794,213145.634,145,62,3292,645,487.2086403,0,3325.141,6155.002,2907.593372,1642.492,8684.053,16787.21,1.6651215,1,5.232098795,13.86119582,474,514.6595148,0,3755.352,7493.417,2945.087857,1515.517,10575.067,16459.701,1.607227712,1,4.199048829,14.78932518,330,590.5015515,0,3156.22,7425.343,3397.366573,1878.214,11966.278,21942.57,1.7140516,1,5.051370484,9.965061078,151,685.0135364,0,3708.579,8743.043,2565.630351,1184.988,11801.129,16028.714,1.787604517,1,5.509601072,12.88578954,806,562.2968213,0,3630.051,6628.812,3068.920975,1613.142,10972.605,17858.037,1.690907855,1,5.003666667,11.26655918,627,506.8849681,0,3325.141,7022.086,2980.269813,1616.903,8988.441,17808.118,1.664625564,1,4.485055999,14.1196856,167,511.8121317,0,3519.118,4928.51,2621.143964,1513.789,8563.395,16459.701,1.585644626,1,4.637789981,9.965061078
s15-fail-ckpt-none,fifo+topology_aware+easy_predicted,10,1.852189438,0.3604639153,1.068603359,0,0.4213263979,0.001795765169,2000,1600,0,6295.063572,3973.317,18063.715,21462.458,9243.217844,6805.38,23510.107,32347.466,7.364258917,3.650494231,24.28929,50.9823,7.364258917,13026.26186,352,14035.21049,21413.975,0.9486780748,0.1315758285,0.2072620593,0.9031556046,635.0231131,278.5027779,5.833333333,350.6868956,0.0001061414141,0,0,25,223.3632333,0.9982042348,1.109797808,0.5786736021,0.4213263979,769,285169.754,188,98,3959,626,6168.667845,3929.528,17326.867,20233.995,9024.041827,6668.037,22972.726,30591.416,7.686757221,3.544412368,26.18691118,49.80925483,484,6536.747405,3878.449,19294.752,22701.115,10511.8326,7716.296,27113.525,38725.476,7.182682078,3.113421424,25.66832156,55.64311028,343,6380.103155,4147.606,17382.878,19927.111,8705.419201,6835.298,20973.164,29437.108,6.926268161,4.253648643,20.99182315,38.7887596,147,5839.146381,4265.718,16643.94,21934.841,7254.507497,5406.334,20630.165,23328.499,7.610722053,4.192674844,22.92215103,53.15328779,831,6382.587501,4263.88,17326.867,21413.975,9205.139551,7010.923,23323.531,30940.22,7.863691449,3.856875702,25.52476203,53.15328779,627,6212.299233,3578.009,19274.129,21956.57,9298.801124,6496.347,23789.199,35671.376,6.943967746,3.428952311,23.88731678,50.9823,142,6148.309035,4090.984,16912.028,19244.329,9220.628718,7334.723,23124.952,32347.466,6.297316169,3.678066886,19.83464655,44.43557578
s15-fail-ckpt-none,fifo+topology_aware+easy_predicted,11,0.3016207988,0.05010537911,0.2152529682,0,0.03575832306,0.0005041284093,2000,1600,0,545.14095,0,3638.645,8053.23,3378.827512,1784.634,11132.601,24013.995,1.502301789,1,3.37627161,10.48380325,1.502301789,2830.824708,333,2028.193772,8053.23,0.7922377719,0.1816923783,0.1102223876,0.9688881357,145.2681628,40.19893389,2.333333333,102.7358235,7.204040405e-05,0,0,14,89.90758222,0.9994958716,1.057488356,0.9642416769,0.03575832306,811,287723.82,143,69,3006,640,536.8585641,0,3638.645,7714.702,3880.537616,1973.513,13244.856,26817.081,1.485042995,1,3.247862072,10.48380325,470,594.2333404,0,5110.768,8077.497,2779.536109,1658.654,8986.226,14438.19,1.529664816,1,4.071616198,10.91982107,327,404.1163578,0,2416.431,6484.845,2950.273927,1459.406,10081.605,26307.827,1.524563189,1,3.282758743,10.78961159,163,719.0203681,0,4514.091,8247.425,3996.677301,2122.388,12987.225,25425.573,1.44650748,1,3.121113048,8.062104056,789,626.2011825,0,4882.849,8077.497,3561.218663,1856.909,11212.423,24400.136,1.574209648,1,4.399217888,10.91982107,653,478.2887519,0,2721.914,7945.277,3031.803127,1668.115,10542.625,19058.483,1.464247325,1,3.093692665,8.726129418,158,416.647038,0,2616.319,6549.233,3902.247165,2084.291,14633.466,26474.038,1.300493332,1,2.578730411,10.12321654
s15-fail-ckpt-none,fifo+topology_aware+easy_predicted,12,0.1242607485,0.03548976955,0.07715882847,0,0.008505467801,0.003106682692,2000,1600,0,194.5971137,0,1304.296,3872.65,2741.415407,1526.003,9225.9,19292.63,1.282882031,1,2.391421909,6.063928003,1.282882031,2736.612536,349,761.830298,3862.156,0.7454501894,0.2104005778,0.1174288349,0.953229792,192.5597006,71.29872678,3.266666667,117.9942227,8.444444447e-05,0,0,20,275.5123622,0.9968933173,1.159755745,0.9914945322,0.008505467801,823,232305.539,140,67,3060,597,192.80766,0,1213.23,4050.628,1693.055174,968.634,5797.342,10235.011,1.311496012,1,2.726142172,8.53879001,519,184.1588362,0,1220.655,3934.178,3929.117946,1931.771,15091.977,23590.014,1.335458289,1,2.461392248,6.259090492,324,169.8759877,0,1230.469,3404.695,3043.29209,1997.442,8577.837,15280.268,1.151499611,1,1.904404335,3.315817161,160,285.1934562,0,1885.253,4073.734,2189.199131,1460.821,6163.268,12484.475,1.271621275,1,2.749556577,4.794719536,777,215.8956113,0,1580.791,3638.73,2735.070445,1551.116,10005.906,20139.327,1.341649068,1,2.753911905,6.972437614,660,186.032853,0,1247.505,4050.628,2735.428397,1566.922,9139.207,18503.24,1.234347564,1,2.184839888,5.212668451,163,127.7472945,0,759.734,2309.561,2795.902902,1299.458,8695.297,29178.773,1.199267066,1,2.017336624,8.182359415
s15-fail-ckpt-none,fifo+topology_aware+easy_predicted,13,0.2493091901,0.05895729746,0.1531906483,0,0.0295202952,0.007640949106,2000,1600,0,420.350355,0,2589.541,5168.545,2562.935207,1626.428,7657.75,12809.67,1.601598664,1,3.972744107,10.75230482,1.601598664,3308.719525,351,1281.291624,5102.286,0.8192300439,0.2032207557,0.1326593382,0.9436575681,219.5310525,65.83124139,2.8,150.8997535,5.761616165e-05,0,0,16,163.65594,0.9923590509,1.255147615,0.9704797048,0.0295202952,813,184394.585,195,76,3156,628,408.8425143,0,2410.003,5030.224,2540.959263,1785.811,7296.61,11442.284,1.404546702,1,3.441789251,7.295133977,479,455.805952,0,3186.976,5635.474,2435.918194,1332.089,7563.342,13717.918,1.762913444,1,5.327247978,16.17011382,328,377.5498171,0,2590.467,5168.545,2236.737348,1419.12,6150.898,11303.185,1.74192956,1,3.096924953,16.18154247,165,446.303503,0,2695.922,5017.821,3663.753024,2376.558,11140.416,19887.879,1.604327873,1,4.324490221,17.2751842,787,418.628108,0,2589.541,4941.248,2576.989175,1671.051,7331.761,13516.357,1.651580358,1,3.896243341,16.17011382,643,419.1407543,0,2494.45,5509.927,2496.219603,1621.477,7697.573,11413.256,1.518419749,1,3.441789251,10.11333562,170,432.8984824,0,3018.167,5437.408,2750.215559,1513.703,9335.853,19887.879,1.68482484,1,5.036078477,14.24707585
s15-fail-ckpt-none,fifo+topology_aware+easy_predicted,14,0.2137810454,0.05557898605,0.1287957122,0,0.02012578616,0.009280560987,2000,1600,0,306.2172706,0,2177.168,4550.275,2298.666322,1242.776,7897.751,14700.981,1.499807025,1,3.745101944,10.37226964,1.499807025,2831.058882,378,974.1764101,4386.343,0.8017840697,0.1911731796,0.139098901,0.9552543724,171.6824444,16.84543111,1,153.836938,7.531313135e-05,0,0,4,37.37168889,0.990719439,1.288378037,0.9798742138,0.02012578616,795,178937.446,147,69,2947,594,326.0874545,0,2294.809,4386.343,1735.235833,824.057,6544.874,11861.555,1.709812374,1,4.928342174,13.8827861,514,313.2237549,0,2282.233,5088.077,2676.675198,1739.175,8078.313,13281.989,1.327104565,1,2.998367746,6.602368808,336,238.0839405,0,1345.453,3708.357,1857.072161,1010.136,5988.767,10886.357,1.423341163,1,2.865505102,9.41528218,156,354.2209679,0,2368.314,5786.221,4149.671365,1917.362,17991.378,31756.379,1.433899445,1,2.882984632,9.9559242,805,303.8322484,0,2222.087,4550.275,2309.339862,1247.645,7857.101,13692.888,1.468761121,1,3.783691267,10.12510443,635,320.810515,0,2284.052,4386.343,2227.885031,1242.776,7755.646,15058.718,1.57810586,1,4.202153823,11.32914469,160,260.299975,0,1501.147,4755.576,2525.878325,1178.15,9355.447,25809.39,1.345258232,1,2.27554051,10.37226964
s15-fail-ckpt-none,fifo+topology_aware+easy_predicted,15,1.063434638,0.181601841,0.7060286354,0,0.17039801,0.005406151849,2000,1600,0,2467.891808,221.673,11934.737,19425.824,5645.374729,3244.151,19482.921,27655.401,3.33318034,1.12416179,12.23695242,26.02989827,3.33318034,6316.998541,357,5626.772482,17960.711,0.8876903061,0.1586206216,0.1437308153,0.926614735,441.8472011,128.0957309,2.7,311.0513773,9.288888898e-05,0,0,15,181.01602,0.9945938482,1.227822117,0.82960199,0.17039801,804,313018.43,187,81,3641,654,2432.333531,209.515,11815.857,20347.544,5075.653451,2916.554,18433.996,25501.078,3.289967546,1.132155478,12.56668091,26.99055498,498,2697.231197,334.458,12315.568,18047.842,7003.982195,4430.178,20208.716,41301.063,3.273652263,1.131211116,10.26109064,20.92566167,299,2145.848799,97.015,10303.938,19339.151,4142.560003,1900.871,15842.865,23798.264,3.690161917,1.062169897,16.3624575,30.25475988,149,2503.696886,268.91,12493.608,20562.539,6620.896879,3429.748,22354.19,48293.163,3.005453207,1.143640844,14.30355504,18.91727988,796,2580.863516,278.568,12027.051,19571.296,6033.559005,3536.767,20711.716,34644.791,3.21567977,1.143475322,11.77317769,26.80866204,652,2254.527759,169.861,11359.679,19247.404,5304.964587,3094.276,17169.167,27613.973,3.414346363,1.095923124,12.47686631,26.99055498,152,2791.496276,126.551,13362.727,20356.024,5072.695309,2477.835,19682.444,28627.921,3.600352746,1.140815333,14.07372572,23.07713688
s15-fail-ckpt-none,fifo+topology_aware+easy_predicted,16,0.6030307845,0.1747616039,0.3038859761,0,0.1106965174,0.01368668706,2000,1600,0,1339.538093,348.491,5136.901,7787.324,3009.510666,1781.238,9840.156,16757.619,3.419203662,1.360018378,11.77603388,29.82810267,3.419203662,7036.357311,364,3425.478346,7591.829,0.9307195192,0.2015830719,0.1850969278,0.9390542396,221.3960589,26.52317,1.266666667,193.6061238,9.838383841e-05,0,0,8,23.43842,0.9863133129,1.360439423,0.8893034826,0.1106965174,804,139766.775,221,110,3772,625,1207.235827,367.605,4663.77,7561.657,2648.876949,1477.95,9405.752,17820.788,3.353515358,1.385448158,11.09413967,29.22048323,493,1509.563199,448.711,5326.023,7787.324,3505.374521,2240.837,10716.925,17141.853,3.613160147,1.434209032,12.60055627,33.49553333,322,1309.231652,277.746,5290.275,7261.327,2735.957217,1768.04,8354.535,10799.543,3.624790656,1.425168188,13.63099996,29.49344995,160,1393.445675,150.464,5989.049,10842.549,3440.881937,2219.471,8901.086,19785.225,2.664426357,1.136833114,9.625858354,24.58673341,796,1291.236376,277.746,5321.816,7787.324,3021.684741,1699.052,9975.587,18417.703,3.261563392,1.317514587,11.33661585,29.82810267,633,1317.691171,373.833,5076.735,7291.327,2936.486558,1817.939,8991.957,13538.646,3.330024291,1.365850766,11.46959663,26.984234,171,1645.253117,639.012,5347.488,10763.885,3223.158018,2038.198,10167.451,15766.962,4.483134636,1.587908989,16.7320353,42.97682332
s15-fail-ckpt-none,fifo+topology_aware+easy_predicted,17,0.8880851801,0.1316888054,0.5973266984,0,0.1439588689,0.01511080749,2000,1600,0,1614.501226,0,10097.235,14650.467,4486.197004,2509.062,15534.538,24396.536,2.532796163,1,8.873641568,20.29011966,2.532796163,4661.541514,372,4512.066153,14428.08,0.8702273051,0.159257892,0.127808345,0.9189678297,467.9692297,191.5107275,5.566666667,270.8917374,9.814141417e-05,0,0,25,179.8683756,0.9848891925,1.414206892,0.8560411311,0.1439588689,778,253237.681,179,90,3522,628,1703.074955,0,10550.428,15137.455,4734.272376,2831.389,16344.54,21697.508,2.442823783,1.016487749,8.160097023,17.57017052,486,1628.809389,0,10609.086,16062.06,5059.749998,2947.66,17111.198,27965.519,2.621973673,1,9.410220933,21.33138944,340,1586.049156,0,10097.235,13196.869,3523.527144,1389.659,13372.925,25543.538,2.806846668,1,9.677166838,20.79103692,146,1252.142562,0,8172.948,13510.75,3751.742644,2279.828,11444.245,19912.869,1.984749674,1,5.250648638,12.07317619,822,1510.649591,0,9580.895,13787.595,4321.924437,2484.484,15306.38,21304.189,2.374265301,1,8.366200977,17.57017052,617,1717.927313,0,10550.428,14650.467,4669.052335,2454.411,16758.568,27821.994,2.404215399,1,9.410220933,20.29011966,161,1748.365503,13.96,10171.878,16853.734,4624.149242,2662.068,14846.929,26300.076,3.834949577,1.05027678,12.66646731,77.71178195
s15-fail-ckpt-none,fifo+topology_aware+easy_predicted,18,0.1887311381,0.03754385146,0.103608717,0,0.01134930643,0.03622926323,2000,1600,0,252.5398581,0,1751.406,4669.738,4424.780329,1776.199,16918.451,35112.122,1.386179764,1,2.529832965,7.998303261,1.386179764,2662.750599,356,920.6594747,4511.463,0.7408348396,0.1862907061,0.1272350128,0.9389013201,416.7693842,239.8345531,1.766666667,175.1680737,9.074747477e-05,0,0,24,132.8816133,0.9637707368,1.576832394,0.9886506936,0.01134930643,793,390125.266,127,55,2833,654,253.1100994,0,1778.723,4669.738,7107.185376,3075.06,23511.202,52110.989,1.189787385,1,2.06050757,4.934556828,489,286.6521759,0,1779.441,5986.216,2907.265489,1314.882,11228.586,17890.939,1.793271638,1,4.035122065,15.35319674,318,233.8237862,0,1629.098,4304.166,1645.094491,1101.787,5331.923,9048.133,1.272884959,1,2.857661326,6.294083969,139,172.6682734,0,1396.783,3646.542,3501.844734,1715.473,15016.448,21687.124,1.137262049,1,2.418490782,3.710591244,807,249.8707633,0,1768.482,4510.364,3961.55674,1709.125,16230.783,27922.209,1.50214087,1,2.698584245,8.697347702,633,269.7121295,0,1947.879,5269.496,5112.047657,1796.154,19943.177,39079.836,1.284453419,1,2.489092504,7.998303261,160,198.0643063,0,812.005,7518.255,4042.162938,1983.717,12140.43,46925.048,1.203755795,1,2.04113483,5.476876511
s15-fail-ckpt-none,fifo+topology_aware+easy_predicted,19,0.1450779831,0.04204193496,0.08286977061,0,0.01444043321,0.005725844328,2000,1600,0,210.2365081,0,1400.834,2892.652,2901.19104,1285.694,10028.385,28158.885,1.462988576,1,2.832929198,12.17671667,1.462988576,2779.945257,338,622.9819793,2693.196,0.7599504259,0.2160564408,0.1101134896,0.9608398453,185.9380847,79.73424917,4.266666667,101.9371258,4.30707071e-05,0,0,41,147.9071067,0.9942741557,1.217700031,0.9855595668,0.01444043321,831,280470.095,130,55,2899,656,208.9453247,0,1400.509,2693.196,4087.116825,1869.483,13626.291,45457.581,1.31214971,1,2.262786347,6.479919177,468,216.9520171,0,1388.302,3607.606,1953.323088,744.063,7278.02,16062.37,1.597804743,1,3.394995643,14.5981378,316,186.6671867,0,1266.803,2823.381,2348.562816,1215.783,7996.718,17476.555,1.574798832,1,3.216995648,14.91319844,160,242.4369063,0,1799.169,2716.733,1902.849825,1055.54,6680.137,14636.962,1.466265381,1,2.958131368,7.518903242,769,215.4053901,0,1403.101,2911.888,2888.909289,1367.202,8643.29,29715.524,1.4419958,1,2.869322044,9.322996788,662,221.5673535,0,1510.791,3038.629,2929.288607,1239.248,10054.117,28613.334,1.511683197,1,2.972891145,13.26098869,169,142.3318343,0,1284.225,2264.39,2847.013982,1183.149,12552.639,27094.338,1.367767307,1,2.022628337,15.76638531
s15-fail-ckpt-none,fifo+topology_aware+easy_predicted,20,0.7137437883,0.1098351163,0.4532882404,0,0.09589041096,0.05473002066,2000,1600,0,1107.435982,0,7662.403,11657.189,4306.547487,2085.608,14997.739,27147.759,2.345674389,1,7.401065345,17.86251284,2.345674389,4518.518431,353,3177.897904,11602.265,0.8097742479,0.1942043735,0.1158138088,0.9209140836,451.9859772,260.2855999,6.066666667,185.633644,6.66666667e-05,0,0,25,224.7686,0.9452699793,1.923951258,0.904109589,0.09589041096,803,269662.189,143,57,3220,645,1307.367989,0,8527.554,12046.291,6665.614177,3820.239,20690.092,44282.323,2.101152141,1,6.278765689,17.79295817,467,1108.34988,0,6748.217,11602.265,2428.518308,1430.206,9353.951,15516.942,3.172209522,1,10.47111667,33.95594423,310,981.6847484,0,7573.669,10224.898,3456.903306,2081.189,11573.862,16258.85,1.648799318,1,5.859382836,11.64644468,178,599.5705169,0,4118.45,8180.732,2165.150337,1239.044,8175.839,15777.397,2.276889081,1,7.174168399,19.22790805,797,1078.636799,0,7547.089,11945.416,4204.470274,1989.475,14997.739,26423.603,2.259597954,1,7.961003236,17.84796019,621,1114.050093,0,7814.177,11177.134,4579.568668,2195.082,15675.614,34570.895,2.238673095,1,7.174168399,17.82768016,182,1210.983154,0,7573.669,11750.479,3821.98367,2111.102,12928.343,26503.318,3.087711326,1,6.992282132,46.44138581
s15-fail-ckpt-none,shortest_estimate+topology_aware+easy_predicted,1,0.08403278799,0.02581154884,0.04487181497,0,0.01108374384,0.002265680339,2000,1600,0,116.2082175,0,758.515,2636.276,3457.11903,1373.197,9969.846,48633.587,1.162821853,1,1.739270336,4.165430646,1.162821853,2273.998541,370,444.8400595,2565.839,0.7550370561,0.1311969934,0.1166332113,0.9358736766,383.9694367,235.8420442,2.5,145.6273161,7.632323236e-05,0,0,17,138.30232,0.9977343197,1.123282282,0.9889162562,0.01108374384,812,331001.651,156,62,2686,647,156.00249,0,855.572,3725.592,2495.953355,1651.146,7965.657,15033.631,1.23287856,1,1.948365195,5.273028299,468,82.48474786,0,563.473,1489.696,1682.938051,960.132,6387.115,9235.755,1.128797294,1,1.731006855,4.444217681,333,97.87941441,0,541.032,2316.516,8012.955264,1379.871,48633.587,86400,1.104309563,1,1.554926905,2.532539399,152,90.80809211,0,658.141,1943.61,3030.128395,1926.776,10223.501,15590.314,1.097567887,1,1.782818174,2.833555073,788,99.06013325,0,620.21,2636.276,3457.497072,1434.601,9358.217,54203.464,1.170041761,1,1.663856013,4.724111846,648,129.4136204,0,840.729,3181.565,3359.434273,1311.784,11371.818,44785.025,1.140627812,1,1.933348397,3.547015829,164,146.4252256,0,876.571,4332.19,3841.2765,1311.824,9059.982,67156.945,1.215824608,1,2.40893303,4.992925828
s15-fail-ckpt-none,shortest_estimate+topology_aware+easy_predicted,2,0.108207499,0.02745302904,0.06845173885,0,0.01155327343,0.000749457724,2000,1600,0,280.9773694,0,1157.111,5397.084,3647.950236,1640.054,13499.784,27939.411,1.140519274,1,1.849878879,3.479940801,1.140519274,2339.839825,332,1215.84187,5397.084,0.7616121195,0.2130265578,0.1129550177,0.8874930893,741.0266272,355.5553014,5.533333333,379.9379108,8.16565657e-05,0,0,22,232.5392467,0.9992505423,1.068967795,0.9884467266,0.01155327343,779,337031.361,175,74,3053,636,345.5458428,0,1270.096,7956.209,5123.83156,2124.332,19064.8,34187.161,1.11923376,1,1.88810749,2.80874818,502,247.3268486,0,1223.979,4975.407,2814.234932,1521.844,8673.913,20249.192,1.13876952,1,1.711405287,3.198491162,311,223.4166977,0,1157.111,5031.573,2010.006765,1184.31,6846.003,10540.792,1.196424844,1,1.967494718,4.724903877,151,239.4434702,0,792.511,3668.096,3576.857391,1705.867,10455.572,34142.899,1.12084597,1,1.907258417,3.729989655,821,336.2863532,0,1223.979,8342.337,3815.343476,1652.303,13499.784,32412.392,1.14410662,1,1.88810749,3.884217289,635,220.5674268,0,1241.25,4919.747,3468.868397,1668.254,12491.617,25871.625,1.148519576,1,1.965178567,3.370147025,144,232.0304097,0,740.238,5313.683,3483.277444,1567.063,14988.267,29759.55,1.084787314,1,1.515379838,2.45958208
s15-fail-ckpt-none,shortest_estimate+topology_aware+easy_predicted,3,0.1967722659,0.04125339917,0.1207810606,0,0.03104786546,0.003689940698,2000,1600,0,422.5463675,0,2041.688,6884.831,3090.58049,1411.241,11282.434,26478.566,1.328199106,1,2.779794962,6.305413033,1.328199106,2594.631371,377,1607.765066,6694.195,0.839131902,0.3741842634,0.1726242157,0.9586101032,194.1371706,33.54705944,1.633333333,158.9566924,8.541414142e-05,0,0,17,55.07759111,0.9963100593,1.182851908,0.9689521345,0.03104786546,773,210815.924,273,140,3473,639,488.4383944,0,2859.787,6884.831,4376.404319,2094.244,15286.849,32097.327,1.316429257,1,2.500416859,5.591908786,481,280.0401913,0,1341.167,5827.455,1945.476407,1084.324,6309.247,12610.801,1.355128135,1,2.995232472,8.66360737,318,445.6794465,0,1760.866,9210.407,2681.412314,1386.512,10434.814,15710.418,1.240338193,1,2.397941144,4.629629861,162,540.3497407,0,2340.54,5602.376,2221.871333,1105.575,7633.654,13790.85,1.467136399,1,3.118313401,6.966023,827,498.7097328,0,2662.469,6884.831,3248.601807,1452.987,10890.669,26478.566,1.328854413,1,2.812540063,6.331150424,629,344.2858203,0,1678.521,8457.302,2815.908285,1375.444,11388.567,17322.139,1.341715288,1,2.773577291,5.703086718,144,326.9823472,0,2024.597,5602.376,3382.838743,1438.086,11894.199,30617.045,1.265396208,1,2.148468177,6.966023
s15-fail-ckpt-none,shortest_estimate+topology_aware+easy_predicted,4,0.1362594226,0.02928082293,0.0733257805,0,0.02516556291,0.008487256215,2000,1600,0,243.9498331,0,1239.502,5036.051,2881.288965,1601.575,10065.736,18671.582,1.223414137,1,1.973041875,4.763667826,1.223414137,2464.593089,354,1012.011935,4797.443,0.8178416618,0.3705686516,0.1889966475,0.9490981959,246.4496425,54.42274561,4.066666667,187.9601392,9.10707071e-05,0,0,14,177.5775067,0.9915127438,1.252304379,0.9748344371,0.02516556291,755,223893.334,245,113,3413,615,208.2684211,0,1098.476,4797.443,2223.639927,1007.595,8961.763,13220.53,1.368706786,1,2.597838393,7.109010332,495,321.9832687,0,1397.095,8664.05,4023.879218,2385.688,13468.511,30013.493,1.092950571,1,1.564041773,2.52081428,334,190.1140808,0,1309.167,3828.643,2533.635201,1605.244,8754.015,14106.368,1.124212568,1,1.85407362,3.099352252,156,252.2745705,0,1363.113,7686.219,2592.752686,1738.791,7447.028,17703.164,1.276989844,1,2.25315183,7.950221929,845,247.4461562,0,1098.476,5036.051,2996.024561,1640.481,10237.227,19104.214,1.230096871,1,1.973041875,5.143641121,608,196.3031283,0,1106.341,4013.655,2724.283158,1581.854,8839.014,16275.339,1.207558653,1,1.843042592,3.999331171,147,420.9212857,0,2335.344,8583.769,2871.13898,1465.754,11202.311,17045.224,1.250578929,1,2.339564344,5.031637743
s15-fail-ckpt-none,shortest_estimate+topology_aware+easy_predicted,5,0.05690794983,0.02201480854,0.02806050932,0,0.006631299735,0.0002013322329,2000,1600,0,110.0416331,0,474.336,2053.675,2325.66532,1502.588,6880.407,12754.754,1.083306655,1,1.483433005,2.754580954,1.083306655,2158.951263,334,471.2870419,2053.675,0.7594623486,0.2478043468,0.1130718894,0.9418775524,222.5291753,77.12067572,3.933333333,141.4751118,5.442424245e-05,0,0,16,139.3210467,0.9997986678,1.040857945,0.9933687003,0.006631299735,754,209107.581,167,69,2906,639,125.7942034,0,578.625,1941.189,2314.982664,1394.534,6699.557,16699.944,1.099894509,1,1.56943372,2.892516472,486,135.5851111,0,637.051,3720.012,1959.997782,1307.419,5983.934,10571.352,1.080822391,1,1.49580404,2.71566279,322,59.0932764,0,248.253,1591.99,2839.384537,2246.104,7511.958,11427.432,1.056719137,1,1.25,2.677429892,153,70.33802614,0,391.204,1653.076,2450.652595,1478.383,7533.206,14317.204,1.077874586,1,1.413307317,2.928947158,846,121.3909965,0,572.239,2476.904,2376.502647,1453.587,7426.538,13621.894,1.084129817,1,1.470202539,2.754580954,602,92.56851661,0,387.058,1733.929,2228.250088,1528.929,6289.937,10326.438,1.084546811,1,1.493034314,2.82523816,152,116.0762039,0,524.632,5275.137,2428.531053,1507.125,7017.101,15910.596,1.073813432,1,1.635415811,2.608769105
s15-fail-ckpt-none,shortest_estimate+topology_aware+easy_predicted,6,0.1780165275,0.03933778818,0.1054750755,0,0.02475247525,0.008451188606,2000,1600,0,470.9953806,0,1782.955,8013.566,2440.799579,1243.27,8123.479,25149.637,1.302651801,1,2.65071455,5.899269552,1.302651801,2556.25504,388,1842.655392,6823.427,0.8669115011,0.4441821644,0.221954028,0.9405676524,214.8465597,44.63353039,1.433333333,168.7796016,9.442424244e-05,0,0,14,83.74482222,0.9915488114,1.23796368,0.9752475248,0.02475247525,808,173455.604,284,139,3761,647,454.0978903,0,1924.701,8170.443,2564.971082,1314.718,8838.612,17153.187,1.294421246,1,2.526924937,6.24036474,472,296.1479343,0,1658.279,6054.509,2137.086947,1226.54,6563.12,16352.044,1.259740034,1,2.362922378,5.521091935,318,336.4385912,0,1273.203,4423.58,1614.619528,1020.54,4520.166,7047.758,1.254655625,1,2.543643405,4.90401514,163,1306.883294,0,6876.568,35856.003,4439.196245,1435.86,25531.466,41738.704,1.553218095,1,4.179453183,10.15675179,792,415.5403535,0,1409.418,9010.039,2493.745336,1273.134,8603.384,25531.466,1.286538219,1,2.552380513,5.72051212,644,532.2132127,0,2363.536,8013.566,2350.886311,1223.325,7909.77,15924.985,1.349846607,1,3.022797069,6.776827795,164,498.4106098,0,1422.225,12420.464,2538.184372,1221.974,7855.24,20367.775,1.195142663,1,2.198803754,3.624380087
s15-fail-ckpt-none,shortest_estimate+topology_aware+easy_predicted,7,0.1132524339,0.02715189967,0.06436543783,0,0.02109181141,0.0006432850211,2000,1600,0,236.7229987,0,1088.036,5197.43,4074.236389,1524.102,15040.373,42329.968,1.184554015,1,1.829587754,4.5324003,1.184554015,2308.854795,369,945.3970705,5102.032,0.7795813865,0.2044181634,0.1050489032,0.9609096337,272.6823097,111.1229866,4.033333333,157.5259019,8.787878794e-05,0,0,9,138.07106,0.999356715,1.063823675,0.9789081886,0.02109181141,806,431482.853,201,98,2825,632,246.4183718,0,1041.089,5040.492,3602.861574,1459.76,13201.955,31856.608,1.166880071,1,1.762844502,4.5324003,504,224.4074028,0,1248.469,5197.43,5931.216306,1870.343,30328.039,68088.711,1.167968059,1,1.708302613,4.245144639,308,210.0014318,0,1043.436,4039.28,2696.462354,1126.838,10193.493,24778.908,1.241354646,1,1.916375786,4.475210292,156,289.9911218,0,1307.158,7704.493,2704.655673,1504.557,9515.172,17084.835,1.197596706,1,2.203611403,6.488282187,794,211.8040516,0,899.042,5197.182,4197.542864,1591.255,13792.706,51971.354,1.162508864,1,1.829587754,4.687436024,644,231.9682438,0,1133.501,5197.43,3981.862977,1453.54,15404.159,45715.751,1.201818625,1,1.771974646,4.5324003,162,377.7582222,0,1729.46,12077.517,3837.095259,1645.092,16446.685,31672.592,1.223970315,1,2.143216902,6.445194644
s15-fail-ckpt-none,shortest_estimate+topology_aware+easy_predicted,8,0.06220025432,0.02643187245,0.02603247354,0,0.00875,0.0009859083395,2000,1600,0,86.24714875,0,440.054,2013.074,1649.214181,767.583,5603.351,12823.07,1.128268668,1,1.78106986,3.152748731,1.128268668,2216.12905,390,330.8230333,1881.184,0.7594270622,0.2932897578,0.1263667584,0.942025709,158.595715,61.06282522,2.2,95.33282089,6.888888891e-05,0,0,11,101.6313511,0.9990140917,1.08640435,0.99125,0.00875,800,143420.605,196,78,2991,674,82.60430415,0,451.641,1881.184,1306.3522,680.913,4980.904,9075.765,1.163374144,1,2.016435697,3.908678697,490,45.32402245,0,310.988,843.618,1433.848282,675.917,4270.192,18117.395,1.070848201,1,1.430978596,2.34245119,303,137.9765479,0,599.518,2625.307,2450.465927,1196.742,8006.925,18919.624,1.133357347,1,1.78106986,4.055595174,133,137.627609,0,907.461,2338.143,2354.770474,1234.369,9994.052,15941.74,1.150321812,1,2.074573506,3.150882197,800,79.98710125,0,418.702,1738.493,1635.776741,735.402,5517.692,12823.07,1.127726281,1,1.782690712,3.353135623,629,86.63905405,0,384.873,2062.128,1693.173245,824.316,5603.351,15257.444,1.121335728,1,1.751606532,2.973975416,171,114.0923509,0,756.798,2538.43,1550.382023,791.345,5859.484,9534.927,1.156308018,1,2.016773443,4.385698349
s15-fail-ckpt-none,shortest_estimate+topology_aware+easy_predicted,9,0.1173909784,0.03048525636,0.071781771,0,0.01511335013,1.060087191e-05,2000,1600,0,315.8780881,0,1213.402,5193.113,2781.573559,1272.152,9489.766,24922.268,1.159193056,1,2.054200714,3.698376463,1.159193056,2419.983186,346,1387.621555,4866.985,0.7896865128,0.2797150197,0.1423228635,0.9241001184,358.9871556,214.60196,4.566666667,139.8184529,7.600000002e-05,0,0,11,210.8315044,0.9999893991,1.008431141,0.9848866499,0.01511335013,794,225082.364,202,99,3428,645,336.7541767,0,1008.616,5664.812,2756.041332,1309.708,8616.86,27985.017,1.158562463,1,2.088666705,3.814602007,474,277.2611139,0,1745.466,6714.343,2772.386637,1189.342,10835.648,18266.874,1.157227149,1,2.107127388,3.485522122,330,405.6207121,0,1178.137,5193.113,3191.306209,1527.393,11383.364,26486.639,1.159684436,1,1.916930077,3.604136772,151,151.8006225,0,1061.828,2738.468,2024.031265,951.29,10372.149,13637.962,1.166983894,1,1.900564105,4.922605465,806,348.5727543,0,1342.612,5734.929,2907.980159,1247.9,10542.172,25960.175,1.166279167,1,2.054200714,3.76127768,627,313.7743014,0,1255.148,4089.649,2769.759364,1357.649,8441.517,25929.887,1.166092771,1,2.209686814,4.18466721,167,165.9809222,0,667.303,5664.812,2215.847701,1115.233,8409.476,16394.706,1.099088105,1,1.772580682,2.591214855
s15-fail-ckpt-none,shortest_estimate+topology_aware+easy_predicted,10,0.3002527403,0.04259727403,0.2074898541,0,0.0455136541,0.004651958121,2000,1600,0,926.8812363,0,3507.417,18873.214,3817.086088,1562.377,13444.247,33372.888,1.372190187,1,2.870349841,6.15357745,1.372190187,2778.188701,352,3888.14225,18422.304,0.8758526115,0.4563414964,0.2219566912,0.9380423079,391.1563881,86.80685783,4.3,300.0494269,0.0001033535354,0,0,21,223.3632333,0.9953480419,1.213068401,0.9544863459,0.0455136541,769,297216.148,322,171,3948,626,966.5012364,0,3186.136,20027.125,3800.60695,1756.634,12997.056,30850.86,1.461913765,1,3.248395531,7.795344275,484,1397.742994,0,5841.618,40962.883,5253.146913,1436.465,19326.936,58989.798,1.343055846,1,3.009953681,5.908473988,343,469.5833761,0,2428.406,8801.399,2719.133883,1610.555,8491.045,17546.915,1.321143135,1,2.742075959,6.049569427,147,274.8673265,0,1393.986,7787.07,1720.89634,1019.909,4710.263,11336.114,1.205137125,1,2.016017325,2.778412366,831,942.3473995,0,3316.912,21874.811,3725.078893,1565.3,14013.554,33372.888,1.343997149,1,2.910157476,5.908473988,627,1022.333045,0,3874.62,17860.413,4040.630805,1523.493,12936.591,40625.917,1.425479652,1,2.870349841,7.36135,142,414.9047183,0,1292.771,9615.208,3368.462437,1811.064,13025.342,27997.794,1.301879764,1,2.411029412,7.879562537
s15-fail-ckpt-none,shortest_estimate+topology_aware+easy_predicted,11,0.11748532,0.02850771103,0.07223959052,0,0.01602959309,0.0007084253164,2000,1600,0,315.2493575,0,1221.141,5739.71,3155.644323,1555.529,10987.488,24421.711,1.152175594,1,1.920946955,3.887795293,1.152175594,2275.57203,333,1447.183991,5739.71,0.7986266158,0.2794130473,0.1360597415,0.9522611052,226.7954622,76.69932933,3.333333333,146.7627158,8.371717174e-05,0,0,16,89.90758222,0.9992915747,1.07210112,0.9839704069,0.01602959309,811,257446.25,179,88,3302,640,487.7495047,0,1660.171,10500.877,3849.099381,1735.48,14368.791,33097.672,1.164230295,1,2.001557773,4.291927709,470,197.5168574,0,1152.401,4770.569,2347.702174,1454.691,7721.429,13118.289,1.131627257,1,1.861295588,3.486868564,327,151.5330367,0,994.656,2829.366,2749.433792,1368.808,10081.605,22530.089,1.182596939,1,2.274859662,5.615415344,163,305.8592822,0,1214.697,7227.533,3577.438288,1828.176,13419.286,25425.573,1.103064736,1,1.696130437,3.261125353,789,343.5575932,0,1257.47,6520.793,3286.729805,1601.733,11132.601,26774.771,1.162610457,1,2.081166523,4.291927709,653,307.6313828,0,1439.35,5636.899,2835.61751,1459.267,9855.059,20076.645,1.149829857,1,1.88248127,3.807031061,158,205.3717595,0,1012.646,5739.71,3823.689032,1901.144,15127.586,33097.672,1.109762048,1,1.558413485,3.521233184
s15-fail-ckpt-none,shortest_estimate+topology_aware+easy_predicted,12,0.0779557435,0.02722664602,0.04385028408,0,0.006075334143,0.0008034792608,2000,1600,0,136.5045931,0,741.247,3173.763,2750.633085,1418.987,9516.252,20534.186,1.163959233,1,1.834624418,3.801882722,1.163959233,2312.507631,349,563.2489513,2946.078,0.7462899026,0.2184285625,0.1340043645,0.9458995774,224.4653628,109.6138694,2.366666667,112.4847418,8.48888889e-05,0,0,32,275.5123622,0.9991965207,1.068767096,0.9939246659,0.006075334143,823,257926.045,156,65,3045,597,93.70060972,0,548.894,2270.23,1600.798888,935.867,5633.496,10480.91,1.189022567,1,1.834624418,4.701578583,519,142.9180713,0,936.407,2921.369,4051.682981,1830.041,16300.138,25827.393,1.178651655,1,1.973239461,4.033843128,324,201.6858241,0,895.328,5138.537,3093.744731,1989.42,8739.514,15280.268,1.112517939,1,1.700935365,2.715944044,160,143.4212437,0,667.178,3212.228,2125.87025,1377.734,6412.931,15444.069,1.126951749,1,1.896195475,2.709451792,777,161.4453604,0,862,4355.475,2757.742974,1435.138,10493.374,21030.18,1.17820046,1,2.000459304,4.145701184,660,115.9983515,0,734.383,2946.078,2718.487886,1434.929,9082.635,17869.626,1.154027309,1,1.778292867,2.824439441,163,100.6465767,0,477.634,1786.623,2846.899632,1260.875,8725.277,28741.159,1.13628829,1,1.774985881,4.701578583
s15-fail-ckpt-none,shortest_estimate+topology_aware+easy_predicted,13,0.08204383024,0.0254811,0.04533909969,0,0.0110701107,0.0001535198521,2000,1600,0,219.575815,0,766.414,4673.115,2372.024552,1392.611,7358.574,15198.055,1.1317754,1,1.717003564,3.525882489,1.1317754,2267.812511,351,912.9249972,3950.973,0.8026890087,0.2673854643,0.1418246426,0.9528123768,182.0939478,50.54026644,3.2,128.3536299,5.14747475e-05,0,0,19,163.65594,0.9998464801,1.032580772,0.9889298893,0.0110701107,813,187934.737,221,110,3138,628,205.4141879,0,761.798,2363.365,2337.158102,1557.751,6583.601,12676.055,1.114874567,1,1.664076564,3.485836252,479,219.1143278,0,605.415,5327.477,2211.605998,1117.168,7409.734,15447.877,1.15119804,1,1.888851066,4.791502139,328,124.1920457,0,766.414,2686.075,2073.378765,1166.047,6129.138,14771.2,1.12933209,1,1.645347026,3.069649585,165,464.4269091,0,1271.013,9303.376,3564.099921,1974.263,11493.814,17584.985,1.144573487,1,1.739374796,3.248139697,787,203.7688742,0,746.929,2814.454,2340.729441,1404.193,6914.86,14771.2,1.138888098,1,1.690731243,3.828574937,643,176.8801104,0,771.99,3414.015,2272.949821,1392.686,7568.306,12676.055,1.121116734,1,1.697836104,3.525882489,170,454.2428765,0,806.713,8780.684,2891.638106,1280.983,9335.853,50520.061,1.139162631,1,1.916304611,3.248139697
s15-fail-ckpt-none,shortest_estimate+topology_aware+easy_predicted,14,0.07703319512,0.02722060316,0.0423322447,0,0.006289308176,0.001191039078,2000,1600,0,144.5562125,0,715.586,2689.454,2153.733971,1085.655,7670.891,16011.997,1.14552022,1,1.83421723,3.619247688,1.14552022,2248.932623,378,562.6864021,2636.374,0.8288431703,0.2666180516,0.1584448637,0.9250913309,296.7848911,112.5293102,2.866666667,181.3888183,9.591919197e-05,0,0,6,37.37168889,0.9988089609,1.101406646,0.9937106918,0.006289308176,795,178937.446,217,104,3004,594,116.6429529,0,526.531,2333.718,1527.905473,702.603,5784.745,11926.055,1.201094113,1,2.085959926,5.266678544,514,157.8727704,0,993.933,2902.864,2538.626191,1541.983,8046.818,14202.218,1.09050923,1,1.7066048,2.754753786,336,123.38175,0,632.483,1402.61,1792.645762,941.93,5764.76,10684.585,1.135539048,1,1.831088088,4.078221088,156,252.5715,0,1015.473,10622.264,4046.254256,1728.631,18190.113,31756.379,1.136663998,1,1.751570203,3.619247688,805,155.6617975,0,675.94,3755.27,2165.679406,1098.839,7606.018,16839.442,1.145050549,1,1.767715907,3.768551243,635,150.2359008,0,829.84,2689.454,2094.436872,1086.965,7755.366,15461.498,1.164596017,1,2.067947594,4.078221088,160,66.139975,0,387.274,1773.596,2328.968856,1017.823,8216.604,25809.39,1.072176182,1,1.689869446,2.085959926
s15-fail-ckpt-none,shortest_estimate+topology_aware+easy_predicted,15,0.2869125607,0.04254183104,0.1990254283,0,0.04228855721,0.003056744111,2000,1600,0,724.9016825,0,3364.334,17138.173,3858.110327,1811.532,14179.167,34445.339,1.33934439,1,2.866613903,6.046818575,1.33934439,2604.008454,357,2837.950392,16529.76,0.8665662884,0.484723252,0.243409614,0.9303775646,417.4961022,72.40014667,1.6,343.4958448,0.0001107474749,0,0,5,181.01602,0.9969432559,1.16360191,0.9577114428,0.04228855721,804,312426.603,310,154,3875,654,735.1779083,0,3410.948,19858.244,3382.304265,1614.485,13272.234,34445.339,1.307734463,1,2.947561658,6.046818575,498,977.9334076,0,4141.699,24996.073,5195.456584,2564.24,16717.317,49745.737,1.342330933,1,2.915343508,5.465477141,299,316.6441237,0,2343.062,6748.358,2301.756692,1047.106,8735.615,23798.264,1.449972872,1,3.250704341,9.054104088,149,653.3483893,0,3370.289,14643.011,4599.912107,2098.226,21495.79,33247.096,1.246107332,1,2.243427922,3.952965272,796,757.5211533,0,3364.334,18676.711,4135.615224,1856.199,15978.566,40138.754,1.349471387,1,2.778859443,6.263424486,652,705.1246963,0,3370.289,15784.918,3760.449017,1812.857,13634.035,27195.313,1.308039861,1,2.915343508,5.888104812,152,638.9115263,0,3518.195,17138.173,2823.776618,1483.433,9142.263,27710.909,1.420590863,1,3.441010804,8.363904009
s15-fail-ckpt-none,shortest_estimate+topology_aware+easy_predicted,16,0.1553823543,0.03729346413,0.09661086364,0,0.01865671642,0.002821310107,2000,1600,0,482.9243219,0,1633.114,10861.465,2148.180979,891.207,7686.073,18896.808,1.270488912,1,2.512961012,5.149638025,1.270488912,2499.164768,364,1990.354206,8935.242,0.8869003861,0.3888781986,0.1956615051,0.9334502309,243.2049717,37.19219583,1.6,204.4126823,9.353535355e-05,0,0,6,23.43842,0.9971786899,1.154061157,0.9813432836,0.01865671642,804,149482.64,338,170,3713,625,483.82296,0,1450.337,7166.591,1904.369627,717.132,6922.177,18596.464,1.257109803,1,2.347816237,5.280861735,493,554.7520081,0,1700.372,15032.04,2570.586454,983.48,9912.427,24573.317,1.292866131,1,2.70505266,5.557350062,322,425.1854037,0,2292.224,9005.957,1855.151658,853.953,6537.651,12599.343,1.323603091,1,2.674472545,5.046454911,160,374.2945313,0,1386.966,4991.326,2388.753712,1290.951,6278.724,18847.255,1.146908968,1,2.004775058,3.029823528,796,489.5419334,0,1845.235,11337.001,2211.828943,870.645,8387.52,19483.778,1.301498522,1,2.599705269,5.444725533,633,477.3551264,0,1495.554,7607.972,2095.997728,948.368,7556.628,16463.106,1.232935124,1,2.424369324,4.560355085,171,472.7353275,0,856.186,8935.242,2045.071146,861.128,5945.259,22799.444,1.265154986,1,2.205668973,6.706841608
s15-fail-ckpt-none,shortest_estimate+topology_aware+easy_predicted,17,0.1528256915,0.03294032604,0.09207532092,0,0.02699228792,0.0008177565881,2000,1600,0,534.2558,0,1556.445,9670.822,3504.285789,1685.396,11884.118,27788.593,1.228404001,1,2.219631696,5.407670093,1.228404001,2399.582912,372,2167.211954,7406.419,0.8346735296,0.3516723458,0.1794222582,0.8061569964,1276.117423,924.6300799,9.066666667,342.4205783,9.818181823e-05,0,0,22,179.8683756,0.9991822434,1.077224108,0.9730077121,0.02699228792,778,333046.878,239,111,3599,628,388.8819427,0,1654.248,6401.38,3500.520627,1963.846,12612.664,21203.51,1.2200897,1,2.082988207,5.729194452,486,811.4566029,0,1903.807,19061.398,4439.815782,2151.541,12885.388,35151.066,1.274697683,1,2.224684375,6.147515052,340,404.6783559,0,917.476,4000.16,2309.802938,932.623,6505.342,25068.829,1.196949127,1,2.200018658,4.406212557,146,538.5813014,0,1395.68,15792.467,3187.992048,1860.211,11209.629,31990.262,1.183317077,1,2.23763234,3.984299641,822,629.3013723,0,1580.694,7406.419,3652.798798,1671.181,11220.862,25743.237,1.217971926,1,2.064617731,5.639357793,617,502.130235,0,1733.407,11921.415,3462.439044,1720.967,13343.249,32687.983,1.222001681,1,2.310724511,5.040807792,161,172.1068137,0,1160.379,3369.629,2906.408447,1579.954,10297.952,21302.621,1.306201498,1,2.231077559,13.24558064
s15-fail-ckpt-none,shortest_estimate+topology_aware+easy_predicted,18,0.06934786553,0.02314814689,0.03663514541,0,0.007566204288,0.00199836895,2000,1600,0,132.0405413,0,619.282,3033.674,4211.923773,1618.241,16893.504,36305.223,1.12695453,1,1.559801214,3.753484107,1.12695453,2228.636105,356,539.6555197,2990.884,0.7376821101,0.1375350166,0.1117150394,0.9507292577,331.9068208,203.5957453,3.266666667,125.0443506,5.830303033e-05,0,0,20,132.8816133,0.9980016311,1.115899797,0.9924337957,0.007566204288,793,390125.266,127,60,2718,654,149.8438869,0,636.528,3834.972,6802.313309,3042.192,24681.117,52110.989,1.096178044,1,1.433040652,3.107124081,489,142.1590348,0,859.235,3408.451,2754.147722,1190.967,11228.586,17698.762,1.203881473,1,2.052299278,5.684033333,318,93.87664465,0,447.928,2370.416,1505.984638,999.996,5039.868,9764.423,1.092985819,1,1.511623205,3.075934611,139,99.98865468,0,364.902,2990.884,3343.048791,1628.426,15008.808,17876.58,1.078843707,1,1.473608969,3.20205934,807,118.6672652,0,657.69,3053.331,3759.454953,1548.529,16230.783,27937.843,1.141081831,1,1.708982821,4.029565392,633,161.1967141,0,619.282,2990.884,4870.908529,1682.418,19657.349,39079.836,1.125374555,1,1.499419858,3.753484107,160,84.14289375,0,437.528,1619.139,3886.954944,1778.682,12140.43,46925.048,1.061950727,1,1.262193974,2.928036306
s15-fail-ckpt-none,shortest_estimate+topology_aware+easy_predicted,19,0.06678415802,0.02484615535,0.02887818362,0,0.01083032491,0.002229494132,2000,1600,0,97.67749875,0,488.158,2613.314,2873.398726,1124.904,10028.385,29815.067,1.16557334,1,1.674218825,4.314725815,1.16557334,2308.706196,338,419.1833491,2613.314,0.7602120385,0.1425865546,0.09433681552,0.9482154633,249.15409,156.3128944,2.066666667,90.77448667,4.222222225e-05,0,0,31,147.9071067,0.9977705059,1.118391066,0.9891696751,0.01083032491,831,378993.523,149,70,2820,656,102.3334954,0,584.366,2743.804,4184.769665,1647.904,13626.291,45457.581,1.118406337,1,1.660923584,3.376506534,468,89.36023718,0,351.127,1925.986,1796.12094,690.069,6975.626,15923.809,1.192138773,1,1.653835917,6.078479275,316,90.49700949,0,581.039,1594.692,2313.188782,1027.151,7984.065,17476.555,1.248896702,1,1.858659145,8.124056545,160,117.0973688,0,430.952,3834.425,1754.230038,865.612,6027.765,16426.456,1.11669052,1,1.44726338,4.275023659,769,106.976472,0,488.158,3119.678,2754.607654,1214.76,8637.173,29815.067,1.157166814,1,1.672620777,4.364469418,662,83.93498036,0,489.613,1508.402,3002.080396,1057.686,10422.386,31294.708,1.17681956,1,1.666662823,4.118797681,169,109.1960592,0,351.127,2746.332,2909.866586,1128.109,12244.818,31657.635,1.159772279,1,1.81861593,4.330656659
s15-fail-ckpt-none,shortest_estimate+topology_aware+easy_predicted,20,0.1569354784,0.03411974583,0.08963957198,0,0.02864259029,0.004533570269,2000,1600,0,492.0543006,0,1515.271,10424.699,3670.899019,1613.14,13087.27,38188.694,1.250490795,1,2.299105031,5.375016997,1.250490795,2516.271297,353,2060.832776,9007.68,0.7864319795,0.275276167,0.1225474954,0.9338568596,372.7772689,137.2418084,4.933333333,230.6020436,8.351515156e-05,0,0,22,224.7686,0.9954664297,1.194338097,0.9713574097,0.02864259029,803,273447.13,227,119,3236,645,854.2080713,0,3174.399,20016.426,6122.08035,3190.11,21665.586,48440.784,1.262996355,1,2.435127044,5.453009404,467,159.7691906,0,887.22,2762.008,1495.843347,1015.041,5075.193,9491.439,1.333037793,1,2.397984045,7.557979591,310,409.1755065,0,1482.253,10424.699,2871.136703,1727.86,8397.799,18085.824,1.177266622,1,1.961874294,4.054262427,178,195.8767191,0,704.227,6612.227,1888.120129,730.759,9194.996,20512.534,1.116131015,1,1.951015086,2.956842178,797,453.6621669,0,1816.481,8783.946,3543.504947,1576.545,12735.064,33865.569,1.261839169,1,2.435127044,5.375016997,621,470.8548245,0,1278.124,10587.645,3861.720319,1652.522,14516.759,38188.694,1.226538274,1,2.123,5.901141844,182,732.5125714,0,2006.299,31805.767,3577.674005,1622.883,9194.996,52858.867,1.282523003,1,2.641065895,6.429434289
s15-fail-ckpt-short,fifo+first_fit+none,1,1.063893239,0.3683752654,0.4837409418,0.0589181001,0.131773399,0.02108553236,2000,1600,0,2173.22926,1427.513,6784.461,8103.256,5400.825959,3546.334,13157.732,49056.035,4.918021964,1.745450154,18.56520719,51.71453988,4.918021964,8914.9252,370,2343.358603,7177.304,0.7374937803,0.5579950265,0.2022187702,0.9410818999,350.8317269,6.261375833,3.566666667,341.0035606,0.0001238383839,0,0,15,138.30232,0.9789144676,1.495222327,0.868226601,0.131773399,812,331001.651,0,0,3187,647,2192.658552,1498.41,6949.934,8073.053,4513.793277,3662.198,11017.212,15291.733,4.94867023,1.756035002,17.31172002,75.35884044,468,2067.69137,1316.15,6602.462,8160.414,3683.454865,2891.113,9073.856,13957.708,5.623893676,1.867000887,22.74639381,56.23186156,333,2097.501219,1393.405,6854.01,8221.929,9481.401736,4035.439,47625.319,86711.823,4.394457695,1.425779338,19.85418262,33.43068373,152,2581.37675,2038.135,6905.47,8498.955,5524.563349,4511.114,13271.839,19454.82,3.761242442,1.874717532,10.85183673,40.85513333,788,2169.371749,1520.724,6828.399,8160.414,5364.642893,3686.214,12616.526,51993.816,4.579002286,1.762077922,15.14674034,48.85769118,648,2228.199505,1397.45,6800.24,7974.955,5411.36264,3435.569,14990.854,49056.035,5.364314634,1.745450154,23.67244051,56.23186156,164,1974.564628,1269.048,6315.091,8221.929,5533.048433,3444.997,12446.311,67294.437,4.783569867,1.555257422,18.61763956,58.0848617
s15-fail-ckpt-short,fifo+first_fit+none,2,2.692379808,0.7133608558,1.63892473,0.05910108691,0.2798459564,0.001147178818,2000,1600,0,5096.222679,552.792,22985.9,27690.167,8359.108747,3812.288,27670.573,35974.87,7.529276899,1.284168293,35.9516323,95.20109403,7.529276899,19437.53692,332,5587.274349,24025.384,0.7403345789,0.4327529077,0.1560745204,0.9408989131,367.1741475,12.5611315,6.566666667,348.0462415,0.0001078383839,0,0,32,232.5392467,0.9988528212,1.093070107,0.7201540436,0.2798459564,779,289453.604,0,0,3165,636,5308.231104,505.97,25015.207,27702.043,9928.248866,5240.495,29637.364,46028.898,7.247308289,1.247022283,36.75826907,100.9471207,502,5103.320229,569.716,22273.822,26779.979,7633.884669,3399.944,26509.875,29415.437,7.677299745,1.357713491,33.88246701,91.99169494,311,4751.096238,529.503,22382.744,27797.499,6515.730762,2631.388,25418.439,31080.02,7.921816046,1.314338554,37.79365142,88.43936572,151,4890.48755,683.663,21646.54,25728.478,7957.651291,4838.285,26440.087,31989.888,7.416329164,1.525682577,35.9516323,82.65365713,821,5271.162161,543.182,23990.534,26852.067,8654.125174,4009.026,27975.239,37436.073,7.296799473,1.284168293,31.4785479,89.68598513,635,4960.917263,505.97,24094.051,27901.304,8121.433052,3738.397,27956.305,32825.084,7.838133926,1.297677598,40.19262829,119.7500925,144,4695.483965,746.576,21681.983,25921.555,7725.18916,3478.937,26256.811,33955.048,7.492747418,1.250000752,37.64304588,91.99169494
s15-fail-ckpt-short,fifo+first_fit+none,3,2.342664814,0.8944391549,0.8209713859,0.04907670599,0.5510996119,0.02707795518,2000,1600,0,7141.281808,6908.334,11514.114,12156.044,9771.033472,9095.314,17151.557,28235.361,13.15826513,6.748862861,45.07753313,100.9504052,13.15826513,24624.38319,377,7543.512618,11669.677,0.8222491364,0.8311025861,0.2630432961,0.950923294,232.0525114,3.177785611,1.233333333,227.6412749,0.0001175757576,0,0,12,55.07759111,0.9729220448,1.593770814,0.4489003881,0.5510996119,773,217258.302,0,0,3917,639,7070.753596,6948.472,11514.114,12274.104,10872.82534,9655.401,22601.463,37480.192,9.938790246,4.921414024,32.04538507,65.58917794,481,7110.584904,6761.068,11541.114,12198.643,8756.330863,8275.826,14276.607,17814.741,15.84015382,8.541728706,54.27290212,110.8283912,318,7170.243711,6777.355,11460.95,12139.795,9411.674553,8893.263,15898.2,19954.169,14.56497714,7.071712131,61.05594514,110.9693773,162,7453.768549,7236.409,11344.365,12235.283,9143.274741,9373.904,15181.036,17234.386,15.13308962,8.835292386,46.43098402,163.7163555,827,7173.21901,6998.393,11519.985,11970.498,9874.584885,9198.559,17307.405,29639.323,13.53320497,6.748862861,48.50372681,110.8283912,629,7111.191701,6860.783,11535.504,12383.17,9554.88758,8915.94,16605.497,24786.712,12.92615413,6.714398923,43.50338947,76.2204446,144,7089.299937,6727.752,11167.145,11700.843,10120.46922,9164.113,20231.131,37480.192,12.01883852,7.002827834,36.50437539,89.8692291
s15-fail-ckpt-short,fifo+first_fit+none,4,1.693817939,0.6003286345,0.6635575636,0.05129269511,0.2344370861,0.1442019598,2000,1600,0,3656.525073,3488.737,9306.387,11545.432,6273.813507,5421.2,14268.293,19991.454,7.378715967,2.813165979,30.2550864,67.10624978,7.378715967,15691.35488,354,3834.170294,9454.798,0.8052296356,0.728768572,0.2405344299,0.9487073049,248.44453,10.17633667,4.233333333,234.0347483,0.0001116767677,0,0,25,177.5775067,0.8557980402,2.603118628,0.7655629139,0.2344370861,755,227063.9,0,0,3702,615,3826.915699,3706.277,9483.794,11712.701,5814.096665,5105.037,13436.754,18325.214,11.39068057,3.875257001,49.51215043,87.09845833,495,3457.992382,3314.832,8974.126,11100.387,7118.687889,5972.417,16417.366,25025.607,4.37578236,2.1788516,15.41590089,34.23308467,334,3685.140024,3435.513,9115.241,11450.722,6042.072716,5470.486,12511.173,17728.787,5.02511108,2.985353628,14.65034771,33.19676449,156,3553.486955,3270.843,10267.737,11597.114,5901.470327,5269.103,13665.923,15714.97,6.129984786,2.589433691,22.50410472,56.35550377,845,3639.917218,3419.885,9436.915,11597.114,6375.400553,5380.737,14468.725,21221.068,7.262878042,2.791197276,29.29363401,73.38194476,608,3680.923109,3528.459,8923.024,11218.215,6183.622123,5514.375,13292.794,18325.214,7.703857697,2.908004736,33.51513361,67.10624978,147,3651.080395,3498.325,9506.383,11537.578,6062.897238,5242.973,14268.293,19535.976,6.699783136,2.809497025,24.0936438,65.73980827
s15-fail-ckpt-short,fifo+first_fit+none,5,0.4905395812,0.1146396258,0.2560844222,0.0528747333,0.05835543767,0.008585362238,2000,1600,0,754.5984213,145.89,3591.581,4219.139,2948.402037,2231.076,7667.587,12754.754,1.934293451,1.097228521,5.777555131,12.11918333,1.934293451,3933.74956,334,901.3918174,3939.569,0.751476792,0.4290742287,0.1568857404,0.9471252667,201.3159931,8.474370389,4.266666667,188.574856,0.0001,0,0,22,139.3210467,0.9914146378,1.288868874,0.9416445623,0.05835543767,754,214859.564,0,0,2972,639,769.6483991,231.226,3409.06,4032.843,2918.107341,2200.494,7532.191,15131.413,2.016214512,1.146670457,6.196725759,12.09071312,486,754.8146893,125.234,3720.822,4407.735,2587.787967,1960.742,6836.656,10432.664,1.880849574,1.100000095,5.275537839,12.46425801,322,745.1649317,4.683,3715.941,4333.321,3512.800112,2766.373,8470.405,12238.557,1.718838247,1.009225002,4.369526356,12.52483576,153,710.9091503,1.19,3253.693,3907.104,3032.588758,2225.922,8456.815,15386.477,2.215357117,1.059347803,8.244785833,12.11918333,846,756.9538038,137.577,3625.112,4219.139,2989.771985,2231.076,8359.211,12964.96,1.918835839,1.084775912,5.287312441,12.46425801,602,757.4815116,131.517,3620.093,4329.239,2868.842419,2208.683,7320.643,10223.758,1.951656299,1.075199637,6.11770491,11.73459089,152,730.0703026,217.896,3334.42,3889.207,3033.243579,2397.211,7863.645,15131.413,1.951561245,1.137638994,6.438925993,12.9940268
s15-fail-ckpt-short,fifo+first_fit+none,6,2.970886173,1.334278963,0.9963780932,0.05777653655,0.573019802,0.009432777663,2000,1600,0,7460.928418,6980.336,13974.191,14507.317,9398.09343,8537.862,16968.213,22746.123,16.29731304,6.922773972,67.24437748,139.4724479,16.29731304,32566.07541,388,7852.638992,14151.022,0.8142584304,0.8856170946,0.2641203764,0.9422234634,208.4938008,4.072936389,2.066666667,202.3540714,0.0001264242425,0,0,17,83.74482222,0.9905672223,1.309954521,0.426980198,0.573019802,808,185581.717,0,0,3916,647,7536.761913,7114.032,13986.01,14534.272,9611.453518,8948.823,17352.446,23928.039,18.02762039,6.698999554,79.951562,186.3836333,472,7175.052261,6583.99,13976.619,14492.415,8979.883271,7990.416,16391.448,19349.003,15.33033016,6.936306469,54.20910506,104.7500373,318,7634.15077,7227.381,13832.484,14205.572,8903.009984,8142.251,15499.417,16842.607,15.5116521,7.85285256,60.51087836,121.4349911,163,7649.790785,7509.605,14067.598,14571.635,10728.07965,10376.61,19738.256,41618.538,13.76202006,5.587306246,45.81037576,159.5512424,792,7479.856909,7065.381,13962.807,14402.107,9504.264999,8494.745,17203.929,24226.086,17.07266962,6.670465007,71.84926667,167.1006898,644,7370.297331,6590.5,13983.574,14507.317,9185.891227,8264.466,16892.249,19738.256,14.89458122,7.049223291,56.37967588,132.6190598,164,7725.410457,7371.713,13934.612,14670.883,9718.644262,9605.28,16065.476,22746.123,18.06119648,7.030783218,79.951562,139.4724479
s15-fail-ckpt-short,fifo+first_fit+none,7,2.594057601,1.046307777,0.9486029371,0.04995475659,0.4950372208,0.05415490899,2000,1600,0,5988.524521,6429.495,13304.145,15432.682,9825.710274,8603.411,22474.544,50682.588,11.37112835,3.82370607,52.73133811,108.4145823,11.37112835,18635.93131,369,6218.506856,13556.47,0.7843016348,0.7369553753,0.218547641,0.9500452434,352.4539086,4.848523722,2.366666667,345.2385888,0.0001293737375,0,0,16,138.07106,0.945845091,1.888238056,0.5049627792,0.4950372208,806,387786.479,0,0,3364,632,5817.786774,6117.483,13305.281,15298.367,9171.611805,8468.116,20561.09,34595.079,10.82536054,3.717816535,49.32209251,81.92921088,504,6247.072454,6733.046,13609.738,15539.708,11940.07842,9056.805,37256.754,78614.289,8.626146892,3.615634998,34.19001668,67.98241708,308,5840.754545,6340.547,13006.727,15513.357,8349.444847,7853.986,18272.11,30731.115,14.49232899,4.593871154,65.26414436,108.4145823,156,6136.673558,6828.764,12821.417,15638.541,8559.289987,8732.54,17255.64,23660.109,16.28821884,4.517410487,118.6026605,146.5311333,794,6181.262675,6547.297,13778.637,15624.915,10184.44303,9024.705,21524.436,55145.175,11.28049619,3.835914723,54.10715883,108.7962221,644,5800.581025,6097.655,13167.51,14941.643,9528.670868,7853.986,23980.913,50682.588,11.93070551,3.726370761,53.09064231,118.6026605,162,5791.003019,6236.304,12456.566,14866.85,9248.300222,8949.08,20854.54,37971.517,9.590845923,3.737052321,36.37478935,75.55436015
s15-fail-ckpt-short,fifo+first_fit+none,8,0.6570605086,0.2517188088,0.2309251854,0.04487200619,0.09,0.03954450823,2000,1600,0,915.9898244,389,3238.723,3708.409,2448.565206,1740.903,7084.67,12680.193,3.423727435,1.468706257,12.68600875,29.80991397,3.423727435,5949.061812,390,978.1342179,3407.156,0.7562652693,0.5262843919,0.1644310765,0.9551279938,121.0689208,5.078601722,1.6,114.390204,0.0001150707071,0,0,10,101.6313511,0.9604554918,1.756374986,0.91,0.09,800,143420.605,0,0,3177,674,965.9381558,383.457,3322.574,3724.753,2176.40992,1586.723,5856.934,10203.964,4.214811863,1.566259848,17.65623719,34.03371667,490,836.2628082,382.776,3117.725,3708.409,2212.654798,1509.229,5240.16,13515.072,2.997822619,1.466911361,9.513909869,18.46616872,303,911.267066,360.593,3166.471,3670.094,3140.951888,2189.831,8653.378,13651.835,2.399722097,1.357001107,8.217016901,14.12348863,133,967.3586842,470.656,3265.341,3649.423,3119.509549,2307.418,10527.724,14700.107,3.316780615,1.505710733,14.45839628,23.59596667,800,900.259745,398.922,3238.723,3695.54,2455.714462,1675.76,7117.121,13515.072,3.433512442,1.424846742,12.8386253,29.56801742,629,898.1946725,359.035,3196.355,3650.304,2428.771033,1746.791,7008.218,12075.741,3.407932997,1.441720838,12.68600875,30.0184163,171,1055.03786,491.626,3332.596,3811.832,2487.928532,1841.352,6826.961,10203.964,3.436047293,1.650915556,9.394145991,29.80991397
s15-fail-ckpt-short,fifo+first_fit+none,9,1.677477761,0.5892612503,0.7833707126,0.04588107169,0.2241813602,0.03478336662,2000,1600,0,3229.745272,2703.588,10986.765,12416.249,5661.872657,4680.344,14365.226,21397.625,7.152599209,2.447859494,29.69731746,66.13836667,7.152599209,19646.26637,346,3690.754962,11054.427,0.7629087293,0.6407872807,0.2099971201,0.9541189283,210.1783022,18.95094844,6.1,185.1272449,0.0001088888889,0,0,20,210.8315044,0.9652166334,1.587835715,0.7758186398,0.2241813602,794,222252.988,0,0,3516,645,3225.235673,2641.492,10801.74,12431.693,5644.951098,4597.214,13916.647,20285.114,6.357516556,2.448576763,23.70399068,61.34218333,474,3304.921669,2741.851,11098.708,12488.344,5692.520901,4882.765,14676.319,19733.623,6.645587716,2.402441814,24.11660585,64.60329361,330,3208.839739,2705.228,11040.145,12489.641,5975.903203,4817.034,15767.555,26126.025,8.088646996,2.2346863,37.83383456,78.56704924,151,3058.71153,2620.751,10219.233,11870.016,4951.654497,3840.746,12823.691,19022.076,10.09469185,3.152006145,43.70571325,77.16283333,806,3265.291574,2721.638,10851.326,12395.52,5763.793249,4735.385,14739.614,20840.9,7.247376332,2.47470257,28.03875399,76.6218,627,3187.747083,2649.353,11054.427,12488.344,5632.490247,4680.344,13436.38,22600.559,7.326731944,2.41323994,32.8719189,65.35769197,167,3215.868293,2788.623,10914.09,11892.479,5280.284473,4463.023,14823.406,21528.705,6.041392104,2.553256299,27.15614878,44.02134882
s15-fail-ckpt-short,fifo+first_fit+none,10,6.989416387,3.130205878,2.773549998,0.06581436564,1,0.01984614573,2000,1600,0,27744.32461,28211.533,38899.006,40297.4,30617.95428,30456.686,42839.629,51652.693,43.56058802,21.30248477,157.7546761,343.0180247,43.56058802,80560.69613,352,28442.36083,39311.575,0.8115312288,0.8268568564,0.2445800095,0.9341856344,417.2200175,19.0057215,7.333333333,390.8808479,0.0001147474748,0,0,17,223.3632333,0.9801538543,1.50629822,0,1,769,310057.157,0,0,3996,626,27793.33683,28240.279,38927.712,40843.178,30601.881,30412.845,42347.056,47785.445,50.43113889,19.42763845,205.1841208,435.4092629,484,27890.96353,28414.808,39125.285,40356.872,31725.60037,31544.348,45773.611,56677.572,42.06252289,21.70197786,138.4164499,439.9706266,343,27304.56544,27726.717,38145.081,40239.812,29561.28293,29773.91,41213.469,47548.05,33.48018222,21.22780934,114.0251053,205.6991655,147,28078.89954,28519.403,38939.411,39923.694,29505.02533,29956.927,40475.152,41384.584,42.75567553,30.22284092,110.5977749,194.0542183,831,27639.87892,28184.225,38955.759,40239.812,30428.55843,30286.612,42751.722,52349.859,44.99056959,21.3774589,173.8379029,317.2503054,627,28168.15721,28565.99,38875.647,40334.431,31138.04278,31006.228,43139.362,55729.064,43.40457963,21.39596195,150.0545582,410.3906744,142,26484.12273,27096.694,38619.419,41048.481,29429.87304,29380.26,41072.503,47464.676,35.88102865,20.82863886,113.4927482,219.8825002
s15-fail-ckpt-short,fifo+first_fit+none,11,1.933808666,0.54222292,0.9075894267,0.04077638164,0.4303329223,0.01288701495,2000,1600,0,5405.94893,4833.57,12728.931,13412.498,8212.121211,7677.7,17384.531,27616.675,7.462818735,3.273290895,27.32670132,55.33127583,7.462818735,13929.55218,333,5480.313489,12889.569,0.7762634723,0.6267235703,0.1834671115,0.9592236184,192.3122142,4.707365278,2.033333333,185.5714019,0.0001136969697,0,0,14,89.90758222,0.9871129851,1.380483161,0.5696670777,0.4303329223,811,262039.613,0,0,3456,640,5244.815248,4611.048,12748.188,13412.498,8546.609852,7812.674,19089.229,36161.882,7.261325561,2.701993296,29.60752949,59.76827749,470,5647.973894,4903.351,12831.28,13449.116,7792.679757,7335.075,16133.096,19827.048,7.659994638,3.702546138,27.21679307,51.38516898,327,5136.479917,4744.849,12328.898,13409.586,7687.036563,6736.217,16746.678,29351.039,8.297629473,3.786614289,27.80585865,69.28673286,163,5881.348871,5548.329,12588.814,13454.478,9161.614669,9165.151,19257.569,36094.968,6.010670543,3.255634083,20.52982641,42.51275616,789,5540.845304,4955.167,12777.397,13395.975,8440.493925,7868.466,17803.667,32442.417,7.587947671,3.312209148,29.39042814,53.59050449,653,5322.345822,4755.335,12668,13454.478,7845.722231,7224.623,16449.344,22560.214,7.184551672,3.345399268,25.32741863,55.16554564,158,5077.84507,4745.354,12046.192,13558.751,8585.997557,6793.323,20828.52,33423.916,7.988019122,2.78345671,32.98203322,114.9520167
s15-fail-ckpt-short,fifo+first_fit+none,12,0.8877113858,0.3250406543,0.3691141073,0.04256078866,0.1154313487,0.03556448672,2000,1600,0,2004.60823,1789.407,5176.821,6296.743,4528.909624,3661.247,11465.883,20413.376,4.347385314,1.955878724,16.38124939,35.98121707,4.347385314,8408.121073,349,2199.566662,5415.009,0.7511541844,0.6574538987,0.2241321076,0.9574392113,174.4585125,12.01520672,4.866666667,157.5765285,0.0001105858586,0,0,21,275.5123622,0.9644355133,1.560869862,0.8845686513,0.1154313487,823,232493.29,0,0,3505,597,2005.170101,1785.343,5291.626,6282.9,3501.042648,2948.232,8062.738,11841.301,5.371056992,2.597965717,21.1733,38.86463148,519,1969.785383,1741.183,5085.516,6223.741,5696.170867,4205.512,16969.002,25331.197,4.004680593,1.633566835,14.90750123,35.98121707,324,2017.228099,1779.966,5124.046,6374.224,4819.871534,4159.391,10976.471,14494.7,3.441066499,1.78154519,10.76821977,26.79579507,160,2089.913125,1872.718,5012.604,6476.232,3988.636756,3653.013,8318.525,12755.836,3.4747544,2.231131755,11.39172249,20.96675151,777,2093.566728,1937.887,5150.977,6366.878,4598.866925,3739.925,11541.301,21485.859,4.401309906,1.991451241,16.94491128,36.8539,660,1950.469423,1689.983,5257.469,6282.9,4458.796318,3661.247,10850.507,18777.081,4.324152776,1.972425743,14.90750123,33.76433237,163,1799.766877,1443.239,5055.278,6191.799,4479.326552,3311.688,11374.989,31456.001,4.184404126,1.716227744,17.57545,36.12907097
s15-fail-ckpt-short,fifo+first_fit+none,13,0.9528263384,0.2236712648,0.5109679878,0.0471819492,0.12300123,0.04800390657,2000,1600,0,1513.289897,420.451,7166.32,8101.851,3630.178794,2504.003,10158.086,14545.405,3.376627271,1.286792739,11.27248152,41.34158277,3.376627271,7908.908443,351,1696.799681,7196.24,0.7941785596,0.4884864644,0.1791572524,0.9528180508,182.0709681,6.206854722,2.766666667,173.0973752,7.151515155e-05,0,0,13,163.65594,0.9519960934,1.777205395,0.87699877,0.12300123,813,192808.467,0,0,3228,628,1521.768355,567.672,6426.908,7824.877,3653.505159,2763.185,9506.745,12948.155,2.502472631,1.340650386,7.848170522,13.92320244,479,1567.234474,360.915,7379.986,8267.811,3515.507664,2085.053,10394.609,15392.444,3.943859688,1.320270643,19.17358287,47.77822069,328,1379.673668,269.938,7268.218,8084.242,3226.724982,2020.468,9214.441,15783.433,4.447407861,1.250000401,16.88706429,46.76253254,165,1590.030497,578.736,7242.677,7917.158,4676.308273,3504.359,12070.607,19112.893,2.92843789,1.255182589,12.17655341,24.46473478,787,1483.376335,420.451,7029.788,7981.742,3595.738201,2527.344,10154.201,14484.945,3.397896879,1.255766459,11.10104813,45.489166,643,1537.400227,489.831,7216.387,8134.853,3614.87367,2459.021,10091.551,13301.815,3.27558348,1.327446051,11.01723276,40.68673906,170,1560.578312,346.473,7421.617,8618.44,3847.507859,2502.706,11815.266,20730.274,3.660344777,1.302260294,13.35351542,43.45393774
s15-fail-ckpt-short,fifo+first_fit+none,14,1.154681776,0.3974923398,0.446587185,0.06109804304,0.1396226415,0.1098815671,2000,1600,0,1975.324574,1367.171,6263.38,7455.402,3977.56774,2967.204,9945.059,17353.484,5.164202021,2.053071936,20.03263611,42.28945937,5.164202021,8801.251782,378,2035.878354,6397.913,0.8192941334,0.6006175427,0.2199091282,0.938901957,238.5071342,3.1583555,2.033333333,233.315311,0.0001343434344,0,0,10,37.37168889,0.8901184329,2.355339397,0.8603773585,0.1396226415,795,178937.446,0,0,3312,594,2129.613616,1518.581,6515.311,7719.119,3544.817884,2667.895,9099.253,13478.378,7.156775306,2.78560106,28.73711667,63.93125409,514,1796.141418,1240.856,5986.126,7321.632,4174.462901,3330.002,9766.952,14221.882,3.356494359,1.697267827,12.42658665,21.57037021,336,1928.903122,1331.105,6174.072,7281.103,3552.470592,2499.836,8678.525,11686.66,5.393897414,2.238089356,19.2994008,52.11401659,156,2078.209564,1489.904,6363.7,7618.357,5892.195583,3924.254,19839.918,32197.751,3.0385325,1.78455081,10.6882943,18.06001308,805,1960.830725,1420.902,6083.519,7290.883,3971.664964,2996.638,9653.62,15424.049,5.059377424,1.993075205,19.70692364,37.07707846,635,2016.857027,1334.213,6476.739,7618.357,3939.024068,2967.204,9793.251,18884.691,5.461690708,2.132755013,21.57037021,49.92178562,160,1883.414825,1268.429,5982.917,7455.402,4160.236281,2674.936,10722.965,31432.156,4.510942545,2.012258024,15.47019536,25.1703501
s15-fail-ckpt-short,fifo+first_fit+none,15,5.298785899,2.179206681,1.977382056,0.0651411502,0.9701492537,0.1069067582,2000,1600,0,21542.80699,22445.424,27732.76,28905.179,24653.5016,24774.874,34203.948,44107.899,30.76045794,14.70338981,109.826656,233.013306,30.76045794,58569.86502,357,21816.74103,27947.771,0.7982606441,0.8492102304,0.2704035459,0.9348588498,388.7512714,4.0603745,2.066666667,382.6241152,0.0001149898991,0,0,14,181.01602,0.8930932418,2.270623551,0.02985074627,0.9701492537,804,301975.786,0,0,3889,654,21687.30809,22457.546,27822.127,28973.328,24284.89967,24516.596,32294.766,42321.184,31.08119721,15.63491406,109.1550251,198.632046,498,21392.56274,22437.786,27557.61,28630.707,25628.96922,25389.905,36509.226,48884.58,21.57376625,10.07976784,78.40495355,163.2008107,299,21439.76826,22401.032,27568.981,28841.788,23426.30455,23789.972,32713.943,43312.877,48.98590171,25.41674788,163.1255,378.9881823,149,21617.48145,22572.845,27763.136,29499.662,25473.73453,25093.353,35255.113,47922.546,23.4839565,12.81575298,80.89083701,162.4484292,796,21461.21485,22401.032,27649.839,28905.179,24824.9704,24771.553,35724.992,45343.105,29.79864595,14.19160036,111.0994724,273.2801086,652,21720.05063,22607.621,27803.732,29144.295,24736.89693,25002.778,33419.097,43845.302,30.6797468,14.53520549,103.0703054,233.013306,152,21209.8102,22055.713,27322.585,28440.434,23397.82451,23930.097,30095.843,47959.002,36.14352375,18.52004153,111.1143877,275.8696368
s15-fail-ckpt-short,fifo+first_fit+none,16,3.815605447,1.699093114,1.335416453,0.06460155015,0.6542288557,0.06226547349,2000,1600,0,8327.129599,8852.094,18729.2,22843.486,9992.895881,10524.947,21207.442,26665.568,21.66233514,8.938378197,85.63011327,185.4482667,21.66233514,47618.6306,364,8420.874203,18904.71,0.8383081759,0.7328497474,0.2177221805,0.9353984498,235.5935286,4.534054833,2.966666667,228.092683,0.0001241212121,0,0,9,23.43842,0.9377345265,2.143808841,0.3457711443,0.6542288557,804,159505.154,0,0,3724,625,8015.622338,8376.623,18711.004,21261.427,9450.999859,9598.227,21034.459,27359.254,24.31119779,10.5408848,93.56181406,187.17015,493,8512.5206,9342.714,18988.157,24144.699,10511.19784,10992.414,21701.672,27602.326,20.5518434,8.213233864,82.20039822,194.2357,322,8444.564661,8788.572,18549.486,21388.888,9872.268199,10247.938,20020.92,25297.508,23.35015076,8.576152177,83.46584356,179.6672391,160,8736.380756,10278.375,18670.132,24008.52,10755.42252,11233.673,21976.898,28917.509,11.34018916,7.115202113,37.13851106,76.14555723,796,8102.663295,8737.557,18670.132,23297.144,9823.938721,10453.967,21207.442,26665.568,21.35931458,8.527310741,86.86015824,183.6280974,633,8474.54793,8994.462,18751.417,22732.939,10093.67329,10657.913,21267.921,27602.326,21.33914382,8.883618076,82.89194438,194.2357,171,8826.307228,8716.684,19064.231,22972.308,10406.33329,10972.075,21978.962,28066.731,24.26926188,11.54119121,112.8705095,196.9453
s15-fail-ckpt-short,fifo+first_fit+none,17,3.287123814,1.071071538,1.565355256,0.05988648445,0.5257069409,0.06510359454,2000,1600,0,8599.635934,3712.787,21954.089,23782.516,11414.47852,11192.896,24897.735,32684.239,12.83651365,3.689759622,53.97937073,150.3935976,12.83651365,25574.82646,372,8511.156478,22158.143,0.8048452386,0.6753255247,0.2087354646,0.9401135156,338.0715758,7.050210944,3.666666667,327.3545689,0.0001293333334,0,0,26,179.8683756,0.9348964055,1.790077531,0.4742930591,0.5257069409,778,266233.433,0,0,3619,628,8955.884839,9115.785,22172.825,23914.245,11975.97814,12265.872,24741.658,32549.382,11.92351287,3.684400582,48.13811319,136.1140122,486,8147.415942,3482.262,22144.734,23780.79,11445.81651,9647.321,26109.803,33759.192,10.50685546,3.069589846,36.1859082,150.9278158,340,8487.332324,3741.786,20842.277,23961.866,10368.45484,9860.749,22968.794,37164.675,18.80808588,4.918536053,76.89208942,191.341201,146,8834.14163,3712.787,22555.04,24044.365,11330.88962,12040.816,25186.981,28988.653,10.61215614,3.282905755,53.08773168,103.4498496,822,8538.389527,3642.818,22158.143,23751.623,11323.70602,10988.631,24732.577,30944.186,12.49713942,3.40850534,53.99650588,144.3783855,617,8580.316079,3676.204,21688.725,23965.978,11452.63768,10910.965,25557.57,35521.577,12.27443459,3.957405921,48.03425697,126.3297188,161,8986.374429,10540.209,20759.62,23914.245,11731.68835,14211.418,23880.079,26554.701,16.72327382,4.121811257,80.77839241,208.5935797
s15-fail-ckpt-short,fifo+first_fit+none,18,1.462142509,0.3937844489,0.7688355132,0.03807496389,0.1878940731,0.07355350972,2000,1600,0,2537.522924,637.996,10782.909,13699.422,6528.458834,4178.514,18882.012,35460.748,4.759702519,1.243475089,19.84576754,50.75056283,4.759702519,8218.428393,356,2657.234374,10863.348,0.7295382142,0.4642217039,0.1630241182,0.9619250361,253.5024744,8.104211333,3.166666667,242.2314821,0.0001143838384,0,0,21,132.8816133,0.9264464903,2.191710889,0.8121059269,0.1878940731,793,391676.637,0,0,3004,654,2476.140547,660.526,10845.722,13957.479,8926.399125,5781.456,25798.809,50491.793,3.168963899,1.125807913,12.04724962,33.12241605,489,2729.300176,643.886,10875.739,13462.536,5311.471401,3656.267,14705.656,21437.345,6.945452683,1.353948174,30.71523432,78.88093444,318,2430.333915,531.56,10703.376,13478.574,3850.727903,2192.873,11887.098,15256.296,4.829475919,1.327808306,22.96882617,30.46169412,139,2396.883381,288.954,9527.692,13792.193,5653.439705,4057.967,17776.411,23576.039,4.395121844,1.231553721,20.83113551,32.78044958,807,2688.280379,767.355,10859.517,13752.316,6296.038242,4053.626,18016.286,29420.5,5.496591824,1.256512182,23.40670504,62.9009652,633,2309.610341,358.366,10005.098,12723.553,6851.791754,4202.697,21702.327,39564.074,3.768749793,1.169646467,15.87326374,32.35093752,160,2678.819169,839.908,10853.228,14183.315,6421.544337,4331.789,16136.91,48792.752,4.963473805,1.354865136,19.03085573,83.74984588
s15-fail-ckpt-short,fifo+first_fit+none,19,0.7217461767,0.2602706496,0.3017914839,0.03482447827,0.08062575211,0.04423381286,2000,1600,0,1027.696976,340.005,4232.622,5282.587,3628.067118,2270.862,10199.129,26576.537,3.45264614,1.209513015,13.11700049,34.48755339,3.45264614,6416.776336,338,1134.534624,4379.008,0.7366759998,0.48294759,0.1608797424,0.9651755217,164.6088872,6.446570778,2.8,155.3622284,8.800000005e-05,0,0,27,147.9071067,0.9557661871,1.853387797,0.9193742479,0.08062575211,831,282159.609,0,0,3048,656,959.5240244,242.874,4186.472,5162.544,4714.621718,2746.085,14508.574,42543.581,2.356256258,1.119999752,8.283979013,16.60500604,468,1160.694784,356.102,4517.125,5370.739,2818.650075,1849.792,7616.71,17177.553,4.367056595,1.375288493,16.89441143,48.65511667,316,899.991962,397.039,3832.525,4849.928,2989.040842,2059.687,9009.785,19263.98,4.00590715,1.152575319,18.28511573,44.28293333,160,1170.404894,413.17,4379.008,5180.575,2802.815006,2050.36,7931.018,13812.29,4.180503579,1.250000847,14.17823387,63.44365026,769,1024.776641,283.763,4332.472,5370.739,3557.273879,2304.279,9557.684,23133.146,3.226562402,1.147678569,12.60777649,37.67036307,662,1030.306452,400.216,4240.659,5282.587,3701.279406,2229.93,11050.704,28158.885,3.594343158,1.250000069,13.11700049,29.19603333,169,1030.763633,444.041,4080.948,4767.79,3663.413071,2252.75,10955.622,27094.338,3.926344177,1.25,18.26158116,36.70031832
s15-fail-ckpt-short,fifo+first_fit+none,20,3.280287774,1.346988344,1.254080627,0.04969731406,0.4831880448,0.146333443,2000,1600,0,6738.372383,3347.493,17588.466,19807.328,9847.3883,8540.544,23066.751,35791.795,14.10019033,2.144951886,67.88489903,212.5144785,14.10019033,26625.44826,353,7078.567096,17872.859,0.7567380162,0.5000019482,0.1523006982,0.9503026859,275.2427481,22.29440406,8,244.9482253,0.0001187474748,0,0,18,224.7686,0.853666557,2.797187996,0.5168119552,0.4831880448,803,278316.68,0,0,3239,645,6893.445395,3602.247,17600.98,19849.01,12041.46957,11531.582,28360.321,44774.246,9.6486378,1.71675885,47.07098876,123.7499105,467,6814.237606,3823.859,17059.395,18890.44,8140.06742,6536.472,19263.383,21656.925,22.27240436,4.050017439,122.5776,274.2375667,310,6680.522826,1258.067,18159.264,19897.273,9120.206839,6868.009,21197.386,26727.479,7.962426691,2.010270765,35.21163968,71.91584406,178,6078.160084,476.464,17695.089,21088.159,7642.684292,4274.976,20039.987,23645.305,19.47959573,1.344875255,111.0308028,237.7427167,797,6640.739587,3358.407,17402.416,19966.769,9689.010018,8561.098,22822.417,35791.795,13.30556325,2.010231908,61.73130694,187.8631034,621,6763.739242,2607.461,17695.089,19460.024,10096.41006,8397.799,23695.474,39676.774,15.16208288,2.159521276,71.91584406,245.3886891,182,7079.364247,3958.205,17211.241,19552.897,9691.261813,8040.145,21264.64,29433.946,13.95668764,2.342569402,67.03239923,223.4418352
s15-fail-ckpt-short,fifo+topology_aware+easy_predicted,1,0.1687603329,0.04071877005,0.0804847736,0.02690375949,0.01477832512,0.005874704687,2000,1600,0,142.7472556,0,1128.798,2707.635,3336.594679,1425.264,9930.493,46326.346,1.265765607,1,2.052125844,6.649112721,1.265765607,2445.971865,370,516.0685054,2624.765,0.7288492212,0.1397488821,0.1100378027,0.9730962405,154.9297161,4.662756111,2.566666667,147.7002268,6.650505054e-05,0,0,21,138.30232,0.9941252953,1.222796363,0.9852216749,0.01477832512,812,331304.213,101,41,2634,647,185.6818609,0,1396.292,3790.163,2491.909832,1651.146,7877.583,15033.631,1.389831787,1,2.173864733,8.034415598,468,106.3736966,0,699.915,2412.413,1707.1284,968.077,6023.898,9235.755,1.186177194,1,2.136975019,5.485152399,333,92.12949249,0,799.331,1486.821,7361.566715,1380.644,46326.346,86400,1.136601179,1,1.772225686,3.986021196,152,182.8778553,0,1472.284,2707.635,3131.236961,2060.7,10677.493,15590.314,1.265688716,1,1.915453639,9.497612462,788,130.1597145,0,809.233,2720.828,3309.993552,1509.61,9325.932,48633.587,1.299293636,1,1.826770853,7.27166269,648,149.0716142,0,1218.31,2740.375,3268.845917,1343.198,10395.293,44941.288,1.22593497,1,2.23401977,6.649112721,164,178.2399268,0,1393.258,2224.15,3732.100079,1432.702,9059.982,67156.945,1.262047105,1,2.516195693,5.324247389
s15-fail-ckpt-short,fifo+topology_aware+easy_predicted,2,0.721520348,0.1155332353,0.4956099,0.04365666393,0.0513478819,0.01537266676,2000,1600,0,944.6305412,0,6950.923,15266.282,4196.217116,1936.317,16144.151,27939.411,1.983400613,1,5.822590855,15.67869453,1.983400613,4249.238263,332,3308.56716,15266.282,0.7578688705,0.1545099828,0.09605999112,0.9563433361,266.8433006,8.574718333,4.666666667,253.601845,7.054545454e-05,0,0,21,232.5392467,0.9846273332,1.432140067,0.9486521181,0.0513478819,779,269182.777,118,49,3067,636,921.2509261,0,6950.923,14870.475,5522.826014,2720.874,20516.52,34323.035,1.669915414,1,6.290491242,13.77618928,502,1081.189635,0,8437.978,16683.768,3592.651476,1854.422,13939.319,22960.652,2.083461122,1,5.037653926,15.67869453,311,760.0270193,0,4894.668,12496.242,2528.829023,1483.085,8843.931,17518.666,2.391552773,1,6.42253557,21.62991211,151,969.3223642,0,6196.707,15156.855,4049.358762,1937.735,13775.162,29482.812,2.130492598,1,8.24912977,23.03915379,821,1050.239331,0,7612.771,15642.879,4426.555834,2036.103,16274.444,29482.812,2.074543521,1,6.42253557,15.05919297,635,817.0079984,0,5527.047,15009.032,3958.452553,1902.325,15604.598,25871.625,1.802005822,1,5.585506661,17.00278582,144,905.2937222,0,6950.923,16075.868,3931.442181,1608.374,16437.321,27939.411,2.263660095,1,3.505244398,9.419349716
s15-fail-ckpt-short,fifo+topology_aware+easy_predicted,3,0.5065529161,0.1270767873,0.3045254612,0.02503673701,0.04398447607,0.005929454489,2000,1600,0,656.14495,0,4270.966,6627.267,3270.922016,1816.837,10777.038,22861.129,2.001772381,1,6.404357476,17.6116752,2.001772381,3813.771996,377,2064.589674,6464.554,0.8222931018,0.2662305776,0.1313609391,0.974963263,115.4637956,7.473631556,2.466666667,105.5234297,6.763636367e-05,0,0,14,55.07759111,0.9940705455,1.215709794,0.9560155239,0.04398447607,773,208721.24,189,79,3244,639,724.5423584,0,4645.628,6843.298,4506.865484,2545.633,14582.953,30617.045,1.996931541,1,5.865919306,17.82422812,481,528.2219688,0,3662.444,6489.47,2167.554896,1201.559,6880.87,10354,1.910580464,1,6.590969826,18.23219539,318,682.022478,0,4409.867,6142.168,2901.625846,1779.491,9995.071,12990.216,1.985937449,1,6.932365351,14.47412428,162,715.3792469,0,3876.726,9777.09,2396.773191,1262.728,8272.702,13790.85,2.322711382,1,8.421888784,41.27256198,827,685.4975345,0,4154.179,6142.168,3358.561175,1961.024,10695.46,23156.486,2.077229111,1,6.81739636,17.82422812,629,608.3664181,0,4352.61,7391.514,3053.900027,1611.45,10758.278,14694.807,1.922707256,1,5.72640451,16.99450707,144,696.2707083,0,4735.582,7658.273,3715.569556,1769.473,12862.546,30617.045,1.913781049,1,7.195703912,19.50973302
s15-fail-ckpt-short,fifo+topology_aware+easy_predicted,4,0.2763585009,0.05474569942,0.1376652852,0.03869714649,0.03046357616,0.0147867937,2000,1600,0,331.6380506,0,1930.754,5684.427,2936.547139,1674.487,9881.918,15150.117,1.369085458,1,2.759048579,7.570438114,1.369085458,2910.986537,354,1220.405969,5625.799,0.8064362192,0.2245035202,0.145054301,0.9613028535,184.9800425,11.68152117,6.666666667,166.6317796,7.503030306e-05,0,0,16,177.5775067,0.9852132063,1.376743022,0.9695364238,0.03046357616,755,223893.334,152,58,3175,615,339.415413,0,2057.682,5784.927,2316.339369,1088.305,8961.763,13598.83,1.543826828,1,3.875599181,11.79685225,495,257.5896283,0,1225.804,4019.316,3908.279939,2451.333,12658.508,21983.224,1.121361651,1,1.68073136,3.340947428,334,381.671521,0,2368.926,5535.801,2719.500341,1690.202,8754.015,12284.51,1.343816602,1,3.137779669,7.122329444,156,428.8156923,0,2924.214,10027.197,2762.91684,1974.204,8867.384,13220.393,1.52034918,1,4.14898569,5.439462759,845,327.9202686,0,1934.775,5784.927,3052.373444,1705.461,9993.31,15243.748,1.405526259,1,3.108841355,9.762413881,608,330.3558651,0,1842.716,5684.427,2812.103319,1625.438,9065.145,14593.118,1.342003461,1,2.44761198,7.379319695,147,358.3121633,0,2432.734,4650.677,2785.449286,1608.162,10702.024,17045.224,1.271625447,1,2.956088326,5.361483791
s15-fail-ckpt-short,fifo+topology_aware+easy_predicted,5,0.1618784215,0.03676039139,0.078123916,0.03622744541,0.01061007958,0.0001565890818,2000,1600,0,158.958215,0,1095.687,2938.341,2342.602016,1585.76,6702.964,11492.997,1.176161429,1,1.852633297,4.927322261,1.176161429,2356.945508,334,509.0140329,2618.071,0.7382585941,0.153891626,0.1005863504,0.9637725546,135.5503572,9.228065222,2.9,123.4222392,5.276767679e-05,0,0,11,139.3210467,0.9998434109,1.030042103,0.9893899204,0.01061007958,754,209107.581,139,45,2719,639,172.442831,0,1165.373,2751.546,2310.653002,1503.666,6699.557,14041.681,1.184838388,1,1.997186289,4.138219955,486,163.7483272,0,1214.883,3365.461,1981.094533,1422.448,5407.76,9121.412,1.18544866,1,1.924976963,5.078483836,322,148.0178168,0,1492.562,2427.898,2910.908661,2293.695,7511.958,11492.997,1.150873985,1,1.791435804,3.949344908,153,110.4493529,0,467.141,2555.358,2428.309967,1581.591,6880.407,14317.204,1.163641072,1,1.457348579,8.702570866,846,162.6628913,0,1286.713,2695.307,2386.831708,1576.18,7224.738,12662.84,1.166528919,1,1.846034211,4.51647379,602,162.7276528,0,1070.288,3100.917,2263.284267,1587.751,6405.251,9992.605,1.199793775,1,1.927232002,5.612369962,152,123.4098092,0,956.794,2980.686,2410.568888,1632.85,6896.15,14738.915,1.13617742,1,1.673102696,3.650556105
s15-fail-ckpt-short,fifo+topology_aware+easy_predicted,6,0.4708516177,0.1201508208,0.2594751559,0.04215456751,0.04826732673,0.0008037467231,2000,1600,0,648.3753987,0,3639.136,4755.656,2577.145193,1748.114,7719.445,14135.317,2.050638312,1,6.055305805,16.17382511,2.050638312,3901.119801,388,1822.976273,4696.478,0.8740353613,0.2967344119,0.1722121881,0.9578454325,149.6389881,3.5594325,1.566666667,144.5127962,9.264646467e-05,0,0,15,83.74482222,0.9991962533,1.081805149,0.9517326733,0.04826732673,808,173547.491,215,83,3608,647,606.7892689,0,3013.007,4692.543,2677.001099,1866.517,8568.653,14168.877,2.064568685,1,5.77775733,15.5801,472,723.8211229,0,4129.481,4901.265,2519.670167,1724.753,7081.594,13224.389,2.068647679,1,6.836715485,16.74915907,318,570.2256824,0,2938.762,4634.998,1828.021154,1424.797,5021.045,6824.056,1.959895912,1,4.941886232,15.0777055,163,747.4395337,15.662,3516.223,4948.883,3808.696632,2016.114,10835.893,27590.488,2.120225489,1.008492493,6.462743351,20.77094467,792,621.7879242,0,2926.471,4694.143,2640.709337,1761.919,8017.121,16868.975,2.141603524,1,6.836715485,17.81387043,644,678.045646,0,3871.749,4892.972,2485.278446,1678.76,7081.594,11557.437,2.005822235,1,5.312111859,13.70229505,164,660.2634512,0,3806.234,4755.656,2630.921915,1653.927,9049.083,12307.186,1.787327979,1,5.55245,8.30475677
s15-fail-ckpt-short,fifo+topology_aware+easy_predicted,7,0.2482152033,0.05317487244,0.1586290818,0.01513958041,0.01736972705,0.003901941593,2000,1600,0,303.7469856,0,2224.771,6670.198,4105.920068,1639.555,14481.327,41541.625,1.434452312,1,2.679882763,10.57791725,1.434452312,2704.679879,369,1086.016033,6402.737,0.7584844749,0.1131707579,0.08843507672,0.9848604196,103.04073,6.728494444,3.5,92.81216881,6.674747477e-05,0,0,17,138.07106,0.9960980584,1.185972914,0.982630273,0.01736972705,806,387786.479,126,48,2669,632,286.1819715,0,1853.831,5805.313,3618.824057,1514.488,13201.955,31860.967,1.338046001,1,2.652208961,7.447938517,504,294.5662758,0,2244.661,5769.571,5920.903335,2028.68,29959.521,68088.711,1.438318889,1,2.662809409,10.51477754,308,321.8487565,0,2984.544,6612.943,2805.304597,1200.49,11155.216,24778.908,1.586886315,1,2.522521003,19.63247822,156,368.8291731,0,2224.771,6960.396,2783.373128,1656.684,9333.713,13588.796,1.511570008,1,4.74531691,15.69356336,794,307.6268463,0,2366.954,6778.165,4253.775962,1776.96,13585.551,46953.934,1.424997915,1,3.028520825,11.40374815,644,283.6550714,0,1567.142,6402.737,3997.99937,1530.165,15197.008,41541.625,1.465342729,1,2.548211094,15.69356336,162,364.6024383,0,2815.66,7119.964,3810.261735,1677.94,12591.094,30109.356,1.357991585,1,2.629592636,10.38437272
s15-fail-ckpt-short,fifo+topology_aware+easy_predicted,8,0.1464372637,0.04428508496,0.05375205948,0.02969600888,0.01625,0.0024541104,2000,1600,0,115.4511475,0,753.872,2091.684,1644.505389,831.45,5610.539,12122.439,1.240352467,1,2.231859343,6.174088936,1.240352467,2399.563876,390,375.338359,1980.452,0.7422546829,0.1882345787,0.1058662469,0.9703039911,78.86948861,4.368101944,1.733333333,72.76799354,5.979797982e-05,0,0,22,101.6313511,0.9975458896,1.132042451,0.98375,0.01625,800,143420.605,154,48,2830,674,121.4571929,0,1024.212,2765.93,1323.503138,708.687,4918.905,9075.765,1.289201643,1,2.463890643,8.78983227,490,90.07358367,0,451.494,2060.069,1466.72399,720.544,4399.219,12710.929,1.142020406,1,2.095251472,3.861584441,303,132.824132,0,920.51,2375.01,2365.402564,1279.344,7784.36,13651.835,1.26768175,1,2.293132098,6.621703268,133,138.9317293,0,958.66,1960.866,2283.878015,1234.369,10681.403,14700.107,1.292815579,1,2.763369839,5.529033797,800,108.9215413,0,628.436,1927.048,1663.912646,794.561,5891.08,12823.07,1.243585761,1,2.174952314,7.949753996,629,108.5009444,0,628.599,2647.759,1631.540787,867.904,5451.936,11138.25,1.227974728,1,2.209519109,6.174088936,171,171.5643801,0,1238.482,2880.782,1601.399713,867.577,5859.484,9356.346,1.270755761,1,3.118061793,5.273088946
s15-fail-ckpt-short,fifo+topology_aware+easy_predicted,9,0.3172994455,0.07552261829,0.1740956901,0.03501092075,0.02770780856,0.004962407766,2000,1600,0,410.5378456,0,2441.69,6015.157,2837.089377,1524.76,9126.737,16394.706,1.553335903,1,3.80615418,10.23596302,1.553335903,3956.11123,346,1486.051769,6002.319,0.7862310688,0.1642416005,0.1229548781,0.9649890793,158.5761872,8.746371667,3.6,146.2297361,7.947474751e-05,0,0,15,210.8315044,0.9950375922,1.184689291,0.9722921914,0.02770780856,794,212631.584,141,63,3228,645,406.529338,0,2452.838,6073.711,2816.578416,1531.096,8378.698,16787.21,1.517605695,1,4.24879524,10.19789592,474,380.3943291,0,2316.269,5803.224,2767.250599,1441.155,10154.298,14205.932,1.454210212,1,3.273484882,10.32512739,330,401.3482242,0,2189.314,5700.724,3167.625591,1777.018,11431.37,20758.263,1.688015922,1,3.588068803,10.40806442,151,542.3662517,0,3506.069,6741.357,2421.56753,1176.423,9567.436,14044.675,1.722787264,1,5.018430753,12.22149907,806,441.3368052,0,2732.497,5803.224,2932.754821,1534.522,10154.298,15767.555,1.614664128,1,4.358705702,10.32512739,627,375.2581531,0,2104.327,6073.711,2817.350715,1560.605,8401.309,17808.118,1.514828504,1,3.421045003,10.40806442,167,394.3486587,0,2339.889,6741.357,2449.483353,1195.701,8321.108,16394.706,1.401920276,1,3.967267771,9.274706122
s15-fail-ckpt-short,fifo+topology_aware+easy_predicted,10,1.271272289,0.2441577109,0.7661503059,0.04825265861,0.2054616385,0.007249974785,2000,1600,0,2596.246012,672.316,10745.249,14459.739,5451.76944,3248.667,16864.008,28103.934,3.692946472,1.476268218,12.30494801,27.54409529,3.692946472,6575.79413,352,6699.560372,14349.402,0.9256852008,0.2043834639,0.21424972,0.9517473414,300.2459767,16.45221356,6.9,276.8936757,8.743434344e-05,0,0,18,223.3632333,0.9927500252,1.271238314,0.7945383615,0.2054616385,769,281945.11,192,74,3780,626,2499.530513,505.318,10715.788,14175.156,5285.581403,3484.125,16057.317,23381.11,3.76131942,1.339758346,12.28970184,29.12673607,484,2878.067777,869.806,11728.029,15061.645,6713.054498,3754.959,20948.599,35726.489,3.830396876,1.541808393,13.43303203,45.46132014,343,2461.918551,640.214,10861.282,13063.773,4676.977198,2879.118,14217.168,21711.566,3.208730047,1.415173367,11.06787074,21.22772891,147,2393.637082,744.245,9880.51,12257.255,3814.527823,2345.411,12013.676,15170.505,4.079060574,1.764109412,15.19923761,27.54409529,831,2516.077223,632.255,10724.138,14123.44,5278.16504,2970.032,16994.153,25334.875,3.72833154,1.452113445,12.23720504,27.46891347,627,2687.830295,748.466,11375.797,14758.283,5651.553003,3624.547,16318.214,33506.139,3.754019251,1.482059476,13.95653063,28.85069913,142,2661.013042,886.653,10231.235,15061.645,5585.579035,3907.555,16649.874,30114.775,3.216202642,1.579783587,9.722986776,22.311521
s15-fail-ckpt-short,fifo+topology_aware+easy_predicted,11,0.5435171222,0.107109896,0.3482811486,0.03367643832,0.0542540074,0.0001956318849,2000,1600,0,888.9282375,0,4884.639,9336.329,3689.585421,2079.399,11841.79,23020.909,1.798920057,1,5.398075273,12.64023048,1.798920057,3296.428237,333,2287.631649,9336.329,0.7995862758,0.175343062,0.1006586219,0.9663235617,157.6600394,6.829206111,2.166666667,148.6640792,8.74747475e-05,0,0,16,89.90758222,0.9998043681,1.035544918,0.9457459926,0.0542540074,811,257817.147,153,65,3022,640,862.1447,0,4725.07,10219.632,4153.023645,2212.875,14153.232,26817.081,1.782896166,1,4.582698956,12.68780671,470,940.3096128,0,5354.299,9056.782,3083.995921,1949.062,9961.651,14054.698,1.789692769,1,6.140139899,9.969137923,327,725.8413119,0,4283.609,9336.329,3273.11855,1634.615,10942.321,26307.827,1.846269064,1,6.177575223,13.95733531,163,1173.110092,0,6440.716,9424.335,4451.617736,2434.857,13057.536,26896.774,1.793453738,1,4.973100927,13.49270635,789,998.3568454,0,5425.503,9408.373,3886.45224,2256.111,11928.619,26472.963,1.840956181,1,5.647256029,12.67449719,653,803.3018193,0,4387.065,10105.636,3330.957515,1895.019,11369.603,18733.379,1.818757098,1,5.863435479,12.68780671,158,696.3641835,0,4201.42,8457.277,4188.674677,2212.875,16693.921,26474.038,1.507020758,1,3.558072379,11.65194126
s15-fail-ckpt-short,fifo+topology_aware+easy_predicted,12,0.1548495142,0.03859543619,0.08489440298,0.02138428831,0.007290400972,0.002684985792,2000,1600,0,164.1867525,0,1190.643,3427.388,2675.800072,1490.252,9082.635,18503.24,1.24373282,1,1.945115041,6.42890383,1.24373282,2705.535671,349,632.8243754,3389.593,0.7267771375,0.1488523721,0.1083540251,0.9786157117,85.75833194,6.277671944,2.366666667,77.11391701,7.632323233e-05,0,0,21,275.5123622,0.9973150142,1.157408463,0.992709599,0.007290400972,823,232305.539,123,46,2959,597,165.7085528,0,1095.158,4002.181,1649.609027,968.634,5682.023,10005.906,1.244123008,1,2.290769628,7.11635,519,146.2966224,0,1112.13,3299.827,3861.665996,1856.538,14605.565,23590.014,1.316229781,1,1.924600881,8.565354832,324,147.3916049,0,1213.033,2822.124,2937.180793,2055.594,8577.837,12538.287,1.137221494,1,1.627858997,2.999822663,160,250.5498187,0,1754.158,4264.011,2128.826862,1418.987,5677.464,12484.475,1.222800347,1,2.088375109,4.835552762,777,170.1735933,0,1219.443,3384.271,2666.570422,1509.209,9664.794,20144.641,1.285779397,1,2.326897375,5.620569192,660,174.4238015,0,1236.719,4117.089,2665.433632,1532.31,8863.406,17075.359,1.20588735,1,1.924600881,6.42890383,163,94.19762577,0,704.527,1504.578,2761.771172,1264.354,8695.297,28741.159,1.196541532,1,1.683519373,8.182359415
s15-fail-ckpt-short,fifo+topology_aware+easy_predicted,13,0.241031118,0.05751328116,0.1281089848,0.03313804745,0.0196801968,0.002590607807,2000,1600,0,282.9446919,0,1796.727,3509.511,2391.853946,1552.225,7194.14,12617.202,1.367001933,1,2.89852789,6.65187051,1.367001933,2723.119681,351,768.5118063,3207.762,0.8089064992,0.1759685039,0.1126752217,0.9668619525,126.0193525,9.384700056,3.566666667,113.0679338,5.195959599e-05,0,0,16,163.65594,0.9974093922,1.153205091,0.9803198032,0.0196801968,813,184122.363,178,58,3052,628,307.8659076,0,2082.915,3593.302,2434.578971,1757.039,6910.925,11518.727,1.289865165,1,2.873217216,4.843068557,479,272.2734342,0,1731.18,3509.511,2215.658215,1284.815,7016.611,13717.918,1.372688135,1,3.550388035,6.677855329,328,239.1461738,0,1604.771,2595.641,2076.916003,1335.645,5499.927,9946.803,1.487479075,1,2.618188416,9.175823063,165,306.1381636,0,1952.915,3844.323,3366.799915,2067.503,11136.956,17584.985,1.404587977,1,2.472015994,9.623236062,787,283.2071779,0,1796.727,3509.511,2387.627526,1560.762,6833.191,12617.202,1.400651881,1,2.889761566,6.677855329,643,288.376084,0,1780.023,3772.793,2359.851204,1606.716,7535.489,11518.727,1.325216217,1,2.873217216,5.42689177,170,261.1860941,0,2019.723,3868.025,2532.465453,1419.392,9335.853,17874.186,1.369270792,1,3.420317739,7.632142019
s15-fail-ckpt-short,fifo+topology_aware+easy_predicted,14,0.2707213389,0.06849606806,0.1310304846,0.04634727418,0.01509433962,0.00975317251,2000,1600,0,293.0429369,0,1837.701,4971.135,2285.35804,1237.133,7857.101,14323.807,1.520996191,1,3.452033333,12.74411478,1.520996191,2862.2348,378,998.9987381,4860.307,0.803943883,0.1667711152,0.1239073625,0.9536527258,178.1263878,5.576922444,2,170.5493685,9.680808085e-05,0,0,4,37.37168889,0.9902468275,1.271124234,0.9849056604,0.01509433962,795,178937.446,146,59,2945,594,314.6614697,0,2023.672,5035.658,1719.969155,845.178,6544.401,11876.834,1.71727567,1,4.366845331,16.31585454,514,308.32957,0,2088.217,4935.899,2671.243998,1739.175,8078.313,13336.466,1.364442516,1,2.656924375,7.65553426,336,219.8055774,0,1323.139,4039.428,1840.380006,1010.136,6404.02,10886.357,1.492423573,1,3.339704474,13.60554248,156,318.1007244,0,1949.697,6049.73,4125.154417,1915.191,17690.944,31756.379,1.350989639,1,2.711482592,5.974043465,805,302.8267516,0,1898.284,4983.632,2304.83712,1257.631,7738.686,13956.397,1.50829942,1,3.623511699,11.97025142,635,298.4317591,0,1816.208,5035.658,2207.945403,1234.741,7755.366,15058.718,1.604120929,1,3.969444447,16.31585454,160,222.4312313,0,1129.52,3578.536,2494.585319,1136.419,8727.6,26482.095,1.254975512,1,2.109727598,3.915525056
s15-fail-ckpt-short,fifo+topology_aware+easy_predicted,15,1.148106882,0.2148038981,0.7198482349,0.05415602781,0.1542288557,0.00506986572,2000,1600,0,2217.490295,213.138,10095.863,16965.725,5316.670821,3209.283,17370.53,25867.857,3.258165009,1.107825635,10.82558806,23.38673211,3.258165009,6022.123014,357,4533.237711,15755.452,0.8661417485,0.1532286953,0.1371456645,0.9458439722,319.4403297,2.473385278,2.4,314.5668486,9.587878798e-05,0,0,12,181.01602,0.9949301343,1.190234627,0.8457711443,0.1542288557,804,278757.448,179,78,3558,654,2174.528408,266.59,10054.745,17816.802,4758.341864,2842.574,16706.442,23510.102,3.400583577,1.146390472,10.82558806,22.21269946,498,2474.730608,317.113,10166.064,15755.452,6691.738237,4582.944,19188.639,41301.063,3.081941019,1.137918147,9.78274346,23.38673211,299,1853.998468,122.377,10095.863,17594.971,3847.3949,1945.222,16207.844,25740.67,3.428396454,1.062169897,11.92528214,39.21289249,149,2275.714819,160.771,10253.117,17787.658,6119.872597,3710.35,21083.277,34949.759,2.880437499,1.045292977,11.76751332,17.23018318,796,2295.754291,289.685,10166.064,17044.536,5655.612234,3545.483,18165.342,30090.697,3.325886919,1.16265716,10.12456136,22.21269946,652,2127.121331,142.105,10172.032,16965.725,5120.81416,2975.972,16149.156,25740.67,3.215152219,1.061564512,10.82558806,28.62287608,152,2195.269395,120.516,9973.416,17816.802,4381.810151,2382.251,17872.542,24933.047,3.088018289,1.100006057,12.18751914,23.38673211
s15-fail-ckpt-short,fifo+topology_aware+easy_predicted,16,0.7090289553,0.2236492288,0.3303017396,0.05335594834,0.08955223881,0.01216979972,2000,1600,0,1153.895474,252.36,4632.478,7411.379,2812.599718,1574.054,8957.087,15334.905,3.2188269,1.246394252,11.27137097,28.63381667,3.2188269,7243.136643,364,3210.271942,7332.69,0.9289598399,0.1660934953,0.1741764209,0.9466440517,192.2707394,2.199495,1.6,188.4711432,0.0001012525253,0,0,10,23.43842,0.9878302003,1.334934552,0.9104477612,0.08955223881,804,141091.343,229,86,3754,625,1016.210893,209.614,4301.631,7311.275,2444.033331,1337.174,8631.246,14718.597,3.215133597,1.266383099,11.54665,28.45299913,493,1278.952736,347.465,4926.076,7442.593,3266.132596,1794.119,9948.132,17116.862,3.367439422,1.290283572,11.78786667,38.37442269,322,1169.915102,200.94,4564.3,7411.379,2596.549202,1701.265,8039.763,9956.914,3.344437502,1.227188871,12.56824059,25.7435496,160,1274.153675,209.696,5954.093,8015.829,3289.66565,2236.036,8618.196,19515.86,2.522550201,1.140965707,9.038671091,18.96208014,796,1143.685612,234.813,4648.232,7606.874,2857.025737,1546.663,9516.988,17660.201,3.253960689,1.243650641,11.54665,31.57243587,633,1118.738796,232.966,4618.651,7408.543,2729.787068,1591.524,8640.655,12933.797,3.026042523,1.225403466,9.845440421,28.63381667,171,1331.563468,463.122,5372.923,7187.2,2912.349988,1816.993,8823.59,13389.268,3.768920557,1.364157658,15.13694395,28.21929998
s15-fail-ckpt-short,fifo+topology_aware+easy_predicted,17,0.8211238216,0.1465747394,0.5153096671,0.04162709365,0.1002570694,0.01735525206,2000,1600,0,1223.062573,0,7227.212,9375.691,4027.461171,2394.361,12612.664,20831.558,2.25293489,1,7.3870063,20.43491501,2.25293489,4116.64085,372,3131.84729,9305.964,0.8613472264,0.1789157525,0.1454447183,0.9583729064,230.5163306,8.940859,2.933333333,218.6420552,8.303030306e-05,0,0,23,179.8683756,0.9826447479,1.380728943,0.8997429306,0.1002570694,778,249178.928,198,66,3400,628,1285.502465,0,7538.906,9579.33,4282.307903,2749.999,13148.61,19974.773,2.105934041,1,6.814485943,15.07340996,486,1164.327428,0,6976.423,9360.873,4465.771928,2727.015,13965.218,24814.083,2.153635372,1,6.516280506,20.43491501,340,1284.466282,0,7040.828,9274.38,3155.924459,1433.544,10742.28,22027.542,2.771792971,1,10.17360483,25.31126171,146,1007.006185,0,6732.827,9305.964,3501.842719,2126.605,11315.186,17869.625,2.007485238,1,8.446069358,15.94098484,822,1191.976195,0,7263.952,9274.38,3954.6089,2357.97,12795.925,18250.889,2.189232599,1,7.111545052,20.50058481,617,1257.010217,0,7227.212,9360.873,4134.73946,2431.331,12899.071,23429.67,2.142905169,1,7.377433333,16.53501168,161,1251.679385,0,6770.035,10665.493,3988.292609,2514.312,12002.565,22027.542,2.999839365,1,9.728816909,39.79669416
s15-fail-ckpt-short,fifo+topology_aware+easy_predicted,18,0.2045216408,0.04171929315,0.1051843309,0.02487982548,0.01008827238,0.02264991891,2000,1600,0,216.4670713,0,1475.209,4509.926,4198.081142,1713.87,16631.465,34132.782,1.322510116,1,2.102549747,6.365645626,1.322510116,2552.852867,356,762.4729663,4447.152,0.7199894702,0.1361072866,0.1036055491,0.9751201745,163.4079264,6.864646833,2.5,154.0432089,7.062626265e-05,0,0,31,132.8816133,0.9773500811,1.419162389,0.9899117276,0.01008827238,793,390488.5,111,42,2657,654,217.5164006,0,1573.364,4447.152,6650.878991,3060.592,22528.038,46925.048,1.166684409,1,1.816339179,4.310500471,489,241.745045,0,1486.151,4805.366,2818.160209,1250.23,11228.586,15435.167,1.635387905,1,2.920481395,10.53726271,318,204.9796792,0,1629.098,5050.288,1625.633619,1084.008,5300.626,7740.894,1.236231657,1,2.580850803,5.857800337,139,148.8828993,0,721.511,3647.108,3397.288734,1715.473,15008.808,17876.58,1.152361363,1,2.102549747,4.044460156,807,234.6198711,0,1601.832,4509.926,3829.376119,1649.518,15622.345,26016.902,1.464925211,1,2.408413173,7.965237447,633,202.300722,0,1394.895,4447.152,4739.950845,1727.122,18882.012,38563.639,1.174079682,1,1.902870095,5.097123224,160,180.9545063,0,828.611,5643.707,3913.965087,1947.278,11371.559,46925.048,1.191431886,1,1.678157631,7.852893549
s15-fail-ckpt-short,fifo+topology_aware+easy_predicted,19,0.1068760248,0.03397958684,0.04440174859,0.02343145428,0.003610108303,0.00145312677,2000,1600,0,87.47804687,0,622.734,1865.697,2678.132701,1172.038,9001.778,24248.916,1.162707243,1,1.712487588,4.473575776,1.162707243,2290.875219,338,303.8461657,1777.169,0.72876139,0.1214844196,0.08107096403,0.9765685457,109.4640397,10.79801083,3.766666667,94.89932339,3.882828285e-05,0,0,23,147.9071067,0.9985468732,1.104636522,0.9963898917,0.003610108303,831,280470.095,111,39,2674,656,85.27147866,0,495.999,1906.322,3827.7443,1647.431,13386.771,42543.581,1.102763847,1,1.492460787,3.253010204,468,92.99706197,0,628.419,1967.22,1735.888673,690.442,6975.626,15676.654,1.218153221,1,1.992924417,5.41954656,316,75.40295253,0,720.083,1729.846,2164.001228,1027.163,7236.443,17476.555,1.20401548,1,1.772397947,8.124056545,160,104.2301687,0,612.813,2237.972,1736.198581,1002.043,5601.165,13615.689,1.164711915,1,1.686148291,5.576723896,769,102.0925527,0,632.647,2237.972,2622.435553,1260.885,8217.18,22485.277,1.178210729,1,1.776393001,4.473575776,662,75.58014048,0,628.419,1527.506,2737.866308,1102.014,10028.385,28158.885,1.15721206,1,1.653933647,4.742593203,169,67.58372189,0,486.484,1550.722,2697.585118,1094.185,10775.042,27094.338,1.113687312,1,1.53334477,3.275821673
s15-fail-ckpt-short,fifo+topology_aware+easy_predicted,20,0.7542356959,0.1528162514,0.4469966684,0.0367081965,0.07596513076,0.04174944888,2000,1600,0,966.5150887,0,6269.123,9583.128,4070.533236,2097.772,13896.766,26488.977,2.202831191,1,7.701563148,17.9308747,2.202831191,3931.572481,353,2510.677402,9372.731,0.8047495321,0.171442931,0.1067204025,0.9632918035,200.5626722,8.773190889,5.133333333,186.656073,7.498989902e-05,0,0,26,224.7686,0.9582505511,1.635612313,0.9240348692,0.07596513076,803,268593.303,149,51,3007,645,1027.957504,0,6905.25,9696.158,6170.729403,3756.006,18987.716,39676.774,1.883558605,1,5.817014404,16.04581933,467,927.6855054,0,5868.659,8456.188,2250.203398,1412.2,7831.06,12787.307,2.796866906,1,11.91041713,21.89617104,310,1004.184129,0,6137.053,8891.758,3434.829826,2125.828,10783.422,15385.663,1.709981567,1,5.22821098,9.72232079,178,780.1423652,0,6307.094,9583.128,2343.204938,1081.944,9752.964,16015.345,2.659570076,1,9.336373348,20.98263271,797,982.2809159,0,6567.363,9624.874,4034.576575,2003.803,14388.559,26173.482,2.014661661,1,6.424395028,15.4632022,621,975.4677746,0,6107.341,9802.629,4291.422565,2181.718,14096.518,33863.018,2.351896889,1,9.299481109,18.99031667,182,866.9272747,0,5223.558,8894.416,3474.297989,2180.389,10425.669,26503.318,2.518223039,1,8.072089782,34.49316499
s15-fail-ckpt-short,shortest_estimate+topology_aware+easy_predicted,1,0.1008506794,0.02950205366,0.03618812314,0.02606794167,0.008620689655,0.0004718712646,2000,1600,0,94.0546625,0,507.538,2395.562,3287.059592,1333.456,9797.907,46679.924,1.113410649,1,1.486830931,3.2693489,1.113410649,2194.331216,370,367.1705,2299.037,0.7286037983,0.104653255,0.09750078658,0.9739320583,149.9876936,6.217580278,3.066666667,140.7033679,7.878787882e-05,0,0,9,138.30232,0.9995281287,1.06085873,0.9913793103,0.008620689655,812,331001.651,128,55,2581,647,127.6227589,0,884.444,2874.552,2439.446056,1592.811,7965.657,15033.631,1.14366348,1,1.663856013,4.121776624,468,66.24636752,0,280.823,1558.344,1665.445192,941.173,6118.108,9235.755,1.102344679,1,1.511337548,3.2693489,333,64.96002703,0,131.011,1686.565,7334.554523,1323.259,46679.924,86400,1.078054455,1,1.250000116,2.116051044,152,100.5299079,0,484.72,2946.572,3020.649632,1934.909,10223.501,15590.314,1.096166603,1,1.584556091,2.909714835,788,77.52917259,0,255.475,2398.902,3251.771221,1392.877,9411.102,48633.587,1.085734598,1,1.250000197,3.213882382,648,110.647804,0,815.86,2395.562,3237.861969,1288.563,10889.747,44785.025,1.138213003,1,1.765058124,3.701015133,164,107.8944817,0,589.262,2946.572,3651.006524,1296.725,9059.982,67156.945,1.148391155,1,1.89266946,2.732536662
s15-fail-ckpt-short,shortest_estimate+topology_aware+easy_predicted,2,0.1419592419,0.03011683151,0.0480115199,0.05202731377,0.01026957638,0.001534000362,2000,1600,0,165.7897056,0,673.361,3287.298,3426.485807,1601.846,13188.602,25552.613,1.094269145,1,1.517814222,2.808633614,1.094269145,2194.965661,332,703.0146596,2952.632,0.7564594449,0.1773704849,0.1051076747,0.9479726862,320.8153747,7.394625722,3.122682778,310.2979715,9.470707073e-05,0,0,28,232.5392467,0.9984659996,1.097698581,0.9897304236,0.01026957638,779,304142.151,171,70,2941,636,251.3979151,0,742.528,6475.671,4871.987618,2108.222,18645.091,33047.421,1.080782873,1,1.473046291,2.660955517,502,111.6529064,0,626.775,2560.759,2631.300052,1521.844,8259.278,16452.599,1.071207078,1,1.42497553,2.4857554,311,97.1999582,0,513.13,1928.959,1864.947543,1186.796,6393.507,8940.839,1.171986242,1,1.734811773,4.832254736,151,126.4603245,0,704.318,2414.015,3197.893073,1701.271,10455.572,25120.873,1.067675829,1,1.483233047,2.0097841,821,188.6439671,0,525.582,4317.669,3571.286689,1639.066,13303.215,25552.613,1.084823899,1,1.525955035,2.808633614,635,117.5614236,0,707.621,2255.42,3274.345523,1625.908,11486.049,24380.604,1.112741509,1,1.520806076,3.159756216,144,248.162,0,784.726,5867.403,3271.816056,1512.068,13775.162,27939.411,1.066662165,1,1.307575737,2.416580923
s15-fail-ckpt-short,shortest_estimate+topology_aware+easy_predicted,3,0.2051249276,0.04912191804,0.09915716008,0.04124351466,0.01423027167,0.001372063139,2000,1600,0,336.3357544,0,1390.678,5733.04,2985.123,1362.202,10777.038,25943.258,1.26158398,1,2.475623832,5.539552374,1.26158398,2506.649419,377,1266.912186,5533.607,0.8313444208,0.2956502024,0.1566496265,0.9587564853,193.4210367,6.179262,3.6,183.6416982,7.64848485e-05,0,0,12,55.07759111,0.9986279369,1.09537208,0.9857697283,0.01423027167,773,209723.434,283,150,3304,639,352.7930642,0,1941.059,6676.124,4215.363141,2000.799,15056.245,31195.015,1.196555392,1,2.23392778,4.31066999,481,230.9044511,0,1060.608,5493.915,1870.16917,1071.194,5594.052,10994.371,1.305157061,1,2.18481932,7.859092853,318,514.0666321,0,1904.268,8755.826,2738.789327,1392.021,10089.665,15750.058,1.301339118,1,2.866435298,6.892451824,162,235.581537,0,1780.501,3741.903,1926.502321,1047.139,7273.628,10792.961,1.310673369,1,2.660947716,6.535957261,827,398.9069734,0,1821.037,5733.04,3095.234446,1392.967,10759.461,28612.808,1.290191614,1,2.520526781,6.535957261,629,280.8479412,0,1255.504,5796.212,2719.832479,1327.448,10739.754,18048.833,1.253426086,1,2.485909454,5.539552374,144,219.3596181,0,884.247,4501.632,3511.550583,1402.609,13429.166,31195.015,1.132922878,1,1.922312984,2.82783594
s15-fail-ckpt-short,shortest_estimate+topology_aware+easy_predicted,4,0.1662361513,0.03606065255,0.06488889595,0.04295752793,0.01854304636,0.003786028495,2000,1600,0,189.0898556,0,910.066,4167.91,2806.046313,1560.396,9561.798,15942.875,1.166152289,1,1.817368181,4.557276719,1.166152289,2343.440696,354,783.0770706,4156.687,0.8127314122,0.3044732794,0.1687908003,0.9570424721,206.25963,18.32576956,6,181.9337762,8.428282832e-05,0,0,13,177.5775067,0.9962139715,1.177889129,0.9814569536,0.01854304636,755,223893.334,225,102,3285,615,196.2629106,0,872.181,4415.92,2171.997932,1003.301,8961.763,13459.498,1.253735225,1,2.330615933,5.844508421,495,195.5638929,0,727.535,5655.078,3885.272091,2375.247,13385.698,25263.114,1.064391541,1,1.380400455,2.315674219,334,181.5362365,0,1080.815,3111.151,2516.64691,1574.335,8809.474,12284.51,1.136254684,1,1.925934447,3.585563054,156,156.4413397,0,1333.86,2787.729,2500.805256,1716.279,7483.772,12804.674,1.20777963,1,1.837790345,5.743465266,845,179.8568367,0,896.225,3630.791,2918.463646,1597.36,9902.075,15645.978,1.1654522,1,1.817368181,4.557276719,608,168.9739638,0,766.656,4870.706,2661.961896,1522.071,8817.251,15942.875,1.158586157,1,1.551547048,4.423208552,147,325.3644354,0,1715.882,6860.147,2755.778823,1460.737,10763.61,17045.224,1.201470547,1,2.284430349,5.284912084
s15-fail-ckpt-short,shortest_estimate+topology_aware+easy_predicted,5,0.1002371524,0.02591712229,0.02748373079,0.04098867587,0.005305039788,0.000542583712,2000,1600,0,87.0258825,0,385.459,1959.909,2272.69712,1501.048,6723.852,12341.63,1.065524656,1,1.306159208,2.512475207,1.065524656,2133.144729,334,368.3890719,1959.909,0.7424998833,0.1542986915,0.104367544,0.9590113241,154.1266233,7.410476667,3.933333333,142.7827579,5.543434347e-05,0,0,20,139.3210467,0.9994574163,1.063519681,0.9946949602,0.005305039788,754,209630.896,131,51,2743,639,93.92516275,0,474.336,1970.156,2236.239762,1424.54,6723.852,14392.042,1.08776634,1,1.437453365,2.529231608,486,116.583216,0,396.894,2561.235,1938.035673,1276.993,5722.39,12025.832,1.065799814,1,1.442060416,2.555962859,322,48.62852484,0,160.813,1357.553,2808.16791,2203.499,7426.538,11492.997,1.041272909,1,1.157347966,2.102693219,153,45.13336601,0,391.204,1199.023,2361.063922,1478.383,6947.001,14317.204,1.022798506,1,1.242307195,1.413307317,846,93.02509456,0,457.318,1970.156,2319.013121,1473.704,7222.496,13026.98,1.063931496,1,1.285879729,2.110497094,602,85.10974252,0,277.742,1899.304,2189.348958,1512.628,6400.989,10270.134,1.069462238,1,1.303460306,2.512475207,152,61.22445395,0,327.673,1621.644,2345.014599,1507.125,6896.15,14738.915,1.058796946,1,1.437453365,2.520859774
s15-fail-ckpt-short,shortest_estimate+topology_aware+easy_predicted,6,0.2590961939,0.05332890497,0.1254732606,0.05242538427,0.02722772277,0.0006409212373,2000,1600,0,447.4170306,0,1759.761,6603.008,2383.340898,1242.415,7851.324,19284.732,1.271891092,1,2.687645624,5.167030698,1.271891092,2513.679012,388,1708.537438,6295.87,0.8620265494,0.4612980125,0.2147980092,0.9475746157,188.115145,5.536912556,2.8,179.7781335,9.894949497e-05,0,0,17,83.74482222,0.9993590788,1.062764836,0.9727722772,0.02722772277,808,173455.604,305,163,3742,647,459.0373586,0,1699.364,6295.87,2534.624787,1313.63,8278.289,14205.998,1.265637313,1,2.661952513,5.57497975,472,423.5278157,0,1718.117,7207.404,2224.382502,1226.54,6548.014,17423.655,1.265945284,1,2.64026823,5.376184945,318,229.3346321,0,1347.804,3696.056,1495.081041,1042.139,4273.605,6516.776,1.25935181,1,2.50645938,4.291395591,163,895.9296687,0,5015.615,20157.073,3976.066798,1418.208,18995.798,34758.768,1.33839482,1,3.579109154,5.167030698,792,464.425976,0,1676.655,6603.008,2487.838167,1243.537,7823.632,25242.253,1.269689142,1,2.687645624,6.016385868,644,437.7107376,0,1896.4,6343.629,2248.581213,1223.325,7831.594,15924.985,1.291658348,1,2.770825988,4.83877167,164,403.3912256,0,1566.532,9097.563,2407.873829,1243.408,9583.216,17221.182,1.204902256,1,2.195185605,4.078659629
s15-fail-ckpt-short,shortest_estimate+topology_aware+easy_predicted,7,0.1532745803,0.03673475939,0.06995057579,0.0298441638,0.01612903226,0.0006160490953,2000,1600,0,188.3772569,0,981.056,4321.774,3996.529489,1524.102,15040.373,41541.625,1.188267144,1,1.851341507,4.17779781,1.188267144,2307.265313,369,760.3454661,3788.137,0.7694937329,0.1618843819,0.1050831351,0.9701558362,206.1995372,10.83932478,4.466666667,190.8934618,8.400000007e-05,0,0,14,138.07106,0.9993839509,1.063817898,0.9838709677,0.01612903226,806,388718.137,169,91,2717,632,192.4680823,0,1044.456,4518.545,3527.205383,1456.162,13201.955,31856.608,1.145987992,1,1.8762642,3.902726789,504,165.4560198,0,1136.791,3615.283,5806.769768,1870.343,30328.039,68755.751,1.219122536,1,1.684325182,6.71529368,308,200.4494188,0,769.636,1983.25,2684.459318,1131.68,9552.88,24778.908,1.217088871,1,1.851341507,3.884020825,156,222.0226154,0,1325.624,5084.143,2639.922744,1504.557,9333.713,14704.124,1.202960825,1,2.177432787,4.616520557,794,160.149733,0,831.4,3615.283,4113.88352,1581.807,13792.706,46953.934,1.176611824,1,1.762844502,4.074494962,644,180.7191009,0,1105.843,4321.774,3901.380842,1471.543,15669.563,41541.625,1.209862236,1,1.851341507,4.462833333,162,357.1705062,0,1196.738,12682.501,3799.595099,1528.192,14704.124,31076.666,1.159545444,1,1.899554479,4.162960232
s15-fail-ckpt-short,shortest_estimate+topology_aware+easy_predicted,8,0.1210226353,0.03385956094,0.04278983992,0.03769035459,0.00625,0.0004328798022,2000,1600,0,98.23694375,0,600.127,1763.292,1628.480171,788.633,5603.351,12680.193,1.123195065,1,1.706438579,3.20609394,1.123195065,2207.507083,390,369.5407231,1664.047,0.7463565224,0.281439918,0.113171485,0.9623096454,100.9332233,7.670135778,2.333333333,90.92969297,6.125252527e-05,0,0,17,101.6313511,0.9995671202,1.059715881,0.99375,0.00625,800,143420.605,204,99,2955,674,114.9633175,0,662.476,2235.696,1325.923861,673.667,5333.253,9837.342,1.151690003,1,1.922314964,3.966766204,490,56.71565918,0,416.755,1377.981,1429.355453,675.695,4270.192,13075.528,1.086791303,1,1.525178127,2.840315238,303,120.2003861,0,654.126,1394.866,2347.162307,1222.289,7934.927,13651.835,1.123394475,1,1.57514331,3.809112728,133,116.4093534,0,854.021,2787.28,2258.054436,1221.132,9994.052,14700.107,1.11245697,1,1.928130228,2.549376071,800,88.35315125,0,508.064,1638.117,1639.738501,737.924,5662.405,13651.835,1.115767051,1,1.673923635,2.825681855,629,110.3719253,0,600.127,2235.696,1639.870467,855.17,5575.48,11139.827,1.131757035,1,1.736755019,3.626672485,171,99.84004678,0,742.113,1510.89,1533.911977,805.724,5628.353,9075.765,1.126451977,1,1.988421231,2.866818174
s15-fail-ckpt-short,shortest_estimate+topology_aware+easy_predicted,9,0.1515390547,0.03663112071,0.06805481662,0.03287436164,0.01385390428,0.0001248514844,2000,1600,0,214.7009206,0,954.468,3573.541,2638.367409,1260.084,8682.344,18986.932,1.141680466,1,1.846118373,3.393751584,1.141680466,2333.103016,346,906.3929451,3147.844,0.7784253021,0.2126591863,0.1241227967,0.9671256384,148.57005,11.73733311,4.066666667,132.7659833,6.690909092e-05,0,0,13,210.8315044,0.9998751485,1.029266959,0.9861460957,0.01385390428,794,221266.428,209,97,3288,645,162.4130481,0,831.119,2741.667,2569.8202,1346.839,7958.555,17808.118,1.148498939,1,1.770498349,3.523436528,474,222.6017236,0,1103.791,3708.734,2615.112295,1185.005,9855.904,15361.52,1.124193587,1,1.914956775,3.212230084,330,345.2973606,0,1029.484,8940.166,3091.773012,1524.76,11574.998,22721.325,1.157095314,1,1.878255239,4.591306894,151,127.8391457,0,950.677,2324.25,2013.281477,935.24,8482.645,13637.962,1.133759709,1,2.00128236,2.67438698,806,252.3660533,0,957.822,3864.348,2741.355447,1271.468,9142.035,20758.263,1.133560006,1,1.790082167,3.393751584,627,180.1030686,0,974.233,2741.667,2616.255941,1305.432,8246.24,20299.123,1.157389667,1,1.926640151,4.009534788,167,162.8132335,0,739.798,3025.762,2224.328677,1173.057,7715.593,16394.706,1.121892571,1,1.94863414,2.855792985
s15-fail-ckpt-short,shortest_estimate+topology_aware+easy_predicted,10,0.3895223901,0.05137950263,0.2347701084,0.05998837199,0.04161248375,0.001771923375,2000,1600,0,872.0125881,0,3292.648,17299.891,3750.732942,1499.602,12936.591,36714.71,1.276911399,1,2.589400542,5.221647469,1.276911399,2620.746596,352,3662.0955,16876.046,0.8673000818,0.4102786468,0.2063092295,0.940011628,377.9300908,18.80122372,5.966666667,353.1621006,9.979797978e-05,0,0,27,223.3632333,0.9982280766,1.118549501,0.9583875163,0.04161248375,769,297851.734,310,157,3945,626,943.5329888,0,3435.498,22496.415,3743.61847,1676.532,12880.852,36714.71,1.285234118,1,2.601325294,5.337468102,484,1282.81724,0,4743.47,34737.349,5153.866957,1467.254,19189.779,58381.212,1.306969466,1,2.750557084,5.812551761,343,392.2921545,0,1988.927,5621.637,2641.114055,1499.602,7793.156,18554.116,1.265790873,1,2.634614163,5.481929852,147,334.2090952,0,1983.541,7025.856,1750.298075,1074.645,5050.309,12315.851,1.168450269,1,2.151504079,3.007416792,831,804.0127822,0,2925.005,17299.891,3599.804676,1503.424,12440.127,32583.719,1.26136164,1,2.638862118,4.642183953,627,1036.140722,0,4008.495,23491.285,4006.686834,1498.063,12936.591,44838.739,1.313059914,1,2.567008122,6.502142632,142,545.248493,0,2145.96,11522.819,3503.819549,1531.154,13374.493,27957.647,1.208296823,1,2.383533718,4.362328952
s15-fail-ckpt-short,shortest_estimate+topology_aware+easy_predicted,11,0.179169719,0.03657330254,0.08755337135,0.03639898194,0.01849568434,0.0001483788726,2000,1600,0,303.0164031,0,1227.935,7026.107,3114.353949,1525.418,11310.678,24108.673,1.146805651,1,1.843204479,4.185931332,1.146805651,2245.76785,333,1383.50994,7026.107,0.8020788411,0.2996319218,0.1343965519,0.9636010181,170.8873964,4.025956389,2.133333333,164.7280007,0.000105979798,0,0,9,89.90758222,0.9998516211,1.031012546,0.9815043157,0.01849568434,811,257723.82,186,98,3165,640,379.3702828,0,1644.463,9327.83,3675.741911,1716.187,14495.371,30974.656,1.153541604,1,1.897378907,4.054189858,470,228.5762766,0,1439.784,5416.179,2371.593347,1438.073,8365.61,12428.785,1.143645506,1,1.763104414,3.977719075,327,242.0718135,0,865.964,4224.549,2830.812294,1292.694,10081.605,26307.827,1.152102599,1,2.028129561,4.672653054,163,340.128411,0,1687.173,9620.478,3620.65646,1824.654,12987.225,25425.573,1.118843422,1,1.593266987,3.705287707,789,371.1495209,0,2000.147,9046.782,3270.320863,1587.73,11414.259,26217.597,1.18917013,1,2.176471973,4.903019416,653,245.1548606,0,935.802,6430.844,2786.875818,1430.857,9855.059,19194.813,1.110026866,1,1.648758711,3.463317123,158,201.9186646,0,1611.913,5138.002,3688.944614,1901.144,14119.809,26474.038,1.087254846,1,1.728476973,2.307297047
s15-fail-ckpt-short,shortest_estimate+topology_aware+easy_predicted,12,0.1132511755,0.03445073966,0.04763868536,0.02589053402,0.003645200486,0.001626015971,2000,1600,0,139.9462569,0,668.132,3407.792,2652.676967,1416.835,9178.993,19160.372,1.172005471,1,1.736232532,4.25198064,1.172005471,2330.497754,349,595.3563438,2999.834,0.7348424063,0.2077843714,0.1238352621,0.974109466,104.3102419,4.692434389,3.133333333,96.48438949,8.472727273e-05,0,0,13,275.5123622,0.998373984,1.106868389,0.9963547995,0.003645200486,823,232305.539,162,88,3003,597,112.3269028,0,563.846,2999.834,1593.273935,943.428,5329.113,10235.011,1.217999534,1,1.752425149,5.278106681,519,141.4547476,0,789.229,2508.799,3861.225054,1803.147,14318.823,23590.014,1.179450092,1,1.883084057,4.25198064,324,196.6430123,0,611.028,4515.709,2990.251086,1989.42,8652.86,13100.539,1.100401408,1,1.477421636,3.541296929,160,123.296875,0,701.231,2820.533,2001.759081,1377.734,5588.553,12484.475,1.121239857,1,2.030690624,3.758277314,777,165.4195534,0,800.742,3987.887,2659.020804,1464.657,10458.667,20475.584,1.183274484,1,1.809698702,5.017881433,660,116.6138818,0,555.114,2999.834,2613.312529,1422.513,8946.114,16639.112,1.166167949,1,1.566796553,3.399120754,163,112.9929816,0,262.105,6656.602,2781.82646,1209.357,8725.277,28741.159,1.141924123,1,1.345671525,6.961213946
s15-fail-ckpt-short,shortest_estimate+topology_aware+easy_predicted,13,0.1237940085,0.03167221553,0.04811840056,0.03758520261,0.006150061501,0.0002681282574,2000,1600,0,160.907635,0,674.86,2911.417,2279.782381,1371.551,7139.585,13717.918,1.106977518,1,1.59620175,2.963668861,1.106977518,2246.193205,351,689.579416,2896.121,0.79210045,0.2548117016,0.1357156883,0.9624147974,143.5917217,11.88978567,5.033333333,126.6685502,5.244444447e-05,0,0,20,163.65594,0.9997318717,1.035203102,0.9938499385,0.006150061501,813,188206.182,206,92,3111,628,128.4163774,0,690.597,2911.417,2262.461271,1544.329,6910.925,11565.637,1.095760924,1,1.59620175,2.963668861,479,90.62994154,0,586.809,1788.408,2034.054315,1097.749,6590.317,13717.918,1.095338624,1,1.562138096,3.34319255,328,152.4390061,0,752.941,2896.121,1992.782091,1206.576,5744.58,19058.193,1.133897941,1,1.552033026,5.016350129,165,505.4242121,0,711.662,19305.685,3629.585388,1984.857,11315.62,36497.642,1.129942081,1,1.759431362,2.862345111,787,112.736751,0,654.904,2799.928,2228.896602,1392.611,6833.191,13516.357,1.102220592,1,1.499757476,2.953553438,643,186.2059705,0,722.032,2896.121,2255.563748,1387.734,7210.147,11518.727,1.113445519,1,1.674795516,3.398066564,170,288.2232588,0,440.923,15350.049,2606.957024,1249.784,9335.853,27120.061,1.104535024,1,1.637932508,2.851519909
s15-fail-ckpt-short,shortest_estimate+topology_aware+easy_predicted,14,0.1533418787,0.03679298441,0.05824332886,0.04465542432,0.01132075472,0.002329386359,2000,1600,0,140.9780206,0,816.862,2455.283,2131.583081,1087.588,7672.085,15461.498,1.155452427,1,1.854275905,3.956313489,1.155452427,2264.720134,378,561.7391111,2265.959,0.803637006,0.2265153975,0.1422179742,0.9553445757,171.32017,3.273587778,1.333333333,166.7131457,0.0001031919192,0,0,6,37.37168889,0.9976706136,1.124984772,0.9886792453,0.01132075472,795,178937.446,205,97,2911,594,107.2672542,0,731.621,2257.188,1518.309463,718.184,5611.924,11926.055,1.228090502,1,2.356435352,5.295099139,514,165.1394436,0,1077.023,4298.599,2526.729568,1481.264,7956.244,14202.218,1.091650778,1,1.619120065,2.646806703,336,131.12325,0,810.118,2019.149,1738.107223,935.039,5905.707,10684.585,1.15229784,1,1.738150131,4.324354355,156,210.9551154,0,743.838,7233.311,4012.269763,1588.502,18190.113,31756.379,1.095881734,1,1.890158549,2.495570004,805,139.0549553,0,827.068,2799.089,2144.65327,1098.839,7646.816,14323.807,1.152206563,1,1.751315476,3.956313489,635,146.8403102,0,816.862,2045.872,2049.416614,1088.14,7672.085,15461.498,1.166308884,1,1.897248299,4.476197048,160,127.3874812,0,510.757,3745.404,2391.921856,1017.823,9355.447,25809.39,1.128696617,1,1.894491372,3.92587179
s15-fail-ckpt-short,shortest_estimate+topology_aware+easy_predicted,15,0.3691609502,0.05222758565,0.2184165118,0.06114776597,0.03358208955,0.003786997307,2000,1600,0,557.00231,0,3063.289,9696.77,3661.350136,1780.814,13739.082,25140.808,1.324074431,1,2.632141839,6.173738494,1.324074431,2575.74147,357,2105.729345,9495.425,0.8703115582,0.4406234442,0.23761699,0.938852234,363.36726,8.946579556,3.466666667,350.9539124,0.0001014141415,0,0,5,181.01602,0.9962130027,1.17143451,0.9664179104,0.03358208955,804,275117.049,291,142,3850,654,534.1880917,0,3063.289,10574.408,3131.587595,1588.899,12357.236,21952.191,1.282288466,1,2.632141839,5.053330612,498,693.9885361,0,3711.302,10148.453,4915.049416,2564.24,16270.126,41619.155,1.317157798,1,2.543479331,8.848853567,299,355.4736957,0,2066.482,5535.964,2338.640946,1028.214,9212.135,23798.264,1.464021433,1,3.250704341,14.45338398,149,603.7030738,0,4110.063,8080.699,4450.695826,2141.459,16260.84,28341.376,1.249768058,1,2.486239968,4.208870404,796,642.414358,0,4067.033,10574.408,3996.990064,1854.145,15143.871,28341.376,1.369013932,1,2.778859443,6.98438978,652,500.2532423,0,2742.4,9495.425,3509.611768,1812.857,12357.236,24364.98,1.280275958,1,2.619518776,6.173738494,152,353.1365329,0,2723.601,4466.644,2554.534559,1333.933,8571.815,29399.691,1.276605759,1,2.504020604,5.024120549
s15-fail-ckpt-short,shortest_estimate+topology_aware+easy_predicted,16,0.2134524284,0.04753722906,0.09887010101,0.04874686463,0.01741293532,0.0008852983593,2000,1600,0,477.2180025,0,1386.652,10254.544,2133.487637,871.308,7317.444,19340.493,1.227844339,1,2.395759406,4.548493879,1.227844339,2423.59492,364,2029.888412,7330.311,0.8732679163,0.3917917905,0.1851489894,0.9512531354,174.8105542,2.882661722,1.433333333,170.494467,9.212121212e-05,0,0,6,23.43842,0.9991147016,1.081426034,0.9825870647,0.01741293532,804,148896.248,304,164,3688,625,437.9184112,0,1030.103,6697.037,1855.51171,684.964,6413.034,20060.296,1.203909102,1,2.214285714,3.854593536,493,585.7301359,0,1866.937,16973.415,2582.294097,996.043,9428.872,23301.29,1.267194043,1,2.70505266,5.132256331,322,443.1845963,0,1261.073,9494.613,1867.10977,848.983,6313.513,13087.999,1.241913649,1,2.386131835,4.959197345,160,364.87125,0,1327.158,5420.272,2372.531656,1299.743,6278.724,19340.493,1.171780597,1,2.210759944,3.602540883,796,505.0569271,0,1533.078,14084.235,2219.275003,866.657,8335.216,22594.244,1.226433973,1,2.429919139,4.609204249,633,446.2071106,0,1487.928,6264.633,2053.917771,930.314,7024.82,13741.928,1.234336805,1,2.41607218,4.548493879,171,462.4233275,0,725.189,10625.971,2028.698064,755.897,6030.974,22799.444,1.210376033,1,2.20540284,4.455644109
s15-fail-ckpt-short,shortest_estimate+topology_aware+easy_predicted,17,0.2627804091,0.04317287812,0.1430454679,0.04991541351,0.02570694087,0.0009397086247,2000,1600,0,534.8314294,0,2006.211,8992.043,3348.61105,1700.567,11792.097,25160.035,1.206741731,1,2.175806854,4.365159599,1.206741731,2375.613101,372,2151.492645,7942.657,0.8352715749,0.3062971978,0.1515957628,0.9500845865,278.8255297,10.45519994,4.7,263.6702275,0.0001022626263,0,0,21,179.8683756,0.9990602914,1.079171571,0.9742930591,0.02570694087,778,251885.166,254,116,3482,628,651.5193344,0,2188.239,7942.657,3676.269256,1995.034,12428.059,21203.51,1.216086279,1,2.210772139,4.437643885,486,526.1828045,0,2229.557,13658.36,3817.706105,2136.898,13343.249,31118.979,1.219254925,1,2.010291458,4.373693501,340,402.1705235,0,1341.56,5199.944,2276.152685,933.431,7543.539,21302.621,1.204632241,1,2.563407483,4.031887768,146,370.6392055,0,797.73,9719.952,2875.2295,1828.883,9788.082,20608.055,1.129806379,1,1.814382493,3.165640393,822,493.8538382,0,1666.936,7339.161,3267.472252,1703.747,11022.625,20608.055,1.207157018,1,2.145403465,4.373693501,617,618.7760211,0,2434.703,10725.631,3508.324974,1720.967,12265.872,27294.081,1.187915095,1,2.234056251,3.665280589,161,422.3455093,0,1249.984,7942.657,3150.801118,1570.736,11209.629,26300.076,1.276770734,1,2.175806854,5.925576518
s15-fail-ckpt-short,shortest_estimate+topology_aware+easy_predicted,18,0.1096117488,0.03072549973,0.04951890084,0.01590944203,0.01134930643,0.002108599771,2000,1600,0,154.6255669,0,694.502,3037.857,4124.965212,1625.19,16631.465,35112.122,1.137668039,1,1.548489603,3.348858253,1.137668039,2243.845041,356,646.5858455,3033.674,0.7137794313,0.2142070344,0.1245248166,0.984090558,103.5389639,5.095672212,3.333333333,95.10989192,6.642424244e-05,0,0,21,132.8816133,0.9978914002,1.115173517,0.9886506936,0.01134930643,793,390125.266,118,65,2760,654,180.6332141,0,701.277,3033.674,6591.746063,3042.192,22692.146,48782.814,1.08644634,1,1.362603671,3.090581123,489,149.5103108,0,981.696,3295.104,2722.481963,1190.967,10667.916,17890.939,1.209815122,1,1.866804236,4.735253714,318,113.6656195,0,417.422,2864.754,1527.574858,1027.848,5224.477,8616.016,1.155147254,1,1.560300822,3.305123513,139,143.9609784,0,663.91,4104.54,3394.81964,1537.957,15008.808,17876.58,1.084867156,1,1.567807336,2.478231092,807,136.2679467,0,739.607,2993.145,3720.334529,1526.566,15467.269,26673.078,1.166259084,1,1.562891879,3.591717158,633,191.8793049,0,917.956,3562.403,4713.650935,1683.697,19657.349,39079.836,1.112758991,1,1.4785531,3.336242552,160,99.8317125,0,649.811,3057.399,3836.833331,1922.193,12140.43,46925.048,1.092008377,1,1.268554507,2.99716195
s15-fail-ckpt-short,shortest_estimate+topology_aware+easy_predicted,19,0.08835790955,0.03004859592,0.02617642131,0.02274552062,0.007220216606,0.002167155096,2000,1600,0,85.51612937,0,367.124,1956.569,2678.973192,1124.904,9624.966,24248.916,1.147600542,1,1.514375316,3.61549424,1.147600542,2256.441472,338,368.3879675,1956.569,0.7283394583,0.1842058664,0.09399870659,0.9772544794,106.185,8.99188,3.1,94.09307535,4.464646467e-05,0,0,28,147.9071067,0.9978328449,1.126488356,0.9927797834,0.007220216606,831,280470.095,138,68,2747,656,91.64348018,0,423.426,2613.314,3846.077198,1627.538,13497.279,42543.581,1.095344888,1,1.451814624,3.376506534,468,75.08417308,0,327.98,1716.13,1709.016015,686.81,6975.626,15676.654,1.173167728,1,1.514375316,3.494884414,316,85.20743987,0,589.855,1594.692,2171.863152,1080.601,7633.662,17476.555,1.233893263,1,1.799286078,7.654726581,160,91.517125,0,608.371,2395.074,1732.513838,919.733,6515.285,13615.689,1.116636578,1,1.75247205,4.262008165,769,87.89236801,0,355.98,1792.67,2617.879148,1214.76,8380.858,22485.277,1.152666615,1,1.553105282,3.494884414,662,81.02867069,0,349.69,2431.598,2739.386438,1081.749,10028.385,28158.885,1.153116281,1,1.581527044,3.802607824,169,92.28163314,0,454.581,1956.569,2720.320828,1128.109,10955.622,27094.338,1.102942378,1,1.481165726,4.03856354
s15-fail-ckpt-short,shortest_estimate+topology_aware+easy_predicted,20,0.2276793146,0.04354224826,0.1099899678,0.03465775353,0.03611457036,0.003374774653,2000,1600,0,382.750395,0,1542.608,7945.672,3484.382346,1596.202,12949.863,28467.479,1.210316058,1,2.1944222,5.624929733,1.210316058,2378.453401,353,1541.927649,6976.494,0.7784280782,0.2390434563,0.1188752205,0.9653422465,188.9574506,12.00286437,5.066666667,171.8878522,6.735353539e-05,0,0,24,224.7686,0.9966252253,1.13746681,0.9638854296,0.03611457036,803,269946.974,233,105,3147,645,651.7857798,0,2511.285,18100.332,5789.408626,3041.684,20656.008,42774.535,1.237716654,1,2.29208042,5.624929733,467,162.4305889,0,1015.463,2099.261,1480.972786,978.719,4471.209,10078.228,1.269723288,1,2.386336614,7.55125,310,287.8639419,0,922.411,6124.197,2721.172674,1674.47,8260.604,15849.677,1.116272823,1,1.741876984,3.057968018,178,151.1567247,0,1124.96,4287.268,1717.221174,726.626,6560.271,12278.935,1.118950004,1,1.5450908,3.350256737,797,349.523271,0,1598.447,6785.956,3401.338575,1530.252,12724.487,26104.536,1.189957852,1,2.086697429,5.181478337,621,413.93619,0,1272.694,10234.221,3727.716519,1643.224,13896.766,37172.38,1.194773431,1,2.252857309,5.479750863,182,421.8473132,0,2698.803,9293.571,3017.763467,1657.072,11183.796,27031.735,1.352499915,1,2.39258623,9.411888118
