scenario,policy,seed,J,J_slowdown,J_wait,J_waste,J_slo,J_fairness,jobs,window_jobs,infeasible_jobs,wait_mean,wait_p50,wait_p95,wait_p99,jct_mean,jct_p50,jct_p95,jct_p99,bsld_mean,bsld_p50,bsld_p95,bsld_p99,wflow_mean,wflow_sum_all,large_jobs,large_wait_mean,large_wait_p95,utilization,frag_blocked_frac,stranded_frac,goodput_ratio,wasted_gpu_hours,lost_gpu_hours,overhead_gpu_hours,topology_gpu_hours,slack_gpu_hours,grace_gpu_hours,preemptions,failure_kills,node_downtime_gpu_hours,jain_bsld,tenant_worst_best_ratio,slo_attainment,slo_violation_rate,slo_jobs,makespan,reservations,broken_reservations,invocations,tenant_vc8Gr_jobs,tenant_vc8Gr_wait_mean,tenant_vc8Gr_wait_p50,tenant_vc8Gr_wait_p95,tenant_vc8Gr_wait_p99,tenant_vc8Gr_jct_mean,tenant_vc8Gr_jct_p50,tenant_vc8Gr_jct_p95,tenant_vc8Gr_jct_p99,tenant_vc8Gr_bsld_mean,tenant_vc8Gr_bsld_p50,tenant_vc8Gr_bsld_p95,tenant_vc8Gr_bsld_p99,tenant_vcEwI_jobs,tenant_vcEwI_wait_mean,tenant_vcEwI_wait_p50,tenant_vcEwI_wait_p95,tenant_vcEwI_wait_p99,tenant_vcEwI_jct_mean,tenant_vcEwI_jct_p50,tenant_vcEwI_jct_p95,tenant_vcEwI_jct_p99,tenant_vcEwI_bsld_mean,tenant_vcEwI_bsld_p50,tenant_vcEwI_bsld_p95,tenant_vcEwI_bsld_p99,tenant_vcHvQ_jobs,tenant_vcHvQ_wait_mean,tenant_vcHvQ_wait_p50,tenant_vcHvQ_wait_p95,tenant_vcHvQ_wait_p99,tenant_vcHvQ_jct_mean,tenant_vcHvQ_jct_p50,tenant_vcHvQ_jct_p95,tenant_vcHvQ_jct_p99,tenant_vcHvQ_bsld_mean,tenant_vcHvQ_bsld_p50,tenant_vcHvQ_bsld_p95,tenant_vcHvQ_bsld_p99,tenant_vcJLV_jobs,tenant_vcJLV_wait_mean,tenant_vcJLV_wait_p50,tenant_vcJLV_wait_p95,tenant_vcJLV_wait_p99,tenant_vcJLV_jct_mean,tenant_vcJLV_jct_p50,tenant_vcJLV_jct_p95,tenant_vcJLV_jct_p99,tenant_vcJLV_bsld_mean,tenant_vcJLV_bsld_p50,tenant_vcJLV_bsld_p95,tenant_vcJLV_bsld_p99,tenant_vcJkd_jobs,tenant_vcJkd_wait_mean,tenant_vcJkd_wait_p50,tenant_vcJkd_wait_p95,tenant_vcJkd_wait_p99,tenant_vcJkd_jct_mean,tenant_vcJkd_jct_p50,tenant_vcJkd_jct_p95,tenant_vcJkd_jct_p99,tenant_vcJkd_bsld_mean,tenant_vcJkd_bsld_p50,tenant_vcJkd_bsld_p95,tenant_vcJkd_bsld_p99,tenant_vcKeu_jobs,tenant_vcKeu_wait_mean,tenant_vcKeu_wait_p50,tenant_vcKeu_wait_p95,tenant_vcKeu_wait_p99,tenant_vcKeu_jct_mean,tenant_vcKeu_jct_p50,tenant_vcKeu_jct_p95,tenant_vcKeu_jct_p99,tenant_vcKeu_bsld_mean,tenant_vcKeu_bsld_p50,tenant_vcKeu_bsld_p95,tenant_vcKeu_bsld_p99,tenant_vcKrE_jobs,tenant_vcKrE_wait_mean,tenant_vcKrE_wait_p50,tenant_vcKrE_wait_p95,tenant_vcKrE_wait_p99,tenant_vcKrE_jct_mean,tenant_vcKrE_jct_p50,tenant_vcKrE_jct_p95,tenant_vcKrE_jct_p99,tenant_vcKrE_bsld_mean,tenant_vcKrE_bsld_p50,tenant_vcKrE_bsld_p95,tenant_vcKrE_bsld_p99,tenant_vcLTP_jobs,tenant_vcLTP_wait_mean,tenant_vcLTP_wait_p50,tenant_vcLTP_wait_p95,tenant_vcLTP_wait_p99,tenant_vcLTP_jct_mean,tenant_vcLTP_jct_p50,tenant_vcLTP_jct_p95,tenant_vcLTP_jct_p99,tenant_vcLTP_bsld_mean,tenant_vcLTP_bsld_p50,tenant_vcLTP_bsld_p95,tenant_vcLTP_bsld_p99,tenant_vcWoR_jobs,tenant_vcWoR_wait_mean,tenant_vcWoR_wait_p50,tenant_vcWoR_wait_p95,tenant_vcWoR_wait_p99,tenant_vcWoR_jct_mean,tenant_vcWoR_jct_p50,tenant_vcWoR_jct_p95,tenant_vcWoR_jct_p99,tenant_vcWoR_bsld_mean,tenant_vcWoR_bsld_p50,tenant_vcWoR_bsld_p95,tenant_vcWoR_bsld_p99,tenant_vcYVn_jobs,tenant_vcYVn_wait_mean,tenant_vcYVn_wait_p50,tenant_vcYVn_wait_p95,tenant_vcYVn_wait_p99,tenant_vcYVn_jct_mean,tenant_vcYVn_jct_p50,tenant_vcYVn_jct_p95,tenant_vcYVn_jct_p99,tenant_vcYVn_bsld_mean,tenant_vcYVn_bsld_p50,tenant_vcYVn_bsld_p95,tenant_vcYVn_bsld_p99,tenant_vcefl_jobs,tenant_vcefl_wait_mean,tenant_vcefl_wait_p50,tenant_vcefl_wait_p95,tenant_vcefl_wait_p99,tenant_vcefl_jct_mean,tenant_vcefl_jct_p50,tenant_vcefl_jct_p95,tenant_vcefl_jct_p99,tenant_vcefl_bsld_mean,tenant_vcefl_bsld_p50,tenant_vcefl_bsld_p95,tenant_vcefl_bsld_p99,tenant_vcgkz_jobs,tenant_vcgkz_wait_mean,tenant_vcgkz_wait_p50,tenant_vcgkz_wait_p95,tenant_vcgkz_wait_p99,tenant_vcgkz_jct_mean,tenant_vcgkz_jct_p50,tenant_vcgkz_jct_p95,tenant_vcgkz_jct_p99,tenant_vcgkz_bsld_mean,tenant_vcgkz_bsld_p50,tenant_vcgkz_bsld_p95,tenant_vcgkz_bsld_p99,tenant_vchA3_jobs,tenant_vchA3_wait_mean,tenant_vchA3_wait_p50,tenant_vchA3_wait_p95,tenant_vchA3_wait_p99,tenant_vchA3_jct_mean,tenant_vchA3_jct_p50,tenant_vchA3_jct_p95,tenant_vchA3_jct_p99,tenant_vchA3_bsld_mean,tenant_vchA3_bsld_p50,tenant_vchA3_bsld_p95,tenant_vchA3_bsld_p99,tenant_vchbv_jobs,tenant_vchbv_wait_mean,tenant_vchbv_wait_p50,tenant_vchbv_wait_p95,tenant_vchbv_wait_p99,tenant_vchbv_jct_mean,tenant_vchbv_jct_p50,tenant_vchbv_jct_p95,tenant_vchbv_jct_p99,tenant_vchbv_bsld_mean,tenant_vchbv_bsld_p50,tenant_vchbv_bsld_p95,tenant_vchbv_bsld_p99,tenant_vcsBT_jobs,tenant_vcsBT_wait_mean,tenant_vcsBT_wait_p50,tenant_vcsBT_wait_p95,tenant_vcsBT_wait_p99,tenant_vcsBT_jct_mean,tenant_vcsBT_jct_p50,tenant_vcsBT_jct_p95,tenant_vcsBT_jct_p99,tenant_vcsBT_bsld_mean,tenant_vcsBT_bsld_p50,tenant_vcsBT_bsld_p95,tenant_vcsBT_bsld_p99,tenant_vcvlY_jobs,tenant_vcvlY_wait_mean,tenant_vcvlY_wait_p50,tenant_vcvlY_wait_p95,tenant_vcvlY_wait_p99,tenant_vcvlY_jct_mean,tenant_vcvlY_jct_p50,tenant_vcvlY_jct_p95,tenant_vcvlY_jct_p99,tenant_vcvlY_bsld_mean,tenant_vcvlY_bsld_p50,tenant_vcvlY_bsld_p95,tenant_vcvlY_bsld_p99,prio_1_jobs,prio_1_wait_mean,prio_1_wait_p50,prio_1_wait_p95,prio_1_wait_p99,prio_1_jct_mean,prio_1_jct_p50,prio_1_jct_p95,prio_1_jct_p99,prio_1_bsld_mean,prio_1_bsld_p50,prio_1_bsld_p95,prio_1_bsld_p99
s13-helios-venus,drf+topology_aware+easy_predicted,1,0.927570205,0.0001199305823,0.0009475277069,0,0,0.9265027467,2318,1856,0,403.8884698,0,603,12053,9702.930496,351,34165,177739,4.091834313,1,1.635157546,16.80935252,4.045821382,14836.40023,836,868.5657895,5378,0.4610770159,0.01407444088,0.03821905945,1,0,0,0,0,0,0,0,0,0,0.07349725329,368.1391582,,,0,1247773,64,38,3393,135,0,0,0,0,1136.22963,687,1333,26153,1,1,1,1,573,0,0,0,0,1913.933682,150,4786,24939,1,1,1,1,127,527.8897638,0,794,8903,10086.85039,787,45003,96686,1.699231397,1,2.068640646,12.37037037,103,564.3203883,0,0,17924,8755.514563,202,31550,34115,2.351921397,1,1,11.51128609,26,0,0,0,0,7909.307692,329,87731,105103,1,1,1,1,104,83.81730769,0,269,383,10692.50962,588,8425,292915,1.071341031,1,1.381560284,1.635157546,17,0,0,0,0,273189.1765,7639,1092341,1092341,1,1,1,1,31,0,0,0,0,11077.58065,3309,80168,92183,1,1,1,1,190,90.92105263,0,0,4395,6946.331579,222,21052,177739,1.180368172,1,1,16.80935252,231,2387.809524,0,12644,34088,5728.532468,777,13634,159122,15.13214333,1,17.14814815,211.1428571,67,0,0,0,0,24869.43284,107,111939,573377,1,1,1,1,4,0,0,0,0,50.75,50,60,60,1,1,1,1,142,11.79577465,0,0,671,22217.55634,1073,107025,119910,1.00946983,1,1,1.568644068,41,0,0,0,0,168.0731707,21,363,3404,1,1,1,1,6,7533.166667,3,37188,37188,36189.83333,7857,136526,136526,368.1391582,1.018292683,2188.529412,2188.529412,59,0,0,0,0,9863.728814,157,100839,129763,1,1,1,1,1856,403.8884698,0,603,12053,9702.930496,351,34165,177739,4.091834313,1,1.635157546,16.80935252
s13-helios-venus,drf+topology_aware+easy_predicted,2,0.9266729024,0.0001341372661,0.001118805518,0,0,0.9254199596,2318,1856,0,458.9170259,0,712,12053,9757.959052,390,34165,177739,4.473234281,1,1.828854314,18.73232323,4.42722135,15544.27857,836,933.7858852,6200,0.4610770159,0.01407444088,0.03818394504,1,0,0,0,0,0,0,0,0,0,0.07458004038,368.1391582,,,0,1247773,74,48,3432,135,0,0,0,0,1136.22963,687,1333,26153,1,1,1,1,573,0,0,0,0,1913.933682,150,4786,24939,1,1,1,1,127,527.8897638,0,794,8903,10086.85039,787,45003,96686,1.699231397,1,2.068640646,12.37037037,103,564.3203883,0,0,17924,8755.514563,202,31550,34115,2.351921397,1,1,11.51128609,26,0,0,0,0,7909.307692,329,87731,105103,1,1,1,1,104,83.81730769,0,269,383,10692.50962,588,8425,292915,1.071341031,1,1.381560284,1.635157546,17,0,0,0,0,273189.1765,7639,1092341,1092341,1,1,1,1,31,0,0,0,0,11077.58065,3309,80168,92183,1,1,1,1,190,116.4894737,0,0,4846,6971.9,222,21052,177739,1.270193635,1,1,18.05128205,231,2808.91342,0,12644,34088,6149.636364,806,13634,159122,18.12266932,1,20.14634146,528.6666667,67,0,0,0,0,24869.43284,107,111939,573377,1,1,1,1,4,0,0,0,0,50.75,50,60,60,1,1,1,1,142,11.79577465,0,0,671,22217.55634,1073,107025,119910,1.00946983,1,1,1.568644068,41,0,0,0,0,168.0731707,21,363,3404,1,1,1,1,6,7533.166667,3,37188,37188,36189.83333,7857,136526,136526,368.1391582,1.018292683,2188.529412,2188.529412,59,0,0,0,0,9863.728814,157,100839,129763,1,1,1,1,1856,458.9170259,0,712,12053,9757.959052,390,34165,177739,4.473234281,1,1.828854314,18.73232323
s13-helios-venus,drf+topology_aware+easy_predicted,3,0.9268591041,0.0001199305823,0.0009475277069,0,0,0.9257916458,2318,1856,0,456.7359914,0,603,12053,9755.778017,355,34165,177739,4.343873459,1,1.635157546,16.98482933,4.297860528,15304.18488,836,981.9617225,8557,0.4610770159,0.01407444088,0.03821905945,1,0,0,0,0,0,0,0,0,0,0.07420835415,368.1391582,,,0,1247773,70,50,3417,135,0,0,0,0,1136.22963,687,1333,26153,1,1,1,1,573,0,0,0,0,1913.933682,150,4786,24939,1,1,1,1,127,527.8897638,0,794,8903,10086.85039,787,45003,96686,1.699231397,1,2.068640646,12.37037037,103,564.3203883,0,0,17924,8755.514563,202,31550,34115,2.351921397,1,1,11.51128609,26,0,0,0,0,7909.307692,329,87731,105103,1,1,1,1,104,83.81730769,0,269,383,10692.50962,588,8425,292915,1.071341031,1,1.381560284,1.635157546,17,0,0,0,0,273189.1765,7639,1092341,1092341,1,1,1,1,31,0,0,0,0,11077.58065,3309,80168,92183,1,1,1,1,190,90.92105263,0,0,4395,6946.331579,222,21052,177739,1.180368172,1,1,16.80935252,231,2812.419913,0,12644,34088,6153.142857,782,13634,159122,17.15718512,1,17.20477816,303.7142857,67,0,0,0,0,24869.43284,107,111939,573377,1,1,1,1,4,0,0,0,0,50.75,50,60,60,1,1,1,1,142,11.79577465,0,0,671,22217.55634,1073,107025,119910,1.00946983,1,1,1.568644068,41,0,0,0,0,168.0731707,21,363,3404,1,1,1,1,6,7533.166667,3,37188,37188,36189.83333,7857,136526,136526,368.1391582,1.018292683,2188.529412,2188.529412,59,0,0,0,0,9863.728814,157,100839,129763,1,1,1,1,1856,456.7359914,0,603,12053,9755.778017,355,34165,177739,4.343873459,1,1.635157546,16.98482933
s13-helios-venus,drf+topology_aware+easy_predicted,4,0.9276039796,0.0001169267649,0.0009428136387,0,0,0.9265442392,2318,1856,0,394.9256466,0,600,12053,9693.967672,355,34165,177739,4.077142627,1,1.594202899,16.80935252,4.031129696,14809.13246,836,847.7248804,4848,0.4610770159,0.01407444088,0.03821905945,1,0,0,0,0,0,0,0,0,0,0.07345576077,368.1391582,,,0,1247773,63,31,3389,135,0,0,0,0,1136.22963,687,1333,26153,1,1,1,1,573,0,0,0,0,1913.933682,150,4786,24939,1,1,1,1,127,527.8897638,0,794,8903,10086.85039,787,45003,96686,1.699231397,1,2.068640646,12.37037037,103,564.3203883,0,0,17924,8755.514563,202,31550,34115,2.351921397,1,1,11.51128609,26,0,0,0,0,7909.307692,329,87731,105103,1,1,1,1,104,83.81730769,0,269,383,10692.50962,588,8425,292915,1.071341031,1,1.381560284,1.635157546,17,0,0,0,0,273189.1765,7639,1092341,1092341,1,1,1,1,31,0,0,0,0,11077.58065,3309,80168,92183,1,1,1,1,190,90.92105263,0,0,4395,6946.331579,222,21052,177739,1.180368172,1,1,16.80935252,231,2315.796537,0,12644,34088,5656.519481,782,13634,159122,15.01410104,1,17.14814815,202,67,0,0,0,0,24869.43284,107,111939,573377,1,1,1,1,4,0,0,0,0,50.75,50,60,60,1,1,1,1,142,11.79577465,0,0,671,22217.55634,1073,107025,119910,1.00946983,1,1,1.568644068,41,0,0,0,0,168.0731707,21,363,3404,1,1,1,1,6,7533.166667,3,37188,37188,36189.83333,7857,136526,136526,368.1391582,1.018292683,2188.529412,2188.529412,59,0,0,0,0,9863.728814,157,100839,129763,1,1,1,1,1856,394.9256466,0,600,12053,9693.967672,355,34165,177739,4.077142627,1,1.594202899,16.80935252
s13-helios-venus,drf+topology_aware+easy_predicted,5,0.9277776733,0.0001169267649,0.0009428136387,0,0,0.9267179329,2318,1856,0,394.6384698,0,600,12053,9693.680496,355,34165,177739,4.015657974,1,1.594202899,16.80935252,3.969645043,14695.01694,836,848.5538278,4847,0.4610770159,0.01407444088,0.03821905945,1,0,0,0,0,0,0,0,0,0,0.0732820671,368.1391582,,,0,1247773,62,31,3390,135,0,0,0,0,1136.22963,687,1333,26153,1,1,1,1,573,0,0,0,0,1913.933682,150,4786,24939,1,1,1,1,127,527.8897638,0,794,8903,10086.85039,787,45003,96686,1.699231397,1,2.068640646,12.37037037,103,564.3203883,0,0,17924,8755.514563,202,31550,34115,2.351921397,1,1,11.51128609,26,0,0,0,0,7909.307692,329,87731,105103,1,1,1,1,104,83.81730769,0,269,383,10692.50962,588,8425,292915,1.071341031,1,1.381560284,1.635157546,17,0,0,0,0,273189.1765,7639,1092341,1092341,1,1,1,1,31,0,0,0,0,11077.58065,3309,80168,92183,1,1,1,1,190,90.92105263,0,0,4395,6946.331579,222,21052,177739,1.180368172,1,1,16.80935252,231,2313.489177,0,12644,34088,5654.212121,782,13634,159122,14.52009447,1,17.14814815,208.2857143,67,0,0,0,0,24869.43284,107,111939,573377,1,1,1,1,4,0,0,0,0,50.75,50,60,60,1,1,1,1,142,11.79577465,0,0,671,22217.55634,1073,107025,119910,1.00946983,1,1,1.568644068,41,0,0,0,0,168.0731707,21,363,3404,1,1,1,1,6,7533.166667,3,37188,37188,36189.83333,7857,136526,136526,368.1391582,1.018292683,2188.529412,2188.529412,59,0,0,0,0,9863.728814,157,100839,129763,1,1,1,1,1856,394.6384698,0,600,12053,9693.680496,355,34165,177739,4.015657974,1,1.594202899,16.80935252
s13-helios-venus,drf+topology_aware+easy_predicted,6,0.9276039796,0.0001169267649,0.0009428136387,0,0,0.9265442392,2318,1856,0,394.9256466,0,600,12053,9693.967672,355,34165,177739,4.077142627,1,1.594202899,16.80935252,4.031129696,14809.13246,836,847.7248804,4848,0.4610770159,0.01407444088,0.03821905945,1,0,0,0,0,0,0,0,0,0,0.07345576077,368.1391582,,,0,1247773,63,33,3389,135,0,0,0,0,1136.22963,687,1333,26153,1,1,1,1,573,0,0,0,0,1913.933682,150,4786,24939,1,1,1,1,127,527.8897638,0,794,8903,10086.85039,787,45003,96686,1.699231397,1,2.068640646,12.37037037,103,564.3203883,0,0,17924,8755.514563,202,31550,34115,2.351921397,1,1,11.51128609,26,0,0,0,0,7909.307692,329,87731,105103,1,1,1,1,104,83.81730769,0,269,383,10692.50962,588,8425,292915,1.071341031,1,1.381560284,1.635157546,17,0,0,0,0,273189.1765,7639,1092341,1092341,1,1,1,1,31,0,0,0,0,11077.58065,3309,80168,92183,1,1,1,1,190,90.92105263,0,0,4395,6946.331579,222,21052,177739,1.180368172,1,1,16.80935252,231,2315.796537,0,12644,34088,5656.519481,782,13634,159122,15.01410104,1,17.14814815,202,67,0,0,0,0,24869.43284,107,111939,573377,1,1,1,1,4,0,0,0,0,50.75,50,60,60,1,1,1,1,142,11.79577465,0,0,671,22217.55634,1073,107025,119910,1.00946983,1,1,1.568644068,41,0,0,0,0,168.0731707,21,363,3404,1,1,1,1,6,7533.166667,3,37188,37188,36189.83333,7857,136526,136526,368.1391582,1.018292683,2188.529412,2188.529412,59,0,0,0,0,9863.728814,157,100839,129763,1,1,1,1,1856,394.9256466,0,600,12053,9693.967672,355,34165,177739,4.077142627,1,1.594202899,16.80935252
s13-helios-venus,drf+topology_aware+easy_predicted,7,0.9275753794,0.0001176227164,0.0009443849948,0,0,0.9265133717,2318,1856,0,396.8631466,0,601,12053,9695.905172,357,34165,177739,4.085611672,1,1.60369164,16.98482933,4.039598741,14824.85101,836,846.222488,4848,0.4610770159,0.01407444088,0.03821920503,1,0,0,0,0,0,0,0,0,0,0.07348662826,368.1391582,,,0,1247773,62,32,3387,135,0,0,0,0,1136.22963,687,1333,26153,1,1,1,1,573,0,0,0,0,1913.933682,150,4786,24939,1,1,1,1,127,527.8897638,0,794,8903,10086.85039,787,45003,96686,1.699231397,1,2.068640646,12.37037037,103,564.3203883,0,0,17924,8755.514563,202,31550,34115,2.351921397,1,1,11.51128609,26,0,0,0,0,7909.307692,329,87731,105103,1,1,1,1,104,83.81730769,0,269,383,10692.50962,588,8425,292915,1.071341031,1,1.381560284,1.635157546,17,0,0,0,0,273189.1765,7639,1092341,1092341,1,1,1,1,31,0,0,0,0,11077.58065,3309,80168,92183,1,1,1,1,190,116.4894737,0,0,4846,6971.9,222,21052,177739,1.270193635,1,1,18.05128205,231,2310.333333,0,12644,34088,5651.056277,782,13634,159122,15.00826428,1,17.14814815,202,67,0,0,0,0,24869.43284,107,111939,573377,1,1,1,1,4,0,0,0,0,50.75,50,60,60,1,1,1,1,142,11.79577465,0,0,671,22217.55634,1073,107025,119910,1.00946983,1,1,1.568644068,41,0,0,0,0,168.0731707,21,363,3404,1,1,1,1,6,7533.166667,3,37188,37188,36189.83333,7857,136526,136526,368.1391582,1.018292683,2188.529412,2188.529412,59,0,0,0,0,9863.728814,157,100839,129763,1,1,1,1,1856,396.8631466,0,601,12053,9695.905172,357,34165,177739,4.085611672,1,1.60369164,16.98482933
s13-helios-venus,drf+topology_aware+easy_predicted,8,0.9278021526,0.0001169267649,0.0009428136387,0,0,0.9267424122,2318,1856,0,390.4692888,0,600,12053,9689.511315,355,34165,177739,4.006994863,1,1.594202899,16.80935252,3.960981932,14678.93821,836,839.6220096,4678,0.4610770159,0.01407444088,0.03821905945,1,0,0,0,0,0,0,0,0,0,0.07325758777,368.1391582,,,0,1247773,59,26,3404,135,0,0,0,0,1136.22963,687,1333,26153,1,1,1,1,573,0,0,0,0,1913.933682,150,4786,24939,1,1,1,1,127,527.8897638,0,794,8903,10086.85039,787,45003,96686,1.699231397,1,2.068640646,12.37037037,103,564.3203883,0,0,17924,8755.514563,202,31550,34115,2.351921397,1,1,11.51128609,26,0,0,0,0,7909.307692,329,87731,105103,1,1,1,1,104,83.81730769,0,269,383,10692.50962,588,8425,292915,1.071341031,1,1.381560284,1.635157546,17,0,0,0,0,273189.1765,7639,1092341,1092341,1,1,1,1,31,0,0,0,0,11077.58065,3309,80168,92183,1,1,1,1,190,90.92105263,0,0,4395,6946.331579,222,21052,177739,1.180368172,1,1,16.80935252,231,2279.991342,0,12644,34088,5620.714286,782,13634,159122,14.45048957,1,17.14814815,232.4761905,67,0,0,0,0,24869.43284,107,111939,573377,1,1,1,1,4,0,0,0,0,50.75,50,60,60,1,1,1,1,142,11.79577465,0,0,671,22217.55634,1073,107025,119910,1.00946983,1,1,1.568644068,41,0,0,0,0,168.0731707,21,363,3404,1,1,1,1,6,7533.166667,3,37188,37188,36189.83333,7857,136526,136526,368.1391582,1.018292683,2188.529412,2188.529412,59,0,0,0,0,9863.728814,157,100839,129763,1,1,1,1,1856,390.4692888,0,600,12053,9689.511315,355,34165,177739,4.006994863,1,1.594202899,16.80935252
s13-helios-venus,drf+topology_aware+easy_predicted,9,0.9271366708,0.0001337314661,0.001098377889,0,0,0.9259045614,2318,1856,0,452.3577586,0,699,12053,9751.399784,385,34165,177739,4.303819397,1,1.823321555,18.73232323,4.257806466,15229.84454,836,925.027512,6115,0.4610770159,0.01407444088,0.03818379946,1,0,0,0,0,0,0,0,0,0,0.07409543855,368.1391582,,,0,1247773,76,41,3408,135,0,0,0,0,1136.22963,687,1333,26153,1,1,1,1,573,0,0,0,0,1913.933682,150,4786,24939,1,1,1,1,127,527.8897638,0,794,8903,10086.85039,787,45003,96686,1.699231397,1,2.068640646,12.37037037,103,564.3203883,0,0,17924,8755.514563,202,31550,34115,2.351921397,1,1,11.51128609,26,0,0,0,0,7909.307692,329,87731,105103,1,1,1,1,104,83.81730769,0,269,383,10692.50962,588,8425,292915,1.071341031,1,1.381560284,1.635157546,17,0,0,0,0,273189.1765,7639,1092341,1092341,1,1,1,1,31,0,0,0,0,11077.58065,3309,80168,92183,1,1,1,1,190,90.92105263,0,0,4395,6946.331579,222,21052,177739,1.180368172,1,1,16.80935252,231,2777.242424,0,12644,34088,6117.965368,806,13634,159122,16.83536548,1,20.14634146,232.4761905,67,0,0,0,0,24869.43284,107,111939,573377,1,1,1,1,4,0,0,0,0,50.75,50,60,60,1,1,1,1,142,11.79577465,0,0,671,22217.55634,1073,107025,119910,1.00946983,1,1,1.568644068,41,0,0,0,0,168.0731707,21,363,3404,1,1,1,1,6,7533.166667,3,37188,37188,36189.83333,7857,136526,136526,368.1391582,1.018292683,2188.529412,2188.529412,59,0,0,0,0,9863.728814,157,100839,129763,1,1,1,1,1856,452.3577586,0,699,12053,9751.399784,385,34165,177739,4.303819397,1,1.823321555,18.73232323
s13-helios-venus,drf+topology_aware+easy_predicted,10,0.9276060314,0.0001169267649,0.0009428136387,0,0,0.926546291,2318,1856,0,394.2456897,0,600,12053,9693.287716,355,34165,177739,4.076416178,1,1.594202899,16.80935252,4.030403247,14807.78417,836,846.215311,4848,0.4610770159,0.01407444088,0.03821905945,1,0,0,0,0,0,0,0,0,0,0.07345370901,368.1391582,,,0,1247773,62,44,3387,135,0,0,0,0,1136.22963,687,1333,26153,1,1,1,1,573,0,0,0,0,1913.933682,150,4786,24939,1,1,1,1,127,527.8897638,0,794,8903,10086.85039,787,45003,96686,1.699231397,1,2.068640646,12.37037037,103,564.3203883,0,0,17924,8755.514563,202,31550,34115,2.351921397,1,1,11.51128609,26,0,0,0,0,7909.307692,329,87731,105103,1,1,1,1,104,83.81730769,0,269,383,10692.50962,588,8425,292915,1.071341031,1,1.381560284,1.635157546,17,0,0,0,0,273189.1765,7639,1092341,1092341,1,1,1,1,31,0,0,0,0,11077.58065,3309,80168,92183,1,1,1,1,190,90.92105263,0,0,4395,6946.331579,222,21052,177739,1.180368172,1,1,16.80935252,231,2310.333333,0,12644,34088,5651.056277,782,13634,159122,15.00826428,1,17.14814815,202,67,0,0,0,0,24869.43284,107,111939,573377,1,1,1,1,4,0,0,0,0,50.75,50,60,60,1,1,1,1,142,11.79577465,0,0,671,22217.55634,1073,107025,119910,1.00946983,1,1,1.568644068,41,0,0,0,0,168.0731707,21,363,3404,1,1,1,1,6,7533.166667,3,37188,37188,36189.83333,7857,136526,136526,368.1391582,1.018292683,2188.529412,2188.529412,59,0,0,0,0,9863.728814,157,100839,129763,1,1,1,1,1856,394.2456897,0,600,12053,9693.287716,355,34165,177739,4.076416178,1,1.594202899,16.80935252
s13-helios-venus,fifo+first_fit+easy,1,0.9276514606,0.0001199305823,0.0009475277069,0,0,0.9265840023,2318,1856,0,401.8318966,0,603,12053,9700.873922,351,34165,177739,4.06306477,1,1.635157546,16.80935252,4.017051839,14783.00396,836,864.8301435,5129,0.4610770159,0.01407444088,0.03755293101,1,0,0,0,0,0,0,0,0,0,0.07341599769,368.1391582,,,0,1247773,32,4,3406,135,0,0,0,0,1136.22963,687,1333,26153,1,1,1,1,573,0,0,0,0,1913.933682,150,4786,24939,1,1,1,1,127,527.8897638,0,794,8903,10086.85039,787,45003,96686,1.699231397,1,2.068640646,12.37037037,103,564.3203883,0,0,17924,8755.514563,202,31550,34115,2.351921397,1,1,11.51128609,26,0,0,0,0,7909.307692,329,87731,105103,1,1,1,1,104,83.81730769,0,269,383,10692.50962,588,8425,292915,1.071341031,1,1.381560284,1.635157546,17,0,0,0,0,273189.1765,7639,1092341,1092341,1,1,1,1,31,0,0,0,0,11077.58065,3309,80168,92183,1,1,1,1,190,90.92105263,0,0,4395,6946.331579,222,21052,177739,1.180368172,1,1,16.80935252,231,2371.285714,0,12644,34088,5712.008658,777,13634,159122,14.90099064,1,17.14814815,232.4761905,67,0,0,0,0,24869.43284,107,111939,573377,1,1,1,1,4,0,0,0,0,50.75,50,60,60,1,1,1,1,142,11.79577465,0,0,671,22217.55634,1073,107025,119910,1.00946983,1,1,1.568644068,41,0,0,0,0,168.0731707,21,363,3404,1,1,1,1,6,7533.166667,3,37188,37188,36189.83333,7857,136526,136526,368.1391582,1.018292683,2188.529412,2188.529412,59,0,0,0,0,9863.728814,157,100839,129763,1,1,1,1,1856,401.8318966,0,603,12053,9700.873922,351,34165,177739,4.06306477,1,1.635157546,16.80935252
s13-helios-venus,fifo+first_fit+easy,2,0.9264917936,0.0001341372661,0.001118805518,0,0,0.9252388508,2318,1856,0,509.3679957,0,712,12644,9808.410022,390,35224,177739,4.537555654,1,1.828854314,21.11881188,4.491542723,15663.65904,836,1036.238038,8557,0.4610770159,0.01407444088,0.0375178166,1,0,0,0,0,0,0,0,0,0,0.0747611492,368.1391582,,,0,1247773,52,31,3415,135,0,0,0,0,1136.22963,687,1333,26153,1,1,1,1,573,0,0,0,0,1913.933682,150,4786,24939,1,1,1,1,127,527.8897638,0,794,8903,10086.85039,787,45003,96686,1.699231397,1,2.068640646,12.37037037,103,564.3203883,0,0,17924,8755.514563,202,31550,34115,2.351921397,1,1,11.51128609,26,0,0,0,0,7909.307692,329,87731,105103,1,1,1,1,104,83.81730769,0,269,383,10692.50962,588,8425,292915,1.071341031,1,1.381560284,1.635157546,17,0,0,0,0,273189.1765,7639,1092341,1092341,1,1,1,1,31,0,0,0,0,11077.58065,3309,80168,92183,1,1,1,1,190,116.4894737,0,0,4846,6971.9,222,21052,177739,1.270193635,1,1,18.05128205,231,3214.268398,0,12644,34147,6554.991342,806,13635,159122,18.63946788,1,23.06666667,279.1904762,67,0,0,0,0,24869.43284,107,111939,573377,1,1,1,1,4,0,0,0,0,50.75,50,60,60,1,1,1,1,142,11.79577465,0,0,671,22217.55634,1073,107025,119910,1.00946983,1,1,1.568644068,41,0,0,0,0,168.0731707,21,363,3404,1,1,1,1,6,7533.166667,3,37188,37188,36189.83333,7857,136526,136526,368.1391582,1.018292683,2188.529412,2188.529412,59,0,0,0,0,9863.728814,157,100839,129763,1,1,1,1,1856,509.3679957,0,712,12644,9808.410022,390,35224,177739,4.537555654,1,1.828854314,21.11881188
s13-helios-venus,fifo+first_fit+easy,3,0.9268698744,0.0001199305823,0.0009475277069,0,0,0.9258024161,2318,1856,0,456.4364224,0,603,12053,9755.478448,355,34165,177739,4.340052435,1,1.635157546,16.98482933,4.294039504,15297.09306,836,981.2966507,8557,0.4610770159,0.01407444088,0.03755293101,1,0,0,0,0,0,0,0,0,0,0.07419758394,368.1391582,,,0,1247773,40,9,3416,135,0,0,0,0,1136.22963,687,1333,26153,1,1,1,1,573,0,0,0,0,1913.933682,150,4786,24939,1,1,1,1,127,527.8897638,0,794,8903,10086.85039,787,45003,96686,1.699231397,1,2.068640646,12.37037037,103,564.3203883,0,0,17924,8755.514563,202,31550,34115,2.351921397,1,1,11.51128609,26,0,0,0,0,7909.307692,329,87731,105103,1,1,1,1,104,83.81730769,0,269,383,10692.50962,588,8425,292915,1.071341031,1,1.381560284,1.635157546,17,0,0,0,0,273189.1765,7639,1092341,1092341,1,1,1,1,31,0,0,0,0,11077.58065,3309,80168,92183,1,1,1,1,190,90.92105263,0,0,4395,6946.331579,222,21052,177739,1.180368172,1,1,16.80935252,231,2810.012987,0,12644,34088,6150.735931,782,13634,159122,17.1264846,1,17.20477816,297.0952381,67,0,0,0,0,24869.43284,107,111939,573377,1,1,1,1,4,0,0,0,0,50.75,50,60,60,1,1,1,1,142,11.79577465,0,0,671,22217.55634,1073,107025,119910,1.00946983,1,1,1.568644068,41,0,0,0,0,168.0731707,21,363,3404,1,1,1,1,6,7533.166667,3,37188,37188,36189.83333,7857,136526,136526,368.1391582,1.018292683,2188.529412,2188.529412,59,0,0,0,0,9863.728814,157,100839,129763,1,1,1,1,1856,456.4364224,0,603,12053,9755.478448,355,34165,177739,4.340052435,1,1.635157546,16.98482933
s13-helios-venus,fifo+first_fit+easy,4,0.9276767097,0.0001169267649,0.0009428136387,0,0,0.9266169693,2318,1856,0,391.971444,0,600,12053,9691.01347,355,34165,177739,4.051394117,1,1.594202899,16.80935252,4.005381186,14761.34322,836,841.9964115,4847,0.4610770159,0.01407444088,0.03755293101,1,0,0,0,0,0,0,0,0,0,0.07338303073,368.1391582,,,0,1247773,30,5,3402,135,0,0,0,0,1136.22963,687,1333,26153,1,1,1,1,573,0,0,0,0,1913.933682,150,4786,24939,1,1,1,1,127,527.8897638,0,794,8903,10086.85039,787,45003,96686,1.699231397,1,2.068640646,12.37037037,103,564.3203883,0,0,17924,8755.514563,202,31550,34115,2.351921397,1,1,11.51128609,26,0,0,0,0,7909.307692,329,87731,105103,1,1,1,1,104,83.81730769,0,269,383,10692.50962,588,8425,292915,1.071341031,1,1.381560284,1.635157546,17,0,0,0,0,273189.1765,7639,1092341,1092341,1,1,1,1,31,0,0,0,0,11077.58065,3309,80168,92183,1,1,1,1,190,90.92105263,0,0,4395,6946.331579,222,21052,177739,1.180368172,1,1,16.80935252,231,2292.060606,0,12644,34088,5632.78355,782,13634,159122,14.80722123,1,17.14814815,232.4761905,67,0,0,0,0,24869.43284,107,111939,573377,1,1,1,1,4,0,0,0,0,50.75,50,60,60,1,1,1,1,142,11.79577465,0,0,671,22217.55634,1073,107025,119910,1.00946983,1,1,1.568644068,41,0,0,0,0,168.0731707,21,363,3404,1,1,1,1,6,7533.166667,3,37188,37188,36189.83333,7857,136526,136526,368.1391582,1.018292683,2188.529412,2188.529412,59,0,0,0,0,9863.728814,157,100839,129763,1,1,1,1,1856,391.971444,0,600,12053,9691.01347,355,34165,177739,4.051394117,1,1.594202899,16.80935252
s13-helios-venus,fifo+first_fit+easy,5,0.9277499919,0.0001169267649,0.0009428136387,0,0,0.9266902515,2318,1856,0,392.5592672,0,600,12053,9691.601293,355,34165,177739,4.025454935,1,1.594202899,16.80935252,3.979442004,14713.2001,836,843.937799,4696,0.4610770159,0.01407444088,0.03755293101,1,0,0,0,0,0,0,0,0,0,0.07330974854,368.1391582,,,0,1247773,30,3,3404,135,0,0,0,0,1136.22963,687,1333,26153,1,1,1,1,573,0,0,0,0,1913.933682,150,4786,24939,1,1,1,1,127,527.8897638,0,794,8903,10086.85039,787,45003,96686,1.699231397,1,2.068640646,12.37037037,103,564.3203883,0,0,17924,8755.514563,202,31550,34115,2.351921397,1,1,11.51128609,26,0,0,0,0,7909.307692,329,87731,105103,1,1,1,1,104,83.81730769,0,269,383,10692.50962,588,8425,292915,1.071341031,1,1.381560284,1.635157546,17,0,0,0,0,273189.1765,7639,1092341,1092341,1,1,1,1,31,0,0,0,0,11077.58065,3309,80168,92183,1,1,1,1,190,90.92105263,0,0,4395,6946.331579,222,21052,177739,1.180368172,1,1,16.80935252,231,2296.78355,0,12644,34088,5637.506494,782,13634,159122,14.59880945,1,17.14814815,232.4761905,67,0,0,0,0,24869.43284,107,111939,573377,1,1,1,1,4,0,0,0,0,50.75,50,60,60,1,1,1,1,142,11.79577465,0,0,671,22217.55634,1073,107025,119910,1.00946983,1,1,1.568644068,41,0,0,0,0,168.0731707,21,363,3404,1,1,1,1,6,7533.166667,3,37188,37188,36189.83333,7857,136526,136526,368.1391582,1.018292683,2188.529412,2188.529412,59,0,0,0,0,9863.728814,157,100839,129763,1,1,1,1,1856,392.5592672,0,600,12053,9691.601293,355,34165,177739,4.025454935,1,1.594202899,16.80935252
s13-helios-venus,fifo+first_fit+easy,6,0.9276793707,0.0001169267649,0.0009428136387,0,0,0.9266196303,2318,1856,0,390.9051724,0,600,12053,9689.947198,355,34165,177739,4.050452113,1,1.594202899,16.80935252,4.004439182,14759.59486,836,839.6291866,4684,0.4610770159,0.01407444088,0.03755293101,1,0,0,0,0,0,0,0,0,0,0.07338036967,368.1391582,,,0,1247773,30,4,3403,135,0,0,0,0,1136.22963,687,1333,26153,1,1,1,1,573,0,0,0,0,1913.933682,150,4786,24939,1,1,1,1,127,527.8897638,0,794,8903,10086.85039,787,45003,96686,1.699231397,1,2.068640646,12.37037037,103,564.3203883,0,0,17924,8755.514563,202,31550,34115,2.351921397,1,1,11.51128609,26,0,0,0,0,7909.307692,329,87731,105103,1,1,1,1,104,83.81730769,0,269,383,10692.50962,588,8425,292915,1.071341031,1,1.381560284,1.635157546,17,0,0,0,0,273189.1765,7639,1092341,1092341,1,1,1,1,31,0,0,0,0,11077.58065,3309,80168,92183,1,1,1,1,190,90.92105263,0,0,4395,6946.331579,222,21052,177739,1.180368172,1,1,16.80935252,231,2283.493506,0,12644,34088,5624.21645,782,13634,159122,14.79965258,1,17.14814815,232.4761905,67,0,0,0,0,24869.43284,107,111939,573377,1,1,1,1,4,0,0,0,0,50.75,50,60,60,1,1,1,1,142,11.79577465,0,0,671,22217.55634,1073,107025,119910,1.00946983,1,1,1.568644068,41,0,0,0,0,168.0731707,21,363,3404,1,1,1,1,6,7533.166667,3,37188,37188,36189.83333,7857,136526,136526,368.1391582,1.018292683,2188.529412,2188.529412,59,0,0,0,0,9863.728814,157,100839,129763,1,1,1,1,1856,390.9051724,0,600,12053,9689.947198,355,34165,177739,4.050452113,1,1.594202899,16.80935252
s13-helios-venus,fifo+first_fit+easy,7,0.9275753794,0.0001176227164,0.0009443849948,0,0,0.9265133717,2318,1856,0,396.8631466,0,601,12053,9695.905172,357,34165,177739,4.085611672,1,1.60369164,16.98482933,4.039598741,14824.85101,836,846.222488,4848,0.4610770159,0.01407444088,0.03755307659,1,0,0,0,0,0,0,0,0,0,0.07348662826,368.1391582,,,0,1247773,32,9,3387,135,0,0,0,0,1136.22963,687,1333,26153,1,1,1,1,573,0,0,0,0,1913.933682,150,4786,24939,1,1,1,1,127,527.8897638,0,794,8903,10086.85039,787,45003,96686,1.699231397,1,2.068640646,12.37037037,103,564.3203883,0,0,17924,8755.514563,202,31550,34115,2.351921397,1,1,11.51128609,26,0,0,0,0,7909.307692,329,87731,105103,1,1,1,1,104,83.81730769,0,269,383,10692.50962,588,8425,292915,1.071341031,1,1.381560284,1.635157546,17,0,0,0,0,273189.1765,7639,1092341,1092341,1,1,1,1,31,0,0,0,0,11077.58065,3309,80168,92183,1,1,1,1,190,116.4894737,0,0,4846,6971.9,222,21052,177739,1.270193635,1,1,18.05128205,231,2310.333333,0,12644,34088,5651.056277,782,13634,159122,15.00826428,1,17.14814815,202,67,0,0,0,0,24869.43284,107,111939,573377,1,1,1,1,4,0,0,0,0,50.75,50,60,60,1,1,1,1,142,11.79577465,0,0,671,22217.55634,1073,107025,119910,1.00946983,1,1,1.568644068,41,0,0,0,0,168.0731707,21,363,3404,1,1,1,1,6,7533.166667,3,37188,37188,36189.83333,7857,136526,136526,368.1391582,1.018292683,2188.529412,2188.529412,59,0,0,0,0,9863.728814,157,100839,129763,1,1,1,1,1856,396.8631466,0,601,12053,9695.905172,357,34165,177739,4.085611672,1,1.60369164,16.98482933
s13-helios-venus,fifo+first_fit+easy,8,0.9278021526,0.0001169267649,0.0009428136387,0,0,0.9267424122,2318,1856,0,390.4692888,0,600,12053,9689.511315,355,34165,177739,4.006994863,1,1.594202899,16.80935252,3.960981932,14678.93821,836,839.6220096,4678,0.4610770159,0.01407444088,0.03755293101,1,0,0,0,0,0,0,0,0,0,0.07325758777,368.1391582,,,0,1247773,29,2,3404,135,0,0,0,0,1136.22963,687,1333,26153,1,1,1,1,573,0,0,0,0,1913.933682,150,4786,24939,1,1,1,1,127,527.8897638,0,794,8903,10086.85039,787,45003,96686,1.699231397,1,2.068640646,12.37037037,103,564.3203883,0,0,17924,8755.514563,202,31550,34115,2.351921397,1,1,11.51128609,26,0,0,0,0,7909.307692,329,87731,105103,1,1,1,1,104,83.81730769,0,269,383,10692.50962,588,8425,292915,1.071341031,1,1.381560284,1.635157546,17,0,0,0,0,273189.1765,7639,1092341,1092341,1,1,1,1,31,0,0,0,0,11077.58065,3309,80168,92183,1,1,1,1,190,90.92105263,0,0,4395,6946.331579,222,21052,177739,1.180368172,1,1,16.80935252,231,2279.991342,0,12644,34088,5620.714286,782,13634,159122,14.45048957,1,17.14814815,232.4761905,67,0,0,0,0,24869.43284,107,111939,573377,1,1,1,1,4,0,0,0,0,50.75,50,60,60,1,1,1,1,142,11.79577465,0,0,671,22217.55634,1073,107025,119910,1.00946983,1,1,1.568644068,41,0,0,0,0,168.0731707,21,363,3404,1,1,1,1,6,7533.166667,3,37188,37188,36189.83333,7857,136526,136526,368.1391582,1.018292683,2188.529412,2188.529412,59,0,0,0,0,9863.728814,157,100839,129763,1,1,1,1,1856,390.4692888,0,600,12053,9689.511315,355,34165,177739,4.006994863,1,1.594202899,16.80935252
s13-helios-venus,fifo+first_fit+easy,9,0.926542229,0.0001337314661,0.001098377889,0,0,0.9253101196,2318,1856,0,573.4827586,0,699,12644,9872.524784,385,39285,177739,4.514829763,1,1.823321555,37.85128205,4.468816832,15596.23128,836,1154.686603,7896,0.4610770159,0.01407444088,0.03751767102,1,0,0,0,0,0,0,0,0,0,0.07468988036,368.1391582,,,0,1247773,53,8,3416,135,0,0,0,0,1136.22963,687,1333,26153,1,1,1,1,573,0,0,0,0,1913.933682,150,4786,24939,1,1,1,1,127,527.8897638,0,794,8903,10086.85039,787,45003,96686,1.699231397,1,2.068640646,12.37037037,103,564.3203883,0,0,17924,8755.514563,202,31550,34115,2.351921397,1,1,11.51128609,26,0,0,0,0,7909.307692,329,87731,105103,1,1,1,1,104,83.81730769,0,269,383,10692.50962,588,8425,292915,1.071341031,1,1.381560284,1.635157546,17,0,0,0,0,273189.1765,7639,1092341,1092341,1,1,1,1,31,0,0,0,0,11077.58065,3309,80168,92183,1,1,1,1,190,90.92105263,0,0,4395,6946.331579,222,21052,177739,1.180368172,1,1,16.80935252,231,3750.437229,0,12645,39884,7091.160173,806,34165,159122,18.53075612,1,41,270.4285714,67,0,0,0,0,24869.43284,107,111939,573377,1,1,1,1,4,0,0,0,0,50.75,50,60,60,1,1,1,1,142,11.79577465,0,0,671,22217.55634,1073,107025,119910,1.00946983,1,1,1.568644068,41,0,0,0,0,168.0731707,21,363,3404,1,1,1,1,6,7533.166667,3,37188,37188,36189.83333,7857,136526,136526,368.1391582,1.018292683,2188.529412,2188.529412,59,0,0,0,0,9863.728814,157,100839,129763,1,1,1,1,1856,573.4827586,0,699,12644,9872.524784,385,39285,177739,4.514829763,1,1.823321555,37.85128205
s13-helios-venus,fifo+first_fit+easy,10,0.9276721365,0.0001169267649,0.0009428136387,0,0,0.9266123961,2318,1856,0,392.6918103,0,600,12053,9691.733836,355,34165,177739,4.053012997,1,1.594202899,16.80935252,4.007000066,14739.09936,836,843.5956938,4847,0.4610770159,0.01407444088,0.03755293101,1,0,0,0,0,0,0,0,0,0,0.07338760387,368.1391582,,,0,1247773,30,2,3403,135,0,0,0,0,1136.22963,687,1333,26153,1,1,1,1,573,0,0,0,0,1913.933682,150,4786,24939,1,1,1,1,127,527.8897638,0,794,8903,10086.85039,787,45003,96686,1.699231397,1,2.068640646,12.37037037,103,564.3203883,0,0,17924,8755.514563,202,31550,34115,2.351921397,1,1,11.51128609,26,0,0,0,0,7909.307692,329,87731,105103,1,1,1,1,104,83.81730769,0,269,383,10692.50962,588,8425,292915,1.071341031,1,1.381560284,1.635157546,17,0,0,0,0,273189.1765,7639,1092341,1092341,1,1,1,1,31,0,0,0,0,11077.58065,3309,80168,92183,1,1,1,1,190,90.92105263,0,0,4395,6946.331579,222,21052,177739,1.180368172,1,1,16.80935252,231,2297.848485,0,12644,34088,5638.571429,782,13634,159122,14.82022834,1,17.14814815,232.4761905,67,0,0,0,0,24869.43284,107,111939,573377,1,1,1,1,4,0,0,0,0,50.75,50,60,60,1,1,1,1,142,11.79577465,0,0,671,22217.55634,1073,107025,119910,1.00946983,1,1,1.568644068,41,0,0,0,0,168.0731707,21,363,3404,1,1,1,1,6,7533.166667,3,37188,37188,36189.83333,7857,136526,136526,368.1391582,1.018292683,2188.529412,2188.529412,59,0,0,0,0,9863.728814,157,100839,129763,1,1,1,1,1856,392.6918103,0,600,12053,9691.733836,355,34165,177739,4.053012997,1,1.594202899,16.80935252
s13-helios-venus,fifo+first_fit+none,1,0.8294696878,0.1797038071,0.1268650032,0,0,0.5229008775,2318,1856,0,31599.39978,37412,80736,82869,40898.44181,41195,85349,197497,413.0831045,56.15092025,2450.117647,5985.5,413.0660787,1052340.747,836,34794.79665,77640,0.3700209086,0.08514602807,0.03227763948,1,0,0,0,0,0,0,0,0,0,0.4770991225,57.08135832,,,0,1290039,0,0,3835,135,38712.96296,41539,80736,83017,39849.19259,42273,82485,86260,493.9229081,69.1316568,3835.9,3840.2,573,30818.37871,19348,82146,83074,32732.31239,24454,82326,83537,289.004799,76.49032258,1432.333333,3235.76,127,39933.97638,43580,72706,76248,49492.93701,60171,77126,130578,68.33362684,77.12151899,120.3858785,362.7368421,103,27334.65049,41027,64153,75938,35525.84466,41872,73000,88598,400.1719741,36.79844961,2418.333333,5313.333333,26,50349.38462,45016,73205,73234,58258.69231,46346,132926,150160,873.424975,123.6869301,7295.7,7323.5,104,34478.19231,35594,81923,83319,45086.88462,37483,84087,373902,592.0526109,71.54800431,4094.875,4366.666667,17,25341.17647,37412,59053,59053,298530.3529,43890,1129753,1129753,56.43339777,1.090141664,367.0982143,367.0982143,31,29952.45161,45540,66939,73115,41030.03226,47215,146905,165298,285.4893637,2.697310156,1311.527778,3966.5,190,19967.90526,4807,79447,81207,26823.31579,9846,81117,256632,626.6828604,2.042254437,5997.7,8095.4,231,30463.74892,34250,75749,82526,33804.47186,35864,81668,169779,141.1148657,55.74165637,241.6512821,2647.705882,67,26636.16418,41122,60008,82299,51505.59701,41339,179250,633040,491.7466878,46.41077441,1862.391304,5012,4,59986.5,59976,60044,60044,60037.25,60023,60094,60094,1246.188681,1017.542373,1765.382353,1765.382353,142,42219.56338,44012,81315,81617,64425.32394,47501,155786,185858,615.0664641,41.09895338,2972.933333,6459.5,41,51305.17073,43317,72917,73105,51473.2439,43324,73126,73305,2630.275655,3158.315789,5985.5,7291.8,6,22867.5,6806,65394,65394,51524.16667,14510,201920,201920,486.0451918,1.847466259,2188.529412,2188.529412,59,8993,0,46731,46736,18856.72881,165,145071,147570,46.07941599,1,140.6172414,1402.2,1856,31599.39978,37412,80736,82869,40898.44181,41195,85349,197497,413.0831045,56.15092025,2450.117647,5985.5
s13-helios-venus,fifo+first_fit+none,2,0.8294696878,0.1797038071,0.1268650032,0,0,0.5229008775,2318,1856,0,31599.39978,37412,80736,82869,40898.44181,41195,85349,197497,413.0831045,56.15092025,2450.117647,5985.5,413.0660787,1052340.747,836,34794.79665,77640,0.3700209086,0.08514602807,0.03227763948,1,0,0,0,0,0,0,0,0,0,0.4770991225,57.08135832,,,0,1290039,0,0,3835,135,38712.96296,41539,80736,83017,39849.19259,42273,82485,86260,493.9229081,69.1316568,3835.9,3840.2,573,30818.37871,19348,82146,83074,32732.31239,24454,82326,83537,289.004799,76.49032258,1432.333333,3235.76,127,39933.97638,43580,72706,76248,49492.93701,60171,77126,130578,68.33362684,77.12151899,120.3858785,362.7368421,103,27334.65049,41027,64153,75938,35525.84466,41872,73000,88598,400.1719741,36.79844961,2418.333333,5313.333333,26,50349.38462,45016,73205,73234,58258.69231,46346,132926,150160,873.424975,123.6869301,7295.7,7323.5,104,34478.19231,35594,81923,83319,45086.88462,37483,84087,373902,592.0526109,71.54800431,4094.875,4366.666667,17,25341.17647,37412,59053,59053,298530.3529,43890,1129753,1129753,56.43339777,1.090141664,367.0982143,367.0982143,31,29952.45161,45540,66939,73115,41030.03226,47215,146905,165298,285.4893637,2.697310156,1311.527778,3966.5,190,19967.90526,4807,79447,81207,26823.31579,9846,81117,256632,626.6828604,2.042254437,5997.7,8095.4,231,30463.74892,34250,75749,82526,33804.47186,35864,81668,169779,141.1148657,55.74165637,241.6512821,2647.705882,67,26636.16418,41122,60008,82299,51505.59701,41339,179250,633040,491.7466878,46.41077441,1862.391304,5012,4,59986.5,59976,60044,60044,60037.25,60023,60094,60094,1246.188681,1017.542373,1765.382353,1765.382353,142,42219.56338,44012,81315,81617,64425.32394,47501,155786,185858,615.0664641,41.09895338,2972.933333,6459.5,41,51305.17073,43317,72917,73105,51473.2439,43324,73126,73305,2630.275655,3158.315789,5985.5,7291.8,6,22867.5,6806,65394,65394,51524.16667,14510,201920,201920,486.0451918,1.847466259,2188.529412,2188.529412,59,8993,0,46731,46736,18856.72881,165,145071,147570,46.07941599,1,140.6172414,1402.2,1856,31599.39978,37412,80736,82869,40898.44181,41195,85349,197497,413.0831045,56.15092025,2450.117647,5985.5
s13-helios-venus,fifo+first_fit+none,3,0.8294696878,0.1797038071,0.1268650032,0,0,0.5229008775,2318,1856,0,31599.39978,37412,80736,82869,40898.44181,41195,85349,197497,413.0831045,56.15092025,2450.117647,5985.5,413.0660787,1052340.747,836,34794.79665,77640,0.3700209086,0.08514602807,0.03227763948,1,0,0,0,0,0,0,0,0,0,0.4770991225,57.08135832,,,0,1290039,0,0,3835,135,38712.96296,41539,80736,83017,39849.19259,42273,82485,86260,493.9229081,69.1316568,3835.9,3840.2,573,30818.37871,19348,82146,83074,32732.31239,24454,82326,83537,289.004799,76.49032258,1432.333333,3235.76,127,39933.97638,43580,72706,76248,49492.93701,60171,77126,130578,68.33362684,77.12151899,120.3858785,362.7368421,103,27334.65049,41027,64153,75938,35525.84466,41872,73000,88598,400.1719741,36.79844961,2418.333333,5313.333333,26,50349.38462,45016,73205,73234,58258.69231,46346,132926,150160,873.424975,123.6869301,7295.7,7323.5,104,34478.19231,35594,81923,83319,45086.88462,37483,84087,373902,592.0526109,71.54800431,4094.875,4366.666667,17,25341.17647,37412,59053,59053,298530.3529,43890,1129753,1129753,56.43339777,1.090141664,367.0982143,367.0982143,31,29952.45161,45540,66939,73115,41030.03226,47215,146905,165298,285.4893637,2.697310156,1311.527778,3966.5,190,19967.90526,4807,79447,81207,26823.31579,9846,81117,256632,626.6828604,2.042254437,5997.7,8095.4,231,30463.74892,34250,75749,82526,33804.47186,35864,81668,169779,141.1148657,55.74165637,241.6512821,2647.705882,67,26636.16418,41122,60008,82299,51505.59701,41339,179250,633040,491.7466878,46.41077441,1862.391304,5012,4,59986.5,59976,60044,60044,60037.25,60023,60094,60094,1246.188681,1017.542373,1765.382353,1765.382353,142,42219.56338,44012,81315,81617,64425.32394,47501,155786,185858,615.0664641,41.09895338,2972.933333,6459.5,41,51305.17073,43317,72917,73105,51473.2439,43324,73126,73305,2630.275655,3158.315789,5985.5,7291.8,6,22867.5,6806,65394,65394,51524.16667,14510,201920,201920,486.0451918,1.847466259,2188.529412,2188.529412,59,8993,0,46731,46736,18856.72881,165,145071,147570,46.07941599,1,140.6172414,1402.2,1856,31599.39978,37412,80736,82869,40898.44181,41195,85349,197497,413.0831045,56.15092025,2450.117647,5985.5
s13-helios-venus,fifo+first_fit+none,4,0.8294696878,0.1797038071,0.1268650032,0,0,0.5229008775,2318,1856,0,31599.39978,37412,80736,82869,40898.44181,41195,85349,197497,413.0831045,56.15092025,2450.117647,5985.5,413.0660787,1052340.747,836,34794.79665,77640,0.3700209086,0.08514602807,0.03227763948,1,0,0,0,0,0,0,0,0,0,0.4770991225,57.08135832,,,0,1290039,0,0,3835,135,38712.96296,41539,80736,83017,39849.19259,42273,82485,86260,493.9229081,69.1316568,3835.9,3840.2,573,30818.37871,19348,82146,83074,32732.31239,24454,82326,83537,289.004799,76.49032258,1432.333333,3235.76,127,39933.97638,43580,72706,76248,49492.93701,60171,77126,130578,68.33362684,77.12151899,120.3858785,362.7368421,103,27334.65049,41027,64153,75938,35525.84466,41872,73000,88598,400.1719741,36.79844961,2418.333333,5313.333333,26,50349.38462,45016,73205,73234,58258.69231,46346,132926,150160,873.424975,123.6869301,7295.7,7323.5,104,34478.19231,35594,81923,83319,45086.88462,37483,84087,373902,592.0526109,71.54800431,4094.875,4366.666667,17,25341.17647,37412,59053,59053,298530.3529,43890,1129753,1129753,56.43339777,1.090141664,367.0982143,367.0982143,31,29952.45161,45540,66939,73115,41030.03226,47215,146905,165298,285.4893637,2.697310156,1311.527778,3966.5,190,19967.90526,4807,79447,81207,26823.31579,9846,81117,256632,626.6828604,2.042254437,5997.7,8095.4,231,30463.74892,34250,75749,82526,33804.47186,35864,81668,169779,141.1148657,55.74165637,241.6512821,2647.705882,67,26636.16418,41122,60008,82299,51505.59701,41339,179250,633040,491.7466878,46.41077441,1862.391304,5012,4,59986.5,59976,60044,60044,60037.25,60023,60094,60094,1246.188681,1017.542373,1765.382353,1765.382353,142,42219.56338,44012,81315,81617,64425.32394,47501,155786,185858,615.0664641,41.09895338,2972.933333,6459.5,41,51305.17073,43317,72917,73105,51473.2439,43324,73126,73305,2630.275655,3158.315789,5985.5,7291.8,6,22867.5,6806,65394,65394,51524.16667,14510,201920,201920,486.0451918,1.847466259,2188.529412,2188.529412,59,8993,0,46731,46736,18856.72881,165,145071,147570,46.07941599,1,140.6172414,1402.2,1856,31599.39978,37412,80736,82869,40898.44181,41195,85349,197497,413.0831045,56.15092025,2450.117647,5985.5
s13-helios-venus,fifo+first_fit+none,5,0.8294696878,0.1797038071,0.1268650032,0,0,0.5229008775,2318,1856,0,31599.39978,37412,80736,82869,40898.44181,41195,85349,197497,413.0831045,56.15092025,2450.117647,5985.5,413.0660787,1052340.747,836,34794.79665,77640,0.3700209086,0.08514602807,0.03227763948,1,0,0,0,0,0,0,0,0,0,0.4770991225,57.08135832,,,0,1290039,0,0,3835,135,38712.96296,41539,80736,83017,39849.19259,42273,82485,86260,493.9229081,69.1316568,3835.9,3840.2,573,30818.37871,19348,82146,83074,32732.31239,24454,82326,83537,289.004799,76.49032258,1432.333333,3235.76,127,39933.97638,43580,72706,76248,49492.93701,60171,77126,130578,68.33362684,77.12151899,120.3858785,362.7368421,103,27334.65049,41027,64153,75938,35525.84466,41872,73000,88598,400.1719741,36.79844961,2418.333333,5313.333333,26,50349.38462,45016,73205,73234,58258.69231,46346,132926,150160,873.424975,123.6869301,7295.7,7323.5,104,34478.19231,35594,81923,83319,45086.88462,37483,84087,373902,592.0526109,71.54800431,4094.875,4366.666667,17,25341.17647,37412,59053,59053,298530.3529,43890,1129753,1129753,56.43339777,1.090141664,367.0982143,367.0982143,31,29952.45161,45540,66939,73115,41030.03226,47215,146905,165298,285.4893637,2.697310156,1311.527778,3966.5,190,19967.90526,4807,79447,81207,26823.31579,9846,81117,256632,626.6828604,2.042254437,5997.7,8095.4,231,30463.74892,34250,75749,82526,33804.47186,35864,81668,169779,141.1148657,55.74165637,241.6512821,2647.705882,67,26636.16418,41122,60008,82299,51505.59701,41339,179250,633040,491.7466878,46.41077441,1862.391304,5012,4,59986.5,59976,60044,60044,60037.25,60023,60094,60094,1246.188681,1017.542373,1765.382353,1765.382353,142,42219.56338,44012,81315,81617,64425.32394,47501,155786,185858,615.0664641,41.09895338,2972.933333,6459.5,41,51305.17073,43317,72917,73105,51473.2439,43324,73126,73305,2630.275655,3158.315789,5985.5,7291.8,6,22867.5,6806,65394,65394,51524.16667,14510,201920,201920,486.0451918,1.847466259,2188.529412,2188.529412,59,8993,0,46731,46736,18856.72881,165,145071,147570,46.07941599,1,140.6172414,1402.2,1856,31599.39978,37412,80736,82869,40898.44181,41195,85349,197497,413.0831045,56.15092025,2450.117647,5985.5
s13-helios-venus,fifo+first_fit+none,6,0.8294696878,0.1797038071,0.1268650032,0,0,0.5229008775,2318,1856,0,31599.39978,37412,80736,82869,40898.44181,41195,85349,197497,413.0831045,56.15092025,2450.117647,5985.5,413.0660787,1052340.747,836,34794.79665,77640,0.3700209086,0.08514602807,0.03227763948,1,0,0,0,0,0,0,0,0,0,0.4770991225,57.08135832,,,0,1290039,0,0,3835,135,38712.96296,41539,80736,83017,39849.19259,42273,82485,86260,493.9229081,69.1316568,3835.9,3840.2,573,30818.37871,19348,82146,83074,32732.31239,24454,82326,83537,289.004799,76.49032258,1432.333333,3235.76,127,39933.97638,43580,72706,76248,49492.93701,60171,77126,130578,68.33362684,77.12151899,120.3858785,362.7368421,103,27334.65049,41027,64153,75938,35525.84466,41872,73000,88598,400.1719741,36.79844961,2418.333333,5313.333333,26,50349.38462,45016,73205,73234,58258.69231,46346,132926,150160,873.424975,123.6869301,7295.7,7323.5,104,34478.19231,35594,81923,83319,45086.88462,37483,84087,373902,592.0526109,71.54800431,4094.875,4366.666667,17,25341.17647,37412,59053,59053,298530.3529,43890,1129753,1129753,56.43339777,1.090141664,367.0982143,367.0982143,31,29952.45161,45540,66939,73115,41030.03226,47215,146905,165298,285.4893637,2.697310156,1311.527778,3966.5,190,19967.90526,4807,79447,81207,26823.31579,9846,81117,256632,626.6828604,2.042254437,5997.7,8095.4,231,30463.74892,34250,75749,82526,33804.47186,35864,81668,169779,141.1148657,55.74165637,241.6512821,2647.705882,67,26636.16418,41122,60008,82299,51505.59701,41339,179250,633040,491.7466878,46.41077441,1862.391304,5012,4,59986.5,59976,60044,60044,60037.25,60023,60094,60094,1246.188681,1017.542373,1765.382353,1765.382353,142,42219.56338,44012,81315,81617,64425.32394,47501,155786,185858,615.0664641,41.09895338,2972.933333,6459.5,41,51305.17073,43317,72917,73105,51473.2439,43324,73126,73305,2630.275655,3158.315789,5985.5,7291.8,6,22867.5,6806,65394,65394,51524.16667,14510,201920,201920,486.0451918,1.847466259,2188.529412,2188.529412,59,8993,0,46731,46736,18856.72881,165,145071,147570,46.07941599,1,140.6172414,1402.2,1856,31599.39978,37412,80736,82869,40898.44181,41195,85349,197497,413.0831045,56.15092025,2450.117647,5985.5
s13-helios-venus,fifo+first_fit+none,7,0.8294696878,0.1797038071,0.1268650032,0,0,0.5229008775,2318,1856,0,31599.39978,37412,80736,82869,40898.44181,41195,85349,197497,413.0831045,56.15092025,2450.117647,5985.5,413.0660787,1052340.747,836,34794.79665,77640,0.3700209086,0.08514602807,0.03227763948,1,0,0,0,0,0,0,0,0,0,0.4770991225,57.08135832,,,0,1290039,0,0,3835,135,38712.96296,41539,80736,83017,39849.19259,42273,82485,86260,493.9229081,69.1316568,3835.9,3840.2,573,30818.37871,19348,82146,83074,32732.31239,24454,82326,83537,289.004799,76.49032258,1432.333333,3235.76,127,39933.97638,43580,72706,76248,49492.93701,60171,77126,130578,68.33362684,77.12151899,120.3858785,362.7368421,103,27334.65049,41027,64153,75938,35525.84466,41872,73000,88598,400.1719741,36.79844961,2418.333333,5313.333333,26,50349.38462,45016,73205,73234,58258.69231,46346,132926,150160,873.424975,123.6869301,7295.7,7323.5,104,34478.19231,35594,81923,83319,45086.88462,37483,84087,373902,592.0526109,71.54800431,4094.875,4366.666667,17,25341.17647,37412,59053,59053,298530.3529,43890,1129753,1129753,56.43339777,1.090141664,367.0982143,367.0982143,31,29952.45161,45540,66939,73115,41030.03226,47215,146905,165298,285.4893637,2.697310156,1311.527778,3966.5,190,19967.90526,4807,79447,81207,26823.31579,9846,81117,256632,626.6828604,2.042254437,5997.7,8095.4,231,30463.74892,34250,75749,82526,33804.47186,35864,81668,169779,141.1148657,55.74165637,241.6512821,2647.705882,67,26636.16418,41122,60008,82299,51505.59701,41339,179250,633040,491.7466878,46.41077441,1862.391304,5012,4,59986.5,59976,60044,60044,60037.25,60023,60094,60094,1246.188681,1017.542373,1765.382353,1765.382353,142,42219.56338,44012,81315,81617,64425.32394,47501,155786,185858,615.0664641,41.09895338,2972.933333,6459.5,41,51305.17073,43317,72917,73105,51473.2439,43324,73126,73305,2630.275655,3158.315789,5985.5,7291.8,6,22867.5,6806,65394,65394,51524.16667,14510,201920,201920,486.0451918,1.847466259,2188.529412,2188.529412,59,8993,0,46731,46736,18856.72881,165,145071,147570,46.07941599,1,140.6172414,1402.2,1856,31599.39978,37412,80736,82869,40898.44181,41195,85349,197497,413.0831045,56.15092025,2450.117647,5985.5
s13-helios-venus,fifo+first_fit+none,8,0.8294696878,0.1797038071,0.1268650032,0,0,0.5229008775,2318,1856,0,31599.39978,37412,80736,82869,40898.44181,41195,85349,197497,413.0831045,56.15092025,2450.117647,5985.5,413.0660787,1052340.747,836,34794.79665,77640,0.3700209086,0.08514602807,0.03227763948,1,0,0,0,0,0,0,0,0,0,0.4770991225,57.08135832,,,0,1290039,0,0,3835,135,38712.96296,41539,80736,83017,39849.19259,42273,82485,86260,493.9229081,69.1316568,3835.9,3840.2,573,30818.37871,19348,82146,83074,32732.31239,24454,82326,83537,289.004799,76.49032258,1432.333333,3235.76,127,39933.97638,43580,72706,76248,49492.93701,60171,77126,130578,68.33362684,77.12151899,120.3858785,362.7368421,103,27334.65049,41027,64153,75938,35525.84466,41872,73000,88598,400.1719741,36.79844961,2418.333333,5313.333333,26,50349.38462,45016,73205,73234,58258.69231,46346,132926,150160,873.424975,123.6869301,7295.7,7323.5,104,34478.19231,35594,81923,83319,45086.88462,37483,84087,373902,592.0526109,71.54800431,4094.875,4366.666667,17,25341.17647,37412,59053,59053,298530.3529,43890,1129753,1129753,56.43339777,1.090141664,367.0982143,367.0982143,31,29952.45161,45540,66939,73115,41030.03226,47215,146905,165298,285.4893637,2.697310156,1311.527778,3966.5,190,19967.90526,4807,79447,81207,26823.31579,9846,81117,256632,626.6828604,2.042254437,5997.7,8095.4,231,30463.74892,34250,75749,82526,33804.47186,35864,81668,169779,141.1148657,55.74165637,241.6512821,2647.705882,67,26636.16418,41122,60008,82299,51505.59701,41339,179250,633040,491.7466878,46.41077441,1862.391304,5012,4,59986.5,59976,60044,60044,60037.25,60023,60094,60094,1246.188681,1017.542373,1765.382353,1765.382353,142,42219.56338,44012,81315,81617,64425.32394,47501,155786,185858,615.0664641,41.09895338,2972.933333,6459.5,41,51305.17073,43317,72917,73105,51473.2439,43324,73126,73305,2630.275655,3158.315789,5985.5,7291.8,6,22867.5,6806,65394,65394,51524.16667,14510,201920,201920,486.0451918,1.847466259,2188.529412,2188.529412,59,8993,0,46731,46736,18856.72881,165,145071,147570,46.07941599,1,140.6172414,1402.2,1856,31599.39978,37412,80736,82869,40898.44181,41195,85349,197497,413.0831045,56.15092025,2450.117647,5985.5
s13-helios-venus,fifo+first_fit+none,9,0.8294696878,0.1797038071,0.1268650032,0,0,0.5229008775,2318,1856,0,31599.39978,37412,80736,82869,40898.44181,41195,85349,197497,413.0831045,56.15092025,2450.117647,5985.5,413.0660787,1052340.747,836,34794.79665,77640,0.3700209086,0.08514602807,0.03227763948,1,0,0,0,0,0,0,0,0,0,0.4770991225,57.08135832,,,0,1290039,0,0,3835,135,38712.96296,41539,80736,83017,39849.19259,42273,82485,86260,493.9229081,69.1316568,3835.9,3840.2,573,30818.37871,19348,82146,83074,32732.31239,24454,82326,83537,289.004799,76.49032258,1432.333333,3235.76,127,39933.97638,43580,72706,76248,49492.93701,60171,77126,130578,68.33362684,77.12151899,120.3858785,362.7368421,103,27334.65049,41027,64153,75938,35525.84466,41872,73000,88598,400.1719741,36.79844961,2418.333333,5313.333333,26,50349.38462,45016,73205,73234,58258.69231,46346,132926,150160,873.424975,123.6869301,7295.7,7323.5,104,34478.19231,35594,81923,83319,45086.88462,37483,84087,373902,592.0526109,71.54800431,4094.875,4366.666667,17,25341.17647,37412,59053,59053,298530.3529,43890,1129753,1129753,56.43339777,1.090141664,367.0982143,367.0982143,31,29952.45161,45540,66939,73115,41030.03226,47215,146905,165298,285.4893637,2.697310156,1311.527778,3966.5,190,19967.90526,4807,79447,81207,26823.31579,9846,81117,256632,626.6828604,2.042254437,5997.7,8095.4,231,30463.74892,34250,75749,82526,33804.47186,35864,81668,169779,141.1148657,55.74165637,241.6512821,2647.705882,67,26636.16418,41122,60008,82299,51505.59701,41339,179250,633040,491.7466878,46.41077441,1862.391304,5012,4,59986.5,59976,60044,60044,60037.25,60023,60094,60094,1246.188681,1017.542373,1765.382353,1765.382353,142,42219.56338,44012,81315,81617,64425.32394,47501,155786,185858,615.0664641,41.09895338,2972.933333,6459.5,41,51305.17073,43317,72917,73105,51473.2439,43324,73126,73305,2630.275655,3158.315789,5985.5,7291.8,6,22867.5,6806,65394,65394,51524.16667,14510,201920,201920,486.0451918,1.847466259,2188.529412,2188.529412,59,8993,0,46731,46736,18856.72881,165,145071,147570,46.07941599,1,140.6172414,1402.2,1856,31599.39978,37412,80736,82869,40898.44181,41195,85349,197497,413.0831045,56.15092025,2450.117647,5985.5
s13-helios-venus,fifo+first_fit+none,10,0.8294696878,0.1797038071,0.1268650032,0,0,0.5229008775,2318,1856,0,31599.39978,37412,80736,82869,40898.44181,41195,85349,197497,413.0831045,56.15092025,2450.117647,5985.5,413.0660787,1052340.747,836,34794.79665,77640,0.3700209086,0.08514602807,0.03227763948,1,0,0,0,0,0,0,0,0,0,0.4770991225,57.08135832,,,0,1290039,0,0,3835,135,38712.96296,41539,80736,83017,39849.19259,42273,82485,86260,493.9229081,69.1316568,3835.9,3840.2,573,30818.37871,19348,82146,83074,32732.31239,24454,82326,83537,289.004799,76.49032258,1432.333333,3235.76,127,39933.97638,43580,72706,76248,49492.93701,60171,77126,130578,68.33362684,77.12151899,120.3858785,362.7368421,103,27334.65049,41027,64153,75938,35525.84466,41872,73000,88598,400.1719741,36.79844961,2418.333333,5313.333333,26,50349.38462,45016,73205,73234,58258.69231,46346,132926,150160,873.424975,123.6869301,7295.7,7323.5,104,34478.19231,35594,81923,83319,45086.88462,37483,84087,373902,592.0526109,71.54800431,4094.875,4366.666667,17,25341.17647,37412,59053,59053,298530.3529,43890,1129753,1129753,56.43339777,1.090141664,367.0982143,367.0982143,31,29952.45161,45540,66939,73115,41030.03226,47215,146905,165298,285.4893637,2.697310156,1311.527778,3966.5,190,19967.90526,4807,79447,81207,26823.31579,9846,81117,256632,626.6828604,2.042254437,5997.7,8095.4,231,30463.74892,34250,75749,82526,33804.47186,35864,81668,169779,141.1148657,55.74165637,241.6512821,2647.705882,67,26636.16418,41122,60008,82299,51505.59701,41339,179250,633040,491.7466878,46.41077441,1862.391304,5012,4,59986.5,59976,60044,60044,60037.25,60023,60094,60094,1246.188681,1017.542373,1765.382353,1765.382353,142,42219.56338,44012,81315,81617,64425.32394,47501,155786,185858,615.0664641,41.09895338,2972.933333,6459.5,41,51305.17073,43317,72917,73105,51473.2439,43324,73126,73305,2630.275655,3158.315789,5985.5,7291.8,6,22867.5,6806,65394,65394,51524.16667,14510,201920,201920,486.0451918,1.847466259,2188.529412,2188.529412,59,8993,0,46731,46736,18856.72881,165,145071,147570,46.07941599,1,140.6172414,1402.2,1856,31599.39978,37412,80736,82869,40898.44181,41195,85349,197497,413.0831045,56.15092025,2450.117647,5985.5
s13-helios-venus,fifo+topology_aware+easy_predicted,1,0.9275716075,0.0001199305823,0.0009475277069,0,0,0.9265041492,2318,1856,0,403.7155172,0,603,12053,9702.757543,351,34165,177739,4.091337681,1,1.635157546,16.80935252,4.04532475,14835.47848,836,868.1818182,5379,0.4610770159,0.01407444088,0.03821905945,1,0,0,0,0,0,0,0,0,0,0.07349585077,368.1391582,,,0,1247773,34,12,3393,135,0,0,0,0,1136.22963,687,1333,26153,1,1,1,1,573,0,0,0,0,1913.933682,150,4786,24939,1,1,1,1,127,527.8897638,0,794,8903,10086.85039,787,45003,96686,1.699231397,1,2.068640646,12.37037037,103,564.3203883,0,0,17924,8755.514563,202,31550,34115,2.351921397,1,1,11.51128609,26,0,0,0,0,7909.307692,329,87731,105103,1,1,1,1,104,83.81730769,0,269,383,10692.50962,588,8425,292915,1.071341031,1,1.381560284,1.635157546,17,0,0,0,0,273189.1765,7639,1092341,1092341,1,1,1,1,31,0,0,0,0,11077.58065,3309,80168,92183,1,1,1,1,190,90.92105263,0,0,4395,6946.331579,222,21052,177739,1.180368172,1,1,16.80935252,231,2386.419913,0,12644,34088,5727.142857,777,13634,159122,15.12815308,1,17.14814815,211.1428571,67,0,0,0,0,24869.43284,107,111939,573377,1,1,1,1,4,0,0,0,0,50.75,50,60,60,1,1,1,1,142,11.79577465,0,0,671,22217.55634,1073,107025,119910,1.00946983,1,1,1.568644068,41,0,0,0,0,168.0731707,21,363,3404,1,1,1,1,6,7533.166667,3,37188,37188,36189.83333,7857,136526,136526,368.1391582,1.018292683,2188.529412,2188.529412,59,0,0,0,0,9863.728814,157,100839,129763,1,1,1,1,1856,403.7155172,0,603,12053,9702.757543,351,34165,177739,4.091337681,1,1.635157546,16.80935252
s13-helios-venus,fifo+topology_aware+easy_predicted,2,0.9269603159,0.0001341372661,0.001118805518,0,0,0.9257073731,2318,1856,0,477.3356681,0,712,12644,9776.377694,390,35224,177739,4.371229116,1,1.828854314,21.11881188,4.325216185,15354.95698,836,967.3600478,6639,0.4610770159,0.01407444088,0.03818394504,1,0,0,0,0,0,0,0,0,0,0.07429262686,368.1391582,,,0,1247773,48,34,3407,135,0,0,0,0,1136.22963,687,1333,26153,1,1,1,1,573,0,0,0,0,1913.933682,150,4786,24939,1,1,1,1,127,527.8897638,0,794,8903,10086.85039,787,45003,96686,1.699231397,1,2.068640646,12.37037037,103,564.3203883,0,0,17924,8755.514563,202,31550,34115,2.351921397,1,1,11.51128609,26,0,0,0,0,7909.307692,329,87731,105103,1,1,1,1,104,83.81730769,0,269,383,10692.50962,588,8425,292915,1.071341031,1,1.381560284,1.635157546,17,0,0,0,0,273189.1765,7639,1092341,1092341,1,1,1,1,31,0,0,0,0,11077.58065,3309,80168,92183,1,1,1,1,190,116.4894737,0,0,4846,6971.9,222,21052,177739,1.270193635,1,1,18.05128205,231,2956.900433,0,12644,34147,6297.623377,806,13635,159122,17.30309535,1,23.06666667,232.4761905,67,0,0,0,0,24869.43284,107,111939,573377,1,1,1,1,4,0,0,0,0,50.75,50,60,60,1,1,1,1,142,11.79577465,0,0,671,22217.55634,1073,107025,119910,1.00946983,1,1,1.568644068,41,0,0,0,0,168.0731707,21,363,3404,1,1,1,1,6,7533.166667,3,37188,37188,36189.83333,7857,136526,136526,368.1391582,1.018292683,2188.529412,2188.529412,59,0,0,0,0,9863.728814,157,100839,129763,1,1,1,1,1856,477.3356681,0,712,12644,9776.377694,390,35224,177739,4.371229116,1,1.828854314,21.11881188
s13-helios-venus,fifo+topology_aware+easy_predicted,3,0.9268635207,0.0001199305823,0.0009475277069,0,0,0.9257960624,2318,1856,0,456.6131466,0,603,12053,9755.655172,355,34165,177739,4.342306564,1,1.635157546,16.98482933,4.296293633,15301.27673,836,981.6889952,8557,0.4610770159,0.01407444088,0.03821905945,1,0,0,0,0,0,0,0,0,0,0.07420393763,368.1391582,,,0,1247773,39,18,3415,135,0,0,0,0,1136.22963,687,1333,26153,1,1,1,1,573,0,0,0,0,1913.933682,150,4786,24939,1,1,1,1,127,527.8897638,0,794,8903,10086.85039,787,45003,96686,1.699231397,1,2.068640646,12.37037037,103,564.3203883,0,0,17924,8755.514563,202,31550,34115,2.351921397,1,1,11.51128609,26,0,0,0,0,7909.307692,329,87731,105103,1,1,1,1,104,83.81730769,0,269,383,10692.50962,588,8425,292915,1.071341031,1,1.381560284,1.635157546,17,0,0,0,0,273189.1765,7639,1092341,1092341,1,1,1,1,31,0,0,0,0,11077.58065,3309,80168,92183,1,1,1,1,190,90.92105263,0,0,4395,6946.331579,222,21052,177739,1.180368172,1,1,16.80935252,231,2811.4329,0,12644,34088,6152.155844,782,13634,159122,17.1445957,1,17.20477816,301,67,0,0,0,0,24869.43284,107,111939,573377,1,1,1,1,4,0,0,0,0,50.75,50,60,60,1,1,1,1,142,11.79577465,0,0,671,22217.55634,1073,107025,119910,1.00946983,1,1,1.568644068,41,0,0,0,0,168.0731707,21,363,3404,1,1,1,1,6,7533.166667,3,37188,37188,36189.83333,7857,136526,136526,368.1391582,1.018292683,2188.529412,2188.529412,59,0,0,0,0,9863.728814,157,100839,129763,1,1,1,1,1856,456.6131466,0,603,12053,9755.655172,355,34165,177739,4.342306564,1,1.635157546,16.98482933
s13-helios-venus,fifo+topology_aware+easy_predicted,4,0.9276767097,0.0001169267649,0.0009428136387,0,0,0.9266169693,2318,1856,0,391.971444,0,600,12053,9691.01347,355,34165,177739,4.051394117,1,1.594202899,16.80935252,4.005381186,14761.34322,836,841.9964115,4847,0.4610770159,0.01407444088,0.03821905945,1,0,0,0,0,0,0,0,0,0,0.07338303073,368.1391582,,,0,1247773,30,13,3402,135,0,0,0,0,1136.22963,687,1333,26153,1,1,1,1,573,0,0,0,0,1913.933682,150,4786,24939,1,1,1,1,127,527.8897638,0,794,8903,10086.85039,787,45003,96686,1.699231397,1,2.068640646,12.37037037,103,564.3203883,0,0,17924,8755.514563,202,31550,34115,2.351921397,1,1,11.51128609,26,0,0,0,0,7909.307692,329,87731,105103,1,1,1,1,104,83.81730769,0,269,383,10692.50962,588,8425,292915,1.071341031,1,1.381560284,1.635157546,17,0,0,0,0,273189.1765,7639,1092341,1092341,1,1,1,1,31,0,0,0,0,11077.58065,3309,80168,92183,1,1,1,1,190,90.92105263,0,0,4395,6946.331579,222,21052,177739,1.180368172,1,1,16.80935252,231,2292.060606,0,12644,34088,5632.78355,782,13634,159122,14.80722123,1,17.14814815,232.4761905,67,0,0,0,0,24869.43284,107,111939,573377,1,1,1,1,4,0,0,0,0,50.75,50,60,60,1,1,1,1,142,11.79577465,0,0,671,22217.55634,1073,107025,119910,1.00946983,1,1,1.568644068,41,0,0,0,0,168.0731707,21,363,3404,1,1,1,1,6,7533.166667,3,37188,37188,36189.83333,7857,136526,136526,368.1391582,1.018292683,2188.529412,2188.529412,59,0,0,0,0,9863.728814,157,100839,129763,1,1,1,1,1856,391.971444,0,600,12053,9691.01347,355,34165,177739,4.051394117,1,1.594202899,16.80935252
s13-helios-venus,fifo+topology_aware+easy_predicted,5,0.9277776733,0.0001169267649,0.0009428136387,0,0,0.9267179329,2318,1856,0,394.6384698,0,600,12053,9693.680496,355,34165,177739,4.015657974,1,1.594202899,16.80935252,3.969645043,14695.01694,836,848.5538278,4847,0.4610770159,0.01407444088,0.03821905945,1,0,0,0,0,0,0,0,0,0,0.0732820671,368.1391582,,,0,1247773,32,13,3390,135,0,0,0,0,1136.22963,687,1333,26153,1,1,1,1,573,0,0,0,0,1913.933682,150,4786,24939,1,1,1,1,127,527.8897638,0,794,8903,10086.85039,787,45003,96686,1.699231397,1,2.068640646,12.37037037,103,564.3203883,0,0,17924,8755.514563,202,31550,34115,2.351921397,1,1,11.51128609,26,0,0,0,0,7909.307692,329,87731,105103,1,1,1,1,104,83.81730769,0,269,383,10692.50962,588,8425,292915,1.071341031,1,1.381560284,1.635157546,17,0,0,0,0,273189.1765,7639,1092341,1092341,1,1,1,1,31,0,0,0,0,11077.58065,3309,80168,92183,1,1,1,1,190,90.92105263,0,0,4395,6946.331579,222,21052,177739,1.180368172,1,1,16.80935252,231,2313.489177,0,12644,34088,5654.212121,782,13634,159122,14.52009447,1,17.14814815,208.2857143,67,0,0,0,0,24869.43284,107,111939,573377,1,1,1,1,4,0,0,0,0,50.75,50,60,60,1,1,1,1,142,11.79577465,0,0,671,22217.55634,1073,107025,119910,1.00946983,1,1,1.568644068,41,0,0,0,0,168.0731707,21,363,3404,1,1,1,1,6,7533.166667,3,37188,37188,36189.83333,7857,136526,136526,368.1391582,1.018292683,2188.529412,2188.529412,59,0,0,0,0,9863.728814,157,100839,129763,1,1,1,1,1856,394.6384698,0,600,12053,9693.680496,355,34165,177739,4.015657974,1,1.594202899,16.80935252
s13-helios-venus,fifo+topology_aware+easy_predicted,6,0.9276793707,0.0001169267649,0.0009428136387,0,0,0.9266196303,2318,1856,0,390.9051724,0,600,12053,9689.947198,355,34165,177739,4.050452113,1,1.594202899,16.80935252,4.004439182,14759.59486,836,839.6291866,4684,0.4610770159,0.01407444088,0.03821905945,1,0,0,0,0,0,0,0,0,0,0.07338036967,368.1391582,,,0,1247773,30,10,3403,135,0,0,0,0,1136.22963,687,1333,26153,1,1,1,1,573,0,0,0,0,1913.933682,150,4786,24939,1,1,1,1,127,527.8897638,0,794,8903,10086.85039,787,45003,96686,1.699231397,1,2.068640646,12.37037037,103,564.3203883,0,0,17924,8755.514563,202,31550,34115,2.351921397,1,1,11.51128609,26,0,0,0,0,7909.307692,329,87731,105103,1,1,1,1,104,83.81730769,0,269,383,10692.50962,588,8425,292915,1.071341031,1,1.381560284,1.635157546,17,0,0,0,0,273189.1765,7639,1092341,1092341,1,1,1,1,31,0,0,0,0,11077.58065,3309,80168,92183,1,1,1,1,190,90.92105263,0,0,4395,6946.331579,222,21052,177739,1.180368172,1,1,16.80935252,231,2283.493506,0,12644,34088,5624.21645,782,13634,159122,14.79965258,1,17.14814815,232.4761905,67,0,0,0,0,24869.43284,107,111939,573377,1,1,1,1,4,0,0,0,0,50.75,50,60,60,1,1,1,1,142,11.79577465,0,0,671,22217.55634,1073,107025,119910,1.00946983,1,1,1.568644068,41,0,0,0,0,168.0731707,21,363,3404,1,1,1,1,6,7533.166667,3,37188,37188,36189.83333,7857,136526,136526,368.1391582,1.018292683,2188.529412,2188.529412,59,0,0,0,0,9863.728814,157,100839,129763,1,1,1,1,1856,390.9051724,0,600,12053,9689.947198,355,34165,177739,4.050452113,1,1.594202899,16.80935252
s13-helios-venus,fifo+topology_aware+easy_predicted,7,0.927645752,0.0001176227164,0.0009443849948,0,0,0.9265837443,2318,1856,0,393.4121767,0,601,12053,9692.454203,357,34165,177739,4.06070314,1,1.60369164,16.98482933,4.014690209,14778.62077,836,839.3576555,4861,0.4610770159,0.01407444088,0.03821920503,1,0,0,0,0,0,0,0,0,0,0.07341625571,368.1391582,,,0,1247773,30,15,3402,135,0,0,0,0,1136.22963,687,1333,26153,1,1,1,1,573,0,0,0,0,1913.933682,150,4786,24939,1,1,1,1,127,527.8897638,0,794,8903,10086.85039,787,45003,96686,1.699231397,1,2.068640646,12.37037037,103,564.3203883,0,0,17924,8755.514563,202,31550,34115,2.351921397,1,1,11.51128609,26,0,0,0,0,7909.307692,329,87731,105103,1,1,1,1,104,83.81730769,0,269,383,10692.50962,588,8425,292915,1.071341031,1,1.381560284,1.635157546,17,0,0,0,0,273189.1765,7639,1092341,1092341,1,1,1,1,31,0,0,0,0,11077.58065,3309,80168,92183,1,1,1,1,190,116.4894737,0,0,4846,6971.9,222,21052,177739,1.270193635,1,1,18.05128205,231,2282.606061,0,12644,34088,5623.329004,782,13634,159122,14.80813339,1,17.14814815,232.4761905,67,0,0,0,0,24869.43284,107,111939,573377,1,1,1,1,4,0,0,0,0,50.75,50,60,60,1,1,1,1,142,11.79577465,0,0,671,22217.55634,1073,107025,119910,1.00946983,1,1,1.568644068,41,0,0,0,0,168.0731707,21,363,3404,1,1,1,1,6,7533.166667,3,37188,37188,36189.83333,7857,136526,136526,368.1391582,1.018292683,2188.529412,2188.529412,59,0,0,0,0,9863.728814,157,100839,129763,1,1,1,1,1856,393.4121767,0,601,12053,9692.454203,357,34165,177739,4.06070314,1,1.60369164,16.98482933
s13-helios-venus,fifo+topology_aware+easy_predicted,8,0.9278069636,0.0001169267649,0.0009428136387,0,0,0.9267472232,2318,1856,0,390.487069,0,600,12053,9689.529095,355,34165,177739,4.005292352,1,1.594202899,16.80935252,3.959279421,14675.77835,836,839.6614833,4678,0.4610770159,0.01407444088,0.03821905945,1,0,0,0,0,0,0,0,0,0,0.07325277681,368.1391582,,,0,1247773,29,8,3404,135,0,0,0,0,1136.22963,687,1333,26153,1,1,1,1,573,0,0,0,0,1913.933682,150,4786,24939,1,1,1,1,127,527.8897638,0,794,8903,10086.85039,787,45003,96686,1.699231397,1,2.068640646,12.37037037,103,564.3203883,0,0,17924,8755.514563,202,31550,34115,2.351921397,1,1,11.51128609,26,0,0,0,0,7909.307692,329,87731,105103,1,1,1,1,104,83.81730769,0,269,383,10692.50962,588,8425,292915,1.071341031,1,1.381560284,1.635157546,17,0,0,0,0,273189.1765,7639,1092341,1092341,1,1,1,1,31,0,0,0,0,11077.58065,3309,80168,92183,1,1,1,1,190,90.92105263,0,0,4395,6946.331579,222,21052,177739,1.180368172,1,1,16.80935252,231,2280.134199,0,12644,34088,5620.857143,782,13634,159122,14.43681052,1,17.14814815,229.4285714,67,0,0,0,0,24869.43284,107,111939,573377,1,1,1,1,4,0,0,0,0,50.75,50,60,60,1,1,1,1,142,11.79577465,0,0,671,22217.55634,1073,107025,119910,1.00946983,1,1,1.568644068,41,0,0,0,0,168.0731707,21,363,3404,1,1,1,1,6,7533.166667,3,37188,37188,36189.83333,7857,136526,136526,368.1391582,1.018292683,2188.529412,2188.529412,59,0,0,0,0,9863.728814,157,100839,129763,1,1,1,1,1856,390.487069,0,600,12053,9689.529095,355,34165,177739,4.005292352,1,1.594202899,16.80935252
s13-helios-venus,fifo+topology_aware+easy_predicted,9,0.9261979375,0.0001337314661,0.001098377889,0,0,0.9249658281,2318,1856,0,574.7095905,0,699,12644,9873.751616,385,39285,177739,4.637215221,1,1.823321555,37.85128205,4.59120229,15848.62719,836,1154.654306,7789,0.4610770159,0.01407444088,0.03818379946,1,0,0,0,0,0,0,0,0,0,0.07503417185,368.1391582,,,0,1247773,55,24,3416,135,0,0,0,0,1136.22963,687,1333,26153,1,1,1,1,573,0,0,0,0,1913.933682,150,4786,24939,1,1,1,1,127,527.8897638,0,794,8903,10086.85039,787,45003,96686,1.699231397,1,2.068640646,12.37037037,103,564.3203883,0,0,17924,8755.514563,202,31550,34115,2.351921397,1,1,11.51128609,26,0,0,0,0,7909.307692,329,87731,105103,1,1,1,1,104,83.81730769,0,269,383,10692.50962,588,8425,292915,1.071341031,1,1.381560284,1.635157546,17,0,0,0,0,273189.1765,7639,1092341,1092341,1,1,1,1,31,0,0,0,0,11077.58065,3309,80168,92183,1,1,1,1,190,90.92105263,0,0,4395,6946.331579,222,21052,177739,1.180368172,1,1,16.80935252,231,3760.294372,0,12645,39884,7101.017316,806,34165,159122,19.51407824,1,41,264.9047619,67,0,0,0,0,24869.43284,107,111939,573377,1,1,1,1,4,0,0,0,0,50.75,50,60,60,1,1,1,1,142,11.79577465,0,0,671,22217.55634,1073,107025,119910,1.00946983,1,1,1.568644068,41,0,0,0,0,168.0731707,21,363,3404,1,1,1,1,6,7533.166667,3,37188,37188,36189.83333,7857,136526,136526,368.1391582,1.018292683,2188.529412,2188.529412,59,0,0,0,0,9863.728814,157,100839,129763,1,1,1,1,1856,574.7095905,0,699,12644,9873.751616,385,39285,177739,4.637215221,1,1.823321555,37.85128205
s13-helios-venus,fifo+topology_aware+easy_predicted,10,0.9276721365,0.0001169267649,0.0009428136387,0,0,0.9266123961,2318,1856,0,392.6918103,0,600,12053,9691.733836,355,34165,177739,4.053012997,1,1.594202899,16.80935252,4.007000066,14764.34787,836,843.5956938,4847,0.4610770159,0.01407444088,0.03821905945,1,0,0,0,0,0,0,0,0,0,0.07338760387,368.1391582,,,0,1247773,30,9,3403,135,0,0,0,0,1136.22963,687,1333,26153,1,1,1,1,573,0,0,0,0,1913.933682,150,4786,24939,1,1,1,1,127,527.8897638,0,794,8903,10086.85039,787,45003,96686,1.699231397,1,2.068640646,12.37037037,103,564.3203883,0,0,17924,8755.514563,202,31550,34115,2.351921397,1,1,11.51128609,26,0,0,0,0,7909.307692,329,87731,105103,1,1,1,1,104,83.81730769,0,269,383,10692.50962,588,8425,292915,1.071341031,1,1.381560284,1.635157546,17,0,0,0,0,273189.1765,7639,1092341,1092341,1,1,1,1,31,0,0,0,0,11077.58065,3309,80168,92183,1,1,1,1,190,90.92105263,0,0,4395,6946.331579,222,21052,177739,1.180368172,1,1,16.80935252,231,2297.848485,0,12644,34088,5638.571429,782,13634,159122,14.82022834,1,17.14814815,232.4761905,67,0,0,0,0,24869.43284,107,111939,573377,1,1,1,1,4,0,0,0,0,50.75,50,60,60,1,1,1,1,142,11.79577465,0,0,671,22217.55634,1073,107025,119910,1.00946983,1,1,1.568644068,41,0,0,0,0,168.0731707,21,363,3404,1,1,1,1,6,7533.166667,3,37188,37188,36189.83333,7857,136526,136526,368.1391582,1.018292683,2188.529412,2188.529412,59,0,0,0,0,9863.728814,157,100839,129763,1,1,1,1,1856,392.6918103,0,600,12053,9691.733836,355,34165,177739,4.053012997,1,1.594202899,16.80935252
s13-helios-venus,shortest_estimate+topology_aware+easy,1,0.9285992611,9.729230408e-05,0.0003975530843,0,0,0.9281044157,2318,1856,0,315.3421336,0,253,9185,9614.384159,351,34165,177739,3.529192252,1,1.326502732,11.4137931,3.483179321,13737.15421,836,690.7117225,2791,0.4606836539,0.01407444088,0.03819348815,1,0,0,0,0,0,0,0,0,0,0.07189558428,368.1391582,,,0,1247773,80,19,3392,135,0,0,0,0,1136.22963,687,1333,26153,1,1,1,1,573,0,0,0,0,1913.933682,150,4786,24939,1,1,1,1,127,542.4409449,0,1081,8199,10101.40157,774,45003,96686,1.719754941,1,2.424143556,11.4137931,103,464.0291262,0,0,12053,8655.223301,202,31550,34115,2.291077986,1,1,5.088713911,26,0,0,0,0,7909.307692,329,87731,105103,1,1,1,1,104,85.93269231,0,269,605,10694.625,588,8425,292915,1.080372329,1,1.381560284,2.579634465,17,0,0,0,0,273189.1765,7639,1092341,1092341,1,1,1,1,31,0,0,0,0,11077.58065,3309,80168,92183,1,1,1,1,190,79.80526316,0,0,3433,6935.215789,222,21752,177739,1.144875402,1,1,10.21223022,231,1721.281385,0,10796,39192,5062.004329,761,12771,161540,10.65249496,1,11.99389002,22.63189569,67,0,0,0,0,24869.43284,107,111939,573377,1,1,1,1,4,0,0,0,0,50.75,50,60,60,1,1,1,1,142,11.79577465,0,0,665,22217.55634,1073,107025,119910,1.009468856,1,1,1.563559322,41,0,0,0,0,168.0731707,21,363,3404,1,1,1,1,6,7533.166667,3,37188,37188,36189.83333,7857,136526,136526,368.1391582,1.018292683,2188.529412,2188.529412,59,0,0,0,0,9863.728814,157,100839,129763,1,1,1,1,1856,315.3421336,0,253,9185,9614.384159,351,34165,177739,3.529192252,1,1.326502732,11.4137931
s13-helios-venus,shortest_estimate+topology_aware+easy,2,0.9283233065,0.0001013304986,0.000512262077,0,0,0.9277097139,2318,1856,0,315.5043103,0,326,8724,9614.546336,355,34165,177739,3.670783359,1,1.381560284,10.98676171,3.624770428,11950.84156,836,688.9222488,3144,0.4606806312,0.01407444088,0.03820372376,1,0,0,0,0,0,0,0,0,0,0.07229028612,368.1391582,,,0,1247773,90,38,3397,135,0,0,0,0,1136.22963,687,1333,26153,1,1,1,1,573,0,0,0,0,1913.933682,150,4786,24939,1,1,1,1,127,524.9448819,0,768,8903,10083.90551,787,45003,96686,1.694099239,1,2.108069164,12.37037037,103,464.0291262,0,0,12259,8655.223301,202,31550,34115,2.291137391,1,1,5.088713911,26,0,0,0,0,7909.307692,329,87731,105103,1,1,1,1,104,83.81730769,0,269,383,10692.50962,588,8425,292915,1.071341031,1,1.381560284,1.635157546,17,0,0,0,0,273189.1765,7639,1092341,1092341,1,1,1,1,31,0,0,0,0,11077.58065,3309,80168,92183,1,1,1,1,190,77.24736842,0,0,3433,6932.657895,222,23308,177739,1.142268582,1,1,10.21223022,231,1735.25974,0,9256,39132,5075.982684,762,14968,161540,11.81041557,1,11.4729892,39.19047619,67,0,0,0,0,24869.43284,107,111939,573377,1,1,1,1,4,0,0,0,0,50.75,50,60,60,1,1,1,1,142,11.79577465,0,0,671,22217.55634,1073,107025,119910,1.00946983,1,1,1.568644068,41,0,0,0,0,168.0731707,21,363,3404,1,1,1,1,6,7533.166667,3,37188,37188,36189.83333,7857,136526,136526,368.1391582,1.018292683,2188.529412,2188.529412,59,0,0,0,0,9863.728814,157,100839,129763,1,1,1,1,1856,315.5043103,0,326,8724,9614.546336,355,34165,177739,3.670783359,1,1.381560284,10.98676171
s13-helios-venus,shortest_estimate+topology_aware+easy,3,0.9277029641,0.0001013702507,0.0004431224102,0,0,0.9271584714,2318,1856,0,318.2521552,0,282,8876,9617.294181,355,35150,177739,3.863575385,1,1.382102273,11.85336049,3.817562454,12300.15272,836,689.708134,2158,0.4606952073,0.01407444088,0.0381958613,1,0,0,0,0,0,0,0,0,0,0.07284152861,368.1391582,,,0,1247773,80,56,3384,135,0,0,0,0,1136.22963,687,1333,26153,1,1,1,1,573,0,0,0,0,1913.933682,150,4786,24939,1,1,1,1,127,533.3779528,0,799,8199,10092.33858,812,45003,96686,1.716755454,1,2.072483221,11.4137931,103,464.0291262,0,0,12259,8655.223301,202,31550,34115,2.291137391,1,1,5.088713911,26,0,0,0,0,7909.307692,329,87731,105103,1,1,1,1,104,85.93269231,0,269,605,10694.625,588,8425,292915,1.080372329,1,1.381560284,2.579634465,17,0,0,0,0,273189.1765,7639,1092341,1092341,1,1,1,1,31,0,0,0,0,11077.58065,3309,80168,92183,1,1,1,1,190,77.24736842,0,0,3433,6932.657895,222,23308,177739,1.142268582,1,1,10.21223022,231,1751.748918,0,10484,38955,5092.471861,774,13286,161540,13.3428932,1,12.26309068,44,67,0,0,0,0,24869.43284,107,111939,573377,1,1,1,1,4,0,0,0,0,50.75,50,60,60,1,1,1,1,142,11.79577465,0,0,671,22217.55634,1073,107025,119910,1.009491486,1,1,1.568644068,41,0,0,0,0,168.0731707,21,363,3404,1,1,1,1,6,7533.166667,3,37188,37188,36189.83333,7857,136526,136526,368.1391582,1.018292683,2188.529412,2188.529412,59,0,0,0,0,9863.728814,157,100839,129763,1,1,1,1,1856,318.2521552,0,282,8876,9617.294181,355,35150,177739,3.863575385,1,1.382102273,11.85336049
s13-helios-venus,shortest_estimate+topology_aware+easy,4,0.9277261464,9.945286595e-05,0.0004226947814,0,0,0.9272039987,2318,1856,0,317.4989224,0,269,8673,9616.540948,355,34935,177739,3.848858905,1,1.355960265,11.36244019,3.802845974,14331.87957,836,687.9342105,3105,0.4606735687,0.01407444088,0.03820325183,1,0,0,0,0,0,0,0,0,0,0.07279600127,368.1391582,,,0,1247773,72,16,3387,135,0,0,0,0,1136.22963,687,1333,26153,1,1,1,1,573,0,0,0,0,1913.933682,150,4786,24939,1,1,1,1,127,530.4173228,0,945,8903,10089.37795,774,45003,96686,1.704892979,1,2.376764387,12.37037037,103,464.0291262,0,0,12053,8655.223301,202,31550,34115,2.291077986,1,1,5.088713911,26,0,0,0,0,7909.307692,329,87731,105103,1,1,1,1,104,83.81730769,0,269,383,10692.50962,588,8425,292915,1.071341031,1,1.381560284,1.635157546,17,0,0,0,0,273189.1765,7639,1092341,1092341,1,1,1,1,31,0,0,0,0,11077.58065,3309,80168,92183,1,1,1,1,190,77.24736842,0,0,3433,6932.657895,222,23308,177739,1.142268582,1,1,10.21223022,231,1748.277056,0,8673,39314,5089,761,13612,161540,13.23527992,1,11.75510204,40.04761905,67,0,0,0,0,24869.43284,107,111939,573377,1,1,1,1,4,0,0,0,0,50.75,50,60,60,1,1,1,1,142,11.79577465,0,0,665,22217.55634,1073,107025,119910,1.009468856,1,1,1.563559322,41,0,0,0,0,168.0731707,21,363,3404,1,1,1,1,6,7533.166667,3,37188,37188,36189.83333,7857,136526,136526,368.1391582,1.018292683,2188.529412,2188.529412,59,0,0,0,0,9863.728814,157,100839,129763,1,1,1,1,1856,317.4989224,0,269,8673,9616.540948,355,34935,177739,3.848858905,1,1.355960265,11.36244019
s13-helios-venus,shortest_estimate+topology_aware+easy,5,0.9284723126,0.0001009777398,0.0004226947814,0,0,0.9279486401,2318,1856,0,320.2871767,0,269,8862,9619.329203,355,34918,177739,3.580740713,1,1.3767507,11.51128609,3.534727782,11784.00464,836,701.3301435,3470,0.4606801322,0.01407444088,0.03820359584,1,0,0,0,0,0,0,0,0,0,0.0720513599,368.1391582,,,0,1247773,97,27,3381,135,0,0,0,0,1136.22963,687,1333,26153,1,1,1,1,573,0,0,0,0,1913.933682,150,4786,24939,1,1,1,1,127,532.6929134,0,785,8199,10091.65354,822,45003,96686,1.715578253,1,2.072483221,11.4137931,103,564.3203883,0,0,17924,8755.514563,202,31550,34115,2.351921397,1,1,11.51128609,26,0,0,0,0,7909.307692,329,87731,105103,1,1,1,1,104,83.81730769,0,269,383,10692.50962,588,8425,292915,1.071341031,1,1.381560284,1.635157546,17,0,0,0,0,273189.1765,7639,1092341,1092341,1,1,1,1,31,0,0,0,0,11077.58065,3309,80168,92183,1,1,1,1,190,77.24736842,0,0,3470,6932.657895,222,22886,177739,1.14230771,1,1,10.21223022,231,1724.709957,0,9655,39165,5065.4329,761,12759,161540,11.04799952,1,11.67003027,38.28571429,67,0,0,0,0,24869.43284,107,111939,573377,1,1,1,1,4,0,0,0,0,50.75,50,60,60,1,1,1,1,142,11.79577465,0,0,665,22217.55634,1073,107025,119910,1.009490512,1,1,1.563559322,41,0,0,0,0,168.0731707,21,363,3404,1,1,1,1,6,7533.166667,3,37188,37188,36189.83333,7857,136526,136526,368.1391582,1.018292683,2188.529412,2188.529412,59,0,0,0,0,9863.728814,157,100839,129763,1,1,1,1,1856,320.2871767,0,269,8862,9619.329203,355,34918,177739,3.580740713,1,1.3767507,11.51128609
s13-helios-venus,shortest_estimate+topology_aware+easy,6,0.9281407625,0.0001009777398,0.0004226947814,0,0,0.9276170899,2318,1856,0,335.4956897,0,269,11123,9634.537716,355,35154,177739,3.703218964,1,1.3767507,13.72081218,3.657206033,12013.70146,836,734.9904306,2099,0.4606808231,0.01407444088,0.0382037471,1,0,0,0,0,0,0,0,0,0,0.07238291007,368.1391582,,,0,1247773,76,12,3454,135,0,0,0,0,1136.22963,687,1333,26153,1,1,1,1,573,0,0,0,0,1913.933682,150,4786,24939,1,1,1,1,127,527.8110236,0,806,8982,10086.77165,787,45003,96686,1.698898331,1,2.057873486,11.78271309,103,464.0291262,0,0,12053,8655.223301,202,31550,34115,2.291077986,1,1,5.088713911,26,0,0,0,0,7909.307692,329,87731,105103,1,1,1,1,104,83.81730769,0,269,383,10692.50962,588,8425,292915,1.071341031,1,1.381560284,1.635157546,17,0,0,0,0,273189.1765,7639,1092341,1092341,1,1,1,1,31,0,0,0,0,11077.58065,3309,80168,92183,1,1,1,1,190,77.24736842,0,0,3433,6932.657895,222,23308,177739,1.142268582,1,1,10.21223022,231,1894.307359,0,11630,38970,5235.030303,762,13687,161540,12.06841235,1,13.9789965,55.2,67,0,0,0,0,24869.43284,107,111939,573377,1,1,1,1,4,0,0,0,0,50.75,50,60,60,1,1,1,1,142,11.79577465,0,0,665,22217.55634,1073,107025,119910,1.009468856,1,1,1.563559322,41,0,0,0,0,168.0731707,21,363,3404,1,1,1,1,6,7533.166667,3,37188,37188,36189.83333,7857,136526,136526,368.1391582,1.018292683,2188.529412,2188.529412,59,0,0,0,0,9863.728814,157,100839,129763,1,1,1,1,1856,335.4956897,0,269,11123,9634.537716,355,35154,177739,3.703218964,1,1.3767507,13.72081218
s13-helios-venus,shortest_estimate+topology_aware+easy,7,0.9284064417,0.0001013304986,0.0004226947814,0,0,0.9278824164,2318,1856,0,316.3760776,0,269,9553,9615.418103,355,34165,177739,3.608363646,1,1.381560284,11.4137931,3.562350715,13870.99039,836,692.7057416,2718,0.4606817443,0.01407444088,0.03820379976,1,0,0,0,0,0,0,0,0,0,0.0721175836,368.1391582,,,0,1247773,76,15,3398,135,0,0,0,0,1136.22963,687,1333,26153,1,1,1,1,573,0,0,0,0,1913.933682,150,4786,24939,1,1,1,1,127,541.6220472,0,1157,8199,10100.58268,782,45003,96686,1.718090292,1,2.500648508,11.4137931,103,464.0291262,0,0,12259,8655.223301,202,31550,34115,2.291137391,1,1,5.088713911,26,0,0,0,0,7909.307692,329,87731,105103,1,1,1,1,104,83.81730769,0,269,383,10692.50962,588,8425,292915,1.071341031,1,1.381560284,1.635157546,17,0,0,0,0,273189.1765,7639,1092341,1092341,1,1,1,1,31,0,0,0,0,11077.58065,3309,80168,92183,1,1,1,1,190,77.24736842,0,0,3433,6932.657895,222,23308,177739,1.142268582,1,1,10.21223022,231,1733.095238,0,10250,39002,5073.818182,766,13537,161540,11.29570626,1,12.65,71.9047619,67,0,0,0,0,24869.43284,107,111939,573377,1,1,1,1,4,0,0,0,0,50.75,50,60,60,1,1,1,1,142,11.79577465,0,0,671,22217.55634,1073,107025,119910,1.00946983,1,1,1.568644068,41,0,0,0,0,168.0731707,21,363,3404,1,1,1,1,6,7533.166667,3,37188,37188,36189.83333,7857,136526,136526,368.1391582,1.018292683,2188.529412,2188.529412,59,0,0,0,0,9863.728814,157,100839,129763,1,1,1,1,1856,316.3760776,0,269,9553,9615.418103,355,34165,177739,3.608363646,1,1.381560284,11.4137931
s13-helios-venus,shortest_estimate+topology_aware+easy,8,0.9286995866,0.000103711877,0.000534261062,0,0,0.9280616137,2318,1856,0,314.5010776,0,340,8154,9613.543103,355,34165,177739,3.544593373,1,1.414028473,10.73451327,3.498580442,11709.45442,836,687.8110048,2658,0.460670498,0.01407444088,0.03820122904,1,0,0,0,0,0,0,0,0,0,0.07193838629,368.1391582,,,0,1247773,75,11,3397,135,0,0,0,0,1136.22963,687,1333,26153,1,1,1,1,573,0,0,0,0,1913.933682,150,4786,24939,1,1,1,1,127,543.8346457,0,1110,8199,10102.79528,787,45003,96686,1.725623707,1,2.357627119,11.4137931,103,464.0291262,0,0,12259,8655.223301,202,31550,34115,2.291137391,1,1,5.088713911,26,0,0,0,0,7909.307692,329,87731,105103,1,1,1,1,104,83.81730769,0,269,383,10692.50962,588,8425,292915,1.071341031,1,1.381560284,1.635157546,17,0,0,0,0,273189.1765,7639,1092341,1092341,1,1,1,1,31,0,0,0,0,11077.58065,3309,80168,92183,1,1,1,1,190,79.80526316,0,0,3433,6935.215789,222,21752,177739,1.144875402,1,1,10.21223022,231,1714.709957,0,8673,39293,5055.4329,762,13894,161540,10.77703638,1,10.73451327,39.19047619,67,0,0,0,0,24869.43284,107,111939,573377,1,1,1,1,4,0,0,0,0,50.75,50,60,60,1,1,1,1,142,11.79577465,0,0,671,22217.55634,1073,107025,119910,1.009491486,1,1,1.568644068,41,0,0,0,0,168.0731707,21,363,3404,1,1,1,1,6,7533.166667,3,37188,37188,36189.83333,7857,136526,136526,368.1391582,1.018292683,2188.529412,2188.529412,59,0,0,0,0,9863.728814,157,100839,129763,1,1,1,1,1856,314.5010776,0,340,8154,9613.543103,355,34165,177739,3.544593373,1,1.414028473,10.73451327
s13-helios-venus,shortest_estimate+topology_aware+easy,9,0.9289087186,0.0001111307663,0.0006646836153,0,0,0.9281329042,2318,1856,0,314.5366379,0,423,8987,9613.578664,351,34165,177739,3.51869289,1,1.515179094,11.93908629,3.472679959,11669.45617,836,689.5263158,2520,0.4606796236,0.01407444088,0.03819479761,1,0,0,0,0,0,0,0,0,0,0.07186709579,368.1391582,,,0,1247773,76,16,3378,135,0,0,0,0,1136.22963,687,1333,26153,1,1,1,1,573,0,0,0,0,1913.933682,150,4786,24939,1,1,1,1,127,545.8425197,0,765,8987,10104.80315,884,45003,96686,1.728387828,1,2.131447587,12.47765006,103,464.0291262,0,0,12053,8655.223301,202,31550,34115,2.291077986,1,1,5.088713911,26,0,0,0,0,7909.307692,329,87731,105103,1,1,1,1,104,85.93269231,0,269,605,10694.625,588,8425,292915,1.080372329,1,1.381560284,2.579634465,17,0,0,0,0,273189.1765,7639,1092341,1092341,1,1,1,1,31,0,0,0,0,11077.58065,3309,80168,92183,1,1,1,1,190,77.24736842,0,0,3433,6932.657895,222,23308,177739,1.142268582,1,1,10.21223022,231,1715.04329,0,9558,39256,5055.766234,766,12881,161540,10.56552045,1,11.97148676,25.16950853,67,0,0,0,0,24869.43284,107,111939,573377,1,1,1,1,4,0,0,0,0,50.75,50,60,60,1,1,1,1,142,11.79577465,0,0,671,22217.55634,1073,107025,119910,1.009491486,1,1,1.568644068,41,0,0,0,0,168.0731707,21,363,3404,1,1,1,1,6,7533.166667,3,37188,37188,36189.83333,7857,136526,136526,368.1391582,1.018292683,2188.529412,2188.529412,59,0,0,0,0,9863.728814,157,100839,129763,1,1,1,1,1856,314.5366379,0,423,8987,9613.578664,351,34165,177739,3.51869289,1,1.515179094,11.93908629
s13-helios-venus,shortest_estimate+topology_aware+easy,10,0.9283481765,9.438489147e-05,0.0004164093571,0,0,0.9278373822,2318,1856,0,314.5398707,0,265,8982,9613.581897,355,35154,177739,3.625309955,1,1.286862487,11.6573957,3.579297024,13891.71499,836,687.4748804,2963,0.4606858513,0.01407444088,0.03820409039,1,0,0,0,0,0,0,0,0,0,0.07216261778,368.1391582,,,0,1247773,85,30,3380,135,0,0,0,0,1136.22963,687,1333,26153,1,1,1,1,573,0,0,0,0,1913.933682,150,4786,24939,1,1,1,1,127,528.0708661,0,806,8982,10087.0315,767,45003,96686,1.700547533,1,2.158069884,11.78271309,103,464.0291262,0,0,12259,8655.223301,202,31550,34115,2.291137391,1,1,5.088713911,26,0,0,0,0,7909.307692,329,87731,105103,1,1,1,1,104,83.81730769,0,269,383,10692.50962,588,8425,292915,1.071341031,1,1.381560284,1.635157546,17,0,0,0,0,273189.1765,7639,1092341,1092341,1,1,1,1,31,0,0,0,0,11077.58065,3309,80168,92183,1,1,1,1,190,77.24736842,0,0,3470,6932.657895,222,22886,177739,1.14230771,1,1,10.21223022,231,1725.792208,0,9814,38930,5066.515152,766,13165,161540,11.44147675,1,11.80048368,53.61904762,67,0,0,0,0,24869.43284,107,111939,573377,1,1,1,1,4,0,0,0,0,50.75,50,60,60,1,1,1,1,142,11.79577465,0,0,665,22217.55634,1073,107025,119910,1.009468856,1,1,1.563559322,41,0,0,0,0,168.0731707,21,363,3404,1,1,1,1,6,7533.166667,3,37188,37188,36189.83333,7857,136526,136526,368.1391582,1.018292683,2188.529412,2188.529412,59,0,0,0,0,9863.728814,157,100839,129763,1,1,1,1,1856,314.5398707,0,265,8982,9613.581897,355,35154,177739,3.625309955,1,1.286862487,11.6573957
s13-helios-venus,shortest_estimate+topology_aware+easy_predicted,1,0.9285992611,9.729230408e-05,0.0003975530843,0,0,0.9281044157,2318,1856,0,315.3421336,0,253,9185,9614.384159,351,34165,177739,3.529192252,1,1.326502732,11.4137931,3.483179321,13737.15421,836,690.7117225,2791,0.4606836539,0.01407444088,0.03819348815,1,0,0,0,0,0,0,0,0,0,0.07189558428,368.1391582,,,0,1247773,80,41,3392,135,0,0,0,0,1136.22963,687,1333,26153,1,1,1,1,573,0,0,0,0,1913.933682,150,4786,24939,1,1,1,1,127,542.4409449,0,1081,8199,10101.40157,774,45003,96686,1.719754941,1,2.424143556,11.4137931,103,464.0291262,0,0,12053,8655.223301,202,31550,34115,2.291077986,1,1,5.088713911,26,0,0,0,0,7909.307692,329,87731,105103,1,1,1,1,104,85.93269231,0,269,605,10694.625,588,8425,292915,1.080372329,1,1.381560284,2.579634465,17,0,0,0,0,273189.1765,7639,1092341,1092341,1,1,1,1,31,0,0,0,0,11077.58065,3309,80168,92183,1,1,1,1,190,79.80526316,0,0,3433,6935.215789,222,21752,177739,1.144875402,1,1,10.21223022,231,1721.281385,0,10796,39192,5062.004329,761,12771,161540,10.65249496,1,11.99389002,22.63189569,67,0,0,0,0,24869.43284,107,111939,573377,1,1,1,1,4,0,0,0,0,50.75,50,60,60,1,1,1,1,142,11.79577465,0,0,665,22217.55634,1073,107025,119910,1.009468856,1,1,1.563559322,41,0,0,0,0,168.0731707,21,363,3404,1,1,1,1,6,7533.166667,3,37188,37188,36189.83333,7857,136526,136526,368.1391582,1.018292683,2188.529412,2188.529412,59,0,0,0,0,9863.728814,157,100839,129763,1,1,1,1,1856,315.3421336,0,253,9185,9614.384159,351,34165,177739,3.529192252,1,1.326502732,11.4137931
s13-helios-venus,shortest_estimate+topology_aware+easy_predicted,2,0.9283233065,0.0001013304986,0.000512262077,0,0,0.9277097139,2318,1856,0,315.5043103,0,326,8724,9614.546336,355,34165,177739,3.670783359,1,1.381560284,10.98676171,3.624770428,11950.84156,836,688.9222488,3144,0.4606806312,0.01407444088,0.03820372376,1,0,0,0,0,0,0,0,0,0,0.07229028612,368.1391582,,,0,1247773,90,58,3397,135,0,0,0,0,1136.22963,687,1333,26153,1,1,1,1,573,0,0,0,0,1913.933682,150,4786,24939,1,1,1,1,127,524.9448819,0,768,8903,10083.90551,787,45003,96686,1.694099239,1,2.108069164,12.37037037,103,464.0291262,0,0,12259,8655.223301,202,31550,34115,2.291137391,1,1,5.088713911,26,0,0,0,0,7909.307692,329,87731,105103,1,1,1,1,104,83.81730769,0,269,383,10692.50962,588,8425,292915,1.071341031,1,1.381560284,1.635157546,17,0,0,0,0,273189.1765,7639,1092341,1092341,1,1,1,1,31,0,0,0,0,11077.58065,3309,80168,92183,1,1,1,1,190,77.24736842,0,0,3433,6932.657895,222,23308,177739,1.142268582,1,1,10.21223022,231,1735.25974,0,9256,39132,5075.982684,762,14968,161540,11.81041557,1,11.4729892,39.19047619,67,0,0,0,0,24869.43284,107,111939,573377,1,1,1,1,4,0,0,0,0,50.75,50,60,60,1,1,1,1,142,11.79577465,0,0,671,22217.55634,1073,107025,119910,1.00946983,1,1,1.568644068,41,0,0,0,0,168.0731707,21,363,3404,1,1,1,1,6,7533.166667,3,37188,37188,36189.83333,7857,136526,136526,368.1391582,1.018292683,2188.529412,2188.529412,59,0,0,0,0,9863.728814,157,100839,129763,1,1,1,1,1856,315.5043103,0,326,8724,9614.546336,355,34165,177739,3.670783359,1,1.381560284,10.98676171
s13-helios-venus,shortest_estimate+topology_aware+easy_predicted,3,0.9277029641,0.0001013702507,0.0004431224102,0,0,0.9271584714,2318,1856,0,318.2521552,0,282,8876,9617.294181,355,35150,177739,3.863575385,1,1.382102273,11.85336049,3.817562454,12300.15272,836,689.708134,2158,0.4606952073,0.01407444088,0.0381958613,1,0,0,0,0,0,0,0,0,0,0.07284152861,368.1391582,,,0,1247773,80,63,3384,135,0,0,0,0,1136.22963,687,1333,26153,1,1,1,1,573,0,0,0,0,1913.933682,150,4786,24939,1,1,1,1,127,533.3779528,0,799,8199,10092.33858,812,45003,96686,1.716755454,1,2.072483221,11.4137931,103,464.0291262,0,0,12259,8655.223301,202,31550,34115,2.291137391,1,1,5.088713911,26,0,0,0,0,7909.307692,329,87731,105103,1,1,1,1,104,85.93269231,0,269,605,10694.625,588,8425,292915,1.080372329,1,1.381560284,2.579634465,17,0,0,0,0,273189.1765,7639,1092341,1092341,1,1,1,1,31,0,0,0,0,11077.58065,3309,80168,92183,1,1,1,1,190,77.24736842,0,0,3433,6932.657895,222,23308,177739,1.142268582,1,1,10.21223022,231,1751.748918,0,10484,38955,5092.471861,774,13286,161540,13.3428932,1,12.26309068,44,67,0,0,0,0,24869.43284,107,111939,573377,1,1,1,1,4,0,0,0,0,50.75,50,60,60,1,1,1,1,142,11.79577465,0,0,671,22217.55634,1073,107025,119910,1.009491486,1,1,1.568644068,41,0,0,0,0,168.0731707,21,363,3404,1,1,1,1,6,7533.166667,3,37188,37188,36189.83333,7857,136526,136526,368.1391582,1.018292683,2188.529412,2188.529412,59,0,0,0,0,9863.728814,157,100839,129763,1,1,1,1,1856,318.2521552,0,282,8876,9617.294181,355,35150,177739,3.863575385,1,1.382102273,11.85336049
s13-helios-venus,shortest_estimate+topology_aware+easy_predicted,4,0.9277261464,9.945286595e-05,0.0004226947814,0,0,0.9272039987,2318,1856,0,317.4989224,0,269,8673,9616.540948,355,34935,177739,3.848858905,1,1.355960265,11.36244019,3.802845974,14331.87957,836,687.9342105,3105,0.4606735687,0.01407444088,0.03820325183,1,0,0,0,0,0,0,0,0,0,0.07279600127,368.1391582,,,0,1247773,72,37,3387,135,0,0,0,0,1136.22963,687,1333,26153,1,1,1,1,573,0,0,0,0,1913.933682,150,4786,24939,1,1,1,1,127,530.4173228,0,945,8903,10089.37795,774,45003,96686,1.704892979,1,2.376764387,12.37037037,103,464.0291262,0,0,12053,8655.223301,202,31550,34115,2.291077986,1,1,5.088713911,26,0,0,0,0,7909.307692,329,87731,105103,1,1,1,1,104,83.81730769,0,269,383,10692.50962,588,8425,292915,1.071341031,1,1.381560284,1.635157546,17,0,0,0,0,273189.1765,7639,1092341,1092341,1,1,1,1,31,0,0,0,0,11077.58065,3309,80168,92183,1,1,1,1,190,77.24736842,0,0,3433,6932.657895,222,23308,177739,1.142268582,1,1,10.21223022,231,1748.277056,0,8673,39314,5089,761,13612,161540,13.23527992,1,11.75510204,40.04761905,67,0,0,0,0,24869.43284,107,111939,573377,1,1,1,1,4,0,0,0,0,50.75,50,60,60,1,1,1,1,142,11.79577465,0,0,665,22217.55634,1073,107025,119910,1.009468856,1,1,1.563559322,41,0,0,0,0,168.0731707,21,363,3404,1,1,1,1,6,7533.166667,3,37188,37188,36189.83333,7857,136526,136526,368.1391582,1.018292683,2188.529412,2188.529412,59,0,0,0,0,9863.728814,157,100839,129763,1,1,1,1,1856,317.4989224,0,269,8673,9616.540948,355,34935,177739,3.848858905,1,1.355960265,11.36244019
s13-helios-venus,shortest_estimate+topology_aware+easy_predicted,5,0.9284723126,0.0001009777398,0.0004226947814,0,0,0.9279486401,2318,1856,0,320.2871767,0,269,8862,9619.329203,355,34918,177739,3.580740713,1,1.3767507,11.51128609,3.534727782,11784.00464,836,701.3301435,3470,0.4606801322,0.01407444088,0.03820359584,1,0,0,0,0,0,0,0,0,0,0.0720513599,368.1391582,,,0,1247773,97,56,3381,135,0,0,0,0,1136.22963,687,1333,26153,1,1,1,1,573,0,0,0,0,1913.933682,150,4786,24939,1,1,1,1,127,532.6929134,0,785,8199,10091.65354,822,45003,96686,1.715578253,1,2.072483221,11.4137931,103,564.3203883,0,0,17924,8755.514563,202,31550,34115,2.351921397,1,1,11.51128609,26,0,0,0,0,7909.307692,329,87731,105103,1,1,1,1,104,83.81730769,0,269,383,10692.50962,588,8425,292915,1.071341031,1,1.381560284,1.635157546,17,0,0,0,0,273189.1765,7639,1092341,1092341,1,1,1,1,31,0,0,0,0,11077.58065,3309,80168,92183,1,1,1,1,190,77.24736842,0,0,3470,6932.657895,222,22886,177739,1.14230771,1,1,10.21223022,231,1724.709957,0,9655,39165,5065.4329,761,12759,161540,11.04799952,1,11.67003027,38.28571429,67,0,0,0,0,24869.43284,107,111939,573377,1,1,1,1,4,0,0,0,0,50.75,50,60,60,1,1,1,1,142,11.79577465,0,0,665,22217.55634,1073,107025,119910,1.009490512,1,1,1.563559322,41,0,0,0,0,168.0731707,21,363,3404,1,1,1,1,6,7533.166667,3,37188,37188,36189.83333,7857,136526,136526,368.1391582,1.018292683,2188.529412,2188.529412,59,0,0,0,0,9863.728814,157,100839,129763,1,1,1,1,1856,320.2871767,0,269,8862,9619.329203,355,34918,177739,3.580740713,1,1.3767507,11.51128609
s13-helios-venus,shortest_estimate+topology_aware+easy_predicted,6,0.9281407625,0.0001009777398,0.0004226947814,0,0,0.9276170899,2318,1856,0,335.4956897,0,269,11123,9634.537716,355,35154,177739,3.703218964,1,1.3767507,13.72081218,3.657206033,12013.722,836,734.9904306,2099,0.4606808231,0.01407444088,0.0382037471,1,0,0,0,0,0,0,0,0,0,0.07238291007,368.1391582,,,0,1247773,76,30,3454,135,0,0,0,0,1136.22963,687,1333,26153,1,1,1,1,573,0,0,0,0,1913.933682,150,4786,24939,1,1,1,1,127,527.8110236,0,806,8982,10086.77165,787,45003,96686,1.698898331,1,2.057873486,11.78271309,103,464.0291262,0,0,12053,8655.223301,202,31550,34115,2.291077986,1,1,5.088713911,26,0,0,0,0,7909.307692,329,87731,105103,1,1,1,1,104,83.81730769,0,269,383,10692.50962,588,8425,292915,1.071341031,1,1.381560284,1.635157546,17,0,0,0,0,273189.1765,7639,1092341,1092341,1,1,1,1,31,0,0,0,0,11077.58065,3309,80168,92183,1,1,1,1,190,77.24736842,0,0,3433,6932.657895,222,23308,177739,1.142268582,1,1,10.21223022,231,1894.307359,0,11630,38970,5235.030303,762,13687,161540,12.06841235,1,13.9789965,55.2,67,0,0,0,0,24869.43284,107,111939,573377,1,1,1,1,4,0,0,0,0,50.75,50,60,60,1,1,1,1,142,11.79577465,0,0,665,22217.55634,1073,107025,119910,1.009468856,1,1,1.563559322,41,0,0,0,0,168.0731707,21,363,3404,1,1,1,1,6,7533.166667,3,37188,37188,36189.83333,7857,136526,136526,368.1391582,1.018292683,2188.529412,2188.529412,59,0,0,0,0,9863.728814,157,100839,129763,1,1,1,1,1856,335.4956897,0,269,11123,9634.537716,355,35154,177739,3.703218964,1,1.3767507,13.72081218
s13-helios-venus,shortest_estimate+topology_aware+easy_predicted,7,0.9284064417,0.0001013304986,0.0004226947814,0,0,0.9278824164,2318,1856,0,316.3760776,0,269,9553,9615.418103,355,34165,177739,3.608363646,1,1.381560284,11.4137931,3.562350715,13870.99039,836,692.7057416,2718,0.4606817443,0.01407444088,0.03820379976,1,0,0,0,0,0,0,0,0,0,0.0721175836,368.1391582,,,0,1247773,76,39,3398,135,0,0,0,0,1136.22963,687,1333,26153,1,1,1,1,573,0,0,0,0,1913.933682,150,4786,24939,1,1,1,1,127,541.6220472,0,1157,8199,10100.58268,782,45003,96686,1.718090292,1,2.500648508,11.4137931,103,464.0291262,0,0,12259,8655.223301,202,31550,34115,2.291137391,1,1,5.088713911,26,0,0,0,0,7909.307692,329,87731,105103,1,1,1,1,104,83.81730769,0,269,383,10692.50962,588,8425,292915,1.071341031,1,1.381560284,1.635157546,17,0,0,0,0,273189.1765,7639,1092341,1092341,1,1,1,1,31,0,0,0,0,11077.58065,3309,80168,92183,1,1,1,1,190,77.24736842,0,0,3433,6932.657895,222,23308,177739,1.142268582,1,1,10.21223022,231,1733.095238,0,10250,39002,5073.818182,766,13537,161540,11.29570626,1,12.65,71.9047619,67,0,0,0,0,24869.43284,107,111939,573377,1,1,1,1,4,0,0,0,0,50.75,50,60,60,1,1,1,1,142,11.79577465,0,0,671,22217.55634,1073,107025,119910,1.00946983,1,1,1.568644068,41,0,0,0,0,168.0731707,21,363,3404,1,1,1,1,6,7533.166667,3,37188,37188,36189.83333,7857,136526,136526,368.1391582,1.018292683,2188.529412,2188.529412,59,0,0,0,0,9863.728814,157,100839,129763,1,1,1,1,1856,316.3760776,0,269,9553,9615.418103,355,34165,177739,3.608363646,1,1.381560284,11.4137931
s13-helios-venus,shortest_estimate+topology_aware+easy_predicted,8,0.9286995866,0.000103711877,0.000534261062,0,0,0.9280616137,2318,1856,0,314.5010776,0,340,8154,9613.543103,355,34165,177739,3.544593373,1,1.414028473,10.73451327,3.498580442,11708.02946,836,687.8110048,2658,0.460670498,0.01407444088,0.03820122904,1,0,0,0,0,0,0,0,0,0,0.07193838629,368.1391582,,,0,1247773,75,37,3397,135,0,0,0,0,1136.22963,687,1333,26153,1,1,1,1,573,0,0,0,0,1913.933682,150,4786,24939,1,1,1,1,127,543.8346457,0,1110,8199,10102.79528,787,45003,96686,1.725623707,1,2.357627119,11.4137931,103,464.0291262,0,0,12259,8655.223301,202,31550,34115,2.291137391,1,1,5.088713911,26,0,0,0,0,7909.307692,329,87731,105103,1,1,1,1,104,83.81730769,0,269,383,10692.50962,588,8425,292915,1.071341031,1,1.381560284,1.635157546,17,0,0,0,0,273189.1765,7639,1092341,1092341,1,1,1,1,31,0,0,0,0,11077.58065,3309,80168,92183,1,1,1,1,190,79.80526316,0,0,3433,6935.215789,222,21752,177739,1.144875402,1,1,10.21223022,231,1714.709957,0,8673,39293,5055.4329,762,13894,161540,10.77703638,1,10.73451327,39.19047619,67,0,0,0,0,24869.43284,107,111939,573377,1,1,1,1,4,0,0,0,0,50.75,50,60,60,1,1,1,1,142,11.79577465,0,0,671,22217.55634,1073,107025,119910,1.009491486,1,1,1.568644068,41,0,0,0,0,168.0731707,21,363,3404,1,1,1,1,6,7533.166667,3,37188,37188,36189.83333,7857,136526,136526,368.1391582,1.018292683,2188.529412,2188.529412,59,0,0,0,0,9863.728814,157,100839,129763,1,1,1,1,1856,314.5010776,0,340,8154,9613.543103,355,34165,177739,3.544593373,1,1.414028473,10.73451327
s13-helios-venus,shortest_estimate+topology_aware+easy_predicted,9,0.9289087186,0.0001111307663,0.0006646836153,0,0,0.9281329042,2318,1856,0,314.5366379,0,423,8987,9613.578664,351,34165,177739,3.51869289,1,1.515179094,11.93908629,3.472679959,11669.45617,836,689.5263158,2520,0.4606796236,0.01407444088,0.03819479761,1,0,0,0,0,0,0,0,0,0,0.07186709579,368.1391582,,,0,1247773,76,39,3378,135,0,0,0,0,1136.22963,687,1333,26153,1,1,1,1,573,0,0,0,0,1913.933682,150,4786,24939,1,1,1,1,127,545.8425197,0,765,8987,10104.80315,884,45003,96686,1.728387828,1,2.131447587,12.47765006,103,464.0291262,0,0,12053,8655.223301,202,31550,34115,2.291077986,1,1,5.088713911,26,0,0,0,0,7909.307692,329,87731,105103,1,1,1,1,104,85.93269231,0,269,605,10694.625,588,8425,292915,1.080372329,1,1.381560284,2.579634465,17,0,0,0,0,273189.1765,7639,1092341,1092341,1,1,1,1,31,0,0,0,0,11077.58065,3309,80168,92183,1,1,1,1,190,77.24736842,0,0,3433,6932.657895,222,23308,177739,1.142268582,1,1,10.21223022,231,1715.04329,0,9558,39256,5055.766234,766,12881,161540,10.56552045,1,11.97148676,25.16950853,67,0,0,0,0,24869.43284,107,111939,573377,1,1,1,1,4,0,0,0,0,50.75,50,60,60,1,1,1,1,142,11.79577465,0,0,671,22217.55634,1073,107025,119910,1.009491486,1,1,1.568644068,41,0,0,0,0,168.0731707,21,363,3404,1,1,1,1,6,7533.166667,3,37188,37188,36189.83333,7857,136526,136526,368.1391582,1.018292683,2188.529412,2188.529412,59,0,0,0,0,9863.728814,157,100839,129763,1,1,1,1,1856,314.5366379,0,423,8987,9613.578664,351,34165,177739,3.51869289,1,1.515179094,11.93908629
s13-helios-venus,shortest_estimate+topology_aware+easy_predicted,10,0.9283481765,9.438489147e-05,0.0004164093571,0,0,0.9278373822,2318,1856,0,314.5398707,0,265,8982,9613.581897,355,35154,177739,3.625309955,1,1.286862487,11.6573957,3.579297024,13891.71499,836,687.4748804,2963,0.4606858513,0.01407444088,0.03820409039,1,0,0,0,0,0,0,0,0,0,0.07216261778,368.1391582,,,0,1247773,85,45,3380,135,0,0,0,0,1136.22963,687,1333,26153,1,1,1,1,573,0,0,0,0,1913.933682,150,4786,24939,1,1,1,1,127,528.0708661,0,806,8982,10087.0315,767,45003,96686,1.700547533,1,2.158069884,11.78271309,103,464.0291262,0,0,12259,8655.223301,202,31550,34115,2.291137391,1,1,5.088713911,26,0,0,0,0,7909.307692,329,87731,105103,1,1,1,1,104,83.81730769,0,269,383,10692.50962,588,8425,292915,1.071341031,1,1.381560284,1.635157546,17,0,0,0,0,273189.1765,7639,1092341,1092341,1,1,1,1,31,0,0,0,0,11077.58065,3309,80168,92183,1,1,1,1,190,77.24736842,0,0,3470,6932.657895,222,22886,177739,1.14230771,1,1,10.21223022,231,1725.792208,0,9814,38930,5066.515152,766,13165,161540,11.44147675,1,11.80048368,53.61904762,67,0,0,0,0,24869.43284,107,111939,573377,1,1,1,1,4,0,0,0,0,50.75,50,60,60,1,1,1,1,142,11.79577465,0,0,665,22217.55634,1073,107025,119910,1.009468856,1,1,1.563559322,41,0,0,0,0,168.0731707,21,363,3404,1,1,1,1,6,7533.166667,3,37188,37188,36189.83333,7857,136526,136526,368.1391582,1.018292683,2188.529412,2188.529412,59,0,0,0,0,9863.728814,157,100839,129763,1,1,1,1,1856,314.5398707,0,265,8982,9613.581897,355,35154,177739,3.625309955,1,1.286862487,11.6573957
s13-helios-venus,shortest_estimate+topology_aware+none,1,0.7026947994,0.008937818134,0.04950871553,0,0,0.6442482658,2318,1856,0,7842.873384,0,31507,122160,17141.91541,961,49819,314183,34.29975995,1,121.86,782.5769231,34.26775564,75724.18569,836,9435.511962,33558,0.3380087726,0.2083803417,0.03277289804,1,0,0,0,0,0,0,0,0,0,0.3557517342,56.68053012,,,0,1423859,0,0,3680,135,5328.503704,0,24351,28112,6464.733333,1090,25668,54265,28.87570636,1,284.0483871,571.1666667,573,4758.300175,0,23130,33552,6672.233857,870,27407,37669,23.3884757,1,137.3625,296.78125,127,8887.472441,36,32404,43968,18446.43307,856,50409,113862,11.57359026,1.044226044,50.55359566,60.17631225,103,7681.436893,0,20536,105726,15872.63107,815,51214,236526,39.28410061,1,119.2352941,1175.7,26,12283.26923,0,42659,107829,20192.57692,1330,130390,212932,114.4935589,1,1203,1230.8,104,14667.38462,0,37026,187862,25276.07692,945,37620,452635,36.92412565,1,64.6292517,1036.588235,17,37018.47059,296,189206,189206,310207.6471,8652,1268434,1268434,12.79395519,1.015179487,188.6166667,188.6166667,31,16358.77419,0,104470,169980,27436.35484,7388,184638,191896,18.11754394,1,102.8483146,156.982906,190,5759.063158,0,24475,171730,12614.47368,347,38741,335259,47.17666427,1,143.5652174,1937.9,231,7690.099567,0,33556,73756,11030.82251,945,37076,176726,18.48300678,1,57.33938294,84.61538462,67,8237.925373,0,88121,124054,33107.35821,133,200205,663933,17.56553282,1,33.5,782.5769231,4,15960,13427,18837,18837,16010.75,13461,18896,18896,326.2799045,320.2711864,395.9117647,395.9117647,142,15818.97183,4124,57764,177901,38024.73239,4824,150119,231653,52.79954973,1.738099892,494.4,630.1,41,4351.243902,0,14174,21092,4519.317073,238,14185,21455,181.5303232,1,1289.545455,1366.2,6,19681.5,1434,70028,70028,48338.16667,9288,206554,206554,368.2637261,1.339142189,2188.529412,2188.529412,59,3054.457627,0,21576,50039,12918.18644,162,115352,150878,6.497182107,1,39.47407407,75.4,1856,7842.873384,0,31507,122160,17141.91541,961,49819,314183,34.29975995,1,121.86,782.5769231
s13-helios-venus,shortest_estimate+topology_aware+none,2,0.8573749744,0.004733279749,0.04702283023,0,0,0.8056188645,2318,1856,0,7004.73653,0,29925,255949,16303.77856,837,45003,373298,19.97189805,1,64.53448276,509.7,19.93790021,123595.4024,836,8121.820574,32683,0.3526871129,0.1380489772,0.03217823047,1,0,0,0,0,0,0,0,0,0,0.1943811355,378.4567614,,,0,1594262,0,0,3640,135,2190.066667,0,17513,26086,3326.296296,982,22512,35743,12.73613423,1,109.1923077,227.3703704,573,2696.425829,0,18937,33559,4610.359511,640,22377,36099,9.718142545,1,39.19102296,97.05479452,127,9121.488189,1,32404,353274,18680.44882,838,50312,449797,9.606500832,1.001808318,54.4822335,85.01315789,103,6262.184466,0,16702,34239,14453.37864,602,40881,53204,37.150239,1,185.5454545,619.7,26,13228.19231,0,23541,278370,21137.5,329,128644,366101,2.907854873,1,12.86917293,23.96976744,104,12437.03846,0,36581,358265,23045.73077,905,37348,588199,20.72676092,1,69.96666667,85.27906977,17,55976.58824,0,346496,346496,329165.7647,8183,1438837,1438837,3.259461616,1,30.69882353,30.69882353,31,3729.032258,0,27997,34361,14806.6129,3309,95725,100663,3.488646509,1,15.925,57.53846154,190,4683.178947,0,9802,197230,11538.58947,347,27548,239672,5.636661956,1,28.07171315,112.7,231,6882.766234,0,35108,38832,10223.48918,836,37186,126522,11.09064516,1,56.35018051,80.52439024,67,15389.47761,0,12044,332721,40258.91045,3144,227933,834336,31.41017318,1,141.2962963,381.8,4,0,0,0,0,50.75,50,60,60,1,1,1,1,142,17158.71831,2894,44928,310105,39364.47887,5411,148170,401871,65.34602545,1.562023389,572.1,696.3,41,1695.756098,179,6530,7458,1863.829268,476,6542,7466,107.1915026,1.621527778,545.1666667,746.6,6,11373.83333,1402,37188,37188,40030.5,9256,155612,155612,378.4567614,1.337973111,2188.529412,2188.529412,59,9609.050847,0,31059,285752,19472.77966,162,131898,384090,11.06115786,1,39.60740741,334.3,1856,7004.73653,0,29925,255949,16303.77856,837,45003,373298,19.97189805,1,64.53448276,509.7
s13-helios-venus,shortest_estimate+topology_aware+none,3,0.7428864896,0.013166913,0.05188931996,0,0,0.6778302566,2318,1856,0,8754.350754,161,33022,155960,18053.39278,1445,57476,337319,40.24163208,1.140196773,179.5203252,781.6538462,40.21054371,123469.247,836,9617.435407,35384,0.3294578428,0.05316330333,0.03134702463,1,0,0,0,0,0,0,0,0,0,0.3221697434,250.7262997,,,0,1443109,0,0,3665,135,4964.111111,318,23899,28264,6100.340741,1195,27300,35247,43.0444598,1.249042146,330.0454545,688.6153846,573,5114.118674,0,25108,32825,7028.052356,1153,26443,36408,31.54778374,1,172.8732394,458.3653846,127,10566.65354,2391,37210,199604,20125.61417,3927,54391,305265,10.37826116,4.241678726,51.60515604,57.93698176,103,9042.009709,919,33445,119229,17233.20388,2074,51780,151038,70.8994432,1.468572914,248.1666667,1220.1,26,3018.115385,0,22990,23979,10927.42308,430,111710,128093,2.784166148,1,15.22724114,20.1,104,12002.25962,0,36765,175716,22610.95192,940,37514,468631,45.8502789,1,142.3617021,1334.6,17,40874.88235,0,205202,205202,314064.0588,7639,1287684,1287684,1.512686799,1,6.248658318,6.248658318,31,10139.77419,0,33810,185877,21217.35484,3347,95009,266045,7.830208794,1,41.23931624,60.07692308,190,5965.773684,0,24771,173516,12821.18421,817,41075,351255,60.61169602,1,194.1388889,2113,231,8226.502165,339,35384,87258,11567.22511,1337,36600,190228,16.02075431,1.32,58.92740472,109.4,67,10587.34328,3085,42178,140050,35456.77612,8029,192473,679933,79.30399411,1.309248241,321.16,560.0434783,4,2851.5,752,5295,5295,2902.25,786,5354,5354,55.17751911,23.11764706,94.18,94.18,142,26088.06338,2894,155960,253140,48293.82394,3552,260052,343949,28.31217847,1.733361146,258.7,355.2,41,4851.902439,1156,13163,13520,5019.97561,1343,13175,13528,236.4560704,41.81220657,1309.5,1352.8,6,23205.83333,1792,83530,83530,51862.5,9646,220056,220056,379.2703636,1.611824854,2188.529412,2188.529412,59,4086.118644,0,30508,131345,13949.84746,164,129763,229683,5.574425563,1,19.1037037,117.4,1856,8754.350754,161,33022,155960,18053.39278,1445,57476,337319,40.24163208,1.140196773,179.5203252,781.6538462
s13-helios-venus,shortest_estimate+topology_aware+none,4,0.7367867508,0.01582051019,0.1672315692,0,0,0.5537346714,2318,1856,0,14572.18427,0,106425,196034,23871.22629,1104,118630,337527,50.54911638,1,215.7,921.7777778,50.51668104,116210.3897,836,17574.66029,110402,0.3989736766,0.1255979213,0.0318854231,1,0,0,0,0,0,0,0,0,0,0.4462653286,107.1657095,,,0,1530113,0,0,3657,135,15215.42963,0,114310,120283,16351.65926,1121,116742,127644,62.35345633,1,303.6923077,911.3076923,573,8487.446771,0,91894,119009,10401.38045,671,96754,123694,21.82562512,1,112.0625,371.1515152,127,17988.81102,384,101621,128414,27547.77165,2941,103746,395523,24.83939291,1.534768212,144.2651297,250.177305,103,15541.28155,1807,107350,125844,23732.47573,2823,127350,144809,65.78661693,1.577526213,322.4912281,847.8823529,26,27324.23077,0,115263,115880,35233.53846,560,203611,220366,104.8517145,1,303.3,1780.2,104,10686.67308,0,37103,103296,21295.36538,879,103575,309236,62.8773533,1,173.712766,1634.2,17,50410.17647,0,282347,282347,323599.3529,8183,1374688,1374688,3.462455137,1,34.19529412,34.19529412,31,22900.03226,0,125966,194084,33977.6129,3347,153291,286267,7.729865158,1,50.47752809,50.52432432,190,5270.194737,0,17591,126099,12125.60526,347,62404,312268,43.10784381,1,45.49731516,3030.5,231,17680.19481,0,108703,118388,21020.91775,2984,110793,140818,43.60901805,1,140.8907363,436.9,67,19764.74627,1549,100546,311715,44634.1791,7155,227933,770187,106.0434793,1.343247113,472.4074074,1275.7,4,6586,4001,9515,9515,6636.75,4035,9574,9574,131.5860809,118.6764706,178.58,178.58,142,38515.02113,6675,210162,344264,60720.78169,21043,317195,437165,90.66021268,2.027427028,389.0434783,1199.466667,41,6379.317073,4565,15367,18896,6547.390244,4680,15379,19089,296.7886616,98.90673575,1281.583333,1647.5,6,14058.83333,1731,37188,37188,42715.5,9585,161496,161496,371.0564615,1.730454479,2188.529412,2188.529412,59,10228.01695,0,123262,221601,20091.74576,163,221600,322440,4.017014618,1,17.71328671,67,1856,14572.18427,0,106425,196034,23871.22629,1104,118630,337527,50.54911638,1,215.7,921.7777778
s13-helios-venus,shortest_estimate+topology_aware+none,5,0.8995226474,0.008160054419,0.05682966343,0,0,0.8345329296,2318,1856,0,7684.766703,0,36166,104545,16983.80873,991,96901,225663,26.58897099,1,111.255814,449,26.55594297,66537.17932,836,9029.124402,37154,0.3721852442,0.1889558776,0.03523229434,1,0,0,0,0,0,0,0,0,0,0.1654670704,381.2377962,,,0,1434751,0,0,3627,135,5067.466667,0,24158,99865,6203.696296,1090,25156,130698,11.9366548,1,28.0178117,288.25,573,5806.160558,0,27198,98252,7720.094241,1027,30587,104771,25.64147381,1,128.1458333,482,127,10370.64567,343,37948,106025,19929.6063,1107,103753,118221,14.83431402,1.3262968,57.50251256,172.8395462,103,5960.475728,0,31959,64718,14151.6699,1275,52578,66623,33.90657475,1,128.1205674,199.2727273,26,5545.461538,0,10202,118721,13454.76923,430,96929,223824,2.5651618,1,7.179285282,24.8,104,9640.528846,0,35685,64060,20249.22115,864,38651,371592,24.634098,1,124.25,129.25,17,26950.82353,0,186985,186985,300140,7639,1279326,1279326,1.252257131,1,4.719141324,4.719141324,31,12995.87097,0,98722,106632,24073.45161,3309,149951,190905,4.116807341,1,19.18417462,69.15384615,190,5272.747368,0,25173,105058,12128.15789,1089,55298,236490,72.90739785,1,388.8,1545.7,231,8942.770563,0,36523,98807,12283.49351,974,38154,166677,14.26680002,1,59.74954628,70.80952381,67,9818.089552,0,99158,106779,34687.52239,416,211097,674825,6.467553767,1,18.48780488,223.5652174,4,0,0,0,0,50.75,50,60,60,1,1,1,1,142,16773.78169,3335,60843,114808,38979.54225,4077,151720,221833,30.27372182,1.464699892,289.1,424.8,41,103.6829268,0,896,1189,271.7560976,100,952,3404,9.243151687,1,75.66666667,119.7,6,20994.33333,3045,69600,69600,49651,10899,206126,206126,381.2377962,1.530359491,2188.529412,2188.529412,59,1280.457627,0,15352,16583,11144.18644,165,114924,129763,5.772972877,1,21.92307692,127.2,1856,7684.766703,0,36166,104545,16983.80873,991,96901,225663,26.58897099,1,111.255814,449
s13-helios-venus,shortest_estimate+topology_aware+none,6,0.6989716576,0.01661538631,0.05946797026,0,0,0.622888301,2318,1856,0,9320.919181,401,37845,68398,18619.96121,2181,60272,279051,53.67216435,1.166564775,226.5375,1168.909091,53.6433928,101563.454,836,11634.7823,40821,0.3642097143,0.1469826992,0.03107976728,1,0,0,0,0,0,0,0,0,0,0.377111699,109.2802885,,,0,1400938,0,0,3705,135,8997.051852,2703,35275,46204,10133.28148,3924,36213,73300,39.00628493,2.802737736,118.4,760.6923077,573,5641.247818,0,28797,40775,7555.181501,1356,33199,46179,34.22257851,1,159.9230769,346.52,127,8821.464567,417,34885,54562,18380.4252,2498,48360,155897,14.01317044,1.218858639,54.91016949,59.39243499,103,10464.86408,2678,52533,54713,18656.05825,3519,61772,73529,89.58366719,1.525736379,549.5806452,1315.6,26,11596.69231,1499,60878,61016,19506,1685,148747,165981,28.2963537,1.579222287,168.5,196.3,104,12770.27885,0,35793,164924,23378.97115,945,36770,407254,52.53716634,1,146.7,1438.5,17,26167.47059,0,153165,153165,299356.6471,14877,1223053,1223053,3.353195923,1,35.00470588,35.00470588,31,13067.64516,0,68322,71698,24145.22581,6815,99023,133062,54.81193399,1,723.6486486,741.8055556,190,5046.121053,0,29525,112139,11901.53158,696,33739,289878,73.43892138,1,559.4,2543.7,231,12411.96104,4177,39986,44338,15752.68398,4844,41626,146758,35.35591434,6.977272727,77.41052632,225.1217391,67,9622.746269,2478,45175,78673,34492.1791,8179,154824,618552,93.49690779,1.383110444,400.8518519,1082.2,4,712,0,1450,1450,762.75,59,1484,1484,17.48676471,1,43.64705882,43.64705882,142,21673.03521,13925,63153,192629,43878.79577,19263,155944,283960,75.44096637,2.195101897,392.3,1045.266667,41,5820.390244,2356,14281,15392,5988.463415,2385,14284,15680,344.3605976,58.98895028,1428.3,1442.6,6,15866.83333,3458,40060,40060,44523.5,11312,176586,176586,366.4382178,1.440285205,2188.529412,2188.529412,59,4913.711864,0,68396,68401,14777.44068,163,166736,169235,4.96158885,1,19.65034965,95.1,1856,9320.919181,401,37845,68398,18619.96121,2181,60272,279051,53.67216435,1.166564775,226.5375,1168.909091
s13-helios-venus,shortest_estimate+topology_aware+none,7,0.7935925451,0.009421980391,0.05655939019,0,0,0.7276111745,2318,1856,0,8286.317888,0,35994,144056,17585.35991,1170,57942,281698,30.65815077,1,128.461165,602.1538462,30.62566154,83105.59298,836,9766.686603,36182,0.3141546553,0.08738201106,0.0284183481,1,0,0,0,0,0,0,0,0,0,0.2723888255,259.793928,,,0,1430055,0,0,3674,135,5615.762963,98,26257,34334,6751.992593,1138,28982,40146,38.39341566,1.499638989,286.71875,602.1538462,573,3762.268761,0,22088,35502,5676.202443,1029,25064,39179,14.67425725,1,64.04545455,162.3943662,127,8588.700787,0,36095,152396,18147.66142,833,48405,241610,11.30165802,1,52.83805668,145.765625,103,10468.03883,1489,38899,150634,18659.23301,2487,52208,186066,56.67000181,1.492107765,232.3518519,1111.6,26,7400.961538,0,51289,51427,15310.26923,579,139158,156392,8.741112109,1,53.20357143,67,104,12163.94231,0,36846,157576,22772.63462,905,37429,399074,45.8035286,1,130.9787234,1227.1,17,41380.29412,0,190499,190499,314569.4706,7639,1274630,1274630,1.507613626,1,5.5509839,5.5509839,31,10062,0,58733,117049,21139.58065,3315,127284,197217,7.94517589,1,39.33663366,110.1538462,190,3230.273684,0,13099,103959,10085.68421,579,28295,281698,14.4238325,1,135.9,234.03125,231,9983.463203,0,35994,50447,13324.18615,1237,37669,140799,20.34162041,1,60.915,142.970297,67,12513.76119,0,70493,206754,37383.19403,3698,227933,642978,61.16846975,1,286.25,873.6,4,1128.5,0,4514,4514,1179.25,59,4564,4564,23.57,1,91.28,91.28,142,23110.11972,4598,107997,183622,45315.88028,7242,194865,261454,47.54686743,1.829902305,346.4,453.8,41,4159.536585,43,12167,12445,4327.609756,290,12174,12453,234.3319037,4.583333333,1217.4,1245.3,6,67123.33333,2645,210170,210170,95780,10499,346696,346696,391.6688659,6.481988894,2188.529412,2188.529412,59,3489.440678,0,36284,61786,13353.16949,165,134622,162625,7.350752305,1,29.390625,184.5,1856,8286.317888,0,35994,144056,17585.35991,1170,57942,281698,30.65815077,1,128.461165,602.1538462
s13-helios-venus,shortest_estimate+topology_aware+none,8,0.717313561,0.01460241948,0.05692080208,0,0,0.6457903394,2318,1856,0,12574.93534,379,36224,239032,21873.97737,1947,69576,389250,47.62445107,1.3061695,199.0923077,1030.9,47.59120753,127736.0216,836,15006.13636,37618,0.3523047381,0.1525216068,0.03068044584,1,0,0,0,0,0,0,0,0,0,0.3542096606,253.7752107,,,0,1629803,0,0,3732,135,7332,286,32415,37618,8468.22963,1195,34367,38882,50.17251312,1.162658228,345.0909091,720,573,5964.462478,242,26507,35424,7878.396161,1725,28599,38039,34.46164334,1.389876352,173.6760563,522.4423077,127,13786.14173,4085,35833,239032,23345.10236,5577,63278,284035,15.5914772,6.3125,55.73797678,165.65625,103,17252.65049,999,115001,279910,25443.84466,2740,128261,292145,84.17695389,1.566539924,256.5555556,1360,26,14404.84615,0,123356,222012,22314.15385,339,211087,327115,1.929636662,1,3.218045113,14.85220339,104,13276.16346,471,36781,39085,23884.85577,1079,38881,375633,36.46346374,1.180229504,79.37086093,156.255814,17,62636.05882,0,382037,382037,335825.2353,7639,1474378,1474378,1.534071795,1,8.033989267,8.033989267,31,14451.74194,0,130662,134494,25529.32258,3311,161819,195402,8.071763611,1,53.20512821,111.3076923,190,10003.98421,0,28583,271703,16859.39474,1084,45146,449442,80.64029078,1,219.6571429,2258.4,231,13327.1645,0,36224,286280,16667.88745,1165,38377,389250,19.79064895,1,64.63166667,117.4,67,21204.28358,3805,111721,329998,46073.71642,5361,227933,869877,76.60765677,1.320151161,306.21875,1030.9,4,3577.75,806,6692,6692,3628.5,840,6751,6751,68.71906946,24.70588235,122.18,122.18,142,31863.55634,5310,157603,309867,54069.3169,5738,259441,417389,57.14593492,2.439729268,466,622.3,41,4598.097561,770,13321,13752,4766.170732,1231,13330,13760,260.1243005,12.42056075,1333,1376,6,43229.83333,4451,183758,183758,71886.5,12305,320284,320284,389.3093929,2.345956082,2188.529412,2188.529412,59,12692.20339,0,131194,321291,22555.9322,165,229532,422130,11.6202013,1,38.8962963,324.7,1856,12574.93534,379,36224,239032,21873.97737,1947,69576,389250,47.62445107,1.3061695,199.0923077,1030.9
s13-helios-venus,shortest_estimate+topology_aware+none,9,0.7920939196,0.009158824092,0.05561657655,0,0,0.7273185189,2318,1856,0,8140.931034,0,35394,127419,17439.97306,1230,64317,299029,29.98932824,1,124.8732394,618.7,29.95473772,56495.3966,836,9471.07177,36019,0.3360854843,0.03185510013,0.02840938904,1,0,0,0,0,0,0,0,0,0,0.2726814811,238.9789591,,,0,1420491,0,0,3654,135,5023.007407,0,30773,34629,6159.237037,1113,32516,48963,28.75610918,1,219.7272727,362.1481481,573,3900.396161,0,27425,34477,5814.329843,993,28967,37199,16.39893302,1,54.67721519,202.6754386,127,11255.9685,3043,36300,177005,20814.92913,4526,64992,230426,14.04071372,4.274711168,55.40871022,87,103,7547.893204,864,37131,60055,15739.08738,2268,49781,72715,46.85992454,1.249445255,203.6481481,983.6,26,4828.884615,0,15652,102101,12738.19231,329,108072,189832,1.537427364,1,4.30075188,10.48031496,104,14490.375,0,36765,184494,25099.06731,952,37348,449267,32.65031005,1,100.1444444,122.5783133,17,32284.41176,0,172725,172725,305473.5882,7639,1265066,1265066,1.621388689,1,8.726296959,8.726296959,31,7249.774194,0,65571,65773,18327.35484,3347,109314,145739,7.685393338,1,40.37606838,75,190,4270.6,0,19985,154152,11126.01053,550,41638,331891,13.14401958,1,92.8,211.7428571,231,9536.246753,0,36000,83230,12876.9697,974,37186,204386,16.00972278,1,60.99,86.78205128,67,11183.97015,4534,57458,202093,36053.40299,5444,227933,660565,65.07527926,1.387546902,250.6944444,745.6,4,1586.5,0,3846,3846,1637.25,60,3896,3896,30.82322034,1,77.92,77.92,142,22301.78873,1878,100548,232041,44507.5493,3189,207573,308317,56.57692579,1.391482418,511.3,659.6,41,4421.365854,5901,10734,10892,4589.439024,6078,10743,10895,255.1054174,32.657277,1074.3,1089.5,6,40641,7982,162503,162503,69297.66667,35354,299029,299029,367.4127911,2.19027145,2188.529412,2188.529412,59,3754.762712,0,13187,111981,13618.49153,164,112935,210319,11.75766493,1,37.77205882,349.4,1856,8140.931034,0,35394,127419,17439.97306,1230,64317,299029,29.98932824,1,124.8732394,618.7
s13-helios-venus,shortest_estimate+topology_aware+none,10,0.9333968311,0.03196830463,0.2717927444,0,0,0.629635782,2318,1856,0,29882.02047,0,172967,399602,39181.0625,1655,178648,543823,108.5836295,1,435.862259,2361.25,108.5510326,257788.3464,836,40530.02273,177139,0.3350919459,0.06039196067,0.02705556073,1,0,0,0,0,0,0,0,0,0,0.370364218,217.9516568,,,0,1683465,0,0,3646,135,32084.80741,209,176626,179635,33221.03704,1254,178524,189634,131.5441088,1.208582834,739.5384615,1890.846154,573,13769.85864,0,155009,178451,15683.79232,923,159824,182291,46.75657381,1,237.3235294,487.2741935,127,41142.76378,0,161998,165833,50701.72441,885,163147,166455,56.15866998,1,256.4665552,272.80033,103,31138.23301,2687,169248,187578,39329.42718,11237,188967,206543,181.5857732,2.661257156,1060.780488,2811.2,26,49343.88462,0,176880,177018,57253.19231,560,264749,281983,163.3352972,1,259.137931,3070.3,104,33940.61538,0,158907,447468,44549.30769,2987,160305,712241,121.7517036,1,338.6860465,2932.1,17,83207.23529,0,435699,435699,356396.4118,18411,1528040,1528040,5.709798126,1,69.79764706,69.79764706,31,33426.64516,0,184324,187700,44504.22581,7388,215025,249396,22.14386824,1,120.5898876,183.974359,190,16114.37368,0,67518,431336,22969.78421,755,122605,594865,98.42928989,1,272,4289.2,231,39560.74892,3465,174969,447074,42901.47186,4621,176547,539997,82.51291513,1.875626881,241.0598053,1416.380952,67,46387.9403,6581,347872,465067,71257.37313,20402,459811,923539,226.480809,1.610701162,944.4333333,2573.2,4,15964.5,15737,21995,21995,16015.25,15787,22054,22054,314.0863584,299.5588235,373.7966102,373.7966102,142,68947.00704,20534,399562,497510,91152.76761,34631,445337,585045,100.6216406,1.76559967,658.5217391,1759.933333,41,26478.82927,19782,29446,165333,26646.90244,19959,29454,165514,1034.504146,682.047619,2917,2945.4,6,16529,2168,37188,37188,45185.66667,29540,165415,165415,379.6240317,4.761777438,2188.529412,2188.529412,59,20274.13559,0,184730,374955,30137.86441,157,285569,473293,4.746484434,1,14.38125,166.9290123,1856,29882.02047,0,172967,399602,39181.0625,1655,178648,543823,108.5836295,1,435.862259,2361.25
s13-helios-venus,shortest_estimate+topology_aware+risk,1,0.9285992611,9.729230408e-05,0.0003975530843,0,0,0.9281044157,2318,1856,0,315.3421336,0,253,9185,9614.384159,351,34165,177739,3.529192252,1,1.326502732,11.4137931,3.483179321,13737.15421,836,690.7117225,2791,0.4606836539,0.01407444088,0.03819348815,1,0,0,0,0,0,0,0,0,0,0.07189558428,368.1391582,,,0,1247773,80,35,3392,135,0,0,0,0,1136.22963,687,1333,26153,1,1,1,1,573,0,0,0,0,1913.933682,150,4786,24939,1,1,1,1,127,542.4409449,0,1081,8199,10101.40157,774,45003,96686,1.719754941,1,2.424143556,11.4137931,103,464.0291262,0,0,12053,8655.223301,202,31550,34115,2.291077986,1,1,5.088713911,26,0,0,0,0,7909.307692,329,87731,105103,1,1,1,1,104,85.93269231,0,269,605,10694.625,588,8425,292915,1.080372329,1,1.381560284,2.579634465,17,0,0,0,0,273189.1765,7639,1092341,1092341,1,1,1,1,31,0,0,0,0,11077.58065,3309,80168,92183,1,1,1,1,190,79.80526316,0,0,3433,6935.215789,222,21752,177739,1.144875402,1,1,10.21223022,231,1721.281385,0,10796,39192,5062.004329,761,12771,161540,10.65249496,1,11.99389002,22.63189569,67,0,0,0,0,24869.43284,107,111939,573377,1,1,1,1,4,0,0,0,0,50.75,50,60,60,1,1,1,1,142,11.79577465,0,0,665,22217.55634,1073,107025,119910,1.009468856,1,1,1.563559322,41,0,0,0,0,168.0731707,21,363,3404,1,1,1,1,6,7533.166667,3,37188,37188,36189.83333,7857,136526,136526,368.1391582,1.018292683,2188.529412,2188.529412,59,0,0,0,0,9863.728814,157,100839,129763,1,1,1,1,1856,315.3421336,0,253,9185,9614.384159,351,34165,177739,3.529192252,1,1.326502732,11.4137931
s13-helios-venus,shortest_estimate+topology_aware+risk,2,0.9283233065,0.0001013304986,0.000512262077,0,0,0.9277097139,2318,1856,0,315.5043103,0,326,8724,9614.546336,355,34165,177739,3.670783359,1,1.381560284,10.98676171,3.624770428,11950.84156,836,688.9222488,3144,0.4606806312,0.01407444088,0.03820372376,1,0,0,0,0,0,0,0,0,0,0.07229028612,368.1391582,,,0,1247773,90,53,3397,135,0,0,0,0,1136.22963,687,1333,26153,1,1,1,1,573,0,0,0,0,1913.933682,150,4786,24939,1,1,1,1,127,524.9448819,0,768,8903,10083.90551,787,45003,96686,1.694099239,1,2.108069164,12.37037037,103,464.0291262,0,0,12259,8655.223301,202,31550,34115,2.291137391,1,1,5.088713911,26,0,0,0,0,7909.307692,329,87731,105103,1,1,1,1,104,83.81730769,0,269,383,10692.50962,588,8425,292915,1.071341031,1,1.381560284,1.635157546,17,0,0,0,0,273189.1765,7639,1092341,1092341,1,1,1,1,31,0,0,0,0,11077.58065,3309,80168,92183,1,1,1,1,190,77.24736842,0,0,3433,6932.657895,222,23308,177739,1.142268582,1,1,10.21223022,231,1735.25974,0,9256,39132,5075.982684,762,14968,161540,11.81041557,1,11.4729892,39.19047619,67,0,0,0,0,24869.43284,107,111939,573377,1,1,1,1,4,0,0,0,0,50.75,50,60,60,1,1,1,1,142,11.79577465,0,0,671,22217.55634,1073,107025,119910,1.00946983,1,1,1.568644068,41,0,0,0,0,168.0731707,21,363,3404,1,1,1,1,6,7533.166667,3,37188,37188,36189.83333,7857,136526,136526,368.1391582,1.018292683,2188.529412,2188.529412,59,0,0,0,0,9863.728814,157,100839,129763,1,1,1,1,1856,315.5043103,0,326,8724,9614.546336,355,34165,177739,3.670783359,1,1.381560284,10.98676171
s13-helios-venus,shortest_estimate+topology_aware+risk,3,0.9277029641,0.0001013702507,0.0004431224102,0,0,0.9271584714,2318,1856,0,318.2521552,0,282,8876,9617.294181,355,35150,177739,3.863575385,1,1.382102273,11.85336049,3.817562454,12300.15272,836,689.708134,2158,0.4606952073,0.01407444088,0.0381958613,1,0,0,0,0,0,0,0,0,0,0.07284152861,368.1391582,,,0,1247773,80,61,3384,135,0,0,0,0,1136.22963,687,1333,26153,1,1,1,1,573,0,0,0,0,1913.933682,150,4786,24939,1,1,1,1,127,533.3779528,0,799,8199,10092.33858,812,45003,96686,1.716755454,1,2.072483221,11.4137931,103,464.0291262,0,0,12259,8655.223301,202,31550,34115,2.291137391,1,1,5.088713911,26,0,0,0,0,7909.307692,329,87731,105103,1,1,1,1,104,85.93269231,0,269,605,10694.625,588,8425,292915,1.080372329,1,1.381560284,2.579634465,17,0,0,0,0,273189.1765,7639,1092341,1092341,1,1,1,1,31,0,0,0,0,11077.58065,3309,80168,92183,1,1,1,1,190,77.24736842,0,0,3433,6932.657895,222,23308,177739,1.142268582,1,1,10.21223022,231,1751.748918,0,10484,38955,5092.471861,774,13286,161540,13.3428932,1,12.26309068,44,67,0,0,0,0,24869.43284,107,111939,573377,1,1,1,1,4,0,0,0,0,50.75,50,60,60,1,1,1,1,142,11.79577465,0,0,671,22217.55634,1073,107025,119910,1.009491486,1,1,1.568644068,41,0,0,0,0,168.0731707,21,363,3404,1,1,1,1,6,7533.166667,3,37188,37188,36189.83333,7857,136526,136526,368.1391582,1.018292683,2188.529412,2188.529412,59,0,0,0,0,9863.728814,157,100839,129763,1,1,1,1,1856,318.2521552,0,282,8876,9617.294181,355,35150,177739,3.863575385,1,1.382102273,11.85336049
s13-helios-venus,shortest_estimate+topology_aware+risk,4,0.9277261464,9.945286595e-05,0.0004226947814,0,0,0.9272039987,2318,1856,0,317.4989224,0,269,8673,9616.540948,355,34935,177739,3.848858905,1,1.355960265,11.36244019,3.802845974,14331.87957,836,687.9342105,3105,0.4606735687,0.01407444088,0.03820325183,1,0,0,0,0,0,0,0,0,0,0.07279600127,368.1391582,,,0,1247773,72,35,3387,135,0,0,0,0,1136.22963,687,1333,26153,1,1,1,1,573,0,0,0,0,1913.933682,150,4786,24939,1,1,1,1,127,530.4173228,0,945,8903,10089.37795,774,45003,96686,1.704892979,1,2.376764387,12.37037037,103,464.0291262,0,0,12053,8655.223301,202,31550,34115,2.291077986,1,1,5.088713911,26,0,0,0,0,7909.307692,329,87731,105103,1,1,1,1,104,83.81730769,0,269,383,10692.50962,588,8425,292915,1.071341031,1,1.381560284,1.635157546,17,0,0,0,0,273189.1765,7639,1092341,1092341,1,1,1,1,31,0,0,0,0,11077.58065,3309,80168,92183,1,1,1,1,190,77.24736842,0,0,3433,6932.657895,222,23308,177739,1.142268582,1,1,10.21223022,231,1748.277056,0,8673,39314,5089,761,13612,161540,13.23527992,1,11.75510204,40.04761905,67,0,0,0,0,24869.43284,107,111939,573377,1,1,1,1,4,0,0,0,0,50.75,50,60,60,1,1,1,1,142,11.79577465,0,0,665,22217.55634,1073,107025,119910,1.009468856,1,1,1.563559322,41,0,0,0,0,168.0731707,21,363,3404,1,1,1,1,6,7533.166667,3,37188,37188,36189.83333,7857,136526,136526,368.1391582,1.018292683,2188.529412,2188.529412,59,0,0,0,0,9863.728814,157,100839,129763,1,1,1,1,1856,317.4989224,0,269,8673,9616.540948,355,34935,177739,3.848858905,1,1.355960265,11.36244019
s13-helios-venus,shortest_estimate+topology_aware+risk,5,0.9284723126,0.0001009777398,0.0004226947814,0,0,0.9279486401,2318,1856,0,320.2871767,0,269,8862,9619.329203,355,34918,177739,3.580740713,1,1.3767507,11.51128609,3.534727782,11784.00464,836,701.3301435,3470,0.4606801322,0.01407444088,0.03820359584,1,0,0,0,0,0,0,0,0,0,0.0720513599,368.1391582,,,0,1247773,97,42,3381,135,0,0,0,0,1136.22963,687,1333,26153,1,1,1,1,573,0,0,0,0,1913.933682,150,4786,24939,1,1,1,1,127,532.6929134,0,785,8199,10091.65354,822,45003,96686,1.715578253,1,2.072483221,11.4137931,103,564.3203883,0,0,17924,8755.514563,202,31550,34115,2.351921397,1,1,11.51128609,26,0,0,0,0,7909.307692,329,87731,105103,1,1,1,1,104,83.81730769,0,269,383,10692.50962,588,8425,292915,1.071341031,1,1.381560284,1.635157546,17,0,0,0,0,273189.1765,7639,1092341,1092341,1,1,1,1,31,0,0,0,0,11077.58065,3309,80168,92183,1,1,1,1,190,77.24736842,0,0,3470,6932.657895,222,22886,177739,1.14230771,1,1,10.21223022,231,1724.709957,0,9655,39165,5065.4329,761,12759,161540,11.04799952,1,11.67003027,38.28571429,67,0,0,0,0,24869.43284,107,111939,573377,1,1,1,1,4,0,0,0,0,50.75,50,60,60,1,1,1,1,142,11.79577465,0,0,665,22217.55634,1073,107025,119910,1.009490512,1,1,1.563559322,41,0,0,0,0,168.0731707,21,363,3404,1,1,1,1,6,7533.166667,3,37188,37188,36189.83333,7857,136526,136526,368.1391582,1.018292683,2188.529412,2188.529412,59,0,0,0,0,9863.728814,157,100839,129763,1,1,1,1,1856,320.2871767,0,269,8862,9619.329203,355,34918,177739,3.580740713,1,1.3767507,11.51128609
s13-helios-venus,shortest_estimate+topology_aware+risk,6,0.9281719333,0.0001009777398,0.0004226947814,0,0,0.9276482608,2318,1856,0,326.7661638,0,269,9548,9625.80819,355,35154,177739,3.692207462,1,1.3767507,12.54534462,3.646194531,11993.26411,836,715.6100478,2099,0.4606808231,0.01407444088,0.0382037471,1,0,0,0,0,0,0,0,0,0,0.07235173922,368.1391582,,,0,1247773,69,29,3434,135,0,0,0,0,1136.22963,687,1333,26153,1,1,1,1,573,0,0,0,0,1913.933682,150,4786,24939,1,1,1,1,127,527.8110236,0,806,8982,10086.77165,787,45003,96686,1.698898331,1,2.057873486,11.78271309,103,464.0291262,0,0,12053,8655.223301,202,31550,34115,2.291077986,1,1,5.088713911,26,0,0,0,0,7909.307692,329,87731,105103,1,1,1,1,104,83.81730769,0,269,383,10692.50962,588,8425,292915,1.071341031,1,1.381560284,1.635157546,17,0,0,0,0,273189.1765,7639,1092341,1092341,1,1,1,1,31,0,0,0,0,11077.58065,3309,80168,92183,1,1,1,1,190,77.24736842,0,0,3433,6932.657895,222,23308,177739,1.142268582,1,1,10.21223022,231,1824.168831,0,9941,38970,5164.891775,762,13515,161540,11.97993898,1,13.41985646,55.2,67,0,0,0,0,24869.43284,107,111939,573377,1,1,1,1,4,0,0,0,0,50.75,50,60,60,1,1,1,1,142,11.79577465,0,0,665,22217.55634,1073,107025,119910,1.009468856,1,1,1.563559322,41,0,0,0,0,168.0731707,21,363,3404,1,1,1,1,6,7533.166667,3,37188,37188,36189.83333,7857,136526,136526,368.1391582,1.018292683,2188.529412,2188.529412,59,0,0,0,0,9863.728814,157,100839,129763,1,1,1,1,1856,326.7661638,0,269,9548,9625.80819,355,35154,177739,3.692207462,1,1.3767507,12.54534462
s13-helios-venus,shortest_estimate+topology_aware+risk,7,0.9284064417,0.0001013304986,0.0004226947814,0,0,0.9278824164,2318,1856,0,316.3760776,0,269,9553,9615.418103,355,34165,177739,3.608363646,1,1.381560284,11.4137931,3.562350715,13870.99039,836,692.7057416,2718,0.4606817443,0.01407444088,0.03820379976,1,0,0,0,0,0,0,0,0,0,0.0721175836,368.1391582,,,0,1247773,76,33,3398,135,0,0,0,0,1136.22963,687,1333,26153,1,1,1,1,573,0,0,0,0,1913.933682,150,4786,24939,1,1,1,1,127,541.6220472,0,1157,8199,10100.58268,782,45003,96686,1.718090292,1,2.500648508,11.4137931,103,464.0291262,0,0,12259,8655.223301,202,31550,34115,2.291137391,1,1,5.088713911,26,0,0,0,0,7909.307692,329,87731,105103,1,1,1,1,104,83.81730769,0,269,383,10692.50962,588,8425,292915,1.071341031,1,1.381560284,1.635157546,17,0,0,0,0,273189.1765,7639,1092341,1092341,1,1,1,1,31,0,0,0,0,11077.58065,3309,80168,92183,1,1,1,1,190,77.24736842,0,0,3433,6932.657895,222,23308,177739,1.142268582,1,1,10.21223022,231,1733.095238,0,10250,39002,5073.818182,766,13537,161540,11.29570626,1,12.65,71.9047619,67,0,0,0,0,24869.43284,107,111939,573377,1,1,1,1,4,0,0,0,0,50.75,50,60,60,1,1,1,1,142,11.79577465,0,0,671,22217.55634,1073,107025,119910,1.00946983,1,1,1.568644068,41,0,0,0,0,168.0731707,21,363,3404,1,1,1,1,6,7533.166667,3,37188,37188,36189.83333,7857,136526,136526,368.1391582,1.018292683,2188.529412,2188.529412,59,0,0,0,0,9863.728814,157,100839,129763,1,1,1,1,1856,316.3760776,0,269,9553,9615.418103,355,34165,177739,3.608363646,1,1.381560284,11.4137931
s13-helios-venus,shortest_estimate+topology_aware+risk,8,0.9286995866,0.000103711877,0.000534261062,0,0,0.9280616137,2318,1856,0,314.5010776,0,340,8154,9613.543103,355,34165,177739,3.544593373,1,1.414028473,10.73451327,3.498580442,11708.02946,836,687.8110048,2658,0.460670498,0.01407444088,0.03820122904,1,0,0,0,0,0,0,0,0,0,0.07193838629,368.1391582,,,0,1247773,75,29,3397,135,0,0,0,0,1136.22963,687,1333,26153,1,1,1,1,573,0,0,0,0,1913.933682,150,4786,24939,1,1,1,1,127,543.8346457,0,1110,8199,10102.79528,787,45003,96686,1.725623707,1,2.357627119,11.4137931,103,464.0291262,0,0,12259,8655.223301,202,31550,34115,2.291137391,1,1,5.088713911,26,0,0,0,0,7909.307692,329,87731,105103,1,1,1,1,104,83.81730769,0,269,383,10692.50962,588,8425,292915,1.071341031,1,1.381560284,1.635157546,17,0,0,0,0,273189.1765,7639,1092341,1092341,1,1,1,1,31,0,0,0,0,11077.58065,3309,80168,92183,1,1,1,1,190,79.80526316,0,0,3433,6935.215789,222,21752,177739,1.144875402,1,1,10.21223022,231,1714.709957,0,8673,39293,5055.4329,762,13894,161540,10.77703638,1,10.73451327,39.19047619,67,0,0,0,0,24869.43284,107,111939,573377,1,1,1,1,4,0,0,0,0,50.75,50,60,60,1,1,1,1,142,11.79577465,0,0,671,22217.55634,1073,107025,119910,1.009491486,1,1,1.568644068,41,0,0,0,0,168.0731707,21,363,3404,1,1,1,1,6,7533.166667,3,37188,37188,36189.83333,7857,136526,136526,368.1391582,1.018292683,2188.529412,2188.529412,59,0,0,0,0,9863.728814,157,100839,129763,1,1,1,1,1856,314.5010776,0,340,8154,9613.543103,355,34165,177739,3.544593373,1,1.414028473,10.73451327
s13-helios-venus,shortest_estimate+topology_aware+risk,9,0.9289087186,0.0001111307663,0.0006646836153,0,0,0.9281329042,2318,1856,0,314.5366379,0,423,8987,9613.578664,351,34165,177739,3.51869289,1,1.515179094,11.93908629,3.472679959,11669.45617,836,689.5263158,2520,0.4606796236,0.01407444088,0.03819479761,1,0,0,0,0,0,0,0,0,0,0.07186709579,368.1391582,,,0,1247773,76,31,3378,135,0,0,0,0,1136.22963,687,1333,26153,1,1,1,1,573,0,0,0,0,1913.933682,150,4786,24939,1,1,1,1,127,545.8425197,0,765,8987,10104.80315,884,45003,96686,1.728387828,1,2.131447587,12.47765006,103,464.0291262,0,0,12053,8655.223301,202,31550,34115,2.291077986,1,1,5.088713911,26,0,0,0,0,7909.307692,329,87731,105103,1,1,1,1,104,85.93269231,0,269,605,10694.625,588,8425,292915,1.080372329,1,1.381560284,2.579634465,17,0,0,0,0,273189.1765,7639,1092341,1092341,1,1,1,1,31,0,0,0,0,11077.58065,3309,80168,92183,1,1,1,1,190,77.24736842,0,0,3433,6932.657895,222,23308,177739,1.142268582,1,1,10.21223022,231,1715.04329,0,9558,39256,5055.766234,766,12881,161540,10.56552045,1,11.97148676,25.16950853,67,0,0,0,0,24869.43284,107,111939,573377,1,1,1,1,4,0,0,0,0,50.75,50,60,60,1,1,1,1,142,11.79577465,0,0,671,22217.55634,1073,107025,119910,1.009491486,1,1,1.568644068,41,0,0,0,0,168.0731707,21,363,3404,1,1,1,1,6,7533.166667,3,37188,37188,36189.83333,7857,136526,136526,368.1391582,1.018292683,2188.529412,2188.529412,59,0,0,0,0,9863.728814,157,100839,129763,1,1,1,1,1856,314.5366379,0,423,8987,9613.578664,351,34165,177739,3.51869289,1,1.515179094,11.93908629
s13-helios-venus,shortest_estimate+topology_aware+risk,10,0.9279967962,9.438489147e-05,0.0004164093571,0,0,0.927486002,2318,1856,0,324.8162716,0,265,9646,9623.858297,355,35154,177739,3.749431256,1,1.286862487,12.65,3.703418325,14122.08413,836,710.2894737,3044,0.4606858513,0.01407444088,0.03820409039,1,0,0,0,0,0,0,0,0,0,0.072513998,368.1391582,,,0,1247773,81,45,3439,135,0,0,0,0,1136.22963,687,1333,26153,1,1,1,1,573,0,0,0,0,1913.933682,150,4786,24939,1,1,1,1,127,528.0708661,0,806,8982,10087.0315,767,45003,96686,1.700547533,1,2.158069884,11.78271309,103,464.0291262,0,0,12259,8655.223301,202,31550,34115,2.291137391,1,1,5.088713911,26,0,0,0,0,7909.307692,329,87731,105103,1,1,1,1,104,83.81730769,0,269,383,10692.50962,588,8425,292915,1.071341031,1,1.381560284,1.635157546,17,0,0,0,0,273189.1765,7639,1092341,1092341,1,1,1,1,31,0,0,0,0,11077.58065,3309,80168,92183,1,1,1,1,190,77.24736842,0,0,3470,6932.657895,222,22886,177739,1.14230771,1,1,10.21223022,231,1808.359307,0,9951,38930,5149.082251,766,13165,161540,12.43874573,1,12.75935288,138.1,67,0,0,0,0,24869.43284,107,111939,573377,1,1,1,1,4,0,0,0,0,50.75,50,60,60,1,1,1,1,142,11.79577465,0,0,665,22217.55634,1073,107025,119910,1.009468856,1,1,1.563559322,41,0,0,0,0,168.0731707,21,363,3404,1,1,1,1,6,7533.166667,3,37188,37188,36189.83333,7857,136526,136526,368.1391582,1.018292683,2188.529412,2188.529412,59,0,0,0,0,9863.728814,157,100839,129763,1,1,1,1,1856,324.8162716,0,265,9646,9623.858297,355,35154,177739,3.749431256,1,1.286862487,12.65
