scenario,policy,metric,n,mean,ci95_low,ci95_high
s2-80-exact,fifo+first_fit+none,J,20,2.048807518,1.313851063,2.783763972
s2-80-exact,fifo+first_fit+none,J_slowdown,20,0.7750319914,0.4463529993,1.103710983
s2-80-exact,fifo+first_fit+none,J_wait,20,0.8561045815,0.5762182216,1.135990941
s2-80-exact,fifo+first_fit+none,J_waste,20,0.04758862948,0.04271059252,0.05246666643
s2-80-exact,fifo+first_fit+none,J_slo,20,0.3234909426,0.1863936725,0.4605882128
s2-80-exact,fifo+first_fit+none,J_fairness,20,0.04659137256,0.02638991855,0.06679282657
s2-80-exact,fifo+first_fit+none,wait_mean,20,4762.627194,2224.85583,7300.398558
s2-80-exact,fifo+first_fit+none,wait_p95,20,10855.5542,7306.546736,14404.56166
s2-80-exact,fifo+first_fit+none,wait_p99,20,12669.6741,9028.516216,16310.83198
s2-80-exact,fifo+first_fit+none,jct_mean,20,7420.37152,4823.289195,10017.45384
s2-80-exact,fifo+first_fit+none,jct_p95,20,16033.41655,12560.23662,19506.59648
s2-80-exact,fifo+first_fit+none,bsld_mean,20,8.904264709,4.950591605,12.85793781
s2-80-exact,fifo+first_fit+none,bsld_p95,20,33.89642169,19.52147738,48.271366
s2-80-exact,fifo+first_fit+none,bsld_p99,20,80.04887162,48.72571226,111.372031
s2-80-exact,fifo+first_fit+none,wflow_mean,20,8.904264709,4.950591605,12.85793781
s2-80-exact,fifo+first_fit+none,wflow_sum_all,20,17405.48343,9884.931486,24926.03537
s2-80-exact,fifo+first_fit+none,large_wait_mean,20,4974.574287,2395.752649,7553.395925
s2-80-exact,fifo+first_fit+none,large_wait_p95,20,11043.77285,7487.567164,14599.97854
s2-80-exact,fifo+first_fit+none,utilization,20,0.7870059813,0.7682271649,0.8057847976
s2-80-exact,fifo+first_fit+none,frag_blocked_frac,20,0.5762429764,0.4910324447,0.6614535081
s2-80-exact,fifo+first_fit+none,stranded_frac,20,0.1941101667,0.1717935633,0.21642677
s2-80-exact,fifo+first_fit+none,goodput_ratio,20,0.9524113705,0.9475333336,0.9572894075
s2-80-exact,fifo+first_fit+none,wasted_gpu_hours,20,234.2516498,195.3647943,273.1385053
s2-80-exact,fifo+first_fit+none,lost_gpu_hours,20,0,0,0
s2-80-exact,fifo+first_fit+none,overhead_gpu_hours,20,0,0,0
s2-80-exact,fifo+first_fit+none,topology_gpu_hours,20,234.2515373,195.3646853,273.1383893
s2-80-exact,fifo+first_fit+none,slack_gpu_hours,20,0.0001124767677,0.0001051012894,0.000119852246
s2-80-exact,fifo+first_fit+none,preemptions,20,0,0,0
s2-80-exact,fifo+first_fit+none,failure_kills,20,0,0,0
s2-80-exact,fifo+first_fit+none,node_downtime_gpu_hours,20,0,0,0
s2-80-exact,fifo+first_fit+none,jain_bsld,20,0.9534086274,0.9332071734,0.9736100814
s2-80-exact,fifo+first_fit+none,tenant_worst_best_ratio,20,1.724444774,1.503675029,1.945214518
s2-80-exact,fifo+first_fit+none,slo_attainment,20,0.6765090574,0.5394117872,0.8136063275
s2-80-exact,fifo+first_fit+none,makespan,20,250690.4338,218321.4464,283059.4212
s2-80-exact,fifo+first_fit+none,reservations,20,0,0,0
s2-80-exact,fifo+first_fit+none,broken_reservations,20,0,0,0
s2-80-exact,fifo+first_fit+none,tenant_t0_bsld_mean,20,9.23827518,4.751841951,13.72470841
s2-80-exact,fifo+first_fit+none,tenant_t0_bsld_p95,20,36.85832915,18.26950597,55.44715232
s2-80-exact,fifo+first_fit+none,tenant_t1_bsld_mean,20,8.535515941,4.814570561,12.25646132
s2-80-exact,fifo+first_fit+none,tenant_t1_bsld_p95,20,31.6988154,18.60641925,44.79121154
s2-80-exact,fifo+first_fit+none,tenant_t2_bsld_mean,20,9.286873138,4.956493094,13.61725318
s2-80-exact,fifo+first_fit+none,tenant_t2_bsld_p95,20,35.50964898,19.8059472,51.21335075
s2-80-exact,fifo+first_fit+none,tenant_t3_bsld_mean,20,8.169713729,4.57599991,11.76342755
s2-80-exact,fifo+first_fit+none,tenant_t3_bsld_p95,20,30.45265605,18.70325734,42.20205476
s2-80-exact,fifo+first_fit+none,prio_1_wait_p95,20,10924.27295,7376.751436,14471.79446
s2-80-exact,fifo+first_fit+none,prio_1_bsld_p95,20,34.59289503,19.22701588,49.95877419
s2-80-exact,fifo+first_fit+none,prio_8_wait_p95,20,10647.29115,7191.042837,14103.53946
s2-80-exact,shortest_estimate+topology_aware+conservative,J,20,0.1682227495,0.1282632464,0.2081822526
s2-80-exact,shortest_estimate+topology_aware+conservative,J_slowdown,20,0.03981972168,0.03564986675,0.0439895766
s2-80-exact,shortest_estimate+topology_aware+conservative,J_wait,20,0.07745442038,0.05117293698,0.1037359038
s2-80-exact,shortest_estimate+topology_aware+conservative,J_waste,20,0.03496067851,0.02905910846,0.04086224856
s2-80-exact,shortest_estimate+topology_aware+conservative,J_slo,20,0.01496767913,0.009372804285,0.02056255397
s2-80-exact,shortest_estimate+topology_aware+conservative,J_fairness,20,0.001020249824,0.0005280928496,0.001512406798
s2-80-exact,shortest_estimate+topology_aware+conservative,wait_mean,20,224.5620875,143.5844421,305.5397329
s2-80-exact,shortest_estimate+topology_aware+conservative,wait_p95,20,982.13545,648.8816938,1315.389206
s2-80-exact,shortest_estimate+topology_aware+conservative,wait_p99,20,4559.8834,2985.062399,6134.704401
s2-80-exact,shortest_estimate+topology_aware+conservative,jct_mean,20,2871.480345,2552.538742,3190.421949
s2-80-exact,shortest_estimate+topology_aware+conservative,jct_p95,20,10309.8106,8903.943668,11715.67753
s2-80-exact,shortest_estimate+topology_aware+conservative,bsld_mean,20,1.14558558,1.113561927,1.177609232
s2-80-exact,shortest_estimate+topology_aware+conservative,bsld_p95,20,1.741535953,1.559165209,1.923906697
s2-80-exact,shortest_estimate+topology_aware+conservative,bsld_p99,20,3.553365514,3.132724304,3.974006725
s2-80-exact,shortest_estimate+topology_aware+conservative,wflow_mean,20,1.14558558,1.113561927,1.177609232
s2-80-exact,shortest_estimate+topology_aware+conservative,wflow_sum_all,20,2275.918891,2211.748382,2340.0894
s2-80-exact,shortest_estimate+topology_aware+conservative,large_wait_mean,20,832.8901909,550.6156215,1115.16476
s2-80-exact,shortest_estimate+topology_aware+conservative,large_wait_p95,20,3819.5622,2655.104195,4984.020205
s2-80-exact,shortest_estimate+topology_aware+conservative,utilization,20,0.7951048366,0.7666061576,0.8236035156
s2-80-exact,shortest_estimate+topology_aware+conservative,frag_blocked_frac,20,0.21593369,0.1827652533,0.2491021267
s2-80-exact,shortest_estimate+topology_aware+conservative,stranded_frac,20,0.1294236548,0.1135090433,0.1453382664
s2-80-exact,shortest_estimate+topology_aware+conservative,goodput_ratio,20,0.9650393215,0.9591377514,0.9709408915
s2-80-exact,shortest_estimate+topology_aware+conservative,wasted_gpu_hours,20,171.2649184,132.4779087,210.0519282
s2-80-exact,shortest_estimate+topology_aware+conservative,lost_gpu_hours,20,0,0,0
s2-80-exact,shortest_estimate+topology_aware+conservative,overhead_gpu_hours,20,0,0,0
s2-80-exact,shortest_estimate+topology_aware+conservative,topology_gpu_hours,20,171.2648409,132.4778369,210.0518449
s2-80-exact,shortest_estimate+topology_aware+conservative,slack_gpu_hours,20,7.753939397e-05,6.863071027e-05,8.644807767e-05
s2-80-exact,shortest_estimate+topology_aware+conservative,preemptions,20,0,0,0
s2-80-exact,shortest_estimate+topology_aware+conservative,failure_kills,20,0,0,0
s2-80-exact,shortest_estimate+topology_aware+conservative,node_downtime_gpu_hours,20,0,0,0
s2-80-exact,shortest_estimate+topology_aware+conservative,jain_bsld,20,0.9989797502,0.9984875932,0.9994719072
s2-80-exact,shortest_estimate+topology_aware+conservative,tenant_worst_best_ratio,20,1.076207829,1.058766928,1.09364873
s2-80-exact,shortest_estimate+topology_aware+conservative,slo_attainment,20,0.9850323209,0.979437446,0.9906271957
s2-80-exact,shortest_estimate+topology_aware+conservative,makespan,20,247220.1207,214390.9201,280049.3213
s2-80-exact,shortest_estimate+topology_aware+conservative,reservations,20,286.05,223.6433525,348.4566475
s2-80-exact,shortest_estimate+topology_aware+conservative,broken_reservations,20,91.3,65.64686889,116.9531311
s2-80-exact,shortest_estimate+topology_aware+conservative,tenant_t0_bsld_mean,20,1.143277868,1.109675789,1.176879947
s2-80-exact,shortest_estimate+topology_aware+conservative,tenant_t0_bsld_p95,20,1.79196006,1.59441778,1.989502339
s2-80-exact,shortest_estimate+topology_aware+conservative,tenant_t1_bsld_mean,20,1.159618305,1.119993665,1.199242946
s2-80-exact,shortest_estimate+topology_aware+conservative,tenant_t1_bsld_p95,20,1.820628623,1.630486759,2.010770487
s2-80-exact,shortest_estimate+topology_aware+conservative,tenant_t2_bsld_mean,20,1.141104576,1.105482076,1.176727076
s2-80-exact,shortest_estimate+topology_aware+conservative,tenant_t2_bsld_p95,20,1.644727817,1.466211489,1.823244144
s2-80-exact,shortest_estimate+topology_aware+conservative,tenant_t3_bsld_mean,20,1.123121541,1.087998052,1.15824503
s2-80-exact,shortest_estimate+topology_aware+conservative,tenant_t3_bsld_p95,20,1.769592662,1.553752052,1.985433272
s2-80-exact,shortest_estimate+topology_aware+conservative,prio_1_wait_p95,20,985.67675,647.9026546,1323.450845
s2-80-exact,shortest_estimate+topology_aware+conservative,prio_1_bsld_p95,20,1.721560224,1.54200235,1.901118098
s2-80-exact,shortest_estimate+topology_aware+conservative,prio_8_wait_p95,20,882.41915,553.8492065,1210.989094
s2-80-exact,shortest_estimate+topology_aware+easy,J,20,0.170074423,0.1315119185,0.2086369275
s2-80-exact,shortest_estimate+topology_aware+easy,J_slowdown,20,0.04115843894,0.03653818143,0.04577869645
s2-80-exact,shortest_estimate+topology_aware+easy,J_wait,20,0.07725269994,0.05176234692,0.102743053
s2-80-exact,shortest_estimate+topology_aware+easy,J_waste,20,0.03597794309,0.03001768701,0.04193819918
s2-80-exact,shortest_estimate+topology_aware+easy,J_slo,20,0.01435542779,0.009695185304,0.01901567027
s2-80-exact,shortest_estimate+topology_aware+easy,J_fairness,20,0.001329913231,0.0008117240233,0.001848102438
s2-80-exact,shortest_estimate+topology_aware+easy,wait_mean,20,225.6369418,147.0309102,304.2429735
s2-80-exact,shortest_estimate+topology_aware+easy,wait_p95,20,979.5776,656.3555139,1302.799686
s2-80-exact,shortest_estimate+topology_aware+easy,wait_p99,20,4728.0016,3148.802434,6307.200766
s2-80-exact,shortest_estimate+topology_aware+easy,jct_mean,20,2872.978739,2554.679197,3191.278281
s2-80-exact,shortest_estimate+topology_aware+easy,jct_p95,20,10232.24025,8828.391635,11636.08886
s2-80-exact,shortest_estimate+topology_aware+easy,bsld_mean,20,1.152039221,1.11819525,1.185883193
s2-80-exact,shortest_estimate+topology_aware+easy,bsld_p95,20,1.800085439,1.598016107,2.002154771
s2-80-exact,shortest_estimate+topology_aware+easy,bsld_p99,20,3.687822088,3.236782669,4.138861506
s2-80-exact,shortest_estimate+topology_aware+easy,wflow_mean,20,1.152039221,1.11819525,1.185883193
s2-80-exact,shortest_estimate+topology_aware+easy,wflow_sum_all,20,2287.867075,2220.478652,2355.255498
s2-80-exact,shortest_estimate+topology_aware+easy,large_wait_mean,20,912.8583622,596.6132386,1229.103486
s2-80-exact,shortest_estimate+topology_aware+easy,large_wait_p95,20,4425.5266,2957.096633,5893.956567
s2-80-exact,shortest_estimate+topology_aware+easy,utilization,20,0.7954238915,0.7679537969,0.822893986
s2-80-exact,shortest_estimate+topology_aware+easy,frag_blocked_frac,20,0.2374239386,0.1906194665,0.2842284107
s2-80-exact,shortest_estimate+topology_aware+easy,stranded_frac,20,0.1324384474,0.113920695,0.1509561999
s2-80-exact,shortest_estimate+topology_aware+easy,goodput_ratio,20,0.9640220569,0.9580618008,0.969982313
s2-80-exact,shortest_estimate+topology_aware+easy,wasted_gpu_hours,20,175.0746429,137.5078392,212.6414466
s2-80-exact,shortest_estimate+topology_aware+easy,lost_gpu_hours,20,0,0,0
s2-80-exact,shortest_estimate+topology_aware+easy,overhead_gpu_hours,20,0,0,0
s2-80-exact,shortest_estimate+topology_aware+easy,topology_gpu_hours,20,175.0745621,137.507765,212.6413591
s2-80-exact,shortest_estimate+topology_aware+easy,slack_gpu_hours,20,8.081414144e-05,7.130464228e-05,9.032364061e-05
s2-80-exact,shortest_estimate+topology_aware+easy,preemptions,20,0,0,0
s2-80-exact,shortest_estimate+topology_aware+easy,failure_kills,20,0,0,0
s2-80-exact,shortest_estimate+topology_aware+easy,node_downtime_gpu_hours,20,0,0,0
s2-80-exact,shortest_estimate+topology_aware+easy,jain_bsld,20,0.9986700868,0.9981518976,0.999188276
s2-80-exact,shortest_estimate+topology_aware+easy,tenant_worst_best_ratio,20,1.090072353,1.069420553,1.110724152
s2-80-exact,shortest_estimate+topology_aware+easy,slo_attainment,20,0.9856445722,0.9809843297,0.9903048147
s2-80-exact,shortest_estimate+topology_aware+easy,makespan,20,245841.0375,213320.839,278361.2359
s2-80-exact,shortest_estimate+topology_aware+easy,reservations,20,192.9,163.9890205,221.8109795
s2-80-exact,shortest_estimate+topology_aware+easy,broken_reservations,20,48.2,38.47534795,57.92465205
s2-80-exact,shortest_estimate+topology_aware+easy,tenant_t0_bsld_mean,20,1.149067696,1.112058151,1.18607724
s2-80-exact,shortest_estimate+topology_aware+easy,tenant_t0_bsld_p95,20,1.836129031,1.619111951,2.053146111
s2-80-exact,shortest_estimate+topology_aware+easy,tenant_t1_bsld_mean,20,1.159374133,1.117825335,1.200922931
s2-80-exact,shortest_estimate+topology_aware+easy,tenant_t1_bsld_p95,20,1.868529091,1.647499262,2.08955892
s2-80-exact,shortest_estimate+topology_aware+easy,tenant_t2_bsld_mean,20,1.153652795,1.116026945,1.191278645
s2-80-exact,shortest_estimate+topology_aware+easy,tenant_t2_bsld_p95,20,1.73611009,1.506964462,1.965255717
s2-80-exact,shortest_estimate+topology_aware+easy,tenant_t3_bsld_mean,20,1.139939231,1.102403039,1.177475423
s2-80-exact,shortest_estimate+topology_aware+easy,tenant_t3_bsld_p95,20,1.878325398,1.621776938,2.134873859
s2-80-exact,shortest_estimate+topology_aware+easy,prio_1_wait_p95,20,1022.98615,668.0429117,1377.929388
s2-80-exact,shortest_estimate+topology_aware+easy,prio_1_bsld_p95,20,1.826593216,1.602634062,2.05055237
s2-80-exact,shortest_estimate+topology_aware+easy,prio_8_wait_p95,20,968.2826,635.8456207,1300.719579
s2-80-exact,shortest_estimate+topology_aware+easy_oracle,J,20,0.170074423,0.1315119185,0.2086369275
s2-80-exact,shortest_estimate+topology_aware+easy_oracle,J_slowdown,20,0.04115843894,0.03653818143,0.04577869645
s2-80-exact,shortest_estimate+topology_aware+easy_oracle,J_wait,20,0.07725269994,0.05176234692,0.102743053
s2-80-exact,shortest_estimate+topology_aware+easy_oracle,J_waste,20,0.03597794309,0.03001768701,0.04193819918
s2-80-exact,shortest_estimate+topology_aware+easy_oracle,J_slo,20,0.01435542779,0.009695185304,0.01901567027
s2-80-exact,shortest_estimate+topology_aware+easy_oracle,J_fairness,20,0.001329913231,0.0008117240233,0.001848102438
s2-80-exact,shortest_estimate+topology_aware+easy_oracle,wait_mean,20,225.6369418,147.0309102,304.2429735
s2-80-exact,shortest_estimate+topology_aware+easy_oracle,wait_p95,20,979.5776,656.3555139,1302.799686
s2-80-exact,shortest_estimate+topology_aware+easy_oracle,wait_p99,20,4728.0016,3148.802434,6307.200766
s2-80-exact,shortest_estimate+topology_aware+easy_oracle,jct_mean,20,2872.978739,2554.679197,3191.278281
s2-80-exact,shortest_estimate+topology_aware+easy_oracle,jct_p95,20,10232.24025,8828.391635,11636.08886
s2-80-exact,shortest_estimate+topology_aware+easy_oracle,bsld_mean,20,1.152039221,1.11819525,1.185883193
s2-80-exact,shortest_estimate+topology_aware+easy_oracle,bsld_p95,20,1.800085439,1.598016107,2.002154771
s2-80-exact,shortest_estimate+topology_aware+easy_oracle,bsld_p99,20,3.687822088,3.236782669,4.138861506
s2-80-exact,shortest_estimate+topology_aware+easy_oracle,wflow_mean,20,1.152039221,1.11819525,1.185883193
s2-80-exact,shortest_estimate+topology_aware+easy_oracle,wflow_sum_all,20,2287.867075,2220.478652,2355.255498
s2-80-exact,shortest_estimate+topology_aware+easy_oracle,large_wait_mean,20,912.8583622,596.6132386,1229.103486
s2-80-exact,shortest_estimate+topology_aware+easy_oracle,large_wait_p95,20,4425.5266,2957.096633,5893.956567
s2-80-exact,shortest_estimate+topology_aware+easy_oracle,utilization,20,0.7954238915,0.7679537969,0.822893986
s2-80-exact,shortest_estimate+topology_aware+easy_oracle,frag_blocked_frac,20,0.2374239386,0.1906194665,0.2842284107
s2-80-exact,shortest_estimate+topology_aware+easy_oracle,stranded_frac,20,0.1324384474,0.113920695,0.1509561999
s2-80-exact,shortest_estimate+topology_aware+easy_oracle,goodput_ratio,20,0.9640220569,0.9580618008,0.969982313
s2-80-exact,shortest_estimate+topology_aware+easy_oracle,wasted_gpu_hours,20,175.0746429,137.5078392,212.6414466
s2-80-exact,shortest_estimate+topology_aware+easy_oracle,lost_gpu_hours,20,0,0,0
s2-80-exact,shortest_estimate+topology_aware+easy_oracle,overhead_gpu_hours,20,0,0,0
s2-80-exact,shortest_estimate+topology_aware+easy_oracle,topology_gpu_hours,20,175.0745621,137.507765,212.6413591
s2-80-exact,shortest_estimate+topology_aware+easy_oracle,slack_gpu_hours,20,8.081414144e-05,7.130464228e-05,9.032364061e-05
s2-80-exact,shortest_estimate+topology_aware+easy_oracle,preemptions,20,0,0,0
s2-80-exact,shortest_estimate+topology_aware+easy_oracle,failure_kills,20,0,0,0
s2-80-exact,shortest_estimate+topology_aware+easy_oracle,node_downtime_gpu_hours,20,0,0,0
s2-80-exact,shortest_estimate+topology_aware+easy_oracle,jain_bsld,20,0.9986700868,0.9981518976,0.999188276
s2-80-exact,shortest_estimate+topology_aware+easy_oracle,tenant_worst_best_ratio,20,1.090072353,1.069420553,1.110724152
s2-80-exact,shortest_estimate+topology_aware+easy_oracle,slo_attainment,20,0.9856445722,0.9809843297,0.9903048147
s2-80-exact,shortest_estimate+topology_aware+easy_oracle,makespan,20,245841.0375,213320.839,278361.2359
s2-80-exact,shortest_estimate+topology_aware+easy_oracle,reservations,20,192.9,163.9890205,221.8109795
s2-80-exact,shortest_estimate+topology_aware+easy_oracle,broken_reservations,20,48.2,38.47534795,57.92465205
s2-80-exact,shortest_estimate+topology_aware+easy_oracle,tenant_t0_bsld_mean,20,1.149067696,1.112058151,1.18607724
s2-80-exact,shortest_estimate+topology_aware+easy_oracle,tenant_t0_bsld_p95,20,1.836129031,1.619111951,2.053146111
s2-80-exact,shortest_estimate+topology_aware+easy_oracle,tenant_t1_bsld_mean,20,1.159374133,1.117825335,1.200922931
s2-80-exact,shortest_estimate+topology_aware+easy_oracle,tenant_t1_bsld_p95,20,1.868529091,1.647499262,2.08955892
s2-80-exact,shortest_estimate+topology_aware+easy_oracle,tenant_t2_bsld_mean,20,1.153652795,1.116026945,1.191278645
s2-80-exact,shortest_estimate+topology_aware+easy_oracle,tenant_t2_bsld_p95,20,1.73611009,1.506964462,1.965255717
s2-80-exact,shortest_estimate+topology_aware+easy_oracle,tenant_t3_bsld_mean,20,1.139939231,1.102403039,1.177475423
s2-80-exact,shortest_estimate+topology_aware+easy_oracle,tenant_t3_bsld_p95,20,1.878325398,1.621776938,2.134873859
s2-80-exact,shortest_estimate+topology_aware+easy_oracle,prio_1_wait_p95,20,1022.98615,668.0429117,1377.929388
s2-80-exact,shortest_estimate+topology_aware+easy_oracle,prio_1_bsld_p95,20,1.826593216,1.602634062,2.05055237
s2-80-exact,shortest_estimate+topology_aware+easy_oracle,prio_8_wait_p95,20,968.2826,635.8456207,1300.719579
s2-80-exact,shortest_estimate+topology_aware+easy_predicted,J,20,0.1652254232,0.1239090677,0.2065417787
s2-80-exact,shortest_estimate+topology_aware+easy_predicted,J_slowdown,20,0.0403411056,0.03546932098,0.04521289021
s2-80-exact,shortest_estimate+topology_aware+easy_predicted,J_wait,20,0.07670613406,0.04810149185,0.1053107763
s2-80-exact,shortest_estimate+topology_aware+easy_predicted,J_waste,20,0.03399187138,0.02883192176,0.039151821
s2-80-exact,shortest_estimate+topology_aware+easy_predicted,J_slo,20,0.01281937423,0.008141177556,0.0174975709
s2-80-exact,shortest_estimate+topology_aware+easy_predicted,J_fairness,20,0.001366937981,0.0008503378612,0.0018835381
s2-80-exact,shortest_estimate+topology_aware+easy_predicted,wait_mean,20,233.2853891,142.2722682,324.29851
s2-80-exact,shortest_estimate+topology_aware+easy_predicted,wait_p95,20,972.64705,609.9352382,1335.358862
s2-80-exact,shortest_estimate+topology_aware+easy_predicted,wait_p99,20,4927.89,3010.423091,6845.356909
s2-80-exact,shortest_estimate+topology_aware+easy_predicted,jct_mean,20,2879.710838,2558.558418,3200.863257
s2-80-exact,shortest_estimate+topology_aware+easy_predicted,jct_p95,20,10259.11725,8846.783747,11671.45075
s2-80-exact,shortest_estimate+topology_aware+easy_predicted,bsld_mean,20,1.151049202,1.116452781,1.185645622
s2-80-exact,shortest_estimate+topology_aware+easy_predicted,bsld_p95,20,1.764338946,1.551268947,1.977408945
s2-80-exact,shortest_estimate+topology_aware+easy_predicted,bsld_p99,20,3.773211531,3.304021759,4.242401302
s2-80-exact,shortest_estimate+topology_aware+easy_predicted,wflow_mean,20,1.151049202,1.116452781,1.185645622
s2-80-exact,shortest_estimate+topology_aware+easy_predicted,wflow_sum_all,20,2288.098096,2218.278329,2357.917863
s2-80-exact,shortest_estimate+topology_aware+easy_predicted,large_wait_mean,20,956.9046402,581.1095512,1332.699729
s2-80-exact,shortest_estimate+topology_aware+easy_predicted,large_wait_p95,20,4497.75555,2814.464021,6181.047079
s2-80-exact,shortest_estimate+topology_aware+easy_predicted,utilization,20,0.7935026278,0.7663813058,0.8206239497
s2-80-exact,shortest_estimate+topology_aware+easy_predicted,frag_blocked_frac,20,0.2406120608,0.193831333,0.2873927887
s2-80-exact,shortest_estimate+topology_aware+easy_predicted,stranded_frac,20,0.1326012733,0.1150069885,0.1501955581
s2-80-exact,shortest_estimate+topology_aware+easy_predicted,goodput_ratio,20,0.9660081286,0.960848179,0.9711680782
s2-80-exact,shortest_estimate+topology_aware+easy_predicted,wasted_gpu_hours,20,165.3630059,131.7128126,199.0131992
s2-80-exact,shortest_estimate+topology_aware+easy_predicted,lost_gpu_hours,20,0,0,0
s2-80-exact,shortest_estimate+topology_aware+easy_predicted,overhead_gpu_hours,20,0,0,0
s2-80-exact,shortest_estimate+topology_aware+easy_predicted,topology_gpu_hours,20,165.3629295,131.7127411,199.0131179
s2-80-exact,shortest_estimate+topology_aware+easy_predicted,slack_gpu_hours,20,7.642626266e-05,6.747471221e-05,8.53778131e-05
s2-80-exact,shortest_estimate+topology_aware+easy_predicted,preemptions,20,0,0,0
s2-80-exact,shortest_estimate+topology_aware+easy_predicted,failure_kills,20,0,0,0
s2-80-exact,shortest_estimate+topology_aware+easy_predicted,node_downtime_gpu_hours,20,0,0,0
s2-80-exact,shortest_estimate+topology_aware+easy_predicted,jain_bsld,20,0.998633062,0.9981164619,0.9991496621
s2-80-exact,shortest_estimate+topology_aware+easy_predicted,tenant_worst_best_ratio,20,1.089878757,1.069192013,1.110565501
s2-80-exact,shortest_estimate+topology_aware+easy_predicted,slo_attainment,20,0.9871806258,0.9825024291,0.9918588224
s2-80-exact,shortest_estimate+topology_aware+easy_predicted,makespan,20,247557.6626,214767.0844,280348.2409
s2-80-exact,shortest_estimate+topology_aware+easy_predicted,reservations,20,187.9,160.7098024,215.0901976
s2-80-exact,shortest_estimate+topology_aware+easy_predicted,broken_reservations,20,87.85,72.60251464,103.0974854
s2-80-exact,shortest_estimate+topology_aware+easy_predicted,tenant_t0_bsld_mean,20,1.153058097,1.113475532,1.192640663
s2-80-exact,shortest_estimate+topology_aware+easy_predicted,tenant_t0_bsld_p95,20,1.816810874,1.59468602,2.038935728
s2-80-exact,shortest_estimate+topology_aware+easy_predicted,tenant_t1_bsld_mean,20,1.158314316,1.11560696,1.201021671
s2-80-exact,shortest_estimate+topology_aware+easy_predicted,tenant_t1_bsld_p95,20,1.826981939,1.595400566,2.058563312
s2-80-exact,shortest_estimate+topology_aware+easy_predicted,tenant_t2_bsld_mean,20,1.145420694,1.111456596,1.179384793
s2-80-exact,shortest_estimate+topology_aware+easy_predicted,tenant_t2_bsld_p95,20,1.725212439,1.518389731,1.932035147
s2-80-exact,shortest_estimate+topology_aware+easy_predicted,tenant_t3_bsld_mean,20,1.133780398,1.092652326,1.174908471
s2-80-exact,shortest_estimate+topology_aware+easy_predicted,tenant_t3_bsld_p95,20,1.713991612,1.456454385,1.971528838
s2-80-exact,shortest_estimate+topology_aware+easy_predicted,prio_1_wait_p95,20,1004.9948,626.6867921,1383.302808
s2-80-exact,shortest_estimate+topology_aware+easy_predicted,prio_1_bsld_p95,20,1.783320542,1.57998169,1.986659393
s2-80-exact,shortest_estimate+topology_aware+easy_predicted,prio_8_wait_p95,20,723.29025,504.1801636,942.4003364
s2-80-exact,shortest_estimate+topology_aware+none,J,20,0.4317532864,0.2738662988,0.5896402739
s2-80-exact,shortest_estimate+topology_aware+none,J_slowdown,20,0.06065922116,0.04790967627,0.07340876605
s2-80-exact,shortest_estimate+topology_aware+none,J_wait,20,0.2882688746,0.1627264973,0.4138112519
s2-80-exact,shortest_estimate+topology_aware+none,J_waste,20,0.03537767925,0.03031317577,0.04044218274
s2-80-exact,shortest_estimate+topology_aware+none,J_slo,20,0.04577468456,0.02913657881,0.06241279031
s2-80-exact,shortest_estimate+topology_aware+none,J_fairness,20,0.00167282683,0.000841683631,0.002503970029
s2-80-exact,shortest_estimate+topology_aware+none,wait_mean,20,719.9926744,406.8847819,1033.100567
s2-80-exact,shortest_estimate+topology_aware+none,wait_p95,20,3655.2992,2063.400137,5247.198263
s2-80-exact,shortest_estimate+topology_aware+none,wait_p99,20,10250.3768,6555.082511,13945.67109
s2-80-exact,shortest_estimate+topology_aware+none,jct_mean,20,3366.624788,2902.962386,3830.28719
s2-80-exact,shortest_estimate+topology_aware+none,jct_p95,20,12205.01855,10126.51376,14283.52334
s2-80-exact,shortest_estimate+topology_aware+none,bsld_mean,20,1.339434913,1.212192642,1.466677184
s2-80-exact,shortest_estimate+topology_aware+none,bsld_p95,20,2.652962152,2.095354266,3.210570038
s2-80-exact,shortest_estimate+topology_aware+none,bsld_p99,20,5.194294597,3.79006723,6.598521963
s2-80-exact,shortest_estimate+topology_aware+none,wflow_mean,20,1.339434913,1.212192642,1.466677184
s2-80-exact,shortest_estimate+topology_aware+none,wflow_sum_all,20,2616.306469,2399.651068,2832.961869
s2-80-exact,shortest_estimate+topology_aware+none,large_wait_mean,20,1119.50601,645.7029724,1593.309049
s2-80-exact,shortest_estimate+topology_aware+none,large_wait_p95,20,5025.1581,2814.910489,7235.405711
s2-80-exact,shortest_estimate+topology_aware+none,utilization,20,0.7891414774,0.7650684809,0.8132144738
s2-80-exact,shortest_estimate+topology_aware+none,frag_blocked_frac,20,0.3603882726,0.2849825913,0.4357939539
s2-80-exact,shortest_estimate+topology_aware+none,stranded_frac,20,0.1503970688,0.1301262864,0.1706678511
s2-80-exact,shortest_estimate+topology_aware+none,goodput_ratio,20,0.9646223207,0.9595578173,0.9696868242
s2-80-exact,shortest_estimate+topology_aware+none,wasted_gpu_hours,20,173.7392981,137.6183088,209.8602874
s2-80-exact,shortest_estimate+topology_aware+none,lost_gpu_hours,20,0,0,0
s2-80-exact,shortest_estimate+topology_aware+none,overhead_gpu_hours,20,0,0,0
s2-80-exact,shortest_estimate+topology_aware+none,topology_gpu_hours,20,173.7392205,137.6182363,209.8602047
s2-80-exact,shortest_estimate+topology_aware+none,slack_gpu_hours,20,7.764646468e-05,6.907463873e-05,8.621829063e-05
s2-80-exact,shortest_estimate+topology_aware+none,preemptions,20,0,0,0
s2-80-exact,shortest_estimate+topology_aware+none,failure_kills,20,0,0,0
s2-80-exact,shortest_estimate+topology_aware+none,node_downtime_gpu_hours,20,0,0,0
s2-80-exact,shortest_estimate+topology_aware+none,jain_bsld,20,0.9983271732,0.99749603,0.9991583164
s2-80-exact,shortest_estimate+topology_aware+none,tenant_worst_best_ratio,20,1.102004088,1.075721527,1.128286649
s2-80-exact,shortest_estimate+topology_aware+none,slo_attainment,20,0.9542253154,0.9375872097,0.9708634212
s2-80-exact,shortest_estimate+topology_aware+none,makespan,20,248411.1504,216197.0053,280625.2956
s2-80-exact,shortest_estimate+topology_aware+none,reservations,20,0,0,0
s2-80-exact,shortest_estimate+topology_aware+none,broken_reservations,20,0,0,0
s2-80-exact,shortest_estimate+topology_aware+none,tenant_t0_bsld_mean,20,1.344129103,1.215670921,1.472587285
s2-80-exact,shortest_estimate+topology_aware+none,tenant_t0_bsld_p95,20,2.689391931,2.148903014,3.229880848
s2-80-exact,shortest_estimate+topology_aware+none,tenant_t1_bsld_mean,20,1.347119822,1.200288275,1.493951369
s2-80-exact,shortest_estimate+topology_aware+none,tenant_t1_bsld_p95,20,2.681663669,2.043564562,3.319762776
s2-80-exact,shortest_estimate+topology_aware+none,tenant_t2_bsld_mean,20,1.330420897,1.212023106,1.448818688
s2-80-exact,shortest_estimate+topology_aware+none,tenant_t2_bsld_p95,20,2.638278643,2.079026548,3.197530738
s2-80-exact,shortest_estimate+topology_aware+none,tenant_t3_bsld_mean,20,1.31782838,1.214099412,1.421557349
s2-80-exact,shortest_estimate+topology_aware+none,tenant_t3_bsld_p95,20,2.582025841,2.170195341,2.993856342
s2-80-exact,shortest_estimate+topology_aware+none,prio_1_wait_p95,20,3867.9588,2177.064031,5558.853569
s2-80-exact,shortest_estimate+topology_aware+none,prio_1_bsld_p95,20,2.701217628,2.062651712,3.339783544
s2-80-exact,shortest_estimate+topology_aware+none,prio_8_wait_p95,20,3422.47105,2003.247989,4841.694111
s2-80-lognormal,fifo+first_fit+none,J,20,2.048807518,1.313851063,2.783763972
s2-80-lognormal,fifo+first_fit+none,J_slowdown,20,0.7750319914,0.4463529993,1.103710983
s2-80-lognormal,fifo+first_fit+none,J_wait,20,0.8561045815,0.5762182216,1.135990941
s2-80-lognormal,fifo+first_fit+none,J_waste,20,0.04758862948,0.04271059252,0.05246666643
s2-80-lognormal,fifo+first_fit+none,J_slo,20,0.3234909426,0.1863936725,0.4605882128
s2-80-lognormal,fifo+first_fit+none,J_fairness,20,0.04659137256,0.02638991855,0.06679282657
s2-80-lognormal,fifo+first_fit+none,wait_mean,20,4762.627194,2224.85583,7300.398558
s2-80-lognormal,fifo+first_fit+none,wait_p95,20,10855.5542,7306.546736,14404.56166
s2-80-lognormal,fifo+first_fit+none,wait_p99,20,12669.6741,9028.516216,16310.83198
s2-80-lognormal,fifo+first_fit+none,jct_mean,20,7420.37152,4823.289195,10017.45384
s2-80-lognormal,fifo+first_fit+none,jct_p95,20,16033.41655,12560.23662,19506.59648
s2-80-lognormal,fifo+first_fit+none,bsld_mean,20,8.904264709,4.950591605,12.85793781
s2-80-lognormal,fifo+first_fit+none,bsld_p95,20,33.89642169,19.52147738,48.271366
s2-80-lognormal,fifo+first_fit+none,bsld_p99,20,80.04887162,48.72571226,111.372031
s2-80-lognormal,fifo+first_fit+none,wflow_mean,20,8.904264709,4.950591605,12.85793781
s2-80-lognormal,fifo+first_fit+none,wflow_sum_all,20,17405.48343,9884.931486,24926.03537
s2-80-lognormal,fifo+first_fit+none,large_wait_mean,20,4974.574287,2395.752649,7553.395925
s2-80-lognormal,fifo+first_fit+none,large_wait_p95,20,11043.77285,7487.567164,14599.97854
s2-80-lognormal,fifo+first_fit+none,utilization,20,0.7870059813,0.7682271649,0.8057847976
s2-80-lognormal,fifo+first_fit+none,frag_blocked_frac,20,0.5762429764,0.4910324447,0.6614535081
s2-80-lognormal,fifo+first_fit+none,stranded_frac,20,0.1941101667,0.1717935633,0.21642677
s2-80-lognormal,fifo+first_fit+none,goodput_ratio,20,0.9524113705,0.9475333336,0.9572894075
s2-80-lognormal,fifo+first_fit+none,wasted_gpu_hours,20,234.2516498,195.3647943,273.1385053
s2-80-lognormal,fifo+first_fit+none,lost_gpu_hours,20,0,0,0
s2-80-lognormal,fifo+first_fit+none,overhead_gpu_hours,20,0,0,0
s2-80-lognormal,fifo+first_fit+none,topology_gpu_hours,20,234.2515373,195.3646853,273.1383893
s2-80-lognormal,fifo+first_fit+none,slack_gpu_hours,20,0.0001124767677,0.0001051012894,0.000119852246
s2-80-lognormal,fifo+first_fit+none,preemptions,20,0,0,0
s2-80-lognormal,fifo+first_fit+none,failure_kills,20,0,0,0
s2-80-lognormal,fifo+first_fit+none,node_downtime_gpu_hours,20,0,0,0
s2-80-lognormal,fifo+first_fit+none,jain_bsld,20,0.9534086274,0.9332071734,0.9736100814
s2-80-lognormal,fifo+first_fit+none,tenant_worst_best_ratio,20,1.724444774,1.503675029,1.945214518
s2-80-lognormal,fifo+first_fit+none,slo_attainment,20,0.6765090574,0.5394117872,0.8136063275
s2-80-lognormal,fifo+first_fit+none,makespan,20,250690.4338,218321.4464,283059.4212
s2-80-lognormal,fifo+first_fit+none,reservations,20,0,0,0
s2-80-lognormal,fifo+first_fit+none,broken_reservations,20,0,0,0
s2-80-lognormal,fifo+first_fit+none,tenant_t0_bsld_mean,20,9.23827518,4.751841951,13.72470841
s2-80-lognormal,fifo+first_fit+none,tenant_t0_bsld_p95,20,36.85832915,18.26950597,55.44715232
s2-80-lognormal,fifo+first_fit+none,tenant_t1_bsld_mean,20,8.535515941,4.814570561,12.25646132
s2-80-lognormal,fifo+first_fit+none,tenant_t1_bsld_p95,20,31.6988154,18.60641925,44.79121154
s2-80-lognormal,fifo+first_fit+none,tenant_t2_bsld_mean,20,9.286873138,4.956493094,13.61725318
s2-80-lognormal,fifo+first_fit+none,tenant_t2_bsld_p95,20,35.50964898,19.8059472,51.21335075
s2-80-lognormal,fifo+first_fit+none,tenant_t3_bsld_mean,20,8.169713729,4.57599991,11.76342755
s2-80-lognormal,fifo+first_fit+none,tenant_t3_bsld_p95,20,30.45265605,18.70325734,42.20205476
s2-80-lognormal,fifo+first_fit+none,prio_1_wait_p95,20,10924.27295,7376.751436,14471.79446
s2-80-lognormal,fifo+first_fit+none,prio_1_bsld_p95,20,34.59289503,19.22701588,49.95877419
s2-80-lognormal,fifo+first_fit+none,prio_8_wait_p95,20,10647.29115,7191.042837,14103.53946
s2-80-lognormal,shortest_estimate+topology_aware+conservative,J,20,0.1888654726,0.1250957943,0.2526351509
s2-80-lognormal,shortest_estimate+topology_aware+conservative,J_slowdown,20,0.04212749089,0.03637255428,0.04788242749
s2-80-lognormal,shortest_estimate+topology_aware+conservative,J_wait,20,0.09507753956,0.04698321164,0.1431718675
s2-80-lognormal,shortest_estimate+topology_aware+conservative,J_waste,20,0.03349043222,0.02794614588,0.03903471856
s2-80-lognormal,shortest_estimate+topology_aware+conservative,J_slo,20,0.01656086817,0.009617420848,0.0235043155
s2-80-lognormal,shortest_estimate+topology_aware+conservative,J_fairness,20,0.001609141771,0.001031770858,0.002186512684
s2-80-lognormal,shortest_estimate+topology_aware+conservative,wait_mean,20,283.2067307,151.2388029,415.1746586
s2-80-lognormal,shortest_estimate+topology_aware+conservative,wait_p95,20,1205.59965,595.7552517,1815.444048
s2-80-lognormal,shortest_estimate+topology_aware+conservative,wait_p99,20,5822.10775,3266.754796,8377.460704
s2-80-lognormal,shortest_estimate+topology_aware+conservative,jct_mean,20,2929.569599,2594.579799,3264.5594
s2-80-lognormal,shortest_estimate+topology_aware+conservative,jct_p95,20,10474.9083,8933.051655,12016.76494
s2-80-lognormal,shortest_estimate+topology_aware+conservative,bsld_mean,20,1.175156213,1.13493911,1.215373316
s2-80-lognormal,shortest_estimate+topology_aware+conservative,bsld_p95,20,1.842467423,1.590772318,2.094162527
s2-80-lognormal,shortest_estimate+topology_aware+conservative,bsld_p99,20,4.320925587,3.766121688,4.875729487
s2-80-lognormal,shortest_estimate+topology_aware+conservative,wflow_mean,20,1.175156213,1.13493911,1.215373316
s2-80-lognormal,shortest_estimate+topology_aware+conservative,wflow_sum_all,20,2324.404537,2250.068546,2398.740529
s2-80-lognormal,shortest_estimate+topology_aware+conservative,large_wait_mean,20,1073.605863,625.0847587,1522.126967
s2-80-lognormal,shortest_estimate+topology_aware+conservative,large_wait_p95,20,5222.5643,3089.008006,7356.120594
s2-80-lognormal,shortest_estimate+topology_aware+conservative,utilization,20,0.7928237452,0.7650581978,0.8205892926
s2-80-lognormal,shortest_estimate+topology_aware+conservative,frag_blocked_frac,20,0.2346787525,0.1896676867,0.2796898183
s2-80-lognormal,shortest_estimate+topology_aware+conservative,stranded_frac,20,0.1310239965,0.1141112492,0.1479367439
s2-80-lognormal,shortest_estimate+topology_aware+conservative,goodput_ratio,20,0.9665095678,0.9609652814,0.9720538541
s2-80-lognormal,shortest_estimate+topology_aware+conservative,wasted_gpu_hours,20,163.5449808,128.0435242,199.0464373
s2-80-lognormal,shortest_estimate+topology_aware+conservative,lost_gpu_hours,20,0,0,0
s2-80-lognormal,shortest_estimate+topology_aware+conservative,overhead_gpu_hours,20,0,0,0
s2-80-lognormal,shortest_estimate+topology_aware+conservative,topology_gpu_hours,20,163.5449072,128.0434564,199.046358
s2-80-lognormal,shortest_estimate+topology_aware+conservative,slack_gpu_hours,20,7.358383841e-05,6.454264435e-05,8.262503248e-05
s2-80-lognormal,shortest_estimate+topology_aware+conservative,preemptions,20,0,0,0
s2-80-lognormal,shortest_estimate+topology_aware+conservative,failure_kills,20,0,0,0
s2-80-lognormal,shortest_estimate+topology_aware+conservative,node_downtime_gpu_hours,20,0,0,0
s2-80-lognormal,shortest_estimate+topology_aware+conservative,jain_bsld,20,0.9983908582,0.9978134873,0.9989682291
s2-80-lognormal,shortest_estimate+topology_aware+conservative,tenant_worst_best_ratio,20,1.097982723,1.074011616,1.12195383
s2-80-lognormal,shortest_estimate+topology_aware+conservative,slo_attainment,20,0.9834391318,0.9764956845,0.9903825792
s2-80-lognormal,shortest_estimate+topology_aware+conservative,makespan,20,247590.7789,214770.3693,280411.1885
s2-80-lognormal,shortest_estimate+topology_aware+conservative,reservations,20,281.25,222.4113365,340.0886635
s2-80-lognormal,shortest_estimate+topology_aware+conservative,broken_reservations,20,237.75,184.7312688,290.7687312
s2-80-lognormal,shortest_estimate+topology_aware+conservative,tenant_t0_bsld_mean,20,1.17602574,1.127243896,1.224807584
s2-80-lognormal,shortest_estimate+topology_aware+conservative,tenant_t0_bsld_p95,20,1.879649002,1.610971072,2.148326932
s2-80-lognormal,shortest_estimate+topology_aware+conservative,tenant_t1_bsld_mean,20,1.180161354,1.137568203,1.222754506
s2-80-lognormal,shortest_estimate+topology_aware+conservative,tenant_t1_bsld_p95,20,1.929330817,1.67057589,2.188085743
s2-80-lognormal,shortest_estimate+topology_aware+conservative,tenant_t2_bsld_mean,20,1.171340506,1.128926186,1.213754826
s2-80-lognormal,shortest_estimate+topology_aware+conservative,tenant_t2_bsld_p95,20,1.816383336,1.538709238,2.094057434
s2-80-lognormal,shortest_estimate+topology_aware+conservative,tenant_t3_bsld_mean,20,1.165767484,1.120229653,1.211305315
s2-80-lognormal,shortest_estimate+topology_aware+conservative,tenant_t3_bsld_p95,20,1.894089924,1.652839289,2.135340559
s2-80-lognormal,shortest_estimate+topology_aware+conservative,prio_1_wait_p95,20,1231.20195,512.848998,1949.554902
s2-80-lognormal,shortest_estimate+topology_aware+conservative,prio_1_bsld_p95,20,1.858514471,1.581308429,2.135720514
s2-80-lognormal,shortest_estimate+topology_aware+conservative,prio_8_wait_p95,20,1073.1888,659.7491184,1486.628482
s2-80-lognormal,shortest_estimate+topology_aware+easy,J,20,0.17683161,0.129222717,0.2244405031
s2-80-lognormal,shortest_estimate+topology_aware+easy,J_slowdown,20,0.0419234533,0.03611839845,0.04772850815
s2-80-lognormal,shortest_estimate+topology_aware+easy,J_wait,20,0.08222466287,0.0516927532,0.1127565725
s2-80-lognormal,shortest_estimate+topology_aware+easy,J_waste,20,0.03397694028,0.02823060538,0.03972327517
s2-80-lognormal,shortest_estimate+topology_aware+easy,J_slo,20,0.01568434975,0.01017154735,0.02119715214
s2-80-lognormal,shortest_estimate+topology_aware+easy,J_fairness,20,0.003022203836,-4.560958665e-05,0.006090017259
s2-80-lognormal,shortest_estimate+topology_aware+easy,wait_mean,20,267.7638373,160.3490365,375.1786382
s2-80-lognormal,shortest_estimate+topology_aware+easy,wait_p95,20,1042.62295,655.4730534,1429.772847
s2-80-lognormal,shortest_estimate+topology_aware+easy,wait_p99,20,5937.247,3566.6333,8307.8607
s2-80-lognormal,shortest_estimate+topology_aware+easy,jct_mean,20,2914.328815,2591.066889,3237.590742
s2-80-lognormal,shortest_estimate+topology_aware+easy,jct_p95,20,10337.4753,8913.759169,11761.19143
s2-80-lognormal,shortest_estimate+topology_aware+easy,bsld_mean,20,1.184374237,1.132308347,1.236440127
s2-80-lognormal,shortest_estimate+topology_aware+easy,bsld_p95,20,1.833543734,1.579656683,2.087430786
s2-80-lognormal,shortest_estimate+topology_aware+easy,bsld_p99,20,4.73635226,3.845429721,5.627274799
s2-80-lognormal,shortest_estimate+topology_aware+easy,wflow_mean,20,1.184374237,1.132308347,1.236440127
s2-80-lognormal,shortest_estimate+topology_aware+easy,wflow_sum_all,20,2341.071848,2248.147481,2433.996215
s2-80-lognormal,shortest_estimate+topology_aware+easy,large_wait_mean,20,1120.780766,660.9715111,1580.590021
s2-80-lognormal,shortest_estimate+topology_aware+easy,large_wait_p95,20,5507.3397,3347.517252,7667.162148
s2-80-lognormal,shortest_estimate+topology_aware+easy,utilization,20,0.7916329738,0.7652443152,0.8180216323
s2-80-lognormal,shortest_estimate+topology_aware+easy,frag_blocked_frac,20,0.249281641,0.1950355541,0.3035277278
s2-80-lognormal,shortest_estimate+topology_aware+easy,stranded_frac,20,0.1345403481,0.1162770589,0.1528036373
s2-80-lognormal,shortest_estimate+topology_aware+easy,goodput_ratio,20,0.9660230597,0.9602767248,0.9717693946
s2-80-lognormal,shortest_estimate+topology_aware+easy,wasted_gpu_hours,20,164.8336104,128.7645761,200.9026447
s2-80-lognormal,shortest_estimate+topology_aware+easy,lost_gpu_hours,20,0,0,0
s2-80-lognormal,shortest_estimate+topology_aware+easy,overhead_gpu_hours,20,0,0,0
s2-80-lognormal,shortest_estimate+topology_aware+easy,topology_gpu_hours,20,164.8335345,128.7645066,200.9025624
s2-80-lognormal,shortest_estimate+topology_aware+easy,slack_gpu_hours,20,7.5969697e-05,6.626668685e-05,8.567270714e-05
s2-80-lognormal,shortest_estimate+topology_aware+easy,preemptions,20,0,0,0
s2-80-lognormal,shortest_estimate+topology_aware+easy,failure_kills,20,0,0,0
s2-80-lognormal,shortest_estimate+topology_aware+easy,node_downtime_gpu_hours,20,0,0,0
s2-80-lognormal,shortest_estimate+topology_aware+easy,jain_bsld,20,0.9969777962,0.9939099827,1.00004561
s2-80-lognormal,shortest_estimate+topology_aware+easy,tenant_worst_best_ratio,20,1.119823433,1.071642055,1.168004811
s2-80-lognormal,shortest_estimate+topology_aware+easy,slo_attainment,20,0.9843156503,0.9788028479,0.9898284526
s2-80-lognormal,shortest_estimate+topology_aware+easy,makespan,20,246333.2141,213939.2836,278727.1446
s2-80-lognormal,shortest_estimate+topology_aware+easy,reservations,20,173.55,147.4896386,199.6103614
s2-80-lognormal,shortest_estimate+topology_aware+easy,broken_reservations,20,147.7,124.8052291,170.5947709
s2-80-lognormal,shortest_estimate+topology_aware+easy,tenant_t0_bsld_mean,20,1.166643716,1.131500159,1.201787272
s2-80-lognormal,shortest_estimate+topology_aware+easy,tenant_t0_bsld_p95,20,1.845824941,1.636712866,2.054937015
s2-80-lognormal,shortest_estimate+topology_aware+easy,tenant_t1_bsld_mean,20,1.212912653,1.119707133,1.306118174
s2-80-lognormal,shortest_estimate+topology_aware+easy,tenant_t1_bsld_p95,20,1.857998697,1.561123338,2.154874056
s2-80-lognormal,shortest_estimate+topology_aware+easy,tenant_t2_bsld_mean,20,1.181854409,1.128930384,1.234778434
s2-80-lognormal,shortest_estimate+topology_aware+easy,tenant_t2_bsld_p95,20,1.885351892,1.58170685,2.188996935
s2-80-lognormal,shortest_estimate+topology_aware+easy,tenant_t3_bsld_mean,20,1.173385366,1.121252804,1.225517927
s2-80-lognormal,shortest_estimate+topology_aware+easy,tenant_t3_bsld_p95,20,1.870122922,1.552741492,2.187504351
s2-80-lognormal,shortest_estimate+topology_aware+easy,prio_1_wait_p95,20,1104.94485,681.20515,1528.68455
s2-80-lognormal,shortest_estimate+topology_aware+easy,prio_1_bsld_p95,20,1.857100024,1.587362007,2.126838042
s2-80-lognormal,shortest_estimate+topology_aware+easy,prio_8_wait_p95,20,961.65355,574.7134454,1348.593655
s2-80-lognormal,shortest_estimate+topology_aware+easy_oracle,J,20,0.177691616,0.1295108964,0.2258723356
s2-80-lognormal,shortest_estimate+topology_aware+easy_oracle,J_slowdown,20,0.04246131951,0.03679900467,0.04812363435
s2-80-lognormal,shortest_estimate+topology_aware+easy_oracle,J_wait,20,0.08230769012,0.0486721668,0.1159432134
s2-80-lognormal,shortest_estimate+topology_aware+easy_oracle,J_waste,20,0.03603952811,0.03045404174,0.04162501448
s2-80-lognormal,shortest_estimate+topology_aware+easy_oracle,J_slo,20,0.01547967952,0.01005120125,0.0209081578
s2-80-lognormal,shortest_estimate+topology_aware+easy_oracle,J_fairness,20,0.001403398737,0.000916994694,0.001889802781
s2-80-lognormal,shortest_estimate+topology_aware+easy_oracle,wait_mean,20,247.3702053,148.1410466,346.5993639
s2-80-lognormal,shortest_estimate+topology_aware+easy_oracle,wait_p95,20,1043.67575,617.1714953,1470.180005
s2-80-lognormal,shortest_estimate+topology_aware+easy_oracle,wait_p99,20,5105.53135,3059.942036,7151.120664
s2-80-lognormal,shortest_estimate+topology_aware+easy_oracle,jct_mean,20,2894.87612,2572.061619,3217.690621
s2-80-lognormal,shortest_estimate+topology_aware+easy_oracle,jct_p95,20,10206.52755,8791.893888,11621.16121
s2-80-lognormal,shortest_estimate+topology_aware+easy_oracle,bsld_mean,20,1.164882936,1.125939035,1.203826837
s2-80-lognormal,shortest_estimate+topology_aware+easy_oracle,bsld_p95,20,1.857067589,1.609423345,2.104711833
s2-80-lognormal,shortest_estimate+topology_aware+easy_oracle,bsld_p99,20,4.161809623,3.623461706,4.70015754
s2-80-lognormal,shortest_estimate+topology_aware+easy_oracle,wflow_mean,20,1.164882936,1.125939035,1.203826837
s2-80-lognormal,shortest_estimate+topology_aware+easy_oracle,wflow_sum_all,20,2303.900963,2234.720699,2373.081227
s2-80-lognormal,shortest_estimate+topology_aware+easy_oracle,large_wait_mean,20,1008.990188,605.4978778,1412.482498
s2-80-lognormal,shortest_estimate+topology_aware+easy_oracle,large_wait_p95,20,4740.96805,2812.988988,6668.947112
s2-80-lognormal,shortest_estimate+topology_aware+easy_oracle,utilization,20,0.7967659923,0.7683413096,0.825190675
s2-80-lognormal,shortest_estimate+topology_aware+easy_oracle,frag_blocked_frac,20,0.2346682655,0.1891353567,0.2802011744
s2-80-lognormal,shortest_estimate+topology_aware+easy_oracle,stranded_frac,20,0.1329269036,0.1138136604,0.1520401468
s2-80-lognormal,shortest_estimate+topology_aware+easy_oracle,goodput_ratio,20,0.9639604719,0.9583749855,0.9695459583
s2-80-lognormal,shortest_estimate+topology_aware+easy_oracle,wasted_gpu_hours,20,175.6079342,139.1231179,212.0927506
s2-80-lognormal,shortest_estimate+topology_aware+easy_oracle,lost_gpu_hours,20,0,0,0
s2-80-lognormal,shortest_estimate+topology_aware+easy_oracle,overhead_gpu_hours,20,0,0,0
s2-80-lognormal,shortest_estimate+topology_aware+easy_oracle,topology_gpu_hours,20,175.6078582,139.1230479,212.0926685
s2-80-lognormal,shortest_estimate+topology_aware+easy_oracle,slack_gpu_hours,20,7.601616165e-05,6.714278369e-05,8.488953961e-05
s2-80-lognormal,shortest_estimate+topology_aware+easy_oracle,preemptions,20,0,0,0
s2-80-lognormal,shortest_estimate+topology_aware+easy_oracle,failure_kills,20,0,0,0
s2-80-lognormal,shortest_estimate+topology_aware+easy_oracle,node_downtime_gpu_hours,20,0,0,0
s2-80-lognormal,shortest_estimate+topology_aware+easy_oracle,jain_bsld,20,0.9985966013,0.9981101972,0.9990830053
s2-80-lognormal,shortest_estimate+topology_aware+easy_oracle,tenant_worst_best_ratio,20,1.092872466,1.075478286,1.110266646
s2-80-lognormal,shortest_estimate+topology_aware+easy_oracle,slo_attainment,20,0.9845203205,0.9790918422,0.9899487988
s2-80-lognormal,shortest_estimate+topology_aware+easy_oracle,makespan,20,245993.6665,213617.4737,278369.8593
s2-80-lognormal,shortest_estimate+topology_aware+easy_oracle,reservations,20,194.05,161.0797657,227.0202343
s2-80-lognormal,shortest_estimate+topology_aware+easy_oracle,broken_reservations,20,49.45,38.77603633,60.12396367
s2-80-lognormal,shortest_estimate+topology_aware+easy_oracle,tenant_t0_bsld_mean,20,1.161924216,1.121970766,1.201877666
s2-80-lognormal,shortest_estimate+topology_aware+easy_oracle,tenant_t0_bsld_p95,20,1.863651492,1.653976736,2.073326247
s2-80-lognormal,shortest_estimate+topology_aware+easy_oracle,tenant_t1_bsld_mean,20,1.17259249,1.120711255,1.224473725
s2-80-lognormal,shortest_estimate+topology_aware+easy_oracle,tenant_t1_bsld_p95,20,1.917538195,1.616624631,2.218451758
s2-80-lognormal,shortest_estimate+topology_aware+easy_oracle,tenant_t2_bsld_mean,20,1.168314766,1.127832894,1.208796639
s2-80-lognormal,shortest_estimate+topology_aware+easy_oracle,tenant_t2_bsld_p95,20,1.881300423,1.615375684,2.147225163
s2-80-lognormal,shortest_estimate+topology_aware+easy_oracle,tenant_t3_bsld_mean,20,1.148033932,1.110360659,1.185707206
s2-80-lognormal,shortest_estimate+topology_aware+easy_oracle,tenant_t3_bsld_p95,20,1.825672411,1.60178499,2.049559833
s2-80-lognormal,shortest_estimate+topology_aware+easy_oracle,prio_1_wait_p95,20,1080.90485,643.8329448,1517.976755
s2-80-lognormal,shortest_estimate+topology_aware+easy_oracle,prio_1_bsld_p95,20,1.863810861,1.609264789,2.118356933
s2-80-lognormal,shortest_estimate+topology_aware+easy_oracle,prio_8_wait_p95,20,875.22775,618.4467232,1132.008777
s2-80-lognormal,shortest_estimate+topology_aware+easy_predicted,J,20,0.1840957223,0.1297311924,0.2384602523
s2-80-lognormal,shortest_estimate+topology_aware+easy_predicted,J_slowdown,20,0.04301424171,0.0363724987,0.04965598472
s2-80-lognormal,shortest_estimate+topology_aware+easy_predicted,J_wait,20,0.08620452182,0.04917213789,0.1232369057
s2-80-lognormal,shortest_estimate+topology_aware+easy_predicted,J_waste,20,0.03542947848,0.02908569234,0.04177326461
s2-80-lognormal,shortest_estimate+topology_aware+easy_predicted,J_slo,20,0.01701078044,0.01074549713,0.02327606375
s2-80-lognormal,shortest_estimate+topology_aware+easy_predicted,J_fairness,20,0.002436699902,0.001545989343,0.003327410461
s2-80-lognormal,shortest_estimate+topology_aware+easy_predicted,wait_mean,20,281.0373117,162.1467099,399.9279135
s2-80-lognormal,shortest_estimate+topology_aware+easy_predicted,wait_p95,20,1093.08825,623.5112152,1562.665285
s2-80-lognormal,shortest_estimate+topology_aware+easy_predicted,wait_p99,20,6514.44635,3598.148633,9430.744067
s2-80-lognormal,shortest_estimate+topology_aware+easy_predicted,jct_mean,20,2928.56452,2601.291113,3255.837928
s2-80-lognormal,shortest_estimate+topology_aware+easy_predicted,jct_p95,20,10390.7719,8916.54134,11865.00246
s2-80-lognormal,shortest_estimate+topology_aware+easy_predicted,bsld_mean,20,1.189047578,1.136556698,1.241538458
s2-80-lognormal,shortest_estimate+topology_aware+easy_predicted,bsld_p95,20,1.881249925,1.590769888,2.171729962
s2-80-lognormal,shortest_estimate+topology_aware+easy_predicted,bsld_p99,20,4.849073819,3.958968198,5.73917944
s2-80-lognormal,shortest_estimate+topology_aware+easy_predicted,wflow_mean,20,1.189047578,1.136556698,1.241538458
s2-80-lognormal,shortest_estimate+topology_aware+easy_predicted,wflow_sum_all,20,2346.450011,2250.877757,2442.022265
s2-80-lognormal,shortest_estimate+topology_aware+easy_predicted,large_wait_mean,20,1186.017399,675.6990004,1696.335797
s2-80-lognormal,shortest_estimate+topology_aware+easy_predicted,large_wait_p95,20,5999.28695,3301.492954,8697.080946
s2-80-lognormal,shortest_estimate+topology_aware+easy_predicted,utilization,20,0.7930433397,0.766175411,0.8199112684
s2-80-lognormal,shortest_estimate+topology_aware+easy_predicted,frag_blocked_frac,20,0.2653851939,0.2068192354,0.3239511525
s2-80-lognormal,shortest_estimate+topology_aware+easy_predicted,stranded_frac,20,0.1368322171,0.1176288304,0.1560356038
s2-80-lognormal,shortest_estimate+topology_aware+easy_predicted,goodput_ratio,20,0.9645705215,0.9582267354,0.9709143077
s2-80-lognormal,shortest_estimate+topology_aware+easy_predicted,wasted_gpu_hours,20,170.5189853,131.8432258,209.1947448
s2-80-lognormal,shortest_estimate+topology_aware+easy_predicted,lost_gpu_hours,20,0,0,0
s2-80-lognormal,shortest_estimate+topology_aware+easy_predicted,overhead_gpu_hours,20,0,0,0
s2-80-lognormal,shortest_estimate+topology_aware+easy_predicted,topology_gpu_hours,20,170.5189077,131.843154,209.1946614
s2-80-lognormal,shortest_estimate+topology_aware+easy_predicted,slack_gpu_hours,20,7.763434346e-05,6.896799034e-05,8.630069658e-05
s2-80-lognormal,shortest_estimate+topology_aware+easy_predicted,preemptions,20,0,0,0
s2-80-lognormal,shortest_estimate+topology_aware+easy_predicted,failure_kills,20,0,0,0
s2-80-lognormal,shortest_estimate+topology_aware+easy_predicted,node_downtime_gpu_hours,20,0,0,0
s2-80-lognormal,shortest_estimate+topology_aware+easy_predicted,jain_bsld,20,0.9975633001,0.9966725895,0.9984540107
s2-80-lognormal,shortest_estimate+topology_aware+easy_predicted,tenant_worst_best_ratio,20,1.122825144,1.096635073,1.149015215
s2-80-lognormal,shortest_estimate+topology_aware+easy_predicted,slo_attainment,20,0.9829892196,0.9767239363,0.9892545029
s2-80-lognormal,shortest_estimate+topology_aware+easy_predicted,makespan,20,247281.303,214594.5425,279968.0635
s2-80-lognormal,shortest_estimate+topology_aware+easy_predicted,reservations,20,178.6,150.2484988,206.9515012
s2-80-lognormal,shortest_estimate+topology_aware+easy_predicted,broken_reservations,20,159.95,134.1385538,185.7614462
s2-80-lognormal,shortest_estimate+topology_aware+easy_predicted,tenant_t0_bsld_mean,20,1.186933753,1.1376392,1.236228306
s2-80-lognormal,shortest_estimate+topology_aware+easy_predicted,tenant_t0_bsld_p95,20,1.920741869,1.641310939,2.200172798
s2-80-lognormal,shortest_estimate+topology_aware+easy_predicted,tenant_t1_bsld_mean,20,1.192240227,1.125490655,1.258989798
s2-80-lognormal,shortest_estimate+topology_aware+easy_predicted,tenant_t1_bsld_p95,20,1.962988024,1.62373939,2.302236659
s2-80-lognormal,shortest_estimate+topology_aware+easy_predicted,tenant_t2_bsld_mean,20,1.185676576,1.130532873,1.240820278
s2-80-lognormal,shortest_estimate+topology_aware+easy_predicted,tenant_t2_bsld_p95,20,1.8112678,1.518274543,2.104261056
s2-80-lognormal,shortest_estimate+topology_aware+easy_predicted,tenant_t3_bsld_mean,20,1.19562299,1.120894236,1.270351743
s2-80-lognormal,shortest_estimate+topology_aware+easy_predicted,tenant_t3_bsld_p95,20,1.985994638,1.584187539,2.387801737
s2-80-lognormal,shortest_estimate+topology_aware+easy_predicted,prio_1_wait_p95,20,1181.93545,588.1747932,1775.696107
s2-80-lognormal,shortest_estimate+topology_aware+easy_predicted,prio_1_bsld_p95,20,1.906583542,1.578632277,2.234534808
s2-80-lognormal,shortest_estimate+topology_aware+easy_predicted,prio_8_wait_p95,20,901.2175,578.8419147,1223.593085
s2-80-lognormal,shortest_estimate+topology_aware+none,J,20,0.4145644103,0.2802958644,0.5488329563
s2-80-lognormal,shortest_estimate+topology_aware+none,J_slowdown,20,0.05949871692,0.05057882421,0.06841860963
s2-80-lognormal,shortest_estimate+topology_aware+none,J_wait,20,0.2743519785,0.1676749082,0.3810290487
s2-80-lognormal,shortest_estimate+topology_aware+none,J_waste,20,0.03441326551,0.02862556055,0.04020097047
s2-80-lognormal,shortest_estimate+topology_aware+none,J_slo,20,0.04481288084,0.02916697115,0.06045879053
s2-80-lognormal,shortest_estimate+topology_aware+none,J_fairness,20,0.001487568571,0.0009369074503,0.002038229692
s2-80-lognormal,shortest_estimate+topology_aware+none,wait_mean,20,717.5700407,421.0944339,1014.045647
s2-80-lognormal,shortest_estimate+topology_aware+none,wait_p95,20,3478.83055,2126.146844,4831.514256
s2-80-lognormal,shortest_estimate+topology_aware+none,wait_p99,20,11638.4593,6549.896262,16727.02234
s2-80-lognormal,shortest_estimate+topology_aware+none,jct_mean,20,3363.548573,2920.816253,3806.280893
s2-80-lognormal,shortest_estimate+topology_aware+none,jct_p95,20,12190.8611,10239.81403,14141.90817
s2-80-lognormal,shortest_estimate+topology_aware+none,bsld_mean,20,1.316793135,1.23377663,1.399809641
s2-80-lognormal,shortest_estimate+topology_aware+none,bsld_p95,20,2.602206904,2.212090821,2.992322987
s2-80-lognormal,shortest_estimate+topology_aware+none,bsld_p99,20,5.095291242,4.365152218,5.825430265
s2-80-lognormal,shortest_estimate+topology_aware+none,wflow_mean,20,1.316793135,1.23377663,1.399809641
s2-80-lognormal,shortest_estimate+topology_aware+none,wflow_sum_all,20,2597.55632,2446.68518,2748.427461
s2-80-lognormal,shortest_estimate+topology_aware+none,large_wait_mean,20,1096.072435,684.3994767,1507.745393
s2-80-lognormal,shortest_estimate+topology_aware+none,large_wait_p95,20,4815.62335,3169.862636,6461.384064
s2-80-lognormal,shortest_estimate+topology_aware+none,utilization,20,0.7859990767,0.7617630172,0.8102351362
s2-80-lognormal,shortest_estimate+topology_aware+none,frag_blocked_frac,20,0.3616861596,0.2846059961,0.4387663231
s2-80-lognormal,shortest_estimate+topology_aware+none,stranded_frac,20,0.1503246321,0.1285858603,0.172063404
s2-80-lognormal,shortest_estimate+topology_aware+none,goodput_ratio,20,0.9655867345,0.9597990295,0.9713744395
s2-80-lognormal,shortest_estimate+topology_aware+none,wasted_gpu_hours,20,166.6876303,131.5928747,201.782386
s2-80-lognormal,shortest_estimate+topology_aware+none,lost_gpu_hours,20,0,0,0
s2-80-lognormal,shortest_estimate+topology_aware+none,overhead_gpu_hours,20,0,0,0
s2-80-lognormal,shortest_estimate+topology_aware+none,topology_gpu_hours,20,166.6875517,131.5928018,201.7823016
s2-80-lognormal,shortest_estimate+topology_aware+none,slack_gpu_hours,20,7.862020205e-05,7.007772273e-05,8.716268137e-05
s2-80-lognormal,shortest_estimate+topology_aware+none,preemptions,20,0,0,0
s2-80-lognormal,shortest_estimate+topology_aware+none,failure_kills,20,0,0,0
s2-80-lognormal,shortest_estimate+topology_aware+none,node_downtime_gpu_hours,20,0,0,0
s2-80-lognormal,shortest_estimate+topology_aware+none,jain_bsld,20,0.9985124314,0.9979617703,0.9990630925
s2-80-lognormal,shortest_estimate+topology_aware+none,tenant_worst_best_ratio,20,1.095819861,1.074189934,1.117449787
s2-80-lognormal,shortest_estimate+topology_aware+none,slo_attainment,20,0.9551871192,0.9395412095,0.9708330288
s2-80-lognormal,shortest_estimate+topology_aware+none,makespan,20,248825.2027,216299.1749,281351.2306
s2-80-lognormal,shortest_estimate+topology_aware+none,reservations,20,0,0,0
s2-80-lognormal,shortest_estimate+topology_aware+none,broken_reservations,20,0,0,0
s2-80-lognormal,shortest_estimate+topology_aware+none,tenant_t0_bsld_mean,20,1.328960115,1.245106884,1.412813345
s2-80-lognormal,shortest_estimate+topology_aware+none,tenant_t0_bsld_p95,20,2.686465749,2.329141327,3.043790171
s2-80-lognormal,shortest_estimate+topology_aware+none,tenant_t1_bsld_mean,20,1.314099414,1.225255145,1.402943683
s2-80-lognormal,shortest_estimate+topology_aware+none,tenant_t1_bsld_p95,20,2.609967846,2.194274951,3.025660742
s2-80-lognormal,shortest_estimate+topology_aware+none,tenant_t2_bsld_mean,20,1.306657502,1.220738808,1.392576196
s2-80-lognormal,shortest_estimate+topology_aware+none,tenant_t2_bsld_p95,20,2.61633744,2.153641959,3.079032921
s2-80-lognormal,shortest_estimate+topology_aware+none,tenant_t3_bsld_mean,20,1.298306128,1.21503239,1.381579866
s2-80-lognormal,shortest_estimate+topology_aware+none,tenant_t3_bsld_p95,20,2.545534291,2.181771728,2.909296853
s2-80-lognormal,shortest_estimate+topology_aware+none,prio_1_wait_p95,20,3580.2576,2151.338256,5009.176944
s2-80-lognormal,shortest_estimate+topology_aware+none,prio_1_bsld_p95,20,2.599862339,2.232482611,2.967242067
s2-80-lognormal,shortest_estimate+topology_aware+none,prio_8_wait_p95,20,3342.70395,2003.398508,4682.009392
s2-80-user,fifo+first_fit+none,J,20,2.048807518,1.313851063,2.783763972
s2-80-user,fifo+first_fit+none,J_slowdown,20,0.7750319914,0.4463529993,1.103710983
s2-80-user,fifo+first_fit+none,J_wait,20,0.8561045815,0.5762182216,1.135990941
s2-80-user,fifo+first_fit+none,J_waste,20,0.04758862948,0.04271059252,0.05246666643
s2-80-user,fifo+first_fit+none,J_slo,20,0.3234909426,0.1863936725,0.4605882128
s2-80-user,fifo+first_fit+none,J_fairness,20,0.04659137256,0.02638991855,0.06679282657
s2-80-user,fifo+first_fit+none,wait_mean,20,4762.627194,2224.85583,7300.398558
s2-80-user,fifo+first_fit+none,wait_p95,20,10855.5542,7306.546736,14404.56166
s2-80-user,fifo+first_fit+none,wait_p99,20,12669.6741,9028.516216,16310.83198
s2-80-user,fifo+first_fit+none,jct_mean,20,7420.37152,4823.289195,10017.45384
s2-80-user,fifo+first_fit+none,jct_p95,20,16033.41655,12560.23662,19506.59648
s2-80-user,fifo+first_fit+none,bsld_mean,20,8.904264709,4.950591605,12.85793781
s2-80-user,fifo+first_fit+none,bsld_p95,20,33.89642169,19.52147738,48.271366
s2-80-user,fifo+first_fit+none,bsld_p99,20,80.04887162,48.72571226,111.372031
s2-80-user,fifo+first_fit+none,wflow_mean,20,8.904264709,4.950591605,12.85793781
s2-80-user,fifo+first_fit+none,wflow_sum_all,20,17405.48343,9884.931486,24926.03537
s2-80-user,fifo+first_fit+none,large_wait_mean,20,4974.574287,2395.752649,7553.395925
s2-80-user,fifo+first_fit+none,large_wait_p95,20,11043.77285,7487.567164,14599.97854
s2-80-user,fifo+first_fit+none,utilization,20,0.7870059813,0.7682271649,0.8057847976
s2-80-user,fifo+first_fit+none,frag_blocked_frac,20,0.5762429764,0.4910324447,0.6614535081
s2-80-user,fifo+first_fit+none,stranded_frac,20,0.1941101667,0.1717935633,0.21642677
s2-80-user,fifo+first_fit+none,goodput_ratio,20,0.9524113705,0.9475333336,0.9572894075
s2-80-user,fifo+first_fit+none,wasted_gpu_hours,20,234.2516498,195.3647943,273.1385053
s2-80-user,fifo+first_fit+none,lost_gpu_hours,20,0,0,0
s2-80-user,fifo+first_fit+none,overhead_gpu_hours,20,0,0,0
s2-80-user,fifo+first_fit+none,topology_gpu_hours,20,234.2515373,195.3646853,273.1383893
s2-80-user,fifo+first_fit+none,slack_gpu_hours,20,0.0001124767677,0.0001051012894,0.000119852246
s2-80-user,fifo+first_fit+none,preemptions,20,0,0,0
s2-80-user,fifo+first_fit+none,failure_kills,20,0,0,0
s2-80-user,fifo+first_fit+none,node_downtime_gpu_hours,20,0,0,0
s2-80-user,fifo+first_fit+none,jain_bsld,20,0.9534086274,0.9332071734,0.9736100814
s2-80-user,fifo+first_fit+none,tenant_worst_best_ratio,20,1.724444774,1.503675029,1.945214518
s2-80-user,fifo+first_fit+none,slo_attainment,20,0.6765090574,0.5394117872,0.8136063275
s2-80-user,fifo+first_fit+none,makespan,20,250690.4338,218321.4464,283059.4212
s2-80-user,fifo+first_fit+none,reservations,20,0,0,0
s2-80-user,fifo+first_fit+none,broken_reservations,20,0,0,0
s2-80-user,fifo+first_fit+none,tenant_t0_bsld_mean,20,9.23827518,4.751841951,13.72470841
s2-80-user,fifo+first_fit+none,tenant_t0_bsld_p95,20,36.85832915,18.26950597,55.44715232
s2-80-user,fifo+first_fit+none,tenant_t1_bsld_mean,20,8.535515941,4.814570561,12.25646132
s2-80-user,fifo+first_fit+none,tenant_t1_bsld_p95,20,31.6988154,18.60641925,44.79121154
s2-80-user,fifo+first_fit+none,tenant_t2_bsld_mean,20,9.286873138,4.956493094,13.61725318
s2-80-user,fifo+first_fit+none,tenant_t2_bsld_p95,20,35.50964898,19.8059472,51.21335075
s2-80-user,fifo+first_fit+none,tenant_t3_bsld_mean,20,8.169713729,4.57599991,11.76342755
s2-80-user,fifo+first_fit+none,tenant_t3_bsld_p95,20,30.45265605,18.70325734,42.20205476
s2-80-user,fifo+first_fit+none,prio_1_wait_p95,20,10924.27295,7376.751436,14471.79446
s2-80-user,fifo+first_fit+none,prio_1_bsld_p95,20,34.59289503,19.22701588,49.95877419
s2-80-user,fifo+first_fit+none,prio_8_wait_p95,20,10647.29115,7191.042837,14103.53946
s2-80-user,shortest_estimate+topology_aware+conservative,J,20,0.2014507509,0.1414081428,0.261493359
s2-80-user,shortest_estimate+topology_aware+conservative,J_slowdown,20,0.04537290174,0.03786033274,0.05288547074
s2-80-user,shortest_estimate+topology_aware+conservative,J_wait,20,0.1026484812,0.05807994764,0.1472170148
s2-80-user,shortest_estimate+topology_aware+conservative,J_waste,20,0.033213322,0.02861817508,0.03780846893
s2-80-user,shortest_estimate+topology_aware+conservative,J_slo,20,0.01792940146,0.01177964535,0.02407915756
s2-80-user,shortest_estimate+topology_aware+conservative,J_fairness,20,0.00228664448,0.001386836874,0.003186452086
s2-80-user,shortest_estimate+topology_aware+conservative,wait_mean,20,293.3468567,164.8517427,421.8419707
s2-80-user,shortest_estimate+topology_aware+conservative,wait_p95,20,1301.6005,736.463784,1866.737216
s2-80-user,shortest_estimate+topology_aware+conservative,wait_p99,20,5984.61765,3525.783548,8443.451752
s2-80-user,shortest_estimate+topology_aware+conservative,jct_mean,20,2940.015457,2602.301327,3277.729588
s2-80-user,shortest_estimate+topology_aware+conservative,jct_p95,20,10453.64315,8990.806834,11916.47947
s2-80-user,shortest_estimate+topology_aware+conservative,bsld_mean,20,1.208287143,1.15345164,1.263122646
s2-80-user,shortest_estimate+topology_aware+conservative,bsld_p95,20,1.984407131,1.655841072,2.31297319
s2-80-user,shortest_estimate+topology_aware+conservative,bsld_p99,20,5.2077487,4.312292394,6.103205007
s2-80-user,shortest_estimate+topology_aware+conservative,wflow_mean,20,1.208287143,1.15345164,1.263122646
s2-80-user,shortest_estimate+topology_aware+conservative,wflow_sum_all,20,2389.166408,2291.080417,2487.252398
s2-80-user,shortest_estimate+topology_aware+conservative,large_wait_mean,20,1122.576037,642.7223465,1602.429728
s2-80-user,shortest_estimate+topology_aware+conservative,large_wait_p95,20,5542.52355,3208.421904,7876.625196
s2-80-user,shortest_estimate+topology_aware+conservative,utilization,20,0.7952333653,0.7675639288,0.8229028018
s2-80-user,shortest_estimate+topology_aware+conservative,frag_blocked_frac,20,0.2433676005,0.2022893576,0.2844458435
s2-80-user,shortest_estimate+topology_aware+conservative,stranded_frac,20,0.130684124,0.114953931,0.1464143171
s2-80-user,shortest_estimate+topology_aware+conservative,goodput_ratio,20,0.966786678,0.9621915311,0.9713818249
s2-80-user,shortest_estimate+topology_aware+conservative,wasted_gpu_hours,20,161.8426723,128.3786443,195.3067003
s2-80-user,shortest_estimate+topology_aware+conservative,lost_gpu_hours,20,0,0,0
s2-80-user,shortest_estimate+topology_aware+conservative,overhead_gpu_hours,20,0,0,0
s2-80-user,shortest_estimate+topology_aware+conservative,topology_gpu_hours,20,161.8425955,128.3785721,195.3066189
s2-80-user,shortest_estimate+topology_aware+conservative,slack_gpu_hours,20,7.682424246e-05,6.880519764e-05,8.484328728e-05
s2-80-user,shortest_estimate+topology_aware+conservative,preemptions,20,0,0,0
s2-80-user,shortest_estimate+topology_aware+conservative,failure_kills,20,0,0,0
s2-80-user,shortest_estimate+topology_aware+conservative,node_downtime_gpu_hours,20,0,0,0
s2-80-user,shortest_estimate+topology_aware+conservative,jain_bsld,20,0.9977133555,0.9968135479,0.9986131631
s2-80-user,shortest_estimate+topology_aware+conservative,tenant_worst_best_ratio,20,1.122057168,1.094200427,1.149913908
s2-80-user,shortest_estimate+topology_aware+conservative,slo_attainment,20,0.9820705985,0.9759208424,0.9882203546
s2-80-user,shortest_estimate+topology_aware+conservative,makespan,20,246524.3928,213549.7,279499.0856
s2-80-user,shortest_estimate+topology_aware+conservative,reservations,20,294.3,230.0438027,358.5561973
s2-80-user,shortest_estimate+topology_aware+conservative,broken_reservations,20,87.65,62.1473281,113.1526719
s2-80-user,shortest_estimate+topology_aware+conservative,tenant_t0_bsld_mean,20,1.214123728,1.151372312,1.276875143
s2-80-user,shortest_estimate+topology_aware+conservative,tenant_t0_bsld_p95,20,2.098155406,1.745798626,2.450512187
s2-80-user,shortest_estimate+topology_aware+conservative,tenant_t1_bsld_mean,20,1.208386167,1.150029541,1.266742793
s2-80-user,shortest_estimate+topology_aware+conservative,tenant_t1_bsld_p95,20,1.977859693,1.645035955,2.310683432
s2-80-user,shortest_estimate+topology_aware+conservative,tenant_t2_bsld_mean,20,1.200997517,1.138450353,1.263544681
s2-80-user,shortest_estimate+topology_aware+conservative,tenant_t2_bsld_p95,20,1.918271397,1.581217685,2.255325109
s2-80-user,shortest_estimate+topology_aware+conservative,tenant_t3_bsld_mean,20,1.200308049,1.137996193,1.262619905
s2-80-user,shortest_estimate+topology_aware+conservative,tenant_t3_bsld_p95,20,1.987443269,1.694554118,2.28033242
s2-80-user,shortest_estimate+topology_aware+conservative,prio_1_wait_p95,20,1305.25175,805.2261352,1805.277365
s2-80-user,shortest_estimate+topology_aware+conservative,prio_1_bsld_p95,20,1.991607057,1.658064875,2.325149238
s2-80-user,shortest_estimate+topology_aware+conservative,prio_8_wait_p95,20,1410.99755,492.9320916,2329.063008
s2-80-user,shortest_estimate+topology_aware+easy,J,20,0.1945830245,0.1323143146,0.2568517345
s2-80-user,shortest_estimate+topology_aware+easy,J_slowdown,20,0.04437803208,0.03697311992,0.05178294423
s2-80-user,shortest_estimate+topology_aware+easy,J_wait,20,0.09816763147,0.05146829345,0.1448669695
s2-80-user,shortest_estimate+topology_aware+easy,J_waste,20,0.03366774993,0.02908370906,0.0382517908
s2-80-user,shortest_estimate+topology_aware+easy,J_slo,20,0.01632670384,0.01024316877,0.02241023892
s2-80-user,shortest_estimate+topology_aware+easy,J_fairness,20,0.002042907224,0.001356814608,0.00272899984
s2-80-user,shortest_estimate+topology_aware+easy,wait_mean,20,284.9945947,166.9169484,403.0722409
s2-80-user,shortest_estimate+topology_aware+easy,wait_p95,20,1244.78255,652.6268649,1836.938235
s2-80-user,shortest_estimate+topology_aware+easy,wait_p99,20,6181.91255,3682.023788,8681.801312
s2-80-user,shortest_estimate+topology_aware+easy,jct_mean,20,2931.534012,2598.754401,3264.313623
s2-80-user,shortest_estimate+topology_aware+easy,jct_p95,20,10445.49595,8982.05099,11908.94091
s2-80-user,shortest_estimate+topology_aware+easy,bsld_mean,20,1.216138541,1.153892448,1.278384635
s2-80-user,shortest_estimate+topology_aware+easy,bsld_p95,20,1.940895996,1.617038365,2.264753628
s2-80-user,shortest_estimate+topology_aware+easy,bsld_p99,20,5.511251434,4.350190667,6.6723122
s2-80-user,shortest_estimate+topology_aware+easy,wflow_mean,20,1.216138541,1.153892448,1.278384635
s2-80-user,shortest_estimate+topology_aware+easy,wflow_sum_all,20,2404.99236,2287.961761,2522.022958
s2-80-user,shortest_estimate+topology_aware+easy,large_wait_mean,20,1183.463848,691.1714405,1675.756255
s2-80-user,shortest_estimate+topology_aware+easy,large_wait_p95,20,5847.2605,3495.399755,8199.121245
s2-80-user,shortest_estimate+topology_aware+easy,utilization,20,0.7930028047,0.7662486561,0.8197569534
s2-80-user,shortest_estimate+topology_aware+easy,frag_blocked_frac,20,0.264837537,0.2118117717,0.3178633024
s2-80-user,shortest_estimate+topology_aware+easy,stranded_frac,20,0.1352025036,0.1161605855,0.1542444216
s2-80-user,shortest_estimate+topology_aware+easy,goodput_ratio,20,0.9663322501,0.9617482092,0.9709162909
s2-80-user,shortest_estimate+topology_aware+easy,wasted_gpu_hours,20,163.3769913,132.3491308,194.4048518
s2-80-user,shortest_estimate+topology_aware+easy,lost_gpu_hours,20,0,0,0
s2-80-user,shortest_estimate+topology_aware+easy,overhead_gpu_hours,20,0,0,0
s2-80-user,shortest_estimate+topology_aware+easy,topology_gpu_hours,20,163.3769151,132.3490585,194.4047716
s2-80-user,shortest_estimate+topology_aware+easy,slack_gpu_hours,20,7.628282831e-05,6.945383846e-05,8.311181816e-05
s2-80-user,shortest_estimate+topology_aware+easy,preemptions,20,0,0,0
s2-80-user,shortest_estimate+topology_aware+easy,failure_kills,20,0,0,0
s2-80-user,shortest_estimate+topology_aware+easy,node_downtime_gpu_hours,20,0,0,0
s2-80-user,shortest_estimate+topology_aware+easy,jain_bsld,20,0.9979570928,0.9972710002,0.9986431854
s2-80-user,shortest_estimate+topology_aware+easy,tenant_worst_best_ratio,20,1.115741264,1.093400907,1.138081622
s2-80-user,shortest_estimate+topology_aware+easy,slo_attainment,20,0.9836732962,0.9775897611,0.9897568312
s2-80-user,shortest_estimate+topology_aware+easy,makespan,20,246857.544,214250.1088,279464.9793
s2-80-user,shortest_estimate+topology_aware+easy,reservations,20,183.45,153.5296277,213.3703723
s2-80-user,shortest_estimate+topology_aware+easy,broken_reservations,20,61.85,46.50003243,77.19996757
s2-80-user,shortest_estimate+topology_aware+easy,tenant_t0_bsld_mean,20,1.2256073,1.154872222,1.296342377
s2-80-user,shortest_estimate+topology_aware+easy,tenant_t0_bsld_p95,20,2.042793848,1.703636119,2.381951578
s2-80-user,shortest_estimate+topology_aware+easy,tenant_t1_bsld_mean,20,1.221411523,1.15370878,1.289114266
s2-80-user,shortest_estimate+topology_aware+easy,tenant_t1_bsld_p95,20,1.971741556,1.632262888,2.311220225
s2-80-user,shortest_estimate+topology_aware+easy,tenant_t2_bsld_mean,20,1.203221688,1.143073793,1.263369583
s2-80-user,shortest_estimate+topology_aware+easy,tenant_t2_bsld_p95,20,1.866257989,1.519059597,2.213456381
s2-80-user,shortest_estimate+topology_aware+easy,tenant_t3_bsld_mean,20,1.190716837,1.128360232,1.253073443
s2-80-user,shortest_estimate+topology_aware+easy,tenant_t3_bsld_p95,20,1.90013419,1.592524764,2.207743615
s2-80-user,shortest_estimate+topology_aware+easy,prio_1_wait_p95,20,1339.55115,709.3096231,1969.792677
s2-80-user,shortest_estimate+topology_aware+easy,prio_1_bsld_p95,20,1.989438215,1.645168494,2.333707936
s2-80-user,shortest_estimate+topology_aware+easy,prio_8_wait_p95,20,1154.34265,394.2941599,1914.39114
s2-80-user,shortest_estimate+topology_aware+easy_oracle,J,20,0.18934322,0.1331324406,0.2455539994
s2-80-user,shortest_estimate+topology_aware+easy_oracle,J_slowdown,20,0.04484350305,0.03725625423,0.05243075187
s2-80-user,shortest_estimate+topology_aware+easy_oracle,J_wait,20,0.09017203078,0.0520008366,0.128343225
s2-80-user,shortest_estimate+topology_aware+easy_oracle,J_waste,20,0.03467934726,0.02933079026,0.04002790426
s2-80-user,shortest_estimate+topology_aware+easy_oracle,J_slo,20,0.01702902211,0.01051622091,0.0235418233
s2-80-user,shortest_estimate+topology_aware+easy_oracle,J_fairness,20,0.002619316799,0.00124861293,0.003990020667
s2-80-user,shortest_estimate+topology_aware+easy_oracle,wait_mean,20,264.4366329,150.6802224,378.1930433
s2-80-user,shortest_estimate+topology_aware+easy_oracle,wait_p95,20,1143.39695,659.3796042,1627.414296
s2-80-user,shortest_estimate+topology_aware+easy_oracle,wait_p99,20,5524.7786,3165.35846,7884.19874
s2-80-user,shortest_estimate+topology_aware+easy_oracle,jct_mean,20,2911.668408,2583.694546,3239.642271
s2-80-user,shortest_estimate+topology_aware+easy_oracle,jct_p95,20,10348.8704,8908.94599,11788.79481
s2-80-user,shortest_estimate+topology_aware+easy_oracle,bsld_mean,20,1.195438917,1.138781205,1.252096628
s2-80-user,shortest_estimate+topology_aware+easy_oracle,bsld_p95,20,1.961253608,1.629421389,2.293085827
s2-80-user,shortest_estimate+topology_aware+easy_oracle,bsld_p99,20,4.719796236,3.840387861,5.599204611
s2-80-user,shortest_estimate+topology_aware+easy_oracle,wflow_mean,20,1.195438917,1.138781205,1.252096628
s2-80-user,shortest_estimate+topology_aware+easy_oracle,wflow_sum_all,20,2367.413823,2261.534229,2473.293417
s2-80-user,shortest_estimate+topology_aware+easy_oracle,large_wait_mean,20,1067.68392,601.0529754,1534.314865
s2-80-user,shortest_estimate+topology_aware+easy_oracle,large_wait_p95,20,5280.98125,2964.260796,7597.701704
s2-80-user,shortest_estimate+topology_aware+easy_oracle,utilization,20,0.7962106752,0.7680659404,0.82435541
s2-80-user,shortest_estimate+topology_aware+easy_oracle,frag_blocked_frac,20,0.2290548238,0.1845481609,0.2735614868
s2-80-user,shortest_estimate+topology_aware+easy_oracle,stranded_frac,20,0.1308737763,0.1119320107,0.1498155419
s2-80-user,shortest_estimate+topology_aware+easy_oracle,goodput_ratio,20,0.9653206527,0.9599720957,0.9706692097
s2-80-user,shortest_estimate+topology_aware+easy_oracle,wasted_gpu_hours,20,167.5519327,134.4082326,200.6956327
s2-80-user,shortest_estimate+topology_aware+easy_oracle,lost_gpu_hours,20,0,0,0
s2-80-user,shortest_estimate+topology_aware+easy_oracle,overhead_gpu_hours,20,0,0,0
s2-80-user,shortest_estimate+topology_aware+easy_oracle,topology_gpu_hours,20,167.5518556,134.4081609,200.6955503
s2-80-user,shortest_estimate+topology_aware+easy_oracle,slack_gpu_hours,20,7.704848488e-05,6.874012259e-05,8.535684717e-05
s2-80-user,shortest_estimate+topology_aware+easy_oracle,preemptions,20,0,0,0
s2-80-user,shortest_estimate+topology_aware+easy_oracle,failure_kills,20,0,0,0
s2-80-user,shortest_estimate+topology_aware+easy_oracle,node_downtime_gpu_hours,20,0,0,0
s2-80-user,shortest_estimate+topology_aware+easy_oracle,jain_bsld,20,0.9973806832,0.9960099793,0.9987513871
s2-80-user,shortest_estimate+topology_aware+easy_oracle,tenant_worst_best_ratio,20,1.117720134,1.081443349,1.153996918
s2-80-user,shortest_estimate+topology_aware+easy_oracle,slo_attainment,20,0.9829709779,0.9764581767,0.9894837791
s2-80-user,shortest_estimate+topology_aware+easy_oracle,makespan,20,245805.2369,213427.3697,278183.1042
s2-80-user,shortest_estimate+topology_aware+easy_oracle,reservations,20,192.35,160.8705626,223.8294374
s2-80-user,shortest_estimate+topology_aware+easy_oracle,broken_reservations,20,45.05,35.38853133,54.71146867
s2-80-user,shortest_estimate+topology_aware+easy_oracle,tenant_t0_bsld_mean,20,1.19587008,1.131844424,1.259895736
s2-80-user,shortest_estimate+topology_aware+easy_oracle,tenant_t0_bsld_p95,20,2.005886555,1.673814842,2.337958268
s2-80-user,shortest_estimate+topology_aware+easy_oracle,tenant_t1_bsld_mean,20,1.208436069,1.141014877,1.275857262
s2-80-user,shortest_estimate+topology_aware+easy_oracle,tenant_t1_bsld_p95,20,2.027541748,1.662403335,2.39268016
s2-80-user,shortest_estimate+topology_aware+easy_oracle,tenant_t2_bsld_mean,20,1.190003225,1.133293868,1.246712582
s2-80-user,shortest_estimate+topology_aware+easy_oracle,tenant_t2_bsld_p95,20,1.935780985,1.575970574,2.295591397
s2-80-user,shortest_estimate+topology_aware+easy_oracle,tenant_t3_bsld_mean,20,1.171069036,1.11084955,1.231288522
s2-80-user,shortest_estimate+topology_aware+easy_oracle,tenant_t3_bsld_p95,20,1.877982659,1.596954212,2.159011106
s2-80-user,shortest_estimate+topology_aware+easy_oracle,prio_1_wait_p95,20,1191.3236,697.1969341,1685.450266
s2-80-user,shortest_estimate+topology_aware+easy_oracle,prio_1_bsld_p95,20,1.964567278,1.627776188,2.301358369
s2-80-user,shortest_estimate+topology_aware+easy_oracle,prio_8_wait_p95,20,1031.8897,643.8583342,1419.921066
s2-80-user,shortest_estimate+topology_aware+easy_predicted,J,20,0.1912775498,0.1375931086,0.244961991
s2-80-user,shortest_estimate+topology_aware+easy_predicted,J_slowdown,20,0.04525972185,0.03762510935,0.05289433435
s2-80-user,shortest_estimate+topology_aware+easy_predicted,J_wait,20,0.09426684873,0.05678550927,0.1317481882
s2-80-user,shortest_estimate+topology_aware+easy_predicted,J_waste,20,0.0332935271,0.02739036517,0.03919668903
s2-80-user,shortest_estimate+topology_aware+easy_predicted,J_slo,20,0.01566361179,0.01062977873,0.02069744485
s2-80-user,shortest_estimate+topology_aware+easy_predicted,J_fairness,20,0.002793840365,0.001413874948,0.004173805782
s2-80-user,shortest_estimate+topology_aware+easy_predicted,wait_mean,20,288.9865009,177.6108725,400.3621294
s2-80-user,shortest_estimate+topology_aware+easy_predicted,wait_p95,20,1195.31995,720.0500814,1670.589819
s2-80-user,shortest_estimate+topology_aware+easy_predicted,wait_p99,20,6510.32615,4018.256491,9002.395809
s2-80-user,shortest_estimate+topology_aware+easy_predicted,jct_mean,20,2935.545212,2602.016476,3269.073948
s2-80-user,shortest_estimate+topology_aware+easy_predicted,jct_p95,20,10401.3423,8961.346804,11841.3378
s2-80-user,shortest_estimate+topology_aware+easy_predicted,bsld_mean,20,1.220331183,1.16186892,1.278793446
s2-80-user,shortest_estimate+topology_aware+easy_predicted,bsld_p95,20,1.979457151,1.645553457,2.313360844
s2-80-user,shortest_estimate+topology_aware+easy_predicted,bsld_p99,20,5.53675895,4.493315104,6.580202795
s2-80-user,shortest_estimate+topology_aware+easy_predicted,wflow_mean,20,1.220331183,1.16186892,1.278793446
s2-80-user,shortest_estimate+topology_aware+easy_predicted,wflow_sum_all,20,2405.399395,2301.150663,2509.648128
s2-80-user,shortest_estimate+topology_aware+easy_predicted,large_wait_mean,20,1210.989807,737.3207297,1684.658884
s2-80-user,shortest_estimate+topology_aware+easy_predicted,large_wait_p95,20,6222.5874,3790.311029,8654.863771
s2-80-user,shortest_estimate+topology_aware+easy_predicted,utilization,20,0.792518514,0.7651719247,0.8198651033
s2-80-user,shortest_estimate+topology_aware+easy_predicted,frag_blocked_frac,20,0.2556203706,0.2077799271,0.3034608141
s2-80-user,shortest_estimate+topology_aware+easy_predicted,stranded_frac,20,0.1330728537,0.1152614302,0.1508842773
s2-80-user,shortest_estimate+topology_aware+easy_predicted,goodput_ratio,20,0.9667064729,0.960803311,0.9726096348
s2-80-user,shortest_estimate+topology_aware+easy_predicted,wasted_gpu_hours,20,163.7665659,123.6831605,203.8499713
s2-80-user,shortest_estimate+topology_aware+easy_predicted,lost_gpu_hours,20,0,0,0
s2-80-user,shortest_estimate+topology_aware+easy_predicted,overhead_gpu_hours,20,0,0,0
s2-80-user,shortest_estimate+topology_aware+easy_predicted,topology_gpu_hours,20,163.7664928,123.6830943,203.8498912
s2-80-user,shortest_estimate+topology_aware+easy_predicted,slack_gpu_hours,20,7.310303033e-05,6.349453423e-05,8.271152644e-05
s2-80-user,shortest_estimate+topology_aware+easy_predicted,preemptions,20,0,0,0
s2-80-user,shortest_estimate+topology_aware+easy_predicted,failure_kills,20,0,0,0
s2-80-user,shortest_estimate+topology_aware+easy_predicted,node_downtime_gpu_hours,20,0,0,0
s2-80-user,shortest_estimate+topology_aware+easy_predicted,jain_bsld,20,0.9972061596,0.9958261942,0.9985861251
s2-80-user,shortest_estimate+topology_aware+easy_predicted,tenant_worst_best_ratio,20,1.129914443,1.09803469,1.161794197
s2-80-user,shortest_estimate+topology_aware+easy_predicted,slo_attainment,20,0.9843363882,0.9793025552,0.9893702213
s2-80-user,shortest_estimate+topology_aware+easy_predicted,makespan,20,246352.1327,213180.1003,279524.1651
s2-80-user,shortest_estimate+topology_aware+easy_predicted,reservations,20,175.85,147.0775696,204.6224304
s2-80-user,shortest_estimate+topology_aware+easy_predicted,broken_reservations,20,101.6,81.83379335,121.3662067
s2-80-user,shortest_estimate+topology_aware+easy_predicted,tenant_t0_bsld_mean,20,1.215141832,1.160757802,1.269525862
s2-80-user,shortest_estimate+topology_aware+easy_predicted,tenant_t0_bsld_p95,20,1.987158612,1.69135918,2.282958044
s2-80-user,shortest_estimate+topology_aware+easy_predicted,tenant_t1_bsld_mean,20,1.240918791,1.161434455,1.320403128
s2-80-user,shortest_estimate+topology_aware+easy_predicted,tenant_t1_bsld_p95,20,2.07875949,1.674708506,2.482810474
s2-80-user,shortest_estimate+topology_aware+easy_predicted,tenant_t2_bsld_mean,20,1.208950513,1.144859605,1.273041421
s2-80-user,shortest_estimate+topology_aware+easy_predicted,tenant_t2_bsld_p95,20,2.025913857,1.609720406,2.442107307
s2-80-user,shortest_estimate+topology_aware+easy_predicted,tenant_t3_bsld_mean,20,1.205017642,1.140979601,1.269055684
s2-80-user,shortest_estimate+topology_aware+easy_predicted,tenant_t3_bsld_p95,20,1.862446283,1.537544953,2.187347613
s2-80-user,shortest_estimate+topology_aware+easy_predicted,prio_1_wait_p95,20,1273.8618,706.0416991,1841.681901
s2-80-user,shortest_estimate+topology_aware+easy_predicted,prio_1_bsld_p95,20,2.040202799,1.648801998,2.4316036
s2-80-user,shortest_estimate+topology_aware+easy_predicted,prio_8_wait_p95,20,869.09495,610.3913164,1127.798584
s2-80-user,shortest_estimate+topology_aware+none,J,20,0.5234429127,0.3606732965,0.6862125289
s2-80-user,shortest_estimate+topology_aware+none,J_slowdown,20,0.07952547223,0.06464536689,0.09440557757
s2-80-user,shortest_estimate+topology_aware+none,J_wait,20,0.3518694461,0.2251267771,0.4786121151
s2-80-user,shortest_estimate+topology_aware+none,J_waste,20,0.03518210867,0.02976851195,0.04059570539
s2-80-user,shortest_estimate+topology_aware+none,J_slo,20,0.05396641916,0.03502154569,0.07291129263
s2-80-user,shortest_estimate+topology_aware+none,J_fairness,20,0.002899466509,0.001806966517,0.003991966501
s2-80-user,shortest_estimate+topology_aware+none,wait_mean,20,953.7381202,540.0809478,1367.395292
s2-80-user,shortest_estimate+topology_aware+none,wait_p95,20,4461.76545,2854.64648,6068.88442
s2-80-user,shortest_estimate+topology_aware+none,wait_p99,20,16448.7253,8588.476013,24308.97459
s2-80-user,shortest_estimate+topology_aware+none,jct_mean,20,3600.518146,3053.266108,4147.770184
s2-80-user,shortest_estimate+topology_aware+none,jct_p95,20,13046.4804,10809.65706,15283.30374
s2-80-user,shortest_estimate+topology_aware+none,bsld_mean,20,1.501403675,1.356952884,1.645854467
s2-80-user,shortest_estimate+topology_aware+none,bsld_p95,20,3.47808732,2.82729828,4.128876359
s2-80-user,shortest_estimate+topology_aware+none,bsld_p99,20,7.98547843,6.547362901,9.423593959
s2-80-user,shortest_estimate+topology_aware+none,wflow_mean,20,1.501403675,1.356952884,1.645854467
s2-80-user,shortest_estimate+topology_aware+none,wflow_sum_all,20,2939.53029,2672.975743,3206.084837
s2-80-user,shortest_estimate+topology_aware+none,large_wait_mean,20,1325.421226,809.9063513,1840.9361
s2-80-user,shortest_estimate+topology_aware+none,large_wait_p95,20,6036.8033,3865.155267,8208.451333
s2-80-user,shortest_estimate+topology_aware+none,utilization,20,0.7870938686,0.7622771937,0.8119105434
s2-80-user,shortest_estimate+topology_aware+none,frag_blocked_frac,20,0.3847881781,0.3058183252,0.463758031
s2-80-user,shortest_estimate+topology_aware+none,stranded_frac,20,0.153656304,0.1310337746,0.1762788334
s2-80-user,shortest_estimate+topology_aware+none,goodput_ratio,20,0.9648178913,0.9594042946,0.970231488
s2-80-user,shortest_estimate+topology_aware+none,wasted_gpu_hours,20,174.1640101,135.9203583,212.4076619
s2-80-user,shortest_estimate+topology_aware+none,lost_gpu_hours,20,0,0,0
s2-80-user,shortest_estimate+topology_aware+none,overhead_gpu_hours,20,0,0,0
s2-80-user,shortest_estimate+topology_aware+none,topology_gpu_hours,20,174.1639288,135.9202838,212.4075738
s2-80-user,shortest_estimate+topology_aware+none,slack_gpu_hours,20,8.129292932e-05,7.125326222e-05,9.133259643e-05
s2-80-user,shortest_estimate+topology_aware+none,preemptions,20,0,0,0
s2-80-user,shortest_estimate+topology_aware+none,failure_kills,20,0,0,0
s2-80-user,shortest_estimate+topology_aware+none,node_downtime_gpu_hours,20,0,0,0
s2-80-user,shortest_estimate+topology_aware+none,jain_bsld,20,0.9971005335,0.9960080335,0.9981930335
s2-80-user,shortest_estimate+topology_aware+none,tenant_worst_best_ratio,20,1.133567498,1.098710831,1.168424165
s2-80-user,shortest_estimate+topology_aware+none,slo_attainment,20,0.9460335808,0.9270887074,0.9649784543
s2-80-user,shortest_estimate+topology_aware+none,makespan,20,248749.2448,216701.3971,280797.0925
s2-80-user,shortest_estimate+topology_aware+none,reservations,20,0,0,0
s2-80-user,shortest_estimate+topology_aware+none,broken_reservations,20,0,0,0
s2-80-user,shortest_estimate+topology_aware+none,tenant_t0_bsld_mean,20,1.518954803,1.358253166,1.67965644
s2-80-user,shortest_estimate+topology_aware+none,tenant_t0_bsld_p95,20,3.652932046,2.916196846,4.389667247
s2-80-user,shortest_estimate+topology_aware+none,tenant_t1_bsld_mean,20,1.500618292,1.355199538,1.646037046
s2-80-user,shortest_estimate+topology_aware+none,tenant_t1_bsld_p95,20,3.47652603,2.847129394,4.105922666
s2-80-user,shortest_estimate+topology_aware+none,tenant_t2_bsld_mean,20,1.474628507,1.338415901,1.610841113
s2-80-user,shortest_estimate+topology_aware+none,tenant_t2_bsld_p95,20,3.317552322,2.643650396,3.991454249
s2-80-user,shortest_estimate+topology_aware+none,tenant_t3_bsld_mean,20,1.493581811,1.3560227,1.631140922
s2-80-user,shortest_estimate+topology_aware+none,tenant_t3_bsld_p95,20,3.488111433,2.93357427,4.042648595
s2-80-user,shortest_estimate+topology_aware+none,prio_1_wait_p95,20,4806.0196,2960.078719,6651.960481
s2-80-user,shortest_estimate+topology_aware+none,prio_1_bsld_p95,20,3.48365713,2.892746147,4.074568112
s2-80-user,shortest_estimate+topology_aware+none,prio_8_wait_p95,20,4043.65745,2537.216198,5550.098702
s2-95-exact,fifo+first_fit+none,J,20,2.615620499,2.132080586,3.099160413
s2-95-exact,fifo+first_fit+none,J_slowdown,20,0.8148217022,0.6144802389,1.015163165
s2-95-exact,fifo+first_fit+none,J_wait,20,0.9460566052,0.7269871853,1.165126025
s2-95-exact,fifo+first_fit+none,J_waste,20,0.04852610479,0.04351113892,0.05354107067
s2-95-exact,fifo+first_fit+none,J_slo,20,0.7355361176,0.6348860063,0.836186229
s2-95-exact,fifo+first_fit+none,J_fairness,20,0.07067996945,0.04709372979,0.0942662091
s2-95-exact,fifo+first_fit+none,wait_mean,20,15577.91575,11101.85479,20053.97671
s2-95-exact,fifo+first_fit+none,wait_p95,20,28041.1823,21547.94975,34534.41485
s2-95-exact,fifo+first_fit+none,wait_p99,20,29773.0676,23108.62358,36437.51162
s2-95-exact,fifo+first_fit+none,jct_mean,20,18236.01243,13635.26626,22836.7586
s2-95-exact,fifo+first_fit+none,jct_p95,20,32011.1422,25527.58817,38494.69623
s2-95-exact,fifo+first_fit+none,bsld_mean,20,26.98406057,20.16944779,33.79867334
s2-95-exact,fifo+first_fit+none,bsld_p95,20,104.7492852,78.99441758,130.5041528
s2-95-exact,fifo+first_fit+none,bsld_p99,20,240.8727631,183.4753397,298.2701865
s2-95-exact,fifo+first_fit+none,wflow_mean,20,26.98406057,20.16944779,33.79867334
s2-95-exact,fifo+first_fit+none,wflow_sum_all,20,53886.33157,40846.56087,66926.10226
s2-95-exact,fifo+first_fit+none,large_wait_mean,20,15977.29406,11403.25158,20551.33654
s2-95-exact,fifo+first_fit+none,large_wait_p95,20,28317.03915,21801.06626,34833.01204
s2-95-exact,fifo+first_fit+none,utilization,20,0.8237928092,0.8135724947,0.8340131237
s2-95-exact,fifo+first_fit+none,frag_blocked_frac,20,0.8431744632,0.8240136092,0.8623353173
s2-95-exact,fifo+first_fit+none,stranded_frac,20,0.250037146,0.242333652,0.2577406399
s2-95-exact,fifo+first_fit+none,goodput_ratio,20,0.9514738952,0.9464589293,0.9564888611
s2-95-exact,fifo+first_fit+none,wasted_gpu_hours,20,240.7213939,199.7587748,281.6840129
s2-95-exact,fifo+first_fit+none,lost_gpu_hours,20,0,0,0
s2-95-exact,fifo+first_fit+none,overhead_gpu_hours,20,0,0,0
s2-95-exact,fifo+first_fit+none,topology_gpu_hours,20,240.7212816,199.7586663,281.6838969
s2-95-exact,fifo+first_fit+none,slack_gpu_hours,20,0.0001122808081,0.0001046076702,0.000119953946
s2-95-exact,fifo+first_fit+none,preemptions,20,0,0,0
s2-95-exact,fifo+first_fit+none,failure_kills,20,0,0,0
s2-95-exact,fifo+first_fit+none,node_downtime_gpu_hours,20,0,0,0
s2-95-exact,fifo+first_fit+none,jain_bsld,20,0.9293200306,0.9057337909,0.9529062702
s2-95-exact,fifo+first_fit+none,tenant_worst_best_ratio,20,2.03314774,1.784676125,2.281619355
s2-95-exact,fifo+first_fit+none,slo_attainment,20,0.2644638824,0.163813771,0.3651139937
s2-95-exact,fifo+first_fit+none,makespan,20,240655.6793,209655.4812,271655.8774
s2-95-exact,fifo+first_fit+none,reservations,20,0,0,0
s2-95-exact,fifo+first_fit+none,broken_reservations,20,0,0,0
s2-95-exact,fifo+first_fit+none,tenant_t0_bsld_mean,20,27.66363169,19.35546516,35.97179822
s2-95-exact,fifo+first_fit+none,tenant_t0_bsld_p95,20,111.5138196,76.100245,146.9273942
s2-95-exact,fifo+first_fit+none,tenant_t1_bsld_mean,20,25.74655525,19.08970589,32.40340462
s2-95-exact,fifo+first_fit+none,tenant_t1_bsld_p95,20,99.14239519,73.87330537,124.411485
s2-95-exact,fifo+first_fit+none,tenant_t2_bsld_mean,20,28.89419084,20.26813931,37.52024238
s2-95-exact,fifo+first_fit+none,tenant_t2_bsld_p95,20,108.1615419,77.76174699,138.5613368
s2-95-exact,fifo+first_fit+none,tenant_t3_bsld_mean,20,25.20948409,18.25892927,32.16003892
s2-95-exact,fifo+first_fit+none,tenant_t3_bsld_p95,20,95.71026868,68.96331734,122.45722
s2-95-exact,fifo+first_fit+none,prio_1_wait_p95,20,28084.583,21563.12398,34606.04202
s2-95-exact,fifo+first_fit+none,prio_1_bsld_p95,20,105.3376704,77.88979031,132.7855505
s2-95-exact,fifo+first_fit+none,prio_8_wait_p95,20,27752.49815,21360.97277,34144.02353
s2-95-exact,shortest_estimate+topology_aware+conservative,J,20,0.1725236306,0.1508052651,0.1942419962
s2-95-exact,shortest_estimate+topology_aware+conservative,J_slowdown,20,0.01879235611,0.01772121318,0.01986349905
s2-95-exact,shortest_estimate+topology_aware+conservative,J_wait,20,0.0752757158,0.06162887809,0.0889225535
s2-95-exact,shortest_estimate+topology_aware+conservative,J_waste,20,0.04408195202,0.03909369766,0.04907020638
s2-95-exact,shortest_estimate+topology_aware+conservative,J_slo,20,0.03174691447,0.02646517211,0.03702865682
s2-95-exact,shortest_estimate+topology_aware+conservative,J_fairness,20,0.002626692228,0.001171792769,0.004081591686
s2-95-exact,shortest_estimate+topology_aware+conservative,wait_mean,20,598.5479635,472.7111933,724.3847336
s2-95-exact,shortest_estimate+topology_aware+conservative,wait_p95,20,2231.17735,1826.68415,2635.67055
s2-95-exact,shortest_estimate+topology_aware+conservative,wait_p99,20,11195.5021,8278.585456,14112.41874
s2-95-exact,shortest_estimate+topology_aware+conservative,jct_mean,20,3253.281954,2922.448766,3584.115141
s2-95-exact,shortest_estimate+topology_aware+conservative,jct_p95,20,11499.521,10025.7391,12973.3029
s2-95-exact,shortest_estimate+topology_aware+conservative,bsld_mean,20,1.264032671,1.234887456,1.293177887
s2-95-exact,shortest_estimate+topology_aware+conservative,bsld_p95,20,2.415848602,2.278147978,2.553549226
s2-95-exact,shortest_estimate+topology_aware+conservative,bsld_p99,20,4.974392371,4.553309739,5.395475004
s2-95-exact,shortest_estimate+topology_aware+conservative,wflow_mean,20,1.264032671,1.234887456,1.293177887
s2-95-exact,shortest_estimate+topology_aware+conservative,wflow_sum_all,20,2509.918177,2455.165375,2564.670978
s2-95-exact,shortest_estimate+topology_aware+conservative,large_wait_mean,20,2283.219378,1835.287535,2731.151221
s2-95-exact,shortest_estimate+topology_aware+conservative,large_wait_p95,20,9644.2281,7603.999346,11684.45685
s2-95-exact,shortest_estimate+topology_aware+conservative,utilization,20,0.8895287803,0.8794540729,0.8996034877
s2-95-exact,shortest_estimate+topology_aware+conservative,frag_blocked_frac,20,0.4136320232,0.3799698157,0.4472942307
s2-95-exact,shortest_estimate+topology_aware+conservative,stranded_frac,20,0.2084242053,0.1943155163,0.2225328943
s2-95-exact,shortest_estimate+topology_aware+conservative,goodput_ratio,20,0.955918048,0.9509297936,0.9609063023
s2-95-exact,shortest_estimate+topology_aware+conservative,wasted_gpu_hours,20,216.6144984,180.4579067,252.7710902
s2-95-exact,shortest_estimate+topology_aware+conservative,lost_gpu_hours,20,0,0,0
s2-95-exact,shortest_estimate+topology_aware+conservative,overhead_gpu_hours,20,0,0,0
s2-95-exact,shortest_estimate+topology_aware+conservative,topology_gpu_hours,20,216.6144045,180.4578155,252.7709934
s2-95-exact,shortest_estimate+topology_aware+conservative,slack_gpu_hours,20,9.396969701e-05,8.644552567e-05,0.0001014938683
s2-95-exact,shortest_estimate+topology_aware+conservative,preemptions,20,0,0,0
s2-95-exact,shortest_estimate+topology_aware+conservative,failure_kills,20,0,0,0
s2-95-exact,shortest_estimate+topology_aware+conservative,node_downtime_gpu_hours,20,0,0,0
s2-95-exact,shortest_estimate+topology_aware+conservative,jain_bsld,20,0.9973733078,0.9959184083,0.9988282072
s2-95-exact,shortest_estimate+topology_aware+conservative,tenant_worst_best_ratio,20,1.123573041,1.086571462,1.16057462
s2-95-exact,shortest_estimate+topology_aware+conservative,slo_attainment,20,0.9682530855,0.9629713432,0.9735348279
s2-95-exact,shortest_estimate+topology_aware+conservative,makespan,20,228435.0739,199303.6405,257566.5074
s2-95-exact,shortest_estimate+topology_aware+conservative,reservations,20,497.35,457.4499136,537.2500864
s2-95-exact,shortest_estimate+topology_aware+conservative,broken_reservations,20,183.8,163.0469848,204.5530152
s2-95-exact,shortest_estimate+topology_aware+conservative,tenant_t0_bsld_mean,20,1.268334168,1.231466742,1.305201594
s2-95-exact,shortest_estimate+topology_aware+conservative,tenant_t0_bsld_p95,20,2.48539934,2.290210015,2.680588665
s2-95-exact,shortest_estimate+topology_aware+conservative,tenant_t1_bsld_mean,20,1.270019139,1.225415237,1.314623042
s2-95-exact,shortest_estimate+topology_aware+conservative,tenant_t1_bsld_p95,20,2.396512919,2.20245762,2.590568217
s2-95-exact,shortest_estimate+topology_aware+conservative,tenant_t2_bsld_mean,20,1.257922634,1.22164405,1.294201218
s2-95-exact,shortest_estimate+topology_aware+conservative,tenant_t2_bsld_p95,20,2.453785332,2.24882384,2.658746823
s2-95-exact,shortest_estimate+topology_aware+conservative,tenant_t3_bsld_mean,20,1.244849815,1.192125921,1.29757371
s2-95-exact,shortest_estimate+topology_aware+conservative,tenant_t3_bsld_p95,20,2.36435769,2.084292729,2.644422652
s2-95-exact,shortest_estimate+topology_aware+conservative,prio_1_wait_p95,20,2369.20905,1851.507442,2886.910658
s2-95-exact,shortest_estimate+topology_aware+conservative,prio_1_bsld_p95,20,2.429020654,2.288616588,2.569424719
s2-95-exact,shortest_estimate+topology_aware+conservative,prio_8_wait_p95,20,2209.03205,1697.107148,2720.956952
s2-95-exact,shortest_estimate+topology_aware+easy,J,20,0.1642666153,0.1472655059,0.1812677248
s2-95-exact,shortest_estimate+topology_aware+easy,J_slowdown,20,0.01965694879,0.01841380874,0.02090008883
s2-95-exact,shortest_estimate+topology_aware+easy,J_wait,20,0.06900511956,0.05831126503,0.0796989741
s2-95-exact,shortest_estimate+topology_aware+easy,J_waste,20,0.04263670142,0.03847571844,0.04679768441
s2-95-exact,shortest_estimate+topology_aware+easy,J_slo,20,0.03014697522,0.02606527626,0.03422867417
s2-95-exact,shortest_estimate+topology_aware+easy,J_fairness,20,0.002820870343,0.00156445097,0.004077289717
s2-95-exact,shortest_estimate+topology_aware+easy,wait_mean,20,600.5807579,477.2947446,723.8667712
s2-95-exact,shortest_estimate+topology_aware+easy,wait_p95,20,2045.31645,1728.349872,2362.283028
s2-95-exact,shortest_estimate+topology_aware+easy,wait_p99,20,12895.03795,8841.594072,16948.48183
s2-95-exact,shortest_estimate+topology_aware+easy,jct_mean,20,3253.745053,2923.047766,3584.442341
s2-95-exact,shortest_estimate+topology_aware+easy,jct_p95,20,11312.7902,9838.586509,12786.99389
s2-95-exact,shortest_estimate+topology_aware+easy,bsld_mean,20,1.272790673,1.240612864,1.304968483
s2-95-exact,shortest_estimate+topology_aware+easy,bsld_p95,20,2.526996187,2.367184499,2.686807875
s2-95-exact,shortest_estimate+topology_aware+easy,bsld_p99,20,5.23925947,4.582207232,5.896311707
s2-95-exact,shortest_estimate+topology_aware+easy,wflow_mean,20,1.272790673,1.240612864,1.304968483
s2-95-exact,shortest_estimate+topology_aware+easy,wflow_sum_all,20,2518.527752,2457.831304,2579.224201
s2-95-exact,shortest_estimate+topology_aware+easy,large_wait_mean,20,2515.71095,1998.291733,3033.130166
s2-95-exact,shortest_estimate+topology_aware+easy,large_wait_p95,20,12074.2669,8276.724056,15871.80974
s2-95-exact,shortest_estimate+topology_aware+easy,utilization,20,0.8841154806,0.8753777974,0.8928531638
s2-95-exact,shortest_estimate+topology_aware+easy,frag_blocked_frac,20,0.4500138601,0.4082750261,0.4917526942
s2-95-exact,shortest_estimate+topology_aware+easy,stranded_frac,20,0.2153714475,0.1998789781,0.2308639169
s2-95-exact,shortest_estimate+topology_aware+easy,goodput_ratio,20,0.9573632986,0.9532023156,0.9615242816
s2-95-exact,shortest_estimate+topology_aware+easy,wasted_gpu_hours,20,206.9366478,177.1489561,236.7243395
s2-95-exact,shortest_estimate+topology_aware+easy,lost_gpu_hours,20,0,0,0
s2-95-exact,shortest_estimate+topology_aware+easy,overhead_gpu_hours,20,0,0,0
s2-95-exact,shortest_estimate+topology_aware+easy,topology_gpu_hours,20,206.9365529,177.1488619,236.7242438
s2-95-exact,shortest_estimate+topology_aware+easy,slack_gpu_hours,20,9.492323236e-05,8.766925309e-05,0.0001021772116
s2-95-exact,shortest_estimate+topology_aware+easy,preemptions,20,0,0,0
s2-95-exact,shortest_estimate+topology_aware+easy,failure_kills,20,0,0,0
s2-95-exact,shortest_estimate+topology_aware+easy,node_downtime_gpu_hours,20,0,0,0
s2-95-exact,shortest_estimate+topology_aware+easy,jain_bsld,20,0.9971791297,0.9959227103,0.998435549
s2-95-exact,shortest_estimate+topology_aware+easy,tenant_worst_best_ratio,20,1.133974173,1.102157023,1.165791324
s2-95-exact,shortest_estimate+topology_aware+easy,slo_attainment,20,0.9698530248,0.9657713258,0.9739347237
s2-95-exact,shortest_estimate+topology_aware+easy,makespan,20,227316.8212,197843.0585,256790.5839
s2-95-exact,shortest_estimate+topology_aware+easy,reservations,20,297.9,281.0180556,314.7819444
s2-95-exact,shortest_estimate+topology_aware+easy,broken_reservations,20,83.25,76.16541908,90.33458092
s2-95-exact,shortest_estimate+topology_aware+easy,tenant_t0_bsld_mean,20,1.27674572,1.233182011,1.32030943
s2-95-exact,shortest_estimate+topology_aware+easy,tenant_t0_bsld_p95,20,2.579077097,2.370742136,2.787412058
s2-95-exact,shortest_estimate+topology_aware+easy,tenant_t1_bsld_mean,20,1.279506061,1.235363661,1.323648462
s2-95-exact,shortest_estimate+topology_aware+easy,tenant_t1_bsld_p95,20,2.500470865,2.281681885,2.719259845
s2-95-exact,shortest_estimate+topology_aware+easy,tenant_t2_bsld_mean,20,1.254897374,1.221077036,1.288717713
s2-95-exact,shortest_estimate+topology_aware+easy,tenant_t2_bsld_p95,20,2.449111593,2.251586481,2.646636705
s2-95-exact,shortest_estimate+topology_aware+easy,tenant_t3_bsld_mean,20,1.276361667,1.21525044,1.337472895
s2-95-exact,shortest_estimate+topology_aware+easy,tenant_t3_bsld_p95,20,2.737666625,2.334834263,3.140498988
s2-95-exact,shortest_estimate+topology_aware+easy,prio_1_wait_p95,20,2082.80815,1702.354593,2463.261707
s2-95-exact,shortest_estimate+topology_aware+easy,prio_1_bsld_p95,20,2.495839739,2.333508592,2.658170886
s2-95-exact,shortest_estimate+topology_aware+easy,prio_8_wait_p95,20,2174.06095,1710.356957,2637.764943
s2-95-exact,shortest_estimate+topology_aware+easy_oracle,J,20,0.1642666153,0.1472655059,0.1812677248
s2-95-exact,shortest_estimate+topology_aware+easy_oracle,J_slowdown,20,0.01965694879,0.01841380874,0.02090008883
s2-95-exact,shortest_estimate+topology_aware+easy_oracle,J_wait,20,0.06900511956,0.05831126503,0.0796989741
s2-95-exact,shortest_estimate+topology_aware+easy_oracle,J_waste,20,0.04263670142,0.03847571844,0.04679768441
s2-95-exact,shortest_estimate+topology_aware+easy_oracle,J_slo,20,0.03014697522,0.02606527626,0.03422867417
s2-95-exact,shortest_estimate+topology_aware+easy_oracle,J_fairness,20,0.002820870343,0.00156445097,0.004077289717
s2-95-exact,shortest_estimate+topology_aware+easy_oracle,wait_mean,20,600.5807579,477.2947446,723.8667712
s2-95-exact,shortest_estimate+topology_aware+easy_oracle,wait_p95,20,2045.31645,1728.349872,2362.283028
s2-95-exact,shortest_estimate+topology_aware+easy_oracle,wait_p99,20,12895.03795,8841.594072,16948.48183
s2-95-exact,shortest_estimate+topology_aware+easy_oracle,jct_mean,20,3253.745053,2923.047766,3584.442341
s2-95-exact,shortest_estimate+topology_aware+easy_oracle,jct_p95,20,11312.7902,9838.586509,12786.99389
s2-95-exact,shortest_estimate+topology_aware+easy_oracle,bsld_mean,20,1.272790673,1.240612864,1.304968483
s2-95-exact,shortest_estimate+topology_aware+easy_oracle,bsld_p95,20,2.526996187,2.367184499,2.686807875
s2-95-exact,shortest_estimate+topology_aware+easy_oracle,bsld_p99,20,5.23925947,4.582207232,5.896311707
s2-95-exact,shortest_estimate+topology_aware+easy_oracle,wflow_mean,20,1.272790673,1.240612864,1.304968483
s2-95-exact,shortest_estimate+topology_aware+easy_oracle,wflow_sum_all,20,2518.527752,2457.831304,2579.224201
s2-95-exact,shortest_estimate+topology_aware+easy_oracle,large_wait_mean,20,2515.71095,1998.291733,3033.130166
s2-95-exact,shortest_estimate+topology_aware+easy_oracle,large_wait_p95,20,12074.2669,8276.724056,15871.80974
s2-95-exact,shortest_estimate+topology_aware+easy_oracle,utilization,20,0.8841154806,0.8753777974,0.8928531638
s2-95-exact,shortest_estimate+topology_aware+easy_oracle,frag_blocked_frac,20,0.4500138601,0.4082750261,0.4917526942
s2-95-exact,shortest_estimate+topology_aware+easy_oracle,stranded_frac,20,0.2153714475,0.1998789781,0.2308639169
s2-95-exact,shortest_estimate+topology_aware+easy_oracle,goodput_ratio,20,0.9573632986,0.9532023156,0.9615242816
s2-95-exact,shortest_estimate+topology_aware+easy_oracle,wasted_gpu_hours,20,206.9366478,177.1489561,236.7243395
s2-95-exact,shortest_estimate+topology_aware+easy_oracle,lost_gpu_hours,20,0,0,0
s2-95-exact,shortest_estimate+topology_aware+easy_oracle,overhead_gpu_hours,20,0,0,0
s2-95-exact,shortest_estimate+topology_aware+easy_oracle,topology_gpu_hours,20,206.9365529,177.1488619,236.7242438
s2-95-exact,shortest_estimate+topology_aware+easy_oracle,slack_gpu_hours,20,9.492323236e-05,8.766925309e-05,0.0001021772116
s2-95-exact,shortest_estimate+topology_aware+easy_oracle,preemptions,20,0,0,0
s2-95-exact,shortest_estimate+topology_aware+easy_oracle,failure_kills,20,0,0,0
s2-95-exact,shortest_estimate+topology_aware+easy_oracle,node_downtime_gpu_hours,20,0,0,0
s2-95-exact,shortest_estimate+topology_aware+easy_oracle,jain_bsld,20,0.9971791297,0.9959227103,0.998435549
s2-95-exact,shortest_estimate+topology_aware+easy_oracle,tenant_worst_best_ratio,20,1.133974173,1.102157023,1.165791324
s2-95-exact,shortest_estimate+topology_aware+easy_oracle,slo_attainment,20,0.9698530248,0.9657713258,0.9739347237
s2-95-exact,shortest_estimate+topology_aware+easy_oracle,makespan,20,227316.8212,197843.0585,256790.5839
s2-95-exact,shortest_estimate+topology_aware+easy_oracle,reservations,20,297.9,281.0180556,314.7819444
s2-95-exact,shortest_estimate+topology_aware+easy_oracle,broken_reservations,20,83.25,76.16541908,90.33458092
s2-95-exact,shortest_estimate+topology_aware+easy_oracle,tenant_t0_bsld_mean,20,1.27674572,1.233182011,1.32030943
s2-95-exact,shortest_estimate+topology_aware+easy_oracle,tenant_t0_bsld_p95,20,2.579077097,2.370742136,2.787412058
s2-95-exact,shortest_estimate+topology_aware+easy_oracle,tenant_t1_bsld_mean,20,1.279506061,1.235363661,1.323648462
s2-95-exact,shortest_estimate+topology_aware+easy_oracle,tenant_t1_bsld_p95,20,2.500470865,2.281681885,2.719259845
s2-95-exact,shortest_estimate+topology_aware+easy_oracle,tenant_t2_bsld_mean,20,1.254897374,1.221077036,1.288717713
s2-95-exact,shortest_estimate+topology_aware+easy_oracle,tenant_t2_bsld_p95,20,2.449111593,2.251586481,2.646636705
s2-95-exact,shortest_estimate+topology_aware+easy_oracle,tenant_t3_bsld_mean,20,1.276361667,1.21525044,1.337472895
s2-95-exact,shortest_estimate+topology_aware+easy_oracle,tenant_t3_bsld_p95,20,2.737666625,2.334834263,3.140498988
s2-95-exact,shortest_estimate+topology_aware+easy_oracle,prio_1_wait_p95,20,2082.80815,1702.354593,2463.261707
s2-95-exact,shortest_estimate+topology_aware+easy_oracle,prio_1_bsld_p95,20,2.495839739,2.333508592,2.658170886
s2-95-exact,shortest_estimate+topology_aware+easy_oracle,prio_8_wait_p95,20,2174.06095,1710.356957,2637.764943
s2-95-exact,shortest_estimate+topology_aware+easy_predicted,J,20,0.1668275524,0.1502906941,0.1833644107
s2-95-exact,shortest_estimate+topology_aware+easy_predicted,J_slowdown,20,0.0198683202,0.01859215842,0.02114448198
s2-95-exact,shortest_estimate+topology_aware+easy_predicted,J_wait,20,0.0686788467,0.05965396723,0.07770372617
s2-95-exact,shortest_estimate+topology_aware+easy_predicted,J_waste,20,0.04478670225,0.03972838801,0.04984501648
s2-95-exact,shortest_estimate+topology_aware+easy_predicted,J_slo,20,0.02971579517,0.02578095806,0.03365063228
s2-95-exact,shortest_estimate+topology_aware+easy_predicted,J_fairness,20,0.003777888097,0.0007426018318,0.006813174362
s2-95-exact,shortest_estimate+topology_aware+easy_predicted,wait_mean,20,625.5915796,501.5757731,749.607386
s2-95-exact,shortest_estimate+topology_aware+easy_predicted,wait_p95,20,2035.6457,1768.147657,2303.143743
s2-95-exact,shortest_estimate+topology_aware+easy_predicted,wait_p99,20,13304.321,8739.660325,17868.98168
s2-95-exact,shortest_estimate+topology_aware+easy_predicted,jct_mean,20,3280.865205,2955.165506,3606.564904
s2-95-exact,shortest_estimate+topology_aware+easy_predicted,jct_p95,20,11330.10935,9928.829254,12731.38945
s2-95-exact,shortest_estimate+topology_aware+easy_predicted,bsld_mean,20,1.276956598,1.246891636,1.30702156
s2-95-exact,shortest_estimate+topology_aware+easy_predicted,bsld_p95,20,2.554169009,2.390112217,2.718225801
s2-95-exact,shortest_estimate+topology_aware+easy_predicted,bsld_p99,20,5.685656873,5.022532205,6.34878154
s2-95-exact,shortest_estimate+topology_aware+easy_predicted,wflow_mean,20,1.276956598,1.246891636,1.30702156
s2-95-exact,shortest_estimate+topology_aware+easy_predicted,wflow_sum_all,20,2523.679628,2465.456509,2581.902746
s2-95-exact,shortest_estimate+topology_aware+easy_predicted,large_wait_mean,20,2636.133171,2124.569315,3147.697027
s2-95-exact,shortest_estimate+topology_aware+easy_predicted,large_wait_p95,20,12108.13585,8010.640602,16205.6311
s2-95-exact,shortest_estimate+topology_aware+easy_predicted,utilization,20,0.8815029056,0.8716208862,0.8913849251
s2-95-exact,shortest_estimate+topology_aware+easy_predicted,frag_blocked_frac,20,0.4685408304,0.4284094783,0.5086721825
s2-95-exact,shortest_estimate+topology_aware+easy_predicted,stranded_frac,20,0.2163304185,0.2012094453,0.2314513918
s2-95-exact,shortest_estimate+topology_aware+easy_predicted,goodput_ratio,20,0.9552132978,0.9501549835,0.960271612
s2-95-exact,shortest_estimate+topology_aware+easy_predicted,wasted_gpu_hours,20,222.727407,182.3016826,263.1531314
s2-95-exact,shortest_estimate+topology_aware+easy_predicted,lost_gpu_hours,20,0,0,0
s2-95-exact,shortest_estimate+topology_aware+easy_predicted,overhead_gpu_hours,20,0,0,0
s2-95-exact,shortest_estimate+topology_aware+easy_predicted,topology_gpu_hours,20,222.7273107,182.3015916,263.1530298
s2-95-exact,shortest_estimate+topology_aware+easy_predicted,slack_gpu_hours,20,9.630909094e-05,8.764390665e-05,0.0001049742752
s2-95-exact,shortest_estimate+topology_aware+easy_predicted,preemptions,20,0,0,0
s2-95-exact,shortest_estimate+topology_aware+easy_predicted,failure_kills,20,0,0,0
s2-95-exact,shortest_estimate+topology_aware+easy_predicted,node_downtime_gpu_hours,20,0,0,0
s2-95-exact,shortest_estimate+topology_aware+easy_predicted,jain_bsld,20,0.9962221119,0.9931868256,0.9992573982
s2-95-exact,shortest_estimate+topology_aware+easy_predicted,tenant_worst_best_ratio,20,1.139105697,1.089765938,1.188445456
s2-95-exact,shortest_estimate+topology_aware+easy_predicted,slo_attainment,20,0.9702842048,0.9663493677,0.9742190419
s2-95-exact,shortest_estimate+topology_aware+easy_predicted,makespan,20,227793.892,198371.4351,257216.3489
s2-95-exact,shortest_estimate+topology_aware+easy_predicted,reservations,20,287.2,270.3579144,304.0420856
s2-95-exact,shortest_estimate+topology_aware+easy_predicted,broken_reservations,20,142.65,133.4345936,151.8654064
s2-95-exact,shortest_estimate+topology_aware+easy_predicted,tenant_t0_bsld_mean,20,1.280012231,1.242325624,1.317698838
s2-95-exact,shortest_estimate+topology_aware+easy_predicted,tenant_t0_bsld_p95,20,2.641617718,2.42949492,2.853740515
s2-95-exact,shortest_estimate+topology_aware+easy_predicted,tenant_t1_bsld_mean,20,1.272021456,1.229469589,1.314573323
s2-95-exact,shortest_estimate+topology_aware+easy_predicted,tenant_t1_bsld_p95,20,2.516631799,2.324862772,2.708400826
s2-95-exact,shortest_estimate+topology_aware+easy_predicted,tenant_t2_bsld_mean,20,1.271679304,1.238839876,1.304518731
s2-95-exact,shortest_estimate+topology_aware+easy_predicted,tenant_t2_bsld_p95,20,2.552396272,2.37825727,2.726535274
s2-95-exact,shortest_estimate+topology_aware+easy_predicted,tenant_t3_bsld_mean,20,1.29422866,1.210150165,1.378307156
s2-95-exact,shortest_estimate+topology_aware+easy_predicted,tenant_t3_bsld_p95,20,2.833081632,2.148903886,3.517259378
s2-95-exact,shortest_estimate+topology_aware+easy_predicted,prio_1_wait_p95,20,2062.9699,1721.906156,2404.033644
s2-95-exact,shortest_estimate+topology_aware+easy_predicted,prio_1_bsld_p95,20,2.523715335,2.364748157,2.682682512
s2-95-exact,shortest_estimate+topology_aware+easy_predicted,prio_8_wait_p95,20,2142.0012,1688.487109,2595.515291
s2-95-exact,shortest_estimate+topology_aware+none,J,20,0.3777579716,0.3336089899,0.4219069533
s2-95-exact,shortest_estimate+topology_aware+none,J_slowdown,20,0.0260170093,0.02394644874,0.02808756986
s2-95-exact,shortest_estimate+topology_aware+none,J_wait,20,0.2227071023,0.1905767348,0.2548374698
s2-95-exact,shortest_estimate+topology_aware+none,J_waste,20,0.04093463311,0.03595474284,0.04591452338
s2-95-exact,shortest_estimate+topology_aware+none,J_slo,20,0.08532809223,0.07565627721,0.09499990726
s2-95-exact,shortest_estimate+topology_aware+none,J_fairness,20,0.002771134699,0.001430596297,0.004111673101
s2-95-exact,shortest_estimate+topology_aware+none,wait_mean,20,1732.459457,1414.389682,2050.529231
s2-95-exact,shortest_estimate+topology_aware+none,wait_p95,20,6601.0537,5648.707416,7553.399984
s2-95-exact,shortest_estimate+topology_aware+none,wait_p99,20,31911.4075,22478.60114,41344.21386
s2-95-exact,shortest_estimate+topology_aware+none,jct_mean,20,4383.418871,3890.877372,4875.96037
s2-95-exact,shortest_estimate+topology_aware+none,jct_p95,20,15072.23975,13261.08342,16883.39608
s2-95-exact,shortest_estimate+topology_aware+none,bsld_mean,20,1.538441026,1.474522524,1.602359528
s2-95-exact,shortest_estimate+topology_aware+none,bsld_p95,20,3.34461284,3.078432229,3.610793451
s2-95-exact,shortest_estimate+topology_aware+none,bsld_p99,20,6.340800232,5.467921264,7.2136792
s2-95-exact,shortest_estimate+topology_aware+none,wflow_mean,20,1.538441026,1.474522524,1.602359528
s2-95-exact,shortest_estimate+topology_aware+none,wflow_sum_all,20,3023.261352,2904.673709,3141.848994
s2-95-exact,shortest_estimate+topology_aware+none,large_wait_mean,20,2389.872395,1970.015374,2809.729417
s2-95-exact,shortest_estimate+topology_aware+none,large_wait_p95,20,8854.95675,7274.46824,10435.44526
s2-95-exact,shortest_estimate+topology_aware+none,utilization,20,0.8641930775,0.8567876721,0.8715984828
s2-95-exact,shortest_estimate+topology_aware+none,frag_blocked_frac,20,0.6254298177,0.5920173364,0.6588422991
s2-95-exact,shortest_estimate+topology_aware+none,stranded_frac,20,0.2272515383,0.215601187,0.2389018896
s2-95-exact,shortest_estimate+topology_aware+none,goodput_ratio,20,0.9590653669,0.9540854766,0.9640452572
s2-95-exact,shortest_estimate+topology_aware+none,wasted_gpu_hours,20,201.0261159,164.1044066,237.9478252
s2-95-exact,shortest_estimate+topology_aware+none,lost_gpu_hours,20,0,0,0
s2-95-exact,shortest_estimate+topology_aware+none,overhead_gpu_hours,20,0,0,0
s2-95-exact,shortest_estimate+topology_aware+none,topology_gpu_hours,20,201.0260207,164.1043155,237.947726
s2-95-exact,shortest_estimate+topology_aware+none,slack_gpu_hours,20,9.514747478e-05,8.760868282e-05,0.0001026862667
s2-95-exact,shortest_estimate+topology_aware+none,preemptions,20,0,0,0
s2-95-exact,shortest_estimate+topology_aware+none,failure_kills,20,0,0,0
s2-95-exact,shortest_estimate+topology_aware+none,node_downtime_gpu_hours,20,0,0,0
s2-95-exact,shortest_estimate+topology_aware+none,jain_bsld,20,0.9972288653,0.9958883269,0.9985694037
s2-95-exact,shortest_estimate+topology_aware+none,tenant_worst_best_ratio,20,1.13526795,1.099380053,1.171155847
s2-95-exact,shortest_estimate+topology_aware+none,slo_attainment,20,0.9146719078,0.9050000927,0.9243437228
s2-95-exact,shortest_estimate+topology_aware+none,makespan,20,241637.229,212529.7104,270744.7476
s2-95-exact,shortest_estimate+topology_aware+none,reservations,20,0,0,0
s2-95-exact,shortest_estimate+topology_aware+none,broken_reservations,20,0,0,0
s2-95-exact,shortest_estimate+topology_aware+none,tenant_t0_bsld_mean,20,1.540602172,1.476041829,1.605162515
s2-95-exact,shortest_estimate+topology_aware+none,tenant_t0_bsld_p95,20,3.366221048,3.057060118,3.675381978
s2-95-exact,shortest_estimate+topology_aware+none,tenant_t1_bsld_mean,20,1.559434267,1.471297925,1.647570608
s2-95-exact,shortest_estimate+topology_aware+none,tenant_t1_bsld_p95,20,3.447737798,3.105668622,3.789806974
s2-95-exact,shortest_estimate+topology_aware+none,tenant_t2_bsld_mean,20,1.509546998,1.447889052,1.571204945
s2-95-exact,shortest_estimate+topology_aware+none,tenant_t2_bsld_p95,20,3.399825124,3.092393131,3.707257118
s2-95-exact,shortest_estimate+topology_aware+none,tenant_t3_bsld_mean,20,1.523886228,1.448963836,1.598808619
s2-95-exact,shortest_estimate+topology_aware+none,tenant_t3_bsld_p95,20,3.282367321,3.007468119,3.557266524
s2-95-exact,shortest_estimate+topology_aware+none,prio_1_wait_p95,20,7105.9707,5824.727997,8387.213403
s2-95-exact,shortest_estimate+topology_aware+none,prio_1_bsld_p95,20,3.388392365,3.11502295,3.66176178
s2-95-exact,shortest_estimate+topology_aware+none,prio_8_wait_p95,20,6549.96515,5606.39288,7493.53742
s2-95-lognormal,fifo+first_fit+none,J,20,2.615620499,2.132080586,3.099160413
s2-95-lognormal,fifo+first_fit+none,J_slowdown,20,0.8148217022,0.6144802389,1.015163165
s2-95-lognormal,fifo+first_fit+none,J_wait,20,0.9460566052,0.7269871853,1.165126025
s2-95-lognormal,fifo+first_fit+none,J_waste,20,0.04852610479,0.04351113892,0.05354107067
s2-95-lognormal,fifo+first_fit+none,J_slo,20,0.7355361176,0.6348860063,0.836186229
s2-95-lognormal,fifo+first_fit+none,J_fairness,20,0.07067996945,0.04709372979,0.0942662091
s2-95-lognormal,fifo+first_fit+none,wait_mean,20,15577.91575,11101.85479,20053.97671
s2-95-lognormal,fifo+first_fit+none,wait_p95,20,28041.1823,21547.94975,34534.41485
s2-95-lognormal,fifo+first_fit+none,wait_p99,20,29773.0676,23108.62358,36437.51162
s2-95-lognormal,fifo+first_fit+none,jct_mean,20,18236.01243,13635.26626,22836.7586
s2-95-lognormal,fifo+first_fit+none,jct_p95,20,32011.1422,25527.58817,38494.69623
s2-95-lognormal,fifo+first_fit+none,bsld_mean,20,26.98406057,20.16944779,33.79867334
s2-95-lognormal,fifo+first_fit+none,bsld_p95,20,104.7492852,78.99441758,130.5041528
s2-95-lognormal,fifo+first_fit+none,bsld_p99,20,240.8727631,183.4753397,298.2701865
s2-95-lognormal,fifo+first_fit+none,wflow_mean,20,26.98406057,20.16944779,33.79867334
s2-95-lognormal,fifo+first_fit+none,wflow_sum_all,20,53886.33157,40846.56087,66926.10226
s2-95-lognormal,fifo+first_fit+none,large_wait_mean,20,15977.29406,11403.25158,20551.33654
s2-95-lognormal,fifo+first_fit+none,large_wait_p95,20,28317.03915,21801.06626,34833.01204
s2-95-lognormal,fifo+first_fit+none,utilization,20,0.8237928092,0.8135724947,0.8340131237
s2-95-lognormal,fifo+first_fit+none,frag_blocked_frac,20,0.8431744632,0.8240136092,0.8623353173
s2-95-lognormal,fifo+first_fit+none,stranded_frac,20,0.250037146,0.242333652,0.2577406399
s2-95-lognormal,fifo+first_fit+none,goodput_ratio,20,0.9514738952,0.9464589293,0.9564888611
s2-95-lognormal,fifo+first_fit+none,wasted_gpu_hours,20,240.7213939,199.7587748,281.6840129
s2-95-lognormal,fifo+first_fit+none,lost_gpu_hours,20,0,0,0
s2-95-lognormal,fifo+first_fit+none,overhead_gpu_hours,20,0,0,0
s2-95-lognormal,fifo+first_fit+none,topology_gpu_hours,20,240.7212816,199.7586663,281.6838969
s2-95-lognormal,fifo+first_fit+none,slack_gpu_hours,20,0.0001122808081,0.0001046076702,0.000119953946
s2-95-lognormal,fifo+first_fit+none,preemptions,20,0,0,0
s2-95-lognormal,fifo+first_fit+none,failure_kills,20,0,0,0
s2-95-lognormal,fifo+first_fit+none,node_downtime_gpu_hours,20,0,0,0
s2-95-lognormal,fifo+first_fit+none,jain_bsld,20,0.9293200306,0.9057337909,0.9529062702
s2-95-lognormal,fifo+first_fit+none,tenant_worst_best_ratio,20,2.03314774,1.784676125,2.281619355
s2-95-lognormal,fifo+first_fit+none,slo_attainment,20,0.2644638824,0.163813771,0.3651139937
s2-95-lognormal,fifo+first_fit+none,makespan,20,240655.6793,209655.4812,271655.8774
s2-95-lognormal,fifo+first_fit+none,reservations,20,0,0,0
s2-95-lognormal,fifo+first_fit+none,broken_reservations,20,0,0,0
s2-95-lognormal,fifo+first_fit+none,tenant_t0_bsld_mean,20,27.66363169,19.35546516,35.97179822
s2-95-lognormal,fifo+first_fit+none,tenant_t0_bsld_p95,20,111.5138196,76.100245,146.9273942
s2-95-lognormal,fifo+first_fit+none,tenant_t1_bsld_mean,20,25.74655525,19.08970589,32.40340462
s2-95-lognormal,fifo+first_fit+none,tenant_t1_bsld_p95,20,99.14239519,73.87330537,124.411485
s2-95-lognormal,fifo+first_fit+none,tenant_t2_bsld_mean,20,28.89419084,20.26813931,37.52024238
s2-95-lognormal,fifo+first_fit+none,tenant_t2_bsld_p95,20,108.1615419,77.76174699,138.5613368
s2-95-lognormal,fifo+first_fit+none,tenant_t3_bsld_mean,20,25.20948409,18.25892927,32.16003892
s2-95-lognormal,fifo+first_fit+none,tenant_t3_bsld_p95,20,95.71026868,68.96331734,122.45722
s2-95-lognormal,fifo+first_fit+none,prio_1_wait_p95,20,28084.583,21563.12398,34606.04202
s2-95-lognormal,fifo+first_fit+none,prio_1_bsld_p95,20,105.3376704,77.88979031,132.7855505
s2-95-lognormal,fifo+first_fit+none,prio_8_wait_p95,20,27752.49815,21360.97277,34144.02353
s2-95-lognormal,shortest_estimate+topology_aware+conservative,J,20,0.1893643125,0.1656545509,0.2130740741
s2-95-lognormal,shortest_estimate+topology_aware+conservative,J_slowdown,20,0.02099956993,0.01946583471,0.02253330514
s2-95-lognormal,shortest_estimate+topology_aware+conservative,J_wait,20,0.08722305504,0.07268977373,0.1017563364
s2-95-lognormal,shortest_estimate+topology_aware+conservative,J_waste,20,0.04159934565,0.03646480166,0.04673388964
s2-95-lognormal,shortest_estimate+topology_aware+conservative,J_slo,20,0.03630337143,0.03046574182,0.04214100103
s2-95-lognormal,shortest_estimate+topology_aware+conservative,J_fairness,20,0.003238970457,0.001964851336,0.004513089577
s2-95-lognormal,shortest_estimate+topology_aware+conservative,wait_mean,20,756.7208074,567.1663866,946.2752281
s2-95-lognormal,shortest_estimate+topology_aware+conservative,wait_p95,20,2585.2973,2154.529851,3016.064749
s2-95-lognormal,shortest_estimate+topology_aware+conservative,wait_p99,20,16954.7734,11303.98429,22605.56251
s2-95-lognormal,shortest_estimate+topology_aware+conservative,jct_mean,20,3409.391439,3043.588775,3775.194102
s2-95-lognormal,shortest_estimate+topology_aware+conservative,jct_p95,20,11807.85005,10264.5168,13351.1833
s2-95-lognormal,shortest_estimate+topology_aware+conservative,bsld_mean,20,1.319863382,1.285005548,1.354721215
s2-95-lognormal,shortest_estimate+topology_aware+conservative,bsld_p95,20,2.699596652,2.502427544,2.89676576
s2-95-lognormal,shortest_estimate+topology_aware+conservative,bsld_p99,20,6.504849614,5.919165274,7.090533954
s2-95-lognormal,shortest_estimate+topology_aware+conservative,wflow_mean,20,1.319863382,1.285005548,1.354721215
s2-95-lognormal,shortest_estimate+topology_aware+conservative,wflow_sum_all,20,2597.475581,2524.122189,2670.828972
s2-95-lognormal,shortest_estimate+topology_aware+conservative,large_wait_mean,20,2875.809138,2170.065889,3581.552387
s2-95-lognormal,shortest_estimate+topology_aware+conservative,large_wait_p95,20,14445.29835,9883.950588,19006.64611
s2-95-lognormal,shortest_estimate+topology_aware+conservative,utilization,20,0.8828405378,0.8731823402,0.8924987353
s2-95-lognormal,shortest_estimate+topology_aware+conservative,frag_blocked_frac,20,0.4395313914,0.4072479942,0.4718147885
s2-95-lognormal,shortest_estimate+topology_aware+conservative,stranded_frac,20,0.2031189353,0.1913157924,0.2149220781
s2-95-lognormal,shortest_estimate+topology_aware+conservative,goodput_ratio,20,0.9584006543,0.9532661104,0.9635351983
s2-95-lognormal,shortest_estimate+topology_aware+conservative,wasted_gpu_hours,20,204.2746212,168.0765112,240.4727313
s2-95-lognormal,shortest_estimate+topology_aware+conservative,lost_gpu_hours,20,0,0,0
s2-95-lognormal,shortest_estimate+topology_aware+conservative,overhead_gpu_hours,20,0,0,0
s2-95-lognormal,shortest_estimate+topology_aware+conservative,topology_gpu_hours,20,204.274531,168.0764263,240.4726358
s2-95-lognormal,shortest_estimate+topology_aware+conservative,slack_gpu_hours,20,9.017373741e-05,8.165864592e-05,9.86888289e-05
s2-95-lognormal,shortest_estimate+topology_aware+conservative,preemptions,20,0,0,0
s2-95-lognormal,shortest_estimate+topology_aware+conservative,failure_kills,20,0,0,0
s2-95-lognormal,shortest_estimate+topology_aware+conservative,node_downtime_gpu_hours,20,0,0,0
s2-95-lognormal,shortest_estimate+topology_aware+conservative,jain_bsld,20,0.9967610295,0.9954869104,0.9980351487
s2-95-lognormal,shortest_estimate+topology_aware+conservative,tenant_worst_best_ratio,20,1.147987999,1.117798279,1.178177719
s2-95-lognormal,shortest_estimate+topology_aware+conservative,slo_attainment,20,0.9636966286,0.957858999,0.9695342582
s2-95-lognormal,shortest_estimate+topology_aware+conservative,makespan,20,227771.0351,198426.2994,257115.7708
s2-95-lognormal,shortest_estimate+topology_aware+conservative,reservations,20,465.3,425.4748672,505.1251328
s2-95-lognormal,shortest_estimate+topology_aware+conservative,broken_reservations,20,400.55,362.9725478,438.1274522
s2-95-lognormal,shortest_estimate+topology_aware+conservative,tenant_t0_bsld_mean,20,1.333465448,1.287822609,1.379108287
s2-95-lognormal,shortest_estimate+topology_aware+conservative,tenant_t0_bsld_p95,20,2.759916115,2.524399479,2.995432752
s2-95-lognormal,shortest_estimate+topology_aware+conservative,tenant_t1_bsld_mean,20,1.333630202,1.280862442,1.386397961
s2-95-lognormal,shortest_estimate+topology_aware+conservative,tenant_t1_bsld_p95,20,2.865047002,2.524261685,3.205832318
s2-95-lognormal,shortest_estimate+topology_aware+conservative,tenant_t2_bsld_mean,20,1.29103819,1.258900194,1.323176187
s2-95-lognormal,shortest_estimate+topology_aware+conservative,tenant_t2_bsld_p95,20,2.60373376,2.405159002,2.802308519
s2-95-lognormal,shortest_estimate+topology_aware+conservative,tenant_t3_bsld_mean,20,1.280714214,1.224137245,1.337291182
s2-95-lognormal,shortest_estimate+topology_aware+conservative,tenant_t3_bsld_p95,20,2.443093062,2.137287414,2.748898711
s2-95-lognormal,shortest_estimate+topology_aware+conservative,prio_1_wait_p95,20,2563.8031,2150.727436,2976.878764
s2-95-lognormal,shortest_estimate+topology_aware+conservative,prio_1_bsld_p95,20,2.694490183,2.486068755,2.902911611
s2-95-lognormal,shortest_estimate+topology_aware+conservative,prio_8_wait_p95,20,2492.6688,1767.072229,3218.265371
s2-95-lognormal,shortest_estimate+topology_aware+easy,J,20,0.192813292,0.1697091388,0.2159174451
s2-95-lognormal,shortest_estimate+topology_aware+easy,J_slowdown,20,0.02280799911,0.02081832656,0.02479767167
s2-95-lognormal,shortest_estimate+topology_aware+easy,J_wait,20,0.08706026695,0.07295195152,0.1011685824
s2-95-lognormal,shortest_estimate+topology_aware+easy,J_waste,20,0.0434731536,0.03917744485,0.04776886234
s2-95-lognormal,shortest_estimate+topology_aware+easy,J_slo,20,0.03568360616,0.03029650906,0.04107070325
s2-95-lognormal,shortest_estimate+topology_aware+easy,J_fairness,20,0.003788266134,0.002071502131,0.005505030138
s2-95-lognormal,shortest_estimate+topology_aware+easy,wait_mean,20,786.2594876,593.4903378,979.0286374
s2-95-lognormal,shortest_estimate+topology_aware+easy,wait_p95,20,2580.47225,2162.300819,2998.643681
s2-95-lognormal,shortest_estimate+topology_aware+easy,wait_p99,20,19302.26285,12843.65706,25760.86864
s2-95-lognormal,shortest_estimate+topology_aware+easy,jct_mean,20,3440.422899,3074.712966,3806.132831
s2-95-lognormal,shortest_estimate+topology_aware+easy,jct_p95,20,11965.9021,10431.1988,13500.6054
s2-95-lognormal,shortest_estimate+topology_aware+easy,bsld_mean,20,1.37320522,1.316858859,1.429551581
s2-95-lognormal,shortest_estimate+topology_aware+easy,bsld_p95,20,2.932079003,2.676296938,3.187861069
s2-95-lognormal,shortest_estimate+topology_aware+easy,bsld_p99,20,7.959066715,6.870157743,9.047975687
s2-95-lognormal,shortest_estimate+topology_aware+easy,wflow_mean,20,1.37320522,1.316858859,1.429551581
s2-95-lognormal,shortest_estimate+topology_aware+easy,wflow_sum_all,20,2697.120889,2604.494459,2789.74732
s2-95-lognormal,shortest_estimate+topology_aware+easy,large_wait_mean,20,3366.249731,2541.616853,4190.88261
s2-95-lognormal,shortest_estimate+topology_aware+easy,large_wait_p95,20,18407.62935,12328.9239,24486.3348
s2-95-lognormal,shortest_estimate+topology_aware+easy,utilization,20,0.87508884,0.8675337306,0.8826439494
s2-95-lognormal,shortest_estimate+topology_aware+easy,frag_blocked_frac,20,0.5124516772,0.4746886852,0.5502146692
s2-95-lognormal,shortest_estimate+topology_aware+easy,stranded_frac,20,0.2174221553,0.2042264511,0.2306178594
s2-95-lognormal,shortest_estimate+topology_aware+easy,goodput_ratio,20,0.9565268464,0.9522311377,0.9608225551
s2-95-lognormal,shortest_estimate+topology_aware+easy,wasted_gpu_hours,20,213.6109426,179.6168306,247.6050546
s2-95-lognormal,shortest_estimate+topology_aware+easy,lost_gpu_hours,20,0,0,0
s2-95-lognormal,shortest_estimate+topology_aware+easy,overhead_gpu_hours,20,0,0,0
s2-95-lognormal,shortest_estimate+topology_aware+easy,topology_gpu_hours,20,213.6108479,179.6167393,247.6049566
s2-95-lognormal,shortest_estimate+topology_aware+easy,slack_gpu_hours,20,9.461212125e-05,8.687729421e-05,0.0001023469483
s2-95-lognormal,shortest_estimate+topology_aware+easy,preemptions,20,0,0,0
s2-95-lognormal,shortest_estimate+topology_aware+easy,failure_kills,20,0,0,0
s2-95-lognormal,shortest_estimate+topology_aware+easy,node_downtime_gpu_hours,20,0,0,0
s2-95-lognormal,shortest_estimate+topology_aware+easy,jain_bsld,20,0.9962117339,0.9944949699,0.9979284979
s2-95-lognormal,shortest_estimate+topology_aware+easy,tenant_worst_best_ratio,20,1.156714555,1.117204997,1.196224113
s2-95-lognormal,shortest_estimate+topology_aware+easy,slo_attainment,20,0.9643163938,0.9589292968,0.9697034909
s2-95-lognormal,shortest_estimate+topology_aware+easy,makespan,20,226606.5414,197514.8939,255698.189
s2-95-lognormal,shortest_estimate+topology_aware+easy,reservations,20,264.35,250.571241,278.128759
s2-95-lognormal,shortest_estimate+topology_aware+easy,broken_reservations,20,226.05,212.420813,239.679187
s2-95-lognormal,shortest_estimate+topology_aware+easy,tenant_t0_bsld_mean,20,1.376208368,1.317034796,1.43538194
s2-95-lognormal,shortest_estimate+topology_aware+easy,tenant_t0_bsld_p95,20,3.042537823,2.75429832,3.330777325
s2-95-lognormal,shortest_estimate+topology_aware+easy,tenant_t1_bsld_mean,20,1.386860326,1.306705529,1.467015124
s2-95-lognormal,shortest_estimate+topology_aware+easy,tenant_t1_bsld_p95,20,2.934775669,2.639610382,3.229940956
s2-95-lognormal,shortest_estimate+topology_aware+easy,tenant_t2_bsld_mean,20,1.346308538,1.299300888,1.393316188
s2-95-lognormal,shortest_estimate+topology_aware+easy,tenant_t2_bsld_p95,20,2.901854429,2.64087061,3.162838248
s2-95-lognormal,shortest_estimate+topology_aware+easy,tenant_t3_bsld_mean,20,1.377003577,1.278815949,1.475191206
s2-95-lognormal,shortest_estimate+topology_aware+easy,tenant_t3_bsld_p95,20,2.75346498,2.217000849,3.289929111
s2-95-lognormal,shortest_estimate+topology_aware+easy,prio_1_wait_p95,20,2430.44075,2046.649468,2814.232032
s2-95-lognormal,shortest_estimate+topology_aware+easy,prio_1_bsld_p95,20,2.952633966,2.662584488,3.242683444
s2-95-lognormal,shortest_estimate+topology_aware+easy,prio_8_wait_p95,20,2727.8748,2112.047233,3343.702367
s2-95-lognormal,shortest_estimate+topology_aware+easy_oracle,J,20,0.1684364081,0.1506074019,0.1862654144
s2-95-lognormal,shortest_estimate+topology_aware+easy_oracle,J_slowdown,20,0.02054148173,0.01916476775,0.0219181957
s2-95-lognormal,shortest_estimate+topology_aware+easy_oracle,J_wait,20,0.06858177708,0.05911121835,0.07805233582
s2-95-lognormal,shortest_estimate+topology_aware+easy_oracle,J_waste,20,0.04421334436,0.03910943916,0.04931724956
s2-95-lognormal,shortest_estimate+topology_aware+easy_oracle,J_slo,20,0.03211410504,0.02728843866,0.03693977143
s2-95-lognormal,shortest_estimate+topology_aware+easy_oracle,J_fairness,20,0.002985699924,0.001531569229,0.004439830618
s2-95-lognormal,shortest_estimate+topology_aware+easy_oracle,wait_mean,20,687.32648,526.8952295,847.7577304
s2-95-lognormal,shortest_estimate+topology_aware+easy_oracle,wait_p95,20,2032.76855,1752.060543,2313.476557
s2-95-lognormal,shortest_estimate+topology_aware+easy_oracle,wait_p99,20,15977.6563,10374.75609,21580.55651
s2-95-lognormal,shortest_estimate+topology_aware+easy_oracle,jct_mean,20,3342.005296,2992.091738,3691.918854
s2-95-lognormal,shortest_estimate+topology_aware+easy_oracle,jct_p95,20,11530.34515,10080.97731,12979.71299
s2-95-lognormal,shortest_estimate+topology_aware+easy_oracle,bsld_mean,20,1.306768217,1.272929623,1.340606811
s2-95-lognormal,shortest_estimate+topology_aware+easy_oracle,bsld_p95,20,2.640707191,2.463723927,2.817690455
s2-95-lognormal,shortest_estimate+topology_aware+easy_oracle,bsld_p99,20,6.419603577,5.674624093,7.16458306
s2-95-lognormal,shortest_estimate+topology_aware+easy_oracle,wflow_mean,20,1.306768217,1.272929623,1.340606811
s2-95-lognormal,shortest_estimate+topology_aware+easy_oracle,wflow_sum_all,20,2574.935857,2507.76213,2642.109584
s2-95-lognormal,shortest_estimate+topology_aware+easy_oracle,large_wait_mean,20,2894.723974,2221.343384,3568.104565
s2-95-lognormal,shortest_estimate+topology_aware+easy_oracle,large_wait_p95,20,14630.38145,9583.347962,19677.41494
s2-95-lognormal,shortest_estimate+topology_aware+easy_oracle,utilization,20,0.8854539598,0.8757991555,0.895108764
s2-95-lognormal,shortest_estimate+topology_aware+easy_oracle,frag_blocked_frac,20,0.4533083278,0.4165345156,0.49008214
s2-95-lognormal,shortest_estimate+topology_aware+easy_oracle,stranded_frac,20,0.216887023,0.2036940974,0.2300799485
s2-95-lognormal,shortest_estimate+topology_aware+easy_oracle,goodput_ratio,20,0.9557866556,0.9506827504,0.9608905608
s2-95-lognormal,shortest_estimate+topology_aware+easy_oracle,wasted_gpu_hours,20,217.3614956,180.0442848,254.6787063
s2-95-lognormal,shortest_estimate+topology_aware+easy_oracle,lost_gpu_hours,20,0,0,0
s2-95-lognormal,shortest_estimate+topology_aware+easy_oracle,overhead_gpu_hours,20,0,0,0
s2-95-lognormal,shortest_estimate+topology_aware+easy_oracle,topology_gpu_hours,20,217.3614009,180.0441934,254.6786083
s2-95-lognormal,shortest_estimate+topology_aware+easy_oracle,slack_gpu_hours,20,9.467272731e-05,8.666699833e-05,0.0001026784563
s2-95-lognormal,shortest_estimate+topology_aware+easy_oracle,preemptions,20,0,0,0
s2-95-lognormal,shortest_estimate+topology_aware+easy_oracle,failure_kills,20,0,0,0
s2-95-lognormal,shortest_estimate+topology_aware+easy_oracle,node_downtime_gpu_hours,20,0,0,0
s2-95-lognormal,shortest_estimate+topology_aware+easy_oracle,jain_bsld,20,0.9970143001,0.9955601694,0.9984684308
s2-95-lognormal,shortest_estimate+topology_aware+easy_oracle,tenant_worst_best_ratio,20,1.135903106,1.098858874,1.172947338
s2-95-lognormal,shortest_estimate+topology_aware+easy_oracle,slo_attainment,20,0.967885895,0.9630602286,0.9727115613
s2-95-lognormal,shortest_estimate+topology_aware+easy_oracle,makespan,20,225812.7106,196528.0456,255097.3755
s2-95-lognormal,shortest_estimate+topology_aware+easy_oracle,reservations,20,297.35,279.9022973,314.7977027
s2-95-lognormal,shortest_estimate+topology_aware+easy_oracle,broken_reservations,20,81.3,74.58084201,88.01915799
s2-95-lognormal,shortest_estimate+topology_aware+easy_oracle,tenant_t0_bsld_mean,20,1.305076501,1.25936445,1.350788552
s2-95-lognormal,shortest_estimate+topology_aware+easy_oracle,tenant_t0_bsld_p95,20,2.681812279,2.480481387,2.88314317
s2-95-lognormal,shortest_estimate+topology_aware+easy_oracle,tenant_t1_bsld_mean,20,1.315969203,1.268409661,1.363528745
s2-95-lognormal,shortest_estimate+topology_aware+easy_oracle,tenant_t1_bsld_p95,20,2.678469511,2.384251776,2.972687245
s2-95-lognormal,shortest_estimate+topology_aware+easy_oracle,tenant_t2_bsld_mean,20,1.290334697,1.256527202,1.324142192
s2-95-lognormal,shortest_estimate+topology_aware+easy_oracle,tenant_t2_bsld_p95,20,2.610604378,2.391676902,2.829531854
s2-95-lognormal,shortest_estimate+topology_aware+easy_oracle,tenant_t3_bsld_mean,20,1.320908152,1.260140311,1.381675992
s2-95-lognormal,shortest_estimate+topology_aware+easy_oracle,tenant_t3_bsld_p95,20,2.807368358,2.275906263,3.338830452
s2-95-lognormal,shortest_estimate+topology_aware+easy_oracle,prio_1_wait_p95,20,2128.17405,1835.561853,2420.786247
s2-95-lognormal,shortest_estimate+topology_aware+easy_oracle,prio_1_bsld_p95,20,2.635936275,2.446737798,2.825134751
s2-95-lognormal,shortest_estimate+topology_aware+easy_oracle,prio_8_wait_p95,20,1954.11155,1509.038848,2399.184252
s2-95-lognormal,shortest_estimate+topology_aware+easy_predicted,J,20,0.1875856508,0.1652379443,0.2099333573
s2-95-lognormal,shortest_estimate+topology_aware+easy_predicted,J_slowdown,20,0.02275766315,0.02072126629,0.02479406001
s2-95-lognormal,shortest_estimate+topology_aware+easy_predicted,J_wait,20,0.08330829178,0.07064314327,0.09597344029
s2-95-lognormal,shortest_estimate+topology_aware+easy_predicted,J_waste,20,0.04356515497,0.03843479532,0.04869551462
s2-95-lognormal,shortest_estimate+topology_aware+easy_predicted,J_slo,20,0.03503734636,0.0293375566,0.04073713612
s2-95-lognormal,shortest_estimate+topology_aware+easy_predicted,J_fairness,20,0.002917194515,0.00187837563,0.003956013399
s2-95-lognormal,shortest_estimate+topology_aware+easy_predicted,wait_mean,20,782.9309856,602.0465027,963.8154686
s2-95-lognormal,shortest_estimate+topology_aware+easy_predicted,wait_p95,20,2469.26345,2093.867584,2844.659316
s2-95-lognormal,shortest_estimate+topology_aware+easy_predicted,wait_p99,20,18509.9746,12705.6463,24314.3029
s2-95-lognormal,shortest_estimate+topology_aware+easy_predicted,jct_mean,20,3437.137778,3078.690039,3795.585516
s2-95-lognormal,shortest_estimate+topology_aware+easy_predicted,jct_p95,20,11713.04445,10226.56234,13199.52656
s2-95-lognormal,shortest_estimate+topology_aware+easy_predicted,bsld_mean,20,1.367825475,1.316133882,1.419517067
s2-95-lognormal,shortest_estimate+topology_aware+easy_predicted,bsld_p95,20,2.925608071,2.663819369,3.187396772
s2-95-lognormal,shortest_estimate+topology_aware+easy_predicted,bsld_p99,20,7.636734276,6.819562219,8.453906333
s2-95-lognormal,shortest_estimate+topology_aware+easy_predicted,wflow_mean,20,1.367825475,1.316133882,1.419517067
s2-95-lognormal,shortest_estimate+topology_aware+easy_predicted,wflow_sum_all,20,2675.451308,2585.461145,2765.441471
s2-95-lognormal,shortest_estimate+topology_aware+easy_predicted,large_wait_mean,20,3342.82643,2571.834598,4113.818261
s2-95-lognormal,shortest_estimate+topology_aware+easy_predicted,large_wait_p95,20,17247.9411,11857.0237,22638.8585
s2-95-lognormal,shortest_estimate+topology_aware+easy_predicted,utilization,20,0.8760410163,0.8671376804,0.8849443522
s2-95-lognormal,shortest_estimate+topology_aware+easy_predicted,frag_blocked_frac,20,0.4900867566,0.4514233062,0.528750207
s2-95-lognormal,shortest_estimate+topology_aware+easy_predicted,stranded_frac,20,0.2126964963,0.1997173423,0.2256756504
s2-95-lognormal,shortest_estimate+topology_aware+easy_predicted,goodput_ratio,20,0.956434845,0.9513044854,0.9615652047
s2-95-lognormal,shortest_estimate+topology_aware+easy_predicted,wasted_gpu_hours,20,213.4359973,175.4723865,251.3996082
s2-95-lognormal,shortest_estimate+topology_aware+easy_predicted,lost_gpu_hours,20,0,0,0
s2-95-lognormal,shortest_estimate+topology_aware+easy_predicted,overhead_gpu_hours,20,0,0,0
s2-95-lognormal,shortest_estimate+topology_aware+easy_predicted,topology_gpu_hours,20,213.4359029,175.472297,251.3995088
s2-95-lognormal,shortest_estimate+topology_aware+easy_predicted,slack_gpu_hours,20,9.443636367e-05,8.63581639e-05,0.0001025145634
s2-95-lognormal,shortest_estimate+topology_aware+easy_predicted,preemptions,20,0,0,0
s2-95-lognormal,shortest_estimate+topology_aware+easy_predicted,failure_kills,20,0,0,0
s2-95-lognormal,shortest_estimate+topology_aware+easy_predicted,node_downtime_gpu_hours,20,0,0,0
s2-95-lognormal,shortest_estimate+topology_aware+easy_predicted,jain_bsld,20,0.9970828055,0.9960439866,0.9981216244
s2-95-lognormal,shortest_estimate+topology_aware+easy_predicted,tenant_worst_best_ratio,20,1.141839837,1.112880089,1.170799585
s2-95-lognormal,shortest_estimate+topology_aware+easy_predicted,slo_attainment,20,0.9649626536,0.9592628639,0.9706624434
s2-95-lognormal,shortest_estimate+topology_aware+easy_predicted,makespan,20,227326.8044,197789.2321,256864.3767
s2-95-lognormal,shortest_estimate+topology_aware+easy_predicted,reservations,20,266.95,251.7964062,282.1035938
s2-95-lognormal,shortest_estimate+topology_aware+easy_predicted,broken_reservations,20,242.95,228.2968843,257.6031157
s2-95-lognormal,shortest_estimate+topology_aware+easy_predicted,tenant_t0_bsld_mean,20,1.375175404,1.312145211,1.438205596
s2-95-lognormal,shortest_estimate+topology_aware+easy_predicted,tenant_t0_bsld_p95,20,2.948768551,2.645554391,3.25198271
s2-95-lognormal,shortest_estimate+topology_aware+easy_predicted,tenant_t1_bsld_mean,20,1.382457922,1.31663502,1.448280823
s2-95-lognormal,shortest_estimate+topology_aware+easy_predicted,tenant_t1_bsld_p95,20,2.944972075,2.642769416,3.247174735
s2-95-lognormal,shortest_estimate+topology_aware+easy_predicted,tenant_t2_bsld_mean,20,1.342540931,1.284939398,1.400142463
s2-95-lognormal,shortest_estimate+topology_aware+easy_predicted,tenant_t2_bsld_p95,20,2.929472429,2.638312601,3.220632257
s2-95-lognormal,shortest_estimate+topology_aware+easy_predicted,tenant_t3_bsld_mean,20,1.349394756,1.285804479,1.412985033
s2-95-lognormal,shortest_estimate+topology_aware+easy_predicted,tenant_t3_bsld_p95,20,3.027858133,2.470726543,3.584989724
s2-95-lognormal,shortest_estimate+topology_aware+easy_predicted,prio_1_wait_p95,20,2609.5652,2183.875192,3035.255208
s2-95-lognormal,shortest_estimate+topology_aware+easy_predicted,prio_1_bsld_p95,20,2.905828388,2.667618494,3.144038282
s2-95-lognormal,shortest_estimate+topology_aware+easy_predicted,prio_8_wait_p95,20,2544.18355,1872.269611,3216.097489
s2-95-lognormal,shortest_estimate+topology_aware+none,J,20,0.4663258297,0.3989040944,0.533747565
s2-95-lognormal,shortest_estimate+topology_aware+none,J_slowdown,20,0.03112912123,0.02909069877,0.03316754369
s2-95-lognormal,shortest_estimate+topology_aware+none,J_wait,20,0.2938135362,0.238204143,0.3494229293
s2-95-lognormal,shortest_estimate+topology_aware+none,J_waste,20,0.04252657249,0.03768895587,0.0473641891
s2-95-lognormal,shortest_estimate+topology_aware+none,J_slo,20,0.09561034569,0.08561135653,0.1056093348
s2-95-lognormal,shortest_estimate+topology_aware+none,J_fairness,20,0.003246254159,0.001754010734,0.004738497584
s2-95-lognormal,shortest_estimate+topology_aware+none,wait_mean,20,2157.745887,1726.927606,2588.564167
s2-95-lognormal,shortest_estimate+topology_aware+none,wait_p95,20,8708.65325,7060.387044,10356.91946
s2-95-lognormal,shortest_estimate+topology_aware+none,wait_p99,20,42298.6249,29922.62968,54674.62012
s2-95-lognormal,shortest_estimate+topology_aware+none,jct_mean,20,4809.259244,4249.922055,5368.596433
s2-95-lognormal,shortest_estimate+topology_aware+none,jct_p95,20,17537.5418,15271.09124,19803.99236
s2-95-lognormal,shortest_estimate+topology_aware+none,bsld_mean,20,1.659895465,1.599074991,1.720715939
s2-95-lognormal,shortest_estimate+topology_aware+none,bsld_p95,20,4.001799644,3.739750541,4.263848747
s2-95-lognormal,shortest_estimate+topology_aware+none,bsld_p99,20,8.275624987,7.377004591,9.174245383
s2-95-lognormal,shortest_estimate+topology_aware+none,wflow_mean,20,1.659895465,1.599074991,1.720715939
s2-95-lognormal,shortest_estimate+topology_aware+none,wflow_sum_all,20,3262.257762,3123.079855,3401.435668
s2-95-lognormal,shortest_estimate+topology_aware+none,large_wait_mean,20,2848.284604,2305.310803,3391.258405
s2-95-lognormal,shortest_estimate+topology_aware+none,large_wait_p95,20,11494.37335,8563.75229,14424.99441
s2-95-lognormal,shortest_estimate+topology_aware+none,utilization,20,0.8608342636,0.8528458144,0.8688227128
s2-95-lognormal,shortest_estimate+topology_aware+none,frag_blocked_frac,20,0.6622343573,0.6323678926,0.692100822
s2-95-lognormal,shortest_estimate+topology_aware+none,stranded_frac,20,0.2338109847,0.2227857865,0.244836183
s2-95-lognormal,shortest_estimate+topology_aware+none,goodput_ratio,20,0.9574734275,0.9526358109,0.9623110441
s2-95-lognormal,shortest_estimate+topology_aware+none,wasted_gpu_hours,20,206.9655412,172.8664817,241.0646007
s2-95-lognormal,shortest_estimate+topology_aware+none,lost_gpu_hours,20,0,0,0
s2-95-lognormal,shortest_estimate+topology_aware+none,overhead_gpu_hours,20,0,0,0
s2-95-lognormal,shortest_estimate+topology_aware+none,topology_gpu_hours,20,206.9654442,172.8663887,241.0644997
s2-95-lognormal,shortest_estimate+topology_aware+none,slack_gpu_hours,20,9.70666667e-05,8.870927938e-05,0.000105424054
s2-95-lognormal,shortest_estimate+topology_aware+none,preemptions,20,0,0,0
s2-95-lognormal,shortest_estimate+topology_aware+none,failure_kills,20,0,0,0
s2-95-lognormal,shortest_estimate+topology_aware+none,node_downtime_gpu_hours,20,0,0,0
s2-95-lognormal,shortest_estimate+topology_aware+none,jain_bsld,20,0.9967537458,0.9952615024,0.9982459893
s2-95-lognormal,shortest_estimate+topology_aware+none,tenant_worst_best_ratio,20,1.146246206,1.108286978,1.184205434
s2-95-lognormal,shortest_estimate+topology_aware+none,slo_attainment,20,0.9043896543,0.8943906652,0.9143886435
s2-95-lognormal,shortest_estimate+topology_aware+none,makespan,20,240779.415,211173.3675,270385.4625
s2-95-lognormal,shortest_estimate+topology_aware+none,reservations,20,0,0,0
s2-95-lognormal,shortest_estimate+topology_aware+none,broken_reservations,20,0,0,0
s2-95-lognormal,shortest_estimate+topology_aware+none,tenant_t0_bsld_mean,20,1.673234478,1.594831511,1.751637445
s2-95-lognormal,shortest_estimate+topology_aware+none,tenant_t0_bsld_p95,20,4.072797093,3.715926184,4.429668002
s2-95-lognormal,shortest_estimate+topology_aware+none,tenant_t1_bsld_mean,20,1.673843231,1.604259058,1.743427404
s2-95-lognormal,shortest_estimate+topology_aware+none,tenant_t1_bsld_p95,20,4.103451943,3.767696133,4.439207753
s2-95-lognormal,shortest_estimate+topology_aware+none,tenant_t2_bsld_mean,20,1.612667006,1.559944254,1.665389758
s2-95-lognormal,shortest_estimate+topology_aware+none,tenant_t2_bsld_p95,20,3.959709068,3.636667874,4.282750262
s2-95-lognormal,shortest_estimate+topology_aware+none,tenant_t3_bsld_mean,20,1.661153279,1.573174143,1.749132415
s2-95-lognormal,shortest_estimate+topology_aware+none,tenant_t3_bsld_p95,20,4.080818203,3.669079655,4.492556751
s2-95-lognormal,shortest_estimate+topology_aware+none,prio_1_wait_p95,20,9191.93165,7161.42963,11222.43367
s2-95-lognormal,shortest_estimate+topology_aware+none,prio_1_bsld_p95,20,4.010721189,3.757567076,4.263875303
s2-95-lognormal,shortest_estimate+topology_aware+none,prio_8_wait_p95,20,8180.15785,6548.397216,9811.918484
s2-95-user,fifo+first_fit+none,J,20,2.615620499,2.132080586,3.099160413
s2-95-user,fifo+first_fit+none,J_slowdown,20,0.8148217022,0.6144802389,1.015163165
s2-95-user,fifo+first_fit+none,J_wait,20,0.9460566052,0.7269871853,1.165126025
s2-95-user,fifo+first_fit+none,J_waste,20,0.04852610479,0.04351113892,0.05354107067
s2-95-user,fifo+first_fit+none,J_slo,20,0.7355361176,0.6348860063,0.836186229
s2-95-user,fifo+first_fit+none,J_fairness,20,0.07067996945,0.04709372979,0.0942662091
s2-95-user,fifo+first_fit+none,wait_mean,20,15577.91575,11101.85479,20053.97671
s2-95-user,fifo+first_fit+none,wait_p95,20,28041.1823,21547.94975,34534.41485
s2-95-user,fifo+first_fit+none,wait_p99,20,29773.0676,23108.62358,36437.51162
s2-95-user,fifo+first_fit+none,jct_mean,20,18236.01243,13635.26626,22836.7586
s2-95-user,fifo+first_fit+none,jct_p95,20,32011.1422,25527.58817,38494.69623
s2-95-user,fifo+first_fit+none,bsld_mean,20,26.98406057,20.16944779,33.79867334
s2-95-user,fifo+first_fit+none,bsld_p95,20,104.7492852,78.99441758,130.5041528
s2-95-user,fifo+first_fit+none,bsld_p99,20,240.8727631,183.4753397,298.2701865
s2-95-user,fifo+first_fit+none,wflow_mean,20,26.98406057,20.16944779,33.79867334
s2-95-user,fifo+first_fit+none,wflow_sum_all,20,53886.33157,40846.56087,66926.10226
s2-95-user,fifo+first_fit+none,large_wait_mean,20,15977.29406,11403.25158,20551.33654
s2-95-user,fifo+first_fit+none,large_wait_p95,20,28317.03915,21801.06626,34833.01204
s2-95-user,fifo+first_fit+none,utilization,20,0.8237928092,0.8135724947,0.8340131237
s2-95-user,fifo+first_fit+none,frag_blocked_frac,20,0.8431744632,0.8240136092,0.8623353173
s2-95-user,fifo+first_fit+none,stranded_frac,20,0.250037146,0.242333652,0.2577406399
s2-95-user,fifo+first_fit+none,goodput_ratio,20,0.9514738952,0.9464589293,0.9564888611
s2-95-user,fifo+first_fit+none,wasted_gpu_hours,20,240.7213939,199.7587748,281.6840129
s2-95-user,fifo+first_fit+none,lost_gpu_hours,20,0,0,0
s2-95-user,fifo+first_fit+none,overhead_gpu_hours,20,0,0,0
s2-95-user,fifo+first_fit+none,topology_gpu_hours,20,240.7212816,199.7586663,281.6838969
s2-95-user,fifo+first_fit+none,slack_gpu_hours,20,0.0001122808081,0.0001046076702,0.000119953946
s2-95-user,fifo+first_fit+none,preemptions,20,0,0,0
s2-95-user,fifo+first_fit+none,failure_kills,20,0,0,0
s2-95-user,fifo+first_fit+none,node_downtime_gpu_hours,20,0,0,0
s2-95-user,fifo+first_fit+none,jain_bsld,20,0.9293200306,0.9057337909,0.9529062702
s2-95-user,fifo+first_fit+none,tenant_worst_best_ratio,20,2.03314774,1.784676125,2.281619355
s2-95-user,fifo+first_fit+none,slo_attainment,20,0.2644638824,0.163813771,0.3651139937
s2-95-user,fifo+first_fit+none,makespan,20,240655.6793,209655.4812,271655.8774
s2-95-user,fifo+first_fit+none,reservations,20,0,0,0
s2-95-user,fifo+first_fit+none,broken_reservations,20,0,0,0
s2-95-user,fifo+first_fit+none,tenant_t0_bsld_mean,20,27.66363169,19.35546516,35.97179822
s2-95-user,fifo+first_fit+none,tenant_t0_bsld_p95,20,111.5138196,76.100245,146.9273942
s2-95-user,fifo+first_fit+none,tenant_t1_bsld_mean,20,25.74655525,19.08970589,32.40340462
s2-95-user,fifo+first_fit+none,tenant_t1_bsld_p95,20,99.14239519,73.87330537,124.411485
s2-95-user,fifo+first_fit+none,tenant_t2_bsld_mean,20,28.89419084,20.26813931,37.52024238
s2-95-user,fifo+first_fit+none,tenant_t2_bsld_p95,20,108.1615419,77.76174699,138.5613368
s2-95-user,fifo+first_fit+none,tenant_t3_bsld_mean,20,25.20948409,18.25892927,32.16003892
s2-95-user,fifo+first_fit+none,tenant_t3_bsld_p95,20,95.71026868,68.96331734,122.45722
s2-95-user,fifo+first_fit+none,prio_1_wait_p95,20,28084.583,21563.12398,34606.04202
s2-95-user,fifo+first_fit+none,prio_1_bsld_p95,20,105.3376704,77.88979031,132.7855505
s2-95-user,fifo+first_fit+none,prio_8_wait_p95,20,27752.49815,21360.97277,34144.02353
s2-95-user,shortest_estimate+topology_aware+conservative,J,20,0.2961004042,0.1686090318,0.4235917766
s2-95-user,shortest_estimate+topology_aware+conservative,J_slowdown,20,0.02744949618,0.02280916813,0.03208982423
s2-95-user,shortest_estimate+topology_aware+conservative,J_wait,20,0.1681004061,0.0601699104,0.2760309017
s2-95-user,shortest_estimate+topology_aware+conservative,J_waste,20,0.04359542376,0.03891393804,0.04827690947
s2-95-user,shortest_estimate+topology_aware+conservative,J_slo,20,0.04823018028,0.03491946134,0.06154089922
s2-95-user,shortest_estimate+topology_aware+conservative,J_fairness,20,0.008724897921,0.003618368573,0.01383142727
s2-95-user,shortest_estimate+topology_aware+conservative,wait_mean,20,1115.506102,611.5106438,1619.50156
s2-95-user,shortest_estimate+topology_aware+conservative,wait_p95,20,4982.5075,1783.440248,8181.574752
s2-95-user,shortest_estimate+topology_aware+conservative,wait_p99,20,23005.8859,12885.23443,33126.53737
s2-95-user,shortest_estimate+topology_aware+conservative,jct_mean,20,3769.190205,3184.224304,4354.156106
s2-95-user,shortest_estimate+topology_aware+conservative,jct_p95,20,14184.8785,10808.47093,17561.28607
s2-95-user,shortest_estimate+topology_aware+conservative,bsld_mean,20,1.499397911,1.389342229,1.609453593
s2-95-user,shortest_estimate+topology_aware+conservative,bsld_p95,20,3.528765982,2.932229286,4.125302678
s2-95-user,shortest_estimate+topology_aware+conservative,bsld_p99,20,9.69977186,7.936872194,11.46267153
s2-95-user,shortest_estimate+topology_aware+conservative,wflow_mean,20,1.499397911,1.389342229,1.609453593
s2-95-user,shortest_estimate+topology_aware+conservative,wflow_sum_all,20,2916.474314,2723.146993,3109.801635
s2-95-user,shortest_estimate+topology_aware+conservative,large_wait_mean,20,3512.300896,2472.163195,4552.438597
s2-95-user,shortest_estimate+topology_aware+conservative,large_wait_p95,20,19066.1357,11253.44976,26878.82164
s2-95-user,shortest_estimate+topology_aware+conservative,utilization,20,0.8882424269,0.877896749,0.8985881048
s2-95-user,shortest_estimate+topology_aware+conservative,frag_blocked_frac,20,0.4459386988,0.4052686039,0.4866087936
s2-95-user,shortest_estimate+topology_aware+conservative,stranded_frac,20,0.2070057375,0.1937181761,0.2202932989
s2-95-user,shortest_estimate+topology_aware+conservative,goodput_ratio,20,0.9564045762,0.9517230905,0.961086062
s2-95-user,shortest_estimate+topology_aware+conservative,wasted_gpu_hours,20,213.338588,178.2489396,248.4282364
s2-95-user,shortest_estimate+topology_aware+conservative,lost_gpu_hours,20,0,0,0
s2-95-user,shortest_estimate+topology_aware+conservative,overhead_gpu_hours,20,0,0,0
s2-95-user,shortest_estimate+topology_aware+conservative,topology_gpu_hours,20,213.3384905,178.2488451,248.4281358
s2-95-user,shortest_estimate+topology_aware+conservative,slack_gpu_hours,20,9.752121216e-05,9.057500371e-05,0.0001044674206
s2-95-user,shortest_estimate+topology_aware+conservative,preemptions,20,0,0,0
s2-95-user,shortest_estimate+topology_aware+conservative,failure_kills,20,0,0,0
s2-95-user,shortest_estimate+topology_aware+conservative,node_downtime_gpu_hours,20,0,0,0
s2-95-user,shortest_estimate+topology_aware+conservative,jain_bsld,20,0.9912751021,0.9861685727,0.9963816314
s2-95-user,shortest_estimate+topology_aware+conservative,tenant_worst_best_ratio,20,1.240929498,1.164953804,1.316905191
s2-95-user,shortest_estimate+topology_aware+conservative,slo_attainment,20,0.9517698197,0.9384591008,0.9650805387
s2-95-user,shortest_estimate+topology_aware+conservative,makespan,20,224525.0589,196414.8464,252635.2715
s2-95-user,shortest_estimate+topology_aware+conservative,reservations,20,526.5,475.7649251,577.2350749
s2-95-user,shortest_estimate+topology_aware+conservative,broken_reservations,20,162.95,138.5463263,187.3536737
s2-95-user,shortest_estimate+topology_aware+conservative,tenant_t0_bsld_mean,20,1.520033861,1.383391024,1.656676698
s2-95-user,shortest_estimate+topology_aware+conservative,tenant_t0_bsld_p95,20,3.669142705,2.911040798,4.427244613
s2-95-user,shortest_estimate+topology_aware+conservative,tenant_t1_bsld_mean,20,1.506474434,1.398618271,1.614330597
s2-95-user,shortest_estimate+topology_aware+conservative,tenant_t1_bsld_p95,20,3.493579285,2.904159232,4.082999337
s2-95-user,shortest_estimate+topology_aware+conservative,tenant_t2_bsld_mean,20,1.449372714,1.344422467,1.554322961
s2-95-user,shortest_estimate+topology_aware+conservative,tenant_t2_bsld_p95,20,3.716897712,3.069457918,4.364337505
s2-95-user,shortest_estimate+topology_aware+conservative,tenant_t3_bsld_mean,20,1.494584359,1.339963136,1.649205583
s2-95-user,shortest_estimate+topology_aware+conservative,tenant_t3_bsld_p95,20,3.316359927,2.472602087,4.160117767
s2-95-user,shortest_estimate+topology_aware+conservative,prio_1_wait_p95,20,4678.18345,2027.002247,7329.364653
s2-95-user,shortest_estimate+topology_aware+conservative,prio_1_bsld_p95,20,3.452977021,2.903373918,4.002580124
s2-95-user,shortest_estimate+topology_aware+conservative,prio_8_wait_p95,20,6341.71775,636.2727786,12047.16272
s2-95-user,shortest_estimate+topology_aware+easy,J,20,0.222028633,0.1828138552,0.2612434107
s2-95-user,shortest_estimate+topology_aware+easy,J_slowdown,20,0.02674165792,0.02302502156,0.03045829428
s2-95-user,shortest_estimate+topology_aware+easy,J_wait,20,0.1037090647,0.07844900592,0.1289691234
s2-95-user,shortest_estimate+topology_aware+easy,J_waste,20,0.0426822761,0.03830609056,0.04705846164
s2-95-user,shortest_estimate+topology_aware+easy,J_slo,20,0.03997862418,0.0343416661,0.04561558226
s2-95-user,shortest_estimate+topology_aware+easy,J_fairness,20,0.008917010086,0.003784002749,0.01405001742
s2-95-user,shortest_estimate+topology_aware+easy,wait_mean,20,926.3208144,673.4618363,1179.179792
s2-95-user,shortest_estimate+topology_aware+easy,wait_p95,20,3073.94375,2325.233886,3822.653614
s2-95-user,shortest_estimate+topology_aware+easy,wait_p99,20,22399.0427,14636.50647,30161.57893
s2-95-user,shortest_estimate+topology_aware+easy,jct_mean,20,3579.538021,3193.336884,3965.739159
s2-95-user,shortest_estimate+topology_aware+easy,jct_p95,20,12661.5767,11145.6332,14177.5202
s2-95-user,shortest_estimate+topology_aware+easy,bsld_mean,20,1.505867232,1.408897341,1.602837122
s2-95-user,shortest_estimate+topology_aware+easy,bsld_p95,20,3.437769938,2.959978293,3.915561584
s2-95-user,shortest_estimate+topology_aware+easy,bsld_p99,20,11.35319774,9.13563618,13.57075929
s2-95-user,shortest_estimate+topology_aware+easy,wflow_mean,20,1.505867232,1.408897341,1.602837122
s2-95-user,shortest_estimate+topology_aware+easy,wflow_sum_all,20,2927.065955,2756.999234,3097.132675
s2-95-user,shortest_estimate+topology_aware+easy,large_wait_mean,20,3959.957516,2866.198441,5053.716592
s2-95-user,shortest_estimate+topology_aware+easy,large_wait_p95,20,20789.31125,13703.34588,27875.27662
s2-95-user,shortest_estimate+topology_aware+easy,utilization,20,0.883004625,0.8735902867,0.8924189632
s2-95-user,shortest_estimate+topology_aware+easy,frag_blocked_frac,20,0.4738698282,0.4364982817,0.5112413746
s2-95-user,shortest_estimate+topology_aware+easy,stranded_frac,20,0.2161518798,0.2016379716,0.2306657879
s2-95-user,shortest_estimate+topology_aware+easy,goodput_ratio,20,0.9573177239,0.9529415384,0.9616939094
s2-95-user,shortest_estimate+topology_aware+easy,wasted_gpu_hours,20,209.0690872,175.0789618,243.0592126
s2-95-user,shortest_estimate+topology_aware+easy,lost_gpu_hours,20,0,0,0
s2-95-user,shortest_estimate+topology_aware+easy,overhead_gpu_hours,20,0,0,0
s2-95-user,shortest_estimate+topology_aware+easy,topology_gpu_hours,20,209.0689929,175.0788707,243.0591152
s2-95-user,shortest_estimate+topology_aware+easy,slack_gpu_hours,20,9.431313135e-05,8.725091609e-05,0.0001013753466
s2-95-user,shortest_estimate+topology_aware+easy,preemptions,20,0,0,0
s2-95-user,shortest_estimate+topology_aware+easy,failure_kills,20,0,0,0
s2-95-user,shortest_estimate+topology_aware+easy,node_downtime_gpu_hours,20,0,0,0
s2-95-user,shortest_estimate+topology_aware+easy,jain_bsld,20,0.9910829899,0.9859499826,0.9962159973
s2-95-user,shortest_estimate+topology_aware+easy,tenant_worst_best_ratio,20,1.258589801,1.180378059,1.336801542
s2-95-user,shortest_estimate+topology_aware+easy,slo_attainment,20,0.9600213758,0.9543844177,0.9656583339
s2-95-user,shortest_estimate+topology_aware+easy,makespan,20,225447.4564,196247.0466,254647.8662
s2-95-user,shortest_estimate+topology_aware+easy,reservations,20,265.05,246.9840983,283.1159017
s2-95-user,shortest_estimate+topology_aware+easy,broken_reservations,20,87.6,77.28757268,97.91242732
s2-95-user,shortest_estimate+topology_aware+easy,tenant_t0_bsld_mean,20,1.522012052,1.4149486,1.629075503
s2-95-user,shortest_estimate+topology_aware+easy,tenant_t0_bsld_p95,20,3.57020942,3.12801987,4.012398971
s2-95-user,shortest_estimate+topology_aware+easy,tenant_t1_bsld_mean,20,1.526924213,1.407782057,1.646066369
s2-95-user,shortest_estimate+topology_aware+easy,tenant_t1_bsld_p95,20,3.551503895,2.859454229,4.243553561
s2-95-user,shortest_estimate+topology_aware+easy,tenant_t2_bsld_mean,20,1.449372049,1.377657794,1.521086304
s2-95-user,shortest_estimate+topology_aware+easy,tenant_t2_bsld_p95,20,3.355072513,2.932381774,3.777763252
s2-95-user,shortest_estimate+topology_aware+easy,tenant_t3_bsld_mean,20,1.493170563,1.303338731,1.683002395
s2-95-user,shortest_estimate+topology_aware+easy,tenant_t3_bsld_p95,20,3.225321075,2.369237331,4.08140482
s2-95-user,shortest_estimate+topology_aware+easy,prio_1_wait_p95,20,3011.1042,2404.910752,3617.297648
s2-95-user,shortest_estimate+topology_aware+easy,prio_1_bsld_p95,20,3.392929885,2.90693101,3.878928759
s2-95-user,shortest_estimate+topology_aware+easy,prio_8_wait_p95,20,2885.45655,2117.718994,3653.194106
s2-95-user,shortest_estimate+topology_aware+easy_oracle,J,20,0.1844053665,0.1644610403,0.2043496927
s2-95-user,shortest_estimate+topology_aware+easy_oracle,J_slowdown,20,0.02284872174,0.0211275735,0.02456986997
s2-95-user,shortest_estimate+topology_aware+easy_oracle,J_wait,20,0.07910280382,0.06630485613,0.09190075151
s2-95-user,shortest_estimate+topology_aware+easy_oracle,J_waste,20,0.04385537093,0.03872929657,0.04898144529
s2-95-user,shortest_estimate+topology_aware+easy_oracle,J_slo,20,0.03306245923,0.02908512815,0.03703979031
s2-95-user,shortest_estimate+topology_aware+easy_oracle,J_fairness,20,0.005536010752,0.001962889341,0.009109132164
s2-95-user,shortest_estimate+topology_aware+easy_oracle,wait_mean,20,787.1233422,611.0231809,963.2235035
s2-95-user,shortest_estimate+topology_aware+easy_oracle,wait_p95,20,2344.6125,1965.280458,2723.944542
s2-95-user,shortest_estimate+topology_aware+easy_oracle,wait_p99,20,18170.56075,13554.3697,22786.7518
s2-95-user,shortest_estimate+topology_aware+easy_oracle,jct_mean,20,3441.480975,3072.297804,3810.664147
s2-95-user,shortest_estimate+topology_aware+easy_oracle,jct_p95,20,11786.8121,10317.74455,13255.87965
s2-95-user,shortest_estimate+topology_aware+easy_oracle,bsld_mean,20,1.383770818,1.337697606,1.429844031
s2-95-user,shortest_estimate+topology_aware+easy_oracle,bsld_p95,20,2.937314094,2.716052133,3.158576055
s2-95-user,shortest_estimate+topology_aware+easy_oracle,bsld_p99,20,8.047277946,7.263821527,8.830734365
s2-95-user,shortest_estimate+topology_aware+easy_oracle,wflow_mean,20,1.383770818,1.337697606,1.429844031
s2-95-user,shortest_estimate+topology_aware+easy_oracle,wflow_sum_all,20,2718.245873,2632.686896,2803.80485
s2-95-user,shortest_estimate+topology_aware+easy_oracle,large_wait_mean,20,3327.878847,2577.705233,4078.052461
s2-95-user,shortest_estimate+topology_aware+easy_oracle,large_wait_p95,20,17143.2284,12726.96441,21559.49239
s2-95-user,shortest_estimate+topology_aware+easy_oracle,utilization,20,0.8859830679,0.8755172985,0.8964488373
s2-95-user,shortest_estimate+topology_aware+easy_oracle,frag_blocked_frac,20,0.4607571726,0.4340504733,0.4874638718
s2-95-user,shortest_estimate+topology_aware+easy_oracle,stranded_frac,20,0.2179344575,0.2054671536,0.2304017613
s2-95-user,shortest_estimate+topology_aware+easy_oracle,goodput_ratio,20,0.9561446291,0.9510185547,0.9612707034
s2-95-user,shortest_estimate+topology_aware+easy_oracle,wasted_gpu_hours,20,214.3470138,178.4953062,250.1987214
s2-95-user,shortest_estimate+topology_aware+easy_oracle,lost_gpu_hours,20,0,0,0
s2-95-user,shortest_estimate+topology_aware+easy_oracle,overhead_gpu_hours,20,0,0,0
s2-95-user,shortest_estimate+topology_aware+easy_oracle,topology_gpu_hours,20,214.346917,178.4952135,250.1986204
s2-95-user,shortest_estimate+topology_aware+easy_oracle,slack_gpu_hours,20,9.681616165e-05,8.922512971e-05,0.0001044071936
s2-95-user,shortest_estimate+topology_aware+easy_oracle,preemptions,20,0,0,0
s2-95-user,shortest_estimate+topology_aware+easy_oracle,failure_kills,20,0,0,0
s2-95-user,shortest_estimate+topology_aware+easy_oracle,node_downtime_gpu_hours,20,0,0,0
s2-95-user,shortest_estimate+topology_aware+easy_oracle,jain_bsld,20,0.9944639892,0.9908908678,0.9980371107
s2-95-user,shortest_estimate+topology_aware+easy_oracle,tenant_worst_best_ratio,20,1.188556152,1.139022721,1.238089584
s2-95-user,shortest_estimate+topology_aware+easy_oracle,slo_attainment,20,0.9669375408,0.9629602097,0.9709148718
s2-95-user,shortest_estimate+topology_aware+easy_oracle,makespan,20,225355.3661,196157.8368,254552.8955
s2-95-user,shortest_estimate+topology_aware+easy_oracle,reservations,20,289.25,271.8290114,306.6709886
s2-95-user,shortest_estimate+topology_aware+easy_oracle,broken_reservations,20,76.45,70.33750402,82.56249598
s2-95-user,shortest_estimate+topology_aware+easy_oracle,tenant_t0_bsld_mean,20,1.384633398,1.332145026,1.437121771
s2-95-user,shortest_estimate+topology_aware+easy_oracle,tenant_t0_bsld_p95,20,3.005699292,2.74651613,3.264882453
s2-95-user,shortest_estimate+topology_aware+easy_oracle,tenant_t1_bsld_mean,20,1.389865264,1.331350277,1.448380251
s2-95-user,shortest_estimate+topology_aware+easy_oracle,tenant_t1_bsld_p95,20,2.940437327,2.647961056,3.232913598
s2-95-user,shortest_estimate+topology_aware+easy_oracle,tenant_t2_bsld_mean,20,1.364694243,1.321751357,1.40763713
s2-95-user,shortest_estimate+topology_aware+easy_oracle,tenant_t2_bsld_p95,20,2.964360431,2.643930958,3.284789904
s2-95-user,shortest_estimate+topology_aware+easy_oracle,tenant_t3_bsld_mean,20,1.398275902,1.275123707,1.521428097
s2-95-user,shortest_estimate+topology_aware+easy_oracle,tenant_t3_bsld_p95,20,3.030395361,2.310626875,3.750163847
s2-95-user,shortest_estimate+topology_aware+easy_oracle,prio_1_wait_p95,20,2433.9986,1999.836162,2868.161038
s2-95-user,shortest_estimate+topology_aware+easy_oracle,prio_1_bsld_p95,20,2.956823386,2.696625732,3.217021041
s2-95-user,shortest_estimate+topology_aware+easy_oracle,prio_8_wait_p95,20,2622.26715,1999.746756,3244.787544
s2-95-user,shortest_estimate+topology_aware+easy_predicted,J,20,0.2135820391,0.1861761286,0.2409879496
s2-95-user,shortest_estimate+topology_aware+easy_predicted,J_slowdown,20,0.02586011015,0.02335079129,0.02836942901
s2-95-user,shortest_estimate+topology_aware+easy_predicted,J_wait,20,0.09965131423,0.0813127392,0.1179898893
s2-95-user,shortest_estimate+topology_aware+easy_predicted,J_waste,20,0.04244712608,0.03735889624,0.04753535593
s2-95-user,shortest_estimate+topology_aware+easy_predicted,J_slo,20,0.03795311174,0.03303619674,0.04287002674
s2-95-user,shortest_estimate+topology_aware+easy_predicted,J_fairness,20,0.007670376878,0.003266399611,0.01207435415
s2-95-user,shortest_estimate+topology_aware+easy_predicted,wait_mean,20,928.7819169,690.7253746,1166.838459
s2-95-user,shortest_estimate+topology_aware+easy_predicted,wait_p95,20,2953.67175,2410.115136,3497.228364
s2-95-user,shortest_estimate+topology_aware+easy_predicted,wait_p99,20,22843.02295,14785.43902,30900.60688
s2-95-user,shortest_estimate+topology_aware+easy_predicted,jct_mean,20,3582.368692,3192.179126,3972.558258
s2-95-user,shortest_estimate+topology_aware+easy_predicted,jct_p95,20,12299.24035,10724.87658,13873.60412
s2-95-user,shortest_estimate+topology_aware+easy_predicted,bsld_mean,20,1.481875186,1.408720069,1.555030303
s2-95-user,shortest_estimate+topology_aware+easy_predicted,bsld_p95,20,3.324442693,3.001857572,3.647027814
s2-95-user,shortest_estimate+topology_aware+easy_predicted,bsld_p99,20,10.3517076,8.910269347,11.79314585
s2-95-user,shortest_estimate+topology_aware+easy_predicted,wflow_mean,20,1.481875186,1.408720069,1.555030303
s2-95-user,shortest_estimate+topology_aware+easy_predicted,wflow_sum_all,20,2893.290325,2755.888804,3030.691847
s2-95-user,shortest_estimate+topology_aware+easy_predicted,large_wait_mean,20,3977.249284,2958.86384,4995.634729
s2-95-user,shortest_estimate+topology_aware+easy_predicted,large_wait_p95,20,20778.34275,13751.98552,27804.69998
s2-95-user,shortest_estimate+topology_aware+easy_predicted,utilization,20,0.8797109867,0.8714807827,0.8879411907
s2-95-user,shortest_estimate+topology_aware+easy_predicted,frag_blocked_frac,20,0.5038813078,0.4699578205,0.5378047951
s2-95-user,shortest_estimate+topology_aware+easy_predicted,stranded_frac,20,0.2189036428,0.2050244625,0.2327828232
s2-95-user,shortest_estimate+topology_aware+easy_predicted,goodput_ratio,20,0.9575528739,0.9524646441,0.9626411038
s2-95-user,shortest_estimate+topology_aware+easy_predicted,wasted_gpu_hours,20,205.783692,173.1202971,238.4470869
s2-95-user,shortest_estimate+topology_aware+easy_predicted,lost_gpu_hours,20,0,0,0
s2-95-user,shortest_estimate+topology_aware+easy_predicted,overhead_gpu_hours,20,0,0,0
s2-95-user,shortest_estimate+topology_aware+easy_predicted,topology_gpu_hours,20,205.7835958,173.1202043,238.4469873
s2-95-user,shortest_estimate+topology_aware+easy_predicted,slack_gpu_hours,20,9.621212125e-05,8.952282223e-05,0.0001029014203
s2-95-user,shortest_estimate+topology_aware+easy_predicted,preemptions,20,0,0,0
s2-95-user,shortest_estimate+topology_aware+easy_predicted,failure_kills,20,0,0,0
s2-95-user,shortest_estimate+topology_aware+easy_predicted,node_downtime_gpu_hours,20,0,0,0
s2-95-user,shortest_estimate+topology_aware+easy_predicted,jain_bsld,20,0.9923296231,0.9879256459,0.9967336004
s2-95-user,shortest_estimate+topology_aware+easy_predicted,tenant_worst_best_ratio,20,1.226043867,1.161231459,1.290856276
s2-95-user,shortest_estimate+topology_aware+easy_predicted,slo_attainment,20,0.9620468883,0.9571299733,0.9669638033
s2-95-user,shortest_estimate+topology_aware+easy_predicted,makespan,20,225483.4569,196812.2317,254154.6821
s2-95-user,shortest_estimate+topology_aware+easy_predicted,reservations,20,272.05,258.4742063,285.6257937
s2-95-user,shortest_estimate+topology_aware+easy_predicted,broken_reservations,20,157.9,148.499279,167.300721
s2-95-user,shortest_estimate+topology_aware+easy_predicted,tenant_t0_bsld_mean,20,1.510615771,1.432150671,1.58908087
s2-95-user,shortest_estimate+topology_aware+easy_predicted,tenant_t0_bsld_p95,20,3.512210857,3.12571011,3.898711605
s2-95-user,shortest_estimate+topology_aware+easy_predicted,tenant_t1_bsld_mean,20,1.468745625,1.379695878,1.557795372
s2-95-user,shortest_estimate+topology_aware+easy_predicted,tenant_t1_bsld_p95,20,3.300093297,2.865909056,3.734277538
s2-95-user,shortest_estimate+topology_aware+easy_predicted,tenant_t2_bsld_mean,20,1.452161809,1.3703355,1.533988117
s2-95-user,shortest_estimate+topology_aware+easy_predicted,tenant_t2_bsld_p95,20,3.315422591,2.916374088,3.714471094
s2-95-user,shortest_estimate+topology_aware+easy_predicted,tenant_t3_bsld_mean,20,1.469260136,1.319278216,1.619242055
s2-95-user,shortest_estimate+topology_aware+easy_predicted,tenant_t3_bsld_p95,20,3.309420619,2.627421224,3.991420014
s2-95-user,shortest_estimate+topology_aware+easy_predicted,prio_1_wait_p95,20,3075.6135,2455.11091,3696.11609
s2-95-user,shortest_estimate+topology_aware+easy_predicted,prio_1_bsld_p95,20,3.353171983,3.029972417,3.676371549
s2-95-user,shortest_estimate+topology_aware+easy_predicted,prio_8_wait_p95,20,3005.49185,2248.187439,3762.796261
s2-95-user,shortest_estimate+topology_aware+none,J,20,0.8099680464,0.5881317781,1.031804315
s2-95-user,shortest_estimate+topology_aware+none,J_slowdown,20,0.055454862,0.04717062106,0.06373910294
s2-95-user,shortest_estimate+topology_aware+none,J_wait,20,0.5714664938,0.3757787253,0.7671542623
s2-95-user,shortest_estimate+topology_aware+none,J_waste,20,0.0432291792,0.03882011177,0.04763824663
s2-95-user,shortest_estimate+topology_aware+none,J_slo,20,0.1328965884,0.114117669,0.1516755078
s2-95-user,shortest_estimate+topology_aware+none,J_fairness,20,0.006920922983,0.004552969248,0.009288876718
s2-95-user,shortest_estimate+topology_aware+none,wait_mean,20,3321.648961,2428.052196,4215.245725
s2-95-user,shortest_estimate+topology_aware+none,wait_p95,20,16938.30585,11138.10705,22738.50465
s2-95-user,shortest_estimate+topology_aware+none,wait_p99,20,59050.8193,41001.92821,77099.71039
s2-95-user,shortest_estimate+topology_aware+none,jct_mean,20,5973.863153,4966.139813,6981.586493
s2-95-user,shortest_estimate+topology_aware+none,jct_p95,20,25191.4577,19161.57835,31221.33705
s2-95-user,shortest_estimate+topology_aware+none,bsld_mean,20,2.266575497,2.06423842,2.468912574
s2-95-user,shortest_estimate+topology_aware+none,bsld_p95,20,7.128991705,6.064012317,8.193971092
s2-95-user,shortest_estimate+topology_aware+none,bsld_p99,20,16.79784678,13.9557621,19.63993146
s2-95-user,shortest_estimate+topology_aware+none,wflow_mean,20,2.266575497,2.06423842,2.468912574
s2-95-user,shortest_estimate+topology_aware+none,wflow_sum_all,20,4317.447652,3946.396508,4688.498796
s2-95-user,shortest_estimate+topology_aware+none,large_wait_mean,20,3974.046018,2941.146265,5006.945771
s2-95-user,shortest_estimate+topology_aware+none,large_wait_p95,20,20353.55365,12625.05839,28082.04891
s2-95-user,shortest_estimate+topology_aware+none,utilization,20,0.8574295599,0.8475422248,0.867316895
s2-95-user,shortest_estimate+topology_aware+none,frag_blocked_frac,20,0.683638064,0.6550793707,0.7121967573
s2-95-user,shortest_estimate+topology_aware+none,stranded_frac,20,0.2335895888,0.2234934471,0.2436857305
s2-95-user,shortest_estimate+topology_aware+none,goodput_ratio,20,0.9567708208,0.9523617534,0.9611798882
s2-95-user,shortest_estimate+topology_aware+none,wasted_gpu_hours,20,212.8674951,175.9210022,249.813988
s2-95-user,shortest_estimate+topology_aware+none,lost_gpu_hours,20,0,0,0
s2-95-user,shortest_estimate+topology_aware+none,overhead_gpu_hours,20,0,0,0
s2-95-user,shortest_estimate+topology_aware+none,topology_gpu_hours,20,212.8673926,175.9209033,249.8138819
s2-95-user,shortest_estimate+topology_aware+none,slack_gpu_hours,20,0.0001024929293,9.383489169e-05,0.000111150967
s2-95-user,shortest_estimate+topology_aware+none,preemptions,20,0,0,0
s2-95-user,shortest_estimate+topology_aware+none,failure_kills,20,0,0,0
s2-95-user,shortest_estimate+topology_aware+none,node_downtime_gpu_hours,20,0,0,0
s2-95-user,shortest_estimate+topology_aware+none,jain_bsld,20,0.993079077,0.9907111233,0.9954470308
s2-95-user,shortest_estimate+topology_aware+none,tenant_worst_best_ratio,20,1.23439743,1.183399836,1.285395024
s2-95-user,shortest_estimate+topology_aware+none,slo_attainment,20,0.8671034116,0.8483244922,0.885882331
s2-95-user,shortest_estimate+topology_aware+none,makespan,20,243344.4603,214184.7044,272504.2161
s2-95-user,shortest_estimate+topology_aware+none,reservations,20,0,0,0
s2-95-user,shortest_estimate+topology_aware+none,broken_reservations,20,0,0,0
s2-95-user,shortest_estimate+topology_aware+none,tenant_t0_bsld_mean,20,2.289969797,2.073049806,2.506889788
s2-95-user,shortest_estimate+topology_aware+none,tenant_t0_bsld_p95,20,7.318524683,6.137435275,8.499614092
s2-95-user,shortest_estimate+topology_aware+none,tenant_t1_bsld_mean,20,2.320871418,2.095973453,2.545769384
s2-95-user,shortest_estimate+topology_aware+none,tenant_t1_bsld_p95,20,7.383175948,6.245666763,8.520685133
s2-95-user,shortest_estimate+topology_aware+none,tenant_t2_bsld_mean,20,2.149309111,1.945470823,2.353147399
s2-95-user,shortest_estimate+topology_aware+none,tenant_t2_bsld_p95,20,6.729620887,5.461742735,7.997499039
s2-95-user,shortest_estimate+topology_aware+none,tenant_t3_bsld_mean,20,2.242672474,2.020274087,2.465070861
s2-95-user,shortest_estimate+topology_aware+none,tenant_t3_bsld_p95,20,7.214946979,5.801046327,8.62884763
s2-95-user,shortest_estimate+topology_aware+none,prio_1_wait_p95,20,17334.86495,11879.52725,22790.20265
s2-95-user,shortest_estimate+topology_aware+none,prio_1_bsld_p95,20,7.220985797,6.104096077,8.337875516
s2-95-user,shortest_estimate+topology_aware+none,prio_8_wait_p95,20,19151.74195,10566.61878,27736.86512
