scenario,policy,baseline,metric,n,diff_mean,diff_ci95_low,diff_ci95_high,win,tie,loss
s2-80-exact,shortest_estimate+topology_aware+conservative,fifo+first_fit+none,J,20,-1.880584768,-2.57717736,-1.183992176,20,0,0
s2-80-exact,shortest_estimate+topology_aware+conservative,fifo+first_fit+none,J_slowdown,20,-0.7352122697,-1.060110097,-0.4103144419,20,0,0
s2-80-exact,shortest_estimate+topology_aware+conservative,fifo+first_fit+none,J_wait,20,-0.7786501612,-1.035268696,-0.5220316264,20,0,0
s2-80-exact,shortest_estimate+topology_aware+conservative,fifo+first_fit+none,J_waste,20,-0.01262795097,-0.01584622702,-0.009409674908,19,0,1
s2-80-exact,shortest_estimate+topology_aware+conservative,fifo+first_fit+none,J_slo,20,-0.3085232635,-0.4408573343,-0.1761891927,20,0,0
s2-80-exact,shortest_estimate+topology_aware+conservative,fifo+first_fit+none,J_fairness,20,-0.04557112274,-0.06550851891,-0.02563372657,20,0,0
s2-80-exact,shortest_estimate+topology_aware+conservative,fifo+first_fit+none,wait_mean,20,-4538.065107,-7000.826748,-2075.303465,20,0,0
s2-80-exact,shortest_estimate+topology_aware+conservative,fifo+first_fit+none,wait_p95,20,-9873.41875,-13127.38617,-6619.451335,20,0,0
s2-80-exact,shortest_estimate+topology_aware+conservative,fifo+first_fit+none,wait_p99,20,-8109.7907,-10736.62294,-5482.958456,20,0,0
s2-80-exact,shortest_estimate+topology_aware+conservative,fifo+first_fit+none,jct_mean,20,-4548.891175,-7010.802792,-2086.979557,20,0,0
s2-80-exact,shortest_estimate+topology_aware+conservative,fifo+first_fit+none,jct_p95,20,-5723.60595,-8382.868336,-3064.343564,20,0,0
s2-80-exact,shortest_estimate+topology_aware+conservative,fifo+first_fit+none,bsld_mean,20,-7.758679129,-11.68326547,-3.834092793,20,0,0
s2-80-exact,shortest_estimate+topology_aware+conservative,fifo+first_fit+none,bsld_p95,20,-32.15488574,-46.36445889,-17.94531259,20,0,0
s2-80-exact,shortest_estimate+topology_aware+conservative,fifo+first_fit+none,bsld_p99,20,-76.49550611,-107.5768042,-45.41420805,20,0,0
s2-80-exact,shortest_estimate+topology_aware+conservative,fifo+first_fit+none,wflow_mean,20,-7.758679129,-11.68326547,-3.834092793,20,0,0
s2-80-exact,shortest_estimate+topology_aware+conservative,fifo+first_fit+none,wflow_sum_all,20,-15129.56454,-22591.05004,-7668.079034,20,0,0
s2-80-exact,shortest_estimate+topology_aware+conservative,fifo+first_fit+none,large_wait_mean,20,-4141.684096,-6461.576233,-1821.791959,20,0,0
s2-80-exact,shortest_estimate+topology_aware+conservative,fifo+first_fit+none,large_wait_p95,20,-7224.21065,-9812.349484,-4636.071816,20,0,0
s2-80-exact,shortest_estimate+topology_aware+conservative,fifo+first_fit+none,utilization,20,0.008098855309,-0.00484492988,0.0210426405,9,0,11
s2-80-exact,shortest_estimate+topology_aware+conservative,fifo+first_fit+none,frag_blocked_frac,20,-0.3603092864,-0.4235912474,-0.2970273254,20,0,0
s2-80-exact,shortest_estimate+topology_aware+conservative,fifo+first_fit+none,stranded_frac,20,-0.06468651184,-0.07881246419,-0.05056055949,20,0,0
s2-80-exact,shortest_estimate+topology_aware+conservative,fifo+first_fit+none,goodput_ratio,20,0.01262795097,0.009409674908,0.01584622702,19,0,1
s2-80-exact,shortest_estimate+topology_aware+conservative,fifo+first_fit+none,wasted_gpu_hours,20,-62.98673133,-81.24849363,-44.72496904,19,0,1
s2-80-exact,shortest_estimate+topology_aware+conservative,fifo+first_fit+none,lost_gpu_hours,20,0,0,0,0,20,0
s2-80-exact,shortest_estimate+topology_aware+conservative,fifo+first_fit+none,overhead_gpu_hours,20,0,0,0,0,20,0
s2-80-exact,shortest_estimate+topology_aware+conservative,fifo+first_fit+none,topology_gpu_hours,20,-62.9866964,-81.24845381,-44.72493899,19,0,1
s2-80-exact,shortest_estimate+topology_aware+conservative,fifo+first_fit+none,slack_gpu_hours,20,-3.493737375e-05,-4.17005759e-05,-2.81741716e-05,20,0,0
s2-80-exact,shortest_estimate+topology_aware+conservative,fifo+first_fit+none,preemptions,20,0,0,0,0,20,0
s2-80-exact,shortest_estimate+topology_aware+conservative,fifo+first_fit+none,failure_kills,20,0,0,0,0,20,0
s2-80-exact,shortest_estimate+topology_aware+conservative,fifo+first_fit+none,node_downtime_gpu_hours,20,0,0,0,0,20,0
s2-80-exact,shortest_estimate+topology_aware+conservative,fifo+first_fit+none,jain_bsld,20,0.04557112274,0.02563372657,0.06550851891,20,0,0
s2-80-exact,shortest_estimate+topology_aware+conservative,fifo+first_fit+none,tenant_worst_best_ratio,20,-0.6482369447,-0.8598255098,-0.4366483796,20,0,0
s2-80-exact,shortest_estimate+topology_aware+conservative,fifo+first_fit+none,slo_attainment,20,0.3085232635,0.1761891927,0.4408573343,20,0,0
s2-80-exact,shortest_estimate+topology_aware+conservative,fifo+first_fit+none,makespan,20,-3470.3131,-6995.354115,54.72791457,14,5,1
s2-80-exact,shortest_estimate+topology_aware+conservative,fifo+first_fit+none,reservations,20,286.05,223.6433525,348.4566475,0,0,20
s2-80-exact,shortest_estimate+topology_aware+conservative,fifo+first_fit+none,broken_reservations,20,91.3,65.64686889,116.9531311,0,0,20
s2-80-exact,shortest_estimate+topology_aware+conservative,fifo+first_fit+none,tenant_t0_bsld_mean,20,-8.094997311,-12.5531149,-3.636879719,20,0,0
s2-80-exact,shortest_estimate+topology_aware+conservative,fifo+first_fit+none,tenant_t0_bsld_p95,20,-35.06636909,-53.49810248,-16.63463569,20,0,0
s2-80-exact,shortest_estimate+topology_aware+conservative,fifo+first_fit+none,tenant_t1_bsld_mean,20,-7.375897636,-11.06326997,-3.688525297,20,0,0
s2-80-exact,shortest_estimate+topology_aware+conservative,fifo+first_fit+none,tenant_t1_bsld_p95,20,-29.87818677,-42.80403211,-16.95234144,20,0,0
s2-80-exact,shortest_estimate+topology_aware+conservative,fifo+first_fit+none,tenant_t2_bsld_mean,20,-8.145768563,-12.44644883,-3.845088296,20,0,0
s2-80-exact,shortest_estimate+topology_aware+conservative,fifo+first_fit+none,tenant_t2_bsld_p95,20,-33.86492116,-49.43605877,-18.29378355,20,0,0
s2-80-exact,shortest_estimate+topology_aware+conservative,fifo+first_fit+none,tenant_t3_bsld_mean,20,-7.046592188,-10.61676874,-3.47641564,20,0,0
s2-80-exact,shortest_estimate+topology_aware+conservative,fifo+first_fit+none,tenant_t3_bsld_p95,20,-28.68306339,-40.33749592,-17.02863086,20,0,0
s2-80-exact,shortest_estimate+topology_aware+conservative,fifo+first_fit+none,prio_1_wait_p95,20,-9938.5962,-13204.65599,-6672.53641,20,0,0
s2-80-exact,shortest_estimate+topology_aware+conservative,fifo+first_fit+none,prio_1_bsld_p95,20,-32.87133481,-48.07787189,-17.66479773,20,0,0
s2-80-exact,shortest_estimate+topology_aware+conservative,fifo+first_fit+none,prio_8_wait_p95,20,-9764.872,-12977.36173,-6552.382266,20,0,0
s2-80-exact,shortest_estimate+topology_aware+easy,fifo+first_fit+none,J,20,-1.878733095,-2.576043301,-1.181422888,20,0,0
s2-80-exact,shortest_estimate+topology_aware+easy,fifo+first_fit+none,J_slowdown,20,-0.7338735524,-1.058427609,-0.4093194963,20,0,0
s2-80-exact,shortest_estimate+topology_aware+easy,fifo+first_fit+none,J_wait,20,-0.7788518816,-1.035397098,-0.5223066649,20,0,0
s2-80-exact,shortest_estimate+topology_aware+easy,fifo+first_fit+none,J_waste,20,-0.01161068638,-0.01529541373,-0.007925959039,19,0,1
s2-80-exact,shortest_estimate+topology_aware+easy,fifo+first_fit+none,J_slo,20,-0.3091355149,-0.4421477898,-0.1761232399,20,0,0
s2-80-exact,shortest_estimate+topology_aware+easy,fifo+first_fit+none,J_fairness,20,-0.04526145933,-0.06510113999,-0.02542177867,20,0,0
s2-80-exact,shortest_estimate+topology_aware+easy,fifo+first_fit+none,wait_mean,20,-4536.990252,-7001.466087,-2072.514417,20,0,0
s2-80-exact,shortest_estimate+topology_aware+easy,fifo+first_fit+none,wait_p95,20,-9875.9766,-13129.01433,-6622.938869,20,0,0
s2-80-exact,shortest_estimate+topology_aware+easy,fifo+first_fit+none,wait_p99,20,-7941.6725,-10348.18414,-5535.160855,20,0,0
s2-80-exact,shortest_estimate+topology_aware+easy,fifo+first_fit+none,jct_mean,20,-4547.392781,-7011.178952,-2083.60661,20,0,0
s2-80-exact,shortest_estimate+topology_aware+easy,fifo+first_fit+none,jct_p95,20,-5801.1763,-8515.522529,-3086.830071,20,0,0
s2-80-exact,shortest_estimate+topology_aware+easy,fifo+first_fit+none,bsld_mean,20,-7.752225488,-11.67583926,-3.828611711,20,0,0
s2-80-exact,shortest_estimate+topology_aware+easy,fifo+first_fit+none,bsld_p95,20,-32.09633625,-46.29087437,-17.90179813,20,0,0
s2-80-exact,shortest_estimate+topology_aware+easy,fifo+first_fit+none,bsld_p99,20,-76.36104954,-107.3332091,-45.38889001,20,0,0
s2-80-exact,shortest_estimate+topology_aware+easy,fifo+first_fit+none,wflow_mean,20,-7.752225488,-11.67583926,-3.828611711,20,0,0
s2-80-exact,shortest_estimate+topology_aware+easy,fifo+first_fit+none,wflow_sum_all,20,-15117.61635,-22575.5324,-7659.700305,20,0,0
s2-80-exact,shortest_estimate+topology_aware+easy,fifo+first_fit+none,large_wait_mean,20,-4061.715925,-6348.201464,-1775.230386,20,0,0
s2-80-exact,shortest_estimate+topology_aware+easy,fifo+first_fit+none,large_wait_p95,20,-6618.24625,-8927.738978,-4308.753522,20,0,0
s2-80-exact,shortest_estimate+topology_aware+easy,fifo+first_fit+none,utilization,20,0.00841791021,-0.003191581301,0.02002740172,11,0,9
s2-80-exact,shortest_estimate+topology_aware+easy,fifo+first_fit+none,frag_blocked_frac,20,-0.3388190378,-0.3912970552,-0.2863410204,20,0,0
s2-80-exact,shortest_estimate+topology_aware+easy,fifo+first_fit+none,stranded_frac,20,-0.06167171923,-0.07478971227,-0.04855372619,20,0,0
s2-80-exact,shortest_estimate+topology_aware+easy,fifo+first_fit+none,goodput_ratio,20,0.01161068638,0.007925959039,0.01529541373,19,0,1
s2-80-exact,shortest_estimate+topology_aware+easy,fifo+first_fit+none,wasted_gpu_hours,20,-59.17700689,-79.48835952,-38.86565426,19,0,1
s2-80-exact,shortest_estimate+topology_aware+easy,fifo+first_fit+none,lost_gpu_hours,20,0,0,0,0,20,0
s2-80-exact,shortest_estimate+topology_aware+easy,fifo+first_fit+none,overhead_gpu_hours,20,0,0,0,0,20,0
s2-80-exact,shortest_estimate+topology_aware+easy,fifo+first_fit+none,topology_gpu_hours,20,-59.17697523,-79.48832258,-38.86562787,19,0,1
s2-80-exact,shortest_estimate+topology_aware+easy,fifo+first_fit+none,slack_gpu_hours,20,-3.166262627e-05,-3.960516349e-05,-2.372008905e-05,19,0,1
s2-80-exact,shortest_estimate+topology_aware+easy,fifo+first_fit+none,preemptions,20,0,0,0,0,20,0
s2-80-exact,shortest_estimate+topology_aware+easy,fifo+first_fit+none,failure_kills,20,0,0,0,0,20,0
s2-80-exact,shortest_estimate+topology_aware+easy,fifo+first_fit+none,node_downtime_gpu_hours,20,0,0,0,0,20,0
s2-80-exact,shortest_estimate+topology_aware+easy,fifo+first_fit+none,jain_bsld,20,0.04526145933,0.02542177867,0.06510113999,20,0,0
s2-80-exact,shortest_estimate+topology_aware+easy,fifo+first_fit+none,tenant_worst_best_ratio,20,-0.6343724209,-0.8409767486,-0.4277680933,20,0,0
s2-80-exact,shortest_estimate+topology_aware+easy,fifo+first_fit+none,slo_attainment,20,0.3091355149,0.1761232399,0.4421477898,20,0,0
s2-80-exact,shortest_estimate+topology_aware+easy,fifo+first_fit+none,makespan,20,-4849.39635,-7968.335202,-1730.457498,13,5,2
s2-80-exact,shortest_estimate+topology_aware+easy,fifo+first_fit+none,reservations,20,192.9,163.9890205,221.8109795,0,0,20
s2-80-exact,shortest_estimate+topology_aware+easy,fifo+first_fit+none,broken_reservations,20,48.2,38.47534795,57.92465205,0,0,20
s2-80-exact,shortest_estimate+topology_aware+easy,fifo+first_fit+none,tenant_t0_bsld_mean,20,-8.089207484,-12.54487249,-3.633542474,20,0,0
s2-80-exact,shortest_estimate+topology_aware+easy,fifo+first_fit+none,tenant_t0_bsld_p95,20,-35.02220012,-53.42680796,-16.61759228,20,0,0
s2-80-exact,shortest_estimate+topology_aware+easy,fifo+first_fit+none,tenant_t1_bsld_mean,20,-7.376141808,-11.0624744,-3.689809216,20,0,0
s2-80-exact,shortest_estimate+topology_aware+easy,fifo+first_fit+none,tenant_t1_bsld_p95,20,-29.83028631,-42.74420054,-16.91637207,20,0,0
s2-80-exact,shortest_estimate+topology_aware+easy,fifo+first_fit+none,tenant_t2_bsld_mean,20,-8.133220344,-12.43223433,-3.834206357,20,0,0
s2-80-exact,shortest_estimate+topology_aware+easy,fifo+first_fit+none,tenant_t2_bsld_p95,20,-33.77353889,-49.28788378,-18.259194,20,0,0
s2-80-exact,shortest_estimate+topology_aware+easy,fifo+first_fit+none,tenant_t3_bsld_mean,20,-7.029774498,-10.59957416,-3.459974836,20,0,0
s2-80-exact,shortest_estimate+topology_aware+easy,fifo+first_fit+none,tenant_t3_bsld_p95,20,-28.57433065,-40.18106334,-16.96759796,20,0,0
s2-80-exact,shortest_estimate+topology_aware+easy,fifo+first_fit+none,prio_1_wait_p95,20,-9901.2868,-13141.08946,-6661.484141,20,0,0
s2-80-exact,shortest_estimate+topology_aware+easy,fifo+first_fit+none,prio_1_bsld_p95,20,-32.76630182,-47.93445426,-17.59814937,20,0,0
s2-80-exact,shortest_estimate+topology_aware+easy,fifo+first_fit+none,prio_8_wait_p95,20,-9679.00855,-12859.49059,-6498.526509,20,0,0
s2-80-exact,shortest_estimate+topology_aware+easy_oracle,fifo+first_fit+none,J,20,-1.878733095,-2.576043301,-1.181422888,20,0,0
s2-80-exact,shortest_estimate+topology_aware+easy_oracle,fifo+first_fit+none,J_slowdown,20,-0.7338735524,-1.058427609,-0.4093194963,20,0,0
s2-80-exact,shortest_estimate+topology_aware+easy_oracle,fifo+first_fit+none,J_wait,20,-0.7788518816,-1.035397098,-0.5223066649,20,0,0
s2-80-exact,shortest_estimate+topology_aware+easy_oracle,fifo+first_fit+none,J_waste,20,-0.01161068638,-0.01529541373,-0.007925959039,19,0,1
s2-80-exact,shortest_estimate+topology_aware+easy_oracle,fifo+first_fit+none,J_slo,20,-0.3091355149,-0.4421477898,-0.1761232399,20,0,0
s2-80-exact,shortest_estimate+topology_aware+easy_oracle,fifo+first_fit+none,J_fairness,20,-0.04526145933,-0.06510113999,-0.02542177867,20,0,0
s2-80-exact,shortest_estimate+topology_aware+easy_oracle,fifo+first_fit+none,wait_mean,20,-4536.990252,-7001.466087,-2072.514417,20,0,0
s2-80-exact,shortest_estimate+topology_aware+easy_oracle,fifo+first_fit+none,wait_p95,20,-9875.9766,-13129.01433,-6622.938869,20,0,0
s2-80-exact,shortest_estimate+topology_aware+easy_oracle,fifo+first_fit+none,wait_p99,20,-7941.6725,-10348.18414,-5535.160855,20,0,0
s2-80-exact,shortest_estimate+topology_aware+easy_oracle,fifo+first_fit+none,jct_mean,20,-4547.392781,-7011.178952,-2083.60661,20,0,0
s2-80-exact,shortest_estimate+topology_aware+easy_oracle,fifo+first_fit+none,jct_p95,20,-5801.1763,-8515.522529,-3086.830071,20,0,0
s2-80-exact,shortest_estimate+topology_aware+easy_oracle,fifo+first_fit+none,bsld_mean,20,-7.752225488,-11.67583926,-3.828611711,20,0,0
s2-80-exact,shortest_estimate+topology_aware+easy_oracle,fifo+first_fit+none,bsld_p95,20,-32.09633625,-46.29087437,-17.90179813,20,0,0
s2-80-exact,shortest_estimate+topology_aware+easy_oracle,fifo+first_fit+none,bsld_p99,20,-76.36104954,-107.3332091,-45.38889001,20,0,0
s2-80-exact,shortest_estimate+topology_aware+easy_oracle,fifo+first_fit+none,wflow_mean,20,-7.752225488,-11.67583926,-3.828611711,20,0,0
s2-80-exact,shortest_estimate+topology_aware+easy_oracle,fifo+first_fit+none,wflow_sum_all,20,-15117.61635,-22575.5324,-7659.700305,20,0,0
s2-80-exact,shortest_estimate+topology_aware+easy_oracle,fifo+first_fit+none,large_wait_mean,20,-4061.715925,-6348.201464,-1775.230386,20,0,0
s2-80-exact,shortest_estimate+topology_aware+easy_oracle,fifo+first_fit+none,large_wait_p95,20,-6618.24625,-8927.738978,-4308.753522,20,0,0
s2-80-exact,shortest_estimate+topology_aware+easy_oracle,fifo+first_fit+none,utilization,20,0.00841791021,-0.003191581301,0.02002740172,11,0,9
s2-80-exact,shortest_estimate+topology_aware+easy_oracle,fifo+first_fit+none,frag_blocked_frac,20,-0.3388190378,-0.3912970552,-0.2863410204,20,0,0
s2-80-exact,shortest_estimate+topology_aware+easy_oracle,fifo+first_fit+none,stranded_frac,20,-0.06167171923,-0.07478971227,-0.04855372619,20,0,0
s2-80-exact,shortest_estimate+topology_aware+easy_oracle,fifo+first_fit+none,goodput_ratio,20,0.01161068638,0.007925959039,0.01529541373,19,0,1
s2-80-exact,shortest_estimate+topology_aware+easy_oracle,fifo+first_fit+none,wasted_gpu_hours,20,-59.17700689,-79.48835952,-38.86565426,19,0,1
s2-80-exact,shortest_estimate+topology_aware+easy_oracle,fifo+first_fit+none,lost_gpu_hours,20,0,0,0,0,20,0
s2-80-exact,shortest_estimate+topology_aware+easy_oracle,fifo+first_fit+none,overhead_gpu_hours,20,0,0,0,0,20,0
s2-80-exact,shortest_estimate+topology_aware+easy_oracle,fifo+first_fit+none,topology_gpu_hours,20,-59.17697523,-79.48832258,-38.86562787,19,0,1
s2-80-exact,shortest_estimate+topology_aware+easy_oracle,fifo+first_fit+none,slack_gpu_hours,20,-3.166262627e-05,-3.960516349e-05,-2.372008905e-05,19,0,1
s2-80-exact,shortest_estimate+topology_aware+easy_oracle,fifo+first_fit+none,preemptions,20,0,0,0,0,20,0
s2-80-exact,shortest_estimate+topology_aware+easy_oracle,fifo+first_fit+none,failure_kills,20,0,0,0,0,20,0
s2-80-exact,shortest_estimate+topology_aware+easy_oracle,fifo+first_fit+none,node_downtime_gpu_hours,20,0,0,0,0,20,0
s2-80-exact,shortest_estimate+topology_aware+easy_oracle,fifo+first_fit+none,jain_bsld,20,0.04526145933,0.02542177867,0.06510113999,20,0,0
s2-80-exact,shortest_estimate+topology_aware+easy_oracle,fifo+first_fit+none,tenant_worst_best_ratio,20,-0.6343724209,-0.8409767486,-0.4277680933,20,0,0
s2-80-exact,shortest_estimate+topology_aware+easy_oracle,fifo+first_fit+none,slo_attainment,20,0.3091355149,0.1761232399,0.4421477898,20,0,0
s2-80-exact,shortest_estimate+topology_aware+easy_oracle,fifo+first_fit+none,makespan,20,-4849.39635,-7968.335202,-1730.457498,13,5,2
s2-80-exact,shortest_estimate+topology_aware+easy_oracle,fifo+first_fit+none,reservations,20,192.9,163.9890205,221.8109795,0,0,20
s2-80-exact,shortest_estimate+topology_aware+easy_oracle,fifo+first_fit+none,broken_reservations,20,48.2,38.47534795,57.92465205,0,0,20
s2-80-exact,shortest_estimate+topology_aware+easy_oracle,fifo+first_fit+none,tenant_t0_bsld_mean,20,-8.089207484,-12.54487249,-3.633542474,20,0,0
s2-80-exact,shortest_estimate+topology_aware+easy_oracle,fifo+first_fit+none,tenant_t0_bsld_p95,20,-35.02220012,-53.42680796,-16.61759228,20,0,0
s2-80-exact,shortest_estimate+topology_aware+easy_oracle,fifo+first_fit+none,tenant_t1_bsld_mean,20,-7.376141808,-11.0624744,-3.689809216,20,0,0
s2-80-exact,shortest_estimate+topology_aware+easy_oracle,fifo+first_fit+none,tenant_t1_bsld_p95,20,-29.83028631,-42.74420054,-16.91637207,20,0,0
s2-80-exact,shortest_estimate+topology_aware+easy_oracle,fifo+first_fit+none,tenant_t2_bsld_mean,20,-8.133220344,-12.43223433,-3.834206357,20,0,0
s2-80-exact,shortest_estimate+topology_aware+easy_oracle,fifo+first_fit+none,tenant_t2_bsld_p95,20,-33.77353889,-49.28788378,-18.259194,20,0,0
s2-80-exact,shortest_estimate+topology_aware+easy_oracle,fifo+first_fit+none,tenant_t3_bsld_mean,20,-7.029774498,-10.59957416,-3.459974836,20,0,0
s2-80-exact,shortest_estimate+topology_aware+easy_oracle,fifo+first_fit+none,tenant_t3_bsld_p95,20,-28.57433065,-40.18106334,-16.96759796,20,0,0
s2-80-exact,shortest_estimate+topology_aware+easy_oracle,fifo+first_fit+none,prio_1_wait_p95,20,-9901.2868,-13141.08946,-6661.484141,20,0,0
s2-80-exact,shortest_estimate+topology_aware+easy_oracle,fifo+first_fit+none,prio_1_bsld_p95,20,-32.76630182,-47.93445426,-17.59814937,20,0,0
s2-80-exact,shortest_estimate+topology_aware+easy_oracle,fifo+first_fit+none,prio_8_wait_p95,20,-9679.00855,-12859.49059,-6498.526509,20,0,0
s2-80-exact,shortest_estimate+topology_aware+easy_predicted,fifo+first_fit+none,J,20,-1.883582094,-2.578738438,-1.188425751,20,0,0
s2-80-exact,shortest_estimate+topology_aware+easy_predicted,fifo+first_fit+none,J_slowdown,20,-0.7346908858,-1.059004264,-0.410377508,20,0,0
s2-80-exact,shortest_estimate+topology_aware+easy_predicted,fifo+first_fit+none,J_wait,20,-0.7793984475,-1.033893247,-0.5249036483,20,0,0
s2-80-exact,shortest_estimate+topology_aware+easy_predicted,fifo+first_fit+none,J_waste,20,-0.0135967581,-0.01678783604,-0.01040568016,19,0,1
s2-80-exact,shortest_estimate+topology_aware+easy_predicted,fifo+first_fit+none,J_slo,20,-0.3106715684,-0.4434675874,-0.1778755494,20,0,0
s2-80-exact,shortest_estimate+topology_aware+easy_predicted,fifo+first_fit+none,J_fairness,20,-0.04522443458,-0.06534181602,-0.02510705314,20,0,0
s2-80-exact,shortest_estimate+topology_aware+easy_predicted,fifo+first_fit+none,wait_mean,20,-4529.341805,-6979.602644,-2079.080966,20,0,0
s2-80-exact,shortest_estimate+topology_aware+easy_predicted,fifo+first_fit+none,wait_p95,20,-9882.90715,-13109.94523,-6655.869068,20,0,0
s2-80-exact,shortest_estimate+topology_aware+easy_predicted,fifo+first_fit+none,wait_p99,20,-7741.7841,-10078.55798,-5405.010223,20,0,0
s2-80-exact,shortest_estimate+topology_aware+easy_predicted,fifo+first_fit+none,jct_mean,20,-4540.660682,-6990.925941,-2090.395424,20,0,0
s2-80-exact,shortest_estimate+topology_aware+easy_predicted,fifo+first_fit+none,jct_p95,20,-5774.2993,-8449.10688,-3099.49172,20,0,0
s2-80-exact,shortest_estimate+topology_aware+easy_predicted,fifo+first_fit+none,bsld_mean,20,-7.753215507,-11.6745111,-3.831919919,20,0,0
s2-80-exact,shortest_estimate+topology_aware+easy_predicted,fifo+first_fit+none,bsld_p95,20,-32.13208274,-46.31609468,-17.94807081,20,0,0
s2-80-exact,shortest_estimate+topology_aware+easy_predicted,fifo+first_fit+none,bsld_p99,20,-76.27566009,-107.2505071,-45.30081307,20,0,0
s2-80-exact,shortest_estimate+topology_aware+easy_predicted,fifo+first_fit+none,wflow_mean,20,-7.753215507,-11.6745111,-3.831919919,20,0,0
s2-80-exact,shortest_estimate+topology_aware+easy_predicted,fifo+first_fit+none,wflow_sum_all,20,-15117.38533,-22574.18273,-7660.587928,20,0,0
s2-80-exact,shortest_estimate+topology_aware+easy_predicted,fifo+first_fit+none,large_wait_mean,20,-4017.669647,-6237.682263,-1797.657031,20,0,0
s2-80-exact,shortest_estimate+topology_aware+easy_predicted,fifo+first_fit+none,large_wait_p95,20,-6546.0173,-8781.20349,-4310.83111,20,0,0
s2-80-exact,shortest_estimate+topology_aware+easy_predicted,fifo+first_fit+none,utilization,20,0.00649664653,-0.004640319826,0.01763361288,11,0,9
s2-80-exact,shortest_estimate+topology_aware+easy_predicted,fifo+first_fit+none,frag_blocked_frac,20,-0.3356309156,-0.3881731805,-0.2830886506,20,0,0
s2-80-exact,shortest_estimate+topology_aware+easy_predicted,fifo+first_fit+none,stranded_frac,20,-0.06150889336,-0.07427366321,-0.04874412351,20,0,0
s2-80-exact,shortest_estimate+topology_aware+easy_predicted,fifo+first_fit+none,goodput_ratio,20,0.0135967581,0.01040568016,0.01678783604,19,0,1
s2-80-exact,shortest_estimate+topology_aware+easy_predicted,fifo+first_fit+none,wasted_gpu_hours,20,-68.88864389,-87.36447533,-50.41281245,19,0,1
s2-80-exact,shortest_estimate+topology_aware+easy_predicted,fifo+first_fit+none,lost_gpu_hours,20,0,0,0,0,20,0
s2-80-exact,shortest_estimate+topology_aware+easy_predicted,fifo+first_fit+none,overhead_gpu_hours,20,0,0,0,0,20,0
s2-80-exact,shortest_estimate+topology_aware+easy_predicted,fifo+first_fit+none,topology_gpu_hours,20,-68.88860784,-87.36443431,-50.41278137,19,0,1
s2-80-exact,shortest_estimate+topology_aware+easy_predicted,fifo+first_fit+none,slack_gpu_hours,20,-3.605050506e-05,-4.34663507e-05,-2.863465942e-05,20,0,0
s2-80-exact,shortest_estimate+topology_aware+easy_predicted,fifo+first_fit+none,preemptions,20,0,0,0,0,20,0
s2-80-exact,shortest_estimate+topology_aware+easy_predicted,fifo+first_fit+none,failure_kills,20,0,0,0,0,20,0
s2-80-exact,shortest_estimate+topology_aware+easy_predicted,fifo+first_fit+none,node_downtime_gpu_hours,20,0,0,0,0,20,0
s2-80-exact,shortest_estimate+topology_aware+easy_predicted,fifo+first_fit+none,jain_bsld,20,0.04522443458,0.02510705314,0.06534181602,20,0,0
s2-80-exact,shortest_estimate+topology_aware+easy_predicted,fifo+first_fit+none,tenant_worst_best_ratio,20,-0.6345660166,-0.8499730299,-0.4191590032,20,0,0
s2-80-exact,shortest_estimate+topology_aware+easy_predicted,fifo+first_fit+none,slo_attainment,20,0.3106715684,0.1778755494,0.4434675874,20,0,0
s2-80-exact,shortest_estimate+topology_aware+easy_predicted,fifo+first_fit+none,makespan,20,-3132.77115,-6868.894347,603.3520472,13,5,2
s2-80-exact,shortest_estimate+topology_aware+easy_predicted,fifo+first_fit+none,reservations,20,187.9,160.7098024,215.0901976,0,0,20
s2-80-exact,shortest_estimate+topology_aware+easy_predicted,fifo+first_fit+none,broken_reservations,20,87.85,72.60251464,103.0974854,0,0,20
s2-80-exact,shortest_estimate+topology_aware+easy_predicted,fifo+first_fit+none,tenant_t0_bsld_mean,20,-8.085217082,-12.53635848,-3.634075681,20,0,0
s2-80-exact,shortest_estimate+topology_aware+easy_predicted,fifo+first_fit+none,tenant_t0_bsld_p95,20,-35.04151827,-53.44028578,-16.64275076,20,0,0
s2-80-exact,shortest_estimate+topology_aware+easy_predicted,fifo+first_fit+none,tenant_t1_bsld_mean,20,-7.377201625,-11.05953835,-3.694864896,20,0,0
s2-80-exact,shortest_estimate+topology_aware+easy_predicted,fifo+first_fit+none,tenant_t1_bsld_p95,20,-29.87183346,-42.77567359,-16.96799332,20,0,0
s2-80-exact,shortest_estimate+topology_aware+easy_predicted,fifo+first_fit+none,tenant_t2_bsld_mean,20,-8.141452444,-12.44733443,-3.83557046,20,0,0
s2-80-exact,shortest_estimate+topology_aware+easy_predicted,fifo+first_fit+none,tenant_t2_bsld_p95,20,-33.78443654,-49.32947954,-18.23939354,20,0,0
s2-80-exact,shortest_estimate+topology_aware+easy_predicted,fifo+first_fit+none,tenant_t3_bsld_mean,20,-7.035933331,-10.60820169,-3.463664967,20,0,0
s2-80-exact,shortest_estimate+topology_aware+easy_predicted,fifo+first_fit+none,tenant_t3_bsld_p95,20,-28.73866444,-40.41823363,-17.05909525,20,0,0
s2-80-exact,shortest_estimate+topology_aware+easy_predicted,fifo+first_fit+none,prio_1_wait_p95,20,-9919.27815,-13141.17925,-6697.37705,20,0,0
s2-80-exact,shortest_estimate+topology_aware+easy_predicted,fifo+first_fit+none,prio_1_bsld_p95,20,-32.80957449,-47.9940194,-17.62512958,20,0,0
s2-80-exact,shortest_estimate+topology_aware+easy_predicted,fifo+first_fit+none,prio_8_wait_p95,20,-9924.0009,-13200.75692,-6647.244876,20,0,0
s2-80-exact,shortest_estimate+topology_aware+none,fifo+first_fit+none,J,20,-1.617054231,-2.208197499,-1.025910963,20,0,0
s2-80-exact,shortest_estimate+topology_aware+none,fifo+first_fit+none,J_slowdown,20,-0.7143727702,-1.031378348,-0.3973671923,20,0,0
s2-80-exact,shortest_estimate+topology_aware+none,fifo+first_fit+none,J_wait,20,-0.567835707,-0.7462362245,-0.3894351894,20,0,0
s2-80-exact,shortest_estimate+topology_aware+none,fifo+first_fit+none,J_waste,20,-0.01221095022,-0.01527294073,-0.009148959713,20,0,0
s2-80-exact,shortest_estimate+topology_aware+none,fifo+first_fit+none,J_slo,20,-0.2777162581,-0.3996638761,-0.15576864,20,0,0
s2-80-exact,shortest_estimate+topology_aware+none,fifo+first_fit+none,J_fairness,20,-0.04491854573,-0.06507648618,-0.02476060529,20,0,0
s2-80-exact,shortest_estimate+topology_aware+none,fifo+first_fit+none,wait_mean,20,-4042.63452,-6273.493606,-1811.775433,20,0,0
s2-80-exact,shortest_estimate+topology_aware+none,fifo+first_fit+none,wait_p95,20,-7200.255,-9462.404426,-4938.105574,20,0,0
s2-80-exact,shortest_estimate+topology_aware+none,fifo+first_fit+none,wait_p99,20,-2419.2973,-4497.457856,-341.1367437,16,0,4
s2-80-exact,shortest_estimate+topology_aware+none,fifo+first_fit+none,jct_mean,20,-4053.746732,-6284.477226,-1823.016238,20,0,0
s2-80-exact,shortest_estimate+topology_aware+none,fifo+first_fit+none,jct_p95,20,-3828.398,-5600.013177,-2056.782823,18,0,2
s2-80-exact,shortest_estimate+topology_aware+none,fifo+first_fit+none,bsld_mean,20,-7.564829796,-11.39691467,-3.732744925,20,0,0
s2-80-exact,shortest_estimate+topology_aware+none,fifo+first_fit+none,bsld_p95,20,-31.24345954,-45.10786109,-17.37905798,20,0,0
s2-80-exact,shortest_estimate+topology_aware+none,fifo+first_fit+none,bsld_p99,20,-74.85457703,-105.0458473,-44.66330671,20,0,0
s2-80-exact,shortest_estimate+topology_aware+none,fifo+first_fit+none,wflow_mean,20,-7.564829796,-11.39691467,-3.732744925,20,0,0
s2-80-exact,shortest_estimate+topology_aware+none,fifo+first_fit+none,wflow_sum_all,20,-14789.17696,-22106.22806,-7472.125854,20,0,0
s2-80-exact,shortest_estimate+topology_aware+none,fifo+first_fit+none,large_wait_mean,20,-3855.068276,-5969.40114,-1740.735413,20,0,0
s2-80-exact,shortest_estimate+topology_aware+none,fifo+first_fit+none,large_wait_p95,20,-6018.61475,-7943.729234,-4093.500266,20,0,0
s2-80-exact,shortest_estimate+topology_aware+none,fifo+first_fit+none,utilization,20,0.002135496127,-0.005777354748,0.010048347,10,0,10
s2-80-exact,shortest_estimate+topology_aware+none,fifo+first_fit+none,frag_blocked_frac,20,-0.2158547038,-0.2564376517,-0.175271756,20,0,0
s2-80-exact,shortest_estimate+topology_aware+none,fifo+first_fit+none,stranded_frac,20,-0.04371309789,-0.05312486476,-0.03430133102,20,0,0
s2-80-exact,shortest_estimate+topology_aware+none,fifo+first_fit+none,goodput_ratio,20,0.01221095022,0.009148959713,0.01527294073,20,0,0
s2-80-exact,shortest_estimate+topology_aware+none,fifo+first_fit+none,wasted_gpu_hours,20,-60.51235167,-76.58216486,-44.44253847,20,0,0
s2-80-exact,shortest_estimate+topology_aware+none,fifo+first_fit+none,lost_gpu_hours,20,0,0,0,0,20,0
s2-80-exact,shortest_estimate+topology_aware+none,fifo+first_fit+none,overhead_gpu_hours,20,0,0,0,0,20,0
s2-80-exact,shortest_estimate+topology_aware+none,fifo+first_fit+none,topology_gpu_hours,20,-60.51231684,-76.58212531,-44.44250836,20,0,0
s2-80-exact,shortest_estimate+topology_aware+none,fifo+first_fit+none,slack_gpu_hours,20,-3.483030304e-05,-4.182251094e-05,-2.783809513e-05,20,0,0
s2-80-exact,shortest_estimate+topology_aware+none,fifo+first_fit+none,preemptions,20,0,0,0,0,20,0
s2-80-exact,shortest_estimate+topology_aware+none,fifo+first_fit+none,failure_kills,20,0,0,0,0,20,0
s2-80-exact,shortest_estimate+topology_aware+none,fifo+first_fit+none,node_downtime_gpu_hours,20,0,0,0,0,20,0
s2-80-exact,shortest_estimate+topology_aware+none,fifo+first_fit+none,jain_bsld,20,0.04491854573,0.02476060529,0.06507648618,20,0,0
s2-80-exact,shortest_estimate+topology_aware+none,fifo+first_fit+none,tenant_worst_best_ratio,20,-0.6224406856,-0.8386137512,-0.4062676201,20,0,0
s2-80-exact,shortest_estimate+topology_aware+none,fifo+first_fit+none,slo_attainment,20,0.2777162581,0.15576864,0.3996638761,20,0,0
s2-80-exact,shortest_estimate+topology_aware+none,fifo+first_fit+none,makespan,20,-2279.28335,-4447.184824,-111.3818761,12,5,3
s2-80-exact,shortest_estimate+topology_aware+none,fifo+first_fit+none,reservations,20,0,0,0,0,20,0
s2-80-exact,shortest_estimate+topology_aware+none,fifo+first_fit+none,broken_reservations,20,0,0,0,0,20,0
s2-80-exact,shortest_estimate+topology_aware+none,fifo+first_fit+none,tenant_t0_bsld_mean,20,-7.894146077,-12.2589698,-3.529322354,20,0,0
s2-80-exact,shortest_estimate+topology_aware+none,fifo+first_fit+none,tenant_t0_bsld_p95,20,-34.16893722,-52.25281241,-16.08506202,20,0,0
s2-80-exact,shortest_estimate+topology_aware+none,fifo+first_fit+none,tenant_t1_bsld_mean,20,-7.188396119,-10.77012586,-3.606666376,20,0,0
s2-80-exact,shortest_estimate+topology_aware+none,fifo+first_fit+none,tenant_t1_bsld_p95,20,-29.01715173,-41.56201997,-16.47228348,20,0,0
s2-80-exact,shortest_estimate+topology_aware+none,fifo+first_fit+none,tenant_t2_bsld_mean,20,-7.956452241,-12.18391829,-3.728986196,20,0,0
s2-80-exact,shortest_estimate+topology_aware+none,fifo+first_fit+none,tenant_t2_bsld_p95,20,-32.87137034,-48.10935662,-17.63338405,20,0,0
s2-80-exact,shortest_estimate+topology_aware+none,fifo+first_fit+none,tenant_t3_bsld_mean,20,-6.851885349,-10.35511825,-3.348652451,20,0,0
s2-80-exact,shortest_estimate+topology_aware+none,fifo+first_fit+none,tenant_t3_bsld_p95,20,-27.87063021,-39.33477432,-16.40648609,20,0,0
s2-80-exact,shortest_estimate+topology_aware+none,fifo+first_fit+none,prio_1_wait_p95,20,-7056.31415,-9272.80655,-4839.82175,20,0,0
s2-80-exact,shortest_estimate+topology_aware+none,fifo+first_fit+none,prio_1_bsld_p95,20,-31.8916774,-46.67508298,-17.10827183,20,0,0
s2-80-exact,shortest_estimate+topology_aware+none,fifo+first_fit+none,prio_8_wait_p95,20,-7224.8201,-9587.175772,-4862.464428,19,0,1
s2-80-lognormal,shortest_estimate+topology_aware+conservative,fifo+first_fit+none,J,20,-1.859942045,-2.538502665,-1.181381425,20,0,0
s2-80-lognormal,shortest_estimate+topology_aware+conservative,fifo+first_fit+none,J_slowdown,20,-0.7329045005,-1.056302886,-0.4095061151,20,0,0
s2-80-lognormal,shortest_estimate+topology_aware+conservative,fifo+first_fit+none,J_wait,20,-0.761027042,-1.002655557,-0.5193985274,20,0,0
s2-80-lognormal,shortest_estimate+topology_aware+conservative,fifo+first_fit+none,J_waste,20,-0.01409819726,-0.01731173832,-0.0108846562,20,0,0
s2-80-lognormal,shortest_estimate+topology_aware+conservative,fifo+first_fit+none,J_slo,20,-0.3069300745,-0.4383503866,-0.1755097623,20,0,0
s2-80-lognormal,shortest_estimate+topology_aware+conservative,fifo+first_fit+none,J_fairness,20,-0.04498223079,-0.06507522539,-0.02488923619,19,0,1
s2-80-lognormal,shortest_estimate+topology_aware+conservative,fifo+first_fit+none,wait_mean,20,-4479.420463,-6893.974275,-2064.866652,20,0,0
s2-80-lognormal,shortest_estimate+topology_aware+conservative,fifo+first_fit+none,wait_p95,20,-9649.95455,-12713.84592,-6586.063183,20,0,0
s2-80-lognormal,shortest_estimate+topology_aware+conservative,fifo+first_fit+none,wait_p99,20,-6847.56635,-8916.006794,-4779.125906,20,0,0
s2-80-lognormal,shortest_estimate+topology_aware+conservative,fifo+first_fit+none,jct_mean,20,-4490.801921,-6904.674104,-2076.929737,20,0,0
s2-80-lognormal,shortest_estimate+topology_aware+conservative,fifo+first_fit+none,jct_p95,20,-5558.50825,-7943.187705,-3173.828795,20,0,0
s2-80-lognormal,shortest_estimate+topology_aware+conservative,fifo+first_fit+none,bsld_mean,20,-7.729108496,-11.64635525,-3.811861738,20,0,0
s2-80-lognormal,shortest_estimate+topology_aware+conservative,fifo+first_fit+none,bsld_p95,20,-32.05395427,-46.19794854,-17.90996,20,0,0
s2-80-lognormal,shortest_estimate+topology_aware+conservative,fifo+first_fit+none,bsld_p99,20,-75.72794604,-106.627705,-44.82818708,20,0,0
s2-80-lognormal,shortest_estimate+topology_aware+conservative,fifo+first_fit+none,wflow_mean,20,-7.729108496,-11.64635525,-3.811861738,20,0,0
s2-80-lognormal,shortest_estimate+topology_aware+conservative,fifo+first_fit+none,wflow_sum_all,20,-15081.07889,-22533.12033,-7629.03745,20,0,0
s2-80-lognormal,shortest_estimate+topology_aware+conservative,fifo+first_fit+none,large_wait_mean,20,-3900.968424,-6063.521995,-1738.414853,20,0,0
s2-80-lognormal,shortest_estimate+topology_aware+conservative,fifo+first_fit+none,large_wait_p95,20,-5821.20855,-7872.82388,-3769.59322,20,0,0
s2-80-lognormal,shortest_estimate+topology_aware+conservative,fifo+first_fit+none,utilization,20,0.005817763927,-0.006230026139,0.01786555399,10,0,10
s2-80-lognormal,shortest_estimate+topology_aware+conservative,fifo+first_fit+none,frag_blocked_frac,20,-0.3415642239,-0.3952115335,-0.2879169143,20,0,0
s2-80-lognormal,shortest_estimate+topology_aware+conservative,fifo+first_fit+none,stranded_frac,20,-0.06308617014,-0.07500808839,-0.05116425189,20,0,0
s2-80-lognormal,shortest_estimate+topology_aware+conservative,fifo+first_fit+none,goodput_ratio,20,0.01409819726,0.0108846562,0.01731173832,20,0,0
s2-80-lognormal,shortest_estimate+topology_aware+conservative,fifo+first_fit+none,wasted_gpu_hours,20,-70.706669,-88.83255717,-52.58078083,20,0,0
s2-80-lognormal,shortest_estimate+topology_aware+conservative,fifo+first_fit+none,lost_gpu_hours,20,0,0,0,0,20,0
s2-80-lognormal,shortest_estimate+topology_aware+conservative,fifo+first_fit+none,overhead_gpu_hours,20,0,0,0,0,20,0
s2-80-lognormal,shortest_estimate+topology_aware+conservative,fifo+first_fit+none,topology_gpu_hours,20,-70.70663011,-88.83251335,-52.58074686,20,0,0
s2-80-lognormal,shortest_estimate+topology_aware+conservative,fifo+first_fit+none,slack_gpu_hours,20,-3.88929293e-05,-4.621007234e-05,-3.157578626e-05,20,0,0
s2-80-lognormal,shortest_estimate+topology_aware+conservative,fifo+first_fit+none,preemptions,20,0,0,0,0,20,0
s2-80-lognormal,shortest_estimate+topology_aware+conservative,fifo+first_fit+none,failure_kills,20,0,0,0,0,20,0
s2-80-lognormal,shortest_estimate+topology_aware+conservative,fifo+first_fit+none,node_downtime_gpu_hours,20,0,0,0,0,20,0
s2-80-lognormal,shortest_estimate+topology_aware+conservative,fifo+first_fit+none,jain_bsld,20,0.04498223079,0.02488923619,0.06507522539,19,0,1
s2-80-lognormal,shortest_estimate+topology_aware+conservative,fifo+first_fit+none,tenant_worst_best_ratio,20,-0.6264620501,-0.8434734651,-0.4094506352,19,0,1
s2-80-lognormal,shortest_estimate+topology_aware+conservative,fifo+first_fit+none,slo_attainment,20,0.3069300745,0.1755097623,0.4383503866,20,0,0
s2-80-lognormal,shortest_estimate+topology_aware+conservative,fifo+first_fit+none,makespan,20,-3099.6549,-6325.601095,126.2912945,14,5,1
s2-80-lognormal,shortest_estimate+topology_aware+conservative,fifo+first_fit+none,reservations,20,281.25,222.4113365,340.0886635,0,0,20
s2-80-lognormal,shortest_estimate+topology_aware+conservative,fifo+first_fit+none,broken_reservations,20,237.75,184.7312688,290.7687312,0,0,20
s2-80-lognormal,shortest_estimate+topology_aware+conservative,fifo+first_fit+none,tenant_t0_bsld_mean,20,-8.062249439,-12.5065144,-3.617984478,20,0,0
s2-80-lognormal,shortest_estimate+topology_aware+conservative,fifo+first_fit+none,tenant_t0_bsld_p95,20,-34.97868014,-53.32473393,-16.63262636,20,0,0
s2-80-lognormal,shortest_estimate+topology_aware+conservative,fifo+first_fit+none,tenant_t1_bsld_mean,20,-7.355354587,-11.03973646,-3.670972715,20,0,0
s2-80-lognormal,shortest_estimate+topology_aware+conservative,fifo+first_fit+none,tenant_t1_bsld_p95,20,-29.76948458,-42.63552071,-16.90344846,20,0,0
s2-80-lognormal,shortest_estimate+topology_aware+conservative,fifo+first_fit+none,tenant_t2_bsld_mean,20,-8.115532632,-12.41378251,-3.817282753,20,0,0
s2-80-lognormal,shortest_estimate+topology_aware+conservative,fifo+first_fit+none,tenant_t2_bsld_p95,20,-33.69326564,-49.18754181,-18.19898947,20,0,0
s2-80-lognormal,shortest_estimate+topology_aware+conservative,fifo+first_fit+none,tenant_t3_bsld_mean,20,-7.003946245,-10.57336817,-3.434524315,20,0,0
s2-80-lognormal,shortest_estimate+topology_aware+conservative,fifo+first_fit+none,tenant_t3_bsld_p95,20,-28.55856612,-40.17926004,-16.9378722,20,0,0
s2-80-lognormal,shortest_estimate+topology_aware+conservative,fifo+first_fit+none,prio_1_wait_p95,20,-9693.071,-12700.92581,-6685.216194,20,0,0
s2-80-lognormal,shortest_estimate+topology_aware+conservative,fifo+first_fit+none,prio_1_bsld_p95,20,-32.73438056,-47.84748528,-17.62127585,20,0,0
s2-80-lognormal,shortest_estimate+topology_aware+conservative,fifo+first_fit+none,prio_8_wait_p95,20,-9574.10235,-12806.6135,-6341.591205,20,0,0
s2-80-lognormal,shortest_estimate+topology_aware+easy,fifo+first_fit+none,J,20,-1.871975908,-2.561652446,-1.182299369,20,0,0
s2-80-lognormal,shortest_estimate+topology_aware+easy,fifo+first_fit+none,J_slowdown,20,-0.7331085381,-1.056418222,-0.4097988545,20,0,0
s2-80-lognormal,shortest_estimate+topology_aware+easy,fifo+first_fit+none,J_wait,20,-0.7738799187,-1.0272121,-0.5205477375,20,0,0
s2-80-lognormal,shortest_estimate+topology_aware+easy,fifo+first_fit+none,J_waste,20,-0.0136116892,-0.01810380646,-0.009119571939,19,0,1
s2-80-lognormal,shortest_estimate+topology_aware+easy,fifo+first_fit+none,J_slo,20,-0.3078065929,-0.4398417465,-0.1757714393,20,0,0
s2-80-lognormal,shortest_estimate+topology_aware+easy,fifo+first_fit+none,J_fairness,20,-0.04356916873,-0.06307754224,-0.02406079521,19,0,1
s2-80-lognormal,shortest_estimate+topology_aware+easy,fifo+first_fit+none,wait_mean,20,-4494.863357,-6930.88695,-2058.839763,20,0,0
s2-80-lognormal,shortest_estimate+topology_aware+easy,fifo+first_fit+none,wait_p95,20,-9812.93125,-13025.22713,-6600.635367,20,0,0
s2-80-lognormal,shortest_estimate+topology_aware+easy,fifo+first_fit+none,wait_p99,20,-6732.4271,-8714.924299,-4749.929901,20,0,0
s2-80-lognormal,shortest_estimate+topology_aware+easy,fifo+first_fit+none,jct_mean,20,-4506.042705,-6941.23827,-2070.84714,20,0,0
s2-80-lognormal,shortest_estimate+topology_aware+easy,fifo+first_fit+none,jct_p95,20,-5695.94125,-8311.369252,-3080.513248,20,0,0
s2-80-lognormal,shortest_estimate+topology_aware+easy,fifo+first_fit+none,bsld_mean,20,-7.719890472,-11.63023531,-3.809545635,20,0,0
s2-80-lognormal,shortest_estimate+topology_aware+easy,fifo+first_fit+none,bsld_p95,20,-32.06287795,-46.2029928,-17.9227631,20,0,0
s2-80-lognormal,shortest_estimate+topology_aware+easy,fifo+first_fit+none,bsld_p99,20,-75.31251936,-105.9637504,-44.66128829,20,0,0
s2-80-lognormal,shortest_estimate+topology_aware+easy,fifo+first_fit+none,wflow_mean,20,-7.719890472,-11.63023531,-3.809545635,20,0,0
s2-80-lognormal,shortest_estimate+topology_aware+easy,fifo+first_fit+none,wflow_sum_all,20,-15064.41158,-22502.68798,-7626.135181,20,0,0
s2-80-lognormal,shortest_estimate+topology_aware+easy,fifo+first_fit+none,large_wait_mean,20,-3853.793521,-6001.231316,-1706.355726,20,0,0
s2-80-lognormal,shortest_estimate+topology_aware+easy,fifo+first_fit+none,large_wait_p95,20,-5536.43315,-7347.773756,-3725.092544,20,0,0
s2-80-lognormal,shortest_estimate+topology_aware+easy,fifo+first_fit+none,utilization,20,0.0046269925,-0.006436602666,0.01569058767,11,0,9
s2-80-lognormal,shortest_estimate+topology_aware+easy,fifo+first_fit+none,frag_blocked_frac,20,-0.3269613355,-0.3751789685,-0.2787437024,20,0,0
s2-80-lognormal,shortest_estimate+topology_aware+easy,fifo+first_fit+none,stranded_frac,20,-0.05956981855,-0.0703593644,-0.04878027269,20,0,0
s2-80-lognormal,shortest_estimate+topology_aware+easy,fifo+first_fit+none,goodput_ratio,20,0.0136116892,0.009119571939,0.01810380646,19,0,1
s2-80-lognormal,shortest_estimate+topology_aware+easy,fifo+first_fit+none,wasted_gpu_hours,20,-69.41803933,-95.0913399,-43.74473876,19,0,1
s2-80-lognormal,shortest_estimate+topology_aware+easy,fifo+first_fit+none,lost_gpu_hours,20,0,0,0,0,20,0
s2-80-lognormal,shortest_estimate+topology_aware+easy,fifo+first_fit+none,overhead_gpu_hours,20,0,0,0,0,20,0
s2-80-lognormal,shortest_estimate+topology_aware+easy,fifo+first_fit+none,topology_gpu_hours,20,-69.41800283,-95.09129507,-43.74471059,19,0,1
s2-80-lognormal,shortest_estimate+topology_aware+easy,fifo+first_fit+none,slack_gpu_hours,20,-3.650707072e-05,-4.606511911e-05,-2.694902233e-05,19,1,0
s2-80-lognormal,shortest_estimate+topology_aware+easy,fifo+first_fit+none,preemptions,20,0,0,0,0,20,0
s2-80-lognormal,shortest_estimate+topology_aware+easy,fifo+first_fit+none,failure_kills,20,0,0,0,0,20,0
s2-80-lognormal,shortest_estimate+topology_aware+easy,fifo+first_fit+none,node_downtime_gpu_hours,20,0,0,0,0,20,0
s2-80-lognormal,shortest_estimate+topology_aware+easy,fifo+first_fit+none,jain_bsld,20,0.04356916873,0.02406079521,0.06307754224,19,0,1
s2-80-lognormal,shortest_estimate+topology_aware+easy,fifo+first_fit+none,tenant_worst_best_ratio,20,-0.6046213406,-0.8162801297,-0.3929625514,19,0,1
s2-80-lognormal,shortest_estimate+topology_aware+easy,fifo+first_fit+none,slo_attainment,20,0.3078065929,0.1757714393,0.4398417465,20,0,0
s2-80-lognormal,shortest_estimate+topology_aware+easy,fifo+first_fit+none,makespan,20,-4357.2197,-7581.068584,-1133.370816,14,5,1
s2-80-lognormal,shortest_estimate+topology_aware+easy,fifo+first_fit+none,reservations,20,173.55,147.4896386,199.6103614,0,0,20
s2-80-lognormal,shortest_estimate+topology_aware+easy,fifo+first_fit+none,broken_reservations,20,147.7,124.8052291,170.5947709,0,0,20
s2-80-lognormal,shortest_estimate+topology_aware+easy,fifo+first_fit+none,tenant_t0_bsld_mean,20,-8.071631464,-12.53140173,-3.611861194,20,0,0
s2-80-lognormal,shortest_estimate+topology_aware+easy,fifo+first_fit+none,tenant_t0_bsld_p95,20,-35.01250421,-53.43220671,-16.59280171,20,0,0
s2-80-lognormal,shortest_estimate+topology_aware+easy,fifo+first_fit+none,tenant_t1_bsld_mean,20,-7.322603288,-10.98506749,-3.660139081,20,0,0
s2-80-lognormal,shortest_estimate+topology_aware+easy,fifo+first_fit+none,tenant_t1_bsld_p95,20,-29.8408167,-42.68821153,-16.99342187,20,0,0
s2-80-lognormal,shortest_estimate+topology_aware+easy,fifo+first_fit+none,tenant_t2_bsld_mean,20,-8.10501873,-12.38648962,-3.823547844,20,0,0
s2-80-lognormal,shortest_estimate+topology_aware+easy,fifo+first_fit+none,tenant_t2_bsld_p95,20,-33.62429709,-49.03987649,-18.20871768,20,0,0
s2-80-lognormal,shortest_estimate+topology_aware+easy,fifo+first_fit+none,tenant_t3_bsld_mean,20,-6.996328363,-10.55465989,-3.437996834,20,0,0
s2-80-lognormal,shortest_estimate+topology_aware+easy,fifo+first_fit+none,tenant_t3_bsld_p95,20,-28.58253313,-40.16858359,-16.99648267,20,0,0
s2-80-lognormal,shortest_estimate+topology_aware+easy,fifo+first_fit+none,prio_1_wait_p95,20,-9819.3281,-13034.8709,-6603.785304,20,0,0
s2-80-lognormal,shortest_estimate+topology_aware+easy,fifo+first_fit+none,prio_1_bsld_p95,20,-32.73579501,-47.85934932,-17.6122407,20,0,0
s2-80-lognormal,shortest_estimate+topology_aware+easy,fifo+first_fit+none,prio_8_wait_p95,20,-9685.6376,-12840.63303,-6530.642168,20,0,0
s2-80-lognormal,shortest_estimate+topology_aware+easy_oracle,fifo+first_fit+none,J,20,-1.871115902,-2.560007051,-1.182224752,20,0,0
s2-80-lognormal,shortest_estimate+topology_aware+easy_oracle,fifo+first_fit+none,J_slowdown,20,-0.7325706719,-1.055864702,-0.4092766422,20,0,0
s2-80-lognormal,shortest_estimate+topology_aware+easy_oracle,fifo+first_fit+none,J_wait,20,-0.7737968914,-1.02390896,-0.5236848229,20,0,0
s2-80-lognormal,shortest_estimate+topology_aware+easy_oracle,fifo+first_fit+none,J_waste,20,-0.01154910136,-0.01499295674,-0.00810524599,19,0,1
s2-80-lognormal,shortest_estimate+topology_aware+easy_oracle,fifo+first_fit+none,J_slo,20,-0.3080112631,-0.439919732,-0.1761027943,20,0,0
s2-80-lognormal,shortest_estimate+topology_aware+easy_oracle,fifo+first_fit+none,J_fairness,20,-0.04518797383,-0.06527614357,-0.02509980408,20,0,0
s2-80-lognormal,shortest_estimate+topology_aware+easy_oracle,fifo+first_fit+none,wait_mean,20,-4515.256989,-6959.318232,-2071.195746,20,0,0
s2-80-lognormal,shortest_estimate+topology_aware+easy_oracle,fifo+first_fit+none,wait_p95,20,-9811.87845,-12983.34275,-6640.414151,20,0,0
s2-80-lognormal,shortest_estimate+topology_aware+easy_oracle,fifo+first_fit+none,wait_p99,20,-7564.14275,-9733.370182,-5394.915318,20,0,0
s2-80-lognormal,shortest_estimate+topology_aware+easy_oracle,fifo+first_fit+none,jct_mean,20,-4525.4954,-6968.858504,-2082.132296,20,0,0
s2-80-lognormal,shortest_estimate+topology_aware+easy_oracle,fifo+first_fit+none,jct_p95,20,-5826.889,-8485.977681,-3167.800319,20,0,0
s2-80-lognormal,shortest_estimate+topology_aware+easy_oracle,fifo+first_fit+none,bsld_mean,20,-7.739381773,-11.65586097,-3.822902575,20,0,0
s2-80-lognormal,shortest_estimate+topology_aware+easy_oracle,fifo+first_fit+none,bsld_p95,20,-32.0393541,-46.17878432,-17.89992388,20,0,0
s2-80-lognormal,shortest_estimate+topology_aware+easy_oracle,fifo+first_fit+none,bsld_p99,20,-75.887062,-106.7334282,-45.04069584,20,0,0
s2-80-lognormal,shortest_estimate+topology_aware+easy_oracle,fifo+first_fit+none,wflow_mean,20,-7.739381773,-11.65586097,-3.822902575,20,0,0
s2-80-lognormal,shortest_estimate+topology_aware+easy_oracle,fifo+first_fit+none,wflow_sum_all,20,-15101.58246,-22555.9494,-7647.215524,20,0,0
s2-80-lognormal,shortest_estimate+topology_aware+easy_oracle,fifo+first_fit+none,large_wait_mean,20,-3965.584099,-6169.325807,-1761.842392,20,0,0
s2-80-lognormal,shortest_estimate+topology_aware+easy_oracle,fifo+first_fit+none,large_wait_p95,20,-6302.8048,-8332.73095,-4272.87865,20,0,0
s2-80-lognormal,shortest_estimate+topology_aware+easy_oracle,fifo+first_fit+none,utilization,20,0.009760011036,-0.002726887365,0.02224690944,11,0,9
s2-80-lognormal,shortest_estimate+topology_aware+easy_oracle,fifo+first_fit+none,frag_blocked_frac,20,-0.3415747109,-0.3958036612,-0.2873457605,20,0,0
s2-80-lognormal,shortest_estimate+topology_aware+easy_oracle,fifo+first_fit+none,stranded_frac,20,-0.06118326303,-0.07431639344,-0.04805013261,20,0,0
s2-80-lognormal,shortest_estimate+topology_aware+easy_oracle,fifo+first_fit+none,goodput_ratio,20,0.01154910136,0.00810524599,0.01499295674,19,0,1
s2-80-lognormal,shortest_estimate+topology_aware+easy_oracle,fifo+first_fit+none,wasted_gpu_hours,20,-58.64371556,-78.49566708,-38.79176403,19,0,1
s2-80-lognormal,shortest_estimate+topology_aware+easy_oracle,fifo+first_fit+none,lost_gpu_hours,20,0,0,0,0,20,0
s2-80-lognormal,shortest_estimate+topology_aware+easy_oracle,fifo+first_fit+none,overhead_gpu_hours,20,0,0,0,0,20,0
s2-80-lognormal,shortest_estimate+topology_aware+easy_oracle,fifo+first_fit+none,topology_gpu_hours,20,-58.64367909,-78.49562468,-38.79173351,19,0,1
s2-80-lognormal,shortest_estimate+topology_aware+easy_oracle,fifo+first_fit+none,slack_gpu_hours,20,-3.646060607e-05,-4.400543813e-05,-2.891577401e-05,20,0,0
s2-80-lognormal,shortest_estimate+topology_aware+easy_oracle,fifo+first_fit+none,preemptions,20,0,0,0,0,20,0
s2-80-lognormal,shortest_estimate+topology_aware+easy_oracle,fifo+first_fit+none,failure_kills,20,0,0,0,0,20,0
s2-80-lognormal,shortest_estimate+topology_aware+easy_oracle,fifo+first_fit+none,node_downtime_gpu_hours,20,0,0,0,0,20,0
s2-80-lognormal,shortest_estimate+topology_aware+easy_oracle,fifo+first_fit+none,jain_bsld,20,0.04518797383,0.02509980408,0.06527614357,20,0,0
s2-80-lognormal,shortest_estimate+topology_aware+easy_oracle,fifo+first_fit+none,tenant_worst_best_ratio,20,-0.6315723076,-0.8487805197,-0.4143640955,20,0,0
s2-80-lognormal,shortest_estimate+topology_aware+easy_oracle,fifo+first_fit+none,slo_attainment,20,0.3080112631,0.1761027943,0.439919732,20,0,0
s2-80-lognormal,shortest_estimate+topology_aware+easy_oracle,fifo+first_fit+none,makespan,20,-4696.7673,-7670.358682,-1723.175918,13,5,2
s2-80-lognormal,shortest_estimate+topology_aware+easy_oracle,fifo+first_fit+none,reservations,20,194.05,161.0797657,227.0202343,0,0,20
s2-80-lognormal,shortest_estimate+topology_aware+easy_oracle,fifo+first_fit+none,broken_reservations,20,49.45,38.77603633,60.12396367,0,0,20
s2-80-lognormal,shortest_estimate+topology_aware+easy_oracle,fifo+first_fit+none,tenant_t0_bsld_mean,20,-8.076350964,-12.52904095,-3.623660977,20,0,0
s2-80-lognormal,shortest_estimate+topology_aware+easy_oracle,fifo+first_fit+none,tenant_t0_bsld_p95,20,-34.99467766,-53.39988888,-16.58946643,20,0,0
s2-80-lognormal,shortest_estimate+topology_aware+easy_oracle,fifo+first_fit+none,tenant_t1_bsld_mean,20,-7.362923451,-11.03480441,-3.691042496,20,0,0
s2-80-lognormal,shortest_estimate+topology_aware+easy_oracle,fifo+first_fit+none,tenant_t1_bsld_p95,20,-29.7812772,-42.60987256,-16.95268185,20,0,0
s2-80-lognormal,shortest_estimate+topology_aware+easy_oracle,fifo+first_fit+none,tenant_t2_bsld_mean,20,-8.118558372,-12.41673339,-3.820383358,20,0,0
s2-80-lognormal,shortest_estimate+topology_aware+easy_oracle,fifo+first_fit+none,tenant_t2_bsld_p95,20,-33.62834856,-49.11132398,-18.14537313,20,0,0
s2-80-lognormal,shortest_estimate+topology_aware+easy_oracle,fifo+first_fit+none,tenant_t3_bsld_mean,20,-7.021679797,-10.58717399,-3.456185603,20,0,0
s2-80-lognormal,shortest_estimate+topology_aware+easy_oracle,fifo+first_fit+none,tenant_t3_bsld_p95,20,-28.62698364,-40.24284909,-17.01111819,20,0,0
s2-80-lognormal,shortest_estimate+topology_aware+easy_oracle,fifo+first_fit+none,prio_1_wait_p95,20,-9843.3681,-13011.29666,-6675.439535,20,0,0
s2-80-lognormal,shortest_estimate+topology_aware+easy_oracle,fifo+first_fit+none,prio_1_bsld_p95,20,-32.72908417,-47.85232013,-17.60584821,20,0,0
s2-80-lognormal,shortest_estimate+topology_aware+easy_oracle,fifo+first_fit+none,prio_8_wait_p95,20,-9772.0634,-13049.83234,-6494.294459,20,0,0
s2-80-lognormal,shortest_estimate+topology_aware+easy_predicted,fifo+first_fit+none,J,20,-1.864711795,-2.547927536,-1.181496054,20,0,0
s2-80-lognormal,shortest_estimate+topology_aware+easy_predicted,fifo+first_fit+none,J_slowdown,20,-0.7320177497,-1.054600273,-0.4094352265,20,0,0
s2-80-lognormal,shortest_estimate+topology_aware+easy_predicted,fifo+first_fit+none,J_wait,20,-0.7699000597,-1.017900398,-0.5218997219,20,0,0
s2-80-lognormal,shortest_estimate+topology_aware+easy_predicted,fifo+first_fit+none,J_waste,20,-0.012159151,-0.01573219933,-0.008586102666,19,0,1
s2-80-lognormal,shortest_estimate+topology_aware+easy_predicted,fifo+first_fit+none,J_slo,20,-0.3064801622,-0.4376348622,-0.1753254622,20,0,0
s2-80-lognormal,shortest_estimate+topology_aware+easy_predicted,fifo+first_fit+none,J_fairness,20,-0.04415467266,-0.06395453199,-0.02435481333,19,0,1
s2-80-lognormal,shortest_estimate+topology_aware+easy_predicted,fifo+first_fit+none,wait_mean,20,-4481.589882,-6905.640464,-2057.539301,20,0,0
s2-80-lognormal,shortest_estimate+topology_aware+easy_predicted,fifo+first_fit+none,wait_p95,20,-9762.46595,-12907.15314,-6617.778762,20,0,0
s2-80-lognormal,shortest_estimate+topology_aware+easy_predicted,fifo+first_fit+none,wait_p99,20,-6155.22775,-8124.17841,-4186.27709,20,0,0
s2-80-lognormal,shortest_estimate+topology_aware+easy_predicted,fifo+first_fit+none,jct_mean,20,-4491.807,-6914.762873,-2068.851126,20,0,0
s2-80-lognormal,shortest_estimate+topology_aware+easy_predicted,fifo+first_fit+none,jct_p95,20,-5642.64465,-8153.306411,-3131.982889,20,0,0
s2-80-lognormal,shortest_estimate+topology_aware+easy_predicted,fifo+first_fit+none,bsld_mean,20,-7.715217131,-11.62214581,-3.808288451,20,0,0
s2-80-lognormal,shortest_estimate+topology_aware+easy_predicted,fifo+first_fit+none,bsld_p95,20,-32.01517176,-46.12348388,-17.90685965,20,0,0
s2-80-lognormal,shortest_estimate+topology_aware+easy_predicted,fifo+first_fit+none,bsld_p99,20,-75.1997978,-105.7988197,-44.60077588,20,0,0
s2-80-lognormal,shortest_estimate+topology_aware+easy_predicted,fifo+first_fit+none,wflow_mean,20,-7.715217131,-11.62214581,-3.808288451,20,0,0
s2-80-lognormal,shortest_estimate+topology_aware+easy_predicted,fifo+first_fit+none,wflow_sum_all,20,-15059.03342,-22491.6288,-7626.438028,20,0,0
s2-80-lognormal,shortest_estimate+topology_aware+easy_predicted,fifo+first_fit+none,large_wait_mean,20,-3788.556888,-5882.375279,-1694.738498,20,0,0
s2-80-lognormal,shortest_estimate+topology_aware+easy_predicted,fifo+first_fit+none,large_wait_p95,20,-5044.4859,-6754.323181,-3334.648619,20,0,0
s2-80-lognormal,shortest_estimate+topology_aware+easy_predicted,fifo+first_fit+none,utilization,20,0.006037358419,-0.004864519896,0.01693923673,10,0,10
s2-80-lognormal,shortest_estimate+topology_aware+easy_predicted,fifo+first_fit+none,frag_blocked_frac,20,-0.3108577825,-0.3564770778,-0.2652384871,20,0,0
s2-80-lognormal,shortest_estimate+topology_aware+easy_predicted,fifo+first_fit+none,stranded_frac,20,-0.05727794956,-0.07001451047,-0.04454138866,20,0,0
s2-80-lognormal,shortest_estimate+topology_aware+easy_predicted,fifo+first_fit+none,goodput_ratio,20,0.012159151,0.008586102666,0.01573219933,19,0,1
s2-80-lognormal,shortest_estimate+topology_aware+easy_predicted,fifo+first_fit+none,wasted_gpu_hours,20,-63.73266444,-86.85271543,-40.61261346,19,0,1
s2-80-lognormal,shortest_estimate+topology_aware+easy_predicted,fifo+first_fit+none,lost_gpu_hours,20,0,0,0,0,20,0
s2-80-lognormal,shortest_estimate+topology_aware+easy_predicted,fifo+first_fit+none,overhead_gpu_hours,20,0,0,0,0,20,0
s2-80-lognormal,shortest_estimate+topology_aware+easy_predicted,fifo+first_fit+none,topology_gpu_hours,20,-63.7326296,-86.85267399,-40.61258521,19,0,1
s2-80-lognormal,shortest_estimate+topology_aware+easy_predicted,fifo+first_fit+none,slack_gpu_hours,20,-3.484242426e-05,-4.265993936e-05,-2.702490915e-05,20,0,0
s2-80-lognormal,shortest_estimate+topology_aware+easy_predicted,fifo+first_fit+none,preemptions,20,0,0,0,0,20,0
s2-80-lognormal,shortest_estimate+topology_aware+easy_predicted,fifo+first_fit+none,failure_kills,20,0,0,0,0,20,0
s2-80-lognormal,shortest_estimate+topology_aware+easy_predicted,fifo+first_fit+none,node_downtime_gpu_hours,20,0,0,0,0,20,0
s2-80-lognormal,shortest_estimate+topology_aware+easy_predicted,fifo+first_fit+none,jain_bsld,20,0.04415467266,0.02435481333,0.06395453199,19,0,1
s2-80-lognormal,shortest_estimate+topology_aware+easy_predicted,fifo+first_fit+none,tenant_worst_best_ratio,20,-0.6016196295,-0.811520579,-0.3917186799,19,0,1
s2-80-lognormal,shortest_estimate+topology_aware+easy_predicted,fifo+first_fit+none,slo_attainment,20,0.3064801622,0.1753254622,0.4376348622,20,0,0
s2-80-lognormal,shortest_estimate+topology_aware+easy_predicted,fifo+first_fit+none,makespan,20,-3409.1308,-6911.655964,93.39436449,13,5,2
s2-80-lognormal,shortest_estimate+topology_aware+easy_predicted,fifo+first_fit+none,reservations,20,178.6,150.2484988,206.9515012,0,0,20
s2-80-lognormal,shortest_estimate+topology_aware+easy_predicted,fifo+first_fit+none,broken_reservations,20,159.95,134.1385538,185.7614462,0,0,20
s2-80-lognormal,shortest_estimate+topology_aware+easy_predicted,fifo+first_fit+none,tenant_t0_bsld_mean,20,-8.051341427,-12.49662159,-3.606061262,20,0,0
s2-80-lognormal,shortest_estimate+topology_aware+easy_predicted,fifo+first_fit+none,tenant_t0_bsld_p95,20,-34.93758728,-53.27792655,-16.59724801,20,0,0
s2-80-lognormal,shortest_estimate+topology_aware+easy_predicted,fifo+first_fit+none,tenant_t1_bsld_mean,20,-7.343275714,-11.01452556,-3.67202587,20,0,0
s2-80-lognormal,shortest_estimate+topology_aware+easy_predicted,fifo+first_fit+none,tenant_t1_bsld_p95,20,-29.73582737,-42.51377152,-16.95788322,20,0,0
s2-80-lognormal,shortest_estimate+topology_aware+easy_predicted,fifo+first_fit+none,tenant_t2_bsld_mean,20,-8.101196563,-12.38176767,-3.820625452,20,0,0
s2-80-lognormal,shortest_estimate+topology_aware+easy_predicted,fifo+first_fit+none,tenant_t2_bsld_p95,20,-33.69838118,-49.14314012,-18.25362224,20,0,0
s2-80-lognormal,shortest_estimate+topology_aware+easy_predicted,fifo+first_fit+none,tenant_t3_bsld_mean,20,-6.974090739,-10.52522293,-3.422958552,20,0,0
s2-80-lognormal,shortest_estimate+topology_aware+easy_predicted,fifo+first_fit+none,tenant_t3_bsld_p95,20,-28.46666141,-40.03563971,-16.89768311,20,0,0
s2-80-lognormal,shortest_estimate+topology_aware+easy_predicted,fifo+first_fit+none,prio_1_wait_p95,20,-9742.3375,-12845.16974,-6639.505262,20,0,0
s2-80-lognormal,shortest_estimate+topology_aware+easy_predicted,fifo+first_fit+none,prio_1_bsld_p95,20,-32.68631149,-47.7582483,-17.61437468,20,0,0
s2-80-lognormal,shortest_estimate+topology_aware+easy_predicted,fifo+first_fit+none,prio_8_wait_p95,20,-9746.07365,-12984.16822,-6507.979082,20,0,0
s2-80-lognormal,shortest_estimate+topology_aware+none,fifo+first_fit+none,J,20,-1.634243107,-2.25289225,-1.015593964,20,0,0
s2-80-lognormal,shortest_estimate+topology_aware+none,fifo+first_fit+none,J_slowdown,20,-0.7155332745,-1.036852058,-0.3942144908,20,0,0
s2-80-lognormal,shortest_estimate+topology_aware+none,fifo+first_fit+none,J_wait,20,-0.5817526031,-0.7840245233,-0.3794806828,20,0,0
s2-80-lognormal,shortest_estimate+topology_aware+none,fifo+first_fit+none,J_waste,20,-0.01317536397,-0.01728817277,-0.009062555169,19,0,1
s2-80-lognormal,shortest_estimate+topology_aware+none,fifo+first_fit+none,J_slo,20,-0.2786780618,-0.4009057703,-0.1564503533,20,0,0
s2-80-lognormal,shortest_estimate+topology_aware+none,fifo+first_fit+none,J_fairness,20,-0.04510380399,-0.06511375653,-0.02509385145,20,0,0
s2-80-lognormal,shortest_estimate+topology_aware+none,fifo+first_fit+none,wait_mean,20,-4045.057153,-6312.833325,-1777.280982,20,0,0
s2-80-lognormal,shortest_estimate+topology_aware+none,fifo+first_fit+none,wait_p95,20,-7376.72365,-9941.566592,-4811.880708,20,0,0
s2-80-lognormal,shortest_estimate+topology_aware+none,fifo+first_fit+none,wait_p99,20,-1031.2148,-3921.749359,1859.319759,14,0,6
s2-80-lognormal,shortest_estimate+topology_aware+none,fifo+first_fit+none,jct_mean,20,-4056.822947,-6324.447175,-1789.198719,20,0,0
s2-80-lognormal,shortest_estimate+topology_aware+none,fifo+first_fit+none,jct_p95,20,-3842.55545,-5860.777715,-1824.333185,18,0,2
s2-80-lognormal,shortest_estimate+topology_aware+none,fifo+first_fit+none,bsld_mean,20,-7.587471573,-11.46802606,-3.706917092,20,0,0
s2-80-lognormal,shortest_estimate+topology_aware+none,fifo+first_fit+none,bsld_p95,20,-31.29421478,-45.34725661,-17.24117296,20,0,0
s2-80-lognormal,shortest_estimate+topology_aware+none,fifo+first_fit+none,bsld_p99,20,-74.95358038,-105.7118074,-44.19535338,20,0,0
s2-80-lognormal,shortest_estimate+topology_aware+none,fifo+first_fit+none,wflow_mean,20,-7.587471573,-11.46802606,-3.706917092,20,0,0
s2-80-lognormal,shortest_estimate+topology_aware+none,fifo+first_fit+none,wflow_sum_all,20,-14807.92711,-22191.73057,-7424.123642,20,0,0
s2-80-lognormal,shortest_estimate+topology_aware+none,fifo+first_fit+none,large_wait_mean,20,-3878.501852,-6076.933952,-1680.069752,20,0,0
s2-80-lognormal,shortest_estimate+topology_aware+none,fifo+first_fit+none,large_wait_p95,20,-6228.1495,-8575.849059,-3880.449941,20,0,0
s2-80-lognormal,shortest_estimate+topology_aware+none,fifo+first_fit+none,utilization,20,-0.001006904561,-0.008725947614,0.006712138492,10,0,10
s2-80-lognormal,shortest_estimate+topology_aware+none,fifo+first_fit+none,frag_blocked_frac,20,-0.2145568168,-0.2606018461,-0.1685117875,20,0,0
s2-80-lognormal,shortest_estimate+topology_aware+none,fifo+first_fit+none,stranded_frac,20,-0.04378553453,-0.05638107636,-0.03118999269,20,0,0
s2-80-lognormal,shortest_estimate+topology_aware+none,fifo+first_fit+none,goodput_ratio,20,0.01317536397,0.009062555169,0.01728817277,19,0,1
s2-80-lognormal,shortest_estimate+topology_aware+none,fifo+first_fit+none,wasted_gpu_hours,20,-67.56401944,-90.46095147,-44.66708742,19,0,1
s2-80-lognormal,shortest_estimate+topology_aware+none,fifo+first_fit+none,lost_gpu_hours,20,0,0,0,0,20,0
s2-80-lognormal,shortest_estimate+topology_aware+none,fifo+first_fit+none,overhead_gpu_hours,20,0,0,0,0,20,0
s2-80-lognormal,shortest_estimate+topology_aware+none,fifo+first_fit+none,topology_gpu_hours,20,-67.56398559,-90.46091198,-44.66705919,19,0,1
s2-80-lognormal,shortest_estimate+topology_aware+none,fifo+first_fit+none,slack_gpu_hours,20,-3.385656567e-05,-4.191031639e-05,-2.580281494e-05,20,0,0
s2-80-lognormal,shortest_estimate+topology_aware+none,fifo+first_fit+none,preemptions,20,0,0,0,0,20,0
s2-80-lognormal,shortest_estimate+topology_aware+none,fifo+first_fit+none,failure_kills,20,0,0,0,0,20,0
s2-80-lognormal,shortest_estimate+topology_aware+none,fifo+first_fit+none,node_downtime_gpu_hours,20,0,0,0,0,20,0
s2-80-lognormal,shortest_estimate+topology_aware+none,fifo+first_fit+none,jain_bsld,20,0.04510380399,0.02509385145,0.06511375653,20,0,0
s2-80-lognormal,shortest_estimate+topology_aware+none,fifo+first_fit+none,tenant_worst_best_ratio,20,-0.6286249128,-0.8413213474,-0.4159284781,19,0,1
s2-80-lognormal,shortest_estimate+topology_aware+none,fifo+first_fit+none,slo_attainment,20,0.2786780618,0.1564503533,0.4009057703,20,0,0
s2-80-lognormal,shortest_estimate+topology_aware+none,fifo+first_fit+none,makespan,20,-1865.23105,-5802.057003,2071.594903,12,5,3
s2-80-lognormal,shortest_estimate+topology_aware+none,fifo+first_fit+none,reservations,20,0,0,0,0,20,0
s2-80-lognormal,shortest_estimate+topology_aware+none,fifo+first_fit+none,broken_reservations,20,0,0,0,0,20,0
s2-80-lognormal,shortest_estimate+topology_aware+none,fifo+first_fit+none,tenant_t0_bsld_mean,20,-7.909315065,-12.32758075,-3.491049378,20,0,0
s2-80-lognormal,shortest_estimate+topology_aware+none,fifo+first_fit+none,tenant_t0_bsld_p95,20,-34.1718634,-52.50574389,-15.8379829,20,0,0
s2-80-lognormal,shortest_estimate+topology_aware+none,fifo+first_fit+none,tenant_t1_bsld_mean,20,-7.221416527,-10.86732399,-3.575509064,20,0,0
s2-80-lognormal,shortest_estimate+topology_aware+none,fifo+first_fit+none,tenant_t1_bsld_p95,20,-29.08884755,-41.83243477,-16.34526034,20,0,0
s2-80-lognormal,shortest_estimate+topology_aware+none,fifo+first_fit+none,tenant_t2_bsld_mean,20,-7.980215636,-12.23094441,-3.729486867,20,0,0
s2-80-lognormal,shortest_estimate+topology_aware+none,fifo+first_fit+none,tenant_t2_bsld_p95,20,-32.89331154,-48.18909357,-17.5975295,20,0,0
s2-80-lognormal,shortest_estimate+topology_aware+none,fifo+first_fit+none,tenant_t3_bsld_mean,20,-6.871407601,-10.41625637,-3.326558828,20,0,0
s2-80-lognormal,shortest_estimate+topology_aware+none,fifo+first_fit+none,tenant_t3_bsld_p95,20,-27.90712176,-39.4643653,-16.34987822,20,0,0
s2-80-lognormal,shortest_estimate+topology_aware+none,fifo+first_fit+none,prio_1_wait_p95,20,-7344.01535,-9968.554629,-4719.476071,20,0,0
s2-80-lognormal,shortest_estimate+topology_aware+none,fifo+first_fit+none,prio_1_bsld_p95,20,-31.99303269,-47.05211735,-16.93394803,20,0,0
s2-80-lognormal,shortest_estimate+topology_aware+none,fifo+first_fit+none,prio_8_wait_p95,20,-7304.5872,-9663.80132,-4945.37308,20,0,0
s2-80-user,shortest_estimate+topology_aware+conservative,fifo+first_fit+none,J,20,-1.847356767,-2.526151284,-1.168562249,20,0,0
s2-80-user,shortest_estimate+topology_aware+conservative,fifo+first_fit+none,J_slowdown,20,-0.7296590896,-1.051382736,-0.4079354433,20,0,0
s2-80-user,shortest_estimate+topology_aware+conservative,fifo+first_fit+none,J_wait,20,-0.7534561003,-0.9948379691,-0.5120742315,20,0,0
s2-80-user,shortest_estimate+topology_aware+conservative,fifo+first_fit+none,J_waste,20,-0.01437530747,-0.01792504324,-0.01082557171,20,0,0
s2-80-user,shortest_estimate+topology_aware+conservative,fifo+first_fit+none,J_slo,20,-0.3055615412,-0.4373456135,-0.1737774688,20,0,0
s2-80-user,shortest_estimate+topology_aware+conservative,fifo+first_fit+none,J_fairness,20,-0.04430472808,-0.06405491523,-0.02455454094,20,0,0
s2-80-user,shortest_estimate+topology_aware+conservative,fifo+first_fit+none,wait_mean,20,-4469.280337,-6882.569201,-2055.991474,20,0,0
s2-80-user,shortest_estimate+topology_aware+conservative,fifo+first_fit+none,wait_p95,20,-9553.9537,-12614.71756,-6493.189844,20,0,0
s2-80-user,shortest_estimate+topology_aware+conservative,fifo+first_fit+none,wait_p99,20,-6685.05645,-8598.687868,-4771.425032,20,0,0
s2-80-user,shortest_estimate+topology_aware+conservative,fifo+first_fit+none,jct_mean,20,-4480.356063,-6893.831562,-2066.880563,20,0,0
s2-80-user,shortest_estimate+topology_aware+conservative,fifo+first_fit+none,jct_p95,20,-5579.7734,-8101.171262,-3058.375538,20,0,0
s2-80-user,shortest_estimate+topology_aware+conservative,fifo+first_fit+none,bsld_mean,20,-7.695977566,-11.59914494,-3.792810189,20,0,0
s2-80-user,shortest_estimate+topology_aware+conservative,fifo+first_fit+none,bsld_p95,20,-31.91201456,-45.98276326,-17.84126586,20,0,0
s2-80-user,shortest_estimate+topology_aware+conservative,fifo+first_fit+none,bsld_p99,20,-74.84112292,-105.3894361,-44.29280976,20,0,0
s2-80-user,shortest_estimate+topology_aware+conservative,fifo+first_fit+none,wflow_mean,20,-7.695977566,-11.59914494,-3.792810189,20,0,0
s2-80-user,shortest_estimate+topology_aware+conservative,fifo+first_fit+none,wflow_sum_all,20,-15016.31702,-22447.34459,-7585.289452,20,0,0
s2-80-user,shortest_estimate+topology_aware+conservative,fifo+first_fit+none,large_wait_mean,20,-3851.99825,-5964.877425,-1739.119075,20,0,0
s2-80-user,shortest_estimate+topology_aware+conservative,fifo+first_fit+none,large_wait_p95,20,-5501.2493,-7293.02576,-3709.47284,20,0,0
s2-80-user,shortest_estimate+topology_aware+conservative,fifo+first_fit+none,utilization,20,0.008227384055,-0.003709141262,0.02016390937,10,0,10
s2-80-user,shortest_estimate+topology_aware+conservative,fifo+first_fit+none,frag_blocked_frac,20,-0.3328753759,-0.3865679449,-0.2791828068,20,0,0
s2-80-user,shortest_estimate+topology_aware+conservative,fifo+first_fit+none,stranded_frac,20,-0.06342604262,-0.07756325141,-0.04928883383,20,0,0
s2-80-user,shortest_estimate+topology_aware+conservative,fifo+first_fit+none,goodput_ratio,20,0.01437530747,0.01082557171,0.01792504324,20,0,0
s2-80-user,shortest_estimate+topology_aware+conservative,fifo+first_fit+none,wasted_gpu_hours,20,-72.40897744,-93.73780337,-51.08015152,20,0,0
s2-80-user,shortest_estimate+topology_aware+conservative,fifo+first_fit+none,lost_gpu_hours,20,0,0,0,0,20,0
s2-80-user,shortest_estimate+topology_aware+conservative,fifo+first_fit+none,overhead_gpu_hours,20,0,0,0,0,20,0
s2-80-user,shortest_estimate+topology_aware+conservative,fifo+first_fit+none,topology_gpu_hours,20,-72.40894179,-93.73776521,-51.08011838,20,0,0
s2-80-user,shortest_estimate+topology_aware+conservative,fifo+first_fit+none,slack_gpu_hours,20,-3.565252526e-05,-4.182268246e-05,-2.948236806e-05,20,0,0
s2-80-user,shortest_estimate+topology_aware+conservative,fifo+first_fit+none,preemptions,20,0,0,0,0,20,0
s2-80-user,shortest_estimate+topology_aware+conservative,fifo+first_fit+none,failure_kills,20,0,0,0,0,20,0
s2-80-user,shortest_estimate+topology_aware+conservative,fifo+first_fit+none,node_downtime_gpu_hours,20,0,0,0,0,20,0
s2-80-user,shortest_estimate+topology_aware+conservative,fifo+first_fit+none,jain_bsld,20,0.04430472808,0.02455454094,0.06405491523,20,0,0
s2-80-user,shortest_estimate+topology_aware+conservative,fifo+first_fit+none,tenant_worst_best_ratio,20,-0.602387606,-0.8099970836,-0.3947781283,20,0,0
s2-80-user,shortest_estimate+topology_aware+conservative,fifo+first_fit+none,slo_attainment,20,0.3055615412,0.1737774688,0.4373456135,20,0,0
s2-80-user,shortest_estimate+topology_aware+conservative,fifo+first_fit+none,makespan,20,-4166.041,-7895.51441,-436.5675899,13,5,2
s2-80-user,shortest_estimate+topology_aware+conservative,fifo+first_fit+none,reservations,20,294.3,230.0438027,358.5561973,0,0,20
s2-80-user,shortest_estimate+topology_aware+conservative,fifo+first_fit+none,broken_reservations,20,87.65,62.1473281,113.1526719,0,0,20
s2-80-user,shortest_estimate+topology_aware+conservative,fifo+first_fit+none,tenant_t0_bsld_mean,20,-8.024151452,-12.45323672,-3.595066185,20,0,0
s2-80-user,shortest_estimate+topology_aware+conservative,fifo+first_fit+none,tenant_t0_bsld_p95,20,-34.76017374,-53.01859377,-16.50175371,20,0,0
s2-80-user,shortest_estimate+topology_aware+conservative,fifo+first_fit+none,tenant_t1_bsld_mean,20,-7.327129774,-10.9999678,-3.654291747,20,0,0
s2-80-user,shortest_estimate+topology_aware+conservative,fifo+first_fit+none,tenant_t1_bsld_p95,20,-29.7209557,-42.52517572,-16.91673569,20,0,0
s2-80-user,shortest_estimate+topology_aware+conservative,fifo+first_fit+none,tenant_t2_bsld_mean,20,-8.085875622,-12.37583995,-3.795911293,20,0,0
s2-80-user,shortest_estimate+topology_aware+conservative,fifo+first_fit+none,tenant_t2_bsld_p95,20,-33.59137758,-49.02732951,-18.15542566,20,0,0
s2-80-user,shortest_estimate+topology_aware+conservative,fifo+first_fit+none,tenant_t3_bsld_mean,20,-6.96940568,-10.51198527,-3.426826092,20,0,0
s2-80-user,shortest_estimate+topology_aware+conservative,fifo+first_fit+none,tenant_t3_bsld_p95,20,-28.46521278,-40.01722861,-16.91319695,20,0,0
s2-80-user,shortest_estimate+topology_aware+conservative,fifo+first_fit+none,prio_1_wait_p95,20,-9619.0212,-12726.1089,-6511.933496,20,0,0
s2-80-user,shortest_estimate+topology_aware+conservative,fifo+first_fit+none,prio_1_bsld_p95,20,-32.60128798,-47.66591299,-17.53666296,20,0,0
s2-80-user,shortest_estimate+topology_aware+conservative,fifo+first_fit+none,prio_8_wait_p95,20,-9236.2936,-12075.54085,-6397.046354,20,0,0
s2-80-user,shortest_estimate+topology_aware+easy,fifo+first_fit+none,J,20,-1.854224493,-2.531131042,-1.177317944,20,0,0
s2-80-user,shortest_estimate+topology_aware+easy,fifo+first_fit+none,J_slowdown,20,-0.7306539593,-1.052472283,-0.4088356361,20,0,0
s2-80-user,shortest_estimate+topology_aware+easy,fifo+first_fit+none,J_wait,20,-0.7579369501,-0.9989430881,-0.516930812,20,0,0
s2-80-user,shortest_estimate+topology_aware+easy,fifo+first_fit+none,J_waste,20,-0.01392087955,-0.01693899468,-0.01090276442,20,0,0
s2-80-user,shortest_estimate+topology_aware+easy,fifo+first_fit+none,J_slo,20,-0.3071642388,-0.4389750071,-0.1753534705,20,0,0
s2-80-user,shortest_estimate+topology_aware+easy,fifo+first_fit+none,J_fairness,20,-0.04454846534,-0.06434727665,-0.02474965403,20,0,0
s2-80-user,shortest_estimate+topology_aware+easy,fifo+first_fit+none,wait_mean,20,-4477.632599,-6901.711088,-2053.554111,20,0,0
s2-80-user,shortest_estimate+topology_aware+easy,fifo+first_fit+none,wait_p95,20,-9610.77165,-12666.77117,-6554.772126,20,0,0
s2-80-user,shortest_estimate+topology_aware+easy,fifo+first_fit+none,wait_p99,20,-6487.76155,-8311.938687,-4663.584413,20,0,0
s2-80-user,shortest_estimate+topology_aware+easy,fifo+first_fit+none,jct_mean,20,-4488.837508,-6913.05655,-2064.618466,20,0,0
s2-80-user,shortest_estimate+topology_aware+easy,fifo+first_fit+none,jct_p95,20,-5587.9206,-8121.509379,-3054.331821,20,0,0
s2-80-user,shortest_estimate+topology_aware+easy,fifo+first_fit+none,bsld_mean,20,-7.688126168,-11.58382882,-3.792423517,20,0,0
s2-80-user,shortest_estimate+topology_aware+easy,fifo+first_fit+none,bsld_p95,20,-31.95552569,-46.03041513,-17.88063625,20,0,0
s2-80-user,shortest_estimate+topology_aware+easy,fifo+first_fit+none,bsld_p99,20,-74.53762019,-104.7926215,-44.28261888,20,0,0
s2-80-user,shortest_estimate+topology_aware+easy,fifo+first_fit+none,wflow_mean,20,-7.688126168,-11.58382882,-3.792423517,20,0,0
s2-80-user,shortest_estimate+topology_aware+easy,fifo+first_fit+none,wflow_sum_all,20,-15000.49107,-22412.99515,-7587.986983,20,0,0
s2-80-user,shortest_estimate+topology_aware+easy,fifo+first_fit+none,large_wait_mean,20,-3791.110439,-5896.87881,-1685.342068,20,0,0
s2-80-user,shortest_estimate+topology_aware+easy,fifo+first_fit+none,large_wait_p95,20,-5196.51235,-6886.921232,-3506.103468,20,0,0
s2-80-user,shortest_estimate+topology_aware+easy,fifo+first_fit+none,utilization,20,0.005996823488,-0.005217003855,0.01721065083,10,0,10
s2-80-user,shortest_estimate+topology_aware+easy,fifo+first_fit+none,frag_blocked_frac,20,-0.3114054394,-0.3563807084,-0.2664301703,20,0,0
s2-80-user,shortest_estimate+topology_aware+easy,fifo+first_fit+none,stranded_frac,20,-0.0589076631,-0.07088477427,-0.04693055192,20,0,0
s2-80-user,shortest_estimate+topology_aware+easy,fifo+first_fit+none,goodput_ratio,20,0.01392087955,0.01090276442,0.01693899468,20,0,0
s2-80-user,shortest_estimate+topology_aware+easy,fifo+first_fit+none,wasted_gpu_hours,20,-70.87465844,-89.13628775,-52.61302913,20,0,0
s2-80-user,shortest_estimate+topology_aware+easy,fifo+first_fit+none,lost_gpu_hours,20,0,0,0,0,20,0
s2-80-user,shortest_estimate+topology_aware+easy,fifo+first_fit+none,overhead_gpu_hours,20,0,0,0,0,20,0
s2-80-user,shortest_estimate+topology_aware+easy,fifo+first_fit+none,topology_gpu_hours,20,-70.87462225,-89.13624879,-52.61299571,20,0,0
s2-80-user,shortest_estimate+topology_aware+easy,fifo+first_fit+none,slack_gpu_hours,20,-3.619393941e-05,-4.179014876e-05,-3.059773005e-05,20,0,0
s2-80-user,shortest_estimate+topology_aware+easy,fifo+first_fit+none,preemptions,20,0,0,0,0,20,0
s2-80-user,shortest_estimate+topology_aware+easy,fifo+first_fit+none,failure_kills,20,0,0,0,0,20,0
s2-80-user,shortest_estimate+topology_aware+easy,fifo+first_fit+none,node_downtime_gpu_hours,20,0,0,0,0,20,0
s2-80-user,shortest_estimate+topology_aware+easy,fifo+first_fit+none,jain_bsld,20,0.04454846534,0.02474965403,0.06434727665,20,0,0
s2-80-user,shortest_estimate+topology_aware+easy,fifo+first_fit+none,tenant_worst_best_ratio,20,-0.6087035094,-0.8159376777,-0.4014693411,20,0,0
s2-80-user,shortest_estimate+topology_aware+easy,fifo+first_fit+none,slo_attainment,20,0.3071642388,0.1753534705,0.4389750071,20,0,0
s2-80-user,shortest_estimate+topology_aware+easy,fifo+first_fit+none,makespan,20,-3832.88975,-7569.144956,-96.63454386,13,5,2
s2-80-user,shortest_estimate+topology_aware+easy,fifo+first_fit+none,reservations,20,183.45,153.5296277,213.3703723,0,0,20
s2-80-user,shortest_estimate+topology_aware+easy,fifo+first_fit+none,broken_reservations,20,61.85,46.50003243,77.19996757,0,0,20
s2-80-user,shortest_estimate+topology_aware+easy,fifo+first_fit+none,tenant_t0_bsld_mean,20,-8.01266788,-12.43493786,-3.590397898,20,0,0
s2-80-user,shortest_estimate+topology_aware+easy,fifo+first_fit+none,tenant_t0_bsld_p95,20,-34.8155353,-53.10198899,-16.52908161,20,0,0
s2-80-user,shortest_estimate+topology_aware+easy,fifo+first_fit+none,tenant_t1_bsld_mean,20,-7.314104418,-10.9736798,-3.654529035,20,0,0
s2-80-user,shortest_estimate+topology_aware+easy,fifo+first_fit+none,tenant_t1_bsld_p95,20,-29.72707384,-42.52090066,-16.93324702,20,0,0
s2-80-user,shortest_estimate+topology_aware+easy,fifo+first_fit+none,tenant_t2_bsld_mean,20,-8.08365145,-12.36688009,-3.800422808,20,0,0
s2-80-user,shortest_estimate+topology_aware+easy,fifo+first_fit+none,tenant_t2_bsld_p95,20,-33.64339099,-49.04984756,-18.23693442,20,0,0
s2-80-user,shortest_estimate+topology_aware+easy,fifo+first_fit+none,tenant_t3_bsld_mean,20,-6.978996892,-10.53006349,-3.427930295,20,0,0
s2-80-user,shortest_estimate+topology_aware+easy,fifo+first_fit+none,tenant_t3_bsld_p95,20,-28.55252186,-40.12450904,-16.98053468,20,0,0
s2-80-user,shortest_estimate+topology_aware+easy,fifo+first_fit+none,prio_1_wait_p95,20,-9584.7218,-12610.98692,-6558.456681,20,0,0
s2-80-user,shortest_estimate+topology_aware+easy,fifo+first_fit+none,prio_1_bsld_p95,20,-32.60345682,-47.66052846,-17.54638518,20,0,0
s2-80-user,shortest_estimate+topology_aware+easy,fifo+first_fit+none,prio_8_wait_p95,20,-9492.9485,-12419.80832,-6566.08868,20,0,0
s2-80-user,shortest_estimate+topology_aware+easy_oracle,fifo+first_fit+none,J,20,-1.859464298,-2.540488713,-1.178439882,20,0,0
s2-80-user,shortest_estimate+topology_aware+easy_oracle,fifo+first_fit+none,J_slowdown,20,-0.7301884883,-1.051854543,-0.408522434,20,0,0
s2-80-user,shortest_estimate+topology_aware+easy_oracle,fifo+first_fit+none,J_wait,20,-0.7659325508,-1.01233211,-0.5195329918,20,0,0
s2-80-user,shortest_estimate+topology_aware+easy_oracle,fifo+first_fit+none,J_waste,20,-0.01290928222,-0.01721926381,-0.008599300619,19,0,1
s2-80-user,shortest_estimate+topology_aware+easy_oracle,fifo+first_fit+none,J_slo,20,-0.3064619205,-0.4380147626,-0.1749090785,20,0,0
s2-80-user,shortest_estimate+topology_aware+easy_oracle,fifo+first_fit+none,J_fairness,20,-0.04397205576,-0.06327389292,-0.02467021861,20,0,0
s2-80-user,shortest_estimate+topology_aware+easy_oracle,fifo+first_fit+none,wait_mean,20,-4498.190561,-6928.344368,-2068.036755,20,0,0
s2-80-user,shortest_estimate+topology_aware+easy_oracle,fifo+first_fit+none,wait_p95,20,-9712.15725,-12836.54628,-6587.768215,20,0,0
s2-80-user,shortest_estimate+topology_aware+easy_oracle,fifo+first_fit+none,wait_p99,20,-7144.8955,-9141.657854,-5148.133146,20,0,0
s2-80-user,shortest_estimate+topology_aware+easy_oracle,fifo+first_fit+none,jct_mean,20,-4508.703112,-6937.924878,-2079.481345,20,0,0
s2-80-user,shortest_estimate+topology_aware+easy_oracle,fifo+first_fit+none,jct_p95,20,-5684.54615,-8222.669119,-3146.423181,20,0,0
s2-80-user,shortest_estimate+topology_aware+easy_oracle,fifo+first_fit+none,bsld_mean,20,-7.708825792,-11.60961326,-3.808038329,20,0,0
s2-80-user,shortest_estimate+topology_aware+easy_oracle,fifo+first_fit+none,bsld_p95,20,-31.93516808,-46.00339796,-17.8669382,20,0,0
s2-80-user,shortest_estimate+topology_aware+easy_oracle,fifo+first_fit+none,bsld_p99,20,-75.32907539,-105.9167268,-44.74142401,20,0,0
s2-80-user,shortest_estimate+topology_aware+easy_oracle,fifo+first_fit+none,wflow_mean,20,-7.708825792,-11.60961326,-3.808038329,20,0,0
s2-80-user,shortest_estimate+topology_aware+easy_oracle,fifo+first_fit+none,wflow_sum_all,20,-15038.0696,-22458.24211,-7617.897098,20,0,0
s2-80-user,shortest_estimate+topology_aware+easy_oracle,fifo+first_fit+none,large_wait_mean,20,-3906.890367,-6051.378448,-1762.402285,20,0,0
s2-80-user,shortest_estimate+topology_aware+easy_oracle,fifo+first_fit+none,large_wait_p95,20,-5762.7916,-7708.952165,-3816.631035,20,0,0
s2-80-user,shortest_estimate+topology_aware+easy_oracle,fifo+first_fit+none,utilization,20,0.009204693962,-0.003464389751,0.02187377768,12,0,8
s2-80-user,shortest_estimate+topology_aware+easy_oracle,fifo+first_fit+none,frag_blocked_frac,20,-0.3471881526,-0.4047399831,-0.2896363221,20,0,0
s2-80-user,shortest_estimate+topology_aware+easy_oracle,fifo+first_fit+none,stranded_frac,20,-0.06323639039,-0.07876101469,-0.04771176609,20,0,0
s2-80-user,shortest_estimate+topology_aware+easy_oracle,fifo+first_fit+none,goodput_ratio,20,0.01290928222,0.008599300619,0.01721926381,19,0,1
s2-80-user,shortest_estimate+topology_aware+easy_oracle,fifo+first_fit+none,wasted_gpu_hours,20,-66.69971711,-92.95068623,-40.448748,19,0,1
s2-80-user,shortest_estimate+topology_aware+easy_oracle,fifo+first_fit+none,lost_gpu_hours,20,0,0,0,0,20,0
s2-80-user,shortest_estimate+topology_aware+easy_oracle,fifo+first_fit+none,overhead_gpu_hours,20,0,0,0,0,20,0
s2-80-user,shortest_estimate+topology_aware+easy_oracle,fifo+first_fit+none,topology_gpu_hours,20,-66.69968168,-92.95064546,-40.44871791,19,0,1
s2-80-user,shortest_estimate+topology_aware+easy_oracle,fifo+first_fit+none,slack_gpu_hours,20,-3.542828284e-05,-4.304444135e-05,-2.781212433e-05,20,0,0
s2-80-user,shortest_estimate+topology_aware+easy_oracle,fifo+first_fit+none,preemptions,20,0,0,0,0,20,0
s2-80-user,shortest_estimate+topology_aware+easy_oracle,fifo+first_fit+none,failure_kills,20,0,0,0,0,20,0
s2-80-user,shortest_estimate+topology_aware+easy_oracle,fifo+first_fit+none,node_downtime_gpu_hours,20,0,0,0,0,20,0
s2-80-user,shortest_estimate+topology_aware+easy_oracle,fifo+first_fit+none,jain_bsld,20,0.04397205576,0.02467021861,0.06327389292,20,0,0
s2-80-user,shortest_estimate+topology_aware+easy_oracle,fifo+first_fit+none,tenant_worst_best_ratio,20,-0.6067246399,-0.8051364298,-0.4083128499,20,0,0
s2-80-user,shortest_estimate+topology_aware+easy_oracle,fifo+first_fit+none,slo_attainment,20,0.3064619205,0.1749090785,0.4380147626,20,0,0
s2-80-user,shortest_estimate+topology_aware+easy_oracle,fifo+first_fit+none,makespan,20,-4885.19685,-7619.337979,-2151.055721,14,5,1
s2-80-user,shortest_estimate+topology_aware+easy_oracle,fifo+first_fit+none,reservations,20,192.35,160.8705626,223.8294374,0,0,20
s2-80-user,shortest_estimate+topology_aware+easy_oracle,fifo+first_fit+none,broken_reservations,20,45.05,35.38853133,54.71146867,0,0,20
s2-80-user,shortest_estimate+topology_aware+easy_oracle,fifo+first_fit+none,tenant_t0_bsld_mean,20,-8.0424051,-12.46867731,-3.616132889,20,0,0
s2-80-user,shortest_estimate+topology_aware+easy_oracle,fifo+first_fit+none,tenant_t0_bsld_p95,20,-34.85244259,-53.13570827,-16.56917691,20,0,0
s2-80-user,shortest_estimate+topology_aware+easy_oracle,fifo+first_fit+none,tenant_t1_bsld_mean,20,-7.327079872,-10.99169994,-3.662459804,20,0,0
s2-80-user,shortest_estimate+topology_aware+easy_oracle,fifo+first_fit+none,tenant_t1_bsld_p95,20,-29.67127365,-42.44345323,-16.89909407,20,0,0
s2-80-user,shortest_estimate+topology_aware+easy_oracle,fifo+first_fit+none,tenant_t2_bsld_mean,20,-8.096869913,-12.37758891,-3.816150922,20,0,0
s2-80-user,shortest_estimate+topology_aware+easy_oracle,fifo+first_fit+none,tenant_t2_bsld_p95,20,-33.57386799,-48.93910385,-18.20863214,20,0,0
s2-80-user,shortest_estimate+topology_aware+easy_oracle,fifo+first_fit+none,tenant_t3_bsld_mean,20,-6.998644693,-10.55629334,-3.44099605,20,0,0
s2-80-user,shortest_estimate+topology_aware+easy_oracle,fifo+first_fit+none,tenant_t3_bsld_p95,20,-28.57467339,-40.17942005,-16.96992672,20,0,0
s2-80-user,shortest_estimate+topology_aware+easy_oracle,fifo+first_fit+none,prio_1_wait_p95,20,-9732.94935,-12863.19791,-6602.700787,20,0,0
s2-80-user,shortest_estimate+topology_aware+easy_oracle,fifo+first_fit+none,prio_1_bsld_p95,20,-32.62832775,-47.6877083,-17.56894721,20,0,0
s2-80-user,shortest_estimate+topology_aware+easy_oracle,fifo+first_fit+none,prio_8_wait_p95,20,-9615.40145,-12775.06971,-6455.733189,20,0,0
s2-80-user,shortest_estimate+topology_aware+easy_predicted,fifo+first_fit+none,J,20,-1.857529968,-2.542664975,-1.172394961,20,0,0
s2-80-user,shortest_estimate+topology_aware+easy_predicted,fifo+first_fit+none,J_slowdown,20,-0.7297722695,-1.051817167,-0.407727372,20,0,0
s2-80-user,shortest_estimate+topology_aware+easy_predicted,fifo+first_fit+none,J_wait,20,-0.7618377328,-1.011450417,-0.5122250484,20,0,0
s2-80-user,shortest_estimate+topology_aware+easy_predicted,fifo+first_fit+none,J_waste,20,-0.01429510237,-0.01759865762,-0.01099154713,20,0,0
s2-80-user,shortest_estimate+topology_aware+easy_predicted,fifo+first_fit+none,J_slo,20,-0.3078273309,-0.4404756506,-0.1751790111,20,0,0
s2-80-user,shortest_estimate+topology_aware+easy_predicted,fifo+first_fit+none,J_fairness,20,-0.0437975322,-0.06321642618,-0.02437863821,20,0,0
s2-80-user,shortest_estimate+topology_aware+easy_predicted,fifo+first_fit+none,wait_mean,20,-4473.640693,-6905.083534,-2042.197853,20,0,0
s2-80-user,shortest_estimate+topology_aware+easy_predicted,fifo+first_fit+none,wait_p95,20,-9660.23425,-12825.36627,-6495.102228,20,0,0
s2-80-user,shortest_estimate+topology_aware+easy_predicted,fifo+first_fit+none,wait_p99,20,-6159.34795,-8328.500419,-3990.195481,20,0,0
s2-80-user,shortest_estimate+topology_aware+easy_predicted,fifo+first_fit+none,jct_mean,20,-4484.826308,-6915.661644,-2053.990972,20,0,0
s2-80-user,shortest_estimate+topology_aware+easy_predicted,fifo+first_fit+none,jct_p95,20,-5632.07425,-8245.693372,-3018.455128,20,0,0
s2-80-user,shortest_estimate+topology_aware+easy_predicted,fifo+first_fit+none,bsld_mean,20,-7.683933526,-11.58525097,-3.782616081,20,0,0
s2-80-user,shortest_estimate+topology_aware+easy_predicted,fifo+first_fit+none,bsld_p95,20,-31.91696454,-46.00176332,-17.83216575,20,0,0
s2-80-user,shortest_estimate+topology_aware+easy_predicted,fifo+first_fit+none,bsld_p99,20,-74.51211267,-104.9245409,-44.09968449,20,0,0
s2-80-user,shortest_estimate+topology_aware+easy_predicted,fifo+first_fit+none,wflow_mean,20,-7.683933526,-11.58525097,-3.782616081,20,0,0
s2-80-user,shortest_estimate+topology_aware+easy_predicted,fifo+first_fit+none,wflow_sum_all,20,-15000.08403,-22425.39628,-7574.771784,20,0,0
s2-80-user,shortest_estimate+topology_aware+easy_predicted,fifo+first_fit+none,large_wait_mean,20,-3763.58448,-5893.017768,-1634.151192,20,0,0
s2-80-user,shortest_estimate+topology_aware+easy_predicted,fifo+first_fit+none,large_wait_p95,20,-4821.18545,-6871.492227,-2770.878673,20,0,0
s2-80-user,shortest_estimate+topology_aware+easy_predicted,fifo+first_fit+none,utilization,20,0.005512532709,-0.005716736387,0.0167418018,10,0,10
s2-80-user,shortest_estimate+topology_aware+easy_predicted,fifo+first_fit+none,frag_blocked_frac,20,-0.3206226058,-0.3684013622,-0.2728438494,20,0,0
s2-80-user,shortest_estimate+topology_aware+easy_predicted,fifo+first_fit+none,stranded_frac,20,-0.06103731293,-0.07249003398,-0.04958459188,20,0,0
s2-80-user,shortest_estimate+topology_aware+easy_predicted,fifo+first_fit+none,goodput_ratio,20,0.01429510237,0.01099154713,0.01759865762,20,0,0
s2-80-user,shortest_estimate+topology_aware+easy_predicted,fifo+first_fit+none,wasted_gpu_hours,20,-70.48508389,-89.75563529,-51.21453249,20,0,0
s2-80-user,shortest_estimate+topology_aware+easy_predicted,fifo+first_fit+none,lost_gpu_hours,20,0,0,0,0,20,0
s2-80-user,shortest_estimate+topology_aware+easy_predicted,fifo+first_fit+none,overhead_gpu_hours,20,0,0,0,0,20,0
s2-80-user,shortest_estimate+topology_aware+easy_predicted,fifo+first_fit+none,topology_gpu_hours,20,-70.48504452,-89.7555906,-51.21449843,20,0,0
s2-80-user,shortest_estimate+topology_aware+easy_predicted,fifo+first_fit+none,slack_gpu_hours,20,-3.937373738e-05,-4.714912824e-05,-3.159834653e-05,20,0,0
s2-80-user,shortest_estimate+topology_aware+easy_predicted,fifo+first_fit+none,preemptions,20,0,0,0,0,20,0
s2-80-user,shortest_estimate+topology_aware+easy_predicted,fifo+first_fit+none,failure_kills,20,0,0,0,0,20,0
s2-80-user,shortest_estimate+topology_aware+easy_predicted,fifo+first_fit+none,node_downtime_gpu_hours,20,0,0,0,0,20,0
s2-80-user,shortest_estimate+topology_aware+easy_predicted,fifo+first_fit+none,jain_bsld,20,0.0437975322,0.02437863821,0.06321642618,20,0,0
s2-80-user,shortest_estimate+topology_aware+easy_predicted,fifo+first_fit+none,tenant_worst_best_ratio,20,-0.5945303304,-0.7995277375,-0.3895329232,19,0,1
s2-80-user,shortest_estimate+topology_aware+easy_predicted,fifo+first_fit+none,slo_attainment,20,0.3078273309,0.1751790111,0.4404756506,20,0,0
s2-80-user,shortest_estimate+topology_aware+easy_predicted,fifo+first_fit+none,makespan,20,-4338.3011,-8538.848896,-137.7533038,14,5,1
s2-80-user,shortest_estimate+topology_aware+easy_predicted,fifo+first_fit+none,reservations,20,175.85,147.0775696,204.6224304,0,0,20
s2-80-user,shortest_estimate+topology_aware+easy_predicted,fifo+first_fit+none,broken_reservations,20,101.6,81.83379335,121.3662067,0,0,20
s2-80-user,shortest_estimate+topology_aware+easy_predicted,fifo+first_fit+none,tenant_t0_bsld_mean,20,-8.023133348,-12.46839065,-3.577876049,20,0,0
s2-80-user,shortest_estimate+topology_aware+easy_predicted,fifo+first_fit+none,tenant_t0_bsld_p95,20,-34.87117053,-53.21777298,-16.52456809,20,0,0
s2-80-user,shortest_estimate+topology_aware+easy_predicted,fifo+first_fit+none,tenant_t1_bsld_mean,20,-7.29459715,-10.95019316,-3.639001144,20,0,0
s2-80-user,shortest_estimate+topology_aware+easy_predicted,fifo+first_fit+none,tenant_t1_bsld_p95,20,-29.62005591,-42.39070703,-16.84940478,20,0,0
s2-80-user,shortest_estimate+topology_aware+easy_predicted,fifo+first_fit+none,tenant_t2_bsld_mean,20,-8.077922625,-12.35163845,-3.804206802,20,0,0
s2-80-user,shortest_estimate+topology_aware+easy_predicted,fifo+first_fit+none,tenant_t2_bsld_p95,20,-33.48373512,-48.79856344,-18.16890681,20,0,0
s2-80-user,shortest_estimate+topology_aware+easy_predicted,fifo+first_fit+none,tenant_t3_bsld_mean,20,-6.964696087,-10.52547967,-3.403912506,20,0,0
s2-80-user,shortest_estimate+topology_aware+easy_predicted,fifo+first_fit+none,tenant_t3_bsld_p95,20,-28.59020977,-40.21442834,-16.96599119,20,0,0
s2-80-user,shortest_estimate+topology_aware+easy_predicted,fifo+first_fit+none,prio_1_wait_p95,20,-9650.41115,-12769.13801,-6531.684293,20,0,0
s2-80-user,shortest_estimate+topology_aware+easy_predicted,fifo+first_fit+none,prio_1_bsld_p95,20,-32.55269223,-47.59773633,-17.50764813,20,0,0
s2-80-user,shortest_estimate+topology_aware+easy_predicted,fifo+first_fit+none,prio_8_wait_p95,20,-9778.1962,-13092.22708,-6464.165315,20,0,0
s2-80-user,shortest_estimate+topology_aware+none,fifo+first_fit+none,J,20,-1.525364605,-2.107292763,-0.9434364472,20,0,0
s2-80-user,shortest_estimate+topology_aware+none,fifo+first_fit+none,J_slowdown,20,-0.6955065191,-1.01021625,-0.3807967881,20,0,0
s2-80-user,shortest_estimate+topology_aware+none,fifo+first_fit+none,J_wait,20,-0.5042351354,-0.6767858649,-0.331684406,20,0,0
s2-80-user,shortest_estimate+topology_aware+none,fifo+first_fit+none,J_waste,20,-0.01240652081,-0.01588631082,-0.008926730787,20,0,0
s2-80-user,shortest_estimate+topology_aware+none,fifo+first_fit+none,J_slo,20,-0.2695245235,-0.388681063,-0.150367984,20,0,0
s2-80-user,shortest_estimate+topology_aware+none,fifo+first_fit+none,J_fairness,20,-0.04369190605,-0.06389545495,-0.02348835715,20,0,0
s2-80-user,shortest_estimate+topology_aware+none,fifo+first_fit+none,wait_mean,20,-3808.889074,-5943.500052,-1674.278096,20,0,0
s2-80-user,shortest_estimate+topology_aware+none,fifo+first_fit+none,wait_p95,20,-6393.78875,-8581.761851,-4205.815649,20,0,0
s2-80-user,shortest_estimate+topology_aware+none,fifo+first_fit+none,wait_p99,20,3779.0512,-1176.482588,8734.584988,9,0,11
s2-80-user,shortest_estimate+topology_aware+none,fifo+first_fit+none,jct_mean,20,-3819.853374,-5953.627951,-1686.078798,20,0,0
s2-80-user,shortest_estimate+topology_aware+none,fifo+first_fit+none,jct_p95,20,-2986.93615,-4658.573358,-1315.298942,17,0,3
s2-80-user,shortest_estimate+topology_aware+none,fifo+first_fit+none,bsld_mean,20,-7.402861033,-11.22162563,-3.584096433,20,0,0
s2-80-user,shortest_estimate+topology_aware+none,fifo+first_fit+none,bsld_p95,20,-30.41833437,-44.18232588,-16.65434286,20,0,0
s2-80-user,shortest_estimate+topology_aware+none,fifo+first_fit+none,bsld_p99,20,-72.06339319,-102.1633178,-41.96346859,20,0,0
s2-80-user,shortest_estimate+topology_aware+none,fifo+first_fit+none,wflow_mean,20,-7.402861033,-11.22162563,-3.584096433,20,0,0
s2-80-user,shortest_estimate+topology_aware+none,fifo+first_fit+none,wflow_sum_all,20,-14465.95314,-21734.90517,-7197.001104,20,0,0
s2-80-user,shortest_estimate+topology_aware+none,fifo+first_fit+none,large_wait_mean,20,-3649.153061,-5733.039315,-1565.266807,20,0,0
s2-80-user,shortest_estimate+topology_aware+none,fifo+first_fit+none,large_wait_p95,20,-5006.96955,-6985.916935,-3028.022165,19,0,1
s2-80-user,shortest_estimate+topology_aware+none,fifo+first_fit+none,utilization,20,8.788729478e-05,-0.009008570468,0.009184345057,8,0,12
s2-80-user,shortest_estimate+topology_aware+none,fifo+first_fit+none,frag_blocked_frac,20,-0.1914547983,-0.2356700275,-0.1472395692,20,0,0
s2-80-user,shortest_estimate+topology_aware+none,fifo+first_fit+none,stranded_frac,20,-0.0404538627,-0.05092510338,-0.02998262203,20,0,0
s2-80-user,shortest_estimate+topology_aware+none,fifo+first_fit+none,goodput_ratio,20,0.01240652081,0.008926730787,0.01588631082,20,0,0
s2-80-user,shortest_estimate+topology_aware+none,fifo+first_fit+none,wasted_gpu_hours,20,-60.08763967,-76.67911445,-43.49616488,20,0,0
s2-80-user,shortest_estimate+topology_aware+none,fifo+first_fit+none,lost_gpu_hours,20,0,0,0,0,20,0
s2-80-user,shortest_estimate+topology_aware+none,fifo+first_fit+none,overhead_gpu_hours,20,0,0,0,0,20,0
s2-80-user,shortest_estimate+topology_aware+none,fifo+first_fit+none,topology_gpu_hours,20,-60.08760848,-76.67907708,-43.49613988,20,0,0
s2-80-user,shortest_estimate+topology_aware+none,fifo+first_fit+none,slack_gpu_hours,20,-3.118383839e-05,-3.936285465e-05,-2.300482214e-05,20,0,0
s2-80-user,shortest_estimate+topology_aware+none,fifo+first_fit+none,preemptions,20,0,0,0,0,20,0
s2-80-user,shortest_estimate+topology_aware+none,fifo+first_fit+none,failure_kills,20,0,0,0,0,20,0
s2-80-user,shortest_estimate+topology_aware+none,fifo+first_fit+none,node_downtime_gpu_hours,20,0,0,0,0,20,0
s2-80-user,shortest_estimate+topology_aware+none,fifo+first_fit+none,jain_bsld,20,0.04369190605,0.02348835715,0.06389545495,20,0,0
s2-80-user,shortest_estimate+topology_aware+none,fifo+first_fit+none,tenant_worst_best_ratio,20,-0.5908772759,-0.8122407683,-0.3695137834,20,0,0
s2-80-user,shortest_estimate+topology_aware+none,fifo+first_fit+none,slo_attainment,20,0.2695245235,0.150367984,0.388681063,20,0,0
s2-80-user,shortest_estimate+topology_aware+none,fifo+first_fit+none,makespan,20,-1941.189,-3950.573423,68.19542336,11,5,4
s2-80-user,shortest_estimate+topology_aware+none,fifo+first_fit+none,reservations,20,0,0,0,0,20,0
s2-80-user,shortest_estimate+topology_aware+none,fifo+first_fit+none,broken_reservations,20,0,0,0,0,20,0
s2-80-user,shortest_estimate+topology_aware+none,fifo+first_fit+none,tenant_t0_bsld_mean,20,-7.719320377,-12.05720964,-3.381431112,20,0,0
s2-80-user,shortest_estimate+topology_aware+none,fifo+first_fit+none,tenant_t0_bsld_p95,20,-33.2053971,-51.13264445,-15.27814975,20,0,0
s2-80-user,shortest_estimate+topology_aware+none,fifo+first_fit+none,tenant_t1_bsld_mean,20,-7.03489765,-10.62285119,-3.446944107,20,0,0
s2-80-user,shortest_estimate+topology_aware+none,fifo+first_fit+none,tenant_t1_bsld_p95,20,-28.22228937,-40.73418967,-15.71038906,20,0,0
s2-80-user,shortest_estimate+topology_aware+none,fifo+first_fit+none,tenant_t2_bsld_mean,20,-7.812244632,-12.02467245,-3.599816809,20,0,0
s2-80-user,shortest_estimate+topology_aware+none,fifo+first_fit+none,tenant_t2_bsld_p95,20,-32.19209666,-47.3162133,-17.06798001,20,0,0
s2-80-user,shortest_estimate+topology_aware+none,fifo+first_fit+none,tenant_t3_bsld_mean,20,-6.676131918,-10.16186797,-3.190395866,20,0,0
s2-80-user,shortest_estimate+topology_aware+none,fifo+first_fit+none,tenant_t3_bsld_p95,20,-26.96454462,-38.34675837,-15.58233086,20,0,0
s2-80-user,shortest_estimate+topology_aware+none,fifo+first_fit+none,prio_1_wait_p95,20,-6118.25335,-8290.735045,-3945.771655,20,0,0
s2-80-user,shortest_estimate+topology_aware+none,fifo+first_fit+none,prio_1_bsld_p95,20,-31.1092379,-45.96699502,-16.25148078,20,0,0
s2-80-user,shortest_estimate+topology_aware+none,fifo+first_fit+none,prio_8_wait_p95,20,-6603.6337,-8797.745046,-4409.522354,20,0,0
s2-95-exact,shortest_estimate+topology_aware+conservative,fifo+first_fit+none,J,20,-2.443096869,-2.908612494,-1.977581243,20,0,0
s2-95-exact,shortest_estimate+topology_aware+conservative,fifo+first_fit+none,J_slowdown,20,-0.7960293461,-0.9956543234,-0.5964043687,20,0,0
s2-95-exact,shortest_estimate+topology_aware+conservative,fifo+first_fit+none,J_wait,20,-0.8707808894,-1.079398551,-0.662163228,20,0,0
s2-95-exact,shortest_estimate+topology_aware+conservative,fifo+first_fit+none,J_waste,20,-0.004444152775,-0.006636402632,-0.002251902919,17,0,3
s2-95-exact,shortest_estimate+topology_aware+conservative,fifo+first_fit+none,J_slo,20,-0.7037892032,-0.8014196582,-0.6061587482,20,0,0
s2-95-exact,shortest_estimate+topology_aware+conservative,fifo+first_fit+none,J_fairness,20,-0.06805327722,-0.09153817988,-0.04456837456,19,0,1
s2-95-exact,shortest_estimate+topology_aware+conservative,fifo+first_fit+none,wait_mean,20,-14979.36779,-19362.10944,-10596.62614,20,0,0
s2-95-exact,shortest_estimate+topology_aware+conservative,fifo+first_fit+none,wait_p95,20,-25810.00495,-31993.44666,-19626.56324,20,0,0
s2-95-exact,shortest_estimate+topology_aware+conservative,fifo+first_fit+none,wait_p99,20,-18577.5655,-24207.34505,-12947.78595,20,0,0
s2-95-exact,shortest_estimate+topology_aware+conservative,fifo+first_fit+none,jct_mean,20,-14982.73048,-19366.30456,-10599.15639,20,0,0
s2-95-exact,shortest_estimate+topology_aware+conservative,fifo+first_fit+none,jct_p95,20,-20511.6212,-26001.06285,-15022.17955,20,0,0
s2-95-exact,shortest_estimate+topology_aware+conservative,fifo+first_fit+none,bsld_mean,20,-25.72002789,-32.51731274,-18.92274305,20,0,0
s2-95-exact,shortest_estimate+topology_aware+conservative,fifo+first_fit+none,bsld_p95,20,-102.3334366,-127.9961965,-76.67067673,20,0,0
s2-95-exact,shortest_estimate+topology_aware+conservative,fifo+first_fit+none,bsld_p99,20,-235.8983707,-293.0679001,-178.7288413,20,0,0
s2-95-exact,shortest_estimate+topology_aware+conservative,fifo+first_fit+none,wflow_mean,20,-25.72002789,-32.51731274,-18.92274305,20,0,0
s2-95-exact,shortest_estimate+topology_aware+conservative,fifo+first_fit+none,wflow_sum_all,20,-51376.41339,-64375.17523,-38377.65155,20,0,0
s2-95-exact,shortest_estimate+topology_aware+conservative,fifo+first_fit+none,large_wait_mean,20,-13694.07468,-17946.68953,-9441.459822,20,0,0
s2-95-exact,shortest_estimate+topology_aware+conservative,fifo+first_fit+none,large_wait_p95,20,-18672.81105,-24134.66304,-13210.95906,20,0,0
s2-95-exact,shortest_estimate+topology_aware+conservative,fifo+first_fit+none,utilization,20,0.06573597105,0.05591737628,0.07555456582,20,0,0
s2-95-exact,shortest_estimate+topology_aware+conservative,fifo+first_fit+none,frag_blocked_frac,20,-0.42954244,-0.4625002966,-0.3965845835,20,0,0
s2-95-exact,shortest_estimate+topology_aware+conservative,fifo+first_fit+none,stranded_frac,20,-0.04161294065,-0.05179159296,-0.03143428834,20,0,0
s2-95-exact,shortest_estimate+topology_aware+conservative,fifo+first_fit+none,goodput_ratio,20,0.004444152775,0.002251902919,0.006636402632,17,0,3
s2-95-exact,shortest_estimate+topology_aware+conservative,fifo+first_fit+none,wasted_gpu_hours,20,-24.10689544,-36.85647145,-11.35731944,17,0,3
s2-95-exact,shortest_estimate+topology_aware+conservative,fifo+first_fit+none,lost_gpu_hours,20,0,0,0,0,20,0
s2-95-exact,shortest_estimate+topology_aware+conservative,fifo+first_fit+none,overhead_gpu_hours,20,0,0,0,0,20,0
s2-95-exact,shortest_estimate+topology_aware+conservative,fifo+first_fit+none,topology_gpu_hours,20,-24.10687713,-36.8564483,-11.35730596,17,0,3
s2-95-exact,shortest_estimate+topology_aware+conservative,fifo+first_fit+none,slack_gpu_hours,20,-1.831111112e-05,-2.42945861e-05,-1.232763613e-05,19,0,1
s2-95-exact,shortest_estimate+topology_aware+conservative,fifo+first_fit+none,preemptions,20,0,0,0,0,20,0
s2-95-exact,shortest_estimate+topology_aware+conservative,fifo+first_fit+none,failure_kills,20,0,0,0,0,20,0
s2-95-exact,shortest_estimate+topology_aware+conservative,fifo+first_fit+none,node_downtime_gpu_hours,20,0,0,0,0,20,0
s2-95-exact,shortest_estimate+topology_aware+conservative,fifo+first_fit+none,jain_bsld,20,0.06805327722,0.04456837456,0.09153817988,19,0,1
s2-95-exact,shortest_estimate+topology_aware+conservative,fifo+first_fit+none,tenant_worst_best_ratio,20,-0.909574699,-1.153085215,-0.666064183,20,0,0
s2-95-exact,shortest_estimate+topology_aware+conservative,fifo+first_fit+none,slo_attainment,20,0.7037892032,0.6061587482,0.8014196582,20,0,0
s2-95-exact,shortest_estimate+topology_aware+conservative,fifo+first_fit+none,makespan,20,-12220.60535,-18347.02866,-6094.182038,18,0,2
s2-95-exact,shortest_estimate+topology_aware+conservative,fifo+first_fit+none,reservations,20,497.35,457.4499136,537.2500864,0,0,20
s2-95-exact,shortest_estimate+topology_aware+conservative,fifo+first_fit+none,broken_reservations,20,183.8,163.0469848,204.5530152,0,0,20
s2-95-exact,shortest_estimate+topology_aware+conservative,fifo+first_fit+none,tenant_t0_bsld_mean,20,-26.39529752,-34.6797908,-18.11080424,20,0,0
s2-95-exact,shortest_estimate+topology_aware+conservative,fifo+first_fit+none,tenant_t0_bsld_p95,20,-109.0284203,-144.3101316,-73.74670891,20,0,0
s2-95-exact,shortest_estimate+topology_aware+conservative,fifo+first_fit+none,tenant_t1_bsld_mean,20,-24.47653611,-31.11022754,-17.84284469,20,0,0
s2-95-exact,shortest_estimate+topology_aware+conservative,fifo+first_fit+none,tenant_t1_bsld_p95,20,-96.74588227,-121.8736027,-71.61816185,20,0,0
s2-95-exact,shortest_estimate+topology_aware+conservative,fifo+first_fit+none,tenant_t2_bsld_mean,20,-27.63626821,-36.24207686,-19.03045955,20,0,0
s2-95-exact,shortest_estimate+topology_aware+conservative,fifo+first_fit+none,tenant_t2_bsld_p95,20,-105.7077566,-135.9840894,-75.43142368,20,0,0
s2-95-exact,shortest_estimate+topology_aware+conservative,fifo+first_fit+none,tenant_t3_bsld_mean,20,-23.96463428,-30.9008045,-17.02846405,20,0,0
s2-95-exact,shortest_estimate+topology_aware+conservative,fifo+first_fit+none,tenant_t3_bsld_p95,20,-93.34591099,-120.0389199,-66.65290206,20,0,0
s2-95-exact,shortest_estimate+topology_aware+conservative,fifo+first_fit+none,prio_1_wait_p95,20,-25715.37395,-31905.02272,-19525.72518,20,0,0
s2-95-exact,shortest_estimate+topology_aware+conservative,fifo+first_fit+none,prio_1_bsld_p95,20,-102.9086498,-130.2499695,-75.56732999,20,0,0
s2-95-exact,shortest_estimate+topology_aware+conservative,fifo+first_fit+none,prio_8_wait_p95,20,-25543.4661,-31767.27335,-19319.65885,20,0,0
s2-95-exact,shortest_estimate+topology_aware+easy,fifo+first_fit+none,J,20,-2.451353884,-2.922208695,-1.980499073,20,0,0
s2-95-exact,shortest_estimate+topology_aware+easy,fifo+first_fit+none,J_slowdown,20,-0.7951647534,-0.994756009,-0.5955734977,20,0,0
s2-95-exact,shortest_estimate+topology_aware+easy,fifo+first_fit+none,J_wait,20,-0.8770514857,-1.089249668,-0.6648533035,20,0,0
s2-95-exact,shortest_estimate+topology_aware+easy,fifo+first_fit+none,J_waste,20,-0.00588940337,-0.008773083161,-0.00300572358,17,0,3
s2-95-exact,shortest_estimate+topology_aware+easy,fifo+first_fit+none,J_slo,20,-0.7053891424,-0.8040256224,-0.6067526625,20,0,0
s2-95-exact,shortest_estimate+topology_aware+easy,fifo+first_fit+none,J_fairness,20,-0.0678590991,-0.09133022446,-0.04438797375,20,0,0
s2-95-exact,shortest_estimate+topology_aware+easy,fifo+first_fit+none,wait_mean,20,-14977.33499,-19366.58108,-10588.0889,20,0,0
s2-95-exact,shortest_estimate+topology_aware+easy,fifo+first_fit+none,wait_p95,20,-25995.86585,-32285.43444,-19706.29726,20,0,0
s2-95-exact,shortest_estimate+topology_aware+easy,fifo+first_fit+none,wait_p99,20,-16878.02965,-23098.57762,-10657.48168,19,0,1
s2-95-exact,shortest_estimate+topology_aware+easy,fifo+first_fit+none,jct_mean,20,-14982.26738,-19372.39774,-10592.13701,20,0,0
s2-95-exact,shortest_estimate+topology_aware+easy,fifo+first_fit+none,jct_p95,20,-20698.352,-26265.44392,-15131.26008,20,0,0
s2-95-exact,shortest_estimate+topology_aware+easy,fifo+first_fit+none,bsld_mean,20,-25.71126989,-32.50738374,-18.91515605,20,0,0
s2-95-exact,shortest_estimate+topology_aware+easy,fifo+first_fit+none,bsld_p95,20,-102.222289,-127.8807138,-76.56386423,20,0,0
s2-95-exact,shortest_estimate+topology_aware+easy,fifo+first_fit+none,bsld_p99,20,-235.6335036,-292.6908929,-178.5761143,20,0,0
s2-95-exact,shortest_estimate+topology_aware+easy,fifo+first_fit+none,wflow_mean,20,-25.71126989,-32.50738374,-18.91515605,20,0,0
s2-95-exact,shortest_estimate+topology_aware+easy,fifo+first_fit+none,wflow_sum_all,20,-51367.80381,-64366.68444,-38368.92319,20,0,0
s2-95-exact,shortest_estimate+topology_aware+easy,fifo+first_fit+none,large_wait_mean,20,-13461.58311,-17685.70928,-9237.456937,20,0,0
s2-95-exact,shortest_estimate+topology_aware+easy,fifo+first_fit+none,large_wait_p95,20,-16242.77225,-22253.77025,-10231.77425,19,0,1
s2-95-exact,shortest_estimate+topology_aware+easy,fifo+first_fit+none,utilization,20,0.0603226714,0.05171246139,0.0689328814,20,0,0
s2-95-exact,shortest_estimate+topology_aware+easy,fifo+first_fit+none,frag_blocked_frac,20,-0.3931606031,-0.4314914871,-0.3548297191,20,0,0
s2-95-exact,shortest_estimate+topology_aware+easy,fifo+first_fit+none,stranded_frac,20,-0.03466569847,-0.04580507146,-0.02352632548,18,0,2
s2-95-exact,shortest_estimate+topology_aware+easy,fifo+first_fit+none,goodput_ratio,20,0.00588940337,0.00300572358,0.008773083161,17,0,3
s2-95-exact,shortest_estimate+topology_aware+easy,fifo+first_fit+none,wasted_gpu_hours,20,-33.78474611,-51.32055126,-16.24894096,17,0,3
s2-95-exact,shortest_estimate+topology_aware+easy,fifo+first_fit+none,lost_gpu_hours,20,0,0,0,0,20,0
s2-95-exact,shortest_estimate+topology_aware+easy,fifo+first_fit+none,overhead_gpu_hours,20,0,0,0,0,20,0
s2-95-exact,shortest_estimate+topology_aware+easy,fifo+first_fit+none,topology_gpu_hours,20,-33.78472875,-51.32053014,-16.24892737,17,0,3
s2-95-exact,shortest_estimate+topology_aware+easy,fifo+first_fit+none,slack_gpu_hours,20,-1.735757577e-05,-2.30135578e-05,-1.170159373e-05,18,0,2
s2-95-exact,shortest_estimate+topology_aware+easy,fifo+first_fit+none,preemptions,20,0,0,0,0,20,0
s2-95-exact,shortest_estimate+topology_aware+easy,fifo+first_fit+none,failure_kills,20,0,0,0,0,20,0
s2-95-exact,shortest_estimate+topology_aware+easy,fifo+first_fit+none,node_downtime_gpu_hours,20,0,0,0,0,20,0
s2-95-exact,shortest_estimate+topology_aware+easy,fifo+first_fit+none,jain_bsld,20,0.0678590991,0.04438797375,0.09133022446,20,0,0
s2-95-exact,shortest_estimate+topology_aware+easy,fifo+first_fit+none,tenant_worst_best_ratio,20,-0.8991735668,-1.142999099,-0.655348035,20,0,0
s2-95-exact,shortest_estimate+topology_aware+easy,fifo+first_fit+none,slo_attainment,20,0.7053891424,0.6067526625,0.8040256224,20,0,0
s2-95-exact,shortest_estimate+topology_aware+easy,fifo+first_fit+none,makespan,20,-13338.8581,-19676.51337,-7001.202831,18,0,2
s2-95-exact,shortest_estimate+topology_aware+easy,fifo+first_fit+none,reservations,20,297.9,281.0180556,314.7819444,0,0,20
s2-95-exact,shortest_estimate+topology_aware+easy,fifo+first_fit+none,broken_reservations,20,83.25,76.16541908,90.33458092,0,0,20
s2-95-exact,shortest_estimate+topology_aware+easy,fifo+first_fit+none,tenant_t0_bsld_mean,20,-26.38688597,-34.66829388,-18.10547806,20,0,0
s2-95-exact,shortest_estimate+topology_aware+easy,fifo+first_fit+none,tenant_t0_bsld_p95,20,-108.9347425,-144.2040655,-73.66541958,20,0,0
s2-95-exact,shortest_estimate+topology_aware+easy,fifo+first_fit+none,tenant_t1_bsld_mean,20,-24.46704919,-31.09737812,-17.83672026,20,0,0
s2-95-exact,shortest_estimate+topology_aware+easy,fifo+first_fit+none,tenant_t1_bsld_p95,20,-96.64192432,-121.7552064,-71.52864222,20,0,0
s2-95-exact,shortest_estimate+topology_aware+easy,fifo+first_fit+none,tenant_t2_bsld_mean,20,-27.63929347,-36.24063612,-19.03795082,20,0,0
s2-95-exact,shortest_estimate+topology_aware+easy,fifo+first_fit+none,tenant_t2_bsld_p95,20,-105.7124303,-135.9592622,-75.46559843,20,0,0
s2-95-exact,shortest_estimate+topology_aware+easy,fifo+first_fit+none,tenant_t3_bsld_mean,20,-23.93312243,-30.88038126,-16.98586359,20,0,0
s2-95-exact,shortest_estimate+topology_aware+easy,fifo+first_fit+none,tenant_t3_bsld_p95,20,-92.97260206,-119.7431561,-66.20204802,20,0,0
s2-95-exact,shortest_estimate+topology_aware+easy,fifo+first_fit+none,prio_1_wait_p95,20,-26001.77485,-32333.5943,-19669.9554,20,0,0
s2-95-exact,shortest_estimate+topology_aware+easy,fifo+first_fit+none,prio_1_bsld_p95,20,-102.8418307,-130.1882312,-75.49543014,20,0,0
s2-95-exact,shortest_estimate+topology_aware+easy,fifo+first_fit+none,prio_8_wait_p95,20,-25578.4372,-31938.26903,-19218.60537,20,0,0
s2-95-exact,shortest_estimate+topology_aware+easy_oracle,fifo+first_fit+none,J,20,-2.451353884,-2.922208695,-1.980499073,20,0,0
s2-95-exact,shortest_estimate+topology_aware+easy_oracle,fifo+first_fit+none,J_slowdown,20,-0.7951647534,-0.994756009,-0.5955734977,20,0,0
s2-95-exact,shortest_estimate+topology_aware+easy_oracle,fifo+first_fit+none,J_wait,20,-0.8770514857,-1.089249668,-0.6648533035,20,0,0
s2-95-exact,shortest_estimate+topology_aware+easy_oracle,fifo+first_fit+none,J_waste,20,-0.00588940337,-0.008773083161,-0.00300572358,17,0,3
s2-95-exact,shortest_estimate+topology_aware+easy_oracle,fifo+first_fit+none,J_slo,20,-0.7053891424,-0.8040256224,-0.6067526625,20,0,0
s2-95-exact,shortest_estimate+topology_aware+easy_oracle,fifo+first_fit+none,J_fairness,20,-0.0678590991,-0.09133022446,-0.04438797375,20,0,0
s2-95-exact,shortest_estimate+topology_aware+easy_oracle,fifo+first_fit+none,wait_mean,20,-14977.33499,-19366.58108,-10588.0889,20,0,0
s2-95-exact,shortest_estimate+topology_aware+easy_oracle,fifo+first_fit+none,wait_p95,20,-25995.86585,-32285.43444,-19706.29726,20,0,0
s2-95-exact,shortest_estimate+topology_aware+easy_oracle,fifo+first_fit+none,wait_p99,20,-16878.02965,-23098.57762,-10657.48168,19,0,1
s2-95-exact,shortest_estimate+topology_aware+easy_oracle,fifo+first_fit+none,jct_mean,20,-14982.26738,-19372.39774,-10592.13701,20,0,0
s2-95-exact,shortest_estimate+topology_aware+easy_oracle,fifo+first_fit+none,jct_p95,20,-20698.352,-26265.44392,-15131.26008,20,0,0
s2-95-exact,shortest_estimate+topology_aware+easy_oracle,fifo+first_fit+none,bsld_mean,20,-25.71126989,-32.50738374,-18.91515605,20,0,0
s2-95-exact,shortest_estimate+topology_aware+easy_oracle,fifo+first_fit+none,bsld_p95,20,-102.222289,-127.8807138,-76.56386423,20,0,0
s2-95-exact,shortest_estimate+topology_aware+easy_oracle,fifo+first_fit+none,bsld_p99,20,-235.6335036,-292.6908929,-178.5761143,20,0,0
s2-95-exact,shortest_estimate+topology_aware+easy_oracle,fifo+first_fit+none,wflow_mean,20,-25.71126989,-32.50738374,-18.91515605,20,0,0
s2-95-exact,shortest_estimate+topology_aware+easy_oracle,fifo+first_fit+none,wflow_sum_all,20,-51367.80381,-64366.68444,-38368.92319,20,0,0
s2-95-exact,shortest_estimate+topology_aware+easy_oracle,fifo+first_fit+none,large_wait_mean,20,-13461.58311,-17685.70928,-9237.456937,20,0,0
s2-95-exact,shortest_estimate+topology_aware+easy_oracle,fifo+first_fit+none,large_wait_p95,20,-16242.77225,-22253.77025,-10231.77425,19,0,1
s2-95-exact,shortest_estimate+topology_aware+easy_oracle,fifo+first_fit+none,utilization,20,0.0603226714,0.05171246139,0.0689328814,20,0,0
s2-95-exact,shortest_estimate+topology_aware+easy_oracle,fifo+first_fit+none,frag_blocked_frac,20,-0.3931606031,-0.4314914871,-0.3548297191,20,0,0
s2-95-exact,shortest_estimate+topology_aware+easy_oracle,fifo+first_fit+none,stranded_frac,20,-0.03466569847,-0.04580507146,-0.02352632548,18,0,2
s2-95-exact,shortest_estimate+topology_aware+easy_oracle,fifo+first_fit+none,goodput_ratio,20,0.00588940337,0.00300572358,0.008773083161,17,0,3
s2-95-exact,shortest_estimate+topology_aware+easy_oracle,fifo+first_fit+none,wasted_gpu_hours,20,-33.78474611,-51.32055126,-16.24894096,17,0,3
s2-95-exact,shortest_estimate+topology_aware+easy_oracle,fifo+first_fit+none,lost_gpu_hours,20,0,0,0,0,20,0
s2-95-exact,shortest_estimate+topology_aware+easy_oracle,fifo+first_fit+none,overhead_gpu_hours,20,0,0,0,0,20,0
s2-95-exact,shortest_estimate+topology_aware+easy_oracle,fifo+first_fit+none,topology_gpu_hours,20,-33.78472875,-51.32053014,-16.24892737,17,0,3
s2-95-exact,shortest_estimate+topology_aware+easy_oracle,fifo+first_fit+none,slack_gpu_hours,20,-1.735757577e-05,-2.30135578e-05,-1.170159373e-05,18,0,2
s2-95-exact,shortest_estimate+topology_aware+easy_oracle,fifo+first_fit+none,preemptions,20,0,0,0,0,20,0
s2-95-exact,shortest_estimate+topology_aware+easy_oracle,fifo+first_fit+none,failure_kills,20,0,0,0,0,20,0
s2-95-exact,shortest_estimate+topology_aware+easy_oracle,fifo+first_fit+none,node_downtime_gpu_hours,20,0,0,0,0,20,0
s2-95-exact,shortest_estimate+topology_aware+easy_oracle,fifo+first_fit+none,jain_bsld,20,0.0678590991,0.04438797375,0.09133022446,20,0,0
s2-95-exact,shortest_estimate+topology_aware+easy_oracle,fifo+first_fit+none,tenant_worst_best_ratio,20,-0.8991735668,-1.142999099,-0.655348035,20,0,0
s2-95-exact,shortest_estimate+topology_aware+easy_oracle,fifo+first_fit+none,slo_attainment,20,0.7053891424,0.6067526625,0.8040256224,20,0,0
s2-95-exact,shortest_estimate+topology_aware+easy_oracle,fifo+first_fit+none,makespan,20,-13338.8581,-19676.51337,-7001.202831,18,0,2
s2-95-exact,shortest_estimate+topology_aware+easy_oracle,fifo+first_fit+none,reservations,20,297.9,281.0180556,314.7819444,0,0,20
s2-95-exact,shortest_estimate+topology_aware+easy_oracle,fifo+first_fit+none,broken_reservations,20,83.25,76.16541908,90.33458092,0,0,20
s2-95-exact,shortest_estimate+topology_aware+easy_oracle,fifo+first_fit+none,tenant_t0_bsld_mean,20,-26.38688597,-34.66829388,-18.10547806,20,0,0
s2-95-exact,shortest_estimate+topology_aware+easy_oracle,fifo+first_fit+none,tenant_t0_bsld_p95,20,-108.9347425,-144.2040655,-73.66541958,20,0,0
s2-95-exact,shortest_estimate+topology_aware+easy_oracle,fifo+first_fit+none,tenant_t1_bsld_mean,20,-24.46704919,-31.09737812,-17.83672026,20,0,0
s2-95-exact,shortest_estimate+topology_aware+easy_oracle,fifo+first_fit+none,tenant_t1_bsld_p95,20,-96.64192432,-121.7552064,-71.52864222,20,0,0
s2-95-exact,shortest_estimate+topology_aware+easy_oracle,fifo+first_fit+none,tenant_t2_bsld_mean,20,-27.63929347,-36.24063612,-19.03795082,20,0,0
s2-95-exact,shortest_estimate+topology_aware+easy_oracle,fifo+first_fit+none,tenant_t2_bsld_p95,20,-105.7124303,-135.9592622,-75.46559843,20,0,0
s2-95-exact,shortest_estimate+topology_aware+easy_oracle,fifo+first_fit+none,tenant_t3_bsld_mean,20,-23.93312243,-30.88038126,-16.98586359,20,0,0
s2-95-exact,shortest_estimate+topology_aware+easy_oracle,fifo+first_fit+none,tenant_t3_bsld_p95,20,-92.97260206,-119.7431561,-66.20204802,20,0,0
s2-95-exact,shortest_estimate+topology_aware+easy_oracle,fifo+first_fit+none,prio_1_wait_p95,20,-26001.77485,-32333.5943,-19669.9554,20,0,0
s2-95-exact,shortest_estimate+topology_aware+easy_oracle,fifo+first_fit+none,prio_1_bsld_p95,20,-102.8418307,-130.1882312,-75.49543014,20,0,0
s2-95-exact,shortest_estimate+topology_aware+easy_oracle,fifo+first_fit+none,prio_8_wait_p95,20,-25578.4372,-31938.26903,-19218.60537,20,0,0
s2-95-exact,shortest_estimate+topology_aware+easy_predicted,fifo+first_fit+none,J,20,-2.448792947,-2.920431852,-1.977154042,20,0,0
s2-95-exact,shortest_estimate+topology_aware+easy_predicted,fifo+first_fit+none,J_slowdown,20,-0.794953382,-0.9945371435,-0.5953696204,20,0,0
s2-95-exact,shortest_estimate+topology_aware+easy_predicted,fifo+first_fit+none,J_wait,20,-0.8773777585,-1.090776356,-0.6639791615,20,0,0
s2-95-exact,shortest_estimate+topology_aware+easy_predicted,fifo+first_fit+none,J_waste,20,-0.003739402546,-0.005866357069,-0.001612448024,14,0,6
s2-95-exact,shortest_estimate+topology_aware+easy_predicted,fifo+first_fit+none,J_slo,20,-0.7058203225,-0.804488469,-0.6071521759,20,0,0
s2-95-exact,shortest_estimate+topology_aware+easy_predicted,fifo+first_fit+none,J_fairness,20,-0.06690208135,-0.09102027445,-0.04278388825,19,0,1
s2-95-exact,shortest_estimate+topology_aware+easy_predicted,fifo+first_fit+none,wait_mean,20,-14952.32417,-19347.54651,-10557.10183,20,0,0
s2-95-exact,shortest_estimate+topology_aware+easy_predicted,fifo+first_fit+none,wait_p95,20,-26005.5366,-32330.68557,-19680.38763,20,0,0
s2-95-exact,shortest_estimate+topology_aware+easy_predicted,fifo+first_fit+none,wait_p99,20,-16468.7466,-23024.21258,-9913.280616,19,0,1
s2-95-exact,shortest_estimate+topology_aware+easy_predicted,fifo+first_fit+none,jct_mean,20,-14955.14723,-19350.30673,-10559.98772,20,0,0
s2-95-exact,shortest_estimate+topology_aware+easy_predicted,fifo+first_fit+none,jct_p95,20,-20681.03285,-26304.96739,-15057.09831,20,0,0
s2-95-exact,shortest_estimate+topology_aware+easy_predicted,fifo+first_fit+none,bsld_mean,20,-25.70710397,-32.50553316,-18.90867478,20,0,0
s2-95-exact,shortest_estimate+topology_aware+easy_predicted,fifo+first_fit+none,bsld_p95,20,-102.1951162,-127.8525776,-76.53765481,20,0,0
s2-95-exact,shortest_estimate+topology_aware+easy_predicted,fifo+first_fit+none,bsld_p99,20,-235.1871062,-292.3267042,-178.0475082,20,0,0
s2-95-exact,shortest_estimate+topology_aware+easy_predicted,fifo+first_fit+none,wflow_mean,20,-25.70710397,-32.50553316,-18.90867478,20,0,0
s2-95-exact,shortest_estimate+topology_aware+easy_predicted,fifo+first_fit+none,wflow_sum_all,20,-51362.65194,-64364.76368,-38360.54019,20,0,0
s2-95-exact,shortest_estimate+topology_aware+easy_predicted,fifo+first_fit+none,large_wait_mean,20,-13341.16089,-17592.66149,-9089.660282,20,0,0
s2-95-exact,shortest_estimate+topology_aware+easy_predicted,fifo+first_fit+none,large_wait_p95,20,-16208.9033,-22668.04942,-9749.75718,19,0,1
s2-95-exact,shortest_estimate+topology_aware+easy_predicted,fifo+first_fit+none,utilization,20,0.05771009638,0.04757780805,0.0678423847,20,0,0
s2-95-exact,shortest_estimate+topology_aware+easy_predicted,fifo+first_fit+none,frag_blocked_frac,20,-0.3746336328,-0.4133558062,-0.3359114594,20,0,0
s2-95-exact,shortest_estimate+topology_aware+easy_predicted,fifo+first_fit+none,stranded_frac,20,-0.03370672742,-0.04509887179,-0.02231458305,19,0,1
s2-95-exact,shortest_estimate+topology_aware+easy_predicted,fifo+first_fit+none,goodput_ratio,20,0.003739402546,0.001612448024,0.005866357069,14,0,6
s2-95-exact,shortest_estimate+topology_aware+easy_predicted,fifo+first_fit+none,wasted_gpu_hours,20,-17.99398689,-27.4257184,-8.562255379,14,0,6
s2-95-exact,shortest_estimate+topology_aware+easy_predicted,fifo+first_fit+none,lost_gpu_hours,20,0,0,0,0,20,0
s2-95-exact,shortest_estimate+topology_aware+easy_predicted,fifo+first_fit+none,overhead_gpu_hours,20,0,0,0,0,20,0
s2-95-exact,shortest_estimate+topology_aware+easy_predicted,fifo+first_fit+none,topology_gpu_hours,20,-17.99397092,-27.42569947,-8.562242367,14,0,6
s2-95-exact,shortest_estimate+topology_aware+easy_predicted,fifo+first_fit+none,slack_gpu_hours,20,-1.597171718e-05,-2.172232024e-05,-1.022111412e-05,17,0,3
s2-95-exact,shortest_estimate+topology_aware+easy_predicted,fifo+first_fit+none,preemptions,20,0,0,0,0,20,0
s2-95-exact,shortest_estimate+topology_aware+easy_predicted,fifo+first_fit+none,failure_kills,20,0,0,0,0,20,0
s2-95-exact,shortest_estimate+topology_aware+easy_predicted,fifo+first_fit+none,node_downtime_gpu_hours,20,0,0,0,0,20,0
s2-95-exact,shortest_estimate+topology_aware+easy_predicted,fifo+first_fit+none,jain_bsld,20,0.06690208135,0.04278388825,0.09102027445,19,0,1
s2-95-exact,shortest_estimate+topology_aware+easy_predicted,fifo+first_fit+none,tenant_worst_best_ratio,20,-0.894042043,-1.142881061,-0.6452030246,19,0,1
s2-95-exact,shortest_estimate+topology_aware+easy_predicted,fifo+first_fit+none,slo_attainment,20,0.7058203225,0.6071521759,0.804488469,20,0,0
s2-95-exact,shortest_estimate+topology_aware+easy_predicted,fifo+first_fit+none,makespan,20,-12861.7873,-19286.28516,-6437.289437,18,0,2
s2-95-exact,shortest_estimate+topology_aware+easy_predicted,fifo+first_fit+none,reservations,20,287.2,270.3579144,304.0420856,0,0,20
s2-95-exact,shortest_estimate+topology_aware+easy_predicted,fifo+first_fit+none,broken_reservations,20,142.65,133.4345936,151.8654064,0,0,20
s2-95-exact,shortest_estimate+topology_aware+easy_predicted,fifo+first_fit+none,tenant_t0_bsld_mean,20,-26.38361946,-34.67136371,-18.09587521,20,0,0
s2-95-exact,shortest_estimate+topology_aware+easy_predicted,fifo+first_fit+none,tenant_t0_bsld_p95,20,-108.8722019,-144.1836339,-73.56076993,20,0,0
s2-95-exact,shortest_estimate+topology_aware+easy_predicted,fifo+first_fit+none,tenant_t1_bsld_mean,20,-24.4745338,-31.10662392,-17.84244367,20,0,0
s2-95-exact,shortest_estimate+topology_aware+easy_predicted,fifo+first_fit+none,tenant_t1_bsld_p95,20,-96.62576339,-121.7649358,-71.48659099,20,0,0
s2-95-exact,shortest_estimate+topology_aware+easy_predicted,fifo+first_fit+none,tenant_t2_bsld_mean,20,-27.62251154,-36.22712864,-19.01789444,20,0,0
s2-95-exact,shortest_estimate+topology_aware+easy_predicted,fifo+first_fit+none,tenant_t2_bsld_p95,20,-105.6091456,-135.8890685,-75.32922271,20,0,0
s2-95-exact,shortest_estimate+topology_aware+easy_predicted,fifo+first_fit+none,tenant_t3_bsld_mean,20,-23.91525543,-30.8496947,-16.98081617,20,0,0
s2-95-exact,shortest_estimate+topology_aware+easy_predicted,fifo+first_fit+none,tenant_t3_bsld_p95,20,-92.87718705,-119.58218,-66.17219412,20,0,0
s2-95-exact,shortest_estimate+topology_aware+easy_predicted,fifo+first_fit+none,prio_1_wait_p95,20,-26021.6131,-32362.2092,-19681.017,20,0,0
s2-95-exact,shortest_estimate+topology_aware+easy_predicted,fifo+first_fit+none,prio_1_bsld_p95,20,-102.8139551,-130.15747,-75.47044012,20,0,0
s2-95-exact,shortest_estimate+topology_aware+easy_predicted,fifo+first_fit+none,prio_8_wait_p95,20,-25610.49695,-32041.0794,-19179.9145,20,0,0
s2-95-exact,shortest_estimate+topology_aware+none,fifo+first_fit+none,J,20,-2.237862528,-2.68570874,-1.790016316,20,0,0
s2-95-exact,shortest_estimate+topology_aware+none,fifo+first_fit+none,J_slowdown,20,-0.7888046929,-0.9879378281,-0.5896715577,20,0,0
s2-95-exact,shortest_estimate+topology_aware+none,fifo+first_fit+none,J_wait,20,-0.723349503,-0.9183358441,-0.5283631618,20,0,0
s2-95-exact,shortest_estimate+topology_aware+none,fifo+first_fit+none,J_waste,20,-0.007591471681,-0.01010609317,-0.005076850191,20,0,0
s2-95-exact,shortest_estimate+topology_aware+none,fifo+first_fit+none,J_slo,20,-0.6502080254,-0.7450910773,-0.5553249735,20,0,0
s2-95-exact,shortest_estimate+topology_aware+none,fifo+first_fit+none,J_fairness,20,-0.06790883475,-0.09164252898,-0.04417514052,20,0,0
s2-95-exact,shortest_estimate+topology_aware+none,fifo+first_fit+none,wait_mean,20,-13845.45629,-18062.19536,-9628.717231,20,0,0
s2-95-exact,shortest_estimate+topology_aware+none,fifo+first_fit+none,wait_p95,20,-21440.1286,-27219.53705,-15660.72015,20,0,0
s2-95-exact,shortest_estimate+topology_aware+none,fifo+first_fit+none,wait_p99,20,2138.3399,-5492.893816,9769.573616,11,0,9
s2-95-exact,shortest_estimate+topology_aware+none,fifo+first_fit+none,jct_mean,20,-13852.59356,-18070.29311,-9634.894005,20,0,0
s2-95-exact,shortest_estimate+topology_aware+none,fifo+first_fit+none,jct_p95,20,-16938.90245,-22194.247,-11683.5579,20,0,0
s2-95-exact,shortest_estimate+topology_aware+none,fifo+first_fit+none,bsld_mean,20,-25.44561954,-32.23085453,-18.66038455,20,0,0
s2-95-exact,shortest_estimate+topology_aware+none,fifo+first_fit+none,bsld_p95,20,-101.4046724,-127.0042035,-75.80514118,20,0,0
s2-95-exact,shortest_estimate+topology_aware+none,fifo+first_fit+none,bsld_p99,20,-234.5319628,-291.6534345,-177.4104912,20,0,0
s2-95-exact,shortest_estimate+topology_aware+none,fifo+first_fit+none,wflow_mean,20,-25.44561954,-32.23085453,-18.66038455,20,0,0
s2-95-exact,shortest_estimate+topology_aware+none,fifo+first_fit+none,wflow_sum_all,20,-50863.07021,-63832.86189,-37893.27854,20,0,0
s2-95-exact,shortest_estimate+topology_aware+none,fifo+first_fit+none,large_wait_mean,20,-13587.42166,-17792.3571,-9382.486219,20,0,0
s2-95-exact,shortest_estimate+topology_aware+none,fifo+first_fit+none,large_wait_p95,20,-19462.0824,-24655.47138,-14268.69342,20,0,0
s2-95-exact,shortest_estimate+topology_aware+none,fifo+first_fit+none,utilization,20,0.04040026825,0.03224226434,0.04855827215,20,0,0
s2-95-exact,shortest_estimate+topology_aware+none,fifo+first_fit+none,frag_blocked_frac,20,-0.2177446455,-0.2508495784,-0.1846397126,20,0,0
s2-95-exact,shortest_estimate+topology_aware+none,fifo+first_fit+none,stranded_frac,20,-0.02278560762,-0.03039541654,-0.0151757987,19,0,1
s2-95-exact,shortest_estimate+topology_aware+none,fifo+first_fit+none,goodput_ratio,20,0.007591471681,0.005076850191,0.01010609317,20,0,0
s2-95-exact,shortest_estimate+topology_aware+none,fifo+first_fit+none,wasted_gpu_hours,20,-39.695278,-56.58816746,-22.80238854,20,0,0
s2-95-exact,shortest_estimate+topology_aware+none,fifo+first_fit+none,lost_gpu_hours,20,0,0,0,0,20,0
s2-95-exact,shortest_estimate+topology_aware+none,fifo+first_fit+none,overhead_gpu_hours,20,0,0,0,0,20,0
s2-95-exact,shortest_estimate+topology_aware+none,fifo+first_fit+none,topology_gpu_hours,20,-39.69526087,-56.58814642,-22.80237531,20,0,0
s2-95-exact,shortest_estimate+topology_aware+none,fifo+first_fit+none,slack_gpu_hours,20,-1.713333334e-05,-2.25087611e-05,-1.175790559e-05,19,0,1
s2-95-exact,shortest_estimate+topology_aware+none,fifo+first_fit+none,preemptions,20,0,0,0,0,20,0
s2-95-exact,shortest_estimate+topology_aware+none,fifo+first_fit+none,failure_kills,20,0,0,0,0,20,0
s2-95-exact,shortest_estimate+topology_aware+none,fifo+first_fit+none,node_downtime_gpu_hours,20,0,0,0,0,20,0
s2-95-exact,shortest_estimate+topology_aware+none,fifo+first_fit+none,jain_bsld,20,0.06790883475,0.04417514052,0.09164252898,20,0,0
s2-95-exact,shortest_estimate+topology_aware+none,fifo+first_fit+none,tenant_worst_best_ratio,20,-0.8978797902,-1.151371517,-0.6443880633,20,0,0
s2-95-exact,shortest_estimate+topology_aware+none,fifo+first_fit+none,slo_attainment,20,0.6502080254,0.5553249735,0.7450910773,20,0,0
s2-95-exact,shortest_estimate+topology_aware+none,fifo+first_fit+none,makespan,20,981.5497,-8017.179694,9980.279094,12,0,8
s2-95-exact,shortest_estimate+topology_aware+none,fifo+first_fit+none,reservations,20,0,0,0,0,20,0
s2-95-exact,shortest_estimate+topology_aware+none,fifo+first_fit+none,broken_reservations,20,0,0,0,0,20,0
s2-95-exact,shortest_estimate+topology_aware+none,fifo+first_fit+none,tenant_t0_bsld_mean,20,-26.12302952,-34.40715735,-17.83890169,20,0,0
s2-95-exact,shortest_estimate+topology_aware+none,fifo+first_fit+none,tenant_t0_bsld_p95,20,-108.1475986,-143.3944845,-72.90071261,20,0,0
s2-95-exact,shortest_estimate+topology_aware+none,fifo+first_fit+none,tenant_t1_bsld_mean,20,-24.18712098,-30.80421878,-17.57002319,20,0,0
s2-95-exact,shortest_estimate+topology_aware+none,fifo+first_fit+none,tenant_t1_bsld_p95,20,-95.69465739,-120.8037143,-70.5856005,20,0,0
s2-95-exact,shortest_estimate+topology_aware+none,fifo+first_fit+none,tenant_t2_bsld_mean,20,-27.38464384,-35.98196183,-18.78732585,20,0,0
s2-95-exact,shortest_estimate+topology_aware+none,fifo+first_fit+none,tenant_t2_bsld_p95,20,-104.7617168,-135.0217137,-74.50171984,20,0,0
s2-95-exact,shortest_estimate+topology_aware+none,fifo+first_fit+none,tenant_t3_bsld_mean,20,-23.68559786,-30.63547271,-16.73572302,20,0,0
s2-95-exact,shortest_estimate+topology_aware+none,fifo+first_fit+none,tenant_t3_bsld_p95,20,-92.42790136,-119.1158541,-65.73994867,20,0,0
s2-95-exact,shortest_estimate+topology_aware+none,fifo+first_fit+none,prio_1_wait_p95,20,-20978.6123,-26578.60583,-15378.61877,20,0,0
s2-95-exact,shortest_estimate+topology_aware+none,fifo+first_fit+none,prio_1_bsld_p95,20,-101.949278,-129.229483,-74.66907313,20,0,0
s2-95-exact,shortest_estimate+topology_aware+none,fifo+first_fit+none,prio_8_wait_p95,20,-21202.533,-27334.45484,-15070.61116,20,0,0
s2-95-lognormal,shortest_estimate+topology_aware+conservative,fifo+first_fit+none,J,20,-2.426256187,-2.889944739,-1.962567635,20,0,0
s2-95-lognormal,shortest_estimate+topology_aware+conservative,fifo+first_fit+none,J_slowdown,20,-0.7938221322,-0.992943113,-0.5947011515,20,0,0
s2-95-lognormal,shortest_estimate+topology_aware+conservative,fifo+first_fit+none,J_wait,20,-0.8588335502,-1.066591443,-0.6510756573,20,0,0
s2-95-lognormal,shortest_estimate+topology_aware+conservative,fifo+first_fit+none,J_waste,20,-0.006926759142,-0.01016823528,-0.003685283004,17,0,3
s2-95-lognormal,shortest_estimate+topology_aware+conservative,fifo+first_fit+none,J_slo,20,-0.6992327462,-0.7960211096,-0.6024443828,20,0,0
s2-95-lognormal,shortest_estimate+topology_aware+conservative,fifo+first_fit+none,J_fairness,20,-0.06744099899,-0.09079134005,-0.04409065793,20,0,0
s2-95-lognormal,shortest_estimate+topology_aware+conservative,fifo+first_fit+none,wait_mean,20,-14821.19494,-19156.6643,-10485.72558,20,0,0
s2-95-lognormal,shortest_estimate+topology_aware+conservative,fifo+first_fit+none,wait_p95,20,-25455.885,-31613.84311,-19297.92689,20,0,0
s2-95-lognormal,shortest_estimate+topology_aware+conservative,fifo+first_fit+none,wait_p99,20,-12818.2942,-18383.38699,-7253.201409,19,0,1
s2-95-lognormal,shortest_estimate+topology_aware+conservative,fifo+first_fit+none,jct_mean,20,-14826.62099,-19162.54421,-10490.69777,20,0,0
s2-95-lognormal,shortest_estimate+topology_aware+conservative,fifo+first_fit+none,jct_p95,20,-20203.29215,-25600.9565,-14805.6278,20,0,0
s2-95-lognormal,shortest_estimate+topology_aware+conservative,fifo+first_fit+none,bsld_mean,20,-25.66419718,-32.45098831,-18.87740606,20,0,0
s2-95-lognormal,shortest_estimate+topology_aware+conservative,fifo+first_fit+none,bsld_p95,20,-102.0496886,-127.6476572,-76.45171988,20,0,0
s2-95-lognormal,shortest_estimate+topology_aware+conservative,fifo+first_fit+none,bsld_p99,20,-234.3679135,-291.3855617,-177.3502652,20,0,0
s2-95-lognormal,shortest_estimate+topology_aware+conservative,fifo+first_fit+none,wflow_mean,20,-25.66419718,-32.45098831,-18.87740606,20,0,0
s2-95-lognormal,shortest_estimate+topology_aware+conservative,fifo+first_fit+none,wflow_sum_all,20,-51288.85599,-64267.5613,-38310.15067,20,0,0
s2-95-lognormal,shortest_estimate+topology_aware+conservative,fifo+first_fit+none,large_wait_mean,20,-13101.48492,-17138.05576,-9064.91408,20,0,0
s2-95-lognormal,shortest_estimate+topology_aware+conservative,fifo+first_fit+none,large_wait_p95,20,-13871.7408,-18758.7514,-8984.730202,20,0,0
s2-95-lognormal,shortest_estimate+topology_aware+conservative,fifo+first_fit+none,utilization,20,0.05904772852,0.04993537268,0.06816008437,20,0,0
s2-95-lognormal,shortest_estimate+topology_aware+conservative,fifo+first_fit+none,frag_blocked_frac,20,-0.4036430719,-0.4326646869,-0.3746214568,20,0,0
s2-95-lognormal,shortest_estimate+topology_aware+conservative,fifo+first_fit+none,stranded_frac,20,-0.04691821071,-0.0553149507,-0.03852147072,19,0,1
s2-95-lognormal,shortest_estimate+topology_aware+conservative,fifo+first_fit+none,goodput_ratio,20,0.006926759142,0.003685283004,0.01016823528,17,0,3
s2-95-lognormal,shortest_estimate+topology_aware+conservative,fifo+first_fit+none,wasted_gpu_hours,20,-36.44677267,-55.80716875,-17.08637659,17,0,3
s2-95-lognormal,shortest_estimate+topology_aware+conservative,fifo+first_fit+none,lost_gpu_hours,20,0,0,0,0,20,0
s2-95-lognormal,shortest_estimate+topology_aware+conservative,fifo+first_fit+none,overhead_gpu_hours,20,0,0,0,0,20,0
s2-95-lognormal,shortest_estimate+topology_aware+conservative,fifo+first_fit+none,topology_gpu_hours,20,-36.44675056,-55.80714127,-17.08635985,17,0,3
s2-95-lognormal,shortest_estimate+topology_aware+conservative,fifo+first_fit+none,slack_gpu_hours,20,-2.210707071e-05,-3.032050095e-05,-1.389364047e-05,19,0,1
s2-95-lognormal,shortest_estimate+topology_aware+conservative,fifo+first_fit+none,preemptions,20,0,0,0,0,20,0
s2-95-lognormal,shortest_estimate+topology_aware+conservative,fifo+first_fit+none,failure_kills,20,0,0,0,0,20,0
s2-95-lognormal,shortest_estimate+topology_aware+conservative,fifo+first_fit+none,node_downtime_gpu_hours,20,0,0,0,0,20,0
s2-95-lognormal,shortest_estimate+topology_aware+conservative,fifo+first_fit+none,jain_bsld,20,0.06744099899,0.04409065793,0.09079134005,20,0,0
s2-95-lognormal,shortest_estimate+topology_aware+conservative,fifo+first_fit+none,tenant_worst_best_ratio,20,-0.8851597411,-1.130692684,-0.6396267982,20,0,0
s2-95-lognormal,shortest_estimate+topology_aware+conservative,fifo+first_fit+none,slo_attainment,20,0.6992327462,0.6024443828,0.7960211096,20,0,0
s2-95-lognormal,shortest_estimate+topology_aware+conservative,fifo+first_fit+none,makespan,20,-12884.6442,-19213.10622,-6556.182176,17,0,3
s2-95-lognormal,shortest_estimate+topology_aware+conservative,fifo+first_fit+none,reservations,20,465.3,425.4748672,505.1251328,0,0,20
s2-95-lognormal,shortest_estimate+topology_aware+conservative,fifo+first_fit+none,broken_reservations,20,400.55,362.9725478,438.1274522,0,0,20
s2-95-lognormal,shortest_estimate+topology_aware+conservative,fifo+first_fit+none,tenant_t0_bsld_mean,20,-26.33016624,-34.60619499,-18.05413749,20,0,0
s2-95-lognormal,shortest_estimate+topology_aware+conservative,fifo+first_fit+none,tenant_t0_bsld_p95,20,-108.7539035,-143.9986853,-73.50912171,20,0,0
s2-95-lognormal,shortest_estimate+topology_aware+conservative,fifo+first_fit+none,tenant_t1_bsld_mean,20,-24.41292505,-31.02988679,-17.79596331,20,0,0
s2-95-lognormal,shortest_estimate+topology_aware+conservative,fifo+first_fit+none,tenant_t1_bsld_p95,20,-96.27734819,-121.2608359,-71.29386043,20,0,0
s2-95-lognormal,shortest_estimate+topology_aware+conservative,fifo+first_fit+none,tenant_t2_bsld_mean,20,-27.60315265,-36.21392904,-18.99237626,20,0,0
s2-95-lognormal,shortest_estimate+topology_aware+conservative,fifo+first_fit+none,tenant_t2_bsld_p95,20,-105.5578081,-135.8745405,-75.2410758,20,0,0
s2-95-lognormal,shortest_estimate+topology_aware+conservative,fifo+first_fit+none,tenant_t3_bsld_mean,20,-23.92876988,-30.86839455,-16.98914521,20,0,0
s2-95-lognormal,shortest_estimate+topology_aware+conservative,fifo+first_fit+none,tenant_t3_bsld_p95,20,-93.26717562,-119.9624604,-66.57189084,20,0,0
s2-95-lognormal,shortest_estimate+topology_aware+conservative,fifo+first_fit+none,prio_1_wait_p95,20,-25520.7799,-31751.11045,-19290.44935,20,0,0
s2-95-lognormal,shortest_estimate+topology_aware+conservative,fifo+first_fit+none,prio_1_bsld_p95,20,-102.6431802,-129.9248251,-75.3615353,20,0,0
s2-95-lognormal,shortest_estimate+topology_aware+conservative,fifo+first_fit+none,prio_8_wait_p95,20,-25259.82935,-31560.47762,-18959.18108,20,0,0
s2-95-lognormal,shortest_estimate+topology_aware+easy,fifo+first_fit+none,J,20,-2.422807207,-2.886349001,-1.959265414,20,0,0
s2-95-lognormal,shortest_estimate+topology_aware+easy,fifo+first_fit+none,J_slowdown,20,-0.7920137031,-0.9908592424,-0.5931681637,20,0,0
s2-95-lognormal,shortest_estimate+topology_aware+easy,fifo+first_fit+none,J_wait,20,-0.8589963383,-1.06682917,-0.6511635068,20,0,0
s2-95-lognormal,shortest_estimate+topology_aware+easy,fifo+first_fit+none,J_waste,20,-0.005052951195,-0.007084036877,-0.003021865512,18,0,2
s2-95-lognormal,shortest_estimate+topology_aware+easy,fifo+first_fit+none,J_slo,20,-0.6998525115,-0.7967701661,-0.6029348568,20,0,0
s2-95-lognormal,shortest_estimate+topology_aware+easy,fifo+first_fit+none,J_fairness,20,-0.06689170331,-0.09048531268,-0.04329809395,20,0,0
s2-95-lognormal,shortest_estimate+topology_aware+easy,fifo+first_fit+none,wait_mean,20,-14791.65626,-19125.91059,-10457.40193,20,0,0
s2-95-lognormal,shortest_estimate+topology_aware+easy,fifo+first_fit+none,wait_p95,20,-25460.71005,-31620.88935,-19300.53075,20,0,0
s2-95-lognormal,shortest_estimate+topology_aware+easy,fifo+first_fit+none,wait_p99,20,-10470.80475,-16106.8259,-4834.783605,17,0,3
s2-95-lognormal,shortest_estimate+topology_aware+easy,fifo+first_fit+none,jct_mean,20,-14795.58953,-19130.52854,-10460.65053,20,0,0
s2-95-lognormal,shortest_estimate+topology_aware+easy,fifo+first_fit+none,jct_p95,20,-20045.2401,-25438.53655,-14651.94365,20,0,0
s2-95-lognormal,shortest_estimate+topology_aware+easy,fifo+first_fit+none,bsld_mean,20,-25.61085535,-32.39483746,-18.82687323,20,0,0
s2-95-lognormal,shortest_estimate+topology_aware+easy,fifo+first_fit+none,bsld_p95,20,-101.8172062,-127.3797655,-76.25464686,20,0,0
s2-95-lognormal,shortest_estimate+topology_aware+easy,fifo+first_fit+none,bsld_p99,20,-232.9136964,-289.6235294,-176.2038633,20,0,0
s2-95-lognormal,shortest_estimate+topology_aware+easy,fifo+first_fit+none,wflow_mean,20,-25.61085535,-32.39483746,-18.82687323,20,0,0
s2-95-lognormal,shortest_estimate+topology_aware+easy,fifo+first_fit+none,wflow_sum_all,20,-51189.21068,-64165.92259,-38212.49876,20,0,0
s2-95-lognormal,shortest_estimate+topology_aware+easy,fifo+first_fit+none,large_wait_mean,20,-12611.04433,-16608.76422,-8613.324426,20,0,0
s2-95-lognormal,shortest_estimate+topology_aware+easy,fifo+first_fit+none,large_wait_p95,20,-9909.4098,-15222.64185,-4596.177754,17,0,3
s2-95-lognormal,shortest_estimate+topology_aware+easy,fifo+first_fit+none,utilization,20,0.05129603075,0.04283061846,0.05976144303,20,0,0
s2-95-lognormal,shortest_estimate+topology_aware+easy,fifo+first_fit+none,frag_blocked_frac,20,-0.330722786,-0.3667648037,-0.2946807683,20,0,0
s2-95-lognormal,shortest_estimate+topology_aware+easy,fifo+first_fit+none,stranded_frac,20,-0.0326149907,-0.04122759439,-0.024002387,20,0,0
s2-95-lognormal,shortest_estimate+topology_aware+easy,fifo+first_fit+none,goodput_ratio,20,0.005052951195,0.003021865512,0.007084036877,18,0,2
s2-95-lognormal,shortest_estimate+topology_aware+easy,fifo+first_fit+none,wasted_gpu_hours,20,-27.11045133,-39.38209582,-14.83880685,18,0,2
s2-95-lognormal,shortest_estimate+topology_aware+easy,fifo+first_fit+none,lost_gpu_hours,20,0,0,0,0,20,0
s2-95-lognormal,shortest_estimate+topology_aware+easy,fifo+first_fit+none,overhead_gpu_hours,20,0,0,0,0,20,0
s2-95-lognormal,shortest_estimate+topology_aware+easy,fifo+first_fit+none,topology_gpu_hours,20,-27.11043366,-39.38207532,-14.83879201,18,0,2
s2-95-lognormal,shortest_estimate+topology_aware+easy,fifo+first_fit+none,slack_gpu_hours,20,-1.766868688e-05,-2.27660871e-05,-1.257128665e-05,20,0,0
s2-95-lognormal,shortest_estimate+topology_aware+easy,fifo+first_fit+none,preemptions,20,0,0,0,0,20,0
s2-95-lognormal,shortest_estimate+topology_aware+easy,fifo+first_fit+none,failure_kills,20,0,0,0,0,20,0
s2-95-lognormal,shortest_estimate+topology_aware+easy,fifo+first_fit+none,node_downtime_gpu_hours,20,0,0,0,0,20,0
s2-95-lognormal,shortest_estimate+topology_aware+easy,fifo+first_fit+none,jain_bsld,20,0.06689170331,0.04329809395,0.09048531268,20,0,0
s2-95-lognormal,shortest_estimate+topology_aware+easy,fifo+first_fit+none,tenant_worst_best_ratio,20,-0.8764331849,-1.126273285,-0.6265930847,20,0,0
s2-95-lognormal,shortest_estimate+topology_aware+easy,fifo+first_fit+none,slo_attainment,20,0.6998525115,0.6029348568,0.7967701661,20,0,0
s2-95-lognormal,shortest_estimate+topology_aware+easy,fifo+first_fit+none,makespan,20,-14049.13785,-20512.46265,-7585.813046,18,0,2
s2-95-lognormal,shortest_estimate+topology_aware+easy,fifo+first_fit+none,reservations,20,264.35,250.571241,278.128759,0,0,20
s2-95-lognormal,shortest_estimate+topology_aware+easy,fifo+first_fit+none,broken_reservations,20,226.05,212.420813,239.679187,0,0,20
s2-95-lognormal,shortest_estimate+topology_aware+easy,fifo+first_fit+none,tenant_t0_bsld_mean,20,-26.28742332,-34.5644009,-18.01044575,20,0,0
s2-95-lognormal,shortest_estimate+topology_aware+easy,fifo+first_fit+none,tenant_t0_bsld_p95,20,-108.4712818,-143.7143761,-73.2281875,20,0,0
s2-95-lognormal,shortest_estimate+topology_aware+easy,fifo+first_fit+none,tenant_t1_bsld_mean,20,-24.35969492,-30.98564746,-17.73374239,20,0,0
s2-95-lognormal,shortest_estimate+topology_aware+easy,fifo+first_fit+none,tenant_t1_bsld_p95,20,-96.20761952,-121.2426681,-71.17257093,20,0,0
s2-95-lognormal,shortest_estimate+topology_aware+easy,fifo+first_fit+none,tenant_t2_bsld_mean,20,-27.5478823,-36.1469374,-18.9488272,20,0,0
s2-95-lognormal,shortest_estimate+topology_aware+easy,fifo+first_fit+none,tenant_t2_bsld_p95,20,-105.2596875,-135.4604313,-75.05894362,20,0,0
s2-95-lognormal,shortest_estimate+topology_aware+easy,fifo+first_fit+none,tenant_t3_bsld_mean,20,-23.83248052,-30.75866584,-16.90629519,20,0,0
s2-95-lognormal,shortest_estimate+topology_aware+easy,fifo+first_fit+none,tenant_t3_bsld_p95,20,-92.9568037,-119.566945,-66.34666243,20,0,0
s2-95-lognormal,shortest_estimate+topology_aware+easy,fifo+first_fit+none,prio_1_wait_p95,20,-25654.14225,-31917.84469,-19390.43981,20,0,0
s2-95-lognormal,shortest_estimate+topology_aware+easy,fifo+first_fit+none,prio_1_bsld_p95,20,-102.3850364,-129.6117595,-75.15831338,20,0,0
s2-95-lognormal,shortest_estimate+topology_aware+easy,fifo+first_fit+none,prio_8_wait_p95,20,-25024.62335,-31285.96512,-18763.28158,20,0,0
s2-95-lognormal,shortest_estimate+topology_aware+easy_oracle,fifo+first_fit+none,J,20,-2.447184091,-2.916252452,-1.978115731,20,0,0
s2-95-lognormal,shortest_estimate+topology_aware+easy_oracle,fifo+first_fit+none,J_slowdown,20,-0.7942802204,-0.993746947,-0.5948134939,20,0,0
s2-95-lognormal,shortest_estimate+topology_aware+easy_oracle,fifo+first_fit+none,J_wait,20,-0.8774748281,-1.089607548,-0.6653421086,20,0,0
s2-95-lognormal,shortest_estimate+topology_aware+easy_oracle,fifo+first_fit+none,J_waste,20,-0.004312760436,-0.006607679417,-0.002017841455,19,0,1
s2-95-lognormal,shortest_estimate+topology_aware+easy_oracle,fifo+first_fit+none,J_slo,20,-0.7034220126,-0.8003318249,-0.6065122003,20,0,0
s2-95-lognormal,shortest_estimate+topology_aware+easy_oracle,fifo+first_fit+none,J_fairness,20,-0.06769426952,-0.09110559793,-0.04428294112,20,0,0
s2-95-lognormal,shortest_estimate+topology_aware+easy_oracle,fifo+first_fit+none,wait_mean,20,-14890.58927,-19253.34235,-10527.83619,20,0,0
s2-95-lognormal,shortest_estimate+topology_aware+easy_oracle,fifo+first_fit+none,wait_p95,20,-26008.41375,-32296.04202,-19720.78548,20,0,0
s2-95-lognormal,shortest_estimate+topology_aware+easy_oracle,fifo+first_fit+none,wait_p99,20,-13795.4113,-19298.39381,-8292.428791,18,0,2
s2-95-lognormal,shortest_estimate+topology_aware+easy_oracle,fifo+first_fit+none,jct_mean,20,-14894.00713,-19256.9407,-10531.07357,20,0,0
s2-95-lognormal,shortest_estimate+topology_aware+easy_oracle,fifo+first_fit+none,jct_p95,20,-20480.79705,-26013.6379,-14947.9562,20,0,0
s2-95-lognormal,shortest_estimate+topology_aware+easy_oracle,fifo+first_fit+none,bsld_mean,20,-25.67729235,-32.46936569,-18.88521901,20,0,0
s2-95-lognormal,shortest_estimate+topology_aware+easy_oracle,fifo+first_fit+none,bsld_p95,20,-102.108578,-127.750994,-76.46616204,20,0,0
s2-95-lognormal,shortest_estimate+topology_aware+easy_oracle,fifo+first_fit+none,bsld_p99,20,-234.4531595,-291.4910283,-177.4152906,20,0,0
s2-95-lognormal,shortest_estimate+topology_aware+easy_oracle,fifo+first_fit+none,wflow_mean,20,-25.67729235,-32.46936569,-18.88521901,20,0,0
s2-95-lognormal,shortest_estimate+topology_aware+easy_oracle,fifo+first_fit+none,wflow_sum_all,20,-51311.39571,-64300.05915,-38322.73227,20,0,0
s2-95-lognormal,shortest_estimate+topology_aware+easy_oracle,fifo+first_fit+none,large_wait_mean,20,-13082.57008,-17214.07047,-8951.069698,20,0,0
s2-95-lognormal,shortest_estimate+topology_aware+easy_oracle,fifo+first_fit+none,large_wait_p95,20,-13686.6577,-18804.0008,-8569.314601,19,0,1
s2-95-lognormal,shortest_estimate+topology_aware+easy_oracle,fifo+first_fit+none,utilization,20,0.06166115055,0.05326070562,0.07006159549,20,0,0
s2-95-lognormal,shortest_estimate+topology_aware+easy_oracle,fifo+first_fit+none,frag_blocked_frac,20,-0.3898661355,-0.422243922,-0.357488349,20,0,0
s2-95-lognormal,shortest_estimate+topology_aware+easy_oracle,fifo+first_fit+none,stranded_frac,20,-0.033150123,-0.04199266355,-0.02430758244,19,0,1
s2-95-lognormal,shortest_estimate+topology_aware+easy_oracle,fifo+first_fit+none,goodput_ratio,20,0.004312760436,0.002017841455,0.006607679417,19,0,1
s2-95-lognormal,shortest_estimate+topology_aware+easy_oracle,fifo+first_fit+none,wasted_gpu_hours,20,-23.35989833,-38.88754147,-7.832255202,19,0,1
s2-95-lognormal,shortest_estimate+topology_aware+easy_oracle,fifo+first_fit+none,lost_gpu_hours,20,0,0,0,0,20,0
s2-95-lognormal,shortest_estimate+topology_aware+easy_oracle,fifo+first_fit+none,overhead_gpu_hours,20,0,0,0,0,20,0
s2-95-lognormal,shortest_estimate+topology_aware+easy_oracle,fifo+first_fit+none,topology_gpu_hours,20,-23.35988073,-38.88752014,-7.832241315,19,0,1
s2-95-lognormal,shortest_estimate+topology_aware+easy_oracle,fifo+first_fit+none,slack_gpu_hours,20,-1.760808081e-05,-2.254185446e-05,-1.267430717e-05,19,1,0
s2-95-lognormal,shortest_estimate+topology_aware+easy_oracle,fifo+first_fit+none,preemptions,20,0,0,0,0,20,0
s2-95-lognormal,shortest_estimate+topology_aware+easy_oracle,fifo+first_fit+none,failure_kills,20,0,0,0,0,20,0
s2-95-lognormal,shortest_estimate+topology_aware+easy_oracle,fifo+first_fit+none,node_downtime_gpu_hours,20,0,0,0,0,20,0
s2-95-lognormal,shortest_estimate+topology_aware+easy_oracle,fifo+first_fit+none,jain_bsld,20,0.06769426952,0.04428294112,0.09110559793,20,0,0
s2-95-lognormal,shortest_estimate+topology_aware+easy_oracle,fifo+first_fit+none,tenant_worst_best_ratio,20,-0.8972446343,-1.138593742,-0.6558955269,20,0,0
s2-95-lognormal,shortest_estimate+topology_aware+easy_oracle,fifo+first_fit+none,slo_attainment,20,0.7034220126,0.6065122003,0.8003318249,20,0,0
s2-95-lognormal,shortest_estimate+topology_aware+easy_oracle,fifo+first_fit+none,makespan,20,-14842.96875,-21016.42188,-8669.51562,18,0,2
s2-95-lognormal,shortest_estimate+topology_aware+easy_oracle,fifo+first_fit+none,reservations,20,297.35,279.9022973,314.7977027,0,0,20
s2-95-lognormal,shortest_estimate+topology_aware+easy_oracle,fifo+first_fit+none,broken_reservations,20,81.3,74.58084201,88.01915799,0,0,20
s2-95-lognormal,shortest_estimate+topology_aware+easy_oracle,fifo+first_fit+none,tenant_t0_bsld_mean,20,-26.35855519,-34.63775575,-18.07935463,20,0,0
s2-95-lognormal,shortest_estimate+topology_aware+easy_oracle,fifo+first_fit+none,tenant_t0_bsld_p95,20,-108.8320073,-144.0978603,-73.56615439,20,0,0
s2-95-lognormal,shortest_estimate+topology_aware+easy_oracle,fifo+first_fit+none,tenant_t1_bsld_mean,20,-24.43058605,-31.05780759,-17.80336451,20,0,0
s2-95-lognormal,shortest_estimate+topology_aware+easy_oracle,fifo+first_fit+none,tenant_t1_bsld_p95,20,-96.46392568,-121.534647,-71.39320432,20,0,0
s2-95-lognormal,shortest_estimate+topology_aware+easy_oracle,fifo+first_fit+none,tenant_t2_bsld_mean,20,-27.60385614,-36.20667544,-19.00103685,20,0,0
s2-95-lognormal,shortest_estimate+topology_aware+easy_oracle,fifo+first_fit+none,tenant_t2_bsld_p95,20,-105.5509375,-135.8467096,-75.25516544,20,0,0
s2-95-lognormal,shortest_estimate+topology_aware+easy_oracle,fifo+first_fit+none,tenant_t3_bsld_mean,20,-23.88857594,-30.83657016,-16.94058172,20,0,0
s2-95-lognormal,shortest_estimate+topology_aware+easy_oracle,fifo+first_fit+none,tenant_t3_bsld_p95,20,-92.90290032,-119.6260289,-66.17977174,20,0,0
s2-95-lognormal,shortest_estimate+topology_aware+easy_oracle,fifo+first_fit+none,prio_1_wait_p95,20,-25956.40895,-32281.17264,-19631.64526,20,0,0
s2-95-lognormal,shortest_estimate+topology_aware+easy_oracle,fifo+first_fit+none,prio_1_bsld_p95,20,-102.7017341,-130.0476286,-75.35583962,20,0,0
s2-95-lognormal,shortest_estimate+topology_aware+easy_oracle,fifo+first_fit+none,prio_8_wait_p95,20,-25798.3866,-32223.48359,-19373.28961,20,0,0
s2-95-lognormal,shortest_estimate+topology_aware+easy_predicted,fifo+first_fit+none,J,20,-2.428034848,-2.895174601,-1.960895096,20,0,0
s2-95-lognormal,shortest_estimate+topology_aware+easy_predicted,fifo+first_fit+none,J_slowdown,20,-0.792064039,-0.9911878814,-0.5929401967,20,0,0
s2-95-lognormal,shortest_estimate+topology_aware+easy_predicted,fifo+first_fit+none,J_wait,20,-0.8627483134,-1.073271519,-0.6522251075,20,0,0
s2-95-lognormal,shortest_estimate+topology_aware+easy_predicted,fifo+first_fit+none,J_waste,20,-0.00496094982,-0.00762184885,-0.002300050789,17,0,3
s2-95-lognormal,shortest_estimate+topology_aware+easy_predicted,fifo+first_fit+none,J_slo,20,-0.7004987713,-0.7970985982,-0.6038989443,20,0,0
s2-95-lognormal,shortest_estimate+topology_aware+easy_predicted,fifo+first_fit+none,J_fairness,20,-0.06776277493,-0.09118916832,-0.04433638154,20,0,0
s2-95-lognormal,shortest_estimate+topology_aware+easy_predicted,fifo+first_fit+none,wait_mean,20,-14794.98476,-19138.34375,-10451.62578,20,0,0
s2-95-lognormal,shortest_estimate+topology_aware+easy_predicted,fifo+first_fit+none,wait_p95,20,-25571.91885,-31811.84103,-19331.99667,20,0,0
s2-95-lognormal,shortest_estimate+topology_aware+easy_predicted,fifo+first_fit+none,wait_p99,20,-11263.093,-16944.72965,-5581.456354,17,0,3
s2-95-lognormal,shortest_estimate+topology_aware+easy_predicted,fifo+first_fit+none,jct_mean,20,-14798.87465,-19143.21382,-10454.53549,20,0,0
s2-95-lognormal,shortest_estimate+topology_aware+easy_predicted,fifo+first_fit+none,jct_p95,20,-20298.09775,-25810.40611,-14785.78939,20,0,0
s2-95-lognormal,shortest_estimate+topology_aware+easy_predicted,fifo+first_fit+none,bsld_mean,20,-25.61623509,-32.40267148,-18.8297987,20,0,0
s2-95-lognormal,shortest_estimate+topology_aware+easy_predicted,fifo+first_fit+none,bsld_p95,20,-101.8236771,-127.4220137,-76.2253406,20,0,0
s2-95-lognormal,shortest_estimate+topology_aware+easy_predicted,fifo+first_fit+none,bsld_p99,20,-233.2360288,-290.1842894,-176.2877682,20,0,0
s2-95-lognormal,shortest_estimate+topology_aware+easy_predicted,fifo+first_fit+none,wflow_mean,20,-25.61623509,-32.40267148,-18.8297987,20,0,0
s2-95-lognormal,shortest_estimate+topology_aware+easy_predicted,fifo+first_fit+none,wflow_sum_all,20,-51210.88026,-64191.19884,-38230.56168,20,0,0
s2-95-lognormal,shortest_estimate+topology_aware+easy_predicted,fifo+first_fit+none,large_wait_mean,20,-12634.46763,-16664.84748,-8604.08777,20,0,0
s2-95-lognormal,shortest_estimate+topology_aware+easy_predicted,fifo+first_fit+none,large_wait_p95,20,-11069.09805,-16475.48191,-5662.714187,16,0,4
s2-95-lognormal,shortest_estimate+topology_aware+easy_predicted,fifo+first_fit+none,utilization,20,0.05224820704,0.04490080777,0.05959560632,20,0,0
s2-95-lognormal,shortest_estimate+topology_aware+easy_predicted,fifo+first_fit+none,frag_blocked_frac,20,-0.3530877066,-0.3902586609,-0.3159167524,20,0,0
s2-95-lognormal,shortest_estimate+topology_aware+easy_predicted,fifo+first_fit+none,stranded_frac,20,-0.03734064962,-0.04705969347,-0.02762160576,19,0,1
s2-95-lognormal,shortest_estimate+topology_aware+easy_predicted,fifo+first_fit+none,goodput_ratio,20,0.00496094982,0.002300050789,0.00762184885,17,0,3
s2-95-lognormal,shortest_estimate+topology_aware+easy_predicted,fifo+first_fit+none,wasted_gpu_hours,20,-27.28539656,-44.12191023,-10.44888288,17,0,3
s2-95-lognormal,shortest_estimate+topology_aware+easy_predicted,fifo+first_fit+none,lost_gpu_hours,20,0,0,0,0,20,0
s2-95-lognormal,shortest_estimate+topology_aware+easy_predicted,fifo+first_fit+none,overhead_gpu_hours,20,0,0,0,0,20,0
s2-95-lognormal,shortest_estimate+topology_aware+easy_predicted,fifo+first_fit+none,topology_gpu_hours,20,-27.28537871,-44.1218871,-10.44887032,17,0,3
s2-95-lognormal,shortest_estimate+topology_aware+easy_predicted,fifo+first_fit+none,slack_gpu_hours,20,-1.784444445e-05,-2.506864627e-05,-1.062024264e-05,19,0,1
s2-95-lognormal,shortest_estimate+topology_aware+easy_predicted,fifo+first_fit+none,preemptions,20,0,0,0,0,20,0
s2-95-lognormal,shortest_estimate+topology_aware+easy_predicted,fifo+first_fit+none,failure_kills,20,0,0,0,0,20,0
s2-95-lognormal,shortest_estimate+topology_aware+easy_predicted,fifo+first_fit+none,node_downtime_gpu_hours,20,0,0,0,0,20,0
s2-95-lognormal,shortest_estimate+topology_aware+easy_predicted,fifo+first_fit+none,jain_bsld,20,0.06776277493,0.04433638154,0.09118916832,20,0,0
s2-95-lognormal,shortest_estimate+topology_aware+easy_predicted,fifo+first_fit+none,tenant_worst_best_ratio,20,-0.891307903,-1.139293771,-0.6433220349,20,0,0
s2-95-lognormal,shortest_estimate+topology_aware+easy_predicted,fifo+first_fit+none,slo_attainment,20,0.7004987713,0.6038989443,0.7970985982,20,0,0
s2-95-lognormal,shortest_estimate+topology_aware+easy_predicted,fifo+first_fit+none,makespan,20,-13328.8749,-19769.23259,-6888.517208,17,0,3
s2-95-lognormal,shortest_estimate+topology_aware+easy_predicted,fifo+first_fit+none,reservations,20,266.95,251.7964062,282.1035938,0,0,20
s2-95-lognormal,shortest_estimate+topology_aware+easy_predicted,fifo+first_fit+none,broken_reservations,20,242.95,228.2968843,257.6031157,0,0,20
s2-95-lognormal,shortest_estimate+topology_aware+easy_predicted,fifo+first_fit+none,tenant_t0_bsld_mean,20,-26.28845629,-34.56269258,-18.01422,20,0,0
s2-95-lognormal,shortest_estimate+topology_aware+easy_predicted,fifo+first_fit+none,tenant_t0_bsld_p95,20,-108.5650511,-143.8029718,-73.32713036,20,0,0
s2-95-lognormal,shortest_estimate+topology_aware+easy_predicted,fifo+first_fit+none,tenant_t1_bsld_mean,20,-24.36409733,-30.99122073,-17.73697393,20,0,0
s2-95-lognormal,shortest_estimate+topology_aware+easy_predicted,fifo+first_fit+none,tenant_t1_bsld_p95,20,-96.19742311,-121.3056472,-71.08919907,20,0,0
s2-95-lognormal,shortest_estimate+topology_aware+easy_predicted,fifo+first_fit+none,tenant_t2_bsld_mean,20,-27.55164991,-36.14027012,-18.9630297,20,0,0
s2-95-lognormal,shortest_estimate+topology_aware+easy_predicted,fifo+first_fit+none,tenant_t2_bsld_p95,20,-105.2320695,-135.4135222,-75.0506167,20,0,0
s2-95-lognormal,shortest_estimate+topology_aware+easy_predicted,fifo+first_fit+none,tenant_t3_bsld_mean,20,-23.86008934,-30.79866522,-16.92151346,20,0,0
s2-95-lognormal,shortest_estimate+topology_aware+easy_predicted,fifo+first_fit+none,tenant_t3_bsld_p95,20,-92.68241055,-119.4223487,-65.94247241,20,0,0
s2-95-lognormal,shortest_estimate+topology_aware+easy_predicted,fifo+first_fit+none,prio_1_wait_p95,20,-25475.0178,-31760.95063,-19189.08497,20,0,0
s2-95-lognormal,shortest_estimate+topology_aware+easy_predicted,fifo+first_fit+none,prio_1_bsld_p95,20,-102.431842,-129.7494637,-75.11422034,20,0,0
s2-95-lognormal,shortest_estimate+topology_aware+easy_predicted,fifo+first_fit+none,prio_8_wait_p95,20,-25208.3146,-31678.05546,-18738.57374,20,0,0
s2-95-lognormal,shortest_estimate+topology_aware+none,fifo+first_fit+none,J,20,-2.14929467,-2.586882045,-1.711707294,20,0,0
s2-95-lognormal,shortest_estimate+topology_aware+none,fifo+first_fit+none,J_slowdown,20,-0.7836925809,-0.9826842827,-0.5847008792,20,0,0
s2-95-lognormal,shortest_estimate+topology_aware+none,fifo+first_fit+none,J_wait,20,-0.6522430691,-0.8387610649,-0.4657250733,20,0,0
s2-95-lognormal,shortest_estimate+topology_aware+none,fifo+first_fit+none,J_waste,20,-0.005999532306,-0.008478154196,-0.003520910417,19,0,1
s2-95-lognormal,shortest_estimate+topology_aware+none,fifo+first_fit+none,J_slo,20,-0.639925772,-0.7332916685,-0.5465598754,20,0,0
s2-95-lognormal,shortest_estimate+topology_aware+none,fifo+first_fit+none,J_fairness,20,-0.06743371529,-0.09143036542,-0.04343706516,19,0,1
s2-95-lognormal,shortest_estimate+topology_aware+none,fifo+first_fit+none,wait_mean,20,-13420.16986,-17560.98409,-9279.355635,20,0,0
s2-95-lognormal,shortest_estimate+topology_aware+none,fifo+first_fit+none,wait_p95,20,-19332.52905,-24860.93517,-13804.12293,20,0,0
s2-95-lognormal,shortest_estimate+topology_aware+none,fifo+first_fit+none,wait_p99,20,12525.5573,3356.54812,21694.56648,5,0,15
s2-95-lognormal,shortest_estimate+topology_aware+none,fifo+first_fit+none,jct_mean,20,-13426.75319,-17568.61479,-9284.891583,20,0,0
s2-95-lognormal,shortest_estimate+topology_aware+none,fifo+first_fit+none,jct_p95,20,-14473.6004,-19340.27411,-9606.92669,20,0,0
s2-95-lognormal,shortest_estimate+topology_aware+none,fifo+first_fit+none,bsld_mean,20,-25.3241651,-32.10242273,-18.54590747,20,0,0
s2-95-lognormal,shortest_estimate+topology_aware+none,fifo+first_fit+none,bsld_p95,20,-100.7474856,-126.3288348,-75.16613633,20,0,0
s2-95-lognormal,shortest_estimate+topology_aware+none,fifo+first_fit+none,bsld_p99,20,-232.5971381,-289.4941215,-175.7001547,20,0,0
s2-95-lognormal,shortest_estimate+topology_aware+none,fifo+first_fit+none,wflow_mean,20,-25.3241651,-32.10242273,-18.54590747,20,0,0
s2-95-lognormal,shortest_estimate+topology_aware+none,fifo+first_fit+none,wflow_sum_all,20,-50624.0738,-63569.05993,-37679.08768,20,0,0
s2-95-lognormal,shortest_estimate+topology_aware+none,fifo+first_fit+none,large_wait_mean,20,-13129.00945,-17262.05436,-8995.964542,20,0,0
s2-95-lognormal,shortest_estimate+topology_aware+none,fifo+first_fit+none,large_wait_p95,20,-16822.6658,-21825.63716,-11819.69444,20,0,0
s2-95-lognormal,shortest_estimate+topology_aware+none,fifo+first_fit+none,utilization,20,0.03704145435,0.02839752147,0.04568538722,20,0,0
s2-95-lognormal,shortest_estimate+topology_aware+none,fifo+first_fit+none,frag_blocked_frac,20,-0.1809401059,-0.2018770136,-0.1600031982,20,0,0
s2-95-lognormal,shortest_estimate+topology_aware+none,fifo+first_fit+none,stranded_frac,20,-0.01622616121,-0.02264346067,-0.009808861756,19,0,1
s2-95-lognormal,shortest_estimate+topology_aware+none,fifo+first_fit+none,goodput_ratio,20,0.005999532306,0.003520910417,0.008478154196,19,0,1
s2-95-lognormal,shortest_estimate+topology_aware+none,fifo+first_fit+none,wasted_gpu_hours,20,-33.75585267,-51.5980295,-15.91367583,19,0,1
s2-95-lognormal,shortest_estimate+topology_aware+none,fifo+first_fit+none,lost_gpu_hours,20,0,0,0,0,20,0
s2-95-lognormal,shortest_estimate+topology_aware+none,fifo+first_fit+none,overhead_gpu_hours,20,0,0,0,0,20,0
s2-95-lognormal,shortest_estimate+topology_aware+none,fifo+first_fit+none,topology_gpu_hours,20,-33.75583745,-51.59801151,-15.91366339,19,0,1
s2-95-lognormal,shortest_estimate+topology_aware+none,fifo+first_fit+none,slack_gpu_hours,20,-1.521414142e-05,-2.086725142e-05,-9.561031422e-06,19,0,1
s2-95-lognormal,shortest_estimate+topology_aware+none,fifo+first_fit+none,preemptions,20,0,0,0,0,20,0
s2-95-lognormal,shortest_estimate+topology_aware+none,fifo+first_fit+none,failure_kills,20,0,0,0,0,20,0
s2-95-lognormal,shortest_estimate+topology_aware+none,fifo+first_fit+none,node_downtime_gpu_hours,20,0,0,0,0,20,0
s2-95-lognormal,shortest_estimate+topology_aware+none,fifo+first_fit+none,jain_bsld,20,0.06743371529,0.04343706516,0.09143036542,19,0,1
s2-95-lognormal,shortest_estimate+topology_aware+none,fifo+first_fit+none,tenant_worst_best_ratio,20,-0.8869015343,-1.146479533,-0.6273235352,19,0,1
s2-95-lognormal,shortest_estimate+topology_aware+none,fifo+first_fit+none,slo_attainment,20,0.639925772,0.5465598754,0.7332916685,20,0,0
s2-95-lognormal,shortest_estimate+topology_aware+none,fifo+first_fit+none,makespan,20,123.7357,-9135.76995,9383.24135,12,0,8
s2-95-lognormal,shortest_estimate+topology_aware+none,fifo+first_fit+none,reservations,20,0,0,0,0,20,0
s2-95-lognormal,shortest_estimate+topology_aware+none,fifo+first_fit+none,broken_reservations,20,0,0,0,0,20,0
s2-95-lognormal,shortest_estimate+topology_aware+none,fifo+first_fit+none,tenant_t0_bsld_mean,20,-25.99039721,-34.25696977,-17.72382466,20,0,0
s2-95-lognormal,shortest_estimate+topology_aware+none,fifo+first_fit+none,tenant_t0_bsld_p95,20,-107.4410225,-142.6611979,-72.22084715,20,0,0
s2-95-lognormal,shortest_estimate+topology_aware+none,fifo+first_fit+none,tenant_t1_bsld_mean,20,-24.07271202,-30.6925203,-17.45290374,20,0,0
s2-95-lognormal,shortest_estimate+topology_aware+none,fifo+first_fit+none,tenant_t1_bsld_p95,20,-95.03894325,-120.1578118,-69.92007468,20,0,0
s2-95-lognormal,shortest_estimate+topology_aware+none,fifo+first_fit+none,tenant_t2_bsld_mean,20,-27.28152383,-35.88224655,-18.68080112,20,0,0
s2-95-lognormal,shortest_estimate+topology_aware+none,fifo+first_fit+none,tenant_t2_bsld_p95,20,-104.2018328,-134.4474933,-73.95617233,20,0,0
s2-95-lognormal,shortest_estimate+topology_aware+none,fifo+first_fit+none,tenant_t3_bsld_mean,20,-23.54833081,-30.50152692,-16.5951347,20,0,0
s2-95-lognormal,shortest_estimate+topology_aware+none,fifo+first_fit+none,tenant_t3_bsld_p95,20,-91.62945048,-118.3303479,-64.92855308,20,0,0
s2-95-lognormal,shortest_estimate+topology_aware+none,fifo+first_fit+none,prio_1_wait_p95,20,-18892.65135,-24701.24881,-13084.05389,20,0,0
s2-95-lognormal,shortest_estimate+topology_aware+none,fifo+first_fit+none,prio_1_bsld_p95,20,-101.3269492,-128.6188097,-74.03508878,20,0,0
s2-95-lognormal,shortest_estimate+topology_aware+none,fifo+first_fit+none,prio_8_wait_p95,20,-19572.3403,-25466.6028,-13678.0778,20,0,0
s2-95-user,shortest_estimate+topology_aware+conservative,fifo+first_fit+none,J,20,-2.319520095,-2.720283996,-1.918756195,20,0,0
s2-95-user,shortest_estimate+topology_aware+conservative,fifo+first_fit+none,J_slowdown,20,-0.787372206,-0.983793401,-0.590951011,20,0,0
s2-95-user,shortest_estimate+topology_aware+conservative,fifo+first_fit+none,J_wait,20,-0.7779561992,-0.9409241463,-0.614988252,20,0,0
s2-95-user,shortest_estimate+topology_aware+conservative,fifo+first_fit+none,J_waste,20,-0.004930681038,-0.007429660397,-0.002431701679,15,0,5
s2-95-user,shortest_estimate+topology_aware+conservative,fifo+first_fit+none,J_slo,20,-0.6873059374,-0.7812244061,-0.5933874686,20,0,0
s2-95-user,shortest_estimate+topology_aware+conservative,fifo+first_fit+none,J_fairness,20,-0.06195507153,-0.08698583558,-0.03692430747,18,0,2
s2-95-user,shortest_estimate+topology_aware+conservative,fifo+first_fit+none,wait_mean,20,-14462.40965,-18514.63668,-10410.18262,20,0,0
s2-95-user,shortest_estimate+topology_aware+conservative,fifo+first_fit+none,wait_p95,20,-23058.6748,-27889.05587,-18228.29373,20,0,0
s2-95-user,shortest_estimate+topology_aware+conservative,fifo+first_fit+none,wait_p99,20,-6767.1817,-14103.93568,569.5722807,16,0,4
s2-95-user,shortest_estimate+topology_aware+conservative,fifo+first_fit+none,jct_mean,20,-14466.82223,-18519.59919,-10414.04526,20,0,0
s2-95-user,shortest_estimate+topology_aware+conservative,fifo+first_fit+none,jct_p95,20,-17826.2637,-21927.52283,-13725.00457,20,0,0
s2-95-user,shortest_estimate+topology_aware+conservative,fifo+first_fit+none,bsld_mean,20,-25.48466265,-32.20393212,-18.76539319,20,0,0
s2-95-user,shortest_estimate+topology_aware+conservative,fifo+first_fit+none,bsld_p95,20,-101.2205192,-126.4714173,-75.96962112,20,0,0
s2-95-user,shortest_estimate+topology_aware+conservative,fifo+first_fit+none,bsld_p99,20,-231.1729912,-287.2532016,-175.0927809,20,0,0
s2-95-user,shortest_estimate+topology_aware+conservative,fifo+first_fit+none,wflow_mean,20,-25.48466265,-32.20393212,-18.76539319,20,0,0
s2-95-user,shortest_estimate+topology_aware+conservative,fifo+first_fit+none,wflow_sum_all,20,-50969.85725,-63839.24162,-38100.47288,20,0,0
s2-95-user,shortest_estimate+topology_aware+conservative,fifo+first_fit+none,large_wait_mean,20,-12464.99316,-16148.02359,-8781.962732,20,0,0
s2-95-user,shortest_estimate+topology_aware+conservative,fifo+first_fit+none,large_wait_p95,20,-9250.90345,-14871.06457,-3630.742329,16,0,4
s2-95-user,shortest_estimate+topology_aware+conservative,fifo+first_fit+none,utilization,20,0.06444961766,0.05526144275,0.07363779257,20,0,0
s2-95-user,shortest_estimate+topology_aware+conservative,fifo+first_fit+none,frag_blocked_frac,20,-0.3972357645,-0.4401314282,-0.3543401008,20,0,0
s2-95-user,shortest_estimate+topology_aware+conservative,fifo+first_fit+none,stranded_frac,20,-0.04303140848,-0.05324631461,-0.03281650236,20,0,0
s2-95-user,shortest_estimate+topology_aware+conservative,fifo+first_fit+none,goodput_ratio,20,0.004930681038,0.002431701679,0.007429660397,15,0,5
s2-95-user,shortest_estimate+topology_aware+conservative,fifo+first_fit+none,wasted_gpu_hours,20,-27.38280589,-42.07610561,-12.68950617,15,0,5
s2-95-user,shortest_estimate+topology_aware+conservative,fifo+first_fit+none,lost_gpu_hours,20,0,0,0,0,20,0
s2-95-user,shortest_estimate+topology_aware+conservative,fifo+first_fit+none,overhead_gpu_hours,20,0,0,0,0,20,0
s2-95-user,shortest_estimate+topology_aware+conservative,fifo+first_fit+none,topology_gpu_hours,20,-27.38279113,-42.0760877,-12.68949456,15,0,5
s2-95-user,shortest_estimate+topology_aware+conservative,fifo+first_fit+none,slack_gpu_hours,20,-1.475959596e-05,-1.928362189e-05,-1.023557003e-05,20,0,0
s2-95-user,shortest_estimate+topology_aware+conservative,fifo+first_fit+none,preemptions,20,0,0,0,0,20,0
s2-95-user,shortest_estimate+topology_aware+conservative,fifo+first_fit+none,failure_kills,20,0,0,0,0,20,0
s2-95-user,shortest_estimate+topology_aware+conservative,fifo+first_fit+none,node_downtime_gpu_hours,20,0,0,0,0,20,0
s2-95-user,shortest_estimate+topology_aware+conservative,fifo+first_fit+none,jain_bsld,20,0.06195507153,0.03692430747,0.08698583558,18,0,2
s2-95-user,shortest_estimate+topology_aware+conservative,fifo+first_fit+none,tenant_worst_best_ratio,20,-0.7922182425,-1.056627203,-0.5278092825,18,0,2
s2-95-user,shortest_estimate+topology_aware+conservative,fifo+first_fit+none,slo_attainment,20,0.6873059374,0.5933874686,0.7812244061,20,0,0
s2-95-user,shortest_estimate+topology_aware+conservative,fifo+first_fit+none,makespan,20,-16130.62035,-21478.20731,-10783.03339,18,0,2
s2-95-user,shortest_estimate+topology_aware+conservative,fifo+first_fit+none,reservations,20,526.5,475.7649251,577.2350749,0,0,20
s2-95-user,shortest_estimate+topology_aware+conservative,fifo+first_fit+none,broken_reservations,20,162.95,138.5463263,187.3536737,0,0,20
s2-95-user,shortest_estimate+topology_aware+conservative,fifo+first_fit+none,tenant_t0_bsld_mean,20,-26.14359783,-34.33444318,-17.95275248,20,0,0
s2-95-user,shortest_estimate+topology_aware+conservative,fifo+first_fit+none,tenant_t0_bsld_p95,20,-107.8446769,-142.6364618,-73.05289201,20,0,0
s2-95-user,shortest_estimate+topology_aware+conservative,fifo+first_fit+none,tenant_t1_bsld_mean,20,-24.24008082,-30.80843399,-17.67172764,20,0,0
s2-95-user,shortest_estimate+topology_aware+conservative,fifo+first_fit+none,tenant_t1_bsld_p95,20,-95.6488159,-120.4831248,-70.81450697,20,0,0
s2-95-user,shortest_estimate+topology_aware+conservative,fifo+first_fit+none,tenant_t2_bsld_mean,20,-27.44481813,-36.008185,-18.88145125,20,0,0
s2-95-user,shortest_estimate+topology_aware+conservative,fifo+first_fit+none,tenant_t2_bsld_p95,20,-104.4446442,-134.4432999,-74.44598844,20,0,0
s2-95-user,shortest_estimate+topology_aware+conservative,fifo+first_fit+none,tenant_t3_bsld_mean,20,-23.71489973,-30.62150729,-16.80829218,20,0,0
s2-95-user,shortest_estimate+topology_aware+conservative,fifo+first_fit+none,tenant_t3_bsld_p95,20,-92.39390875,-118.9657417,-65.82207576,20,0,0
s2-95-user,shortest_estimate+topology_aware+conservative,fifo+first_fit+none,prio_1_wait_p95,20,-23406.39955,-28410.20706,-18402.59204,20,0,0
s2-95-user,shortest_estimate+topology_aware+conservative,fifo+first_fit+none,prio_1_bsld_p95,20,-101.8846934,-128.8480251,-74.92136165,20,0,0
s2-95-user,shortest_estimate+topology_aware+conservative,fifo+first_fit+none,prio_8_wait_p95,20,-21410.7804,-26552.99024,-16268.57056,20,0,0
s2-95-user,shortest_estimate+topology_aware+easy,fifo+first_fit+none,J,20,-2.393591866,-2.853579894,-1.933603839,20,0,0
s2-95-user,shortest_estimate+topology_aware+easy,fifo+first_fit+none,J_slowdown,20,-0.7880800442,-0.986079602,-0.5900804864,20,0,0
s2-95-user,shortest_estimate+topology_aware+easy,fifo+first_fit+none,J_wait,20,-0.8423475405,-1.050282502,-0.6344125793,20,0,0
s2-95-user,shortest_estimate+topology_aware+easy,fifo+first_fit+none,J_waste,20,-0.005843828695,-0.009070794619,-0.002616862771,16,0,4
s2-95-user,shortest_estimate+topology_aware+easy,fifo+first_fit+none,J_slo,20,-0.6955574935,-0.7931929906,-0.5979219963,20,0,0
s2-95-user,shortest_estimate+topology_aware+easy,fifo+first_fit+none,J_fairness,20,-0.06176295936,-0.08660397335,-0.03692194537,18,0,2
s2-95-user,shortest_estimate+topology_aware+easy,fifo+first_fit+none,wait_mean,20,-14651.59494,-18945.302,-10357.88787,20,0,0
s2-95-user,shortest_estimate+topology_aware+easy,fifo+first_fit+none,wait_p95,20,-24967.23855,-31130.44498,-18804.03212,20,0,0
s2-95-user,shortest_estimate+topology_aware+easy,fifo+first_fit+none,wait_p99,20,-7374.0249,-13805.32074,-942.7290571,17,0,3
s2-95-user,shortest_estimate+topology_aware+easy,fifo+first_fit+none,jct_mean,20,-14656.47441,-18950.45583,-10362.49298,20,0,0
s2-95-user,shortest_estimate+topology_aware+easy,fifo+first_fit+none,jct_p95,20,-19349.5655,-24750.00644,-13949.12456,20,0,0
s2-95-user,shortest_estimate+topology_aware+easy,fifo+first_fit+none,bsld_mean,20,-25.47819333,-32.23702128,-18.71936539,20,0,0
s2-95-user,shortest_estimate+topology_aware+easy,fifo+first_fit+none,bsld_p95,20,-101.3115153,-126.7653196,-75.85771096,20,0,0
s2-95-user,shortest_estimate+topology_aware+easy,fifo+first_fit+none,bsld_p99,20,-229.5195653,-285.6000067,-173.4391239,20,0,0
s2-95-user,shortest_estimate+topology_aware+easy,fifo+first_fit+none,wflow_mean,20,-25.47819333,-32.23702128,-18.71936539,20,0,0
s2-95-user,shortest_estimate+topology_aware+easy,fifo+first_fit+none,wflow_sum_all,20,-50959.26561,-63879.6626,-38038.86863,20,0,0
s2-95-user,shortest_estimate+topology_aware+easy,fifo+first_fit+none,large_wait_mean,20,-12017.33654,-15852.26496,-8182.408125,20,0,0
s2-95-user,shortest_estimate+topology_aware+easy,fifo+first_fit+none,large_wait_p95,20,-7527.7279,-13520.88403,-1534.57177,16,0,4
s2-95-user,shortest_estimate+topology_aware+easy,fifo+first_fit+none,utilization,20,0.05921181574,0.05056544126,0.06785819021,20,0,0
s2-95-user,shortest_estimate+topology_aware+easy,fifo+first_fit+none,frag_blocked_frac,20,-0.3693046351,-0.4053228095,-0.3332864607,20,0,0
s2-95-user,shortest_estimate+topology_aware+easy,fifo+first_fit+none,stranded_frac,20,-0.03388526618,-0.04431940871,-0.02345112364,20,0,0
s2-95-user,shortest_estimate+topology_aware+easy,fifo+first_fit+none,goodput_ratio,20,0.005843828695,0.002616862771,0.009070794619,16,0,4
s2-95-user,shortest_estimate+topology_aware+easy,fifo+first_fit+none,wasted_gpu_hours,20,-31.65230667,-48.45951945,-14.84509388,16,0,4
s2-95-user,shortest_estimate+topology_aware+easy,fifo+first_fit+none,lost_gpu_hours,20,0,0,0,0,20,0
s2-95-user,shortest_estimate+topology_aware+easy,fifo+first_fit+none,overhead_gpu_hours,20,0,0,0,0,20,0
s2-95-user,shortest_estimate+topology_aware+easy,fifo+first_fit+none,topology_gpu_hours,20,-31.6522887,-48.45949769,-14.84507971,16,0,4
s2-95-user,shortest_estimate+topology_aware+easy,fifo+first_fit+none,slack_gpu_hours,20,-1.796767677e-05,-2.292294206e-05,-1.301241149e-05,20,0,0
s2-95-user,shortest_estimate+topology_aware+easy,fifo+first_fit+none,preemptions,20,0,0,0,0,20,0
s2-95-user,shortest_estimate+topology_aware+easy,fifo+first_fit+none,failure_kills,20,0,0,0,0,20,0
s2-95-user,shortest_estimate+topology_aware+easy,fifo+first_fit+none,node_downtime_gpu_hours,20,0,0,0,0,20,0
s2-95-user,shortest_estimate+topology_aware+easy,fifo+first_fit+none,jain_bsld,20,0.06176295936,0.03692194537,0.08660397335,18,0,2
s2-95-user,shortest_estimate+topology_aware+easy,fifo+first_fit+none,tenant_worst_best_ratio,20,-0.7745579395,-1.037791255,-0.511324624,18,0,2
s2-95-user,shortest_estimate+topology_aware+easy,fifo+first_fit+none,slo_attainment,20,0.6955574935,0.5979219963,0.7931929906,20,0,0
s2-95-user,shortest_estimate+topology_aware+easy,fifo+first_fit+none,makespan,20,-15208.2229,-21897.63396,-8518.811845,19,0,1
s2-95-user,shortest_estimate+topology_aware+easy,fifo+first_fit+none,reservations,20,265.05,246.9840983,283.1159017,0,0,20
s2-95-user,shortest_estimate+topology_aware+easy,fifo+first_fit+none,broken_reservations,20,87.6,77.28757268,97.91242732,0,0,20
s2-95-user,shortest_estimate+topology_aware+easy,fifo+first_fit+none,tenant_t0_bsld_mean,20,-26.14161964,-34.38091324,-17.90232604,20,0,0
s2-95-user,shortest_estimate+topology_aware+easy,fifo+first_fit+none,tenant_t0_bsld_p95,20,-107.9436102,-143.0443163,-72.8429041,20,0,0
s2-95-user,shortest_estimate+topology_aware+easy,fifo+first_fit+none,tenant_t1_bsld_mean,20,-24.21963104,-30.80667121,-17.63259087,20,0,0
s2-95-user,shortest_estimate+topology_aware+easy,fifo+first_fit+none,tenant_t1_bsld_p95,20,-95.59089129,-120.4045148,-70.77726781,20,0,0
s2-95-user,shortest_estimate+topology_aware+easy,fifo+first_fit+none,tenant_t2_bsld_mean,20,-27.44481879,-36.01994623,-18.86969136,20,0,0
s2-95-user,shortest_estimate+topology_aware+easy,fifo+first_fit+none,tenant_t2_bsld_p95,20,-104.8064694,-134.9363359,-74.67660281,20,0,0
s2-95-user,shortest_estimate+topology_aware+easy,fifo+first_fit+none,tenant_t3_bsld_mean,20,-23.71631353,-30.65064596,-16.7819811,20,0,0
s2-95-user,shortest_estimate+topology_aware+easy,fifo+first_fit+none,tenant_t3_bsld_p95,20,-92.48494761,-119.1691732,-65.80072197,20,0,0
s2-95-user,shortest_estimate+topology_aware+easy,fifo+first_fit+none,prio_1_wait_p95,20,-25073.4788,-31175.03207,-18971.92553,20,0,0
s2-95-user,shortest_estimate+topology_aware+easy,fifo+first_fit+none,prio_1_bsld_p95,20,-101.9447405,-129.0669956,-74.82248542,20,0,0
s2-95-user,shortest_estimate+topology_aware+easy,fifo+first_fit+none,prio_8_wait_p95,20,-24867.0416,-30934.9252,-18799.158,20,0,0
s2-95-user,shortest_estimate+topology_aware+easy_oracle,fifo+first_fit+none,J,20,-2.431215133,-2.901505511,-1.960924754,20,0,0
s2-95-user,shortest_estimate+topology_aware+easy_oracle,fifo+first_fit+none,J_slowdown,20,-0.7919729804,-0.9912509283,-0.5926950325,20,0,0
s2-95-user,shortest_estimate+topology_aware+easy_oracle,fifo+first_fit+none,J_wait,20,-0.8669538014,-1.078634997,-0.655272606,20,0,0
s2-95-user,shortest_estimate+topology_aware+easy_oracle,fifo+first_fit+none,J_waste,20,-0.004670733862,-0.007677980147,-0.001663487577,14,0,6
s2-95-user,shortest_estimate+topology_aware+easy_oracle,fifo+first_fit+none,J_slo,20,-0.7024736584,-0.8014107865,-0.6035365303,20,0,0
s2-95-user,shortest_estimate+topology_aware+easy_oracle,fifo+first_fit+none,J_fairness,20,-0.0651439587,-0.08946067041,-0.04082724698,19,0,1
s2-95-user,shortest_estimate+topology_aware+easy_oracle,fifo+first_fit+none,wait_mean,20,-14790.79241,-19118.71071,-10462.87411,20,0,0
s2-95-user,shortest_estimate+topology_aware+easy_oracle,fifo+first_fit+none,wait_p95,20,-25696.5698,-31970.81487,-19422.32473,20,0,0
s2-95-user,shortest_estimate+topology_aware+easy_oracle,fifo+first_fit+none,wait_p99,20,-11602.50685,-16353.50746,-6851.506235,20,0,0
s2-95-user,shortest_estimate+topology_aware+easy_oracle,fifo+first_fit+none,jct_mean,20,-14794.53146,-19123.12299,-10465.93992,20,0,0
s2-95-user,shortest_estimate+topology_aware+easy_oracle,fifo+first_fit+none,jct_p95,20,-20224.3301,-25845.55749,-14603.10271,20,0,0
s2-95-user,shortest_estimate+topology_aware+easy_oracle,fifo+first_fit+none,bsld_mean,20,-25.60028975,-32.39200516,-18.80857434,20,0,0
s2-95-user,shortest_estimate+topology_aware+easy_oracle,fifo+first_fit+none,bsld_p95,20,-101.8119711,-127.4301187,-76.19382356,20,0,0
s2-95-user,shortest_estimate+topology_aware+easy_oracle,fifo+first_fit+none,bsld_p99,20,-232.8254851,-289.8412393,-175.8097309,20,0,0
s2-95-user,shortest_estimate+topology_aware+easy_oracle,fifo+first_fit+none,wflow_mean,20,-25.60028975,-32.39200516,-18.80857434,20,0,0
s2-95-user,shortest_estimate+topology_aware+easy_oracle,fifo+first_fit+none,wflow_sum_all,20,-51168.08569,-64157.59549,-38178.5759,20,0,0
s2-95-user,shortest_estimate+topology_aware+easy_oracle,fifo+first_fit+none,large_wait_mean,20,-12649.41521,-16602.54335,-8696.287068,20,0,0
s2-95-user,shortest_estimate+topology_aware+easy_oracle,fifo+first_fit+none,large_wait_p95,20,-11173.81075,-15665.0655,-6682.555996,20,0,0
s2-95-user,shortest_estimate+topology_aware+easy_oracle,fifo+first_fit+none,utilization,20,0.0621902587,0.05232121696,0.07205930044,20,0,0
s2-95-user,shortest_estimate+topology_aware+easy_oracle,fifo+first_fit+none,frag_blocked_frac,20,-0.3824172907,-0.4087269337,-0.3561076476,20,0,0
s2-95-user,shortest_estimate+topology_aware+easy_oracle,fifo+first_fit+none,stranded_frac,20,-0.03210268851,-0.04085504932,-0.0233503277,20,0,0
s2-95-user,shortest_estimate+topology_aware+easy_oracle,fifo+first_fit+none,goodput_ratio,20,0.004670733862,0.001663487577,0.007677980147,14,0,6
s2-95-user,shortest_estimate+topology_aware+easy_oracle,fifo+first_fit+none,wasted_gpu_hours,20,-26.37438011,-44.10640739,-8.642352836,14,0,6
s2-95-user,shortest_estimate+topology_aware+easy_oracle,fifo+first_fit+none,lost_gpu_hours,20,0,0,0,0,20,0
s2-95-user,shortest_estimate+topology_aware+easy_oracle,fifo+first_fit+none,overhead_gpu_hours,20,0,0,0,0,20,0
s2-95-user,shortest_estimate+topology_aware+easy_oracle,fifo+first_fit+none,topology_gpu_hours,20,-26.37436465,-44.10638837,-8.642340924,14,0,6
s2-95-user,shortest_estimate+topology_aware+easy_oracle,fifo+first_fit+none,slack_gpu_hours,20,-1.546464647e-05,-2.036762998e-05,-1.056166297e-05,19,0,1
s2-95-user,shortest_estimate+topology_aware+easy_oracle,fifo+first_fit+none,preemptions,20,0,0,0,0,20,0
s2-95-user,shortest_estimate+topology_aware+easy_oracle,fifo+first_fit+none,failure_kills,20,0,0,0,0,20,0
s2-95-user,shortest_estimate+topology_aware+easy_oracle,fifo+first_fit+none,node_downtime_gpu_hours,20,0,0,0,0,20,0
s2-95-user,shortest_estimate+topology_aware+easy_oracle,fifo+first_fit+none,jain_bsld,20,0.0651439587,0.04082724698,0.08946067041,19,0,1
s2-95-user,shortest_estimate+topology_aware+easy_oracle,fifo+first_fit+none,tenant_worst_best_ratio,20,-0.8445915876,-1.094444575,-0.5947386002,19,0,1
s2-95-user,shortest_estimate+topology_aware+easy_oracle,fifo+first_fit+none,slo_attainment,20,0.7024736584,0.6035365303,0.8014107865,20,0,0
s2-95-user,shortest_estimate+topology_aware+easy_oracle,fifo+first_fit+none,makespan,20,-15300.31315,-21833.57582,-8767.050476,18,0,2
s2-95-user,shortest_estimate+topology_aware+easy_oracle,fifo+first_fit+none,reservations,20,289.25,271.8290114,306.6709886,0,0,20
s2-95-user,shortest_estimate+topology_aware+easy_oracle,fifo+first_fit+none,broken_reservations,20,76.45,70.33750402,82.56249598,0,0,20
s2-95-user,shortest_estimate+topology_aware+easy_oracle,fifo+first_fit+none,tenant_t0_bsld_mean,20,-26.27899829,-34.56643553,-17.99156106,20,0,0
s2-95-user,shortest_estimate+topology_aware+easy_oracle,fifo+first_fit+none,tenant_t0_bsld_p95,20,-108.5081203,-143.777835,-73.23840569,20,0,0
s2-95-user,shortest_estimate+topology_aware+easy_oracle,fifo+first_fit+none,tenant_t1_bsld_mean,20,-24.35668999,-30.97626932,-17.73711065,20,0,0
s2-95-user,shortest_estimate+topology_aware+easy_oracle,fifo+first_fit+none,tenant_t1_bsld_p95,20,-96.20195786,-121.2618983,-71.14201741,20,0,0
s2-95-user,shortest_estimate+topology_aware+easy_oracle,fifo+first_fit+none,tenant_t2_bsld_mean,20,-27.5294966,-36.13222044,-18.92677276,20,0,0
s2-95-user,shortest_estimate+topology_aware+easy_oracle,fifo+first_fit+none,tenant_t2_bsld_p95,20,-105.1971815,-135.4110414,-74.98332153,20,0,0
s2-95-user,shortest_estimate+topology_aware+easy_oracle,fifo+first_fit+none,tenant_t3_bsld_mean,20,-23.81120819,-30.75492501,-16.86749137,20,0,0
s2-95-user,shortest_estimate+topology_aware+easy_oracle,fifo+first_fit+none,tenant_t3_bsld_p95,20,-92.67987332,-119.4021451,-65.95760155,20,0,0
s2-95-user,shortest_estimate+topology_aware+easy_oracle,fifo+first_fit+none,prio_1_wait_p95,20,-25650.5844,-31924.29049,-19376.87831,20,0,0
s2-95-user,shortest_estimate+topology_aware+easy_oracle,fifo+first_fit+none,prio_1_bsld_p95,20,-102.380847,-129.6538461,-75.10784794,20,0,0
s2-95-user,shortest_estimate+topology_aware+easy_oracle,fifo+first_fit+none,prio_8_wait_p95,20,-25130.231,-31501.87746,-18758.58454,20,0,0
s2-95-user,shortest_estimate+topology_aware+easy_predicted,fifo+first_fit+none,J,20,-2.40203846,-2.865494182,-1.938582738,20,0,0
s2-95-user,shortest_estimate+topology_aware+easy_predicted,fifo+first_fit+none,J_slowdown,20,-0.788961592,-0.9876787198,-0.5902444642,20,0,0
s2-95-user,shortest_estimate+topology_aware+easy_predicted,fifo+first_fit+none,J_wait,20,-0.846405291,-1.053927812,-0.6388827704,20,0,0
s2-95-user,shortest_estimate+topology_aware+easy_predicted,fifo+first_fit+none,J_waste,20,-0.00607897871,-0.009967468227,-0.002190489192,17,0,3
s2-95-user,shortest_estimate+topology_aware+easy_predicted,fifo+first_fit+none,J_slo,20,-0.6975830059,-0.7948149282,-0.6003510837,20,0,0
s2-95-user,shortest_estimate+topology_aware+easy_predicted,fifo+first_fit+none,J_fairness,20,-0.06300959257,-0.0873656816,-0.03865350354,18,0,2
s2-95-user,shortest_estimate+topology_aware+easy_predicted,fifo+first_fit+none,wait_mean,20,-14649.13383,-18938.22281,-10360.04485,20,0,0
s2-95-user,shortest_estimate+topology_aware+easy_predicted,fifo+first_fit+none,wait_p95,20,-25087.51055,-31238.49221,-18936.52889,20,0,0
s2-95-user,shortest_estimate+topology_aware+easy_predicted,fifo+first_fit+none,wait_p99,20,-6930.04465,-13437.91619,-422.1731096,15,0,5
s2-95-user,shortest_estimate+topology_aware+easy_predicted,fifo+first_fit+none,jct_mean,20,-14653.64374,-18944.26961,-10363.01787,20,0,0
s2-95-user,shortest_estimate+topology_aware+easy_predicted,fifo+first_fit+none,jct_p95,20,-19711.90185,-25051.37865,-14372.42505,20,0,0
s2-95-user,shortest_estimate+topology_aware+easy_predicted,fifo+first_fit+none,bsld_mean,20,-25.50218538,-32.26697252,-18.73739824,20,0,0
s2-95-user,shortest_estimate+topology_aware+easy_predicted,fifo+first_fit+none,bsld_p95,20,-101.4248425,-126.9708939,-75.8787911,20,0,0
s2-95-user,shortest_estimate+topology_aware+easy_predicted,fifo+first_fit+none,bsld_p99,20,-230.5210555,-287.0854928,-173.9566181,20,0,0
s2-95-user,shortest_estimate+topology_aware+easy_predicted,fifo+first_fit+none,wflow_mean,20,-25.50218538,-32.26697252,-18.73739824,20,0,0
s2-95-user,shortest_estimate+topology_aware+easy_predicted,fifo+first_fit+none,wflow_sum_all,20,-50993.04124,-63925.62474,-38060.45774,20,0,0
s2-95-user,shortest_estimate+topology_aware+easy_predicted,fifo+first_fit+none,large_wait_mean,20,-12000.04477,-15809.77477,-8190.314771,20,0,0
s2-95-user,shortest_estimate+topology_aware+easy_predicted,fifo+first_fit+none,large_wait_p95,20,-7538.6964,-13319.14238,-1758.250424,15,0,5
s2-95-user,shortest_estimate+topology_aware+easy_predicted,fifo+first_fit+none,utilization,20,0.05591817746,0.04761008801,0.0642262669,20,0,0
s2-95-user,shortest_estimate+topology_aware+easy_predicted,fifo+first_fit+none,frag_blocked_frac,20,-0.3392931554,-0.3659403182,-0.3126459926,20,0,0
s2-95-user,shortest_estimate+topology_aware+easy_predicted,fifo+first_fit+none,stranded_frac,20,-0.03113350313,-0.03941348122,-0.02285352504,20,0,0
s2-95-user,shortest_estimate+topology_aware+easy_predicted,fifo+first_fit+none,goodput_ratio,20,0.00607897871,0.002190489192,0.009967468227,17,0,3
s2-95-user,shortest_estimate+topology_aware+easy_predicted,fifo+first_fit+none,wasted_gpu_hours,20,-34.93770189,-59.63746049,-10.23794329,17,0,3
s2-95-user,shortest_estimate+topology_aware+easy_predicted,fifo+first_fit+none,lost_gpu_hours,20,0,0,0,0,20,0
s2-95-user,shortest_estimate+topology_aware+easy_predicted,fifo+first_fit+none,overhead_gpu_hours,20,0,0,0,0,20,0
s2-95-user,shortest_estimate+topology_aware+easy_predicted,fifo+first_fit+none,topology_gpu_hours,20,-34.93768582,-59.6374404,-10.23793124,17,0,3
s2-95-user,shortest_estimate+topology_aware+easy_predicted,fifo+first_fit+none,slack_gpu_hours,20,-1.606868688e-05,-2.240845979e-05,-9.728913961e-06,17,0,3
s2-95-user,shortest_estimate+topology_aware+easy_predicted,fifo+first_fit+none,preemptions,20,0,0,0,0,20,0
s2-95-user,shortest_estimate+topology_aware+easy_predicted,fifo+first_fit+none,failure_kills,20,0,0,0,0,20,0
s2-95-user,shortest_estimate+topology_aware+easy_predicted,fifo+first_fit+none,node_downtime_gpu_hours,20,0,0,0,0,20,0
s2-95-user,shortest_estimate+topology_aware+easy_predicted,fifo+first_fit+none,jain_bsld,20,0.06300959257,0.03865350354,0.0873656816,18,0,2
s2-95-user,shortest_estimate+topology_aware+easy_predicted,fifo+first_fit+none,tenant_worst_best_ratio,20,-0.8071038728,-1.057549307,-0.5566584382,18,0,2
s2-95-user,shortest_estimate+topology_aware+easy_predicted,fifo+first_fit+none,slo_attainment,20,0.6975830059,0.6003510837,0.7948149282,20,0,0
s2-95-user,shortest_estimate+topology_aware+easy_predicted,fifo+first_fit+none,makespan,20,-15172.2224,-20780.01225,-9564.432548,18,0,2
s2-95-user,shortest_estimate+topology_aware+easy_predicted,fifo+first_fit+none,reservations,20,272.05,258.4742063,285.6257937,0,0,20
s2-95-user,shortest_estimate+topology_aware+easy_predicted,fifo+first_fit+none,broken_reservations,20,157.9,148.499279,167.300721,0,0,20
s2-95-user,shortest_estimate+topology_aware+easy_predicted,fifo+first_fit+none,tenant_t0_bsld_mean,20,-26.15301592,-34.40479697,-17.90123487,20,0,0
s2-95-user,shortest_estimate+topology_aware+easy_predicted,fifo+first_fit+none,tenant_t0_bsld_p95,20,-108.0016088,-143.1297122,-72.87350528,20,0,0
s2-95-user,shortest_estimate+topology_aware+easy_predicted,fifo+first_fit+none,tenant_t1_bsld_mean,20,-24.27780963,-30.87682592,-17.67879334,20,0,0
s2-95-user,shortest_estimate+topology_aware+easy_predicted,fifo+first_fit+none,tenant_t1_bsld_p95,20,-95.84230189,-120.813387,-70.87121679,20,0,0
s2-95-user,shortest_estimate+topology_aware+easy_predicted,fifo+first_fit+none,tenant_t2_bsld_mean,20,-27.44202903,-36.02660895,-18.85744912,20,0,0
s2-95-user,shortest_estimate+topology_aware+easy_predicted,fifo+first_fit+none,tenant_t2_bsld_p95,20,-104.8461193,-134.9987083,-74.69353034,20,0,0
s2-95-user,shortest_estimate+topology_aware+easy_predicted,fifo+first_fit+none,tenant_t3_bsld_mean,20,-23.74022396,-30.66747685,-16.81297106,20,0,0
s2-95-user,shortest_estimate+topology_aware+easy_predicted,fifo+first_fit+none,tenant_t3_bsld_p95,20,-92.40084806,-119.1322905,-65.6694056,20,0,0
s2-95-user,shortest_estimate+topology_aware+easy_predicted,fifo+first_fit+none,prio_1_wait_p95,20,-25008.9695,-31149.08402,-18868.85498,20,0,0
s2-95-user,shortest_estimate+topology_aware+easy_predicted,fifo+first_fit+none,prio_1_bsld_p95,20,-101.9844984,-129.211718,-74.75727884,20,0,0
s2-95-user,shortest_estimate+topology_aware+easy_predicted,fifo+first_fit+none,prio_8_wait_p95,20,-24747.0063,-30964.04279,-18529.96981,20,0,0
s2-95-user,shortest_estimate+topology_aware+none,fifo+first_fit+none,J,20,-1.805652453,-2.117070547,-1.494234359,20,0,0
s2-95-user,shortest_estimate+topology_aware+none,fifo+first_fit+none,J_slowdown,20,-0.7593668402,-0.95235272,-0.5663809603,20,0,0
s2-95-user,shortest_estimate+topology_aware+none,fifo+first_fit+none,J_wait,20,-0.3745901114,-0.5036542537,-0.2455259692,19,0,1
s2-95-user,shortest_estimate+topology_aware+none,fifo+first_fit+none,J_waste,20,-0.005296925591,-0.007752356565,-0.002841494618,18,0,2
s2-95-user,shortest_estimate+topology_aware+none,fifo+first_fit+none,J_slo,20,-0.6026395292,-0.6898338575,-0.5154452009,20,0,0
s2-95-user,shortest_estimate+topology_aware+none,fifo+first_fit+none,J_fairness,20,-0.06375904647,-0.08806180528,-0.03945628765,19,0,1
s2-95-user,shortest_estimate+topology_aware+none,fifo+first_fit+none,wait_mean,20,-12256.26679,-15904.3848,-8608.148778,20,0,0
s2-95-user,shortest_estimate+topology_aware+none,fifo+first_fit+none,wait_p95,20,-11102.87645,-14928.34643,-7277.406472,19,0,1
s2-95-user,shortest_estimate+topology_aware+none,fifo+first_fit+none,wait_p99,20,29277.7517,15808.1975,42747.3059,1,0,19
s2-95-user,shortest_estimate+topology_aware+none,fifo+first_fit+none,jct_mean,20,-12262.14928,-15910.41108,-8613.88748,20,0,0
s2-95-user,shortest_estimate+topology_aware+none,fifo+first_fit+none,jct_p95,20,-6819.6845,-10048.89338,-3590.475621,18,0,2
s2-95-user,shortest_estimate+topology_aware+none,fifo+first_fit+none,bsld_mean,20,-24.71748507,-31.36140827,-18.07356187,20,0,0
s2-95-user,shortest_estimate+topology_aware+none,fifo+first_fit+none,bsld_p95,20,-97.6202935,-122.4295652,-72.81102183,20,0,0
s2-95-user,shortest_estimate+topology_aware+none,fifo+first_fit+none,bsld_p99,20,-224.0749163,-279.3328395,-168.816993,20,0,0
s2-95-user,shortest_estimate+topology_aware+none,fifo+first_fit+none,wflow_mean,20,-24.71748507,-31.36140827,-18.07356187,20,0,0
s2-95-user,shortest_estimate+topology_aware+none,fifo+first_fit+none,wflow_sum_all,20,-49568.88391,-62301.43621,-36836.33162,20,0,0
s2-95-user,shortest_estimate+topology_aware+none,fifo+first_fit+none,large_wait_mean,20,-12003.24804,-15597.14781,-8409.34827,20,0,0
s2-95-user,shortest_estimate+topology_aware+none,fifo+first_fit+none,large_wait_p95,20,-7963.4855,-12571.41981,-3355.551191,16,0,4
s2-95-user,shortest_estimate+topology_aware+none,fifo+first_fit+none,utilization,20,0.03363675066,0.02645172539,0.04082177593,20,0,0
s2-95-user,shortest_estimate+topology_aware+none,fifo+first_fit+none,frag_blocked_frac,20,-0.1595363993,-0.1815391695,-0.1375336291,20,0,0
s2-95-user,shortest_estimate+topology_aware+none,fifo+first_fit+none,stranded_frac,20,-0.01644755716,-0.02166901521,-0.01122609911,19,0,1
s2-95-user,shortest_estimate+topology_aware+none,fifo+first_fit+none,goodput_ratio,20,0.005296925591,0.002841494618,0.007752356565,18,0,2
s2-95-user,shortest_estimate+topology_aware+none,fifo+first_fit+none,wasted_gpu_hours,20,-27.85389878,-41.067581,-14.64021656,18,0,2
s2-95-user,shortest_estimate+topology_aware+none,fifo+first_fit+none,lost_gpu_hours,20,0,0,0,0,20,0
s2-95-user,shortest_estimate+topology_aware+none,fifo+first_fit+none,overhead_gpu_hours,20,0,0,0,0,20,0
s2-95-user,shortest_estimate+topology_aware+none,fifo+first_fit+none,topology_gpu_hours,20,-27.85388899,-41.06756992,-14.64020806,18,0,2
s2-95-user,shortest_estimate+topology_aware+none,fifo+first_fit+none,slack_gpu_hours,20,-9.787878794e-06,-1.375944503e-05,-5.816312558e-06,18,0,2
s2-95-user,shortest_estimate+topology_aware+none,fifo+first_fit+none,preemptions,20,0,0,0,0,20,0
s2-95-user,shortest_estimate+topology_aware+none,fifo+first_fit+none,failure_kills,20,0,0,0,0,20,0
s2-95-user,shortest_estimate+topology_aware+none,fifo+first_fit+none,node_downtime_gpu_hours,20,0,0,0,0,20,0
s2-95-user,shortest_estimate+topology_aware+none,fifo+first_fit+none,jain_bsld,20,0.06375904647,0.03945628765,0.08806180528,19,0,1
s2-95-user,shortest_estimate+topology_aware+none,fifo+first_fit+none,tenant_worst_best_ratio,20,-0.7987503098,-1.063683393,-0.5338172262,19,0,1
s2-95-user,shortest_estimate+topology_aware+none,fifo+first_fit+none,slo_attainment,20,0.6026395292,0.5154452009,0.6898338575,20,0,0
s2-95-user,shortest_estimate+topology_aware+none,fifo+first_fit+none,makespan,20,2688.78095,-4981.772934,10359.33483,10,0,10
s2-95-user,shortest_estimate+topology_aware+none,fifo+first_fit+none,reservations,20,0,0,0,0,20,0
s2-95-user,shortest_estimate+topology_aware+none,fifo+first_fit+none,broken_reservations,20,0,0,0,0,20,0
s2-95-user,shortest_estimate+topology_aware+none,fifo+first_fit+none,tenant_t0_bsld_mean,20,-25.37366189,-33.4939472,-17.25337659,20,0,0
s2-95-user,shortest_estimate+topology_aware+none,fifo+first_fit+none,tenant_t0_bsld_p95,20,-104.1952949,-138.5606462,-69.82994365,20,0,0
s2-95-user,shortest_estimate+topology_aware+none,fifo+first_fit+none,tenant_t1_bsld_mean,20,-23.42568383,-29.92578226,-16.9255854,20,0,0
s2-95-user,shortest_estimate+topology_aware+none,fifo+first_fit+none,tenant_t1_bsld_p95,20,-91.75921924,-116.2988851,-67.21955341,20,0,0
s2-95-user,shortest_estimate+topology_aware+none,fifo+first_fit+none,tenant_t2_bsld_mean,20,-26.74488173,-35.24392346,-18.24584,20,0,0
s2-95-user,shortest_estimate+topology_aware+none,fifo+first_fit+none,tenant_t2_bsld_p95,20,-101.431921,-130.9736905,-71.89015154,20,0,0
s2-95-user,shortest_estimate+topology_aware+none,fifo+first_fit+none,tenant_t3_bsld_mean,20,-22.96681162,-29.86111082,-16.07251242,20,0,0
s2-95-user,shortest_estimate+topology_aware+none,fifo+first_fit+none,tenant_t3_bsld_p95,20,-88.4953217,-114.9569796,-62.03366384,20,0,0
s2-95-user,shortest_estimate+topology_aware+none,fifo+first_fit+none,prio_1_wait_p95,20,-10749.71805,-14595.33942,-6904.096677,19,0,1
s2-95-user,shortest_estimate+topology_aware+none,fifo+first_fit+none,prio_1_bsld_p95,20,-98.11668461,-124.6106424,-71.62272685,20,0,0
s2-95-user,shortest_estimate+topology_aware+none,fifo+first_fit+none,prio_8_wait_p95,20,-8600.7562,-14277.28453,-2924.227869,17,0,3
