scenario,policy,seed,J,J_slowdown,J_wait,J_waste,J_slo,J_fairness,jobs,window_jobs,infeasible_jobs,wait_mean,wait_p50,wait_p95,wait_p99,jct_mean,jct_p50,jct_p95,jct_p99,bsld_mean,bsld_p50,bsld_p95,bsld_p99,wflow_mean,wflow_sum_all,large_jobs,large_wait_mean,large_wait_p95,utilization,frag_blocked_frac,stranded_frac,goodput_ratio,wasted_gpu_hours,lost_gpu_hours,overhead_gpu_hours,topology_gpu_hours,slack_gpu_hours,grace_gpu_hours,preemptions,failure_kills,node_downtime_gpu_hours,jain_bsld,tenant_worst_best_ratio,slo_attainment,slo_violation_rate,slo_jobs,makespan,reservations,broken_reservations,invocations,tenant_t0_jobs,tenant_t0_wait_mean,tenant_t0_wait_p50,tenant_t0_wait_p95,tenant_t0_wait_p99,tenant_t0_jct_mean,tenant_t0_jct_p50,tenant_t0_jct_p95,tenant_t0_jct_p99,tenant_t0_bsld_mean,tenant_t0_bsld_p50,tenant_t0_bsld_p95,tenant_t0_bsld_p99,tenant_t1_jobs,tenant_t1_wait_mean,tenant_t1_wait_p50,tenant_t1_wait_p95,tenant_t1_wait_p99,tenant_t1_jct_mean,tenant_t1_jct_p50,tenant_t1_jct_p95,tenant_t1_jct_p99,tenant_t1_bsld_mean,tenant_t1_bsld_p50,tenant_t1_bsld_p95,tenant_t1_bsld_p99,tenant_t2_jobs,tenant_t2_wait_mean,tenant_t2_wait_p50,tenant_t2_wait_p95,tenant_t2_wait_p99,tenant_t2_jct_mean,tenant_t2_jct_p50,tenant_t2_jct_p95,tenant_t2_jct_p99,tenant_t2_bsld_mean,tenant_t2_bsld_p50,tenant_t2_bsld_p95,tenant_t2_bsld_p99,tenant_t3_jobs,tenant_t3_wait_mean,tenant_t3_wait_p50,tenant_t3_wait_p95,tenant_t3_wait_p99,tenant_t3_jct_mean,tenant_t3_jct_p50,tenant_t3_jct_p95,tenant_t3_jct_p99,tenant_t3_bsld_mean,tenant_t3_bsld_p50,tenant_t3_bsld_p95,tenant_t3_bsld_p99,prio_1_jobs,prio_1_wait_mean,prio_1_wait_p50,prio_1_wait_p95,prio_1_wait_p99,prio_1_jct_mean,prio_1_jct_p50,prio_1_jct_p95,prio_1_jct_p99,prio_1_bsld_mean,prio_1_bsld_p50,prio_1_bsld_p95,prio_1_bsld_p99,prio_4_jobs,prio_4_wait_mean,prio_4_wait_p50,prio_4_wait_p95,prio_4_wait_p99,prio_4_jct_mean,prio_4_jct_p50,prio_4_jct_p95,prio_4_jct_p99,prio_4_bsld_mean,prio_4_bsld_p50,prio_4_bsld_p95,prio_4_bsld_p99,prio_8_jobs,prio_8_wait_mean,prio_8_wait_p50,prio_8_wait_p95,prio_8_wait_p99,prio_8_jct_mean,prio_8_jct_p50,prio_8_jct_p95,prio_8_jct_p99,prio_8_bsld_mean,prio_8_bsld_p50,prio_8_bsld_p95,prio_8_bsld_p99
s2-80-exact,fifo+first_fit+none,1,0.7031070314,0.2404346223,0.3202237856,0.05305321467,0.07881773399,0.01057767483,2000,1600,0,1082.743411,191.106,4060.493,5599.317,4305.6037,2551.663,11156.657,46679.924,3.046157346,1.155244567,10.51553154,33.32616277,3.046157346,5470.31366,370,1245.029562,4489.176,0.7473647762,0.407716294,0.172501673,0.9469467853,313.9523067,0,0,313.9521726,0.0001340606061,0,0,0,0,0.9894223252,1.272906192,0.921182266,0.07881773399,812,331001.651,0,0,2848,647,1077.236621,189.605,4038.654,5602.468,3398.803317,2652.832,9005.253,15033.631,3.081948976,1.16037943,6.940397256,41.67056091,468,1052.322222,120.371,4136.821,5939.616,2657.853368,1989.759,7575.055,12325.1,3.391021154,1.150714654,12.7257622,35.92336069,333,1022.287697,107.176,3767.802,4774.367,8396.09733,2823.69,46326.346,86400,2.663999259,1.05273831,10.37068926,20.04694139,152,1332.294474,577.392,4518.842,5696.498,4277.397283,3359.778,11453.379,16133.384,2.669217852,1.250000135,8.055444701,26.36946667,788,1099.158435,104.835,3902.428,5725.813,4293.691467,2639.268,11142.588,50359.259,2.929035665,1.099614385,8.697485397,35.66641122,648,1086.238529,289.166,4206.916,5261.57,4258.566142,2476.709,12001.99,45347.927,3.36109744,1.17654543,11.89767245,35.92336069,164,990.0612378,253.006,3875.514,5939.616,4548.696244,2536.545,10750.48,67294.437,2.364515299,1.100639048,8.917146827,14.6942528
s2-80-exact,fifo+first_fit+none,2,2.537714583,0.690163638,1.528562583,0.05936769637,0.2580231065,0.001597558415,2000,1600,0,4432.611057,211.268,19382.438,22439.533,7689.772986,3895.742,23768.1,33885.017,6.674316674,1.135308755,30.18466072,84.83661742,6.674316674,17046.02299,332,4876.517518,19972.709,0.7474096018,0.4100486584,0.1423581501,0.9406323036,368.9350378,0,0,368.934928,0.0001097373738,0,0,0,0,0.9984024416,1.099913133,0.7419768935,0.2580231065,779,284779.845,0,0,3020,636,4610.458667,284.767,20154.075,22439.533,9222.591192,5239.684,26823.565,42073.362,6.443953039,1.154840544,29.55996245,87.80283046,502,4435.301749,212.449,18979.872,22475.935,6963.259369,3427.314,22982.951,27257.912,6.784665378,1.126923299,29.34347173,80.16845727,311,4144.917752,61.751,19226.868,22234.07,5912.838717,2603.175,22245.853,25412.786,7.081790963,1.100000119,32.7134163,84.83661742,151,4267.119742,211.268,18949.066,22174.237,7308.739974,4530.901,22301.578,28566.296,6.438500236,1.155897829,30.9252584,71.65866832,821,4570.968049,187.385,19624.962,22242.63,7949.536921,4122.378,23937.273,35649.066,6.478457404,1.107188782,27.74972244,82.83367103,635,4330.399094,256.524,19508.731,23206.609,7482.731846,3757.356,24081.035,30915.708,6.919779046,1.1458793,33.25964047,95.41182723,144,4094.51041,65.071,18680.495,21687.342,7121.751694,3181.729,22761.326,32969.438,6.708565663,1.124670224,36.34270774,84.83661742
s2-80-exact,fifo+first_fit+none,3,2.260395984,0.8759165519,0.8705758983,0.04692775286,0.4385510996,0.02842468107,2000,1600,0,5687.572281,5444.918,11039.053,11764.415,8314.68207,7717.791,16020.491,26346.272,10.7186659,4.926632624,38.30865969,91.54524434,10.7186659,19688.00856,377,6111.962708,11215.173,0.8287761588,0.8141804625,0.2668376664,0.9530722471,221.3911667,0,0,221.391056,0.0001107070707,0,0,0,0,0.9715753189,1.597399549,0.5614489004,0.4385510996,773,213389.831,0,0,3839,639,5591.719736,5378.536,10802.704,11565.492,9388.112948,8345.606,21081.006,35912.062,8.046941484,3.830323901,27.23729221,54.19089454,481,5667.628958,5388.353,11127.089,11786.544,7314.562081,6977.909,13228.112,16650.172,12.8541807,6.26664207,44.64133753,109.3589482,318,5705.456428,5434.691,11169.345,11513.226,7942.494881,7355.003,15500.196,18125.678,11.88668341,4.957238328,55.88677798,94.58346667,162,6089.765833,5842,11138.285,11770,7780.67534,7756.042,13844.028,15584.394,12.62372585,7.308226775,36.40733929,134.93685,827,5709.151752,5460.22,11001.154,11774.959,8404.79838,7839.533,16353.038,28174.036,11.09759399,4.841187109,39.74213225,96.57160189,629,5665.898482,5435.012,11144.405,11770,8111.815337,7583.761,15266.271,23402.899,10.52480091,5.018511036,38.42866555,65.68049217,144,5658.312535,5343.606,10785.632,11513.226,8683.272257,7638.181,18527.276,35912.062,9.389273868,5.365231216,28.86436571,74.18012395
s2-80-exact,fifo+first_fit+none,4,1.584096485,0.5356654911,0.6789435759,0.0439397091,0.1907284768,0.1348192316,2000,1600,0,2806.332169,2514.62,8609.122,11264.317,5412.818088,4467.592,13244.51,18448.172,5.926725902,2.170875683,23.42760502,58.66944127,5.926725902,11365.73572,354,3001.931181,8872.095,0.8058748332,0.6840886073,0.2305404603,0.9560602909,211.1922911,0,0,211.1921819,0.0001092525253,0,0,0,0,0.8651807684,2.565336465,0.8092715232,0.1907284768,755,224395.946,0,0,3535,615,2978.553052,2749.828,9013.364,11661.488,4954.646941,4097.25,12754.008,18086.933,9.047447492,2.810437228,38.29562862,76.95571667,495,2621.614871,2403.639,7769.229,10692.259,6270.690782,4864.135,15441.248,24821.193,3.526807347,1.771594585,12.86022148,28.40314745,334,2794.901778,2466.204,8715.231,11178.154,5140.94468,4498.232,12057.367,17446.333,4.104697412,2.26803587,14.42860709,27.04707645,156,2737.979417,2262.705,9784.292,11315.999,5079.061615,4363.118,12351.625,14519.144,5.140017074,2.083890384,19.37006527,54.02189043,845,2769.709788,2500.13,8746.09,11315.999,5492.687405,4467.101,13500.355,20810.309,5.71298545,2.153389881,21.572711,58.65806667,608,2849.973574,2553.835,8322.395,10978.331,5340.204454,4528.555,13119.182,17995.383,6.417175597,2.244770189,25.5056447,63.64629553,147,2836.345354,2582.946,9241.587,11083.772,5254.039293,4170.572,13828.888,18388.395,5.12684337,2.103780524,21.25538481,51.55995537
s2-80-exact,fifo+first_fit+none,5,0.3590819438,0.08715053273,0.179900779,0.05120299927,0.03846153846,0.002366094418,2000,1600,0,444.4010294,0,2281.173,3054.183,2634.28972,1990.522,7032.863,12101.228,1.534504599,1,3.811573252,8.104062768,1.534504599,3221.201064,334,534.7825539,2354.188,0.7501835332,0.2874520317,0.1280199062,0.9487970007,194.6075156,0,0,194.6074157,9.987878792e-05,0,0,0,0,0.9976339056,1.137491653,0.9615384615,0.03846153846,754,213720.543,0,0,2740,639,474.0618936,0,2281.173,3054.183,2614.501649,1865.531,7032.863,14843.376,1.603299459,1,4.321943943,8.104062768,486,431.8724198,0,2302.943,3045.321,2261.63423,1725.706,6238.562,9954.582,1.514155939,1,3.529169511,7.028381566,322,436.4153137,0,2355.92,3214.028,3200.094295,2544.004,7715.323,11466.107,1.409504373,1,3.327234599,6.034033663,153,377.1266013,0,1566.662,3329.574,2709.884961,1928.18,7621.154,15263.551,1.574894183,1,4.564277163,9.606815139,846,450.9207222,0,2302.943,3206.49,2683.637797,1987.866,7511.958,12662.84,1.508826425,1,3.562524539,7.26312681,602,443.2036827,0,2216.999,3045.321,2549.777171,1967.279,6583.551,10223.758,1.572977857,1,4.564277163,8.401243454,152,412.8559145,0,2155.823,2809.444,2694.342888,2081.89,7017.101,14843.376,1.525049565,1,3.613528049,8.553432507
s2-80-exact,fifo+first_fit+none,6,2.872040266,1.277614039,1.017849362,0.05585313548,0.5111386139,0.009585114854,2000,1600,0,6369.363823,5435.488,12906.506,13514.094,8301.518617,7375.583,15705.708,21057.013,14.0545171,5.899559066,55.87710535,124.6227313,14.0545171,28504.56485,388,6723.995763,13098.672,0.8214107009,0.8496090686,0.2531958973,0.9441468645,201.1423689,0,0,201.1422454,0.0001234747475,0,0,0,0,0.9904148851,1.304478005,0.4888613861,0.5111386139,808,184570.796,0,0,3903,647,6453.905233,5513.441,12923.156,13576.457,8522.64183,7919.151,16171.545,21912.414,15.63548504,5.767438612,74.1966799,158.8312289,472,6074.271002,5200.068,12885.267,13633.471,7872.055466,6928.326,15180.304,18857.706,13.03982934,6.032524746,50.17277529,90.87405962,318,6535.722377,5578.922,12810.432,13450.946,7802.238236,6779.989,14499.356,15765.547,13.40424409,6.892597509,52.34108548,106.7203419,163,6563.741117,5714.995,13001.907,13574.666,9641.463706,8575.285,18132.573,40053.688,11.98600895,5.049095841,41.14665116,135.848624,792,6392.310564,5522.491,12878.8,13514.094,8410.659971,7422.211,15994.745,22414.892,14.71144115,5.899559066,63.40802035,155.3940167,644,6265.351801,5232.791,12923.156,13574.666,8079.11246,7160.932,15593.511,17958.887,12.75491195,5.848061292,44.7604709,123.4041648,164,6666.985305,5800.396,12912.481,13623.002,8647.796744,8517.314,15083.175,21341.095,15.98538212,5.949494567,74.1966799,124.6227313
s2-80-exact,fifo+first_fit+none,7,2.013377746,0.7689018786,0.8613820174,0.04180745385,0.294044665,0.04724173077,2000,1600,0,3944.060706,3040.391,10922.473,13842.891,7766.225287,5852.641,20309.637,47985.835,7.648373047,2.610273223,33.62831806,68.68075159,7.648373047,12671.97854,369,4254.476808,11042.884,0.7774513799,0.6935047683,0.2116750527,0.9581925461,292.4628467,0,0,292.4627179,0.0001287676769,0,0,0,0,0.9527582692,1.776956734,0.705955335,0.294044665,806,387786.479,0,0,3258,632,3874.435807,2898.176,10839.88,13842.891,7219.188666,5759.042,17915.796,33662.545,7.17751212,2.737815525,30.88628641,57.36199603,504,4114.386736,3132.704,11056.781,13677.697,9784.194093,6322.731,34248.343,74730.411,6.090271074,2.264068386,24.35070335,50.50353422,308,3821.464584,2893.659,10838.164,13893.168,6308.098568,5035.887,16479.606,24778.908,9.556680115,2.736968692,43.02670084,84.55708333,156,3917.895468,3129.146,10026.414,12149.761,6341.698981,5692.251,15031.262,21784.973,10.82214819,2.798884357,64.99646007,105.1114434,794,4138.588039,3234.844,11295.163,14261.865,8123.729325,6300.677,19815.931,53598.086,7.776791838,2.609207612,34.97199682,68.68075159,644,3767.423054,2811.008,10588.298,13750.779,7483.603161,5336.349,21484.642,47985.835,7.802607732,2.620375798,34.10385,81.94608249,162,3692.825802,2900.616,9291.283,11880.418,7137.524321,6212.625,18251.663,33269.825,6.405831951,2.444608383,23.9027157,56.05750923
s2-80-exact,fifo+first_fit+none,8,0.5808296124,0.2202556134,0.21586614,0.04593176007,0.065,0.03377609896,2000,1600,0,645.2712256,180.321,2737.22,3826.139,2176.541213,1432.102,6573.791,12193.214,2.741280524,1.204866537,9.63299223,23.24558339,2.741280524,4859.238511,390,731.4063821,2897.013,0.7577435221,0.4535475092,0.1592603897,0.9540682399,124.0658933,0,0,124.0657705,0.0001227878788,0,0,0,0,0.966223901,1.665300336,0.935,0.065,800,143420.605,0,0,2995,674,692.5077003,194.77,2856.555,4008.601,1904.767288,1313.969,5790.434,9577.879,3.333661008,1.250002153,12.87087508,27.27785848,490,566.5069816,138.919,2382.234,3566.552,1940.951765,1250.897,4853.077,12710.929,2.390619547,1.142075415,6.856378713,15.08109073,303,641.7281584,174.152,2702.464,3497.052,2868.948931,1849.282,8313.019,13651.835,2.001837708,1.117730868,6.191116302,13.09160933,133,704.1482556,269.151,2845.246,3407.314,2844.322541,1818.874,10561.891,14700.107,2.715796354,1.199870535,12.03034902,22.92472485,800,637.114965,193.405,2699.51,3826.504,2190.502505,1339.839,6361.566,12823.07,2.743335767,1.246044106,9.5621731,23.16901338,629,630.8727854,99.096,2765.608,3566.552,2159.734714,1471.014,7218.449,11417.132,2.758490163,1.101366103,10.15198917,24.60986766,171,736.3918538,267.432,2803.773,4187.391,2173.045626,1645.286,6782.995,9106.683,2.66836206,1.364302376,6.856378713,23.1879963
s2-80-exact,fifo+first_fit+none,9,1.415732232,0.47490388,0.7203326011,0.03576646702,0.1687657431,0.01596354104,2000,1600,0,2168.118193,967.75,9133.942,11042.834,4591.335354,3317.098,12355.262,19952.217,5.193140365,1.57432624,20.77016479,53.7192766,5.193140365,15465.01495,346,2530.519558,9432.202,0.7627967282,0.5114473048,0.1647492462,0.964233533,162.1252467,0,0,162.125152,9.470707072e-05,0,0,0,0,0.984036459,1.377103525,0.8312342569,0.1687657431,794,220371.88,0,0,3281,645,2173.603645,991.978,9168.939,11048.531,4586.56582,3263.974,11829.365,18549.523,4.783997347,1.599619168,16.39832636,53.12172893,474,2226.982715,947.883,9684.517,11056.767,4609.193262,3580.519,12653.408,19173.184,5.000233137,1.54131134,20.61016993,53.7192766,330,2165.925824,947.759,9119.507,11285.198,4918.04953,3539.426,14105.746,23384.01,5.631632688,1.426071349,26.29876667,70.03186231,151,1964.698205,952.328,8797.927,10302.865,3841.640139,2245.296,11823.08,17960.702,6.588059612,1.800265047,29.99878248,53.13653333,806,2203.050057,1111.307,9062.714,11006.75,4693.398803,3476.836,12610.793,19830.474,5.298655962,1.618856001,19.52889248,53.12172893,627,2110.05114,792.148,9353.682,11056.767,4543.493362,3211.449,11829.365,21033.408,5.1982776,1.521987909,23.69665881,55.59236239,167,2217.537114,972.177,9119.507,10505.231,4278.36403,3079.965,12365.478,19952.217,4.664597745,1.557922782,20.81605541,41.16904663
s2-80-exact,fifo+first_fit+none,10,6.322125745,2.766877995,2.479196459,0.05659482225,1,0.01945646817,2000,1600,0,21985.12226,22008.947,31436.64,33072.958,24845.85853,24215.459,35934.515,46124.225,34.73624573,17.07323831,121.0108284,268.0517255,34.73624573,64027.43557,352,22630.20741,31706.991,0.8384960187,0.8402822013,0.245394243,0.9434051777,355.26798,0,0,355.267872,0.000108040404,0,0,0,0,0.9805435318,1.500547811,0,1,769,301971.275,0,0,3957,626,21959.13562,21992.946,31479.287,34041.854,24745.65187,24050.167,35248.146,40353.151,40.12051735,15.45298538,166.2702152,353.8543146,484,22138.37257,22154.55,31643.025,33098.815,25968.87644,24916.516,39561.041,48933.15,33.60860136,17.56933082,108.1452514,364.1764816,343,21679.46324,21865.149,30670.467,32922.656,23925.43348,23650.129,34152.826,40217.153,26.73724693,16.75841163,90.51834311,165.5804148,147,22304.41156,22279.43,31557.253,32772.437,23722.69184,23657.588,32653.727,35008.307,34.18442555,23.27446038,85.94148037,156.3914741,831,21860.52471,21865.149,31431.302,32985.973,24635.55867,23909.334,35654.142,46256.185,35.82725603,17.00439027,129.5741258,265.8666167,627,22364.35078,22353.378,31545.208,33426.78,25322.18252,24628.971,36074.898,48824.622,34.64438048,17.13000676,117.8451438,343.1920837,142,21039.80037,21447.886,30687.956,34140.83,23973.35185,23449.529,35381.926,40355.327,28.75716091,17.00931763,88.41466025,172.1476974
s2-80-exact,fifo+first_fit+none,11,1.866227473,0.5413863454,0.8938455335,0.04228249023,0.3785450062,0.01016809751,2000,1600,0,4494.091569,3823.115,11334.116,12387.201,7298.890637,6573.96,15914.475,26817.081,6.364498979,2.757878203,23.67780951,49.73451239,6.364498979,11691.36767,333,4626.360952,11537.831,0.7793887796,0.5852194341,0.176958281,0.9577175098,199.7290222,0,0,199.7289062,0.000116,0,0,0,0,0.9898319025,1.326527242,0.6214549938,0.3785450062,811,259943.309,0,0,3357,640,4373.118331,3725.991,11375.133,12406.441,7670.952234,6793.323,17611.684,34749.369,6.25442575,2.259405553,25.48306248,51.97537309,470,4711.52014,3943.607,11446.767,12567.029,6860.325655,6517.324,14604.029,19090.983,6.529735282,3.088147978,23.63722581,42.94312083,327,4205.924994,3662.646,11006.596,11688.259,6749.425713,5735.634,15673.746,27188.027,6.916087457,2.755239137,23.67780951,57.65495735,163,4920.238276,4524.51,11564.79,12676.342,8204.909957,8004.853,17694.322,34891.673,5.213679177,2.654963451,18.86093617,36.29977769,789,4641.660186,4092.204,11446.767,12376.429,7538.256312,7049.354,16234.667,30954.577,6.54105117,2.753793151,24.63036278,50.61294831,653,4400.478706,3662.438,11147.805,12463.354,6925.681277,6267.477,15212.451,21577.06,6.077874207,2.910624713,21.66167678,45.96012498,158,4144.076127,3507.469,10930.479,12355.456,7646.018449,6257.871,20340.526,31313.087,6.667450233,2.498408471,30.14373191,86.69693333
s2-80-exact,fifo+first_fit+none,12,0.9721026187,0.304943526,0.4919689976,0.03900097769,0.1105710814,0.02561803604,2000,1600,0,1689.775902,772.998,6238.252,7947.544,4206.109281,3095.847,11550.338,20067.291,3.692421849,1.410788074,13.33686153,33.56061269,3.692421849,7230.205324,349,1821.74641,6561.653,0.7472870939,0.5335990509,0.1901280539,0.9609990223,159.2745022,0,0,159.2743798,0.0001224646465,0,0,0,0,0.974381964,1.495473477,0.8894289186,0.1105710814,823,232305.539,0,0,3232,597,1702.151199,733.469,6442.712,7994.799,3193.111985,2308.421,8946.114,11923.354,4.344495072,1.59521867,16.92838753,33.56061269,519,1692.461447,772.278,6332.095,7642.172,5406.765437,3658.834,16366.43,24421.779,3.582304724,1.250000119,14.22849913,37.40341914,324,1632.736222,916.241,5766.111,7947.544,4431.707485,3644.411,11550.338,14854.189,3.056110418,1.383516938,9.363817853,33.36889642,160,1750.394688,737.163,6074.909,8116.712,3634.390669,3098.709,8857.33,13803.63,2.905096706,1.537104609,9.136676567,17.62693182,777,1755.496767,883.617,6225.566,7766.322,4260.992072,3137.886,11920.818,20912.821,3.679985704,1.469522964,13.33686153,32.7904,660,1669.920808,743.893,6351.16,8031.561,4162.063124,3068.613,10828.383,18625.836,3.749394541,1.380834931,13.69762726,36.64894981,163,1456.887865,458.316,5911.766,8125.501,4122.836485,2744.371,10386.708,30540.233,3.521016378,1.270577061,11.92311854,47.07385187
s2-80-exact,fifo+first_fit+none,13,0.4922239701,0.1358193437,0.2209604711,0.04124417117,0.07380073801,0.02039924611,2000,1600,0,771.7748575,280.043,2801.817,3752.817,2883.057561,2241.95,7713.783,13136.622,2.19110401,1.192826571,5.940128665,18.22690129,2.19110401,4512.693172,351,910.8787123,3013.94,0.8134761405,0.4726041314,0.1730375907,0.9587558288,158.1719111,0,0,158.171831,8.008080812e-05,0,0,0,0,0.9796007539,1.452903848,0.926199262,0.07380073801,813,185318.73,0,0,3119,628,786.4623248,383.26,2565.336,3546.071,2917.561581,2488.808,7116.584,11442.284,1.773048929,1.193752067,4.516477153,6.471857259,479,801.1111232,257.304,3088.561,3946.616,2747.139674,1883.762,7649.403,13717.918,2.504117292,1.219350026,9.629243497,18.41480855,328,689.885439,165.087,2679.694,3740.917,2532.398689,1848.505,6337.988,11493.68,2.576069611,1.153492328,9.796433333,23.51763425,165,793.4956364,236.293,2952.924,3771.962,3843.374248,2998.411,11140.416,17825.351,2.108294988,1.123886762,6.062579676,27.48360587,787,756.3885629,280.043,2711.679,3669.837,2862.217915,2272.2,7237.964,13189.846,2.175329768,1.158857906,5.668518344,18.41480855,643,786.3040964,291.052,2850.511,3771.962,2859.226788,2221.496,7989.403,11493.68,2.150164631,1.233440828,6.142828236,15.98455028,170,788.0496412,232.619,3323.222,4174.494,3069.669259,2151.948,8793.723,17825.351,2.418976647,1.195678997,8.555519843,17.3304887
s2-80-exact,fifo+first_fit+none,14,1.256542953,0.4434407061,0.5035790915,0.05611871146,0.1433962264,0.1100082175,2000,1600,0,1929.843393,1155.945,6385.47,8442.952,3926.861845,2775.378,10329.244,16902.465,5.001668174,1.920034133,19.39410674,43.60510864,5.001668174,8550.963805,378,2005.430751,6626.29,0.8158879861,0.635173993,0.2476222055,0.9438812885,217.9137489,0,0,217.9136211,0.0001277575758,0,0,0,0,0.8899917825,2.376995049,0.8566037736,0.1433962264,795,178937.446,0,0,3274,594,2102.006769,1192.09,6467.612,8293.643,3514.276657,2476.844,9793.729,13104.516,6.943273699,2.458164829,27.64833079,70.4198389,514,1748.945292,942.87,6075.605,8223.211,4126.841315,3123.297,10176.844,13836.956,3.282768341,1.55560538,12.53377875,23.54910189,336,1883.965339,1151.673,6387.758,8507.248,3494.18383,2556.364,8963.744,12066.569,5.16470507,2.004838422,16.8459927,48.06402504,156,1969.148551,1370.554,6085.842,8730.352,5770.874455,3571.389,18895.64,31781.012,2.921029937,1.704736524,9.228339862,19.21961636,805,1899.542307,1151.673,6148.493,8068.096,3911.61405,2768.608,10282.847,14908.213,4.856535797,1.903093107,18.89843336,38.33075869,635,1988.089917,1119.535,6712.365,8730.352,3896.470255,2790.727,10167.857,17322.92,5.310294168,1.918731239,23.33074252,48.06402504,160,1851.129844,1256.342,6267.797,7689.105,4124.193938,2751.177,10898.638,31534.707,4.507006031,1.953358145,14.89763761,31.45086838
s2-80-exact,fifo+first_fit+none,15,4.76088074,1.860917511,1.770472453,0.06899335815,0.9614427861,0.09905463207,2000,1600,0,15821.2824,16671.152,22449.897,24489.582,18932.09636,18759.724,28708.262,39146.256,22.76480183,10.94774189,81.38818187,175.8710287,22.76480183,42422.76423,357,15944.50207,22237.717,0.8310623522,0.8432448842,0.2729937202,0.9310066419,413.4442422,0,0,413.4441168,0.0001254141415,0,0,0,0,0.9009453679,2.196018622,0.03855721393,0.9614427861,804,291653.558,0,0,3842,654,15944.94968,16876.191,22518.106,24587.161,18541.64838,18614.189,27068.239,35958.092,23.11880846,11.58561103,80.73008845,150.483915,498,15775.83225,16599.204,22386.749,24276.439,20013.75524,19372.318,31513.807,42528.943,16.19429436,7.718056557,59.40261731,128.2122169,299,15622.55384,16088.417,22537.497,24489.582,17613.31078,17914.924,26581.394,38762.583,35.56297198,18.77541835,129.1163348,255.7474667,149,15829.17246,16179.544,22444.731,25386.971,19677.08797,19709.26,31226.322,40792.811,17.48922812,9.540213826,60.74782352,119.2741679,796,15780.16922,16382.86,22337.258,24498.2,19141.66968,18799.632,29832.838,39641.814,22.23534637,10.52649102,87.3015517,180.4693027,652,15953.96175,17061.174,22529.35,24758.128,18973.12364,18854.004,27967.389,37633.506,22.6803691,11.02449649,80.57137101,153.8065167,152,15467.46106,15748.579,22338.485,23885.156,17658.60857,17773.835,25484.805,41297.14,25.89964849,14.19480878,84.79566609,185.1649706
s2-80-exact,fifo+first_fit+none,16,4.015374879,1.867631798,1.319142491,0.05302506312,0.710199005,0.06537652259,2000,1600,0,7815.966767,9491.368,16726.955,19201.424,9473.711778,10189.482,18770.884,24916.797,20.50620685,8.813426021,81.68183465,164.6583,20.50620685,44144.22277,364,7942.640354,16914.379,0.8487293023,0.7065502368,0.221758158,0.9469749369,191.0116133,0,0,191.0115064,0.000106949495,0,0,0,0,0.9346234774,2.188295766,0.289800995,0.710199005,804,156358.345,0,0,3713,625,7536.667307,9295.967,16646.828,18055.45,8963.261149,9941.57,18403.92,26405.95,22.89044849,10.14277499,92.88680224,165.2351167,493,8043.074178,9550.588,16932.882,19762.412,10027.61821,10406.799,19827.996,25272.041,19.59492403,7.739008185,74.32552309,169.6289333,322,7917.335957,9509.691,16570.405,18182.911,9347.39491,10141.042,18117.258,21406.487,22.26533894,8.538557736,81.74784142,160.3492,160,8003.200075,9608.124,16582.691,19774.619,10015.14806,10569.651,19993.046,28421.546,10.46039976,6.900108946,32.15455277,63.28737957,796,7615.523735,9447.122,16599.212,19655.082,9323.029989,10057.028,19454.522,24916.797,20.18863113,8.584820423,80.95968921,164.0556167,633,7934.431392,9500.836,16765.316,19090.877,9551.318768,10256.701,18735.953,26058.501,20.16956307,8.580585961,76.55161019,170.5460167,171,8310.496275,9538.896,16846.085,19330.246,9887.849088,10334.14,18211.913,24607.277,23.23068507,11.32562909,114.0080193,169.6289333
s2-80-exact,fifo+first_fit+none,17,2.839990733,0.9447380424,1.282948111,0.05792520856,0.4948586118,0.059520759,2000,1600,0,6630.84256,3087.179,16268.004,17687.123,9439.717657,8575.718,19857.326,28961.864,10.1045019,3.262617768,41.31860288,113.1871252,10.1045019,19387.33375,372,6634.573441,16331.931,0.834688014,0.6386640402,0.2083552538,0.9420747914,326.3189978,0,0,326.3188647,0.0001330909091,0,0,0,0,0.940479241,1.765458294,0.5051413882,0.4948586118,778,258751.168,0,0,3527,628,6881.814951,5483.176,16639.748,17589.703,9891.717341,9986.481,19858.687,27332.003,9.485229506,3.190994106,38.60015137,113.1871252,486,6225.028051,2247.58,16268.004,18127.065,9514.742897,8213.825,21704.354,30384.199,8.25779295,2.634803009,29.51396494,115.0589143,340,6619.890938,3462.009,15485.563,17729.548,8493.881776,7097.869,18171.268,33962.262,14.57878906,4.513523927,57.38350611,137.4982565,146,6927.683253,3682.28,16517.492,17836.778,9448.389795,8743.088,20074.812,24205.965,8.495912767,3.179124212,40.8654474,76.36248477,822,6582.611283,2949.973,16517.492,17604.624,9356.944136,8303.792,19821.17,25825.353,9.852769827,3.126850171,41.04072949,104.5331752,617,6617.863522,2939.197,16230.855,17787.694,9491.316806,8380.278,20219.433,33724.7,9.640708022,3.289278059,37.61876515,110.233992,161,6926.83123,6907.6,15307.093,18159.143,9664.582006,11263.458,19577.556,26300.076,13.16713913,3.422221607,62.98816324,154.3370703
s2-80-exact,fifo+first_fit+none,18,1.106739026,0.3029423699,0.5894976354,0.02850017062,0.1147540984,0.07104475154,2000,1600,0,1591.748146,0,7474.932,12009.701,5571.879906,3274.049,17890.939,35142.193,3.398780808,1.025801417,13.24933994,31.98786134,3.398780808,6002.883743,356,1699.023,7086.878,0.7218480712,0.4174813615,0.150759209,0.9714998294,187.8835089,0,0,187.8834078,0.0001010909091,0,0,0,0,0.9289552485,2.128834442,0.8852459016,0.1147540984,793,390957.681,0,0,2873,654,1579.144778,0,7628.187,12600.503,8006.184804,4649.72,23901.401,48792.752,2.305292647,1,7.965237447,21.13225265,489,1719.103511,179.324,7961.493,10573.159,4298.532879,2742.989,12819.733,19171.124,4.907586386,1.143286165,18.85687468,67.82431,318,1483.007572,0,7414.15,9778.436,2903.336796,1915.153,9828.197,11751.494,3.486209071,1,16.36238518,26.01073765,139,1451.786496,88.226,6406.995,12425.018,4703.016604,3096.555,17124.92,22845.942,3.035709885,1.038681438,11.88491833,22.42483378,807,1701.323825,0,8385.317,12442.512,5296.222565,3075.06,16965.428,27922.209,3.858157478,1.045688807,14.41822919,35.84748661,633,1424.010578,0,6242.223,9831.163,5957.940564,3334.834,20056.965,39079.836,2.719774443,1,10.00030945,22.98597976,160,1702.687563,59.691,8345.261,13031.502,5434.874137,3743.236,13783.431,48792.752,3.768118657,1.049104536,15.7469882,59.32000247
s2-80-exact,fifo+first_fit+none,19,0.3618840724,0.1195725574,0.1587616352,0.02845211365,0.02527075812,0.02982700802,2000,1600,0,350.9256981,0,2013.125,3743.3,2940.653622,1468.217,9473.308,24902.687,1.86191797,1,5.22956713,15.3633,1.86191797,3830.356372,338,421.1015059,2068.088,0.7311281059,0.2554649284,0.118603123,0.9715478863,133.6057911,0,0,133.6057116,7.951515154e-05,0,0,0,0,0.970172992,1.596664001,0.9747292419,0.02527075812,831,281848.463,0,0,2680,656,326.562779,0,1887.769,3839.171,4064.703666,2034.423,13193.53,42543.581,1.459642175,1,3.421126987,9.322996788,468,433.9730556,0,2283.578,4434.816,2084.65634,1114.41,7042.073,16062.37,2.257903775,1,6.800784231,24.60208629,316,249.0250348,0,1504.647,2647.647,2330.83487,1282.13,7528.268,17500.943,1.873276016,1,6.488029489,17.52501367,160,409.1539562,0,2316.157,3689.502,2040.232531,1283.897,6176.1,13723.844,2.330558115,1,7.434224454,37.96755,769,368.2589116,0,2252.678,3870.739,2888.325632,1522.709,8637.173,22704.769,1.774907459,1,5.621838202,11.15825276,662,338.5816495,0,1996.769,3914.005,2997.848955,1370.139,10028.385,28158.885,1.907222067,1,5.710828781,16.22646021,169,320.4080592,0,1765.252,2863.912,2954.718207,1311.218,10955.622,27094.338,2.080378155,1,4.347086217,28.09841739
s2-80-exact,fifo+first_fit+none,20,2.655682259,1.041363386,1.018082009,0.04578531395,0.4134495641,0.1370019868,2000,1600,0,4590.696432,2563.253,12909.456,14311.157,7695.806184,6609.652,18358.238,31658.689,9.925464615,1.753396323,45.54456183,139.9810853,9.925464615,18017.36329,353,4844.399096,13415.647,0.7791165265,0.4849805615,0.1474550533,0.9542146861,252.5370044,0,0,252.5368887,0.0001157575758,0,0,0,0,0.8629980132,2.664291326,0.5865504359,0.4134495641,803,272325.586,0,0,3183,645,4717.856918,2768.205,12909.992,14428.916,9860.454811,9141.213,25013.849,39676.774,6.916075541,1.510351416,32.00931103,88.74774335,467,4573.967936,2952.968,12682.198,14102.372,5895.032627,4892.594,14467.775,17514.865,15.39850671,2.939015098,71.81255535,199.2850167,310,4602.27911,734.717,13415.647,14622.694,7040.330084,5754.321,16562.451,21503.69,5.7795882,1.578200924,24.30809147,51.20596766,178,4153.634994,198.923,12915.931,15873.199,5718.056062,3670.035,15016.394,18586.755,13.69157127,1.25,79.24151431,143.9621833,797,4511.924657,2574.167,12915.931,14592.368,7559.2621,6509.274,18329.972,30148.044,9.353640897,1.666574812,41.61190264,132.5996062,621,4635.883118,2060.152,12987.175,14301.919,7962.900741,6693.416,19622.835,38188.694,10.73669918,1.787915879,49.00667767,164.1141291,182,4781.46661,3173.965,12356.332,14015.044,7382.399126,6444.687,16598.399,26503.318,9.66154614,1.982430405,44.93327986,144.27755
s2-80-exact,shortest_estimate+topology_aware+conservative,1,0.1118108355,0.03355714908,0.04654116312,0.02387972588,0.007389162562,0.0004436349092,2000,1600,0,86.95133625,0,590.15,1921.142,3272.471135,1334.095,9969.846,46326.346,1.101657438,1,1.467639128,2.970790464,1.101657438,2174.582983,370,316.8632973,1808.888,0.7269271236,0.1064675513,0.1028225075,0.9761202741,137.0892978,0,0,137.0892258,7.200000003e-05,0,0,0,0,0.9995563651,1.05325064,0.9926108374,0.007389162562,812,331001.651,162,37,2536,647,121.6954173,0,825.949,2729.211,2423.35211,1601.915,7965.657,15033.631,1.133591372,1,1.663856013,4.485716667,468,53.01109829,0,255.475,1489.696,1650.895579,960.132,5969.06,9235.755,1.076278835,1,1.250001113,2.732584311,333,72.27200601,0,659.094,1686.565,7326.526931,1406.261,46326.346,86400,1.084375946,1,1.250000116,2.609947701,152,75.71994079,0,433.575,1890.896,2997.976329,1926.776,10331.158,15590.314,1.081727616,1,1.495747903,2.900277031,788,74.88054061,0,428.02,1951.624,3248.07009,1402.937,9325.932,48633.587,1.089988231,1,1.278886,3.10668545,648,99.98445525,0,815.86,2137.692,3210.781713,1293.835,10998.126,44785.025,1.104123897,1,1.609419324,2.943317032,164,93.45332317,0,589.262,1921.142,3633.463628,1296.725,9059.982,67156.945,1.147981029,1,1.692365953,4.562726791
s2-80-exact,shortest_estimate+topology_aware+conservative,2,0.1464340325,0.03260231117,0.05159842851,0.05131538095,0.01026957638,0.0006483354775,2000,1600,0,156.8795994,0,654.277,3117.956,3406.151209,1594.564,13153.686,25484.217,1.090923192,1,1.425878802,2.628086029,1.090923192,2181.741091,332,628.3354367,2653.495,0.7594780321,0.1491143401,0.0986610895,0.9486846191,316.1879333,0,0,316.1878552,7.810101014e-05,0,0,0,0,0.9993516645,1.062467383,0.9897304236,0.01026957638,779,301017.413,203,54,2815,636,234.6655708,0,677.958,5359.351,4832.949192,2109.248,18645.091,33047.421,1.075726352,1,1.356467124,2.439358868,502,119.8284143,0,817.398,1953.688,2635.976514,1521.844,8086.378,16461.268,1.083503057,1,1.504723329,2.519844235,311,78.22792926,0,479.377,1533.586,1841.255926,1146.433,6147.75,8940.839,1.141848334,1,1.391048601,5.086306977,151,114.419245,0,670.231,2056.306,3180.102291,1660.237,10455.572,29412.554,1.074713777,1,1.646963375,2.291030801,821,174.1124823,0,584.182,3032.828,3545.901315,1639.066,13267.089,25484.217,1.083288516,1,1.382138871,2.536751659,635,133.181537,0,670.231,3117.956,3276.776868,1584.511,12271.414,24869.817,1.105821683,1,1.519886507,2.96976142,144,163.1301042,0,560.191,5149.521,3179.886417,1473.479,13775.162,27939.411,1.068753234,1,1.250000752,2.015704951
s2-80-exact,shortest_estimate+topology_aware+conservative,3,0.204075766,0.04830909502,0.1093499276,0.03236077873,0.01293661061,0.001119353971,2000,1600,0,255.9702875,0,1386.576,4623.139,2869.59339,1362.202,10759.461,23684.013,1.226421995,1,2.11282305,5.902603936,1.226421995,2430.123868,377,942.9076446,4313.651,0.8230052695,0.2865142579,0.1503957168,0.9676392213,150.3702267,0,0,150.3701453,8.137373739e-05,0,0,0,0,0.998880646,1.098254612,0.9870633894,0.01293661061,773,209476.042,358,126,3180,639,272.5558169,0,1429.148,5047.451,4054.542559,1969.556,14850.635,30617.045,1.178205364,1,1.948155303,3.879035214,481,162.0316611,0,1115.009,2763.689,1794.624035,1034.201,5557.438,10994.371,1.253478912,1,2.236227992,7.479871241,318,305.2047579,0,1698.019,4623.139,2527.673425,1377.536,9330.418,13086.528,1.247973439,1,2.123291959,3.498595129,162,372.8206852,0,1560.863,4313.651,2058.533451,1011.787,5992.224,13790.85,1.293969474,1,2.626629708,6.198830917,827,267.9517364,0,1429.148,4843.755,2948.156663,1369.435,10407.534,23684.013,1.218677295,1,2.146883137,4.907152811,629,259.6030334,0,1446.32,3997.385,2693.575337,1372.328,10777.038,17989.013,1.271399137,1,2.35308459,7.479871241,144,171.292125,0,1118.108,3443.698,3187.256785,1298.93,12793.834,30617.045,1.074437582,1,1.488480936,2.119375671
s2-80-exact,shortest_estimate+topology_aware+conservative,4,0.1214706561,0.03490325032,0.04747040912,0.02745930317,0.009271523179,0.0023661703,2000,1600,0,124.8114281,0,601.933,2716.357,2719.921151,1514.654,9432.319,15429.676,1.119146429,1,1.526511556,3.719127744,1.119146429,2235.341351,354,449.6002401,2511.75,0.8006509289,0.1495240238,0.1271718501,0.9725406968,129.7441822,0,0,129.7441097,7.248484851e-05,0,0,0,0,0.9976338297,1.128739368,0.9907284768,0.009271523179,755,223893.334,253,72,2894,615,100.2186911,0,509.945,2362.428,2074.448179,932.567,7971.136,12731.402,1.190902866,1,1.790037486,5.108916667,495,185.9994081,0,960.734,5077.753,3815.168851,2375.247,12658.508,22748.919,1.055073385,1,1.374290249,2.150082986,334,91.05782635,0,660.744,1691.655,2419.607584,1583.194,7739.013,12284.51,1.072345501,1,1.451819708,2.859692077,156,99.87672436,0,911.848,1810.692,2432.248064,1582.314,7447.028,11574.083,1.139771163,1,1.658989284,5.493464402,845,120.796168,0,573.963,2679.714,2837.929528,1556.102,9762,15566.81,1.134300627,1,1.553531169,3.734416805,608,110.9756283,0,623.829,2189.963,2581.390914,1496.622,8458.75,14593.118,1.098966056,1,1.409307664,3.177635485,147,205.117966,0,601.933,5723.791,2614.542279,1390.266,10687.558,17045.224,1.115502689,1,1.593836351,3.841407636
s2-80-exact,shortest_estimate+topology_aware+conservative,5,0.101442441,0.0299347156,0.03085162955,0.03349911506,0.006631299735,0.0005256810208,2000,1600,0,69.243245,0,391.204,1624.421,2248.574037,1481.323,6671.74,11427.432,1.053715391,1,1.309210142,2.25836908,1.053715391,2105.477787,334,286.652976,1624.421,0.7364467101,0.1868752533,0.1163796924,0.9665008849,124.9880778,0,0,124.9880238,5.3979798e-05,0,0,0,0,0.999474319,1.056543128,0.9933687003,0.006631299735,754,210860.428,165,51,2636,639,78.83264632,0,474.336,1761.036,2208.030742,1394.089,6416.136,14041.681,1.0640071,1,1.421200615,2.532152693,486,90.01739918,0,488.837,2362.727,1908.930016,1267.847,5812.072,10334.526,1.069782218,1,1.611586408,2.538754535,322,35.21290373,0,112.08,869.425,2792.729767,2201.813,7511.958,11427.432,1.028611036,1,1.100000286,1.975377833,153,34.82431373,0,120.594,1090.895,2351.554529,1478.383,6880.407,14317.204,1.012530572,1,1.047526783,1.273869361,846,82.3718156,0,442.444,2105.317,2301.552243,1451.512,7055.404,12341.63,1.055092906,1,1.342371291,2.074334126,602,54.80533887,0,283.489,1295.562,2152.341229,1501.048,6264.263,10126.524,1.057718159,1,1.250000261,2.629720882,152,53.35409211,0,152.021,1482.113,2334.841066,1507.125,6880.407,14738.915,1.030195367,1,1.260749422,1.839932189
s2-80-exact,shortest_estimate+topology_aware+conservative,6,0.1991331919,0.04840675664,0.09330101411,0.04220005705,0.01485148515,0.0003738789815,2000,1600,0,262.3140906,0,1183.073,5338.394,2186.907724,1216.343,7490.461,16204.537,1.183497916,1,2.117094331,3.845869247,1.183497916,2377.193483,388,881.6980464,3907.87,0.8698746459,0.2980733347,0.1752759135,0.957799943,149.80758,0,0,149.8074923,8.76767677e-05,0,0,0,0,0.999626121,1.050496475,0.9851485149,0.01485148515,808,174250.976,470,165,3572,647,265.6282643,0,1246.176,5338.394,2325.711801,1267.09,8253.259,14135.317,1.169252129,1,2.057964224,3.122983333,472,188.2244576,0,1063.394,2882.838,1983.813936,1201.874,6205.917,13553.292,1.176456094,1,1.963736695,3.539401827,318,183.0055975,0,931.936,1927.546,1441.252214,1042.139,4050.467,5550.211,1.199972131,1,2.031361269,4.324235539,163,618.425362,0,3897.114,13787.446,3678.763448,1416.266,15944.519,28814.51,1.22829524,1,2.331208725,3.914536061,792,268.8963535,0,1235.643,5566.366,2275.173409,1210.358,8253.259,22504.739,1.177430729,1,2.089263978,3.845869247,644,245.4734084,0,1131.11,4462.032,2053.754778,1207.851,7004.457,11683.672,1.204848548,1,2.167705746,4.07052866,164,296.657061,0,1186.896,6874.688,2283.517939,1221.974,9063.494,15944.519,1.128957708,1,1.83260593,2.871541744
s2-80-exact,shortest_estimate+topology_aware+conservative,7,0.1508841246,0.03833999898,0.07088680888,0.02663987639,0.01488833747,0.0001291029202,2000,1600,0,189.0843331,0,898.857,4193.973,3992.412089,1514.38,14881.654,41541.625,1.173717822,1,1.676819522,4.060771113,1.173717822,2281.043378,369,743.4191328,3751.075,0.7662576427,0.1970581662,0.1055790954,0.9733601236,183.4545244,0,0,183.4544341,9.038383843e-05,0,0,0,0,0.9998708971,1.030757608,0.9851116625,0.01488833747,806,387786.479,209,60,2673,632,180.8865759,0,885.405,3441.271,3505.568555,1458.665,13201.955,31856.608,1.159898541,1,1.976622116,3.917049663,504,194.0332956,0,1066.611,4215.818,5832.476262,1888.919,31540.359,68088.711,1.173832521,1,1.770267897,3.57976992,308,143.4461461,0,387.423,2813.691,2629.363269,1014.077,9640.233,24778.908,1.195574246,1,1.449932235,2.75817788,156,296.4129679,0,1978.712,10263.332,2711.077519,1475.751,12482.877,14586.093,1.186180631,1,1.753836416,6.488282187,794,169.3644219,0,799.526,3467.181,4118.643292,1575.602,14395.871,46953.934,1.143676146,1,1.556341097,4.863246678,644,180.1341848,0,960.227,4113.642,3894.039884,1464.974,15669.563,41541.625,1.209405684,1,1.886893226,3.917049663,162,321.3158457,0,1043.485,12349.503,3764.783235,1507.748,14586.093,29227.13,1.179088852,1,2.364266073,4.060771113
s2-80-exact,shortest_estimate+topology_aware+conservative,8,0.08082127248,0.03133000026,0.01718391382,0.02830793781,0.00375,0.0002494205986,2000,1600,0,47.38661125,0,217.895,979.33,1570.644416,753.107,5504.738,12122.439,1.065676842,1,1.370233632,2.228285029,1.065676842,2114.701481,390,177.4009128,913.978,0.7412173313,0.1821942252,0.09964958408,0.9716920622,75.07551778,0,0,75.07544004,7.773737376e-05,0,0,0,0,0.9997505794,1.038965361,0.99625,0.00375,800,143420.605,174,46,2644,674,54.43777893,0,271.922,1357.583,1256.863884,624.323,4889.037,8645.999,1.082647174,1,1.527141528,2.676378841,490,28.04258571,0,206.479,633.188,1397.5487,670.875,4270.192,12710.929,1.04204357,1,1.328041579,2.136800846,303,63.38853135,0,366.501,1114.723,2281.00102,1143.546,7791.48,13651.835,1.073469013,1,1.310262239,2.388369583,133,46.46558647,0,136.822,913.978,2180.170195,1083.121,9994.052,14700.107,1.048994677,1,1.370233632,1.855432951,800,47.1699,0,217.895,1038.094,1594.877174,718.936,5469.845,12823.07,1.062417506,1,1.434769489,2.207768293,629,43.3429841,0,189.361,873.867,1562.404203,820.967,5439.346,11139.827,1.069165399,1,1.310262239,2.388369583,171,63.27439181,0,531.004,1662.422,1487.585281,777.481,5859.484,8853.504,1.06809302,1,1.345432936,2.228285029
s2-80-exact,shortest_estimate+topology_aware+conservative,9,0.1158546353,0.03690021616,0.04299886129,0.02564968192,0.01007556675,0.0002303091825,2000,1600,0,158.4863487,0,545.233,2656.967,2573.583444,1242.176,8682.344,17808.118,1.106686237,1,1.613849881,3.180260562,1.106686237,2286.701529,346,679.7092254,2591.701,0.7742973948,0.1896827898,0.118215911,0.9743503181,115.05982,0,0,115.0597502,6.981818183e-05,0,0,0,0,0.9997696908,1.038576647,0.9899244332,0.01007556675,794,219404.331,226,65,3072,645,94.5082031,0,416.375,1405.474,2498.324192,1303.209,7908.177,16787.21,1.089401901,1,1.504226891,2.997914311,474,165.8298671,0,734.354,3422.401,2540.358886,1171.588,10112.215,15356.762,1.131427374,1,1.631491812,4.654337178,330,290.1689091,0,659.163,8157.948,3033.988479,1497.275,11383.364,21892.603,1.111337581,1,1.806008754,3.098167671,151,120.9355629,0,1145.514,2209.193,1993.166205,927.779,9239.063,13637.962,1.092687256,1,1.814465793,2.652115638,806,164.1790372,0,713.613,2685.304,2647.292336,1270.628,9093.721,17184.761,1.112142262,1,1.617558997,3.190475857,627,156.3041898,0,497.855,2387.272,2580.823775,1291.749,8158.277,18095.231,1.105727436,1,1.552310906,3.180260562,167,139.2043533,0,458.185,3422.401,2190.654976,1106.064,8321,16394.706,1.083953368,1,1.738514965,2.721344468
s2-80-exact,shortest_estimate+topology_aware+conservative,10,0.4112525574,0.05931788829,0.2430794122,0.05704476627,0.05071521456,0.001095276067,2000,1600,0,699.6869444,0,3082.289,11158.179,3559.429637,1545.433,13246.514,28483.019,1.333448456,1,2.594298271,4.504407992,1.333448456,2684.309179,352,2445.193878,9804.585,0.9193785887,0.3416708914,0.2095130915,0.9429552337,358.2633244,0,0,358.2632279,9.656565657e-05,0,0,0,0,0.9989047239,1.093688861,0.9492847854,0.05071521456,769,281945.11,612,224,3742,626,655.8808131,0,3321.029,9804.585,3443.499612,1725.149,12913.922,21058.935,1.337107809,1,2.580883333,4.679333554,484,975.6962686,0,4011.162,21158.808,4803.377494,1520.745,18133.895,45586.67,1.362142323,1,2.653245131,4.504407992,343,569.1155219,0,2745.874,8095.461,2812.998187,1631.568,8744.429,20549.455,1.323991236,1,2.493602202,5.01742755,147,282.1367619,0,1378.899,4907.653,1699.071952,1177.62,4354.696,13008.682,1.245456886,1,2.390190758,3.774510679,831,634.4814031,0,2884.39,9804.585,3406.177626,1535.952,13164.465,22743.927,1.274536716,1,2.512714141,4.283079524,627,827.7017624,0,3321.029,14398.617,3785.904498,1541.5,13248.231,36741.221,1.423067165,1,2.78221997,5.01742755,142,516.0285915,0,2859.31,9368.939,3456.279521,1809.107,13374.493,22568.507,1.282495812,1,2.281372812,4.298461288
s2-80-exact,shortest_estimate+topology_aware+conservative,11,0.1854434075,0.04127874262,0.09400770794,0.03122270312,0.01849568434,0.000438569485,2000,1600,0,296.0277812,0,1192.034,7030.239,3092.811005,1527.383,11064.372,24690.534,1.131841708,1,1.805346982,3.576906688,1.131841708,2218.7734,333,1217.991426,5495.194,0.7965608939,0.2661615596,0.114508987,0.9687772969,145.8023733,0,0,145.8022923,8.101010104e-05,0,0,0,0,0.9995614305,1.057618504,0.9815043157,0.01849568434,811,257446.25,316,106,2944,640,313.7460453,0,1359.074,8011.152,3599.127264,1683.554,13244.856,30974.656,1.138933727,1,1.887721411,3.576906688,470,240.6395702,0,1327.152,5028.152,2384.382121,1447.826,7551.366,14409.534,1.117167257,1,1.79403672,3.163766419,327,294.6433303,0,871.67,3177.643,2833.952067,1348.432,10987.488,26307.827,1.15763368,1,1.80492531,4.550512517,163,388.9448712,0,1210.337,12813.927,3666.835804,1845.545,12987.225,30274.029,1.094566402,1,1.445693706,2.785053241,789,303.8738314,0,1602.3,7030.239,3191.501766,1591.439,11625.906,30257.461,1.153898942,1,1.979175023,3.958447865,653,302.9034747,0,871.67,8556.588,2823.097337,1447.826,9902.402,20076.645,1.119644209,1,1.715688995,3.469209234,158,228.430557,0,946.562,3069.493,3714.684519,1848.992,15267.186,26474.038,1.072106325,1,1.429569173,2.915970027
s2-80-exact,shortest_estimate+topology_aware+conservative,12,0.07622592495,0.03030231458,0.02805387592,0.01591257077,0.001215066829,0.0007420968525,2000,1600,0,79.87959,0,355.728,1987.111,2581.110713,1384.397,8946.114,18503.24,1.086822715,1,1.325287271,2.775596401,1.086822715,2190.691907,349,334.468596,1902.638,0.7203613913,0.1265295892,0.1040586654,0.9840874292,63.46004444,0,0,63.45998404,6.040404041e-05,0,0,0,0,0.9992579031,1.077600505,0.9987849332,0.001215066829,823,232305.539,150,44,2706,597,67.69330821,0,346.697,1597.119,1544.753348,924.673,5079.019,10005.906,1.088397834,1,1.337231611,3.511576113,519,94.25071676,0,526.448,2166.79,3791.425684,1785.159,14605.565,23590.014,1.120236332,1,1.388241803,3.263957888,324,61.09978086,0,221.79,1500.971,2841.713355,1959.372,8407.497,12932.415,1.039565523,1,1.157182252,2.144292608,160,116.762425,0,670.534,3090.979,1994.339594,1303.539,5588.553,12484.475,1.068255947,1,1.559947456,2.305933058,777,96.7215444,0,403.265,2636.935,2579.231604,1413.394,9580.695,20139.327,1.102042404,1,1.388241803,3.263957888,660,74.09816364,0,393.332,2007.449,2558.940811,1419.779,8756.039,16639.112,1.076820287,1,1.298602794,2.628398234,163,23.00561963,0,0,780.001,2679.83589,1184.832,8695.297,28479.054,1.054773047,1,1.128025346,1.692784474
s2-80-exact,shortest_estimate+topology_aware+conservative,13,0.1219936669,0.03457574702,0.04876636935,0.03346932232,0.0049200492,0.000262179014,2000,1600,0,115.9976419,0,618.366,3123.154,2222.050506,1365.563,6857.213,13516.357,1.085912334,1,1.512188031,2.536667927,1.085912334,2160.694949,351,442.6827863,2335.57,0.8106670547,0.1921788137,0.1229174741,0.9665306777,127.3227689,0,0,127.3227208,4.812121215e-05,0,0,0,0,0.999737821,1.041803442,0.9950799508,0.0049200492,813,184122.363,251,72,2875,628,101.5501162,0,659.069,1661.905,2222.812519,1548.264,6413.501,11565.637,1.06615607,1,1.442700584,2.162220001,479,137.0041628,0,619.135,4365.612,2076.542263,1117.168,6742.491,13717.918,1.110725064,1,1.730091414,3.397221887,328,89.40367378,0,348.977,2335.57,1929.507912,1166.047,5621.888,11303.185,1.093983966,1,1.460775393,2.860400407,165,162.8688182,0,981.408,4537.767,3223.104297,1974.263,11140.416,17191.957,1.073028339,1,1.563814397,2.119468026,787,105.6402579,0,618.366,2335.57,2209.00829,1392.611,6532.699,12617.202,1.087695955,1,1.479859844,2.536667927,643,124.4720918,0,684.735,3173.202,2187.017114,1381.471,7152.521,11565.637,1.08152921,1,1.580119354,2.251563722,170,131.8928765,0,377.081,4537.767,2414.936953,1280.983,8767.74,17191.957,1.094233738,1,1.637932508,2.860400407
s2-80-exact,shortest_estimate+topology_aware+conservative,14,0.1637529397,0.04332298871,0.05981645519,0.04650878892,0.01257861635,0.001526090527,2000,1600,0,149.0366994,0,758.483,2816.223,2140.031969,1069.87,7838.91,15756.096,1.150367365,1,1.894753134,3.923430639,1.150367365,2256.037887,378,537.2965556,2416.001,0.8052117728,0.2053315883,0.1371253866,0.9534912111,178.7774156,0,0,178.7773153,0.0001002424243,0,0,0,0,0.9984739095,1.107861248,0.9874213836,0.01257861635,795,178937.446,286,88,2880,594,126.5391785,0,778.914,2255.628,1533.152382,689.938,5379.358,11926.055,1.216195019,1,2.377083765,5.824927006,514,160.2704261,0,949.539,3274.975,2519.562747,1468.158,8041.038,14202.218,1.097786407,1,1.726270373,2.628064186,336,98.80092262,0,577.122,1992.401,1719.555765,920.278,5905.707,10886.357,1.125382747,1,1.644490032,2.624635814,156,305.8867821,0,1015.473,9662.722,4105.9785,1611.775,17923.519,31756.379,1.126776457,1,2.211511592,3.563202689,805,150.016154,0,758.483,2791.863,2153.573196,1048.073,7670.891,15995.432,1.135273445,1,1.784834681,3.673016667,635,145.9403134,0,714.068,2787.249,2052.087619,1097.229,7755.366,15461.498,1.161332879,1,2.049625688,3.923430639,160,156.3976,0,783.641,3416.844,2420.931806,1017.823,9355.447,25809.39,1.182789269,1,1.843925102,7.954242153
s2-80-exact,shortest_estimate+topology_aware+conservative,15,0.29885834,0.04919159785,0.1704026436,0.05571860505,0.02114427861,0.002401214898,2000,1600,0,465.3004894,0,2160.735,8229.294,3560.752332,1684.453,13402.374,24940.483,1.201808378,1,2.151419764,3.665571266,1.201808378,2373.147482,357,1758.206529,8001.953,0.8673623927,0.3146677826,0.1802545886,0.944281395,329.2010756,0,0,329.2009683,0.0001072323233,0,0,0,0,0.9975987851,1.129436572,0.9788557214,0.02114427861,804,275230.745,401,139,3495,654,446.6870612,0,2286.342,8229.294,3038.384616,1542.685,11281.552,20818.303,1.1764428,1,2.239785124,3.772585395,498,730.5420622,0,3524.672,12391.877,4937.808827,2398.109,16131.81,46491.716,1.241124313,1,2.511726187,3.669558058,299,175.8826756,0,1130.824,3406.869,2151.570769,955.803,8051.385,18554.695,1.24249212,1,1.821019309,5.532274187,149,241.2656242,0,1521.194,5074.544,4078.870711,1923.93,15393.483,28341.376,1.100099067,1,1.513677341,2.429618555,796,552.8221332,0,2551.605,10498.549,3902.535043,1712.558,14793.519,32223.752,1.213187602,1,2.29342784,3.791276543,652,407.0323037,0,2126.286,7840.646,3405.395615,1754.28,11799.351,23158.742,1.204091014,1,1.993697838,3.648887272,152,256.9033092,0,1123.116,8229.294,2437.288789,1206.138,8067.121,24933.047,1.132425867,1,2.140911602,2.74944152
s2-80-exact,shortest_estimate+topology_aware+conservative,16,0.2787946537,0.05671390109,0.1357199149,0.05136998969,0.03482587065,0.0001649773652,2000,1600,0,498.5196869,0,1720.952,13458.97,2154.911839,867.982,8338.729,21797.046,1.233997974,1,2.480411555,4.513270153,1.233997974,2456.365246,364,1643.9755,7382.748,0.8981353567,0.3241283955,0.1828650912,0.9486300103,184.7267044,0,0,184.7266057,9.874747477e-05,0,0,0,0,0.9998350226,1.035147266,0.9651741294,0.03482587065,804,143793.399,519,197,3677,625,475.8233296,0,1405.639,8614.239,1899.123974,686.342,7421.155,23489.453,1.236746254,1,2.605441858,4.752242181,493,617.1370872,0,2866.636,16416.048,2601.997276,949.405,10257.388,26940.944,1.250853123,1,2.465583554,4.521397941,322,358.5393975,0,1487.643,7382.748,1785.517863,817.291,6484.828,11720.7,1.208381806,1,2.231549246,4.079616936,160,503.3978,0,1626.933,14703.989,2519.906556,1325.584,6917.494,21797.046,1.222880114,1,2.716772349,3.841264829,796,442.6326131,0,1607.112,13458.97,2151.708116,835.957,8510.009,21173.416,1.228435332,1,2.376337663,4.419381917,633,578.7178689,0,2496.635,15244.956,2192.858793,924.129,8231.21,24240.258,1.238376056,1,2.605441858,4.521397941,171,461.7984094,0,1601.11,7490.08,2029.354772,820.149,6760.909,22799.444,1.243685326,1,2.745003501,4.556179888
s2-80-exact,shortest_estimate+topology_aware+conservative,17,0.2164938184,0.04340572968,0.1061145617,0.0446399644,0.02185089974,0.000482662908,2000,1600,0,385.3732681,0,1345.551,7146.973,3181.867247,1626.727,11343.957,21302.621,1.160943962,1,1.898371852,3.469170889,1.160943962,2297.120772,372,1444.056788,6848.891,0.8419165222,0.2760151911,0.1354599552,0.9553600356,247.9801422,0,0,247.9800561,8.610101013e-05,0,0,0,0,0.9995173371,1.064148621,0.9781491003,0.02185089974,778,250321.639,369,118,3256,628,376.0984841,0,1203.555,6848.891,3372.463998,1976.466,12043.396,20420.688,1.153012609,1,1.866457686,3.327419255,486,484.7499012,0,2131.299,10680.269,3764.069088,2136.898,12978.01,33715.767,1.189043311,1,1.99982489,6.922025402,340,286.6665265,0,919.334,3360.198,2155.146765,907.2,6117.466,21302.621,1.15414106,1,1.925440919,3.34510363,146,324.3308904,0,1743.949,9931.597,2815.018678,1832.059,9145.832,20608.055,1.117365833,1,1.86700499,3.268241736,822,334.8232141,0,1046.87,4774.719,3095.299322,1609.997,10610.756,19778.328,1.133736528,1,1.768919526,3.14672179,617,474.3893468,0,1815.882,9670.822,3336.615864,1720.967,12265.872,27272.09,1.178746593,1,2.084948186,3.634460905,161,302.3249689,0,1077.846,6848.891,3030.804745,1516.343,10812.492,23588.085,1.231628977,1,1.806124128,9.333720466
s2-80-exact,shortest_estimate+topology_aware+conservative,18,0.1152760388,0.03335166836,0.04248948338,0.02492195458,0.01008827238,0.004424660119,2000,1600,0,123.6939375,0,538.774,2422.108,4098.313028,1614.77,16893.504,34620.713,1.127189285,1,1.458652323,3.285677257,1.127189285,2223.037111,356,500.0557051,2377.211,0.7199225693,0.1943365905,0.1219567352,0.9750780454,163.6916978,0,0,163.6916227,7.503030306e-05,0,0,0,0,0.9955753399,1.166867171,0.9899117276,0.01008827238,793,390125.266,152,44,2677,654,130.0962691,0,537.613,3097.063,6550.282136,2945.974,23511.202,46925.048,1.068675418,1,1.250000168,2.608493151,489,157.0984294,0,1129.021,2560.201,2731.18409,1161.591,10667.916,17890.939,1.247002262,1,1.797461063,6.922772156,318,64.84236164,0,432.832,1994.775,1478.870717,1013.313,4959.932,7577.023,1.088167296,1,1.487992611,2.608861465,139,110.6930719,0,221.347,3985.482,3363.931072,1537.957,15008.808,17876.58,1.070272138,1,1.332029533,2.535430955,807,108.228855,0,606.558,2560.201,3695.969663,1526.566,15980.853,26016.902,1.146207153,1,1.511623205,3.575781754,633,151.2684834,0,465.367,2305.039,4682.160439,1677.749,19943.177,38563.639,1.102489455,1,1.402597815,2.920481395,160,92.60415,0,184.01,2422.108,3817.78605,1823.448,12140.43,46925.048,1.128986618,1,1.123214493,4.631241999
s2-80-exact,shortest_estimate+topology_aware+conservative,19,0.0678587433,0.02878801075,0.0181995151,0.01466317305,0.004813477738,0.001394566662,2000,1600,0,49.35752,0,230.773,1258.138,2628.748862,1098.178,9001.778,24352.653,1.093802681,1,1.259058417,3.47334439,1.093802681,2173.584074,338,194.0205385,1175.375,0.721575777,0.1320862958,0.07823744255,0.985336827,67.89193778,0,0,67.89190933,2.844444446e-05,0,0,0,0,0.9986054333,1.097481603,0.9951865223,0.004813477738,831,280470.095,147,32,2575,656,57.36946341,0,239.207,1397.634,3786.959276,1613.379,13386.771,42543.581,1.058690165,1,1.250000073,2.984983333,468,46.84120085,0,271.433,1388.84,1677.103588,672.762,6975.626,15676.654,1.154389377,1,1.547360585,4.36671082,316,37.28611076,0,198.26,745.827,2115.601184,1021.872,7236.443,17476.555,1.098205139,1,1.250000527,2.72875,160,47.70981875,0,203.617,1704.858,1677.115256,805.987,5193.401,13615.689,1.051853054,1,1.250077898,2.254692074,769,57.91082055,0,276.468,1431.729,2570.948278,1201.259,8217.18,22485.277,1.113410432,1,1.267535003,3.87295534,662,39.16244411,0,212.298,955.674,2685.063761,1041.869,10028.385,28158.885,1.075218417,1,1.259058417,2.984983333,169,50.37321302,0,281.075,1430.599,2671.16416,1074.442,10316.847,27094.338,1.077379145,1,1.250001641,4.330656659
s2-80-exact,shortest_estimate+topology_aware+conservative,20,0.1965779442,0.04186235135,0.09225631228,0.03242987511,0.02864259029,0.001386815213,2000,1600,0,277.2409113,0,1169.826,5395.6,3369.321174,1584.985,12716.498,26503.318,1.184133471,1,1.830871409,4.549103483,1.184133471,2297.708858,353,1033.268603,4574.249,0.8028493332,0.20006316,0.1074243189,0.9675701249,176.4037244,0,0,176.4036391,8.533333336e-05,0,0,0,0,0.9986131848,1.094451559,0.9713574097,0.02864259029,803,268593.303,298,86,2877,645,400.1948124,0,1589.542,12684.481,5521.168048,2974.243,20280.661,41747.707,1.181566865,1,1.756224278,4.549103483,467,129.0514604,0,682.488,2239.358,1440.748011,936.676,4465.247,8233.854,1.240020373,1,2.128363665,5.900468899,310,276.7034839,0,1047.686,5612.488,2709.294397,1686.098,9003.985,13630.267,1.134639718,1,1.703853364,3.183608271,178,221.4308539,0,1218.84,6287.359,1781.179236,727.333,6673.197,17554.034,1.133006173,1,1.795531597,3.660193956,797,244.3551481,0,933.684,5614.223,3282.535759,1519.783,12570.333,26307.109,1.141567639,1,1.666791724,4.334251376,621,308.5917085,0,1218.84,5612.488,3615.269155,1668.594,13881.336,33863.018,1.17759005,1,2.065044483,4.204087002,182,314.279967,0,2173.547,4397.032,2910.168868,1614.162,9003.985,26503.318,1.392861117,1,2.111286405,13.69368011
s2-80-exact,shortest_estimate+topology_aware+easy,1,0.11269862,0.03375282357,0.04587390093,0.0239778162,0.008620689655,0.0004733896812,2000,1600,0,101.5886425,0,581.689,2299.037,3287.479096,1333.456,10223.501,46326.346,1.107866353,1,1.476197052,3.10668545,1.107866353,2184.517247,370,397.4172595,1972.688,0.7265546524,0.1651942851,0.1167445289,0.9760221838,137.6662511,0,0,137.6661716,7.955555558e-05,0,0,0,0,0.9995266103,1.061106022,0.9913793103,0.008620689655,812,331001.651,133,26,2578,647,139.7899042,0,655.813,3488.087,2443.407029,1574.775,7965.657,15033.631,1.136488914,1,1.545660587,4.485716667,468,54.79226496,0,299.643,1489.696,1654.142051,960.132,6023.898,9235.755,1.093370818,1,1.418226009,3.127441579,333,90.13503904,0,604.328,1972.688,7342.715877,1380.644,46326.346,86400,1.07104181,1,1.353711493,2.522862149,152,108.1579737,0,712.355,2597.771,3025.127224,1985.172,10612.137,15590.314,1.111337975,1,1.955940724,2.900277031,788,75.17798858,0,385.419,1951.624,3249.272096,1404.853,9325.932,48633.587,1.088553607,1,1.334276426,3.10668545,648,122.6242608,0,722.938,2999.549,3234.155542,1288.395,11371.818,44785.025,1.118563446,1,1.748928977,3.127441579,164,145.3722683,0,477.893,5966.623,3681.752134,1261.359,10592.152,67156.945,1.15839518,1,1.625203444,6.339123336
s2-80-exact,shortest_estimate+topology_aware+easy,2,0.1667195071,0.03762407272,0.06250001479,0.05139906284,0.01412066752,0.001075689227,2000,1600,0,210.5571594,0,792.511,4854.274,3459.851819,1611.004,13218.058,25871.625,1.109483446,1,1.645508119,3.224651061,1.109483446,2276.42227,332,894.3505904,4854.274,0.7636506266,0.1305045908,0.09066949745,0.9486009372,316.7314911,0,0,316.7314001,9.098989902e-05,0,0,0,0,0.9989243108,1.084309383,0.9858793325,0.01412066752,779,288786.294,145,38,2894,636,254.9594921,0,790.494,6427.409,4860.166329,2142.908,18504.467,34187.161,1.086077455,1,1.495131584,2.622644392,502,203.8314243,0,927.192,3609.255,2719.950353,1521.844,8259.278,21538.258,1.108008605,1,1.666647311,2.96607767,311,175.5764019,0,676.89,3268.166,1938.604399,1199.225,6393.507,9317.568,1.173119827,1,1.928944236,4.967206462,151,117.9442517,0,983.115,1910.129,3154.808477,1697.154,10445.342,21620.956,1.081905078,1,1.708148248,2.113521202,821,238.7147722,0,790.494,5040.981,3611.314999,1646.349,13303.215,25802.082,1.108669829,1,1.655493969,3.414082063,635,179.6095843,0,823.445,4175.284,3322.213931,1615.816,12263.104,25871.625,1.114979135,1,1.669929829,3.224651061,144,186.4898681,0,983.115,5232.71,3203.246181,1473.479,13775.162,27939.411,1.089887735,1,1.472933383,2.437340117
s2-80-exact,shortest_estimate+topology_aware+easy,3,0.2033071762,0.05431737893,0.09552464308,0.03209151309,0.02069857697,0.0006750641268,2000,1600,0,325.6836844,0,1211.269,6859.762,2940.103142,1330.479,11276.343,23155.954,1.257620305,1,2.375598429,5.133375888,1.257620305,2488.758302,377,1275.755586,6082.087,0.8274682555,0.3145400273,0.1587216894,0.9679084869,149.0775511,0,0,149.0774732,7.789898991e-05,0,0,0,0,0.9993249359,1.067425724,0.979301423,0.02069857697,773,208721.24,239,58,3187,639,398.5206526,0,1859.418,7677.471,4177.670873,1998.018,14976.03,31195.015,1.24113735,1,2.209305138,4.691212933,481,239.6748919,0,799.766,6477.974,1874.770412,1033.109,6114.618,12271.559,1.275368149,1,2.574158441,5.764276176,318,298.5078428,0,1139.381,5836.067,2528.347399,1327.448,8847.773,12990.216,1.233704026,1,2.510417062,4.349951269,162,347.0992654,0,1596.969,11761.813,2029.964802,1047.139,6008.251,14557.805,1.316887413,1,2.673150381,6.285956056,827,335.6970943,0,1609.185,7966.494,3015.219253,1373.072,11686.629,23280.344,1.259013072,1,2.390545911,5.391970721,629,264.0822639,0,1070.734,5512.509,2698.721304,1275.592,10777.038,19891.786,1.275999736,1,2.485909454,5.133375888,144,537.2545417,0,1426.339,7677.471,3563.076424,1438.086,13535.721,31195.015,1.169339186,1,2.227753224,4.01035148
s2-80-exact,shortest_estimate+topology_aware+easy,4,0.146185695,0.03787870999,0.052807718,0.03946873225,0.01324503311,0.002785501617,2000,1600,0,137.2177525,0,669.611,3382.181,2739.046626,1534.247,9318.729,15645.978,1.126457875,1,1.656644811,3.659512418,1.126457875,2254.066596,354,580.9969011,3188.386,0.8120089937,0.285599875,0.1528353046,0.9605312678,188.8199311,0,0,188.8198514,7.971717175e-05,0,0,0,0,0.9972144984,1.135773931,0.9867549669,0.01324503311,755,223893.334,191,40,3042,615,103.4323593,0,507.932,2245.174,2080.212119,954.269,7971.136,12638.232,1.175503145,1,1.914916101,5.518533333,495,198.5940283,0,699.154,5994.047,3844.963659,2298.14,12674.319,25263.114,1.065489825,1,1.441701278,2.150082986,334,113.4006228,0,779.868,2169.919,2445.550326,1560.396,8458.75,12123.073,1.087414476,1,1.613459021,3.087419884,156,126.651609,0,1076.529,1973.061,2455.598256,1738.791,7447.028,12649.817,1.210155566,1,1.859040852,8.188834219,845,132.3842982,0,640.621,3116.473,2852.301247,1560.396,9762,15645.978,1.119330547,1,1.662928544,3.405786556,608,118.8656826,0,599.853,2881.676,2601.65577,1506.409,8458.75,14828.975,1.119676119,1,1.461727822,3.800598005,147,240.9070544,0,1224.651,6346.419,2656.281218,1465.75,10702.024,17045.224,1.195477607,1,2.027983058,6.064551697
s2-80-exact,shortest_estimate+topology_aware+easy,5,0.09634067945,0.02882667509,0.0228175909,0.03788355852,0.006631299735,0.0001815552088,2000,1600,0,65.87827812,0,289.331,1761.036,2246.236377,1478.383,6585.02,12025.832,1.050289866,1,1.260749422,1.975377833,1.050289866,2102.236987,334,287.458006,1761.036,0.7391774878,0.1703932326,0.1066609033,0.9621164415,141.9909422,0,0,141.9908834,5.878787882e-05,0,0,0,0,0.9998184448,1.032492673,0.9933687003,0.006631299735,754,209107.581,133,30,2633,639,71.0476072,0,378.129,1787.253,2200.332967,1394.089,6407.696,14041.681,1.057385361,1,1.269180055,2.06325302,486,84.30725103,0,400.711,2302.724,1902.510412,1270.604,5380.506,10571.352,1.057499029,1,1.465173673,2.084999992,322,41.98659938,0,152.021,1522.634,2800.785273,2201.813,7511.958,11427.432,1.037715664,1,1.168994991,1.975377833,153,36.03147059,0,139.679,963.33,2362.696209,1478.383,6880.407,14317.204,1.024219402,1,1.250000184,1.413307317,846,74.39420804,0,380.413,2017.626,2296.194173,1449.317,6879.607,12341.63,1.046817324,1,1.303827012,1.910104375,602,59.23192857,0,271.6,1522.634,2155.816927,1503.666,6264.263,10126.524,1.060441777,1,1.250000416,2.155259501,152,44.80344737,0,130.439,1387.432,2326.290421,1507.125,6880.407,14738.915,1.029410394,1,1.17700697,1.887639099
s2-80-exact,shortest_estimate+topology_aware+easy,6,0.2116155889,0.05227861538,0.1008784344,0.04149229036,0.01608910891,0.0008771398671,2000,1600,0,289.9255469,0,1279.156,5612.933,2215.029911,1216.969,7520.992,16132.158,1.203334495,1,2.28643206,4.032663101,1.203334495,2401.928943,388,1097.400005,5007.363,0.8695789874,0.3541696596,0.1824472428,0.9585077096,147.1862889,0,0,147.1861845,0.0001043636364,0,0,0,0,0.9991228601,1.07758897,0.9839108911,0.01608910891,808,173455.604,284,85,3559,647,292.4834807,0,1490.773,5612.933,2360.200046,1296.391,7848.261,14311.854,1.189058667,1,2.244345995,4.062160761,472,230.0462331,0,1220.686,5486.517,2022.793261,1187.531,6563.12,13309.675,1.213520419,1,2.270786571,3.65511554,318,160.6915409,0,897.032,2874.01,1414.428091,1042.139,4127.337,6013.485,1.181477035,1,2.058964562,4.032663101,163,705.2903742,0,3938.803,19318.834,3757.373466,1416.266,17643.004,29486.481,1.273146621,1,3.187842407,4.053876245,792,284.7310164,0,1182.377,6418.248,2293.173255,1247.921,7848.261,19284.732,1.214853101,1,2.296113677,4.337871784,644,287.3062283,0,1387.455,5007.363,2094.514798,1182.912,7264.178,12760.242,1.206051265,1,2.335934128,3.9579,164,325.2969451,0,1025.95,11115.727,2310.897006,1201.874,8322.452,15848.45,1.13703976,1,1.924515987,3.546859716
s2-80-exact,shortest_estimate+topology_aware+easy,7,0.1575469844,0.03986115361,0.07219215385,0.02848667625,0.01612903226,0.0008779684456,2000,1600,0,176.6853531,0,915.409,3736.122,3981.099314,1499.911,14881.654,41541.625,1.159101271,1,1.743348,3.884020825,1.159101271,2258.406899,369,698.0311518,3299.389,0.7678055539,0.177782865,0.1072671506,0.9715133238,196.5453578,0,0,196.5452633,9.450505055e-05,0,0,0,0,0.9991220316,1.084631853,0.9838709677,0.01612903226,806,387786.479,173,38,2677,632,168.8436076,0,806.317,3292.501,3494.089248,1438.199,13177.012,31856.608,1.1224378,1,1.743348,3.701001273,504,185.265002,0,1214.555,4193.973,5821.405609,1870.343,31540.359,68088.711,1.16118671,1,1.798358938,3.57976992,308,174.9919481,0,793.273,3070.39,2668.15612,1093.987,9981.857,24778.908,1.217431791,1,1.528101192,3.884020825,156,184.079,0,1721.569,3408.569,2600.730673,1504.557,8824.704,14586.093,1.185732375,1,2.320750355,5.439471723,794,153.3395642,0,915.409,3282.285,4108.474422,1575.602,13792.706,46953.934,1.141586834,1,1.602606837,4.538051807,644,164.8451786,0,846.493,4193.973,3874.430691,1455.573,15669.563,41541.625,1.175179507,1,1.788601113,3.917049663,162,338.1768889,0,1265.007,12349.503,3780.844728,1459.76,14586.093,29227.13,1.181027686,1,2.287240377,3.826511363
s2-80-exact,shortest_estimate+topology_aware+easy,8,0.1007792217,0.03431599437,0.0244935144,0.03526573033,0.00625,0.0004539826453,2000,1600,0,55.96292687,0,310.582,1098.187,1582.499864,768.513,5504.738,12122.439,1.089593883,1,1.500827616,2.783602252,1.089593883,2153.745192,390,211.6200795,1058.375,0.7468085387,0.1609130433,0.1048793309,0.9647342697,94.20282667,0,0,94.20276602,6.064646468e-05,0,0,0,0,0.9995460174,1.054334353,0.99375,0.00625,800,143420.605,149,37,2691,674,67.50666024,0,310.582,1510.89,1272.464915,627.224,4934.167,8645.999,1.117080075,1,1.840660086,3.538836218,490,39.91438367,0,333.561,757.344,1410.540141,673.846,4270.192,12710.929,1.059512167,1,1.361916615,2.640555731,303,59.77090429,0,379.223,1098.187,2287.51271,1173.421,7791.48,13651.835,1.088615511,1,1.335837766,3.25401095,133,47.914,0,196.039,913.846,2181.033158,1199.912,9994.052,14700.107,1.063359251,1,1.570921608,2.418377871,800,46.6985175,0,262.294,848.778,1597.315528,718.936,5469.845,12823.07,1.080674981,1,1.425006983,2.418377871,629,60.56159459,0,307.042,1143.261,1583.726828,836.179,5439.346,11139.827,1.096977366,1,1.507934496,2.973975416,171,82.38962573,0,662.476,1510.89,1508.673602,778.363,5695.435,8705.806,1.104160615,1,1.647705279,3.214812024
s2-80-exact,shortest_estimate+topology_aware+easy,9,0.138342364,0.03918524903,0.05866867905,0.03039451793,0.008816120907,0.001277797134,2000,1600,0,158.0420775,0,743.929,2656.492,2576.180837,1271.468,8855.837,17186.547,1.130010175,1,1.713786966,3.666250455,1.130010175,2300.499037,346,668.970948,2647.617,0.7807317742,0.2054109984,0.1168294192,0.9696054821,137.0115044,0,0,137.0114305,7.393939396e-05,0,0,0,0,0.9987222029,1.102850103,0.9911838791,0.008816120907,794,221055.268,180,37,3076,645,95.44309147,0,438.895,2368.184,2498.261496,1302.968,7958.555,16787.21,1.095274226,1,1.507317715,2.536826921,474,164.2225127,0,1056.119,3027.789,2546.894854,1214.729,9859.208,14892.737,1.132042413,1,1.906076729,4.039397455,330,274.8324606,0,849.376,6274.786,3024.300261,1497.275,11383.364,21892.603,1.15933298,1,1.799187227,4.349592972,151,150.797,0,1177.683,2582.288,2021.612106,951.29,9239.063,13637.962,1.207923294,1,1.745486472,4.922605465,806,191.7712779,0,803.043,3035.909,2677.045086,1253.728,9656.01,16943.795,1.126054884,1,1.765235395,3.372007087,627,130.2035295,0,738.253,2368.184,2559.707633,1346.116,8257.441,17808.118,1.149882258,1,1.649287915,4.545847448,167,99.77282036,0,635.333,2591.074,2151.223443,1106.064,8001.542,16394.706,1.074490229,1,1.534406577,2.334365962
s2-80-exact,shortest_estimate+topology_aware+easy,10,0.3916802185,0.05914490564,0.2339625808,0.05533043426,0.04291287386,0.0003294239158,2000,1600,0,647.1739231,0,2966.686,12491.958,3504.697231,1523.184,12806.189,27139.548,1.290551103,1,2.586732786,4.679333554,1.290551103,2619.061983,352,2596.562077,12153.973,0.9048956347,0.4384268185,0.2271665802,0.9446695657,346.8660356,0,0,346.8659274,0.0001081616162,0,0,0,0,0.9996705761,1.045246275,0.9570871261,0.04291287386,769,281945.11,307,89,3820,626,607.6997524,0,3839.827,12187.776,3390.309016,1676.532,12214.826,22525.818,1.313258354,1,2.748413489,5.113951532,484,931.2483409,0,2966.686,25883.77,4758.573481,1472.735,18133.895,48480.717,1.293974743,1,2.38481565,4.403414217,343,461.9284023,0,1879.75,8009.05,2703.454023,1573.897,7831.503,20549.455,1.256410461,1,2.288173222,4.044268001,147,312.1945102,0,1839.014,5002.381,1732.978435,1251.208,4494.483,13142.936,1.262241302,1,2.903014823,4.384758946,831,623.8923261,0,2786.276,12153.973,3390.943342,1526.958,12880.852,24033.413,1.256876895,1,2.602147795,4.719553571,627,721.5261196,0,3249.242,13908.3,3681.778021,1510.055,12707.82,33452.757,1.330378029,1,2.533191127,4.105017784,142,455.1188521,0,3334.174,9352.444,3388.498824,1643.67,13025.342,19281.967,1.31176085,1,3.065611346,5.113951532
s2-80-exact,shortest_estimate+topology_aware+easy,11,0.1632176253,0.03853511009,0.07695391853,0.03287433162,0.01479654747,5.771753829e-05,2000,1600,0,238.5404525,0,975.789,5105.862,3035.789266,1502.936,11059.184,24259.872,1.102848911,1,1.685352806,2.955610052,1.102848911,2172.146156,333,1034.676165,5105.862,0.7982357669,0.2105244997,0.1117793853,0.9671256684,153.7772422,0,0,153.7771465,9.567676771e-05,0,0,0,0,0.9999422825,1.019132492,0.9852034525,0.01479654747,811,257446.25,192,52,2922,640,322.8664266,0,1072.278,7226.607,3609.175656,1684.587,13156.163,32101.728,1.109145546,1,1.727805945,3.117975293,470,179.0746532,0,1035.196,3812.252,2321.497606,1426.098,7698.212,13118.289,1.089029187,1,1.649342584,2.730855825,327,125.7349235,0,776.31,3284.611,2665.691599,1348.432,10785.18,24265.686,1.109865029,1,1.668777197,2.672056186,163,305.2135215,0,1272.453,6521.865,3586.536055,1857.837,12987.225,25425.573,1.103898933,1,1.637899974,3.181621197,789,282.4225158,0,1163.718,7094.97,3169.770101,1572.352,11636.281,26005.949,1.117820944,1,1.805346982,3.117975293,653,189.5381531,0,765.68,3812.252,2710.354966,1427.972,9754.588,18468.624,1.091355753,1,1.560147002,2.955610052,158,221.9300316,0,1318.869,5806.453,3711.72419,1879.34,14633.466,26474.038,1.075583707,1,1.590018622,2.439446185
s2-80-exact,shortest_estimate+topology_aware+easy,12,0.0824471643,0.03133463676,0.03141865651,0.01751751394,0.001215066829,0.0009612902658,2000,1600,0,82.89847125,0,398.394,2062.225,2586.279507,1384.397,8946.114,18503.24,1.09242186,1,1.370436412,3.115233333,1.09242186,2200.734531,349,345.7379054,2010.887,0.7217276115,0.1301914342,0.100326275,0.9824824861,69.97475111,0,0,69.97468133,6.977777778e-05,0,0,0,0,0.9990387097,1.08158132,0.9987849332,0.001215066829,823,232305.539,126,29,2735,597,67.02868342,0,274.963,1808.401,1545.20297,926.865,5118.216,10005.906,1.093162656,1,1.410620986,4.145701184,519,91.81053179,0,671.346,2167.782,3795.876297,1785.159,14605.565,23590.014,1.13149796,1,1.445318724,3.461089336,324,91.29291667,0,324.354,2334.731,2868.657676,1958.57,8506.997,13100.539,1.046151536,1,1.205818783,2.31088002,160,96.20536875,0,455.747,2204.976,1975.350956,1303.539,5588.553,12484.475,1.056602072,1,1.32101237,2.028828501,777,98.91050837,0,495.066,2204.976,2585.019353,1420.092,9749.628,20072.319,1.124905123,1,1.436549199,4.145701184,660,76.44672879,0,325.758,2104.469,2561.809085,1404.983,8757.637,16639.112,1.057415828,1,1.271969446,2.328269945,163,32.69477301,0,75.963,780.001,2691.36919,1209.357,8695.297,28479.054,1.079320543,1,1.250000119,3.115233333
s2-80-exact,shortest_estimate+topology_aware+easy,13,0.1199537757,0.03481120043,0.04811172529,0.03408588852,0.0024600246,0.0004849369119,2000,1600,0,96.45481625,0,610.065,1913.379,2201.660485,1387.734,6844.333,12617.202,1.091299165,1,1.522485707,2.536667927,1.091299165,2162.793006,351,370.4285812,1858.805,0.8194702691,0.176297549,0.1157507059,0.9659141115,129.7510578,0,0,129.7510019,5.587878791e-05,0,0,0,0,0.9995150631,1.062934026,0.9975399754,0.0024600246,813,184122.363,210,53,2810,628,77.80959236,0,608.81,1342.29,2197.78949,1538.79,6402.698,10835.872,1.064822738,1,1.413250702,2.06892446,479,99.07341962,0,598.45,2070.599,2039.679868,1086.442,6568.361,13717.918,1.092909979,1,1.625971212,2.837840278,328,99.53143598,0,570.921,1913.379,1933.421436,1203.588,5464.197,9042.548,1.131836319,1,1.460775393,3.365848506,165,153.7018364,0,1205.621,3240.726,3219.855079,1974.263,10784.277,17191.957,1.106810863,1,1.674795516,3.299440952,787,91.44716773,0,584.179,1913.379,2193.121781,1397.229,6532.699,12617.202,1.102137485,1,1.483270288,2.72907356,643,103.8469082,0,661.545,2070.599,2167.000502,1392.686,6857.213,10829.723,1.085504449,1,1.610272324,2.690062673,170,91.67778235,0,447.761,3976.573,2372.285947,1249.784,8501.891,17191.957,1.063041779,1,1.471116312,2.165443568
s2-80-exact,shortest_estimate+topology_aware+easy,14,0.1529094653,0.04080973471,0.05907308993,0.03928228648,0.01257861635,0.001165737809,2000,1600,0,129.6063806,0,749.057,2662.482,2116.813076,1075.374,7670.891,15058.718,1.136248639,1,1.784834681,3.349035879,1.136248639,2234.710843,378,482.6490529,2438.909,0.7975780722,0.2194546839,0.1321724293,0.9607177135,149.8632956,0,0,149.8631984,9.71717172e-05,0,0,0,0,0.9988342622,1.094845801,0.9874213836,0.01257861635,795,178937.446,191,48,2849,594,114.2713569,0,749.057,2044.92,1520.718712,709.078,5286.434,11926.055,1.189610535,1,2.020126752,5.499705938,514,145.2088891,0,1008.21,2902.159,2501.377232,1481.264,7857.101,14202.218,1.086555325,1,1.731622968,2.52095463,336,110.6037054,0,430.195,1635.442,1715.157515,915.665,5656.783,10684.585,1.131332937,1,1.546801568,3.983113389,156,177.5180064,0,1038.733,4219.246,3984.571699,1623.692,17690.944,31756.379,1.107383726,1,1.772504394,3.33086717,805,116.9038075,0,590.471,2662.482,2119.313103,1070.456,7152.747,14323.807,1.127428503,1,1.678774681,3.33086717,635,132.0645039,0,853.278,2438.909,2029.85768,1086.965,7672.085,15058.718,1.147119707,1,1.909297692,3.349035879,160,183.760525,0,997.605,4744.105,2449.339044,1017.823,9355.447,25809.39,1.137480402,1,1.682793288,3.982882248
s2-80-exact,shortest_estimate+topology_aware+easy,15,0.3133645038,0.05358457059,0.1810718198,0.05554976333,0.01990049751,0.003257852611,2000,1600,0,500.9529894,0,2296.022,9884.188,3597.112124,1754.28,13290.247,25223.322,1.252350199,1,2.34354868,4.594094482,1.252350199,2472.391181,357,2061.314339,9523.651,0.8647333447,0.3901778627,0.1933142444,0.9444502367,328.1448378,0,0,328.1447382,9.955555567e-05,0,0,0,0,0.9967421474,1.167777819,0.9800995025,0.01990049751,804,276166.853,253,72,3549,654,488.8262278,0,2189.319,8421.846,3083.517927,1570.276,11007.508,17192.457,1.221113231,1,2.590301028,4.355582902,498,763.8900442,0,4046.408,17220.923,4968.950207,2620.434,16381.56,46491.716,1.279371484,1,2.628169712,4.976733894,299,188.728602,0,1020.809,3817.473,2169.117883,995.047,7387.462,18554.695,1.331539852,1,2.308290579,7.155230844,149,301.9150067,0,1892.241,4801.523,4131.914255,2012.95,15393.483,28341.376,1.140233895,1,2.143447362,2.573546521,796,624.1568518,0,2955.836,11765.195,3970.455817,1827.806,15224.701,34044.198,1.272280979,1,2.565219157,4.976733894,652,392.7227899,0,2096.989,6682.543,3394.554684,1768.369,12428.834,20436.251,1.241162463,1,2.28605377,4.355582902,152,320.0044079,0,1538.403,4614.858,2510.834961,1303.31,8571.815,25223.322,1.195965348,1,2.278436122,3.4534034
s2-80-exact,shortest_estimate+topology_aware+easy,16,0.2818392655,0.06103667882,0.1279967552,0.05852836833,0.03109452736,0.003182935765,2000,1600,0,489.6468575,0,1623.021,11658.722,2149.541841,878.678,7555.978,18896.808,1.301978145,1,2.669470456,5.783754784,1.301978145,2553.268391,364,2005.357654,10075.213,0.8927520344,0.4211302684,0.1907543041,0.9414716317,212.0685378,0,0,212.0684331,0.0001046464647,0,0,0,0,0.9968170642,1.168641042,0.9689054726,0.03109452736,804,144565.715,309,83,3669,625,488.4723328,0,1623.021,7670.239,1911.126714,689.642,6638.651,18751.78,1.308653227,1,2.512877666,5.783754784,493,566.1009736,0,1628.939,18966.915,2565.777828,991.804,9764.434,27502.822,1.360202242,1,2.983922475,7.543747703,322,425.8071925,0,1515.958,10075.213,1856.704938,853.953,6970.926,14395.996,1.268478864,1,2.852243647,4.67660864,160,387.137925,0,1432.659,9015.011,2387.658069,1295.016,5860.344,18847.255,1.163917913,1,2.161163272,3.37843728,796,481.0265666,0,1628.939,15523.179,2199.299251,861.843,8335.216,21387.553,1.309705135,1,2.905856749,6.118867067,633,507.2507788,0,1749.078,9015.011,2119.382742,924.129,7235.852,14689.456,1.312897426,1,2.581140526,5.610495323,171,464.6086667,0,1316.675,11112.968,2029.564129,861.128,5945.259,22799.444,1.22558874,1,2.512877666,4.378370405
s2-80-exact,shortest_estimate+topology_aware+easy,17,0.217258235,0.04497239463,0.1099414022,0.04014323146,0.02185089974,0.0003503069637,2000,1600,0,373.8487444,0,1394.076,5447.3,3166.79278,1634.817,10812.492,21203.51,1.159357698,1,1.966890747,3.725375088,1.159357698,2274.367633,372,1421.700575,4774.918,0.8431779312,0.2912960532,0.1393968356,0.9598567685,221.9555622,0,0,221.9554797,8.254545458e-05,0,0,0,0,0.999649693,1.049297531,0.9781491003,0.02185089974,778,246775.318,240,64,3202,628,386.8434204,0,1407.726,5021.196,3382.740731,2027.57,12043.396,18213.062,1.145440381,1,2.043756514,3.337779413,486,416.4163045,0,1826.774,9034.032,3686.046784,2122.285,12249.483,28684.436,1.180198073,1,1.785500456,4.443764135,340,340.3723529,0,1199.815,3610.811,2208.715659,905.804,6290.925,21302.621,1.170134999,1,2.198907273,4.017048379,146,254.2150616,0,913.325,6589.344,2740.583616,1836.305,8019.079,20475.277,1.124750644,1,1.709311421,3.146595912,822,334.5559307,0,1308.135,4774.918,3091.797253,1625.322,10557.051,19384.074,1.135591803,1,1.785500456,3.508180484,617,465.8311977,0,1662.975,8305.894,3322.197057,1720.967,11602.581,27272.09,1.162546202,1,2.07455518,3.698810904,161,221.957559,0,979.908,5479.151,2954.133677,1557.57,10812.492,21302.621,1.268477314,1,2.048454536,5.6688219
s2-80-exact,shortest_estimate+topology_aware+easy,18,0.1075105868,0.03400079737,0.04042271348,0.02547048099,0.005044136192,0.002572458816,2000,1600,0,115.7331987,0,512.567,2684.326,4088.524042,1614.362,16690.733,34132.782,1.119883017,1,1.487042313,3.449232045,1.119883017,2211.875414,356,487.7857949,2555.717,0.7203016278,0.1547343328,0.1083215576,0.974529519,167.3886778,0,0,167.3886013,7.652525255e-05,0,0,0,0,0.9974275412,1.129421124,0.9949558638,0.005044136192,793,390125.266,128,26,2650,654,128.7787431,0,506.312,3999.759,6548.804391,2932.631,22692.146,46925.048,1.063627321,1,1.286795314,2.606999983,489,121.4619264,0,647.652,2684.326,2692.235761,1136.067,10667.916,17890.939,1.201283165,1,1.871775383,4.422187148,318,96.93069811,0,531.686,2788.788,1510.568906,1037.014,5039.868,7577.023,1.134014832,1,1.488606539,4.884252979,139,77.21565468,0,364.917,2147.753,3322.706453,1568.615,15008.808,17876.58,1.065873199,1,1.330537556,2.393000395,807,104.1751747,0,590.771,2535.155,3691.734062,1556.01,16230.783,26286.374,1.159606647,1,1.708653042,4.422187148,633,142.8214044,0,506.312,3124.975,4669.324128,1677.749,19657.349,38563.639,1.090667078,1,1.387145611,3.079126932,160,66.86126875,0,314.644,1494.669,3792.043169,1692.577,12140.43,46925.048,1.035112516,1,1.250003004,2.055081079
s2-80-exact,shortest_estimate+topology_aware+easy,19,0.06040255829,0.02749927289,0.015037492,0.008090108351,0.007220216606,0.002555468446,2000,1600,0,47.87209688,0,190.678,1329.671,2623.468543,1100.335,8867.274,24248.916,1.093459555,1,1.202694805,2.984983333,1.093459555,2164.370004,338,209.2301302,1329.671,0.7167390852,0.1235910146,0.07641736366,0.9919098916,37.20977778,0,0,37.20975289,2.48888889e-05,0,0,0,0,0.9974445316,1.134236445,0.9927797834,0.007220216606,831,268118.137,101,22,2558,656,48.59602439,0,119.099,1431.729,3769.206354,1623.739,13193.53,42543.581,1.050443163,1,1.145026198,2.641877644,468,48.44002137,0,192.095,1388.84,1679.2034,655.091,6975.626,15676.654,1.098970439,1,1.322336252,4.028489639,316,46.77957595,0,211.89,1102.948,2123.778965,1027.163,7236.443,17476.555,1.191450919,1,1.156189692,4.857709817,160,45.40054375,0,203.617,1416.263,1674.805981,805.987,5193.401,13615.689,1.060174484,1,1.158140931,2.254692074,769,51.92779454,0,180.981,1388.84,2564.658507,1199.757,8214.182,22485.277,1.078946121,1,1.19763237,3.494884414,662,39.84024773,0,190.678,1057.089,2680.14923,1057.686,10028.385,28158.885,1.117752253,1,1.202694805,2.984983333,169,60.87950888,0,334.496,1478.832,2669.044302,1074.442,10019.401,27094.338,1.064341596,1,1.243782921,2.569506236
s2-80-exact,shortest_estimate+topology_aware+easy,20,0.1773692245,0.03939880418,0.08530719573,0.03222655684,0.01743462017,0.003002047617,2000,1600,0,268.469485,0,1081.71,7059.895,3361.368902,1571.472,12716.498,27147.759,1.166628462,1,1.72312691,5.116981993,1.166628462,2271.040886,353,1129.724442,6811.711,0.7950815814,0.2281456778,0.1163142003,0.9677734432,175.2609378,0,0,175.2608567,8.105050507e-05,0,0,0,0,0.9969979524,1.147820166,0.9825653798,0.01743462017,803,269084.696,174,37,2916,645,446.5057271,0,2518.12,10280.876,5572.003082,2996.228,18990.25,42221.786,1.201633767,1,2.053740758,5.443430839,467,142.9173148,0,682.488,3728.08,1455.142062,923.149,4471.209,9514.672,1.207491928,1,2.03876084,7.3769369,310,150.4060323,0,547.577,4393.326,2577.112671,1632.726,8260.604,13104.733,1.051987031,1,1.250000348,2.149062178,178,158.3523933,0,349.263,7080.288,1717.932494,726.626,6673.197,15659.987,1.132230614,1,1.483399114,2.545808216,797,311.7551167,0,1206.096,7261.09,3353.042499,1519.783,12405.02,36168.233,1.18026303,1,1.926878846,6.597151034,621,218.7693462,0,1039.9,5349.387,3526.633454,1609.224,14141.856,33863.018,1.144470334,1,1.640699061,3.062884673,182,248.4977143,0,875.951,6811.711,2833.934044,1614.162,8764.533,26503.318,1.182526523,1,1.900930175,7.002551279
s2-80-exact,shortest_estimate+topology_aware+easy_oracle,1,0.11269862,0.03375282357,0.04587390093,0.0239778162,0.008620689655,0.0004733896812,2000,1600,0,101.5886425,0,581.689,2299.037,3287.479096,1333.456,10223.501,46326.346,1.107866353,1,1.476197052,3.10668545,1.107866353,2184.517247,370,397.4172595,1972.688,0.7265546524,0.1651942851,0.1167445289,0.9760221838,137.6662511,0,0,137.6661716,7.955555558e-05,0,0,0,0,0.9995266103,1.061106022,0.9913793103,0.008620689655,812,331001.651,133,26,2578,647,139.7899042,0,655.813,3488.087,2443.407029,1574.775,7965.657,15033.631,1.136488914,1,1.545660587,4.485716667,468,54.79226496,0,299.643,1489.696,1654.142051,960.132,6023.898,9235.755,1.093370818,1,1.418226009,3.127441579,333,90.13503904,0,604.328,1972.688,7342.715877,1380.644,46326.346,86400,1.07104181,1,1.353711493,2.522862149,152,108.1579737,0,712.355,2597.771,3025.127224,1985.172,10612.137,15590.314,1.111337975,1,1.955940724,2.900277031,788,75.17798858,0,385.419,1951.624,3249.272096,1404.853,9325.932,48633.587,1.088553607,1,1.334276426,3.10668545,648,122.6242608,0,722.938,2999.549,3234.155542,1288.395,11371.818,44785.025,1.118563446,1,1.748928977,3.127441579,164,145.3722683,0,477.893,5966.623,3681.752134,1261.359,10592.152,67156.945,1.15839518,1,1.625203444,6.339123336
s2-80-exact,shortest_estimate+topology_aware+easy_oracle,2,0.1667195071,0.03762407272,0.06250001479,0.05139906284,0.01412066752,0.001075689227,2000,1600,0,210.5571594,0,792.511,4854.274,3459.851819,1611.004,13218.058,25871.625,1.109483446,1,1.645508119,3.224651061,1.109483446,2276.42227,332,894.3505904,4854.274,0.7636506266,0.1305045908,0.09066949745,0.9486009372,316.7314911,0,0,316.7314001,9.098989902e-05,0,0,0,0,0.9989243108,1.084309383,0.9858793325,0.01412066752,779,288786.294,145,38,2894,636,254.9594921,0,790.494,6427.409,4860.166329,2142.908,18504.467,34187.161,1.086077455,1,1.495131584,2.622644392,502,203.8314243,0,927.192,3609.255,2719.950353,1521.844,8259.278,21538.258,1.108008605,1,1.666647311,2.96607767,311,175.5764019,0,676.89,3268.166,1938.604399,1199.225,6393.507,9317.568,1.173119827,1,1.928944236,4.967206462,151,117.9442517,0,983.115,1910.129,3154.808477,1697.154,10445.342,21620.956,1.081905078,1,1.708148248,2.113521202,821,238.7147722,0,790.494,5040.981,3611.314999,1646.349,13303.215,25802.082,1.108669829,1,1.655493969,3.414082063,635,179.6095843,0,823.445,4175.284,3322.213931,1615.816,12263.104,25871.625,1.114979135,1,1.669929829,3.224651061,144,186.4898681,0,983.115,5232.71,3203.246181,1473.479,13775.162,27939.411,1.089887735,1,1.472933383,2.437340117
s2-80-exact,shortest_estimate+topology_aware+easy_oracle,3,0.2033071762,0.05431737893,0.09552464308,0.03209151309,0.02069857697,0.0006750641268,2000,1600,0,325.6836844,0,1211.269,6859.762,2940.103142,1330.479,11276.343,23155.954,1.257620305,1,2.375598429,5.133375888,1.257620305,2488.758302,377,1275.755586,6082.087,0.8274682555,0.3145400273,0.1587216894,0.9679084869,149.0775511,0,0,149.0774732,7.789898991e-05,0,0,0,0,0.9993249359,1.067425724,0.979301423,0.02069857697,773,208721.24,239,58,3187,639,398.5206526,0,1859.418,7677.471,4177.670873,1998.018,14976.03,31195.015,1.24113735,1,2.209305138,4.691212933,481,239.6748919,0,799.766,6477.974,1874.770412,1033.109,6114.618,12271.559,1.275368149,1,2.574158441,5.764276176,318,298.5078428,0,1139.381,5836.067,2528.347399,1327.448,8847.773,12990.216,1.233704026,1,2.510417062,4.349951269,162,347.0992654,0,1596.969,11761.813,2029.964802,1047.139,6008.251,14557.805,1.316887413,1,2.673150381,6.285956056,827,335.6970943,0,1609.185,7966.494,3015.219253,1373.072,11686.629,23280.344,1.259013072,1,2.390545911,5.391970721,629,264.0822639,0,1070.734,5512.509,2698.721304,1275.592,10777.038,19891.786,1.275999736,1,2.485909454,5.133375888,144,537.2545417,0,1426.339,7677.471,3563.076424,1438.086,13535.721,31195.015,1.169339186,1,2.227753224,4.01035148
s2-80-exact,shortest_estimate+topology_aware+easy_oracle,4,0.146185695,0.03787870999,0.052807718,0.03946873225,0.01324503311,0.002785501617,2000,1600,0,137.2177525,0,669.611,3382.181,2739.046626,1534.247,9318.729,15645.978,1.126457875,1,1.656644811,3.659512418,1.126457875,2254.066596,354,580.9969011,3188.386,0.8120089937,0.285599875,0.1528353046,0.9605312678,188.8199311,0,0,188.8198514,7.971717175e-05,0,0,0,0,0.9972144984,1.135773931,0.9867549669,0.01324503311,755,223893.334,191,40,3042,615,103.4323593,0,507.932,2245.174,2080.212119,954.269,7971.136,12638.232,1.175503145,1,1.914916101,5.518533333,495,198.5940283,0,699.154,5994.047,3844.963659,2298.14,12674.319,25263.114,1.065489825,1,1.441701278,2.150082986,334,113.4006228,0,779.868,2169.919,2445.550326,1560.396,8458.75,12123.073,1.087414476,1,1.613459021,3.087419884,156,126.651609,0,1076.529,1973.061,2455.598256,1738.791,7447.028,12649.817,1.210155566,1,1.859040852,8.188834219,845,132.3842982,0,640.621,3116.473,2852.301247,1560.396,9762,15645.978,1.119330547,1,1.662928544,3.405786556,608,118.8656826,0,599.853,2881.676,2601.65577,1506.409,8458.75,14828.975,1.119676119,1,1.461727822,3.800598005,147,240.9070544,0,1224.651,6346.419,2656.281218,1465.75,10702.024,17045.224,1.195477607,1,2.027983058,6.064551697
s2-80-exact,shortest_estimate+topology_aware+easy_oracle,5,0.09634067945,0.02882667509,0.0228175909,0.03788355852,0.006631299735,0.0001815552088,2000,1600,0,65.87827812,0,289.331,1761.036,2246.236377,1478.383,6585.02,12025.832,1.050289866,1,1.260749422,1.975377833,1.050289866,2102.236987,334,287.458006,1761.036,0.7391774878,0.1703932326,0.1066609033,0.9621164415,141.9909422,0,0,141.9908834,5.878787882e-05,0,0,0,0,0.9998184448,1.032492673,0.9933687003,0.006631299735,754,209107.581,133,30,2633,639,71.0476072,0,378.129,1787.253,2200.332967,1394.089,6407.696,14041.681,1.057385361,1,1.269180055,2.06325302,486,84.30725103,0,400.711,2302.724,1902.510412,1270.604,5380.506,10571.352,1.057499029,1,1.465173673,2.084999992,322,41.98659938,0,152.021,1522.634,2800.785273,2201.813,7511.958,11427.432,1.037715664,1,1.168994991,1.975377833,153,36.03147059,0,139.679,963.33,2362.696209,1478.383,6880.407,14317.204,1.024219402,1,1.250000184,1.413307317,846,74.39420804,0,380.413,2017.626,2296.194173,1449.317,6879.607,12341.63,1.046817324,1,1.303827012,1.910104375,602,59.23192857,0,271.6,1522.634,2155.816927,1503.666,6264.263,10126.524,1.060441777,1,1.250000416,2.155259501,152,44.80344737,0,130.439,1387.432,2326.290421,1507.125,6880.407,14738.915,1.029410394,1,1.17700697,1.887639099
s2-80-exact,shortest_estimate+topology_aware+easy_oracle,6,0.2116155889,0.05227861538,0.1008784344,0.04149229036,0.01608910891,0.0008771398671,2000,1600,0,289.9255469,0,1279.156,5612.933,2215.029911,1216.969,7520.992,16132.158,1.203334495,1,2.28643206,4.032663101,1.203334495,2401.928943,388,1097.400005,5007.363,0.8695789874,0.3541696596,0.1824472428,0.9585077096,147.1862889,0,0,147.1861845,0.0001043636364,0,0,0,0,0.9991228601,1.07758897,0.9839108911,0.01608910891,808,173455.604,284,85,3559,647,292.4834807,0,1490.773,5612.933,2360.200046,1296.391,7848.261,14311.854,1.189058667,1,2.244345995,4.062160761,472,230.0462331,0,1220.686,5486.517,2022.793261,1187.531,6563.12,13309.675,1.213520419,1,2.270786571,3.65511554,318,160.6915409,0,897.032,2874.01,1414.428091,1042.139,4127.337,6013.485,1.181477035,1,2.058964562,4.032663101,163,705.2903742,0,3938.803,19318.834,3757.373466,1416.266,17643.004,29486.481,1.273146621,1,3.187842407,4.053876245,792,284.7310164,0,1182.377,6418.248,2293.173255,1247.921,7848.261,19284.732,1.214853101,1,2.296113677,4.337871784,644,287.3062283,0,1387.455,5007.363,2094.514798,1182.912,7264.178,12760.242,1.206051265,1,2.335934128,3.9579,164,325.2969451,0,1025.95,11115.727,2310.897006,1201.874,8322.452,15848.45,1.13703976,1,1.924515987,3.546859716
s2-80-exact,shortest_estimate+topology_aware+easy_oracle,7,0.1575469844,0.03986115361,0.07219215385,0.02848667625,0.01612903226,0.0008779684456,2000,1600,0,176.6853531,0,915.409,3736.122,3981.099314,1499.911,14881.654,41541.625,1.159101271,1,1.743348,3.884020825,1.159101271,2258.406899,369,698.0311518,3299.389,0.7678055539,0.177782865,0.1072671506,0.9715133238,196.5453578,0,0,196.5452633,9.450505055e-05,0,0,0,0,0.9991220316,1.084631853,0.9838709677,0.01612903226,806,387786.479,173,38,2677,632,168.8436076,0,806.317,3292.501,3494.089248,1438.199,13177.012,31856.608,1.1224378,1,1.743348,3.701001273,504,185.265002,0,1214.555,4193.973,5821.405609,1870.343,31540.359,68088.711,1.16118671,1,1.798358938,3.57976992,308,174.9919481,0,793.273,3070.39,2668.15612,1093.987,9981.857,24778.908,1.217431791,1,1.528101192,3.884020825,156,184.079,0,1721.569,3408.569,2600.730673,1504.557,8824.704,14586.093,1.185732375,1,2.320750355,5.439471723,794,153.3395642,0,915.409,3282.285,4108.474422,1575.602,13792.706,46953.934,1.141586834,1,1.602606837,4.538051807,644,164.8451786,0,846.493,4193.973,3874.430691,1455.573,15669.563,41541.625,1.175179507,1,1.788601113,3.917049663,162,338.1768889,0,1265.007,12349.503,3780.844728,1459.76,14586.093,29227.13,1.181027686,1,2.287240377,3.826511363
s2-80-exact,shortest_estimate+topology_aware+easy_oracle,8,0.1007792217,0.03431599437,0.0244935144,0.03526573033,0.00625,0.0004539826453,2000,1600,0,55.96292687,0,310.582,1098.187,1582.499864,768.513,5504.738,12122.439,1.089593883,1,1.500827616,2.783602252,1.089593883,2153.745192,390,211.6200795,1058.375,0.7468085387,0.1609130433,0.1048793309,0.9647342697,94.20282667,0,0,94.20276602,6.064646468e-05,0,0,0,0,0.9995460174,1.054334353,0.99375,0.00625,800,143420.605,149,37,2691,674,67.50666024,0,310.582,1510.89,1272.464915,627.224,4934.167,8645.999,1.117080075,1,1.840660086,3.538836218,490,39.91438367,0,333.561,757.344,1410.540141,673.846,4270.192,12710.929,1.059512167,1,1.361916615,2.640555731,303,59.77090429,0,379.223,1098.187,2287.51271,1173.421,7791.48,13651.835,1.088615511,1,1.335837766,3.25401095,133,47.914,0,196.039,913.846,2181.033158,1199.912,9994.052,14700.107,1.063359251,1,1.570921608,2.418377871,800,46.6985175,0,262.294,848.778,1597.315528,718.936,5469.845,12823.07,1.080674981,1,1.425006983,2.418377871,629,60.56159459,0,307.042,1143.261,1583.726828,836.179,5439.346,11139.827,1.096977366,1,1.507934496,2.973975416,171,82.38962573,0,662.476,1510.89,1508.673602,778.363,5695.435,8705.806,1.104160615,1,1.647705279,3.214812024
s2-80-exact,shortest_estimate+topology_aware+easy_oracle,9,0.138342364,0.03918524903,0.05866867905,0.03039451793,0.008816120907,0.001277797134,2000,1600,0,158.0420775,0,743.929,2656.492,2576.180837,1271.468,8855.837,17186.547,1.130010175,1,1.713786966,3.666250455,1.130010175,2300.499037,346,668.970948,2647.617,0.7807317742,0.2054109984,0.1168294192,0.9696054821,137.0115044,0,0,137.0114305,7.393939396e-05,0,0,0,0,0.9987222029,1.102850103,0.9911838791,0.008816120907,794,221055.268,180,37,3076,645,95.44309147,0,438.895,2368.184,2498.261496,1302.968,7958.555,16787.21,1.095274226,1,1.507317715,2.536826921,474,164.2225127,0,1056.119,3027.789,2546.894854,1214.729,9859.208,14892.737,1.132042413,1,1.906076729,4.039397455,330,274.8324606,0,849.376,6274.786,3024.300261,1497.275,11383.364,21892.603,1.15933298,1,1.799187227,4.349592972,151,150.797,0,1177.683,2582.288,2021.612106,951.29,9239.063,13637.962,1.207923294,1,1.745486472,4.922605465,806,191.7712779,0,803.043,3035.909,2677.045086,1253.728,9656.01,16943.795,1.126054884,1,1.765235395,3.372007087,627,130.2035295,0,738.253,2368.184,2559.707633,1346.116,8257.441,17808.118,1.149882258,1,1.649287915,4.545847448,167,99.77282036,0,635.333,2591.074,2151.223443,1106.064,8001.542,16394.706,1.074490229,1,1.534406577,2.334365962
s2-80-exact,shortest_estimate+topology_aware+easy_oracle,10,0.3916802185,0.05914490564,0.2339625808,0.05533043426,0.04291287386,0.0003294239158,2000,1600,0,647.1739231,0,2966.686,12491.958,3504.697231,1523.184,12806.189,27139.548,1.290551103,1,2.586732786,4.679333554,1.290551103,2619.061983,352,2596.562077,12153.973,0.9048956347,0.4384268185,0.2271665802,0.9446695657,346.8660356,0,0,346.8659274,0.0001081616162,0,0,0,0,0.9996705761,1.045246275,0.9570871261,0.04291287386,769,281945.11,307,89,3820,626,607.6997524,0,3839.827,12187.776,3390.309016,1676.532,12214.826,22525.818,1.313258354,1,2.748413489,5.113951532,484,931.2483409,0,2966.686,25883.77,4758.573481,1472.735,18133.895,48480.717,1.293974743,1,2.38481565,4.403414217,343,461.9284023,0,1879.75,8009.05,2703.454023,1573.897,7831.503,20549.455,1.256410461,1,2.288173222,4.044268001,147,312.1945102,0,1839.014,5002.381,1732.978435,1251.208,4494.483,13142.936,1.262241302,1,2.903014823,4.384758946,831,623.8923261,0,2786.276,12153.973,3390.943342,1526.958,12880.852,24033.413,1.256876895,1,2.602147795,4.719553571,627,721.5261196,0,3249.242,13908.3,3681.778021,1510.055,12707.82,33452.757,1.330378029,1,2.533191127,4.105017784,142,455.1188521,0,3334.174,9352.444,3388.498824,1643.67,13025.342,19281.967,1.31176085,1,3.065611346,5.113951532
s2-80-exact,shortest_estimate+topology_aware+easy_oracle,11,0.1632176253,0.03853511009,0.07695391853,0.03287433162,0.01479654747,5.771753829e-05,2000,1600,0,238.5404525,0,975.789,5105.862,3035.789266,1502.936,11059.184,24259.872,1.102848911,1,1.685352806,2.955610052,1.102848911,2172.146156,333,1034.676165,5105.862,0.7982357669,0.2105244997,0.1117793853,0.9671256684,153.7772422,0,0,153.7771465,9.567676771e-05,0,0,0,0,0.9999422825,1.019132492,0.9852034525,0.01479654747,811,257446.25,192,52,2922,640,322.8664266,0,1072.278,7226.607,3609.175656,1684.587,13156.163,32101.728,1.109145546,1,1.727805945,3.117975293,470,179.0746532,0,1035.196,3812.252,2321.497606,1426.098,7698.212,13118.289,1.089029187,1,1.649342584,2.730855825,327,125.7349235,0,776.31,3284.611,2665.691599,1348.432,10785.18,24265.686,1.109865029,1,1.668777197,2.672056186,163,305.2135215,0,1272.453,6521.865,3586.536055,1857.837,12987.225,25425.573,1.103898933,1,1.637899974,3.181621197,789,282.4225158,0,1163.718,7094.97,3169.770101,1572.352,11636.281,26005.949,1.117820944,1,1.805346982,3.117975293,653,189.5381531,0,765.68,3812.252,2710.354966,1427.972,9754.588,18468.624,1.091355753,1,1.560147002,2.955610052,158,221.9300316,0,1318.869,5806.453,3711.72419,1879.34,14633.466,26474.038,1.075583707,1,1.590018622,2.439446185
s2-80-exact,shortest_estimate+topology_aware+easy_oracle,12,0.0824471643,0.03133463676,0.03141865651,0.01751751394,0.001215066829,0.0009612902658,2000,1600,0,82.89847125,0,398.394,2062.225,2586.279507,1384.397,8946.114,18503.24,1.09242186,1,1.370436412,3.115233333,1.09242186,2200.734531,349,345.7379054,2010.887,0.7217276115,0.1301914342,0.100326275,0.9824824861,69.97475111,0,0,69.97468133,6.977777778e-05,0,0,0,0,0.9990387097,1.08158132,0.9987849332,0.001215066829,823,232305.539,126,29,2735,597,67.02868342,0,274.963,1808.401,1545.20297,926.865,5118.216,10005.906,1.093162656,1,1.410620986,4.145701184,519,91.81053179,0,671.346,2167.782,3795.876297,1785.159,14605.565,23590.014,1.13149796,1,1.445318724,3.461089336,324,91.29291667,0,324.354,2334.731,2868.657676,1958.57,8506.997,13100.539,1.046151536,1,1.205818783,2.31088002,160,96.20536875,0,455.747,2204.976,1975.350956,1303.539,5588.553,12484.475,1.056602072,1,1.32101237,2.028828501,777,98.91050837,0,495.066,2204.976,2585.019353,1420.092,9749.628,20072.319,1.124905123,1,1.436549199,4.145701184,660,76.44672879,0,325.758,2104.469,2561.809085,1404.983,8757.637,16639.112,1.057415828,1,1.271969446,2.328269945,163,32.69477301,0,75.963,780.001,2691.36919,1209.357,8695.297,28479.054,1.079320543,1,1.250000119,3.115233333
s2-80-exact,shortest_estimate+topology_aware+easy_oracle,13,0.1199537757,0.03481120043,0.04811172529,0.03408588852,0.0024600246,0.0004849369119,2000,1600,0,96.45481625,0,610.065,1913.379,2201.660485,1387.734,6844.333,12617.202,1.091299165,1,1.522485707,2.536667927,1.091299165,2162.793006,351,370.4285812,1858.805,0.8194702691,0.176297549,0.1157507059,0.9659141115,129.7510578,0,0,129.7510019,5.587878791e-05,0,0,0,0,0.9995150631,1.062934026,0.9975399754,0.0024600246,813,184122.363,210,53,2810,628,77.80959236,0,608.81,1342.29,2197.78949,1538.79,6402.698,10835.872,1.064822738,1,1.413250702,2.06892446,479,99.07341962,0,598.45,2070.599,2039.679868,1086.442,6568.361,13717.918,1.092909979,1,1.625971212,2.837840278,328,99.53143598,0,570.921,1913.379,1933.421436,1203.588,5464.197,9042.548,1.131836319,1,1.460775393,3.365848506,165,153.7018364,0,1205.621,3240.726,3219.855079,1974.263,10784.277,17191.957,1.106810863,1,1.674795516,3.299440952,787,91.44716773,0,584.179,1913.379,2193.121781,1397.229,6532.699,12617.202,1.102137485,1,1.483270288,2.72907356,643,103.8469082,0,661.545,2070.599,2167.000502,1392.686,6857.213,10829.723,1.085504449,1,1.610272324,2.690062673,170,91.67778235,0,447.761,3976.573,2372.285947,1249.784,8501.891,17191.957,1.063041779,1,1.471116312,2.165443568
s2-80-exact,shortest_estimate+topology_aware+easy_oracle,14,0.1529094653,0.04080973471,0.05907308993,0.03928228648,0.01257861635,0.001165737809,2000,1600,0,129.6063806,0,749.057,2662.482,2116.813076,1075.374,7670.891,15058.718,1.136248639,1,1.784834681,3.349035879,1.136248639,2234.710843,378,482.6490529,2438.909,0.7975780722,0.2194546839,0.1321724293,0.9607177135,149.8632956,0,0,149.8631984,9.71717172e-05,0,0,0,0,0.9988342622,1.094845801,0.9874213836,0.01257861635,795,178937.446,191,48,2849,594,114.2713569,0,749.057,2044.92,1520.718712,709.078,5286.434,11926.055,1.189610535,1,2.020126752,5.499705938,514,145.2088891,0,1008.21,2902.159,2501.377232,1481.264,7857.101,14202.218,1.086555325,1,1.731622968,2.52095463,336,110.6037054,0,430.195,1635.442,1715.157515,915.665,5656.783,10684.585,1.131332937,1,1.546801568,3.983113389,156,177.5180064,0,1038.733,4219.246,3984.571699,1623.692,17690.944,31756.379,1.107383726,1,1.772504394,3.33086717,805,116.9038075,0,590.471,2662.482,2119.313103,1070.456,7152.747,14323.807,1.127428503,1,1.678774681,3.33086717,635,132.0645039,0,853.278,2438.909,2029.85768,1086.965,7672.085,15058.718,1.147119707,1,1.909297692,3.349035879,160,183.760525,0,997.605,4744.105,2449.339044,1017.823,9355.447,25809.39,1.137480402,1,1.682793288,3.982882248
s2-80-exact,shortest_estimate+topology_aware+easy_oracle,15,0.3133645038,0.05358457059,0.1810718198,0.05554976333,0.01990049751,0.003257852611,2000,1600,0,500.9529894,0,2296.022,9884.188,3597.112124,1754.28,13290.247,25223.322,1.252350199,1,2.34354868,4.594094482,1.252350199,2472.391181,357,2061.314339,9523.651,0.8647333447,0.3901778627,0.1933142444,0.9444502367,328.1448378,0,0,328.1447382,9.955555567e-05,0,0,0,0,0.9967421474,1.167777819,0.9800995025,0.01990049751,804,276166.853,253,72,3549,654,488.8262278,0,2189.319,8421.846,3083.517927,1570.276,11007.508,17192.457,1.221113231,1,2.590301028,4.355582902,498,763.8900442,0,4046.408,17220.923,4968.950207,2620.434,16381.56,46491.716,1.279371484,1,2.628169712,4.976733894,299,188.728602,0,1020.809,3817.473,2169.117883,995.047,7387.462,18554.695,1.331539852,1,2.308290579,7.155230844,149,301.9150067,0,1892.241,4801.523,4131.914255,2012.95,15393.483,28341.376,1.140233895,1,2.143447362,2.573546521,796,624.1568518,0,2955.836,11765.195,3970.455817,1827.806,15224.701,34044.198,1.272280979,1,2.565219157,4.976733894,652,392.7227899,0,2096.989,6682.543,3394.554684,1768.369,12428.834,20436.251,1.241162463,1,2.28605377,4.355582902,152,320.0044079,0,1538.403,4614.858,2510.834961,1303.31,8571.815,25223.322,1.195965348,1,2.278436122,3.4534034
s2-80-exact,shortest_estimate+topology_aware+easy_oracle,16,0.2818392655,0.06103667882,0.1279967552,0.05852836833,0.03109452736,0.003182935765,2000,1600,0,489.6468575,0,1623.021,11658.722,2149.541841,878.678,7555.978,18896.808,1.301978145,1,2.669470456,5.783754784,1.301978145,2553.268391,364,2005.357654,10075.213,0.8927520344,0.4211302684,0.1907543041,0.9414716317,212.0685378,0,0,212.0684331,0.0001046464647,0,0,0,0,0.9968170642,1.168641042,0.9689054726,0.03109452736,804,144565.715,309,83,3669,625,488.4723328,0,1623.021,7670.239,1911.126714,689.642,6638.651,18751.78,1.308653227,1,2.512877666,5.783754784,493,566.1009736,0,1628.939,18966.915,2565.777828,991.804,9764.434,27502.822,1.360202242,1,2.983922475,7.543747703,322,425.8071925,0,1515.958,10075.213,1856.704938,853.953,6970.926,14395.996,1.268478864,1,2.852243647,4.67660864,160,387.137925,0,1432.659,9015.011,2387.658069,1295.016,5860.344,18847.255,1.163917913,1,2.161163272,3.37843728,796,481.0265666,0,1628.939,15523.179,2199.299251,861.843,8335.216,21387.553,1.309705135,1,2.905856749,6.118867067,633,507.2507788,0,1749.078,9015.011,2119.382742,924.129,7235.852,14689.456,1.312897426,1,2.581140526,5.610495323,171,464.6086667,0,1316.675,11112.968,2029.564129,861.128,5945.259,22799.444,1.22558874,1,2.512877666,4.378370405
s2-80-exact,shortest_estimate+topology_aware+easy_oracle,17,0.217258235,0.04497239463,0.1099414022,0.04014323146,0.02185089974,0.0003503069637,2000,1600,0,373.8487444,0,1394.076,5447.3,3166.79278,1634.817,10812.492,21203.51,1.159357698,1,1.966890747,3.725375088,1.159357698,2274.367633,372,1421.700575,4774.918,0.8431779312,0.2912960532,0.1393968356,0.9598567685,221.9555622,0,0,221.9554797,8.254545458e-05,0,0,0,0,0.999649693,1.049297531,0.9781491003,0.02185089974,778,246775.318,240,64,3202,628,386.8434204,0,1407.726,5021.196,3382.740731,2027.57,12043.396,18213.062,1.145440381,1,2.043756514,3.337779413,486,416.4163045,0,1826.774,9034.032,3686.046784,2122.285,12249.483,28684.436,1.180198073,1,1.785500456,4.443764135,340,340.3723529,0,1199.815,3610.811,2208.715659,905.804,6290.925,21302.621,1.170134999,1,2.198907273,4.017048379,146,254.2150616,0,913.325,6589.344,2740.583616,1836.305,8019.079,20475.277,1.124750644,1,1.709311421,3.146595912,822,334.5559307,0,1308.135,4774.918,3091.797253,1625.322,10557.051,19384.074,1.135591803,1,1.785500456,3.508180484,617,465.8311977,0,1662.975,8305.894,3322.197057,1720.967,11602.581,27272.09,1.162546202,1,2.07455518,3.698810904,161,221.957559,0,979.908,5479.151,2954.133677,1557.57,10812.492,21302.621,1.268477314,1,2.048454536,5.6688219
s2-80-exact,shortest_estimate+topology_aware+easy_oracle,18,0.1075105868,0.03400079737,0.04042271348,0.02547048099,0.005044136192,0.002572458816,2000,1600,0,115.7331987,0,512.567,2684.326,4088.524042,1614.362,16690.733,34132.782,1.119883017,1,1.487042313,3.449232045,1.119883017,2211.875414,356,487.7857949,2555.717,0.7203016278,0.1547343328,0.1083215576,0.974529519,167.3886778,0,0,167.3886013,7.652525255e-05,0,0,0,0,0.9974275412,1.129421124,0.9949558638,0.005044136192,793,390125.266,128,26,2650,654,128.7787431,0,506.312,3999.759,6548.804391,2932.631,22692.146,46925.048,1.063627321,1,1.286795314,2.606999983,489,121.4619264,0,647.652,2684.326,2692.235761,1136.067,10667.916,17890.939,1.201283165,1,1.871775383,4.422187148,318,96.93069811,0,531.686,2788.788,1510.568906,1037.014,5039.868,7577.023,1.134014832,1,1.488606539,4.884252979,139,77.21565468,0,364.917,2147.753,3322.706453,1568.615,15008.808,17876.58,1.065873199,1,1.330537556,2.393000395,807,104.1751747,0,590.771,2535.155,3691.734062,1556.01,16230.783,26286.374,1.159606647,1,1.708653042,4.422187148,633,142.8214044,0,506.312,3124.975,4669.324128,1677.749,19657.349,38563.639,1.090667078,1,1.387145611,3.079126932,160,66.86126875,0,314.644,1494.669,3792.043169,1692.577,12140.43,46925.048,1.035112516,1,1.250003004,2.055081079
s2-80-exact,shortest_estimate+topology_aware+easy_oracle,19,0.06040255829,0.02749927289,0.015037492,0.008090108351,0.007220216606,0.002555468446,2000,1600,0,47.87209688,0,190.678,1329.671,2623.468543,1100.335,8867.274,24248.916,1.093459555,1,1.202694805,2.984983333,1.093459555,2164.370004,338,209.2301302,1329.671,0.7167390852,0.1235910146,0.07641736366,0.9919098916,37.20977778,0,0,37.20975289,2.48888889e-05,0,0,0,0,0.9974445316,1.134236445,0.9927797834,0.007220216606,831,268118.137,101,22,2558,656,48.59602439,0,119.099,1431.729,3769.206354,1623.739,13193.53,42543.581,1.050443163,1,1.145026198,2.641877644,468,48.44002137,0,192.095,1388.84,1679.2034,655.091,6975.626,15676.654,1.098970439,1,1.322336252,4.028489639,316,46.77957595,0,211.89,1102.948,2123.778965,1027.163,7236.443,17476.555,1.191450919,1,1.156189692,4.857709817,160,45.40054375,0,203.617,1416.263,1674.805981,805.987,5193.401,13615.689,1.060174484,1,1.158140931,2.254692074,769,51.92779454,0,180.981,1388.84,2564.658507,1199.757,8214.182,22485.277,1.078946121,1,1.19763237,3.494884414,662,39.84024773,0,190.678,1057.089,2680.14923,1057.686,10028.385,28158.885,1.117752253,1,1.202694805,2.984983333,169,60.87950888,0,334.496,1478.832,2669.044302,1074.442,10019.401,27094.338,1.064341596,1,1.243782921,2.569506236
s2-80-exact,shortest_estimate+topology_aware+easy_oracle,20,0.1773692245,0.03939880418,0.08530719573,0.03222655684,0.01743462017,0.003002047617,2000,1600,0,268.469485,0,1081.71,7059.895,3361.368902,1571.472,12716.498,27147.759,1.166628462,1,1.72312691,5.116981993,1.166628462,2271.040886,353,1129.724442,6811.711,0.7950815814,0.2281456778,0.1163142003,0.9677734432,175.2609378,0,0,175.2608567,8.105050507e-05,0,0,0,0,0.9969979524,1.147820166,0.9825653798,0.01743462017,803,269084.696,174,37,2916,645,446.5057271,0,2518.12,10280.876,5572.003082,2996.228,18990.25,42221.786,1.201633767,1,2.053740758,5.443430839,467,142.9173148,0,682.488,3728.08,1455.142062,923.149,4471.209,9514.672,1.207491928,1,2.03876084,7.3769369,310,150.4060323,0,547.577,4393.326,2577.112671,1632.726,8260.604,13104.733,1.051987031,1,1.250000348,2.149062178,178,158.3523933,0,349.263,7080.288,1717.932494,726.626,6673.197,15659.987,1.132230614,1,1.483399114,2.545808216,797,311.7551167,0,1206.096,7261.09,3353.042499,1519.783,12405.02,36168.233,1.18026303,1,1.926878846,6.597151034,621,218.7693462,0,1039.9,5349.387,3526.633454,1609.224,14141.856,33863.018,1.144470334,1,1.640699061,3.062884673,182,248.4977143,0,875.951,6811.711,2833.934044,1614.162,8764.533,26503.318,1.182526523,1,1.900930175,7.002551279
s2-80-exact,shortest_estimate+topology_aware+easy_predicted,1,0.08853373707,0.02885899952,0.02551014091,0.02403313961,0.007389162562,0.002742294467,2000,1600,0,86.82761188,0,323.473,2069.663,3271.829971,1316.391,9969.846,46326.346,1.109165321,1,1.262163147,2.900277031,1.109165321,2187.069866,370,345.7543757,1808.888,0.7270089691,0.1169485628,0.1041564159,0.9759668604,137.9917067,0,0,137.9916375,6.921212124e-05,0,0,0,0,0.9972577055,1.149990751,0.9926108374,0.007389162562,812,331001.651,109,51,2579,647,112.9450819,0,620.21,2980.522,2414.840771,1574.775,7965.657,15033.631,1.177460564,1,1.465528531,5.190948668,468,76.96010684,0,255.475,1489.696,1674.836451,953.849,6023.898,9325.932,1.091980658,1,1.250001113,3.406714029,333,46.71867267,0,8.351,1550.28,7298.03448,1323.259,46326.346,86400,1.023886987,1,1.070351332,1.737782572,152,93.90830921,0,193.594,1408.244,3016.164697,1909.273,10612.137,16236.209,1.05819877,1,1.337738394,2.682890753,788,64.92117005,0,161.952,1686.565,3238.207265,1382.558,9325.932,48633.587,1.125194259,1,1.182906115,4.617117607,648,120.7269954,0,487.181,2980.522,3231.039674,1273.65,11568.511,44785.025,1.088215409,1,1.475026199,2.900277031,164,58.1414878,0,327.405,1575.854,3594.55439,1241.983,9059.982,67156.945,1.114925925,1,1.431055312,2.580549273
s2-80-exact,shortest_estimate+topology_aware+easy_predicted,2,0.1352038728,0.03236143981,0.04746173416,0.05046226314,0.003851091142,0.001067344577,2000,1600,0,156.2271256,0,601.823,3047.17,3403.324463,1612.257,13099.384,25444.613,1.097320982,1,1.415344169,3.293258127,1.097320982,2202.706688,332,688.5355934,3047.17,0.7558444989,0.1680222267,0.1027963613,0.9495377369,310.6519533,0,0,310.6518791,7.426262631e-05,0,0,0,0,0.9989326554,1.081540236,0.9961489089,0.003851091142,779,305041.383,139,56,2892,636,228.3972531,0,787.105,5902.061,4828.176693,2121.094,18436.322,33047.421,1.083587967,1,1.451076608,2.626086344,502,112.7531853,0,428.948,3012.047,2622.812183,1516.656,8259.278,16452.599,1.08099733,1,1.314579493,2.5850884,311,103.2919421,0,780.027,2281.668,1863.191244,1161.163,6147.75,8940.839,1.162611426,1,1.715135929,4.967206462,151,105.8069868,0,496.962,3121.291,3168.838219,1697.154,10198.292,25444.613,1.074959014,1,1.371557485,3.227457045,821,187.3285481,0,519.346,3561.336,3555.234842,1639.066,13267.089,25444.613,1.095795311,1,1.451076608,3.699021976,635,124.690874,0,601.823,2763.748,3266.79315,1628.413,11433.594,24380.604,1.104948966,1,1.390103451,3.293258127,144,117.9719306,0,694.694,5126.445,3139.289486,1532.933,13775.162,27939.411,1.07238214,1,1.250000752,2.621199923
s2-80-exact,shortest_estimate+topology_aware+easy_predicted,3,0.2079800363,0.05221955831,0.1069598183,0.0303138352,0.01681759379,0.001669230715,2000,1600,0,284.1360394,0,1356.269,5599.559,2897.828896,1362.202,10759.461,23791.169,1.232618092,1,2.283849168,6.088751485,1.232618092,2474.091367,377,1103.507231,5099.966,0.8275324006,0.2942655944,0.1433932794,0.9696861648,140.5613889,0,0,140.5613138,7.511111113e-05,0,0,0,0,0.9983307693,1.117627464,0.9831824062,0.01681759379,773,209975.775,227,110,3167,639,321.0349264,0,1902.063,5897.016,4100.825152,1988.889,14850.635,31467.349,1.181112353,1,2.081083913,3.820638808,481,225.5144927,0,1164.326,4192.984,1861.071056,1034.201,5932.493,10994.371,1.272186801,1,2.294183246,8.499124339,318,257.1686258,0,1103.467,4122.746,2481.659311,1379.616,8847.773,13676.674,1.231727166,1,2.274879502,6.706012807,162,365.5817963,0,1319.269,3801.277,2047.877296,1091.524,5992.224,13790.85,1.320043604,1,2.920916911,6.285956056,827,268.291896,0,1501.904,5634.735,2945.660116,1369.435,10619.081,23280.344,1.231887169,1,2.232272967,6.551480405,629,318.210132,0,1455.637,5351.833,2753.832868,1368.5,10739.754,21164.5,1.258677468,1,2.627638996,6.088751485,144,226.2923056,0,960.049,7640.12,3252.114188,1303.924,13535.721,31467.349,1.122987024,1,2.016478566,2.75246687
s2-80-exact,shortest_estimate+topology_aware+easy_predicted,4,0.1491612659,0.03480957835,0.05469120965,0.04435921533,0.01324503311,0.002056229433,2000,1600,0,145.5376456,0,693.494,2716.357,2751.594381,1532.855,9429.055,15990.061,1.137241679,1,1.522414764,3.78448932,1.137241679,2257.744041,354,595.8271497,2692.217,0.8146198294,0.2470380606,0.1510251376,0.9556407847,213.3022044,0,0,213.3021136,9.086868691e-05,0,0,0,0,0.9979437706,1.118437798,0.9867549669,0.01324503311,755,223893.334,180,89,3002,615,118.8345789,0,657.609,2532.288,2099.168698,962.947,8014.438,13045.387,1.207515432,1,1.927811446,6.27005,495,211.8945798,0,891.206,5739.821,3866.25137,2375.247,12674.319,25263.114,1.08730392,1,1.462720595,2.150082986,334,109.0924731,0,830.284,2203.472,2441.29726,1578.962,7739.013,12284.51,1.079644692,1,1.483768421,2.369990399,156,118.2837436,0,571.984,2266.868,2451.118891,1647.038,7447.028,12283.813,1.141973892,1,1.404044337,2.588053899,845,157.8362533,0,858.307,2716.357,2882.957464,1578.962,10026.959,16010.631,1.147879781,1,1.658458068,3.78448932,608,108.9443026,0,565.262,2203.472,2593.741951,1501.245,7971.136,14684.929,1.12523528,1,1.399855708,3.800598005,147,226.1936259,0,1117.243,6346.419,2649.366299,1426.084,10687.558,17045.224,1.125749797,1,1.838882644,2.700820941
s2-80-exact,shortest_estimate+topology_aware+easy_predicted,5,0.08271454455,0.02912665876,0.02141926613,0.02938996497,0.002652519894,0.0001261348011,2000,1600,0,61.31479375,0,271.6,1637.903,2239.121877,1462.688,6622.083,11427.432,1.0434426,1,1.273869361,1.956772986,1.0434426,2092.480029,334,268.0550299,1637.903,0.7330998627,0.1629907225,0.09926420146,0.970610035,109.1922467,0,0,109.1921954,5.131313134e-05,0,0,0,0,0.9998738652,1.028480175,0.9973474801,0.002652519894,754,209107.581,128,54,2625,639,66.13626291,0,370.338,1761.036,2195.98216,1359.667,6416.136,14041.681,1.047962942,1,1.305488137,2.06325302,486,79.36788477,0,401.608,2178.846,1893.171434,1258.343,5407.76,10126.524,1.049123184,1,1.418304908,1.939901259,322,35.74506522,0,152.021,1048.696,2792.116363,2201.813,7511.958,11427.432,1.037003271,1,1.100001274,1.975377833,153,37.64637255,0,152.87,1100.362,2354.376588,1478.383,6880.407,14317.204,1.020071373,1,1.065701091,1.606910506,846,70.85130733,0,380.413,2017.626,2288.834526,1445.405,7055.404,12341.63,1.046736338,1,1.341572836,1.939901259,602,55.11373754,0,267.052,1295.562,2150.28236,1492.177,6266.133,10126.524,1.044239646,1,1.250000159,2.084999992,152,32.79601316,0,130.439,1067.8,2314.282987,1477.738,6880.407,14738.915,1.02195363,1,1.170268065,1.839932189
s2-80-exact,shortest_estimate+topology_aware+easy_predicted,6,0.2280571082,0.05660159721,0.1128712518,0.04225600826,0.01237623762,0.003952013296,2000,1600,0,297.9864556,0,1431.227,5447.739,2225.874099,1182.912,7652.137,16149.83,1.215469298,1,2.475499887,4.293195511,1.215469298,2418.539022,388,1136.513881,5013.575,0.8663298843,0.3766870885,0.1862788587,0.9577439917,150.0149667,0,0,150.0148673,9.935353536e-05,0,0,0,0,0.9960479867,1.161106312,0.9876237624,0.01237623762,808,173455.604,264,137,3608,647,306.3670587,0,1798.497,5269.963,2374.015832,1235.592,8030.291,14135.317,1.206876379,1,2.526924937,4.592794446,472,194.4616992,0,1052.06,3512.778,1989.377826,1187.531,6524.527,13309.675,1.194054704,1,2.198803754,4.27447914,318,209.8065535,0,1161.002,3739.874,1467.387151,1013.144,4520.166,6678.373,1.183431869,1,2.24299253,3.375322705,163,736.5302822,0,4822.986,14875.827,3802.422503,1418.208,17450.476,29534.784,1.374090212,1,3.296540956,6.648790455,792,298.0939583,0,1474.133,6114.459,2314.154235,1208.95,7949.609,19284.732,1.22759186,1,2.390616251,4.395935163,644,294.5251724,0,1647.302,5033.178,2100.900292,1150.118,7419.124,11777.645,1.214759111,1,2.546719988,4.27447914,164,311.0591646,0,837.478,11417.107,2290.296445,1221.974,7587.318,16149.83,1.159714972,1,2.198803754,3.41237592
s2-80-exact,shortest_estimate+topology_aware+easy_predicted,7,0.1462354479,0.03895084156,0.07088680888,0.02526349391,0.009925558313,0.001208745192,2000,1600,0,172.9923356,0,898.857,4078.331,3974.564687,1480.425,14881.654,41541.625,1.160484189,1,1.703535035,4.553775883,1.160484189,2259.869566,369,648.2493415,3751.075,0.7652270767,0.215246774,0.1167193724,0.9747365061,173.7304533,0,0,173.7303626,9.074747479e-05,0,0,0,0,0.9987912548,1.087040432,0.9900744417,0.009925558313,806,387786.479,187,78,2678,632,165.526057,0,898.857,3751.075,3488.351264,1425.459,13131.599,31856.608,1.140214221,1,1.69912936,3.917049663,504,169.094123,0,1125.861,4088.645,5800.287998,1870.343,30328.039,68088.711,1.139001979,1,1.680944915,3.57976992,308,181.3146916,0,723.02,3141.195,2671.969273,1083.304,9802.105,24778.908,1.238141204,1,1.76301144,5.570205561,156,199.4032436,0,817.83,6344.747,2617.652654,1471.783,9333.713,15780.049,1.158684781,1,1.58572896,4.824578513,794,152.4333086,0,872.345,3029.621,4104.231587,1527.754,13792.706,46953.934,1.134539257,1,1.583981168,4.824578513,644,184.809587,0,1009.95,4193.973,3891.528017,1453.54,15669.563,41541.625,1.192537284,1,1.78720162,4.616520557,162,226.7797284,0,689.604,6831.932,3669.133191,1429.571,13177.012,29227.13,1.160225438,1,2.185927851,4.105942125
s2-80-exact,shortest_estimate+topology_aware+easy_predicted,8,0.0849874893,0.03263411866,0.02242532495,0.0258404976,0.00375,0.0003375480769,2000,1600,0,53.21493375,0,284.357,1070.244,1575.838962,762.51,5504.738,12122.439,1.080720098,1,1.427269919,2.676378841,1.080720098,2139.842473,390,198.0503154,979.33,0.7395251137,0.1654515685,0.09701140711,0.9741595024,68.35803333,0,0,68.35796469,6.864646466e-05,0,0,0,0,0.9996624519,1.047910711,0.99625,0.00375,800,143420.605,152,62,2640,674,54.39288872,0,250.52,1585.072,1255.334458,621.487,4791.505,8373.706,1.104820877,1,1.518701789,3.13311585,490,36.49203061,0,287.618,738.342,1407.551145,673.98,4308.856,12710.929,1.054308221,1,1.343898464,2.26522097,303,80.35472607,0,376.008,1513.043,2296.460323,1141.686,7791.48,13651.835,1.078951228,1,1.539328062,2.478009322,133,47.02639098,0,289.74,817.322,2178.341165,1077.961,9994.052,14700.107,1.059922071,1,1.378256151,2.064153789,800,49.8087325,0,275.115,817.322,1599.438921,723.462,5517.692,12823.07,1.075926423,1,1.500413365,2.510424671,629,51.74979968,0,255.408,1117.678,1566.217736,824.316,5439.346,11139.827,1.078440547,1,1.320203502,2.742428673,171,74.53967251,0,541.107,1585.072,1500.820152,777.57,5628.353,8853.504,1.111531665,1,1.71201679,3.403648
s2-80-exact,shortest_estimate+topology_aware+easy_predicted,9,0.1451291435,0.04111148783,0.06365047228,0.02880401321,0.01133501259,0.0002281576034,2000,1600,0,184.9271869,0,807.099,3938.577,2603.234596,1243.869,9007.972,18808.181,1.135833038,1,1.798032008,3.811859886,1.135833038,2371.143835,346,761.3209249,3843.173,0.7821332911,0.1910591323,0.1185509872,0.9711959868,129.6292356,0,0,129.6291644,7.111111113e-05,0,0,0,0,0.9997718424,1.038687464,0.9886649874,0.01133501259,794,220635.024,179,96,3132,645,116.6614698,0,536.108,2405.736,2521.351471,1271.468,8246.24,16787.21,1.125697994,1,1.698625502,3.667340563,474,184.2293354,0,879.631,3938.577,2556.889036,1214.729,9820.481,18531.844,1.146740358,1,1.854393165,4.883029816,330,290.7129424,0,1212.245,7975.557,3051.722109,1527.393,11520.759,24017.561,1.152146886,1,2.179771057,3.522143142,151,247.5289735,0,1568.776,4597.473,2118.344079,875.311,9239.063,21935.96,1.109233457,1,1.842167074,2.85378823,806,191.5089429,0,958.317,3358.589,2676.142211,1289.181,9549.462,19486.727,1.147053166,1,1.865157046,3.985883889,627,172.9454338,0,656.411,3946.175,2603.703308,1277.747,8257.441,18808.181,1.129054738,1,1.688862512,3.305562459,167,198.1467305,0,458.185,4597.473,2249.597353,1161.175,8321,18531.844,1.107129864,1,1.772580682,3.910251679
s2-80-exact,shortest_estimate+topology_aware+easy_predicted,10,0.4262503456,0.06161284654,0.2701721025,0.04823256677,0.04291287386,0.003319955894,2000,1600,0,826.2787444,0,3425.829,16701.634,3677.625725,1534.487,13164.465,34530.38,1.347987411,1,2.694669447,5.507871908,1.347987411,2707.247012,352,3380.715105,16055.739,0.9024636085,0.4281358696,0.2224051799,0.9517674332,300.1146222,0,0,300.1145187,0.0001034747475,0,0,0,0,0.9966800441,1.160863953,0.9570871261,0.04291287386,769,281945.11,295,152,3812,626,733.8888387,0,4176.92,12857.927,3509.888171,1750.822,12806.189,22525.818,1.403493129,1,2.77836194,6.306211997,484,1330.200622,0,5076.062,33479.938,5158.821101,1472.735,19506.2,57960.867,1.36697947,1,2.729131184,5.17222299,343,541.8981837,0,1898.643,9943.353,2766.857636,1573.897,7895.059,20549.455,1.279448995,1,2.615320312,3.851137747,147,224.1047619,0,832.324,4324.828,1640.201245,1161.501,4316.237,10151.904,1.209007416,1,1.834112337,4.16530897,831,876.4842274,0,3437.952,20850.118,3635.094144,1549.959,14639.479,35111.285,1.374087709,1,2.652175608,5.61392372,627,801.6345199,0,3912.952,16055.739,3759.065606,1527.24,12360.817,34530.38,1.346753246,1,2.902696439,5.697469393,142,641.287,0,1909.794,7783.117,3566.928106,1607.095,12757.41,27997.794,1.200694971,1,2.602229034,3.11780519
s2-80-exact,shortest_estimate+topology_aware+easy_predicted,11,0.1574138551,0.04009347941,0.07169334362,0.03069223955,0.01479654747,0.0001382450274,2000,1600,0,272.1707469,0,909.084,5819.266,3067.328768,1518.646,11052.617,24307.698,1.116714954,1,1.753508887,3.328912661,1.116714954,2193.139331,333,1232.93133,5819.266,0.7958389059,0.2562216292,0.1244306065,0.9693077604,143.2468022,0,0,143.2467082,9.397979801e-05,0,0,0,0,0.999861755,1.028408682,0.9852034525,0.01479654747,811,257446.25,193,88,3003,640,316.6182297,0,945.076,7226.607,3600.84333,1677.66,13110.081,31875.729,1.125095816,1,1.754146025,3.573816321,470,203.1637681,0,1092.547,5555.211,2341.384347,1453.039,7832.078,13118.289,1.106903498,1,1.881975972,2.953100783,327,266.6110153,0,678.758,3556.858,2807.927428,1301.786,10785.18,26307.827,1.125522138,1,1.668777197,3.741968918,163,307.783773,0,1080.476,11037.357,3586.155742,1857.837,13419.286,25425.573,1.094430801,1,1.727435538,2.92371053,789,307.2649949,0,1080.476,7169.69,3191.175237,1568.093,11563.309,26817.081,1.137420459,1,1.85950184,3.60923862,653,250.2647703,0,834.631,5775.755,2770.848412,1447.863,9866.243,20076.645,1.101943917,1,1.695503717,2.955610052,158,187.4570823,0,806.259,5632.244,3674.207304,1901.144,14119.809,26474.038,1.07436586,1,1.400366402,2.177479463
s2-80-exact,shortest_estimate+topology_aware+easy_predicted,12,0.0846743359,0.03057541849,0.03198174031,0.0195517483,0.002430133657,0.0001352951363,2000,1600,0,84.78806437,0,405.534,2311.534,2588.991924,1377.734,8946.114,18503.24,1.091034905,1,1.337231611,3.263957888,1.091034905,2183.842281,349,363.9438023,2167.782,0.7240934824,0.1561371049,0.1045472356,0.9804482517,78.26266444,0,0,78.26259345,7.098989899e-05,0,0,0,0,0.9998647049,1.028785191,0.9975698663,0.002430133657,823,232305.539,120,46,2731,597,79.30838191,0,337.539,2388.819,1556.563861,918.108,5079.019,10235.011,1.093979088,1,1.331852342,3.618461023,519,75.09833526,0,463.884,2054.681,3780.314796,1769.483,14605.565,23590.014,1.103587488,1,1.380968608,3.461089336,324,107.1043611,0,572.537,2712.242,2888.172444,1959.372,8479.109,13100.539,1.072709345,1,1.334774191,2.262792919,160,91.4746875,0,394.633,3269.311,1971.045019,1303.539,5588.553,12484.475,1.076441234,1,1.427674889,2.631034603,777,98.74842986,0,424.622,2388.819,2584.018978,1413.394,10136.249,20072.319,1.114755688,1,1.496132933,3.574496277,660,79.91428182,0,363.193,2557.242,2569.566253,1409.757,8757.637,16639.112,1.069082442,1,1.254521898,2.622335884,163,37.97513497,0,41.731,1056.348,2691.353411,1209.357,8695.297,28479.054,1.066848259,1,1.250001839,2.044943132
s2-80-exact,shortest_estimate+topology_aware+easy_predicted,13,0.1237470793,0.03541974367,0.04729438628,0.0317364125,0.008610086101,0.0006864507327,2000,1600,0,107.80644,0,599.701,2623.739,2212.483545,1364.85,6844.333,12676.055,1.098662365,1,1.549100658,2.954162801,1.098662365,2177.678087,351,425.4776239,2610.46,0.8144586354,0.1970167016,0.1231925,0.9682635875,120.5144244,0,0,120.5143739,5.054545457e-05,0,0,0,0,0.9993135493,1.070933655,0.9913899139,0.008610086101,813,184122.363,195,86,2858,628,97.5570207,0,602.825,1648.247,2219.010809,1529.418,6603.164,11442.284,1.066608397,1,1.429368562,2.104837453,479,116.2455637,0,620.863,2927.447,2059.036712,1092.825,6621.758,13717.918,1.100331886,1,1.687795277,3.043034101,328,91.43941463,0,513.479,2015.055,1924.42921,1214.737,5464.197,9946.803,1.142266829,1,1.513740207,3.746929125,165,154.8529818,0,712.367,4029.396,3205.718291,1974.263,11136.956,17191.957,1.129134654,1,1.836875864,3.997155852,787,100.648169,0,538.856,2406.904,2200.180925,1363.917,6557.636,12617.202,1.108666281,1,1.53264542,3.052344931,643,108.3473655,0,620.454,2704.732,2172.243726,1387.734,6857.213,11413.256,1.082357257,1,1.564179764,2.786153319,170,138.8990529,0,620.863,4520.336,2421.638635,1297.065,8923.344,17191.957,1.114021798,1,1.781897336,3.525791732
s2-80-exact,shortest_estimate+topology_aware+easy_predicted,14,0.1389597031,0.03826385755,0.05224826191,0.03938468739,0.007547169811,0.001515726423,2000,1600,0,131.8560294,0,662.517,2555.542,2121.830252,1085.655,7672.085,15058.718,1.150247415,1,1.673489437,3.643206941,1.150247415,2274.39108,378,529.7261534,2370.9,0.7964358963,0.2274912423,0.1454919998,0.9606153126,150.2699756,0,0,150.2698893,8.630303035e-05,0,0,0,0,0.9984842736,1.115093017,0.9924528302,0.007547169811,795,178937.446,173,84,2936,594,117.0667593,0,666.558,2176.822,1520.757652,668.249,5286.434,11861.555,1.208659113,1,2.112521284,6.510764595,514,143.3687004,0,801.63,4073.123,2503.279292,1494.953,8046.818,14202.218,1.083908781,1,1.599909594,3.015375815,336,112.9758958,0,505.915,1629.773,1730.956515,901.475,5798.857,10684.585,1.155224777,1,1.427666185,2.624635814,156,190.9011474,0,662.517,4330.092,3995.585981,1728.631,18190.113,31756.379,1.135690463,1,1.600646233,3.863428851,805,141.8560944,0,539.558,3676.347,2147.765981,1098.839,7651.044,14323.807,1.134631203,1,1.64952962,3.63019805,635,128.189389,0,695.804,2370.9,2032.551553,1086.965,7672.085,15058.718,1.179176384,1,1.763946188,4.069518215,160,96.09518125,0,545.197,1968.64,2345.66595,1017.823,8574.072,25809.39,1.114004631,1,1.185468118,6.510764595
s2-80-exact,shortest_estimate+topology_aware+easy_predicted,15,0.3136859254,0.05630206709,0.178261448,0.04938067435,0.02860696517,0.001134770728,2000,1600,0,521.4050038,0,2260.386,9533.333,3612.789819,1736.254,13525.918,28341.376,1.233794088,1,2.462399784,4.468260216,1.233794088,2426.487694,357,2211.771986,9186.551,0.8617905784,0.3570691614,0.1843167435,0.9506193256,289.8096356,0,0,289.8095568,7.874747484e-05,0,0,0,0,0.9988652293,1.091262803,0.9713930348,0.02860696517,804,275782.979,255,134,3557,654,533.6692813,0,2805.563,9186.551,3112.341884,1555.867,10775.072,20818.303,1.223856034,1,2.555604646,4.269049935,498,797.7275904,0,4102.278,18688.601,5001.250426,2564.24,16300.602,46491.716,1.286710105,1,2.735388228,4.997156102,299,185.4044515,0,702.897,4615.14,2175.591398,955.803,7513.732,18681.902,1.194651743,1,1.995508588,6.047503554,149,218.282047,0,1658.6,3218.405,4052.802544,2079.069,15393.483,28341.376,1.179101955,1,1.858238016,4.193125256,796,630.3611156,0,2522.909,16501.181,3977.549003,1811.532,15271.082,36910.023,1.222533507,1,2.454284449,4.81483076,652,424.0642209,0,2259.396,9184.88,3414.828115,1766.662,11666.053,23303.305,1.255056923,1,2.577751809,5.178270874,152,368.3597763,0,1151.02,12965.906,2551.755092,1325.941,8571.815,24933.047,1.201557604,1,2.301476861,4.217130778
s2-80-exact,shortest_estimate+topology_aware+easy_predicted,16,0.2494627699,0.05490648562,0.1211483471,0.04952245375,0.0223880597,0.00149742375,2000,1600,0,493.4965644,0,1536.182,12893.174,2148.629862,893.411,7467.354,18896.808,1.263739583,1,2.401363312,5.101484738,1.263739583,2482.229353,364,2045.993731,7901.081,0.8813319094,0.4549057203,0.1854279087,0.9504775463,177.7368,0,0,177.7367082,9.175757577e-05,0,0,0,0,0.9985025762,1.113624494,0.9776119403,0.0223880597,804,147912.366,274,135,3670,625,460.892808,0,1246.015,6847.009,1884.877035,697.236,6490.958,18497.326,1.238900851,1,2.343752936,5.129719638,493,579.7919128,0,1615.842,19739.277,2560.944874,990.34,9502.641,27039.987,1.319952052,1,2.803913845,5.204883333,322,478.8638323,0,1830.316,7342.644,1905.220531,861.128,6294.674,10936.03,1.26487524,1,2.401363312,4.959197345,160,384.4058187,0,1601.179,6018.984,2398.329994,1337.971,6278.724,18847.255,1.185275701,1,2.218876201,3.889505956,796,495.8283744,0,1536.182,15476.516,2202.155296,871.65,8335.216,23775.197,1.261272762,1,2.494564907,4.581062867,633,501.4607346,0,1539.549,7599.085,2114.33537,946.034,7253.242,14647.748,1.286776774,1,2.426514484,5.516078336,171,453.160655,0,1547.222,13896.199,2026.420322,793.487,5945.259,22799.444,1.189944539,1,2.330228784,5.667077267
s2-80-exact,shortest_estimate+topology_aware+easy_predicted,17,0.2012976141,0.04165575764,0.1005859305,0.04193852581,0.01670951157,0.0004078885984,2000,1600,0,325.0496144,0,1275.447,4119.254,3119.464706,1653.95,11034.425,20608.055,1.153093624,1,1.821835927,3.562891519,1.153093624,2274.159258,372,1277.449188,3971.053,0.8475815519,0.2849961076,0.1434940915,0.9580614742,232.3164267,0,0,232.316341,8.569696973e-05,0,0,0,0,0.9995921114,1.051954532,0.9832904884,0.01670951157,778,249195.1,255,105,3249,628,330.4292755,0,1338.408,3911.251,3320.804266,1976.466,11693.593,18781.543,1.141837581,1,1.79722385,3.248877503,486,364.1496626,0,1355.723,5533.368,3642.509572,2122.285,12380.427,27272.09,1.167222253,1,1.646811937,6.169014107,340,285.0210235,0,1183.013,3369.818,2153.664706,905.804,6052.23,21302.621,1.170882097,1,1.96896687,4.406212557,146,264.9720137,0,1111.111,6279.933,2761.457527,1832.059,10187.403,20113.221,1.113053903,1,1.574253388,2.695150581,822,281.2022202,0,1110.779,3928.726,3038.554883,1651.184,10489.135,17363.036,1.147657341,1,1.703531765,4.140583149,617,407.467778,0,1679.557,6279.933,3268.031071,1720.967,12265.872,27272.09,1.156502108,1,2.013311993,3.035265342,161,233.0654596,0,834.26,8653.04,2963.206491,1502.403,11209.629,21302.621,1.167786732,1,1.846905553,6.515839201
s2-80-exact,shortest_estimate+topology_aware+easy_predicted,18,0.104149485,0.03310090348,0.04390571012,0.01876578057,0.00630517024,0.002071920544,2000,1600,0,124.336125,0,556.732,2788.788,4092.052321,1614.77,16631.465,34132.782,1.115240719,1,1.447684993,3.24850653,1.115240719,2204.643616,356,519.0311292,2684.326,0.7156381694,0.1445533725,0.1055489896,0.9812342194,122.4835822,0,0,122.4835348,4.739393942e-05,0,0,0,0,0.9979280795,1.132687282,0.9936948298,0.00630517024,793,390125.266,127,63,2638,654,127.4771086,0,506.312,2818.599,6539.002043,2945.974,22692.146,46925.048,1.055904685,1,1.250000168,2.608493151,489,142.0661247,0,806.029,3387.857,2711.002393,1186.693,10667.916,17890.939,1.196009808,1,2.052299278,6.14751909,318,94.77888679,0,516.448,1923.71,1503.192569,999.996,5039.868,7862.101,1.120857955,1,1.511623205,3.401956186,139,114.8039568,0,271.438,2280.642,3360.294755,1537.957,15008.808,17876.58,1.097423454,1,1.250000138,2.521247684,807,109.8554349,0,700.465,2560.201,3693.577844,1551.131,15622.345,27075.152,1.13585547,1,1.642179865,4.211995076,633,157.2890174,0,518.019,4389.919,4676.204542,1673.95,19657.349,38563.639,1.11052807,1,1.335849895,3.079126932,160,67.003225,0,271.438,1494.669,3790.805744,1763.467,12140.43,46925.048,1.029909481,1,1.123214493,1.781253399
s2-80-exact,shortest_estimate+topology_aware+easy_predicted,19,0.06549006149,0.02843874092,0.01563543337,0.01583449493,0.004813477738,0.0007679145411,2000,1600,0,49.70561937,0,198.26,1122.834,2629.144021,1098.988,8888.247,24248.916,1.086244232,1,1.243782921,3.012162902,1.086244232,2179.113109,338,210.5177988,1122.834,0.7224444591,0.1086620508,0.07502982232,0.9841655051,73.40253111,0,0,73.40249778,3.333333335e-05,0,0,0,0,0.9992320855,1.061909792,0.9951865223,0.004813477738,831,280470.095,107,46,2556,656,54.75323628,0,116.13,1258.138,3784.721636,1616.871,13497.279,42543.581,1.054770841,1,1.175413247,2.705198505,468,43.05817521,0,208.341,1175.375,1673.891156,672.762,6975.626,15676.654,1.120071485,1,1.385137488,3.87295534,316,51.15256646,0,288.498,1004.296,2128.07493,1027.151,7528.268,17476.555,1.114788272,1,1.250001465,4.550264337,160,45.59644375,0,300.703,885.236,1675.001881,834.545,5193.401,13615.689,1.059965937,1,1.320484539,2.254692074,769,53.17715085,0,198.26,1258.138,2567.291381,1182.723,8217.18,22292.51,1.09190557,1,1.235675523,3.494884414,662,45.98544864,0,208.341,1122.834,2690.864752,1051.718,10028.385,28158.885,1.082695132,1,1.250000509,2.984983333,169,48.48162722,0,160.116,1004.461,2668.821864,1094.185,10316.847,27094.338,1.074385856,1,1.156189692,3.809979802
s2-80-exact,shortest_estimate+topology_aware+easy_predicted,20,0.1713746445,0.0397785315,0.07531995029,0.03407541238,0.0199252802,0.002275470081,2000,1600,0,285.6507012,0,955.07,8483.159,3380.663873,1548.677,13028.992,27147.759,1.15192944,1,1.739734479,4.014053439,1.15192944,2255.544222,353,1194.721113,8191.822,0.7966544327,0.2593425262,0.1189443676,0.9659245876,185.6704644,0,0,185.6703688,9.56767677e-05,0,0,0,0,0.9977245299,1.111230395,0.9800747198,0.0199252802,803,268593.303,199,85,2951,645,463.4198202,0,2006.299,12659.126,5592.774484,2990.615,20280.661,42774.535,1.172807683,1,2.13360226,4.334251376,467,133.5071135,0,695.278,4289.649,1447.70137,929.324,4471.209,9514.672,1.198912336,1,1.818477721,5.84723052,310,200.6292516,0,615.992,4228.225,2627.317548,1640.147,8120.131,15955.494,1.07964177,1,1.4472677,2.721468023,178,188.721618,0,383.072,8191.822,1748.189185,725.966,6673.197,16148.998,1.078905275,1,1.428583735,4.011878822,797,309.3514755,0,1008.005,10307.279,3353.202582,1513.45,12735.064,36168.233,1.148652595,1,1.739734479,4.334251376,621,278.8250145,0,1045.089,8794.74,3585.26152,1615.387,14342.747,33863.018,1.148018797,1,1.76585631,3.635455568,182,205.151989,0,821.701,4122.166,2802.815027,1614.162,8260.604,26503.318,1.179622596,1,1.632535413,5.695015489
s2-80-exact,shortest_estimate+topology_aware+none,1,0.2299996367,0.04525883947,0.1306063411,0.02566693301,0.02709359606,0.001373927102,2000,1600,0,262.570885,0,1656.111,4231.944,3449.408836,1427.784,10682.208,46679.924,1.18623519,1,1.979418559,3.884854546,1.18623519,2314.486992,370,371.9475243,1994.272,0.7273928561,0.1809534797,0.1307302777,0.974333067,147.61962,0,0,147.6195484,7.155555559e-05,0,0,0,0,0.9986260729,1.093506594,0.9729064039,0.02709359606,812,331001.651,0,0,2572,647,317.5130556,0,1873.585,5157.592,2621.980722,1661.788,8283.289,15802.787,1.237934386,1,2.052157033,5.643494041,468,151.8075491,0,1088.93,2367.612,1752.021173,960.132,6523.051,9325.932,1.13207766,1,1.813567654,3.894643265,333,304.9000541,0,2029.384,5087.973,7559.08752,1454.728,46326.346,86400,1.149258401,1,1.891337724,3.004731619,152,277.0053816,0,1874.43,3640.964,3194.148408,2015.778,10750.48,17251.146,1.213930029,1,2.185586915,5.103160532,788,250.0051675,0,1686.565,4430.6,3428.113792,1520.013,10575.752,54203.464,1.193834825,1,1.962269107,3.884854546,648,270.7114182,0,1686.928,4128.774,3379.691989,1327.869,11606.402,45347.927,1.155806565,1,1.939955137,3.537530005,164,290.7825915,0,1575.854,4715.278,3827.195494,1483.343,10447.68,67156.945,1.269950052,1,2.379910025,4.518851215
s2-80-exact,shortest_estimate+topology_aware+none,2,0.3165972035,0.05020892895,0.1890848019,0.05273328231,0.0243902439,0.0001799463736,2000,1600,0,443.4302713,0,2397.628,6033.751,3692.454595,1768.206,13506.89,28756.127,1.219400183,1,2.195913262,4.182613068,1.219400183,2501.116619,332,780.6314488,3243.665,0.760438116,0.2432074519,0.1102654641,0.9472667177,325.4109178,0,0,325.4108381,7.963636367e-05,0,0,0,0,0.9998200536,1.032301563,0.9756097561,0.0243902439,779,287057.217,0,0,2918,636,590.2646588,0,3477.227,8575.28,5197.014347,2289.85,18734.611,36786.739,1.199080229,1,2.156365342,3.503220001,502,361.8238625,0,1968.867,6018.074,2874.058191,1673.176,9048.92,16629.864,1.236026135,1,2.177934157,5.821278422,311,282.0559968,0,1704.716,4872.924,2048.542373,1248.34,6716.652,10298.82,1.237812395,1,2.510239603,4.802942395,151,428.6431589,0,2252.997,6756.451,3461.936007,1858.839,11288.651,24615.108,1.211791344,1,2.308994898,3.989036299,821,463.1351157,0,2327.906,5837.878,3834.366437,1862.796,14078.408,32412.392,1.232783365,1,2.269123711,4.802942395,635,434.1228283,0,2570.401,6018.074,3577.81589,1762.128,12491.617,25871.625,1.221640676,1,2.20198081,4.136758688,144,372.1285278,0,1874.282,8575.28,3388.88484,1594.564,13775.162,28654.241,1.133217502,1,1.834669513,3.180490082
s2-80-exact,shortest_estimate+topology_aware+none,3,0.4978791002,0.07432674048,0.3188892612,0.04185829063,0.06080206986,0.002002737991,2000,1600,0,1038.504144,20.301,4043.571,17271.648,3659.581631,1652.059,12947.009,32862.417,1.500300667,1.016312043,3.25071812,6.434562276,1.500300667,2913.854854,377,1388.895164,5287.709,0.8360439219,0.5300943538,0.2035465916,0.9581417094,196.4301267,0,0,196.430042,8.468686869e-05,0,0,0,0,0.997997262,1.127589744,0.9391979301,0.06080206986,773,209894.907,0,0,3458,639,1488.660717,107.564,6298.39,22513.661,5277.396527,2386.023,21384.467,50002.21,1.483373693,1.048510044,3.096241119,5.940303245,481,598.0781143,0,3162.801,6361.015,2240.420647,1203.079,7302.486,11868.854,1.520994614,1,3.469097932,6.434562276,318,972.8919591,13.15,4741.061,17271.648,3203.947796,1647.5,12907.739,25758.729,1.440085351,1.018574724,3.106151733,6.102117871,162,699.365537,55.153,3375.638,4158.156,2386.274685,1336.997,7647.899,13752.942,1.623825472,1.027154344,3.887612504,7.080204335,827,1045.638554,20.301,4169.536,17490.955,3732.407607,1621.009,13040.863,32097.327,1.490813967,1.01957256,3.153156612,6.102117871,629,1007.199712,0,4043.571,11854.203,3448.149779,1681.425,12682.618,31692.499,1.537619636,1.010599997,3.591771217,7.190893267,144,1134.270333,30.654,3467.091,17370.892,4164.884083,1763.049,16134.926,48565.907,1.391771982,1.016499464,2.994031658,4.095587552
s2-80-exact,shortest_estimate+topology_aware+none,4,0.2881766761,0.04481365062,0.1763401808,0.03292620171,0.03178807947,0.002308563404,2000,1600,0,406.5133731,0,2236.024,5310.165,3002.340359,1658.557,10064.913,17461.992,1.224431747,1,1.959947997,3.832270534,1.224431747,2420.992112,354,708.7727034,3688.096,0.8055927514,0.3939626679,0.1788118333,0.9670737983,156.4545444,0,0,156.4544563,8.812121214e-05,0,0,0,0,0.9976914366,1.128407021,0.9682119205,0.03178807947,755,223893.334,0,0,3086,615,349.5300569,0,2176.954,5543.928,2319.139434,1019.694,8941.653,17217.098,1.292550542,1,2.576336063,5.518533333,495,516.3124747,0,2693.08,8043.559,4153.337079,2533.068,13627.01,29377.408,1.145464817,1,1.776718019,2.54593155,334,362.549003,0,2061.589,4207.744,2694.006713,1674.487,9263.258,15146.767,1.194436022,1,1.94399769,3.553169301,156,376.8869872,0,2420.982,4596.25,2703.677737,1830.415,8874.645,14795.156,1.270676255,1,2.06368793,4.700101273,845,395.5156817,0,2231.509,4915.677,3111.031269,1703.645,10650.635,17461.606,1.221354112,1,1.959071063,3.707039824,608,397.3579589,0,2075.816,4774.627,2871.119414,1623.972,9268.227,17461.992,1.232864026,1,1.948499642,4.524700905,147,507.5986871,0,2590.22,6276.664,2920.289449,1465.75,11202.311,19778.993,1.20724655,1,2.032430117,3.710572474
s2-80-exact,shortest_estimate+topology_aware+none,5,0.1811454174,0.0376601503,0.1020444279,0.027795767,0.01326259947,0.0003824727393,2000,1600,0,182.4335419,0,1293.941,3402.395,2359.416419,1546.543,7017.101,12459.006,1.122649172,1,1.647085991,3.337306011,1.122649172,2231.776184,334,307.5636467,1861.735,0.7306498379,0.2011394119,0.1022553423,0.972204233,103.1,0,0,103.0999507,4.925252528e-05,0,0,0,0,0.9996175273,1.045738781,0.9867374005,0.01326259947,754,214763.034,0,0,2612,639,175.5072801,0,1258.043,3116.052,2307.27777,1451.512,6981.326,14738.915,1.146376616,1,1.856554908,4.070747083,486,173.46007,0,1106.556,3830.357,1978.852259,1328.767,6176.321,10126.524,1.096236112,1,1.686534634,3.154824351,322,181.9437329,0,1305.569,3175.216,2938.421845,2269.899,7786.477,11427.432,1.106018604,1,1.403024432,2.915060575,153,240.8956797,0,1842.591,4631.061,2567.462379,1629.697,7575.027,14317.204,1.142452791,1,1.719390637,4.518840469,846,186.674435,0,1382.245,3402.395,2401.782169,1527.655,7436.98,12662.84,1.126541705,1,1.647085991,3.747420922,602,175.7475332,0,1106.556,3312.569,2272.766538,1550.676,6651.434,10223.758,1.121147218,1,1.72889815,2.880424611,152,185.3097368,0,1159.511,3926.045,2466.796711,1629.697,6880.407,14738.915,1.106932687,1,1.370865086,3.613499538
s2-80-exact,shortest_estimate+topology_aware+none,6,0.4983482466,0.06736542507,0.3280154774,0.03881492779,0.06188118812,0.002271228262,2000,1600,0,906.7731094,51.27,4159.293,14133.988,2830.50988,1389.872,10536.161,24974.174,1.429453842,1.039153689,2.94626142,4.580818243,1.429453842,2842.464384,388,1280.97226,5989.268,0.8490618221,0.5586704553,0.2017163972,0.9611850722,137.3053067,0,0,137.3052057,0.000100929293,0,0,0,0,0.9977287717,1.134735704,0.9381188119,0.06188118812,808,182529.803,0,0,3653,647,1021.73209,65.051,4990.39,14343.152,3082.680192,1542.369,12087.414,23778.035,1.437905418,1.06228672,2.793126988,4.580818243,472,776.1763199,5.064,3451.606,13584.097,2569.871394,1322.119,10470.492,21265.777,1.412169482,1.023509863,3.027008229,5.579883333,318,432.3489119,36.494,1760.502,3638.197,1689.027591,1207.851,4761.949,6824.056,1.372384904,1.034645369,2.672425986,4.24045,163,1754.197153,152.32,10051.564,29345.236,4811.237129,1577.864,20041.419,42910.705,1.55729415,1.108795976,3.209065754,6.830901414,792,998.4400694,64.35,5550.692,17561.209,3001.325076,1374.285,12505.472,27474.854,1.441589211,1.063514767,2.913987195,5.710366667,644,813.2788991,34.573,3579.979,13584.097,2627.342994,1401.548,9576.774,23778.035,1.425773777,1.024117289,3.023058473,4.460284483,164,831.2245671,29.754,4141.204,14158.718,2803.399146,1476.333,9901.471,20041.419,1.385299873,1.033209624,3.057139744,4.056019372
s2-80-exact,shortest_estimate+topology_aware+none,7,0.3947812797,0.05293639387,0.2719732609,0.03340235416,0.03598014888,0.0004891218604,2000,1600,0,528.7412494,0,3448.668,7849.081,4338.078434,1559.132,16551.455,44709.491,1.250265236,1,2.315200339,4.502775015,1.250265236,2405.8186,369,860.8094607,4565.468,0.7692307901,0.2984274525,0.1247983591,0.9665976458,231.6333644,0,0,231.633271,9.341414149e-05,0,0,0,0,0.9995108781,1.06032766,0.9640198511,0.03598014888,806,387786.479,0,0,2740,632,560.1551456,0,3187.886,10071.225,3880.613019,1487.283,14881.654,32722.759,1.239663988,1,2.346516522,4.452096737,504,590.7139762,0,3744.676,7820.235,6249.496067,2007.637,32053.458,69278.669,1.262619857,1,2.40181686,4.393996473,308,411.1657403,0,2616.192,6421.64,2903.891802,1198.499,12967.842,26056.606,1.275687294,1,2.255709439,4.395543046,156,433.3913782,0,3563.865,8269.052,2847.649833,1535.262,12532.562,19625.113,1.203106683,1,2.008000713,5.858959105,794,521.3368665,0,3481.874,7820.235,4487.326971,1643.753,16871.91,51942.472,1.24303775,1,2.2128489,4.824578513,644,551.318837,0,3541.602,8828.161,4260.060981,1515.884,17648.994,44709.491,1.26029587,1,2.346516522,4.800155376,162,475.2789877,0,2906.731,7102.4,3916.719802,1507.748,13290.005,31007.545,1.245813968,1,2.699753719,4.452096737
s2-80-exact,shortest_estimate+topology_aware+none,8,0.1293537365,0.03802022515,0.05227065908,0.02729618434,0.01125,0.0005166679648,2000,1600,0,118.2395656,0,662.801,2374.276,1641.12305,784.69,6007.862,12122.439,1.105943679,1,1.662834049,2.553163363,1.105943679,2187.810687,390,184.5979462,979.815,0.7411130409,0.1964869845,0.1023115115,0.9727038157,72.31694667,0,0,72.31687657,7.010101012e-05,0,0,0,0,0.999483332,1.063190028,0.98875,0.01125,800,143420.605,0,0,2633,674,126.7087537,0,724.826,2336.737,1325.60331,698.694,5090.719,10071.47,1.131052797,1,1.813351054,2.674509072,490,78.57698367,0,487.262,1519.075,1449.924412,711.394,4308.856,12710.929,1.08379706,1,1.528932612,2.552233819,303,164.9833828,0,856.493,3313.831,2386.443426,1173.421,8653.378,13651.835,1.104390865,1,1.632225397,2.231109611,133,114.9542707,0,659.109,2661.208,2246.503226,1083.121,9994.052,14700.107,1.063829388,1,1.364713862,1.855432951,800,115.7816338,0,664.973,1924.855,1662.9085,749.539,5800.518,12823.07,1.106763068,1,1.705002921,2.553163363,629,113.777097,0,628.579,2398.446,1633.468386,841.067,5984.095,11652.204,1.100342338,1,1.614619568,2.369011181,171,146.1532398,0,1009.353,2551.942,1567.359444,800.639,6168.105,9075.765,1.12271404,1,1.738091284,3.310169925
s2-80-exact,shortest_estimate+topology_aware+none,9,0.2469393634,0.04749281897,0.1454272745,0.0281087087,0.02518891688,0.0007216443513,2000,1600,0,352.988795,0,1844.043,5061.44,2769.435065,1342.177,9239.063,17808.118,1.183023255,1,2.077122799,3.780791832,1.183023255,2467.557298,346,683.1127746,2720.456,0.7704756098,0.2348880693,0.126540716,0.9718912913,126.4095956,0,0,126.409519,7.652525254e-05,0,0,0,0,0.9992783556,1.075550142,0.9748110831,0.02518891688,794,223541.712,0,0,3032,645,345.1729163,0,1902.114,5061.44,2747.578606,1431.312,8378.698,17808.118,1.217188281,1,2.189551537,4.365122957,474,273.8613734,0,1709.425,3858.721,2651.1058,1224.808,10406.415,14997.381,1.156010921,1,1.925469368,2.981828446,330,549.0215636,0,2453.379,9476.625,3292.841133,1553.101,11783.964,21892.603,1.178534997,1,2.054163549,3.989765225,151,206.3452583,0,1164.954,3017.275,2090.372053,873.09,10407.067,14957.076,1.131689015,1,2.024259032,2.909788594,806,337.8662854,0,1844.808,4180.505,2821.812932,1356.468,10314.319,17315.306,1.191332784,1,2.081733977,3.978104167,627,389.895496,0,1752.786,5474.42,2815.624568,1384.559,9028.432,17808.118,1.192860376,1,2.0960787,4.104736871,167,287.4094012,0,1897.487,6475.637,2343.223216,1115.233,8321,19195.928,1.105985202,1,1.870156238,2.278569418
s2-80-exact,shortest_estimate+topology_aware+none,10,1.596033867,0.1603962533,1.217786776,0.04869207774,0.1612483745,0.007910384713,2000,1600,0,2822.440448,133.524,15441.747,29001.674,5671.516956,1984.569,23685.602,42415.025,2.311876525,1.099112181,7.015012412,16.9592125,2.311876525,4249.134517,352,4365.129168,21794.886,0.8746981402,0.6410657576,0.2077842486,0.9513079223,303.1201556,0,0,303.1200616,9.393939395e-05,0,0,0,0,0.9920896153,1.272894322,0.8387516255,0.1612483745,769,283497.147,0,0,3896,626,2915.663668,152.863,16721.824,27058.586,5688.215045,2162.674,24348.666,36220.673,2.335943537,1.11537859,6.895075575,17.17615283,484,3603.507285,243.625,19820.638,35967.442,7415.798281,2392.245,32476.422,59728.282,2.497278344,1.116399021,7.872406614,17.8341561,343,2298.105152,188.177,10641.219,31548.703,4542.379364,1938.051,14773.602,42165.357,2.156330239,1.11334549,6.482090822,11.5612281,147,1077.222231,0,7920.748,12651.282,2491.986537,1335.112,9420.076,22049.021,1.961889767,1,5.127119529,17.49764311,831,2801.892193,111.291,15204.85,28401.284,5560.694066,2026.028,24348.666,40285.182,2.252651698,1.100000185,7.856373179,16.04492404,627,2928.331129,178.759,16539.492,35413.44,5881.059976,1938.051,24656.253,52129.248,2.394301996,1.112451634,6.62078287,15.52480113,142,2475.131599,41.081,14089.487,25469.167,5394.829261,1975.521,21762.956,33789.416,2.294517798,1.025275612,6.110648056,18.63634493
s2-80-exact,shortest_estimate+topology_aware+none,11,0.5605927098,0.06102070428,0.4075680986,0.03327264161,0.05795314427,0.0007781209911,2000,1600,0,937.8376844,0,5168.034,10981.414,3734.88912,1715.161,13516.94,33391.138,1.316901377,1,2.668771802,4.420552437,1.316901377,2521.472949,333,1440.589303,6377.204,0.7979135484,0.4219072139,0.1495502357,0.9667273584,155.7045556,0,0,155.7044704,8.517171719e-05,0,0,0,0,0.999221879,1.076700222,0.9420468557,0.05795314427,811,257446.25,0,0,3059,640,1160.715623,0,5525.555,28552.756,4448.766042,1877.397,15297.228,46008.492,1.321500525,1,2.84476417,4.521480411,470,739.9295532,0,3925.909,8885.35,2878.07106,1604.258,9316.845,17801.209,1.277196721,1,2.60647479,3.330051227,327,707.8314557,0,3709.404,8881.818,3249.5683,1482.243,13800.573,26307.827,1.375157993,1,2.657637621,7.351501745,163,1094.813006,0,6719.446,10297.259,4376.13554,1986.835,16512.051,39517.46,1.29645856,1,2.363089674,4.220936702,789,887.6661331,0,5391.893,10087.21,3774.694957,1780.963,13516.94,33524.481,1.308590825,1,2.657960132,4.521480411,653,1007.619599,0,4524.803,23636.55,3528.337942,1604.258,13013.146,39517.46,1.330929595,1,2.716655109,4.220936702,158,899.9754304,0,5446.735,8885.35,4389.769589,2272.87,17236.753,33097.672,1.300424159,1,2.435717603,5.632044297
s2-80-exact,shortest_estimate+topology_aware+none,12,0.223102276,0.04775714693,0.1364073661,0.02446175475,0.01336573512,0.00111027312,2000,1600,0,260.91064,0,1729.669,3380.619,2768.324791,1461.035,9883.917,19160.372,1.205104294,1,2.088683318,4.549682369,1.205104294,2426.975445,349,418.8127822,2208.669,0.7321067482,0.250227969,0.120687062,0.9755382453,98.40949778,0,0,98.40941863,7.915151516e-05,0,0,0,0,0.9988897269,1.095206248,0.9866342649,0.01336573512,823,232305.539,0,0,2793,597,214.5220218,0,1644.123,3380.619,1693.586183,959.304,6038.631,10235.011,1.215573408,1,2.265597982,5.606755085,519,301.322499,0,2069.086,4128.029,4009.958825,1853.659,15433.177,25615.356,1.240959907,1,2.147744283,5.423555884,324,269.4376204,0,1596.324,3205.537,3057.960444,2055.594,8911.209,13421.026,1.133083297,1,1.788774779,2.330837038,160,285.6450687,0,1705.099,3198.156,2164.380631,1410.621,6286.869,12484.475,1.195577284,1,2.14594686,3.240309493,777,290.4341596,0,1873.49,3735.228,2780.508091,1508.927,10816.516,20139.327,1.231794977,1,2.211657348,4.212107379,660,240.2695712,0,1685.288,3271.751,2729.822142,1474.055,9170.064,17716.722,1.177758763,1,1.925535456,4.975822015,163,203.7531595,0,1155.558,3332.296,2866.148865,1277.961,9134.131,28509.755,1.18859748,1,1.938260889,6.602982283
s2-80-exact,shortest_estimate+topology_aware+none,13,0.1683275448,0.03853221933,0.08634093557,0.03316124226,0.009840098401,0.0004530492835,2000,1600,0,187.6079144,0,1094.818,2770.325,2292.922186,1403.56,7380.381,13136.622,1.134576345,1,1.685226377,2.603503593,1.134576345,2249.69567,351,355.8536553,1574.388,0.8159714863,0.228375708,0.1241013882,0.9668387577,126.1105844,0,0,126.1105368,4.763636366e-05,0,0,0,0,0.9995469507,1.059355846,0.9901599016,0.009840098401,813,184122.363,0,0,2843,628,192.2759395,0,1023.563,2593.555,2312.293311,1560.762,6910.925,11452.658,1.112254375,1,1.608451308,2.366485213,479,179.0862714,0,1137.769,3116.755,2121.313914,1138.986,6930.166,13717.918,1.129930259,1,1.752921393,3.303654158,328,160.2684055,0,912.107,2337.521,1994.134451,1214.737,5891.249,10303.475,1.178273174,1,1.666525144,2.63377589,165,248.9273455,0,1361.402,2953.078,3311.332321,2002.438,11136.956,17191.957,1.146158845,1,1.739374796,2.603503593,787,177.1582999,0,1017.866,2770.325,2279.008671,1403.57,7236.512,12617.202,1.149241549,1,1.685226377,3.030939617,643,206.9908305,0,1154.398,2593.555,2270.628894,1431.054,7563.342,12371.061,1.123710156,1,1.717111521,2.386617587,170,162.6704529,0,847.594,3025.119,2441.654671,1320.233,8501.891,17191.957,1.107784842,1,1.589269171,2.678905027
s2-80-exact,shortest_estimate+topology_aware+none,14,0.2753904427,0.0565172659,0.1431368484,0.03973968895,0.03396226415,0.002034375324,2000,1600,0,374.1995081,0,1815,6567.5,2361.433941,1165.318,8525.505,17272.295,1.279922109,1,2.471811614,4.871885139,1.279922109,2476.461947,378,586.8430794,2803.686,0.7963595935,0.3309677825,0.1656562175,0.9602603111,151.6805178,0,0,151.680442,7.579797983e-05,0,0,0,0,0.9979656247,1.134502119,0.9660377358,0.03396226415,795,178937.446,0,0,2913,594,280.4795354,0,1407.286,3938.838,1685.211939,747.238,6359.757,12712.071,1.359592551,1,2.727229225,6.7065475,514,369.7448307,0,1984.277,6339.591,2722.637747,1628.41,8550.694,14814.901,1.198404594,1,2.064143488,3.111306567,336,332.4350714,0,1500.767,3917.162,1945.163372,979.319,6254.309,11693.25,1.272647557,1,2.562885598,4.68037476,156,835.6880897,0,8571.655,10144.197,4642.741782,1878.332,19713.762,31756.379,1.260819613,1,2.392452588,3.875171398,805,350.4952795,0,1806.437,4160.622,2353.075553,1175.773,8046.818,17272.295,1.270210878,1,2.311096842,4.902226934,635,402.2152,0,1914.222,7899.42,2300.117494,1167.304,9130.702,16710.983,1.279186987,1,2.553118571,4.419314094,160,382.2741312,0,1746.406,5359.329,2646.836725,1063.426,10631.384,27555.796,1.33169926,1,2.329055431,8.406184058
s2-80-exact,shortest_estimate+topology_aware+none,15,0.9550610588,0.08809360769,0.7129251312,0.05783628989,0.09328358209,0.002922447937,2000,1600,0,1865.182179,133.34,9040.014,22695.998,4962.981383,2244.591,19023.781,38617.976,1.677014299,1.08844155,3.852819119,7.398609277,1.677014299,3189.256583,357,2824.023417,11752.041,0.8608850236,0.678311999,0.2518692869,0.9421637101,342.4810111,0,0,342.4809051,0.0001060606062,0,0,0,0,0.9970775521,1.158448327,0.9067164179,0.09328358209,804,285928.767,0,0,3799,654,1470.714717,11.788,6854.692,19586.398,4061.812037,2116.913,15613.023,33265.284,1.678308372,1.016126208,4.005849497,7.822584163,498,2432.052707,367.054,13270.081,24822.15,6646.108715,3229.322,26825.282,55396.293,1.630645065,1.166819861,3.265343973,5.432998862,299,1274.386763,51.932,5801.265,12324.668,3251.22496,1252.405,11278.567,27733.535,1.808959761,1.057628584,4.957995031,9.161229792,149,2887.517933,198.77,15311.424,31706.857,6727.964678,2549.729,26909.121,58193.182,1.561536859,1.163393935,3.188097342,5.898796693,796,2214.084628,221.533,11269.951,26362.555,5563.829544,2467.918,22939.973,50759.855,1.73363844,1.127844661,3.944091513,8.8234892,652,1605.59481,80.154,7493.626,19586.398,4606.283227,2187.027,17613.111,33265.284,1.626026889,1.057628584,3.546567351,7.272561932,152,1151.528336,0,6059.087,12324.668,3346.481783,1690.068,11474.909,34316.984,1.599191769,1,5.080271101,7.398609277
s2-80-exact,shortest_estimate+topology_aware+none,16,0.5597173988,0.07870999542,0.3600185108,0.050053179,0.06965174129,0.001283972303,2000,1600,0,1217.767262,0,4565.097,23056.893,2872.561985,1014.233,10366.219,34404.814,1.52050302,1,3.442422023,5.822472875,1.52050302,2934.440874,364,1854.101462,6854.111,0.856867917,0.5879267965,0.195897213,0.949946821,179.7419444,0,0,179.7418476,9.684848487e-05,0,0,0,0,0.9987160277,1.093234507,0.9303482587,0.06965174129,804,150693.626,0,0,3671,625,1109.563123,0,4035.565,23056.893,2534.961344,786.389,9018.043,36798.821,1.480875082,1,3.403489363,5.532904215,493,1611.890424,27.488,8319.863,27538.548,3590.666128,1179.696,15762.582,34774.4,1.598945255,1.025107471,3.564050046,6.942632696,322,783.6044969,0,3113.059,9079.539,2208.692391,925.142,7567.22,16104.359,1.462582131,1,2.993007256,5.822472875,160,1299.80025,45.294,4241.671,23285.933,3314.693656,1677.129,8777.25,41536.605,1.550165312,1.053505517,3.50909096,5.546953882,796,1335.376539,0,4821.08,25331.388,3039.888284,999.852,11427.415,39151.931,1.472113575,1.003127141,3.519897168,5.366424132,633,1121.720755,0,4413.242,19115.352,2734.760229,1059.237,9882.743,32682.446,1.573882091,1,3.360221707,6.666515468,171,1025.840094,0,4565.097,29459.631,2603.771211,932.077,9002.281,40186.664,1.548158266,1,3.403489363,9.586787745
s2-80-exact,shortest_estimate+topology_aware+none,17,0.4814245971,0.06066431325,0.3184473114,0.04308965095,0.05912596401,9.735749377e-05,2000,1600,0,1088.794546,0,4037.967,16908.177,3883.453234,1993.386,12885.388,35012.261,1.358954934,1,2.653184857,4.916690862,1.358954934,2616.262537,372,1704.250073,5065.285,0.8409640592,0.4280845842,0.1638109652,0.9569103491,238.9801667,0,0,238.9800817,8.496969701e-05,0,0,0,0,0.9999026425,1.026074974,0.940874036,0.05912596401,778,251517.92,0,0,3301,628,1203.703723,0,4010.03,18169.333,4198.834089,2266.187,13962.117,35012.261,1.36603006,1,2.639558873,4.506332512,486,1172.434642,0,5515.863,19355.42,4449.583796,2479.893,14929.975,36719.241,1.356788684,1,2.527902968,5.637191753,340,823.4666912,0,2795.301,16908.177,2688.693526,1028.066,8317.171,46291.503,1.360851693,1,2.94676667,5.567420207,146,933.9960616,0,3470.039,13429.954,3424.683849,2103.857,10938.263,23691.551,1.331316029,1,2.607371931,4.158798888,822,934.6425535,0,3959.491,13807.267,3692.129574,2027.909,13571.494,27652.537,1.348613614,1,2.653184857,4.465878155,617,1195.142947,0,4037.967,19355.42,4054.885885,1993.386,12678.381,41986.119,1.342199856,1,2.566613368,4.488805821,161,1468.272652,0,6564.031,24988.882,4203.292379,1745.901,14656.133,46291.503,1.475963928,1,3.027209864,7.231787147
s2-80-exact,shortest_estimate+topology_aware+none,18,0.307370693,0.05403640771,0.1904819437,0.02259997622,0.03909205549,0.001160309801,2000,1600,0,431.5253475,0,2415.344,8050.639,4401.308741,1796.033,17899.234,35142.193,1.232793088,1,2.363310009,5.176574101,1.232793088,2410.184902,356,612.7582921,2719.409,0.7193648533,0.2272954528,0.1211383379,0.9774000238,148.0878978,0,0,148.0878288,6.892929296e-05,0,0,0,0,0.9988396902,1.090284035,0.9609079445,0.03909205549,793,390268.722,0,0,2656,654,545.6768379,0,3180.798,10750.729,6961.791752,3200.576,24682.104,48792.752,1.194638708,1,2.163268548,4.050015232,489,428.2465276,0,2389.248,8348.964,2997.921245,1231.8,11692.156,19510.238,1.302495511,1,2.793377003,6.679093774,318,230.8154623,0,1775.328,2719.409,1639.908157,1101.787,5407.228,7577.023,1.205636478,1,2.242826678,4.029865254,139,365.1513309,0,2466.656,5817.389,3608.689899,1721.556,17124.92,21677.243,1.229226771,1,2.348897269,6.355636714,807,403.9911945,0,2298.26,8007.127,3985.992892,1670.839,16965.428,27922.209,1.235299448,1,2.28106337,4.612672869,633,448.5943697,0,2625.756,7732.804,4974.862995,1848.102,20779.921,38618.625,1.190005894,1,2.363310009,3.804420347,160,502.8714125,0,2378.175,8992.51,4226.934031,2050.869,12317.851,48792.752,1.389428473,1,3.173762311,8.226262146
s2-80-exact,shortest_estimate+topology_aware+none,19,0.1864974573,0.0451485591,0.09323571532,0.02007283892,0.02406738869,0.003972955287,2000,1600,0,176.4553656,0,1182.245,2829.45,2757.629414,1214.562,9811.662,26709.291,1.209781525,1,1.974595391,4.955630373,1.209781525,2385.077003,338,312.977071,1823.844,0.7249659581,0.2262956053,0.1018397702,0.9799271611,93.45229333,0,0,93.45225851,3.482828285e-05,0,0,0,0,0.9960270447,1.160642764,0.9759326113,0.02406738869,831,280470.095,0,0,2622,656,178.2644802,0,1213.95,2810.648,3912.586713,1667.777,13626.291,42543.581,1.126616432,1,1.665314365,3.315657882,468,169.8181496,0,1060.89,2960.757,1800.351043,699.015,7177.579,15789.06,1.27815988,1,2.349484495,5.608298574,316,180.1591677,0,1383.099,3063.259,2256.811427,1144.888,7817.09,20140.881,1.30759921,1,1.95859422,8.787335464,160,181.1368437,0,1416.263,2829.45,1811.45925,987.878,6639.664,13615.689,1.157561792,1,2.242378569,3.09785622,769,172.7945202,0,1150.096,2773.945,2687.023248,1303.139,8772.893,22485.277,1.204032497,1,1.936107968,4.929006321,662,155.215565,0,1013.946,2810.648,2804.156782,1127.599,10349.06,28158.885,1.216534769,1,1.952530122,6.655752803,169,276.3129882,0,1880.254,3744.455,2896.653225,1128.109,10955.622,27094.338,1.209487766,1,2.227636031,3.972083785
s2-80-exact,shortest_estimate+topology_aware+none,20,0.5383270224,0.06422477735,0.384377169,0.02597159516,0.06226650062,0.001486980296,2000,1600,0,796.9376575,0,4873.969,13096.159,3883.125743,1686.098,14569.08,34992.572,1.319567765,1,2.808903581,5.121923519,1.319567765,2581.289213,353,1347.478977,7199.155,0.7727334736,0.3494762556,0.1246301576,0.9740284048,140.3369156,0,0,140.3368502,6.53737374e-05,0,0,0,0,0.9985130197,1.111391158,0.9377334994,0.06226650062,803,269146.392,0,0,3025,645,1337.438059,0,7927.338,19338.41,6445.532008,3242.877,24422.642,44926.103,1.306123062,1,2.689039146,4.516211278,467,309.0409764,0,1793.007,5411.24,1621.639009,1022.732,5865.092,10584.027,1.386195561,1,2.882344866,7.073261887,310,637.3962742,0,4047.117,9563.812,3063.717368,1807.866,9359.9,16048.346,1.288687579,1,3.039193489,4.658971289,178,396.2793427,0,2294.508,11680.027,1958.287882,725.966,7146.036,19646.068,1.247261643,1,3.205385065,7.4141619,797,859.6338043,0,5225.654,13797.949,3892.205305,1612.969,14074.982,39147.5,1.342326111,1,3.06341432,6.805148713,621,775.5912222,0,5361.884,13121.267,4074.250032,1709.202,15521.119,37315.329,1.271772279,1,2.644223111,4.97387252,182,595.2195659,0,3095.264,9979.813,3191.232368,1848.023,11355.868,26503.318,1.382988617,1,2.568467576,4.516211278
s2-80-lognormal,fifo+first_fit+none,1,0.7031070314,0.2404346223,0.3202237856,0.05305321467,0.07881773399,0.01057767483,2000,1600,0,1082.743411,191.106,4060.493,5599.317,4305.6037,2551.663,11156.657,46679.924,3.046157346,1.155244567,10.51553154,33.32616277,3.046157346,5470.31366,370,1245.029562,4489.176,0.7473647762,0.407716294,0.172501673,0.9469467853,313.9523067,0,0,313.9521726,0.0001340606061,0,0,0,0,0.9894223252,1.272906192,0.921182266,0.07881773399,812,331001.651,0,0,2848,647,1077.236621,189.605,4038.654,5602.468,3398.803317,2652.832,9005.253,15033.631,3.081948976,1.16037943,6.940397256,41.67056091,468,1052.322222,120.371,4136.821,5939.616,2657.853368,1989.759,7575.055,12325.1,3.391021154,1.150714654,12.7257622,35.92336069,333,1022.287697,107.176,3767.802,4774.367,8396.09733,2823.69,46326.346,86400,2.663999259,1.05273831,10.37068926,20.04694139,152,1332.294474,577.392,4518.842,5696.498,4277.397283,3359.778,11453.379,16133.384,2.669217852,1.250000135,8.055444701,26.36946667,788,1099.158435,104.835,3902.428,5725.813,4293.691467,2639.268,11142.588,50359.259,2.929035665,1.099614385,8.697485397,35.66641122,648,1086.238529,289.166,4206.916,5261.57,4258.566142,2476.709,12001.99,45347.927,3.36109744,1.17654543,11.89767245,35.92336069,164,990.0612378,253.006,3875.514,5939.616,4548.696244,2536.545,10750.48,67294.437,2.364515299,1.100639048,8.917146827,14.6942528
s2-80-lognormal,fifo+first_fit+none,2,2.537714583,0.690163638,1.528562583,0.05936769637,0.2580231065,0.001597558415,2000,1600,0,4432.611057,211.268,19382.438,22439.533,7689.772986,3895.742,23768.1,33885.017,6.674316674,1.135308755,30.18466072,84.83661742,6.674316674,17046.02299,332,4876.517518,19972.709,0.7474096018,0.4100486584,0.1423581501,0.9406323036,368.9350378,0,0,368.934928,0.0001097373738,0,0,0,0,0.9984024416,1.099913133,0.7419768935,0.2580231065,779,284779.845,0,0,3020,636,4610.458667,284.767,20154.075,22439.533,9222.591192,5239.684,26823.565,42073.362,6.443953039,1.154840544,29.55996245,87.80283046,502,4435.301749,212.449,18979.872,22475.935,6963.259369,3427.314,22982.951,27257.912,6.784665378,1.126923299,29.34347173,80.16845727,311,4144.917752,61.751,19226.868,22234.07,5912.838717,2603.175,22245.853,25412.786,7.081790963,1.100000119,32.7134163,84.83661742,151,4267.119742,211.268,18949.066,22174.237,7308.739974,4530.901,22301.578,28566.296,6.438500236,1.155897829,30.9252584,71.65866832,821,4570.968049,187.385,19624.962,22242.63,7949.536921,4122.378,23937.273,35649.066,6.478457404,1.107188782,27.74972244,82.83367103,635,4330.399094,256.524,19508.731,23206.609,7482.731846,3757.356,24081.035,30915.708,6.919779046,1.1458793,33.25964047,95.41182723,144,4094.51041,65.071,18680.495,21687.342,7121.751694,3181.729,22761.326,32969.438,6.708565663,1.124670224,36.34270774,84.83661742
s2-80-lognormal,fifo+first_fit+none,3,2.260395984,0.8759165519,0.8705758983,0.04692775286,0.4385510996,0.02842468107,2000,1600,0,5687.572281,5444.918,11039.053,11764.415,8314.68207,7717.791,16020.491,26346.272,10.7186659,4.926632624,38.30865969,91.54524434,10.7186659,19688.00856,377,6111.962708,11215.173,0.8287761588,0.8141804625,0.2668376664,0.9530722471,221.3911667,0,0,221.391056,0.0001107070707,0,0,0,0,0.9715753189,1.597399549,0.5614489004,0.4385510996,773,213389.831,0,0,3839,639,5591.719736,5378.536,10802.704,11565.492,9388.112948,8345.606,21081.006,35912.062,8.046941484,3.830323901,27.23729221,54.19089454,481,5667.628958,5388.353,11127.089,11786.544,7314.562081,6977.909,13228.112,16650.172,12.8541807,6.26664207,44.64133753,109.3589482,318,5705.456428,5434.691,11169.345,11513.226,7942.494881,7355.003,15500.196,18125.678,11.88668341,4.957238328,55.88677798,94.58346667,162,6089.765833,5842,11138.285,11770,7780.67534,7756.042,13844.028,15584.394,12.62372585,7.308226775,36.40733929,134.93685,827,5709.151752,5460.22,11001.154,11774.959,8404.79838,7839.533,16353.038,28174.036,11.09759399,4.841187109,39.74213225,96.57160189,629,5665.898482,5435.012,11144.405,11770,8111.815337,7583.761,15266.271,23402.899,10.52480091,5.018511036,38.42866555,65.68049217,144,5658.312535,5343.606,10785.632,11513.226,8683.272257,7638.181,18527.276,35912.062,9.389273868,5.365231216,28.86436571,74.18012395
s2-80-lognormal,fifo+first_fit+none,4,1.584096485,0.5356654911,0.6789435759,0.0439397091,0.1907284768,0.1348192316,2000,1600,0,2806.332169,2514.62,8609.122,11264.317,5412.818088,4467.592,13244.51,18448.172,5.926725902,2.170875683,23.42760502,58.66944127,5.926725902,11365.73572,354,3001.931181,8872.095,0.8058748332,0.6840886073,0.2305404603,0.9560602909,211.1922911,0,0,211.1921819,0.0001092525253,0,0,0,0,0.8651807684,2.565336465,0.8092715232,0.1907284768,755,224395.946,0,0,3535,615,2978.553052,2749.828,9013.364,11661.488,4954.646941,4097.25,12754.008,18086.933,9.047447492,2.810437228,38.29562862,76.95571667,495,2621.614871,2403.639,7769.229,10692.259,6270.690782,4864.135,15441.248,24821.193,3.526807347,1.771594585,12.86022148,28.40314745,334,2794.901778,2466.204,8715.231,11178.154,5140.94468,4498.232,12057.367,17446.333,4.104697412,2.26803587,14.42860709,27.04707645,156,2737.979417,2262.705,9784.292,11315.999,5079.061615,4363.118,12351.625,14519.144,5.140017074,2.083890384,19.37006527,54.02189043,845,2769.709788,2500.13,8746.09,11315.999,5492.687405,4467.101,13500.355,20810.309,5.71298545,2.153389881,21.572711,58.65806667,608,2849.973574,2553.835,8322.395,10978.331,5340.204454,4528.555,13119.182,17995.383,6.417175597,2.244770189,25.5056447,63.64629553,147,2836.345354,2582.946,9241.587,11083.772,5254.039293,4170.572,13828.888,18388.395,5.12684337,2.103780524,21.25538481,51.55995537
s2-80-lognormal,fifo+first_fit+none,5,0.3590819438,0.08715053273,0.179900779,0.05120299927,0.03846153846,0.002366094418,2000,1600,0,444.4010294,0,2281.173,3054.183,2634.28972,1990.522,7032.863,12101.228,1.534504599,1,3.811573252,8.104062768,1.534504599,3221.201064,334,534.7825539,2354.188,0.7501835332,0.2874520317,0.1280199062,0.9487970007,194.6075156,0,0,194.6074157,9.987878792e-05,0,0,0,0,0.9976339056,1.137491653,0.9615384615,0.03846153846,754,213720.543,0,0,2740,639,474.0618936,0,2281.173,3054.183,2614.501649,1865.531,7032.863,14843.376,1.603299459,1,4.321943943,8.104062768,486,431.8724198,0,2302.943,3045.321,2261.63423,1725.706,6238.562,9954.582,1.514155939,1,3.529169511,7.028381566,322,436.4153137,0,2355.92,3214.028,3200.094295,2544.004,7715.323,11466.107,1.409504373,1,3.327234599,6.034033663,153,377.1266013,0,1566.662,3329.574,2709.884961,1928.18,7621.154,15263.551,1.574894183,1,4.564277163,9.606815139,846,450.9207222,0,2302.943,3206.49,2683.637797,1987.866,7511.958,12662.84,1.508826425,1,3.562524539,7.26312681,602,443.2036827,0,2216.999,3045.321,2549.777171,1967.279,6583.551,10223.758,1.572977857,1,4.564277163,8.401243454,152,412.8559145,0,2155.823,2809.444,2694.342888,2081.89,7017.101,14843.376,1.525049565,1,3.613528049,8.553432507
s2-80-lognormal,fifo+first_fit+none,6,2.872040266,1.277614039,1.017849362,0.05585313548,0.5111386139,0.009585114854,2000,1600,0,6369.363823,5435.488,12906.506,13514.094,8301.518617,7375.583,15705.708,21057.013,14.0545171,5.899559066,55.87710535,124.6227313,14.0545171,28504.56485,388,6723.995763,13098.672,0.8214107009,0.8496090686,0.2531958973,0.9441468645,201.1423689,0,0,201.1422454,0.0001234747475,0,0,0,0,0.9904148851,1.304478005,0.4888613861,0.5111386139,808,184570.796,0,0,3903,647,6453.905233,5513.441,12923.156,13576.457,8522.64183,7919.151,16171.545,21912.414,15.63548504,5.767438612,74.1966799,158.8312289,472,6074.271002,5200.068,12885.267,13633.471,7872.055466,6928.326,15180.304,18857.706,13.03982934,6.032524746,50.17277529,90.87405962,318,6535.722377,5578.922,12810.432,13450.946,7802.238236,6779.989,14499.356,15765.547,13.40424409,6.892597509,52.34108548,106.7203419,163,6563.741117,5714.995,13001.907,13574.666,9641.463706,8575.285,18132.573,40053.688,11.98600895,5.049095841,41.14665116,135.848624,792,6392.310564,5522.491,12878.8,13514.094,8410.659971,7422.211,15994.745,22414.892,14.71144115,5.899559066,63.40802035,155.3940167,644,6265.351801,5232.791,12923.156,13574.666,8079.11246,7160.932,15593.511,17958.887,12.75491195,5.848061292,44.7604709,123.4041648,164,6666.985305,5800.396,12912.481,13623.002,8647.796744,8517.314,15083.175,21341.095,15.98538212,5.949494567,74.1966799,124.6227313
s2-80-lognormal,fifo+first_fit+none,7,2.013377746,0.7689018786,0.8613820174,0.04180745385,0.294044665,0.04724173077,2000,1600,0,3944.060706,3040.391,10922.473,13842.891,7766.225287,5852.641,20309.637,47985.835,7.648373047,2.610273223,33.62831806,68.68075159,7.648373047,12671.97854,369,4254.476808,11042.884,0.7774513799,0.6935047683,0.2116750527,0.9581925461,292.4628467,0,0,292.4627179,0.0001287676769,0,0,0,0,0.9527582692,1.776956734,0.705955335,0.294044665,806,387786.479,0,0,3258,632,3874.435807,2898.176,10839.88,13842.891,7219.188666,5759.042,17915.796,33662.545,7.17751212,2.737815525,30.88628641,57.36199603,504,4114.386736,3132.704,11056.781,13677.697,9784.194093,6322.731,34248.343,74730.411,6.090271074,2.264068386,24.35070335,50.50353422,308,3821.464584,2893.659,10838.164,13893.168,6308.098568,5035.887,16479.606,24778.908,9.556680115,2.736968692,43.02670084,84.55708333,156,3917.895468,3129.146,10026.414,12149.761,6341.698981,5692.251,15031.262,21784.973,10.82214819,2.798884357,64.99646007,105.1114434,794,4138.588039,3234.844,11295.163,14261.865,8123.729325,6300.677,19815.931,53598.086,7.776791838,2.609207612,34.97199682,68.68075159,644,3767.423054,2811.008,10588.298,13750.779,7483.603161,5336.349,21484.642,47985.835,7.802607732,2.620375798,34.10385,81.94608249,162,3692.825802,2900.616,9291.283,11880.418,7137.524321,6212.625,18251.663,33269.825,6.405831951,2.444608383,23.9027157,56.05750923
s2-80-lognormal,fifo+first_fit+none,8,0.5808296124,0.2202556134,0.21586614,0.04593176007,0.065,0.03377609896,2000,1600,0,645.2712256,180.321,2737.22,3826.139,2176.541213,1432.102,6573.791,12193.214,2.741280524,1.204866537,9.63299223,23.24558339,2.741280524,4859.238511,390,731.4063821,2897.013,0.7577435221,0.4535475092,0.1592603897,0.9540682399,124.0658933,0,0,124.0657705,0.0001227878788,0,0,0,0,0.966223901,1.665300336,0.935,0.065,800,143420.605,0,0,2995,674,692.5077003,194.77,2856.555,4008.601,1904.767288,1313.969,5790.434,9577.879,3.333661008,1.250002153,12.87087508,27.27785848,490,566.5069816,138.919,2382.234,3566.552,1940.951765,1250.897,4853.077,12710.929,2.390619547,1.142075415,6.856378713,15.08109073,303,641.7281584,174.152,2702.464,3497.052,2868.948931,1849.282,8313.019,13651.835,2.001837708,1.117730868,6.191116302,13.09160933,133,704.1482556,269.151,2845.246,3407.314,2844.322541,1818.874,10561.891,14700.107,2.715796354,1.199870535,12.03034902,22.92472485,800,637.114965,193.405,2699.51,3826.504,2190.502505,1339.839,6361.566,12823.07,2.743335767,1.246044106,9.5621731,23.16901338,629,630.8727854,99.096,2765.608,3566.552,2159.734714,1471.014,7218.449,11417.132,2.758490163,1.101366103,10.15198917,24.60986766,171,736.3918538,267.432,2803.773,4187.391,2173.045626,1645.286,6782.995,9106.683,2.66836206,1.364302376,6.856378713,23.1879963
s2-80-lognormal,fifo+first_fit+none,9,1.415732232,0.47490388,0.7203326011,0.03576646702,0.1687657431,0.01596354104,2000,1600,0,2168.118193,967.75,9133.942,11042.834,4591.335354,3317.098,12355.262,19952.217,5.193140365,1.57432624,20.77016479,53.7192766,5.193140365,15465.01495,346,2530.519558,9432.202,0.7627967282,0.5114473048,0.1647492462,0.964233533,162.1252467,0,0,162.125152,9.470707072e-05,0,0,0,0,0.984036459,1.377103525,0.8312342569,0.1687657431,794,220371.88,0,0,3281,645,2173.603645,991.978,9168.939,11048.531,4586.56582,3263.974,11829.365,18549.523,4.783997347,1.599619168,16.39832636,53.12172893,474,2226.982715,947.883,9684.517,11056.767,4609.193262,3580.519,12653.408,19173.184,5.000233137,1.54131134,20.61016993,53.7192766,330,2165.925824,947.759,9119.507,11285.198,4918.04953,3539.426,14105.746,23384.01,5.631632688,1.426071349,26.29876667,70.03186231,151,1964.698205,952.328,8797.927,10302.865,3841.640139,2245.296,11823.08,17960.702,6.588059612,1.800265047,29.99878248,53.13653333,806,2203.050057,1111.307,9062.714,11006.75,4693.398803,3476.836,12610.793,19830.474,5.298655962,1.618856001,19.52889248,53.12172893,627,2110.05114,792.148,9353.682,11056.767,4543.493362,3211.449,11829.365,21033.408,5.1982776,1.521987909,23.69665881,55.59236239,167,2217.537114,972.177,9119.507,10505.231,4278.36403,3079.965,12365.478,19952.217,4.664597745,1.557922782,20.81605541,41.16904663
s2-80-lognormal,fifo+first_fit+none,10,6.322125745,2.766877995,2.479196459,0.05659482225,1,0.01945646817,2000,1600,0,21985.12226,22008.947,31436.64,33072.958,24845.85853,24215.459,35934.515,46124.225,34.73624573,17.07323831,121.0108284,268.0517255,34.73624573,64027.43557,352,22630.20741,31706.991,0.8384960187,0.8402822013,0.245394243,0.9434051777,355.26798,0,0,355.267872,0.000108040404,0,0,0,0,0.9805435318,1.500547811,0,1,769,301971.275,0,0,3957,626,21959.13562,21992.946,31479.287,34041.854,24745.65187,24050.167,35248.146,40353.151,40.12051735,15.45298538,166.2702152,353.8543146,484,22138.37257,22154.55,31643.025,33098.815,25968.87644,24916.516,39561.041,48933.15,33.60860136,17.56933082,108.1452514,364.1764816,343,21679.46324,21865.149,30670.467,32922.656,23925.43348,23650.129,34152.826,40217.153,26.73724693,16.75841163,90.51834311,165.5804148,147,22304.41156,22279.43,31557.253,32772.437,23722.69184,23657.588,32653.727,35008.307,34.18442555,23.27446038,85.94148037,156.3914741,831,21860.52471,21865.149,31431.302,32985.973,24635.55867,23909.334,35654.142,46256.185,35.82725603,17.00439027,129.5741258,265.8666167,627,22364.35078,22353.378,31545.208,33426.78,25322.18252,24628.971,36074.898,48824.622,34.64438048,17.13000676,117.8451438,343.1920837,142,21039.80037,21447.886,30687.956,34140.83,23973.35185,23449.529,35381.926,40355.327,28.75716091,17.00931763,88.41466025,172.1476974
s2-80-lognormal,fifo+first_fit+none,11,1.866227473,0.5413863454,0.8938455335,0.04228249023,0.3785450062,0.01016809751,2000,1600,0,4494.091569,3823.115,11334.116,12387.201,7298.890637,6573.96,15914.475,26817.081,6.364498979,2.757878203,23.67780951,49.73451239,6.364498979,11691.36767,333,4626.360952,11537.831,0.7793887796,0.5852194341,0.176958281,0.9577175098,199.7290222,0,0,199.7289062,0.000116,0,0,0,0,0.9898319025,1.326527242,0.6214549938,0.3785450062,811,259943.309,0,0,3357,640,4373.118331,3725.991,11375.133,12406.441,7670.952234,6793.323,17611.684,34749.369,6.25442575,2.259405553,25.48306248,51.97537309,470,4711.52014,3943.607,11446.767,12567.029,6860.325655,6517.324,14604.029,19090.983,6.529735282,3.088147978,23.63722581,42.94312083,327,4205.924994,3662.646,11006.596,11688.259,6749.425713,5735.634,15673.746,27188.027,6.916087457,2.755239137,23.67780951,57.65495735,163,4920.238276,4524.51,11564.79,12676.342,8204.909957,8004.853,17694.322,34891.673,5.213679177,2.654963451,18.86093617,36.29977769,789,4641.660186,4092.204,11446.767,12376.429,7538.256312,7049.354,16234.667,30954.577,6.54105117,2.753793151,24.63036278,50.61294831,653,4400.478706,3662.438,11147.805,12463.354,6925.681277,6267.477,15212.451,21577.06,6.077874207,2.910624713,21.66167678,45.96012498,158,4144.076127,3507.469,10930.479,12355.456,7646.018449,6257.871,20340.526,31313.087,6.667450233,2.498408471,30.14373191,86.69693333
s2-80-lognormal,fifo+first_fit+none,12,0.9721026187,0.304943526,0.4919689976,0.03900097769,0.1105710814,0.02561803604,2000,1600,0,1689.775902,772.998,6238.252,7947.544,4206.109281,3095.847,11550.338,20067.291,3.692421849,1.410788074,13.33686153,33.56061269,3.692421849,7230.205324,349,1821.74641,6561.653,0.7472870939,0.5335990509,0.1901280539,0.9609990223,159.2745022,0,0,159.2743798,0.0001224646465,0,0,0,0,0.974381964,1.495473477,0.8894289186,0.1105710814,823,232305.539,0,0,3232,597,1702.151199,733.469,6442.712,7994.799,3193.111985,2308.421,8946.114,11923.354,4.344495072,1.59521867,16.92838753,33.56061269,519,1692.461447,772.278,6332.095,7642.172,5406.765437,3658.834,16366.43,24421.779,3.582304724,1.250000119,14.22849913,37.40341914,324,1632.736222,916.241,5766.111,7947.544,4431.707485,3644.411,11550.338,14854.189,3.056110418,1.383516938,9.363817853,33.36889642,160,1750.394688,737.163,6074.909,8116.712,3634.390669,3098.709,8857.33,13803.63,2.905096706,1.537104609,9.136676567,17.62693182,777,1755.496767,883.617,6225.566,7766.322,4260.992072,3137.886,11920.818,20912.821,3.679985704,1.469522964,13.33686153,32.7904,660,1669.920808,743.893,6351.16,8031.561,4162.063124,3068.613,10828.383,18625.836,3.749394541,1.380834931,13.69762726,36.64894981,163,1456.887865,458.316,5911.766,8125.501,4122.836485,2744.371,10386.708,30540.233,3.521016378,1.270577061,11.92311854,47.07385187
s2-80-lognormal,fifo+first_fit+none,13,0.4922239701,0.1358193437,0.2209604711,0.04124417117,0.07380073801,0.02039924611,2000,1600,0,771.7748575,280.043,2801.817,3752.817,2883.057561,2241.95,7713.783,13136.622,2.19110401,1.192826571,5.940128665,18.22690129,2.19110401,4512.693172,351,910.8787123,3013.94,0.8134761405,0.4726041314,0.1730375907,0.9587558288,158.1719111,0,0,158.171831,8.008080812e-05,0,0,0,0,0.9796007539,1.452903848,0.926199262,0.07380073801,813,185318.73,0,0,3119,628,786.4623248,383.26,2565.336,3546.071,2917.561581,2488.808,7116.584,11442.284,1.773048929,1.193752067,4.516477153,6.471857259,479,801.1111232,257.304,3088.561,3946.616,2747.139674,1883.762,7649.403,13717.918,2.504117292,1.219350026,9.629243497,18.41480855,328,689.885439,165.087,2679.694,3740.917,2532.398689,1848.505,6337.988,11493.68,2.576069611,1.153492328,9.796433333,23.51763425,165,793.4956364,236.293,2952.924,3771.962,3843.374248,2998.411,11140.416,17825.351,2.108294988,1.123886762,6.062579676,27.48360587,787,756.3885629,280.043,2711.679,3669.837,2862.217915,2272.2,7237.964,13189.846,2.175329768,1.158857906,5.668518344,18.41480855,643,786.3040964,291.052,2850.511,3771.962,2859.226788,2221.496,7989.403,11493.68,2.150164631,1.233440828,6.142828236,15.98455028,170,788.0496412,232.619,3323.222,4174.494,3069.669259,2151.948,8793.723,17825.351,2.418976647,1.195678997,8.555519843,17.3304887
s2-80-lognormal,fifo+first_fit+none,14,1.256542953,0.4434407061,0.5035790915,0.05611871146,0.1433962264,0.1100082175,2000,1600,0,1929.843393,1155.945,6385.47,8442.952,3926.861845,2775.378,10329.244,16902.465,5.001668174,1.920034133,19.39410674,43.60510864,5.001668174,8550.963805,378,2005.430751,6626.29,0.8158879861,0.635173993,0.2476222055,0.9438812885,217.9137489,0,0,217.9136211,0.0001277575758,0,0,0,0,0.8899917825,2.376995049,0.8566037736,0.1433962264,795,178937.446,0,0,3274,594,2102.006769,1192.09,6467.612,8293.643,3514.276657,2476.844,9793.729,13104.516,6.943273699,2.458164829,27.64833079,70.4198389,514,1748.945292,942.87,6075.605,8223.211,4126.841315,3123.297,10176.844,13836.956,3.282768341,1.55560538,12.53377875,23.54910189,336,1883.965339,1151.673,6387.758,8507.248,3494.18383,2556.364,8963.744,12066.569,5.16470507,2.004838422,16.8459927,48.06402504,156,1969.148551,1370.554,6085.842,8730.352,5770.874455,3571.389,18895.64,31781.012,2.921029937,1.704736524,9.228339862,19.21961636,805,1899.542307,1151.673,6148.493,8068.096,3911.61405,2768.608,10282.847,14908.213,4.856535797,1.903093107,18.89843336,38.33075869,635,1988.089917,1119.535,6712.365,8730.352,3896.470255,2790.727,10167.857,17322.92,5.310294168,1.918731239,23.33074252,48.06402504,160,1851.129844,1256.342,6267.797,7689.105,4124.193938,2751.177,10898.638,31534.707,4.507006031,1.953358145,14.89763761,31.45086838
s2-80-lognormal,fifo+first_fit+none,15,4.76088074,1.860917511,1.770472453,0.06899335815,0.9614427861,0.09905463207,2000,1600,0,15821.2824,16671.152,22449.897,24489.582,18932.09636,18759.724,28708.262,39146.256,22.76480183,10.94774189,81.38818187,175.8710287,22.76480183,42422.76423,357,15944.50207,22237.717,0.8310623522,0.8432448842,0.2729937202,0.9310066419,413.4442422,0,0,413.4441168,0.0001254141415,0,0,0,0,0.9009453679,2.196018622,0.03855721393,0.9614427861,804,291653.558,0,0,3842,654,15944.94968,16876.191,22518.106,24587.161,18541.64838,18614.189,27068.239,35958.092,23.11880846,11.58561103,80.73008845,150.483915,498,15775.83225,16599.204,22386.749,24276.439,20013.75524,19372.318,31513.807,42528.943,16.19429436,7.718056557,59.40261731,128.2122169,299,15622.55384,16088.417,22537.497,24489.582,17613.31078,17914.924,26581.394,38762.583,35.56297198,18.77541835,129.1163348,255.7474667,149,15829.17246,16179.544,22444.731,25386.971,19677.08797,19709.26,31226.322,40792.811,17.48922812,9.540213826,60.74782352,119.2741679,796,15780.16922,16382.86,22337.258,24498.2,19141.66968,18799.632,29832.838,39641.814,22.23534637,10.52649102,87.3015517,180.4693027,652,15953.96175,17061.174,22529.35,24758.128,18973.12364,18854.004,27967.389,37633.506,22.6803691,11.02449649,80.57137101,153.8065167,152,15467.46106,15748.579,22338.485,23885.156,17658.60857,17773.835,25484.805,41297.14,25.89964849,14.19480878,84.79566609,185.1649706
s2-80-lognormal,fifo+first_fit+none,16,4.015374879,1.867631798,1.319142491,0.05302506312,0.710199005,0.06537652259,2000,1600,0,7815.966767,9491.368,16726.955,19201.424,9473.711778,10189.482,18770.884,24916.797,20.50620685,8.813426021,81.68183465,164.6583,20.50620685,44144.22277,364,7942.640354,16914.379,0.8487293023,0.7065502368,0.221758158,0.9469749369,191.0116133,0,0,191.0115064,0.000106949495,0,0,0,0,0.9346234774,2.188295766,0.289800995,0.710199005,804,156358.345,0,0,3713,625,7536.667307,9295.967,16646.828,18055.45,8963.261149,9941.57,18403.92,26405.95,22.89044849,10.14277499,92.88680224,165.2351167,493,8043.074178,9550.588,16932.882,19762.412,10027.61821,10406.799,19827.996,25272.041,19.59492403,7.739008185,74.32552309,169.6289333,322,7917.335957,9509.691,16570.405,18182.911,9347.39491,10141.042,18117.258,21406.487,22.26533894,8.538557736,81.74784142,160.3492,160,8003.200075,9608.124,16582.691,19774.619,10015.14806,10569.651,19993.046,28421.546,10.46039976,6.900108946,32.15455277,63.28737957,796,7615.523735,9447.122,16599.212,19655.082,9323.029989,10057.028,19454.522,24916.797,20.18863113,8.584820423,80.95968921,164.0556167,633,7934.431392,9500.836,16765.316,19090.877,9551.318768,10256.701,18735.953,26058.501,20.16956307,8.580585961,76.55161019,170.5460167,171,8310.496275,9538.896,16846.085,19330.246,9887.849088,10334.14,18211.913,24607.277,23.23068507,11.32562909,114.0080193,169.6289333
s2-80-lognormal,fifo+first_fit+none,17,2.839990733,0.9447380424,1.282948111,0.05792520856,0.4948586118,0.059520759,2000,1600,0,6630.84256,3087.179,16268.004,17687.123,9439.717657,8575.718,19857.326,28961.864,10.1045019,3.262617768,41.31860288,113.1871252,10.1045019,19387.33375,372,6634.573441,16331.931,0.834688014,0.6386640402,0.2083552538,0.9420747914,326.3189978,0,0,326.3188647,0.0001330909091,0,0,0,0,0.940479241,1.765458294,0.5051413882,0.4948586118,778,258751.168,0,0,3527,628,6881.814951,5483.176,16639.748,17589.703,9891.717341,9986.481,19858.687,27332.003,9.485229506,3.190994106,38.60015137,113.1871252,486,6225.028051,2247.58,16268.004,18127.065,9514.742897,8213.825,21704.354,30384.199,8.25779295,2.634803009,29.51396494,115.0589143,340,6619.890938,3462.009,15485.563,17729.548,8493.881776,7097.869,18171.268,33962.262,14.57878906,4.513523927,57.38350611,137.4982565,146,6927.683253,3682.28,16517.492,17836.778,9448.389795,8743.088,20074.812,24205.965,8.495912767,3.179124212,40.8654474,76.36248477,822,6582.611283,2949.973,16517.492,17604.624,9356.944136,8303.792,19821.17,25825.353,9.852769827,3.126850171,41.04072949,104.5331752,617,6617.863522,2939.197,16230.855,17787.694,9491.316806,8380.278,20219.433,33724.7,9.640708022,3.289278059,37.61876515,110.233992,161,6926.83123,6907.6,15307.093,18159.143,9664.582006,11263.458,19577.556,26300.076,13.16713913,3.422221607,62.98816324,154.3370703
s2-80-lognormal,fifo+first_fit+none,18,1.106739026,0.3029423699,0.5894976354,0.02850017062,0.1147540984,0.07104475154,2000,1600,0,1591.748146,0,7474.932,12009.701,5571.879906,3274.049,17890.939,35142.193,3.398780808,1.025801417,13.24933994,31.98786134,3.398780808,6002.883743,356,1699.023,7086.878,0.7218480712,0.4174813615,0.150759209,0.9714998294,187.8835089,0,0,187.8834078,0.0001010909091,0,0,0,0,0.9289552485,2.128834442,0.8852459016,0.1147540984,793,390957.681,0,0,2873,654,1579.144778,0,7628.187,12600.503,8006.184804,4649.72,23901.401,48792.752,2.305292647,1,7.965237447,21.13225265,489,1719.103511,179.324,7961.493,10573.159,4298.532879,2742.989,12819.733,19171.124,4.907586386,1.143286165,18.85687468,67.82431,318,1483.007572,0,7414.15,9778.436,2903.336796,1915.153,9828.197,11751.494,3.486209071,1,16.36238518,26.01073765,139,1451.786496,88.226,6406.995,12425.018,4703.016604,3096.555,17124.92,22845.942,3.035709885,1.038681438,11.88491833,22.42483378,807,1701.323825,0,8385.317,12442.512,5296.222565,3075.06,16965.428,27922.209,3.858157478,1.045688807,14.41822919,35.84748661,633,1424.010578,0,6242.223,9831.163,5957.940564,3334.834,20056.965,39079.836,2.719774443,1,10.00030945,22.98597976,160,1702.687563,59.691,8345.261,13031.502,5434.874137,3743.236,13783.431,48792.752,3.768118657,1.049104536,15.7469882,59.32000247
s2-80-lognormal,fifo+first_fit+none,19,0.3618840724,0.1195725574,0.1587616352,0.02845211365,0.02527075812,0.02982700802,2000,1600,0,350.9256981,0,2013.125,3743.3,2940.653622,1468.217,9473.308,24902.687,1.86191797,1,5.22956713,15.3633,1.86191797,3830.356372,338,421.1015059,2068.088,0.7311281059,0.2554649284,0.118603123,0.9715478863,133.6057911,0,0,133.6057116,7.951515154e-05,0,0,0,0,0.970172992,1.596664001,0.9747292419,0.02527075812,831,281848.463,0,0,2680,656,326.562779,0,1887.769,3839.171,4064.703666,2034.423,13193.53,42543.581,1.459642175,1,3.421126987,9.322996788,468,433.9730556,0,2283.578,4434.816,2084.65634,1114.41,7042.073,16062.37,2.257903775,1,6.800784231,24.60208629,316,249.0250348,0,1504.647,2647.647,2330.83487,1282.13,7528.268,17500.943,1.873276016,1,6.488029489,17.52501367,160,409.1539562,0,2316.157,3689.502,2040.232531,1283.897,6176.1,13723.844,2.330558115,1,7.434224454,37.96755,769,368.2589116,0,2252.678,3870.739,2888.325632,1522.709,8637.173,22704.769,1.774907459,1,5.621838202,11.15825276,662,338.5816495,0,1996.769,3914.005,2997.848955,1370.139,10028.385,28158.885,1.907222067,1,5.710828781,16.22646021,169,320.4080592,0,1765.252,2863.912,2954.718207,1311.218,10955.622,27094.338,2.080378155,1,4.347086217,28.09841739
s2-80-lognormal,fifo+first_fit+none,20,2.655682259,1.041363386,1.018082009,0.04578531395,0.4134495641,0.1370019868,2000,1600,0,4590.696432,2563.253,12909.456,14311.157,7695.806184,6609.652,18358.238,31658.689,9.925464615,1.753396323,45.54456183,139.9810853,9.925464615,18017.36329,353,4844.399096,13415.647,0.7791165265,0.4849805615,0.1474550533,0.9542146861,252.5370044,0,0,252.5368887,0.0001157575758,0,0,0,0,0.8629980132,2.664291326,0.5865504359,0.4134495641,803,272325.586,0,0,3183,645,4717.856918,2768.205,12909.992,14428.916,9860.454811,9141.213,25013.849,39676.774,6.916075541,1.510351416,32.00931103,88.74774335,467,4573.967936,2952.968,12682.198,14102.372,5895.032627,4892.594,14467.775,17514.865,15.39850671,2.939015098,71.81255535,199.2850167,310,4602.27911,734.717,13415.647,14622.694,7040.330084,5754.321,16562.451,21503.69,5.7795882,1.578200924,24.30809147,51.20596766,178,4153.634994,198.923,12915.931,15873.199,5718.056062,3670.035,15016.394,18586.755,13.69157127,1.25,79.24151431,143.9621833,797,4511.924657,2574.167,12915.931,14592.368,7559.2621,6509.274,18329.972,30148.044,9.353640897,1.666574812,41.61190264,132.5996062,621,4635.883118,2060.152,12987.175,14301.919,7962.900741,6693.416,19622.835,38188.694,10.73669918,1.787915879,49.00667767,164.1141291,182,4781.46661,3173.965,12356.332,14015.044,7382.399126,6444.687,16598.399,26503.318,9.66154614,1.982430405,44.93327986,144.27755
s2-80-lognormal,shortest_estimate+topology_aware+conservative,1,0.1082500484,0.0321894383,0.04304554835,0.02233068904,0.007389162562,0.003295210113,2000,1600,0,92.1106575,0,545.825,2126.158,3276.166222,1335.092,9615.977,46326.346,1.142279734,1,1.407821595,3.921847513,1.142279734,2243.522484,370,368.1248081,2106.655,0.7257572754,0.1030233566,0.1021415309,0.977669311,127.9934333,0,0,127.9933659,6.739393942e-05,0,0,0,0,0.9967047899,1.13060994,0.9926108374,0.007389162562,812,331001.651,148,110,2525,647,120.7189583,0,683.557,3311.718,2421.069671,1592.811,7877.583,15033.631,1.20294096,1,1.513023991,4.877711311,468,53.54868803,0,229.643,1524.841,1651.282703,937.893,6023.898,9235.755,1.07726104,1,1.298096861,2.846618904,333,61.33848348,0,185.056,1471.98,7311.236087,1379.871,46326.346,86400,1.081250381,1,1.250000116,2.609947701,152,156.4827961,0,959.628,3650.892,3078.894447,2015.778,10223.501,15590.314,1.21796204,1,1.822970079,7.242039572,788,84.44272589,0,311.095,2348.673,3257.392046,1425.264,9411.102,48633.587,1.160977534,1,1.285583023,5.554207846,648,102.1741065,0,611.859,2261.939,3209.729992,1275.351,10767.149,44785.025,1.119794417,1,1.498928303,3.921847513,164,89.1912378,0,570.675,2116.95,3628.877976,1228.133,9059.982,67156.945,1.141283513,1,1.692365953,3.228684372
s2-80-lognormal,shortest_estimate+topology_aware+conservative,2,0.134735006,0.0314564792,0.04807607909,0.04441672399,0.008985879332,0.001799844375,2000,1600,0,144.4658369,0,609.613,3085.902,3390.335412,1594.564,13150.249,25484.217,1.097721111,1,1.375765253,3.186169735,1.097721111,2210.143505,332,597.0680331,2506.581,0.7539573595,0.1581781442,0.09577035779,0.955583276,271.7049667,0,0,271.704901,6.565656568e-05,0,0,0,0,0.9982001556,1.115302403,0.9910141207,0.008985879332,779,300950.728,183,132,2855,636,201.3399717,0,537.406,5208.482,4800.239684,2097.852,18504.467,33047.421,1.064725245,1,1.329648575,2.439358868,502,99.19602789,0,637.723,2239.967,2613.229803,1532.933,8086.378,16452.599,1.081541986,1,1.383866555,2.628086029,311,108.7099807,0,391.671,2773.778,1871.254797,1150.909,6147.75,9216.087,1.187490624,1,1.897532735,5.30263894,151,129.0589868,0,825.999,2317.653,3164.123291,1660.237,10455.572,23324.962,1.105595104,1,1.566933624,4.065664424,821,151.1043557,0,529.284,2461.708,3515.680369,1624.936,13218.058,25033.606,1.091207429,1,1.272431993,3.618641336,635,124.9006472,0,629.395,3085.902,3268.215112,1615.816,11781.562,24688.274,1.11806914,1,1.606652936,3.431759217,144,192.8941111,0,727.758,6099.747,3214.211667,1436.296,13775.162,27939.411,1.04512899,1,1.250000068,2.050352159
s2-80-lognormal,shortest_estimate+topology_aware+conservative,3,0.1995832452,0.04878970029,0.1037599408,0.0294762981,0.01552393273,0.002033373277,2000,1600,0,300.060145,0,1315.694,6220.393,2910.430331,1311.076,10758.278,24531.463,1.213163476,1,2.133842568,5.232055843,1.213163476,2398.069648,377,1157.941533,6108.971,0.8200268547,0.2784554225,0.1463132024,0.9705237019,136.5598867,0,0,136.5598078,7.886868688e-05,0,0,0,0,0.9979666267,1.125561695,0.9844760673,0.01552393273,773,209683.476,353,294,3234,639,360.3989531,0,1892.623,8013.611,4130.532889,1969.556,15365.154,30617.045,1.176087569,1,2.058734565,4.022187304,481,189.1560353,0,927.642,4483.114,1821.907578,951.925,6143.391,10836.458,1.203086571,1,1.953400478,5.943661707,318,318.443022,0,1159.84,6220.393,2548.460447,1304.018,9547.711,14559.852,1.246565996,1,2.487072662,6.573982673,162,355.2615247,0,973.889,9315.829,2040.308932,1041.34,6644.813,13790.85,1.323759118,1,2.60437263,7.375488792,827,307.953977,0,1459.312,6220.393,2983.701711,1334.917,10755.407,24531.463,1.218820571,1,2.146749523,5.943661707,629,306.7304674,0,1329.207,6108.971,2738.288514,1275.489,10739.754,18312.456,1.229005885,1,2.315445824,4.64780601,144,225.5890903,0,828.614,6649.535,3241.55375,1298.934,13535.721,30617.045,1.111473942,1,1.825206364,2.878410814
s2-80-lognormal,shortest_estimate+topology_aware+conservative,4,0.1453611205,0.03608203467,0.05605593867,0.03441709674,0.01589403974,0.002912010682,2000,1600,0,142.6934219,0,710.799,2747.731,2742.380294,1548.961,9273.802,15839.162,1.144043611,1,1.578066294,3.811865672,1.144043611,2278.709867,354,546.8825367,2657.439,0.8120058721,0.2191071813,0.1488740545,0.9655829033,163.7913,0,0,163.7912311,6.892929296e-05,0,0,0,0,0.9970879893,1.142991945,0.9841059603,0.01589403974,755,223893.334,257,213,2970,615,106.4744862,0,527.747,2546.835,2080.02892,987.326,7971.136,12638.232,1.187680648,1,1.793807658,5.239541457,495,202.7724121,0,1019.956,4889.813,3850.440774,2375.247,12674.319,25263.114,1.104618137,1,1.367324565,2.459669745,334,114.4642275,0,842.453,1900.741,2437.024623,1570.89,8411.861,12123.073,1.07993933,1,1.501530904,2.691397531,156,155.2837821,0,1034.859,2747.731,2491.386397,1796.134,7447.028,12764.676,1.234361955,1,1.688382043,5.590730573,845,152.0947349,0,739.704,2747.731,2866.646116,1597.36,9762,15839.162,1.153372045,1,1.623414084,4.068366667,608,111.2476118,0,590.693,2214.098,2596.747946,1509.479,8429.442,14593.118,1.128477595,1,1.390760094,3.168330956,147,218.7134422,0,1165.071,6333.426,2630.406476,1426.084,10687.558,17045.224,1.154802869,1,1.903325662,4.306602406
s2-80-lognormal,shortest_estimate+topology_aware+conservative,5,0.09784002896,0.02918014982,0.03085162955,0.03339351187,0.003978779841,0.0004359578883,2000,1600,0,68.28846625,0,391.204,1779.741,2245.85571,1502.463,6622.083,11427.432,1.059368206,1,1.27620882,2.348915583,1.059368206,2141.532525,334,270.2848024,1602.779,0.7353396659,0.142346901,0.1006185113,0.9666064881,124.5804511,0,0,124.580406,4.509090911e-05,0,0,0,0,0.9995640421,1.057731414,0.9960212202,0.003978779841,754,209107.581,180,148,2627,639,77.88329108,0,533.638,1847.645,2205.286216,1417.714,6407.696,14041.681,1.080673402,1,1.480486312,3.359545984,486,76.87477778,0,376.558,2059.398,1893.030111,1276.993,5722.39,10571.352,1.05701093,1,1.364557956,2.395477665,322,47.61371739,0,249.464,1061.712,2804.518503,2203.499,7511.958,11427.432,1.038549609,1,1.181230112,2.133800729,153,44.45335948,0,192.944,1373.968,2360.285307,1478.383,6969.421,14317.204,1.021689805,1,1.250000227,1.356910311,846,66.77287707,0,391.204,1847.645,2283.676884,1476.327,6710.434,12341.63,1.054365624,1,1.301279942,2.012040584,602,76.99905648,0,467.317,1723.983,2174.305,1509.771,6407.696,10126.524,1.072593301,1,1.305488137,3.06525745,152,42.22539474,0,148.534,1602.779,2318.729487,1533.162,6880.407,14738.915,1.034833194,1,1.133092181,1.927278689
s2-80-lognormal,shortest_estimate+topology_aware+conservative,6,0.2265870795,0.05381063455,0.1089888916,0.04375064895,0.01732673267,0.002710171734,2000,1600,0,301.5834481,0,1381.998,6155.492,2229.566131,1209.065,7791.235,16618.302,1.221756915,1,2.353435704,4.425520366,1.221756915,2437.430472,388,1117.475549,5599.846,0.8701575593,0.3868978026,0.1848979491,0.9562493511,155.5639289,0,0,155.5638299,9.898989901e-05,0,0,0,0,0.9972898283,1.138106151,0.9826732673,0.01732673267,808,173455.604,411,363,3586,647,294.4594451,0,1133.673,6284.548,2363.08524,1290.84,7540.499,16618.302,1.20297926,1,2.331163448,4.135919986,472,277.1519301,0,1400.288,5671.17,2077.576638,1194.884,7791.235,14699.956,1.225647094,1,2.39814499,4.968912695,318,184.387195,0,1143.292,3013.69,1440.310805,1020.54,4194.856,5852.88,1.187615952,1,2.102662743,4.575457964,163,629.2479571,0,4119.892,15182.771,3679.476387,1418.208,13461.729,29285.967,1.35163302,1,2.914437443,4.79783984,792,283.9914722,0,1172.306,6841.718,2301.343568,1221.951,7791.235,22993.578,1.223859045,1,2.370161516,4.720759833,644,291.3125668,0,1414.754,5599.846,2096.26343,1199.038,7264.178,12574.602,1.232132167,1,2.35228072,4.231358196,164,426.8718171,0,1975.522,13718.257,2406.390579,1221.974,9321.615,17174.684,1.170863323,1,2.027364288,4.181453683
s2-80-lognormal,shortest_estimate+topology_aware+conservative,7,0.16769848,0.04090858203,0.08021475732,0.03025446082,0.01612903226,0.0001916475928,2000,1600,0,207.8155319,0,1017.137,4553.314,4015.086194,1510.348,15040.373,41541.625,1.17693849,1,1.789157819,4.792032073,1.17693849,2287.555827,369,830.1958455,4348.897,0.7688423376,0.2269172386,0.11562921,0.9697455392,209.1228067,0,0,209.1227299,7.680808089e-05,0,0,0,0,0.9998083524,1.031284833,0.9838709677,0.01612903226,806,387786.479,220,191,2728,632,182.2305047,0,1017.137,4348.897,3501.770165,1452.346,13177.012,31856.608,1.159052622,1,1.620043449,4.777349057,504,213.9733948,0,1074.641,4291.869,5875.659391,1870.343,30328.039,68088.711,1.192219068,1,1.914093652,5.10269167,308,190.0763734,0,1014.055,3636.891,2669.199536,1097.037,9640.233,24778.908,1.19531339,1,1.789157819,3.618654382,156,326.5965256,0,1771.04,9530.017,2740.854981,1471.783,11046.603,21266.865,1.163752514,1,2.102633486,5.338113979,794,201.5554559,0,1136.77,4746.159,4164.776558,1575.602,13792.706,51942.472,1.173101852,1,1.823485238,5.338113979,644,163.1219006,0,799.599,3636.891,3872.066607,1453.54,15404.159,41541.625,1.167863017,1,1.640141783,3.618654382,162,416.1686111,0,1829.397,11917.949,3849.965611,1507.748,14341.535,31056.527,1.231820558,1,2.709151262,5.609835125
s2-80-lognormal,shortest_estimate+topology_aware+conservative,8,0.07954611025,0.03100828972,0.01752720566,0.02437771823,0.00625,0.0003828966388,2000,1600,0,52.18351625,0,222.248,1197.201,1573.825188,749.495,5517.692,12391.316,1.067371747,1,1.356163456,2.697997466,1.067371747,2117.391498,390,193.4118949,920.113,0.7383356883,0.1568494767,0.09335750177,0.9756222818,64.39173111,0,0,64.39166844,6.266666669e-05,0,0,0,0,0.9996171034,1.05463624,0.99375,0.00625,800,143420.605,162,132,2661,674,66.73973442,0,300.244,1596.675,1266.681157,621.487,4980.904,8645.999,1.088902385,1,1.500413365,3.015033344,490,23.92982245,0,131.321,665.535,1392.622186,663.712,4270.192,12710.929,1.03249096,1,1.247432603,1.876685605,303,55.67929043,0,149.583,992.132,2272.649696,1140.409,7791.48,13651.835,1.075467183,1,1.323201029,2.97818349,133,74.54591729,0,352.262,1579.975,2205.860692,1083.121,9994.052,14700.107,1.068326771,1,1.698322196,2.048192914,800,40.43874375,0,175.838,810.713,1585.459575,715.771,5458.441,12823.07,1.058437479,1,1.299071009,2.333280455,629,56.1832035,0,240.548,1197.201,1574.4737,798.471,5508.797,11139.827,1.07404151,1,1.346944605,3.015033344,171,92.41752047,0,538.441,2579.449,1517.009848,777.481,6338.099,8705.806,1.084635686,1,1.520279113,2.24300808
s2-80-lognormal,shortest_estimate+topology_aware+conservative,9,0.1385895643,0.0401265996,0.06419391912,0.02415100837,0.01007556675,4.247047191e-05,2000,1600,0,185.9810931,0,813.99,3483.675,2600.733361,1258.285,8782.02,16787.21,1.175163229,1,1.754957416,4.516160927,1.175163229,2368.851119,346,742.549104,3347.742,0.7763909652,0.1620691034,0.1112270773,0.9758489916,108.1706622,0,0,108.1706017,6.04848485e-05,0,0,0,0,0.9999575295,1.016770919,0.9899244332,0.01007556675,794,218255.895,265,218,3026,645,141.9187798,0,676.602,3483.675,2540.744922,1319.598,7958.555,16787.21,1.185127868,1,1.654276024,5.262692562,474,165.1597215,0,1051.286,3347.742,2540.413692,1189.342,9820.481,14892.737,1.168016039,1,1.891649041,5.412593855,330,297.7540515,0,608.412,5178.232,3049.26103,1492.796,11383.364,22105.104,1.16558002,1,1.968064102,4.266333729,151,195.2820596,0,963.812,4459.482,2066.097166,1043.091,9239.063,16263.866,1.175978024,1,2.097153617,4.361989967,806,202.6703548,0,914.295,3901.129,2685.39577,1271.468,9174.197,16043.629,1.178424871,1,1.733406403,4.108906715,627,176.0326172,0,846.003,2706.428,2600.170877,1338.073,8173.897,17808.118,1.194211626,1,1.960530193,5.412593855,167,142.7843832,0,294.936,3155.506,2194.235006,1079.824,8094.472,16394.706,1.087904371,1,1.551888134,2.839872247
s2-80-lognormal,shortest_estimate+topology_aware+conservative,10,0.6937240977,0.0769743037,0.4933938993,0.05195488039,0.06762028609,0.003780728218,2000,1600,0,1245.893662,0,6256.32,23090.266,4101.460472,1601.483,16740.963,36842.427,1.424435528,1,3.366510655,6.836605738,1.424435528,2789.333613,352,4071.296909,19301.333,0.9141441948,0.3609254169,0.1982743402,0.9480451196,324.5450311,0,0,324.5449307,0.0001003636364,0,0,0,0,0.9962192718,1.191068096,0.9323797139,0.06762028609,769,281945.11,617,531,3814,626,1244.163363,0,7058.105,21033.157,4019.345208,1766.635,15490.498,33423.442,1.503182415,1,3.588367246,8.75065,484,1782.603118,0,10840.999,47968.779,5613.372975,1497.815,22743.927,65778.083,1.389380077,1,3.102853558,6.614858,343,876.3385481,0,3601.249,23459.559,3119.305017,1631.568,9645.361,31219.572,1.399778342,1,3.492217995,6.997622019,147,348.4324014,0,1814.926,8507.024,1764.847041,1231.164,4490.614,13797.019,1.262045739,1,2.433988069,3.639315739,831,1303.902468,0,7343.369,24814.009,4076.005419,1573.323,17468.471,39472.592,1.422843423,1,3.536252546,6.614858,627,1188.299737,0,7043.481,22490.088,4139.266549,1608.454,16060.896,36582.094,1.437756991,1,3.1981184,8.40625,142,1160.725162,0,3130.901,34549.791,4083.493852,1761.943,14921.703,41720.211,1.374931876,1,3.311403551,6.038593488
s2-80-lognormal,shortest_estimate+topology_aware+conservative,11,0.2196975529,0.04612055989,0.1144277763,0.03304050382,0.02589395808,0.0002147547302,2000,1600,0,351.0180337,0,1450.964,8145.976,3148.18526,1550.03,11261.961,24675.822,1.170742977,1,2.017106344,4.401775417,1.170742977,2281.827003,333,1529.138751,8145.976,0.7957003018,0.2852057731,0.1346605596,0.9669594962,154.5811111,0,0,154.5810128,9.834343438e-05,0,0,0,0,0.9997852453,1.036202329,0.9741060419,0.02589395808,811,257446.25,311,251,3023,640,395.3001062,0,1713.777,9138.328,3680.492323,1718.708,13457.485,31916.921,1.167504766,1,2.046912645,4.292057897,470,270.9921362,0,1673.384,6159.4,2416.298413,1454.691,7832.078,14054.698,1.158850286,1,2.114989485,3.95552243,327,323.0799602,0,896.21,6894.638,2860.67941,1350.425,11773.753,26307.827,1.200330074,1,1.977536603,6.355210893,163,463.9468405,0,1512.105,9825.452,3745.269374,1845.545,13419.286,25425.573,1.15839353,1,1.841162797,4.555990074,789,389.6728352,0,1673.384,10179.144,3276.086366,1587.73,11928.619,26817.081,1.172957618,1,2.142906238,4.525533444,653,311.9080184,0,1356.675,8812.066,2832.016686,1458.177,9855.059,18789.78,1.172383843,1,1.970643493,4.486547649,158,319.6269051,0,2995.886,6620.139,3816.18593,1997.533,14210.933,26474.038,1.152902237,1,1.960005529,3.95552243
s2-80-lognormal,shortest_estimate+topology_aware+conservative,12,0.06851681304,0.03040663173,0.0245609425,0.01126452822,0.001215066829,0.001069643758,2000,1600,0,72.70753687,0,311.437,1869.044,2574.287822,1362.117,8906.307,18503.24,1.088874472,1,1.329849635,3.450398684,1.088874472,2198.598884,349,301.912639,1835.554,0.7168326623,0.1141749804,0.0909445508,0.9887354718,44.71225778,0,0,44.71219729,6.048484849e-05,0,0,0,0,0.9989303562,1.079083871,0.9987849332,0.001215066829,823,232305.539,151,130,2692,597,76.45491792,0,374.064,1908.779,1554.153064,928.914,5086.396,10005.906,1.105538648,1,1.430091218,4.145701184,519,74.39366474,0,403.265,1869.044,3774.061977,1728.053,14605.565,23590.014,1.116123883,1,1.305086013,3.574496277,324,63.01460185,0,190.198,1627.281,2842.387,1958.57,8479.109,11913.327,1.034325424,1,1.157182252,1.938198099,160,72.8839375,0,450.977,2122.323,1945.997394,1290.595,5588.553,12484.475,1.048767809,1,1.427674889,1.897156334,777,77.39236422,0,315.412,2054.25,2562.895855,1405.645,9208.534,20139.327,1.108668325,1,1.365223616,3.580342379,660,78.1398803,0,393.332,1908.779,2562.857821,1404.983,8764.469,16639.112,1.073453723,1,1.331852342,2.380523884,163,28.37957669,0,30.701,780.001,2674.872853,1209.357,8695.297,28509.755,1.056959564,1,1.109970603,1.866276396
s2-80-lognormal,shortest_estimate+topology_aware+conservative,13,0.134470812,0.03681841634,0.05202870655,0.03447057531,0.009840098401,0.001313015414,2000,1600,0,123.9172288,0,659.733,2705.946,2229.630383,1377.587,6833.191,12676.055,1.125077959,1,1.610272324,3.001629048,1.125077959,2236.51806,351,493.811114,2696.321,0.8117352482,0.2063034872,0.1280599913,0.9655294247,131.2676822,0,0,131.2676278,5.442424246e-05,0,0,0,0,0.9986869846,1.103068116,0.9901599016,0.009840098401,813,184122.363,272,229,2911,628,135.5642197,0,762.968,2400.541,2254.294811,1538.79,6321.914,11565.637,1.083606099,1,1.567761771,2.525721,479,128.944286,0,613.011,3577.662,2071.673595,1117.168,6621.758,13717.918,1.135661771,1,1.899495995,3.844422574,328,97.41992378,0,480.157,2705.946,1931.564409,1166.476,5621.888,9042.548,1.195291338,1,1.250000401,2.929136024,165,117.6678061,0,508.096,2761.557,3186.828448,1892.68,11140.416,17584.985,1.112621558,1,1.619688518,4.310409672,787,124.8899199,0,546.099,2761.557,2229.383818,1392.611,6532.699,13516.357,1.157607881,1,1.560375447,3.300261499,643,113.6836423,0,728.414,2129.281,2179.433916,1391.214,6844.333,11565.637,1.088930737,1,1.619628345,2.622669617,170,158.1212765,0,806.713,3964.596,2420.632588,1316.111,9037.62,18289.226,1.111205106,1,1.647777198,3.062399591
s2-80-lognormal,shortest_estimate+topology_aware+conservative,14,0.1763034383,0.04599754546,0.07255642332,0.04224882934,0.01383647799,0.001664162185,2000,1600,0,193.6835144,0,920.028,2733.31,2182.004894,1104.72,7844.209,16035.065,1.202581011,1,2.011726245,5.438083385,1.202581011,2351.900699,378,757.1467513,2621.998,0.7999691021,0.2925340151,0.1585004014,0.9577511707,161.6800022,0,0,161.6799169,8.529292933e-05,0,0,0,0,0.9983358378,1.112588111,0.986163522,0.01383647799,795,178937.446,272,231,3012,594,183.2535808,0,873.531,2529.602,1590.384911,709.078,5872.414,13283.947,1.266696949,1,2.431768712,6.749229687,514,222.8287763,0,1197.433,3970.389,2577.09594,1496.88,8046.818,14202.218,1.172067898,1,1.953634612,3.958753634,336,109.3068185,0,893.784,1992.401,1724.920863,923.203,5905.707,10886.357,1.165656469,1,1.684409629,4.687250339,156,319.1020128,0,703.817,11545.713,4117.42609,1611.775,18190.113,31756.379,1.138513828,1,1.929769682,3.994489081,805,199.1286174,0,816.675,2733.31,2202.647398,1102.511,7651.044,16011.997,1.183091529,1,1.893912529,4.645950398,635,198.0448756,0,1024.528,2578.059,2097.897354,1123.801,7755.646,16035.065,1.22630233,1,2.235811307,6.732619136,160,148.9786875,0,873.531,3403.511,2411.949094,1063.426,8865.364,25809.39,1.206493487,1,1.645575776,5.209877506
s2-80-lognormal,shortest_estimate+topology_aware+conservative,15,0.2744880984,0.05075304299,0.1530654195,0.04801815124,0.02114427861,0.001507206053,2000,1600,0,552.1030131,0,1940.896,10761.626,3646.335914,1734.602,13841.159,29121.607,1.225232808,1,2.219710369,4.489969675,1.225232808,2411.293686,357,2275.439908,10256.794,0.8599037908,0.3782778968,0.1835981839,0.9519818488,281.4097956,0,0,281.4097076,8.800000012e-05,0,0,0,0,0.9984927939,1.110057238,0.9788557214,0.02114427861,804,280917.41,388,336,3520,654,458.793659,0,2067.63,7697.62,3037.397786,1568.192,10452.054,20818.303,1.192732586,1,2.190704041,4.369501637,498,944.4108614,0,2678.305,25045.176,5155.384388,2525.763,16225.093,46491.716,1.284579613,1,2.716824439,5.727219256,299,236.6481037,0,1003.717,6952.822,2225.496729,955.803,8756.761,18613.333,1.231368111,1,1.988049373,5.11400032,149,283.485745,0,1567.678,7310.888,4126.673584,1923.93,15393.483,28341.376,1.157219258,1,1.796554776,4.186648168,796,649.0136796,0,1827.253,15207.665,4003.192158,1805.477,15216.802,36910.023,1.210442483,1,2.190704041,4.500566667,652,497.8869785,0,2077.782,10784.984,3495.687103,1800.57,12322.123,30183.322,1.263267144,1,2.408775045,5.363526592,152,277.1554079,0,1006.418,7205.764,2423.740224,1187.914,8645.071,24640.402,1.139540126,1,1.942161906,3.898162371
s2-80-lognormal,shortest_estimate+topology_aware+conservative,16,0.3111308865,0.0623813317,0.1664916559,0.04613160267,0.03606965174,5.664451805e-05,2000,1600,0,651.5252975,0,2111.143,15564.754,2306.318479,879.55,8009.225,25915.678,1.324641133,1,2.72827954,6.589554694,1.324641133,2616.522868,364,2357.091305,12737.081,0.8777584443,0.3725774179,0.1692885019,0.9538683973,164.9784222,0,0,164.9783361,8.610101012e-05,0,0,0,0,0.9999433555,1.01871693,0.9639303483,0.03606965174,804,147327.341,471,417,3724,625,485.464288,0,1764.405,11697.733,1910.697541,712.723,6844.111,23189.487,1.33784618,1,2.748657124,5.596744504,493,824.3690832,0,2714.553,19144.089,2804.669215,972.415,10252.867,31673.724,1.314704788,1,2.821583817,7.543747703,322,621.0529814,0,2328.59,13518.862,2046.437196,837.406,6460.751,18746.968,1.313265875,1,2.581775577,6.810439208,160,828.9517375,0,2111.143,25813.19,2839.18065,1301.335,8407.615,36697.443,1.326567988,1,2.41436929,8.197336596,796,735.3465088,0,1943.769,25522.453,2445.493338,873.109,8664.808,29914.97,1.368063355,1,2.968172109,7.543747703,633,617.8236351,0,2546.134,15564.754,2225.177046,885.043,7780.494,29213.696,1.297114198,1,2.594935405,5.882244612,171,386.0952865,0,1204.446,12510.704,1958.82924,823.943,6531.098,22945.633,1.224409911,1,2.23919149,4.756960552
s2-80-lognormal,shortest_estimate+topology_aware+conservative,17,0.2147811905,0.04368702835,0.1019069693,0.04957864302,0.01928020566,0.0003283442247,2000,1600,0,456.7592038,0,1292.198,8692.296,3257.587517,1661.302,11341.144,25118.643,1.205386539,1,1.910674594,5.206196835,1.205386539,2375.222348,372,1824.693011,6912.484,0.8468565204,0.34442485,0.1653619768,0.950421357,276.8462111,0,0,276.8461069,0.0001042424243,0,0,0,0,0.9996716558,1.051208021,0.9807197943,0.01928020566,778,251578.709,363,330,3403,628,485.4524045,0,1169.615,5503.221,3485.030002,1988.248,12265.872,23029.956,1.20156681,1,1.87573554,4.731995057,486,495.0703292,0,1767.885,8818.201,3782.857255,2133.499,11954.1,30556.072,1.196311935,1,1.853930922,6.34419632,340,326.6208471,0,1373.728,8210.529,2193.569526,903.254,7333.051,25170.97,1.237506717,1,2.358214779,5.713567387,146,508.8722466,0,997.362,17813.614,3008.622747,1836.305,10067.891,23936.946,1.177223435,1,2.647456173,4.509862672,822,431.8874915,0,1146.175,5816.145,3195.304229,1671.181,10610.756,20608.055,1.198427089,1,1.89233279,5.081193446,617,424.7525737,0,1681.355,9813.652,3294.151838,1699.48,12265.872,25118.643,1.192367333,1,1.978802586,4.315098274,161,706.4029193,0,714.748,14111.752,3435.455075,1562.131,11209.629,26300.076,1.290812116,1,2.358214779,10.69655964
s2-80-lognormal,shortest_estimate+topology_aware+conservative,18,0.110023566,0.03183645049,0.05226111663,0.01780116587,0.005044136192,0.003080696856,2000,1600,0,128.6159,0,662.68,3062.636,4094.176456,1614.77,16690.733,34341.088,1.125469387,1,1.392383492,3.381458526,1.125469387,2216.527728,356,504.7382528,2843.619,0.7147556415,0.1267398488,0.09747244574,0.9821988341,116.0734689,0,0,116.0734035,6.541414144e-05,0,0,0,0,0.9969193031,1.15743623,0.9949558638,0.005044136192,793,390125.266,165,135,2603,654,139.2497492,0,574.834,4024.364,6544.2987,2964.819,22528.038,46925.048,1.078685514,1,1.280095939,3.051583118,489,147.8837014,0,983.604,3062.636,2717.092397,1190.967,10667.916,17890.939,1.203817389,1,2.08383043,6.14751909,318,110.4782862,0,432.832,2554.479,1519.591044,1013.313,5244.822,8656.975,1.138534394,1,1.536830648,3.052687274,139,52.29409353,0,119.349,2585.399,3300.883777,1537.957,15008.808,17876.58,1.040072324,1,1.13071481,2.625908638,807,109.255803,0,768.207,2350.035,3686.975591,1556.01,15435.167,25980.821,1.143701783,1,1.548489603,4.955140499,633,170.5844581,0,568.935,4389.919,4691.421002,1682.418,19943.177,38563.639,1.125563873,1,1.392197102,3.381458526,160,60.22528125,0,271.438,733.138,3785.147081,1614.362,11371.559,46925.048,1.033135934,1,1.183236037,1.93475539
s2-80-lognormal,shortest_estimate+topology_aware+conservative,19,0.07128871304,0.03030478769,0.01831607503,0.01530110067,0.004813477738,0.002553271919,2000,1600,0,66.51888938,0,232.251,1778.316,2645.891553,1107.644,8867.274,24248.916,1.126354853,1,1.325395434,3.87295534,1.126354853,2224.657001,338,288.7555503,1778.316,0.7220486241,0.1525866129,0.07965952991,0.9846988993,70.89150222,0,0,70.89147111,3.111111113e-05,0,0,0,0,0.9974467281,1.13507579,0.9951865223,0.004813477738,831,280470.095,130,111,2612,656,72.06572409,0,164.795,1719.473,3800.664215,1627.538,13386.771,42543.581,1.078046622,1,1.250001641,2.675789892,468,74.90393376,0,365.046,1804.213,1706.132348,676.552,6975.626,15676.654,1.206836047,1,1.438409341,4.247004927,316,46.54166772,0,211.89,1116.986,2126.134522,1021.872,7236.443,17476.555,1.1394133,1,1.156189692,5.846977652,160,58.705625,0,57.916,1983.807,1686.63945,834.545,5193.401,13615.689,1.063220675,1,1.004271793,2.708684984,769,72.66779714,0,192.767,1804.213,2585.731053,1207.533,8214.182,22485.277,1.133295851,1,1.325395434,3.714958353,662,55.23507553,0,223.558,1693.95,2701.061281,1057.686,10028.385,28158.885,1.11546908,1,1.308914187,4.247004927,169,82.74004142,0,365.046,2513.8,2703.530988,1074.442,10955.622,27094.338,1.137412572,1,1.352373633,3.972083785
s2-80-lognormal,shortest_estimate+topology_aware+conservative,20,0.2046936006,0.04371781121,0.09982789667,0.0334305077,0.02490660025,0.00281078477,2000,1600,0,326.2102187,0,1265.835,6688.378,3421.134392,1584.985,12610.291,28467.479,1.18652107,1,1.912020898,4.817319227,1.18652107,2302.481914,353,1244.158963,6122.787,0.7959567955,0.225980124,0.1158300538,0.9665694923,182.0349644,0,0,182.0348914,7.301010105e-05,0,0,0,0,0.9971892152,1.152154195,0.9750933998,0.02490660025,803,269084.696,306,253,2909,645,480.9767736,0,2006.299,12046.461,5612.133149,3038.155,19295.092,43676.011,1.15693826,1,1.901286779,4.524419693,467,215.1490407,0,971.334,5301.506,1528.657266,941.675,4525.378,10219.324,1.283001575,1,2.47741102,8.22526169,310,283.9616645,0,1202.165,5490.46,2707.574119,1686.098,8120.131,13104.733,1.113567595,1,1.644807551,3.38916025,178,130.3573764,0,871.908,4808.648,1689.652961,727.333,6673.197,12284.732,1.167645194,1,1.890942343,5.161133333,797,335.0664868,0,1221.121,7168.886,3381.155896,1529.545,12278.935,38423.625,1.159931227,1,1.890942343,4.334251376,621,289.2339211,0,1063.115,6195.566,3592.564576,1640.147,13896.766,34970.178,1.189336267,1,1.858201098,5.062013947,182,413.5939286,0,1985,11759.626,3011.270203,1680.418,9003.985,27021.531,1.293355507,1,2.410142485,8.22526169
s2-80-lognormal,shortest_estimate+topology_aware+easy,1,0.08375405929,0.03084088542,0.03144018619,0.01303637827,0.006157635468,0.002278973936,2000,1600,0,85.27227688,0,398.667,2219.61,3265.489758,1330.94,9642.944,46326.346,1.140588884,1,1.348841944,3.688336308,1.140588884,2237.397257,370,331.4368865,2116.95,0.7188116865,0.09180901552,0.08982550909,0.9869636217,74.01732,0,0,74.01727531,4.468686871e-05,0,0,0,0,0.9977210261,1.110701941,0.9938423645,0.006157635468,812,331001.651,93,71,2512,647,120.2835811,0,608.492,2728.911,2415.543502,1585.048,7877.583,15033.631,1.198813839,1,1.466160415,4.357218055,468,59.04554915,0,212.293,1928.37,1658.448417,933.785,6023.898,9235.755,1.088969235,1,1.250000106,3.427053713,333,48.11556757,0,297.827,1438.86,7294.309234,1338.878,46326.346,86400,1.079329921,1,1.191283895,3.512407963,152,98.39713816,0,702.627,2743.562,3005.053507,1934.909,10223.501,15590.314,1.185889437,1,1.812902979,9.085800419,788,78.68230964,0,251.043,2544.435,3247.758204,1412.749,9411.102,48633.587,1.155353751,1,1.227763519,4.046289464,648,97.73601235,0,608.492,2526.494,3201.934191,1273.65,10759.524,44785.025,1.124685989,1,1.511337548,4.357218055,164,67.68931098,0,369.775,1832.736,3601.809707,1323.259,9059.982,67156.945,1.132481326,1,1.591311571,2.975309648
s2-80-lognormal,shortest_estimate+topology_aware+easy,2,0.1436012896,0.03447272528,0.05265062235,0.04261744154,0.01155327343,0.002307226974,2000,1600,0,179.9658644,0,667.619,4787.058,3424.412893,1601.846,13150.249,25484.217,1.122636084,1,1.507682323,3.431759217,1.122636084,2266.874073,332,792.3242289,4787.058,0.7546409399,0.1683216752,0.1036535809,0.9573825585,260.2084867,0,0,260.2084167,6.9979798e-05,0,0,0,0,0.997692773,1.124587964,0.9884467266,0.01155327343,779,293721.794,141,111,2907,636,217.0461981,0,854.046,5250.915,4809.950003,2142.908,18373.656,34187.161,1.085650998,1,1.645508119,2.720277407,502,173.885506,0,466.837,4894.067,2692.176122,1509.016,8762.787,19339.494,1.117708417,1,1.331560802,2.886558727,311,124.5192379,0,678.114,2565.679,1885.081357,1199.225,6147.75,9216.087,1.220910046,1,1.963981855,5.811278868,151,158.1986358,0,667.619,4787.058,3193.375576,1704.98,10472.332,21654.555,1.092391062,1,1.432401567,2.766533188,821,200.7179756,0,701.896,5250.915,3562.050636,1640.097,13277.937,25484.217,1.104684323,1,1.501988253,3.337282791,635,153.1544724,0,589.1,4098.918,3298.112304,1625.908,11781.562,24380.604,1.14884002,1,1.594153257,4.303545264,144,179.8807986,0,799.966,5631.804,3196.637111,1473.479,13775.162,27939.411,1.109433978,1,1.256877514,2.546964731
s2-80-lognormal,shortest_estimate+topology_aware+easy,3,0.2294335315,0.05262682958,0.1190613882,0.03037827815,0.02328589909,0.004081136434,2000,1600,0,375.5545075,0,1509.719,7165.561,2987.572953,1327.448,11024.296,24984.156,1.25750727,1,2.301661386,6.622466619,1.25750727,2469.970881,377,1522.556199,6567.895,0.8274203369,0.366017316,0.1758938733,0.9696217219,140.8695644,0,0,140.8694882,7.62828283e-05,0,0,0,0,0.9959188636,1.190919542,0.9767141009,0.02328589909,773,209723.434,238,200,3322,639,500.8942504,0,2200.714,9193.195,4273.417293,1966.489,15611.138,32097.327,1.195485947,1,2.205622319,5.062101,481,201.8391809,0,898.156,5181.824,1838.120696,1036.379,6210.628,12025.505,1.272625386,1,2.267907118,7.305942154,318,326.5509057,0,1583.802,7280.604,2555.609186,1327.448,9547.711,15217.497,1.274589417,1,2.367829694,7.907652912,162,493.1355062,0,1596.969,10095.024,2176.440117,1102.43,6982.585,13790.85,1.423727576,1,3.231623174,7.240881907,827,337.0415333,0,1798.199,6617.033,3012.685644,1343.653,10619.081,22691.536,1.275034065,1,2.325942832,6.659945018,629,379.5329475,0,1436.415,9193.195,2813.163285,1320.172,11024.296,20986.25,1.241639358,1,2.267074636,5.775081189,144,579.3586111,0,1787.307,8577.091,3605.180493,1314.022,13535.721,31195.015,1.226161841,1,2.9270523,3.90894691
s2-80-lognormal,shortest_estimate+topology_aware+easy,4,0.1515485817,0.0380677117,0.06284157164,0.03359508092,0.01456953642,0.002474680975,2000,1600,0,143.26686,0,796.842,2566.077,2741.012216,1551.598,9273.802,15645.978,1.143074308,1,1.664910897,3.959667125,1.143074308,2282.608898,354,532.3658983,2432.764,0.8080052743,0.2575143948,0.1459638077,0.9664049191,159.7433267,0,0,159.7432477,7.894949498e-05,0,0,0,0,0.997525319,1.125813477,0.9854304636,0.01456953642,755,223893.334,194,165,3001,615,113.0903106,0,688.314,2301.868,2089.348083,954.269,8222.929,13045.387,1.192637723,1,1.910562907,5.24848455,495,195.3359879,0,858.475,5701.761,3831.657018,2351.153,12658.508,25263.114,1.083097496,1,1.451228032,2.608661174,334,127.9303204,0,1063.468,1841.584,2457.699743,1583.194,8411.861,12284.51,1.105066989,1,1.661412935,2.863189681,156,129.8486795,0,1060.325,2607.291,2455.952154,1738.791,7598.06,12624.236,1.219365758,1,1.65049137,5.590730573,845,144.1352,0,902.04,2469.902,2864.093686,1583.194,9573.558,15645.978,1.149509001,1,1.688382043,3.767577067,608,117.0153026,0,641.29,2299.496,2588.229967,1509.479,8458.75,14593.118,1.125917232,1,1.541107279,3.959667125,147,246.8532517,0,1098.395,6273.069,2665.418776,1426.084,10702.024,17045.224,1.177048367,1,1.87289692,4.61288673
s2-80-lognormal,shortest_estimate+topology_aware+easy,5,0.09209197207,0.02903556743,0.02947057584,0.02746620281,0.005305039788,0.0008145862045,2000,1600,0,68.93090687,0,373.692,1743.577,2245.476551,1512.628,6585.02,12025.832,1.05977694,1,1.269885435,2.565772021,1.05977694,2129.128355,334,286.3714641,1743.577,0.7317763214,0.1531709365,0.09136464254,0.9725337972,101.8430578,0,0,101.8430117,4.606060608e-05,0,0,0,0,0.9991854138,1.078006604,0.9946949602,0.005305039788,754,209107.581,113,91,2620,639,90.58381064,0,552.203,2004.181,2217.36372,1424.54,6294.434,14041.681,1.089631049,1,1.514613523,3.348515152,486,76.45681687,0,380.641,1884.001,1887.81087,1276.993,5380.506,10403.328,1.056766451,1,1.352546356,2.565772021,322,36.58979193,0,114.02,840.662,2794.362658,2201.813,7511.958,11427.432,1.028355673,1,1.098008692,1.942269497,153,22.65666667,0,21.955,756.485,2343.831405,1478.383,6880.407,14317.204,1.010783278,1,1.05887516,1.26538736,846,67.22408274,0,363.924,1861.735,2281.425911,1487.808,6827.049,12341.63,1.053252758,1,1.27670415,2.469699714,602,78.20732226,0,397.638,1472.228,2176.595463,1527.604,6266.133,10223.758,1.076270263,1,1.33875958,3.267222913,152,41.69124342,0,245.56,1095.687,2318.195336,1533.162,6880.407,14738.915,1.03076692,1,1.17700697,1.728273518
s2-80-lognormal,shortest_estimate+topology_aware+easy,6,0.249727809,0.05466914031,0.124432766,0.04433618821,0.02351485149,0.002774863022,2000,1600,0,391.7694787,0,1577.829,7994.758,2319.58654,1201.874,8102.614,17229.653,1.253671891,1,2.390982893,6.253811386,1.253671891,2490.428603,388,1556.632768,6731.21,0.8690245729,0.4281491321,0.2014823652,0.9556638118,157.7425178,0,0,157.7424169,0.0001008484849,0,0,0,0,0.997225137,1.148678745,0.9764851485,0.02351485149,808,173455.604,274,232,3668,647,367.3545904,0,1577.829,6731.21,2438.344059,1268.056,8057.56,17667.899,1.239646103,1,2.127770903,6.060341028,472,322.3868432,0,1543.45,7513.85,2117.011578,1187.531,7490.461,14292.652,1.262422309,1,2.385667112,6.42634364,318,305.7193113,0,1094.529,4413.031,1560.517198,1020.483,4184.1,6824.056,1.203323414,1,2.138443983,5.353147729,163,857.4688037,0,5214.822,17642.662,3915.680515,1418.208,15673.26,34758.768,1.382232029,1,3.391657587,7.121919676,792,312.5720619,0,1552.165,5815.274,2327.770424,1232.825,8322.604,22910.8,1.243630562,1,2.346869108,6.060341028,644,448.5930326,0,1660.851,8650.955,2254.221949,1173.018,8102.614,15396.287,1.277572029,1,2.705699294,6.42634364,164,551.0986585,0,1319.396,16773.045,2536.739957,1216.969,8057.56,20229.472,1.208312399,1,1.985974065,5.852712064
s2-80-lognormal,shortest_estimate+topology_aware+easy,7,0.1424237802,0.03917031944,0.06520794314,0.02193331442,0.01488833747,0.001223865729,2000,1600,0,191.6247737,0,826.848,4553.314,3990.364239,1500.861,14821.059,41541.625,1.173217124,1,1.713134013,4.648079616,1.173217124,2280.851641,369,775.2834634,4458.568,0.7621307382,0.1982941092,0.1183304846,0.9780666856,150.3161244,0,0,150.3160599,6.456565661e-05,0,0,0,0,0.9987761343,1.094811384,0.9851116625,0.01488833747,806,387786.479,151,128,2701,632,163.3439842,0,799.519,4491.148,3482.694747,1425.459,13131.599,31856.608,1.131709376,1,1.674352722,4.09006538,504,221.964381,0,838.912,5985.645,5856.326625,1870.343,31540.359,68088.711,1.192027599,1,1.680944915,6.054512198,308,183.9264903,0,793.273,3730.579,2664.074091,1093.987,9640.233,24778.908,1.239008308,1,1.859175308,4.336912086,156,223.3771346,0,1513.859,6528.39,2637.155538,1516.271,8824.704,20716.366,1.150709,1,2.136695482,4.824578513,794,159.3768338,0,834.817,3878.214,4106.168642,1560.29,13588.796,46953.934,1.142377437,1,1.680944915,4.648079616,644,193.1120528,0,799.599,5811.99,3899.996211,1452.346,15404.159,41541.625,1.221117077,1,1.859175308,5.147468069,162,343.7670988,0,899.693,12250.045,3782.0205,1480.425,14673.631,31056.527,1.133952566,1,1.720056436,4.105942125
s2-80-lognormal,shortest_estimate+topology_aware+easy,8,0.09825119433,0.0346104347,0.02640941886,0.02901224154,0.0075,0.0007190992258,2000,1600,0,63.60000812,0,334.876,1386.318,1587.167796,753.107,5504.738,12279.26,1.095505853,1,1.513705115,3.066439805,1.095505853,2162.749137,390,219.2209231,1177.445,0.7418619719,0.1772655511,0.1000923795,0.9709877585,76.99921333,0,0,76.99914424,6.909090911e-05,0,0,0,0,0.9992809008,1.073750283,0.9925,0.0075,800,143420.605,151,125,2672,674,71.56974332,0,364.486,2227.627,1272.883006,627.224,4980.904,8645.999,1.130776283,1,1.588522952,3.963266959,490,40.67543469,0,248.664,1295.73,1411.87998,670.362,4270.192,12710.929,1.053109182,1,1.346944605,2.471926759,303,76.86184488,0,419.77,1306.602,2296.889003,1128.991,7791.48,13651.835,1.09636982,1,1.54753138,2.719886483,133,77.45792481,0,342.168,2847.693,2208.772699,1095.559,9994.052,14700.107,1.070996959,1,1.682415832,1.938936011,800,54.918475,0,295.795,980.435,1604.458363,718.936,5517.692,12823.07,1.092990657,1,1.500413365,3.13311585,629,71.19363434,0,380.269,1713.737,1587.425162,816.867,5439.346,11139.827,1.098311344,1,1.475744349,2.859595313,171,76.28325731,0,531.264,1645.292,1505.329567,766.23,5628.353,9075.765,1.096953236,1,1.613298943,3.066439805
s2-80-lognormal,shortest_estimate+topology_aware+easy,9,0.1310120895,0.03921365082,0.05248414198,0.03272209952,0.006297229219,0.0002949679713,2000,1600,0,178.3705944,0,665.508,3347.742,2598.339238,1243.869,8813.755,17808.118,1.144408753,1,1.715029133,3.561395252,1.144408753,2334.491396,346,760.7467688,3220.982,0.7836408343,0.1881046404,0.120063333,0.9672779005,147.8586489,0,0,147.858577,7.187878789e-05,0,0,0,0,0.999705032,1.042694243,0.9937027708,0.006297229219,794,219995.759,155,130,3121,645,110.2797581,0,470.553,2536.257,2519.189189,1301.949,8103.948,16787.21,1.120282992,1,1.584209173,3.50064394,474,212.4455105,0,1040.748,4303.317,2589.407802,1185.005,10112.215,17639.506,1.16343952,1,1.698491154,3.394985381,330,279.7594697,0,1174.855,6070.961,3030.558645,1524.76,11378.759,21931.596,1.168112627,1,1.982274412,4.397561801,151,140.6801987,0,1148.206,3220.982,2019.881477,935.24,8824.657,13637.962,1.13592037,1,1.960166415,3.049810382,806,229.2431377,0,970.046,4303.317,2714.326577,1242.176,9656.01,19642.843,1.154826566,1,1.743245772,3.50064394,627,133.5460255,0,665.508,2645.012,2567.964405,1337.722,8257.441,17639.506,1.153978872,1,1.788842665,4.639293285,167,101.1354731,0,424.528,3238.19,2152.586096,1106.064,8321,16394.706,1.058197845,1,1.348080365,2.092563316
s2-80-lognormal,shortest_estimate+topology_aware+easy,10,0.4307042554,0.06606272206,0.2598425116,0.05309306986,0.05071521456,0.000990737316,2000,1600,0,868.2540219,0,3294.848,18794.215,3724.232156,1537.172,13374.493,33202.815,1.32122986,1,2.889287035,6.356023781,1.32122986,2648.094025,352,3686.340347,17760.859,0.8916565156,0.3963539965,0.186653076,0.9469069301,332.0535778,0,0,332.0534754,0.0001023838384,0,0,0,0,0.9990092627,1.092047886,0.9492847854,0.05071521456,769,282021.865,276,238,3847,626,705.3865671,0,2779.945,15968.713,3486.015324,1676.532,12366.634,28513.722,1.269584809,1,2.546572677,5.760195258,484,1386.958723,0,7171.491,33572.193,5209.556645,1477.338,20543.01,55773.519,1.386447408,1,3.060356424,8.139009008,343,583.3613499,0,2918.505,13577.591,2827.897656,1573.897,8556.962,20549.455,1.317493355,1,2.889520994,5.098981029,147,518.7311497,0,1211.723,16922.789,1939.670374,1281.569,4815.743,22212.784,1.335149109,1,3.168694107,5.252782964,831,859.0156835,0,2779.945,23243.237,3627.69102,1562.377,13538.905,29333.371,1.301443144,1,2.828163722,5.760195258,627,952.8533222,0,4168.03,18794.215,3908.276258,1472.735,13444.247,40979.953,1.355792024,1,3.060356424,8.340284786,142,548.7702042,0,3141.034,9514.145,3476.556324,1629.567,12290.854,27236.744,1.284414955,1,2.825275254,4.298461288
s2-80-lognormal,shortest_estimate+topology_aware+easy,11,0.1777028538,0.03915339665,0.08929870279,0.03425014562,0.01479654747,0.0002040612364,2000,1600,0,282.8784294,0,1132.323,7315.228,3080.468254,1516.56,11052.617,23227.222,1.141938943,1,1.712393886,4.304068174,1.141938943,2235.53283,333,1270.200787,7315.228,0.7984263202,0.2604843823,0.1300910867,0.9657498544,160.4411689,0,0,160.4410678,0.0001010505051,0,0,0,0,0.9997959388,1.037936632,0.9852034525,0.01479654747,811,257446.25,187,155,3025,640,323.7732984,0,1216.784,8286.758,3613.257859,1701.847,13598.267,30974.656,1.162154069,1,1.929681494,4.541898187,470,221.5638085,0,1278.043,5620.729,2361.733194,1453.039,7573.865,14054.698,1.125855534,1,1.648142165,3.399091216,327,241.5338502,0,591.442,4424.81,2781.893994,1344.632,10987.488,26307.827,1.136587785,1,1.487385098,4.383747921,163,382.049184,0,918.962,12425.554,3659.940117,1821.899,13419.286,25425.573,1.119677284,1,1.426398838,4.778349179,789,333.3611635,0,1602.3,8286.758,3221.376842,1572.402,11280.078,26817.081,1.165157463,1,2.006121064,4.304068174,653,246.7898499,0,832.266,8524.721,2768.304779,1448.231,9868.192,17801.209,1.135338711,1,1.502902495,4.430496933,158,179.9351709,0,558.189,6978.803,3666.96112,1901.144,14633.466,26474.038,1.053271468,1,1.40150525,2.176883357
s2-80-lognormal,shortest_estimate+topology_aware+easy,12,0.08000912767,0.02982809467,0.02440637048,0.01989610172,0.004860267315,0.001018293489,2000,1600,0,85.721205,0,309.477,2525.22,2589.811147,1349.789,9082.635,18503.24,1.088026537,1,1.304547021,3.44133987,1.088026537,2190.620193,349,380.8930172,2187.176,0.7227923902,0.133959763,0.1054928265,0.9801038983,79.66904,0,0,79.66896416,7.583838384e-05,0,0,0,0,0.9989817065,1.085543255,0.9951397327,0.004860267315,823,232305.539,101,93,2732,597,88.43977554,0,311.437,3753.356,1567.169055,918.108,5473.354,10915.308,1.102452125,1,1.394681383,4.145701184,519,85.69508092,0,353.955,2187.176,3789.592522,1736.152,14644.219,23590.014,1.116224996,1,1.363579128,3.574496277,324,85.77833642,0,114.607,3189.247,2865.681123,1958.57,8506.997,13100.539,1.028263951,1,1.127729439,1.866276396,160,75.5465875,0,245.124,2123.456,1955.116919,1303.539,5588.553,12484.475,1.063751548,1,1.255632276,2.470004862,777,95.35605019,0,313.446,3189.247,2582.578232,1386.587,10165.114,20072.319,1.109821367,1,1.37177944,3.9445656,660,79.68137727,0,309.477,2525.22,2566.75958,1388.459,8757.637,16639.112,1.065269775,1,1.224910989,3.365008271,163,64.24888344,0,176.221,2672.569,2717.62716,1189.042,8695.297,28509.755,1.076277337,1,1.251999556,2.62809832
s2-80-lognormal,shortest_estimate+topology_aware+easy,13,0.122627447,0.03432810096,0.04854003175,0.03332187946,0.006150061501,0.0002873733711,2000,1600,0,115.9896875,0,615.496,2552.04,2221.662578,1371.551,6844.333,12993.646,1.101183505,1,1.501357104,2.992756915,1.101183505,2184.032482,351,491.7620484,2518.857,0.8137674642,0.2199208264,0.1284103048,0.9666781205,126.7425378,0,0,126.7424869,5.08686869e-05,0,0,0,0,0.9997126266,1.048301006,0.9938499385,0.006150061501,813,184122.363,185,164,2880,628,121.5185764,0,615.496,2688.187,2243.341677,1513.703,6844.333,11527.562,1.07724663,1,1.386848723,2.789717951,479,109.1953382,0,687.467,2552.04,2050.399493,1117.168,6532.699,13717.918,1.109806131,1,1.692204084,3.062399591,328,92.65417988,0,511.211,1858.805,1924.016396,1166.047,5464.197,9042.548,1.129278726,1,1.432090736,3.746929125,165,161.0587636,0,932.172,5367.784,3228.017073,1953.902,11140.416,17191.957,1.111407067,1,1.749161486,3.458498835,787,118.2290356,0,449.902,2688.187,2222.087203,1388.163,6636.342,13717.918,1.103064321,1,1.415969849,3.048885327,643,113.9128258,0,742.201,2481.022,2180.341012,1391.214,6844.333,11527.562,1.099683201,1,1.610272324,3.328920434,170,113.4782471,0,544.264,4099.186,2375.989559,1297.065,8423.253,17191.957,1.098151116,1,1.625519625,2.966013387
s2-80-lognormal,shortest_estimate+topology_aware+easy,14,0.1343015768,0.03907795871,0.05289154967,0.0310846389,0.01006289308,0.001184536489,2000,1600,0,138.1322544,0,670.674,2813.363,2121.156786,1097.229,7672.085,15461.498,1.153522807,1,1.709094569,4.407779778,1.153522807,2259.735127,378,549.1053545,2464.211,0.791209723,0.2723504965,0.1487949503,0.9689153611,117.5856444,0,0,117.5855641,8.036363638e-05,0,0,0,0,0.9988154635,1.091693407,0.9899371069,0.01006289308,795,178937.446,164,130,2913,594,119.3935976,0,650.245,2464.211,1524.951547,678.749,5579.549,11926.055,1.211163243,1,2.084149433,5.69070095,514,121.7176595,0,678.778,2011.964,2471.830428,1468.144,7857.101,14110.163,1.109435336,1,1.557687386,3.087521069,336,122.4193393,0,699.147,1626.592,1718.714702,937.418,5764.76,10684.585,1.120317479,1,1.474813004,4.554827034,156,297.4104808,0,1282.569,8256.489,4102.696532,1759.12,17690.944,31756.379,1.150827499,1,1.815836692,4.134970132,805,146.1817801,0,662.421,3051.697,2145.482149,1094.984,7651.044,14835.386,1.155158341,1,1.671093254,4.299913042,635,132.8637685,0,733.836,2021.089,2024.757794,1110.834,7672.085,15461.498,1.148710969,1,1.770137611,4.554827034,160,118.5423813,0,615.774,3457.894,2381.353306,1049.76,8279.692,25809.39,1.164391012,1,1.709094569,6.632972999
s2-80-lognormal,shortest_estimate+topology_aware+easy,15,0.4124238988,0.06493147968,0.2299290396,0.05617713091,0.03109452736,0.03029172127,2000,1600,0,677.2568081,0,2915.54,14641.909,3775.015308,1766.662,14069.785,29714.272,1.528700075,1,2.83981157,9.786322041,1.528700075,2895.796623,357,2941.303639,14285.276,0.86736728,0.401354967,0.1940629229,0.9438228691,332.0714222,0,0,332.0713218,0.0001004444446,0,0,0,0,0.9697082787,1.508726533,0.9689054726,0.03109452736,804,275117.049,206,172,3575,654,524.8702278,0,3439.11,11895.699,3117.347135,1555.867,12030.983,16885.814,1.291470645,1,2.663428856,7.208012014,498,1126.259068,0,4881.123,25795.753,5331.855663,2690.676,16868.467,46491.716,1.937064084,1,3.187498682,14.06599792,299,384.5947893,0,1455.872,10660.811,2372.027288,1059.081,7912.418,23798.264,1.489425777,1,3.26139901,13.93820449,149,432.7174899,0,1597.423,13303.775,4273.685826,2098.226,17380.45,28341.376,1.283906687,1,2.236562806,5.95897718,796,770.8633254,0,3715.437,18330.721,4118.853562,1824.175,15368.484,36910.023,1.399123192,1,3.099780946,10.85407078,652,561.5157638,0,2579.833,11749.802,3567.924471,1831.25,12346.42,27195.313,1.717678723,1,2.773323944,8.7855824,152,683.5224211,0,2626.779,15763.77,2862.699362,1285.106,8645.071,39557.078,1.396654814,1,2.32098454,14.06599792
s2-80-lognormal,shortest_estimate+topology_aware+easy,16,0.2736490692,0.06585350792,0.1262177574,0.05624906942,0.01990049751,0.005428236931,2000,1600,0,606.6552556,0,1600.463,15341.825,2266.488549,871.308,7704.925,22255.34,1.335547583,1,2.880136948,8.130058061,1.335547583,2647.32315,364,2594.509275,12110.78,0.873204396,0.4895068201,0.197755986,0.9437509306,203.3176178,0,0,203.3175108,0.000106949495,0,0,0,0,0.9945717631,1.228325161,0.9800995025,0.01990049751,804,149932.085,239,210,3687,625,505.8177584,0,1637.492,10162.542,1929.840115,697.236,6604.557,20620.789,1.285749122,1,2.658984286,6.16152352,493,706.8001176,0,1572.066,19368.622,2700.344249,989.717,9502.641,24337.127,1.447370211,1,3.239442552,10.71654436,322,725.2920714,0,1691.455,30753.312,2153.912503,806.305,6258.016,37427.862,1.33912081,1,3.213604423,8.711276942,160,453.2237812,0,963.699,11094.748,2471.262906,1256.383,7360.928,18847.255,1.178328229,1,1.842894142,3.463931947,796,731.8137399,0,1907.509,19778.006,2445.990994,868.761,8939.65,27765.972,1.387017985,1,3.049653777,9.118023665,633,531.4543096,0,1600.463,9673.858,2148.980376,925.142,7085.374,15597.611,1.313572965,1,2.640989873,8.130058061,171,302.4216023,0,755.71,4457.011,1865.89631,771.016,5423.77,22799.444,1.177299004,1,1.854156976,4.835248156
s2-80-lognormal,shortest_estimate+topology_aware+easy,17,0.2267381844,0.04749026248,0.1074703003,0.04561287772,0.02570694087,0.0004578030537,2000,1600,0,462.9966862,0,1362.742,8644.773,3260.636424,1653.95,11602.581,21302.621,1.237072133,1,2.077010989,6.355116751,1.237072133,2426.393845,372,1896.47193,8170.578,0.8359500277,0.3227654844,0.1562891297,0.9543871223,253.6430911,0,0,253.642993,9.810101013e-05,0,0,0,0,0.9995421969,1.060506853,0.9742930591,0.02570694087,778,247838.738,209,191,3362,628,516.9051194,0,1630.789,10459.273,3511.023296,2028.177,12608.436,20333.224,1.266332986,1,2.224955245,7.976670574,486,439.788323,0,1350.624,7634.263,3719.566899,2136.898,12521.137,26449.485,1.194082794,1,1.891912857,5.342199245,340,322.8916971,0,1351.734,8170.578,2191.924429,932.623,8926.855,21302.621,1.246455292,1,2.392351407,5.962344286,146,634.6437055,0,855.986,25008.256,3144.738555,1836.305,9766.367,31131.588,1.232460687,1,1.750624154,6.816711438,822,442.2955681,0,1175.527,6347.935,3203.143398,1653.95,10924.788,18539.883,1.223599043,1,1.858048054,5.962344286,617,558.0685559,0,2082.86,11636.673,3421.714248,1720.967,12612.664,27272.09,1.258547946,1,2.386652431,6.816711438,161,204.3443602,0,855.803,7592.186,2936.874,1578.167,10812.492,21302.621,1.223558485,1,1.961852272,6.760546923
s2-80-lognormal,shortest_estimate+topology_aware+easy,18,0.1065300562,0.03133581696,0.04026948213,0.02618319904,0.007566204288,0.001175353752,2000,1600,0,110.5865606,0,510.624,2147.753,4086.644747,1614.362,16690.733,34132.782,1.10575864,1,1.370488028,3.273756881,1.10575864,2190.569933,356,455.9568652,2068.013,0.7208308607,0.1177190732,0.09982910715,0.973816801,172.1985044,0,0,172.1984319,7.252525255e-05,0,0,0,0,0.9988246462,1.089749636,0.9924337957,0.007566204288,793,390125.266,110,97,2600,654,108.6945642,0,518.019,1950.689,6535.40435,2947.722,22692.146,46925.048,1.072248656,1,1.280095939,2.608493151,489,136.4960941,0,668.957,3018.031,2707.15301,1169.11,10667.916,17890.939,1.160022496,1,1.691481312,4.975337577,318,92.92131132,0,662.049,2026.155,1506.045789,1027.848,5244.822,7577.023,1.109272773,1,1.63120304,3.432746929,139,68.7531295,0,96.272,2147.753,3321.991129,1537.957,15008.808,17876.58,1.064485325,1,1.135683151,2.393000395,807,98.78780297,0,589.543,1982.241,3686.422872,1533.827,15435.167,26148.571,1.133122839,1,1.507749367,3.432746929,633,139.639297,0,518.019,2637.271,4674.303583,1673.95,19889.927,38563.639,1.085178915,1,1.346716549,2.888305867,160,55.15665625,0,185.241,1903.564,3780.338556,1823.448,12140.43,46925.048,1.049158995,1,1.250003004,2.351190218
s2-80-lognormal,shortest_estimate+topology_aware+easy,19,0.07386756231,0.02935081036,0.02112826063,0.01830117901,0.003610108303,0.001477204012,2000,1600,0,59.97807125,0,267.91,1308.76,2641.276389,1111.223,9001.778,24248.916,1.1222918,1,1.283672746,3.84008858,1.1222918,2227.078059,338,255.4477604,1308.76,0.7242805939,0.1198656158,0.08285191923,0.981698821,85.05028222,0,0,85.05024307,3.915151517e-05,0,0,0,0,0.998522796,1.08391137,0.9963898917,0.003610108303,831,268118.137,104,94,2601,656,66.48724085,0,239.207,1431.729,3798.357994,1635.749,13386.771,42543.581,1.080758423,1,1.25,2.832506066,468,63.60387393,0,249.075,1373.83,1696.417517,655.091,7042.073,15676.654,1.162640731,1,1.385137488,4.545882775,316,42.68670886,0,263.322,990.54,2121.679506,1027.151,7236.443,17476.555,1.170314152,1,1.39990113,4.138905206,160,56.83544375,0,433.455,1188.695,1687.15785,865.612,5601.165,13615.689,1.079713881,1,1.273369875,3.84008858,769,66.18829649,0,337.331,1373.83,2582.142147,1204.353,8217.18,22485.277,1.12612622,1,1.365481894,4.028489639,662,53.25285196,0,212.298,1308.76,2700.166955,1075.605,10028.385,28158.885,1.132023059,1,1.272068925,3.986934016,169,58.06346746,0,291.873,1168.584,2679.670929,1074.442,10797.107,27094.338,1.066725158,1,1.273369875,2.569506236
s2-80-lognormal,shortest_estimate+topology_aware+easy,20,0.1762338617,0.03834965089,0.0805006367,0.03027228846,0.02615193026,0.000959355333,2000,1600,0,268.4724962,0,1020.762,6895.839,3359.761785,1569.752,12735.064,27147.759,1.16182575,1,1.677241653,4.042007029,1.16182575,2261.760458,353,1116.685703,6720.607,0.7958612274,0.222704623,0.1139056773,0.9697277115,164.3010622,0,0,164.3009928,6.937373739e-05,0,0,0,0,0.9990406447,1.079762736,0.9738480697,0.02615193026,803,268593.303,180,157,2916,645,361.4863256,0,2138.364,7222.951,5483.54655,2996.228,18533.857,39676.774,1.129079298,1,1.779777743,3.707443707,467,161.2540364,0,731.43,5264.583,1474.034822,914.038,4502.664,10827.095,1.219137752,1,1.677241653,5.068982333,310,312.8042,0,854.631,9755.67,2736.836342,1674.47,8260.604,14428.29,1.135491861,1,1.587097411,4.225438677,178,135.5189719,0,327.466,5913.663,1696.279792,730.759,6560.271,15659.987,1.175984529,1,1.390371342,3.509306172,797,266.8677892,0,895.611,7102.073,3308.220837,1513.45,12716.498,24771.135,1.13841733,1,1.67590516,3.633244181,621,254.272066,0,990.26,7303.299,3557.81652,1619.19,14089.094,33863.018,1.16300794,1,1.587097411,4.665516324,182,323.9528187,0,2006.299,6106.439,2909.685659,1642.394,8717.12,26503.318,1.260300319,1,2.379763508,5.63235486
s2-80-lognormal,shortest_estimate+topology_aware+easy_oracle,1,0.102909885,0.03309648661,0.03865333699,0.02045369404,0.007389162562,0.003317204793,2000,1600,0,87.60055687,0,490.131,2512.169,3271.094413,1334.095,9642.944,46326.346,1.145294193,1,1.447491819,3.305561263,1.145294193,2244.954902,370,341.3547865,2126.158,0.7243445295,0.1092153995,0.09971284963,0.979546306,117.0103644,0,0,117.0103131,5.139393942e-05,0,0,0,0,0.9966827952,1.151589694,0.9926108374,0.007389162562,812,331001.651,103,21,2544,647,129.9759768,0,658.516,3636.934,2429.191886,1622.831,7877.583,15033.631,1.234453553,1,1.545872586,5.255623684,468,56.36333974,0,374.11,1522.809,1654.06525,947.925,6023.898,9235.755,1.089908041,1,1.376795634,3.149198957,333,61.88471471,0,398.667,1461.874,7313.738297,1379.871,46326.346,86400,1.071956062,1,1.362680886,2.735062661,152,59.74198026,0,381.82,1246.842,2976.885007,1909.273,10223.501,15590.314,1.096979787,1,1.431730429,2.668185007,788,85.54361929,0,428.302,2610.507,3255.042447,1425.264,9411.102,48633.587,1.16799467,1,1.283976808,4.046289464,648,89.66633025,0,496.351,2126.158,3198.693032,1276.417,10889.747,44785.025,1.116522079,1,1.518282032,4.566444854,164,89.32156707,0,570.011,2061.579,3634.295902,1296.725,9059.982,67156.945,1.149906106,1,1.840918594,3.107185158
s2-80-lognormal,shortest_estimate+topology_aware+easy_oracle,2,0.1552601193,0.03761766526,0.06308794052,0.04289791321,0.01026957638,0.001387023973,2000,1600,0,197.638445,0,799.966,4178.862,3441.590287,1611.081,13161.46,25871.625,1.117508841,1,1.645227886,3.901636385,1.117508841,2253.23826,332,855.7142199,4178.862,0.7596034337,0.1464739676,0.09978248242,0.9571020868,261.9977111,0,0,261.9976347,7.636363639e-05,0,0,0,0,0.998612976,1.094161217,0.9897304236,0.01026957638,779,287144.091,157,50,2888,636,235.9701384,0,740.552,5009.589,4835.08975,2144.452,18436.322,34187.161,1.088978903,1,1.682420686,2.609767245,502,194.8810876,0,905.432,2957.239,2702.060408,1567.6,8439.492,19713.776,1.116116496,1,1.52549336,3.118652207,311,157.9741768,0,601.823,2763.748,1920.690283,1150.909,6393.507,9216.087,1.191518483,1,1.963981855,4.967206462,151,127.0478742,0,828.267,2319.174,3163.300497,1704.98,10455.572,21620.956,1.089873072,1,1.645227886,2.116474399,821,243.3694811,0,740.552,5009.589,3607.042709,1665.627,13303.215,25484.217,1.127189417,1,1.771076748,4.077551887,635,140.5982693,0,813.124,2435.628,3281.282235,1598.104,11433.594,25871.625,1.112999053,1,1.520806076,3.431759217,144,188.4393542,0,799.966,5625.737,3205.195667,1436.296,13775.162,27939.411,1.082203028,1,1.250000068,2.545298225
s2-80-lognormal,shortest_estimate+topology_aware+easy_oracle,3,0.2092157039,0.05152300553,0.1067132917,0.03268751051,0.01811125485,0.0001806413166,2000,1600,0,269.76931,0,1353.143,5355.506,2885.486295,1318.37,10759.461,23684.013,1.225543672,1,2.253385075,5.348799129,1.225543672,2424.169119,377,1038.519456,4582.984,0.8279157174,0.2457725155,0.1526417971,0.9673124895,151.9397489,0,0,151.939676,7.288888892e-05,0,0,0,0,0.9998193587,1.03576815,0.9818887451,0.01811125485,773,208721.24,229,70,3214,639,301.6557966,0,1658.946,6658.272,4085.295247,2024.104,15141.705,30617.045,1.206604986,1,2.094086734,4.90865438,481,178.8022807,0,981.513,3773.773,1817.997628,1013.637,5906.929,11009.238,1.249763015,1,2.077284252,7.748976689,318,294.2263962,0,1551.167,4327.855,2515.662667,1345.356,9330.418,13150.276,1.232048135,1,2.510417062,4.38292547,162,366.0799444,0,1009.919,7960.49,2048.375444,986.729,5992.224,13790.85,1.215567728,1,2.388686953,5.452956795,827,282.9538513,0,1418.688,5634.735,2965.50863,1345.362,10721.605,23684.013,1.247584663,1,2.39070966,6.866844267,629,267.3695469,0,1269.545,5355.506,2701.321889,1275.592,10514.307,16043.182,1.217017448,1,2.184129531,5.058351104,144,204.5320556,0,1287.309,4497.977,3230.353938,1296.776,13325.493,30617.045,1.136204053,1,1.85229625,3.556364488
s2-80-lognormal,shortest_estimate+topology_aware+easy_oracle,4,0.1427959195,0.03629165425,0.04640662237,0.04047569117,0.01589403974,0.003727911934,2000,1600,0,132.6251925,0,588.444,2988.273,2734.525965,1521.465,9143.457,15645.978,1.125871681,1,1.587234114,3.78448932,1.125871681,2238.220202,354,543.2375113,2931.682,0.8121087619,0.2389598978,0.1476948383,0.9595243088,193.8404711,0,0,193.8403876,8.355555558e-05,0,0,0,0,0.9962720881,1.163131423,0.9841059603,0.01589403974,755,223893.334,179,39,3025,615,102.7782699,0,474.337,2716.357,2075.974712,995.349,8065.635,12638.232,1.174906684,1,1.919554445,4.893788658,495,188.9632303,0,530.162,6346.419,3839.909657,2256.775,12931.338,25813.152,1.05970974,1,1.291107056,2.253201923,334,109.7400719,0,843.075,1900.741,2442.91388,1570.89,8153.086,12486.731,1.083796446,1,1.514614127,2.928167937,156,120.5236474,0,908.901,1798.362,2447.619103,1804.543,7447.028,10778.158,1.232581697,1,1.892172146,7.700220701,845,122.606032,0,573.963,2931.682,2844.43892,1556.102,9760.051,15645.978,1.119476142,1,1.587234114,3.751990561,608,104.1999737,0,450.506,2157.492,2584.790178,1509.479,8429.442,14593.118,1.113961038,1,1.444480267,3.397921434,147,307.7865782,0,1407.121,6733.49,2722.028769,1460.737,10702.024,17045.224,1.211898218,1,1.908283367,5.22139834
s2-80-lognormal,shortest_estimate+topology_aware+easy_oracle,5,0.09336796249,0.02858089861,0.02808975871,0.0323101505,0.003978779841,0.0004083748234,2000,1600,0,71.00454125,0,356.183,1761.036,2248.665516,1492.195,6622.083,12025.832,1.055612345,1,1.250000261,2.276225832,1.055612345,2119.714198,334,298.9777994,1761.036,0.7357564056,0.1385476228,0.1002235016,0.9676898495,120.4038311,0,0,120.4037822,4.888888892e-05,0,0,0,0,0.9995916252,1.058691282,0.9960212202,0.003978779841,754,209107.581,121,26,2620,639,85.24937402,0,455.587,2017.626,2212.264818,1393.706,6407.696,14041.681,1.075709438,1,1.417566971,2.512475207,486,75.69221605,0,390.724,2302.724,1892.671405,1276.993,5407.76,10126.524,1.049003543,1,1.329723255,2.341772359,322,53.24674224,0,236.742,1357.553,2810.592935,2203.499,7511.958,11427.432,1.044491515,1,1.145817359,2.477522056,153,33.99377778,0,192.944,1257.094,2348.878288,1478.383,6880.407,14317.204,1.016074711,1,1.199547423,1.328389292,846,75.43713121,0,467.368,1802.83,2292.999371,1462.688,6827.049,12662.84,1.062615718,1,1.335740206,2.245322584,602,73.48218272,0,219.51,1733.929,2168.854083,1512.628,6289.937,10126.524,1.052918458,1,1.151854345,2.552092419,152,36.52091447,0,215.375,1000.645,2318.007888,1507.125,6880.407,14738.915,1.027302253,1,1.145817359,1.839932189
s2-80-lognormal,shortest_estimate+topology_aware+easy_oracle,6,0.2185054725,0.05685984759,0.09239976458,0.04578839155,0.02227722772,0.001180241078,2000,1600,0,304.0543019,0,1171.645,6598.401,2230.952548,1214.705,8014.361,16352.044,1.230928426,1,2.4867946,4.7,1.230928426,2466.38246,388,1187.744673,5815.274,0.8752484312,0.3873698738,0.1979437445,0.9542116085,163.1572022,0,0,163.1571056,9.660606063e-05,0,0,0,0,0.9988197589,1.079369081,0.9777227723,0.02227722772,808,173573.125,305,79,3617,647,282.4952195,0,1064.426,6715.979,2351.530932,1247.383,8582.164,15924.985,1.192768234,1,2.100228893,4.11853534,472,307.1678051,0,1312.976,6598.401,2097.134235,1220.953,7890.619,14450.85,1.287437153,1,2.996635565,5.585916587,318,167.899478,0,753.183,3576.056,1428.61672,1047.052,4049.371,6337.451,1.201545363,1,2.375383481,3.699190048,163,646.2407239,0,3639.959,13048.564,3705.129374,1383.918,13101.112,34758.768,1.276090017,1,2.871541744,7.084997181,792,253.7881717,0,924.977,5473.181,2268.067452,1232.825,7949.609,19284.732,1.223097945,1,2.433511812,4.49171106,644,308.8833059,0,1268.78,7931.249,2112.471231,1187.531,7909.77,12345.833,1.239631647,1,2.4841419,4.835570315,164,527.8402561,0,1332.349,13757.786,2516.970622,1216.969,9583.216,17214.213,1.234567859,1,2.662171969,4.980349071
s2-80-lognormal,shortest_estimate+topology_aware+easy_oracle,7,0.1446462309,0.03833999898,0.05665987365,0.03718813769,0.0111662531,0.001291967469,2000,1600,0,156.7851706,0,718.457,3878.106,3969.623804,1487.283,14881.654,41541.625,1.149947871,1,1.676819522,4.664031152,1.149947871,2242.844357,369,613.8563198,3316.062,0.7747724884,0.1930766331,0.1030223969,0.9628118623,258.9004289,0,0,258.9003396,8.929292938e-05,0,0,0,0,0.9987080325,1.086335777,0.9888337469,0.0111662531,806,387786.479,185,43,2699,632,136.2853291,0,632.727,2654.083,3457.451832,1429.994,13131.599,31856.608,1.130019987,1,1.705103101,4.761698333,504,156.6337341,0,718.457,4956.815,5824.280992,1853.335,30328.039,68088.711,1.133134783,1,1.546784517,4.309798738,308,158.6178864,0,763.919,2306.326,2651.280123,1083.304,9640.233,24778.908,1.227581141,1,1.599524321,4.664031152,156,236.7066282,0,834.464,8020.596,2655.491218,1475.751,9387.226,15617.008,1.131724615,1,1.808426195,4.824578513,794,148.1943048,0,838.912,3408.569,4116.979093,1530.256,13646.881,52715.164,1.137040425,1,1.702843395,4.824578513,644,124.8772981,0,530.808,2654.083,3838.442365,1452.346,15404.159,41541.625,1.158762434,1,1.541868425,4.544569528,162,325.7346605,0,702.455,8261.798,3768.887673,1507.748,13177.012,29227.13,1.178169687,1,2.304144871,4.761698333
s2-80-lognormal,shortest_estimate+topology_aware+easy_oracle,8,0.1008991954,0.03419466537,0.02609262508,0.03254382919,0.0075,0.0005680757911,2000,1600,0,62.30143875,0,330.859,1533.111,1587.165078,754.246,5504.738,12122.439,1.093332865,1,1.49552123,3.186919162,1.093332865,2157.070808,390,229.3523462,1114.09,0.7444210862,0.1857655569,0.09910396745,0.9674561708,86.68742667,0,0,86.68735556,7.111111114e-05,0,0,0,0,0.9994319242,1.067091366,0.9925,0.0075,800,143420.605,162,39,2670,674,76.07633086,0,399.717,2266.397,1276.685519,630.454,4906.548,8373.706,1.126886321,1,1.716432367,4.293179892,490,38.74263673,0,209.582,993.128,1409.947182,670.875,4270.192,12710.929,1.056035459,1,1.325762573,2.70655117,303,68.56116172,0,494.638,1095.311,2295.948257,1190.666,7791.48,13651.835,1.086894969,1,1.557495239,3.397800706,133,65.02955639,0,137.517,2134.023,2198.734165,1221.132,9994.052,14700.107,1.075373329,1,1.516211378,2.240432359,800,53.98058125,0,243.019,993.128,1604.161718,718.767,5469.845,12823.07,1.087525812,1,1.462941774,3.186919162,629,64.25302544,0,300.244,1664.047,1583.856181,820.967,5439.346,11139.827,1.094402142,1,1.508220836,3.193019792,171,94.05078363,0,691.39,1903.249,1519.819959,777.57,5767.846,8705.806,1.116567174,1,1.716432367,3.080607145
s2-80-lognormal,shortest_estimate+topology_aware+easy_oracle,9,0.1203273837,0.0360036287,0.05198375448,0.02209249751,0.008816120907,0.001431382151,2000,1600,0,154.6982356,0,659.163,2963.414,2567.836241,1243.869,8771.385,17209.33,1.103721996,1,1.574637169,3.024882861,1.103721996,2259.818932,346,660.8497746,2923.587,0.7724381553,0.1613871001,0.1158505951,0.9779075025,98.74244444,0,0,98.74238376,6.068686871e-05,0,0,0,0,0.9985686178,1.093533856,0.9911838791,0.008816120907,794,221243.826,163,42,3022,645,108.4536806,0,450.308,2475.223,2507.753687,1303.209,7958.555,16787.21,1.090983784,1,1.420316213,2.863814483,474,154.3241772,0,1077.805,3722.673,2530.032424,1164.604,10112.215,14205.932,1.095180414,1,1.703073274,3.126645094,330,267.2160455,0,659.267,4775.587,3009.317606,1497.207,11142.72,21892.603,1.100024102,1,1.640037523,3.30594914,151,107.5072715,0,869.387,2781.598,1978.322377,951.29,9239.063,13637.962,1.193027704,1,1.814465793,4.686686343,806,159.616495,0,869.387,3051.127,2640.431272,1243.869,9093.721,17209.33,1.099226454,1,1.606788661,3.140136132,627,169.4082249,0,595.235,2923.587,2591.883257,1304.321,8259.468,17808.118,1.123843062,1,1.631491812,2.918679288,167,75.73248503,0,246.728,2700.438,2127.183108,1084.57,8110.906,16394.706,1.049874679,1,1.361757561,2.092563316
s2-80-lognormal,shortest_estimate+topology_aware+easy_oracle,10,0.5087949823,0.07367244187,0.3315347511,0.05438277844,0.04681404421,0.002390966603,2000,1600,0,892.0924181,0,4203.918,19232.928,3749.199427,1574.195,13548.028,32386.511,1.410386866,1,3.222102035,6.892727871,1.410386866,2720.75553,352,3630.559489,18567.643,0.9217457705,0.4009645082,0.2330241209,0.9456172216,340.5835289,0,0,340.5834284,0.0001004848485,0,0,0,0,0.9976090334,1.147785157,0.9531859558,0.04681404421,769,281945.11,353,98,3792,626,772.4890623,0,3909.822,13765.619,3557.200925,1733.607,13302.611,27198.581,1.396310556,1,2.916497695,6.892727871,484,1320.003045,0,5906.462,29480.766,5143.902665,1537.172,20547.185,60569.246,1.486506364,1,3.62711682,8.127055311,343,764.6497843,0,3470.418,19612.069,3008.281134,1659.714,8936.808,28807.617,1.378071552,1,3.123501117,6.629938394,147,289.8868435,0,1581.155,5032.734,1703.550925,1151.323,4431.61,10862.173,1.295108544,1,2.463824697,6.100866395,831,936.1396799,0,3943.885,21857.792,3708.535049,1584.789,14110.411,34840.727,1.406330597,1,3.225750555,6.342493238,627,846.8905837,0,4477.103,17555.475,3800.225,1579.14,13152.588,32386.511,1.443327693,1,3.236564377,8.048049588,142,833.9112606,0,1790.933,19612.069,3761.868894,1434.726,13025.342,27997.967,1.288674624,1,2.607737592,4.797043339
s2-80-lognormal,shortest_estimate+topology_aware+easy_oracle,11,0.1808697461,0.04171728531,0.09177461538,0.02948208548,0.01726263872,0.0006331212591,2000,1600,0,255.213895,0,1163.718,5055.955,3049.646814,1527.383,10642.905,23227.222,1.130442794,1,1.824526872,3.838087354,1.130442794,2214.158461,333,1119.358754,5055.955,0.7956151457,0.2399712655,0.1160820758,0.9705179145,137.4271978,0,0,137.4271183,7.94747475e-05,0,0,0,0,0.9993668787,1.062008587,0.9827373613,0.01726263872,811,257446.25,190,50,2963,640,305.5713156,0,1420.891,6032.761,3590.60362,1683.554,13156.163,30974.656,1.147027546,1,1.902735387,3.937587071,470,174.7711234,0,1217.821,3629.627,2312.507236,1454.691,7551.366,13118.289,1.104285204,1,1.743686648,2.933151711,327,242.2029144,0,895.62,4424.81,2781.709477,1348.535,10424.048,26307.827,1.156330366,1,1.668777197,4.757872069,163,315.5448405,0,764.372,9171.007,3588.657577,1821.899,13419.286,25425.573,1.088814516,1,1.385478503,3.318440335,789,294.9930697,0,1241.69,6683.507,3181.344096,1572.352,11301.14,25697.69,1.147508824,1,1.887532812,4.285957531,653,227.6498882,0,917.394,3629.627,2744.177533,1449.255,9626.828,17801.209,1.121526405,1,1.787782819,3.317339508,158,170.4893861,0,1340.587,2640.388,3654.471399,1910.056,14633.466,26474.038,1.082071307,1,1.665517668,2.372509249
s2-80-lognormal,shortest_estimate+topology_aware+easy_oracle,12,0.087065211,0.03254159785,0.03180279954,0.0207233929,0.001215066829,0.0007823538837,2000,1600,0,79.055595,0,403.265,1904.321,2582.994922,1388.187,8946.114,18503.24,1.095174177,1,1.423223474,3.365008271,1.095174177,2203.168811,349,328.2081633,1833.22,0.7276113762,0.1426076869,0.1075379537,0.9792766071,83.05182667,0,0,83.05174578,8.08888889e-05,0,0,0,0,0.9992176461,1.071835798,0.9987849332,0.001215066829,823,232305.539,127,28,2742,597,78.09539698,0,479.512,1723.229,1556.914606,935.867,5129.957,10005.906,1.108968909,1,1.623469106,4.165067123,519,77.47723892,0,526.448,1950.758,3779.192678,1771.771,14605.565,23590.014,1.119345917,1,1.373696331,3.657435351,324,80.19623148,0,226.608,1833.22,2863.022253,1959.372,8506.997,13100.539,1.044325931,1,1.189312592,1.94958219,160,85.4483375,0,493.666,1987.111,1964.335287,1320.026,5588.553,12484.475,1.0682632,1,1.661170316,2.183517952,777,88.0108121,0,450.977,1904.321,2576.149771,1416.374,9505.516,20139.327,1.112075068,1,1.457735256,3.965273109,660,81.51178788,0,481.231,2123.456,2566.796635,1409.757,8756.039,16639.112,1.083627882,1,1.427674889,2.670492079,163,26.42190798,0,75.963,780.001,2681.213037,1218.422,8695.297,28479.054,1.061361677,1,1.25,1.866276396
s2-80-lognormal,shortest_estimate+topology_aware+easy_oracle,13,0.1352059333,0.03682961151,0.05121925387,0.03669511786,0.009840098401,0.0006218516608,2000,1600,0,122.4166569,0,649.469,2767.754,2229.390141,1387.734,6857.213,13048.531,1.105708064,1,1.610761951,2.855178222,1.105708064,2203.087076,351,503.1591738,2581.923,0.8177523222,0.2384953912,0.124972521,0.9633048821,140.0616778,0,0,140.0616246,5.321212124e-05,0,0,0,0,0.9993781483,1.055796936,0.9901599016,0.009840098401,813,184122.363,209,46,2906,628,117.2851911,0,587.906,2404.344,2242.617717,1538.79,6402.698,11565.637,1.079719922,1,1.463280075,2.399489306,479,129.1494238,0,744.612,3527.074,2068.940831,1117.168,6542.913,13717.918,1.134288343,1,1.975196884,3.740911133,328,101.4751311,0,649.469,2286.129,1934.543314,1203.588,5464.197,9946.803,1.129506199,1,1.636052786,2.948667283,165,164.0311152,0,528.907,4730.185,3230.954152,1974.263,11140.416,17584.985,1.07434328,1,1.701069316,2.166937585,787,111.929033,0,550.698,2869.222,2214.264512,1392.611,6532.699,12955.645,1.108437692,1,1.511166897,2.929136024,643,127.6063484,0,684.735,2540.76,2194.646098,1411.145,6857.213,12335.544,1.096876588,1,1.647469513,2.647446065,170,151.3389412,0,891.443,4444.035,2430.827141,1330.388,8768.102,20473.621,1.126475248,1,2.137553197,3.829658506
s2-80-lognormal,shortest_estimate+topology_aware+easy_oracle,14,0.1570381013,0.04338003997,0.05828177581,0.04428362319,0.01006289308,0.001029769257,2000,1600,0,169.3440525,0,739.023,2733.31,2159.56189,1087.588,7738.686,16035.065,1.168103732,1,1.897248299,4.72369654,1.168103732,2284.92532,378,659.7393995,2568.154,0.8026299948,0.2418797563,0.1418310985,0.9557163768,169.8276644,0,0,169.8275809,8.351515156e-05,0,0,0,0,0.9989702307,1.095025826,0.9899371069,0.01006289308,795,178937.446,175,47,2905,594,162.8119529,0,822.688,2483.411,1571.049455,678.749,5286.434,13283.947,1.218861065,1,2.298220637,5.577855224,514,175.024928,0,739.023,3832.568,2528.285498,1468.144,7956.244,14202.218,1.113088875,1,1.827873918,3.106023859,336,98.71634226,0,563.547,1928.646,1718.778815,939.606,6113.991,10886.357,1.163249443,1,1.751132253,5.482918766,156,327.6197436,0,1183.306,11545.713,4134.918077,1759.12,18190.113,31756.379,1.166557712,1,1.777769461,5.447466274,805,181.8820671,0,682.14,2733.31,2185.75496,1090.065,7509.533,16011.997,1.150097177,1,1.778534949,3.958753634,635,158.9504535,0,838.455,2145.552,2062.958745,1088.14,7755.366,16035.065,1.187301237,1,2.260181398,5.049575175,160,147.5117625,0,481.512,5137.081,2411.171738,1049.76,9355.447,25809.39,1.182509112,1,1.739716691,8.734262814
s2-80-lognormal,shortest_estimate+topology_aware+easy_oracle,15,0.3339534935,0.05748396546,0.1870076221,0.05623685902,0.03233830846,0.0008867385079,2000,1600,0,520.6229731,0,2371.289,8572.476,3616.575292,1758.423,12984.741,26873.917,1.251767647,1,2.514090715,4.94814306,1.251767647,2464.313148,357,2087.126378,8102.701,0.8679665355,0.392241651,0.1909583956,0.943763141,332.4455222,0,0,332.4454293,9.288888901e-05,0,0,0,0,0.9991132615,1.077976277,0.9676616915,0.03233830846,804,275609.582,261,80,3527,654,493.0695138,0,2371.289,7349.466,3086.734659,1544.734,11019.416,18833.033,1.214330984,1,2.454284449,4.491852169,498,780.0021546,0,3129.696,16803.25,4987.999273,2564.24,16300.602,41301.063,1.309019993,1,2.748334028,6.860712328,299,189.2264716,0,1027.275,4890.164,2162.630485,1059.081,7469.144,18554.695,1.253086505,1,2.414354188,8.747043785,149,439.6611208,0,3231.234,7279.741,4276.146624,2141.459,16538.15,28341.376,1.222086915,1,2.400996185,4.186648168,796,630.0804083,0,2866.842,14447.813,3985.242024,1817.358,14929.762,36910.023,1.23404736,1,2.509902168,4.94814306,652,435.5787868,0,2371.289,7230.432,3428.512794,1826.419,12049.253,23158.742,1.273112234,1,2.688870191,5.407624396,152,312.2064671,0,1599.542,7349.466,2492.614961,1340.032,8571.815,24933.047,1.253008948,1,2.774127142,4.491852169
s2-80-lognormal,shortest_estimate+topology_aware+easy_oracle,16,0.2659076122,0.06008243435,0.1185460167,0.05424088416,0.03233830846,0.0006999685515,2000,1600,0,523.2869869,0,1503.184,12797.563,2181.391476,870.645,7191.187,22005.056,1.286836792,1,2.627736085,6.155317571,1.286836792,2538.214733,364,2164.450368,11106.734,0.8882862234,0.3953749408,0.1853632814,0.9457591158,195.6425378,0,0,195.6424358,0.000101979798,0,0,0,0,0.9993000314,1.071410555,0.9676616915,0.03233830846,804,147571.992,307,88,3687,625,368.758624,0,1515.321,10695.258,1790.882853,712.723,6537.577,19544.164,1.28298068,1,2.514971126,5.471826321,493,635.7535071,0,1671.478,17103.025,2627.60887,964.935,8833.002,27546.588,1.307156186,1,2.780014136,7.121066667,322,662.0464845,0,1293.03,25778.791,2092.128351,822.239,6294.674,29372.177,1.296405809,1,2.870213939,6.031902678,160,501.12245,0,1221.598,16679.566,2511.550475,1290.951,7191.187,21156.318,1.220032956,1,2.49634131,4.725818629,796,644.2645791,0,2028.535,22222.38,2356.912862,856.43,8384.037,29372.177,1.29832765,1,2.780014136,6.155317571,633,444.2050395,0,1271.578,10695.258,2056.466801,908.225,7024.82,21156.318,1.295190677,1,2.627736085,6.566711715,171,252.8817778,0,1289.052,6276.935,1826.785018,823.422,5945.259,21780.603,1.202423158,1,2.28298757,4.35580202
s2-80-lognormal,shortest_estimate+topology_aware+easy_oracle,17,0.2338333215,0.04683294869,0.1167710409,0.04510746948,0.02442159383,0.0007002686294,2000,1600,0,472.3093469,0,1480.677,6889.017,3269.210419,1658.787,11209.629,25068.829,1.193181606,1,2.048263034,4.641827577,1.193181606,2338.002997,372,1913.004664,6699.675,0.8474867539,0.3112262703,0.1443984524,0.9548925305,250.6998667,0,0,250.6997705,9.620202023e-05,0,0,0,0,0.9992997314,1.065833662,0.9755784062,0.02442159383,778,249206.41,243,59,3319,628,503.2520382,0,1608.003,4941.909,3497.128097,1986.226,12043.396,20803.727,1.209481437,1,2.12295061,4.641827577,486,581.785679,0,2118.569,20289.783,3867.830846,2120.377,12457.653,37588.192,1.162931505,1,1.787964362,5.223371394,340,251.3566588,0,1302.643,5567.621,2119.773235,930.14,7288.095,21302.621,1.225101883,1,2.380790237,4.406212557,146,489.3395274,0,1326.313,13981.221,2972.955719,1832.059,10196.732,21929.071,1.149430654,1,1.863138455,3.678718429,822,403.6601667,0,1123.319,4944.5,3164.623367,1658.787,10542.572,20608.055,1.192793621,1,1.889447298,4.662935141,617,482.9888282,0,2298.655,13064.589,3345.910251,1689.859,12265.872,27272.09,1.18262073,1,2.288783545,3.871373298,161,781.8769627,0,1064.418,4309.865,3509.25241,1562.131,10812.492,26300.076,1.235634924,1,2.161014489,7.916869802
s2-80-lognormal,shortest_estimate+topology_aware+easy_oracle,18,0.09940349216,0.02987071819,0.03645699471,0.02221091136,0.007566204288,0.003298663612,2000,1600,0,111.8279269,0,462.281,2675.709,4081.345404,1614.77,16690.733,34132.782,1.122327223,1,1.306411182,3.49677101,1.122327223,2216.256294,356,483.8675337,2535.155,0.7177724268,0.1364081059,0.1008832017,0.9777890886,145.4806133,0,0,145.4805485,6.480808083e-05,0,0,0,0,0.9967013364,1.150830943,0.9924337957,0.007566204288,793,390125.266,105,24,2613,654,120.8732936,0,315.869,3232.658,6536.033606,2964.819,22692.146,46925.048,1.063775008,1,1.250000079,2.423637957,489,124.2324315,0,601.548,2684.326,2694.377143,1169.11,10667.916,17890.939,1.204513039,1,1.835752421,6.679093774,318,99.54573899,0,389.567,2234.736,1508.627431,1010.091,5039.868,7577.023,1.149446474,1,1.487992611,4.884252979,139,53.72910072,0,201.262,2147.753,3297.069942,1440.434,15008.808,17876.58,1.04664638,1,1.135683151,2.521247684,807,92.69813259,0,483.041,2234.736,3676.740437,1551.131,15980.853,26148.571,1.127513789,1,1.36718716,4.186748421,633,143.7800142,0,475.325,4389.919,4667.029902,1680.007,19943.177,38563.639,1.117372372,1,1.339175652,3.125770333,160,81.90338125,0,84.634,2807.544,3804.957406,1693.027,12140.43,46925.048,1.115770114,1,1.084112667,2.779761481
s2-80-lognormal,shortest_estimate+topology_aware+easy_oracle,19,0.06770876849,0.02858093016,0.01769928533,0.01681182215,0.002406738869,0.002209991974,2000,1600,0,53.71958812,0,224.43,1187.005,2634.212251,1110.064,8869.909,24248.916,1.107488026,1,1.250001641,3.37706313,1.107488026,2201.300728,338,224.7146124,1187.005,0.7231708537,0.1290128005,0.08213864814,0.9831881779,78.01050667,0,0,78.01047325,3.341414143e-05,0,0,0,0,0.997790008,1.137327604,0.9975932611,0.002406738869,831,268118.137,120,21,2597,656,53.62958079,0,183.773,1151.533,3785.533198,1621.176,13497.279,42543.581,1.049952877,1,1.238417717,2.675789892,468,53.8428312,0,317.587,1187.549,1685.038143,672.762,6975.626,15676.654,1.13312915,1,1.451418644,4.247004927,316,52.23889241,0,295.292,1102.948,2131.154665,1027.163,7236.443,17476.555,1.194140391,1,1.250000301,4.471793083,160,56.65250625,0,433.455,1367.45,1683.669362,834.545,5639.816,13615.689,1.097243427,1,1.231830673,3.84008858,769,58.29262159,0,216.178,1367.45,2572.609326,1204.353,8217.18,22485.277,1.0888925,1,1.25,3.068219658,662,52.36479909,0,233.861,1187.005,2698.709367,1075.605,10028.385,28158.885,1.127423641,1,1.260908384,3.428522117,169,38.21785799,0,164.091,990.247,2661.878272,1074.442,10955.622,27094.338,1.114012179,1,1.339505499,4.856691804
s2-80-lognormal,shortest_estimate+topology_aware+easy_oracle,20,0.1961237854,0.0457265659,0.094972679,0.03417780283,0.0199252802,0.001321457477,2000,1600,0,311.0374738,0,1204.27,6525.711,3407.054214,1588.85,12949.863,26503.318,1.178479893,1,1.999874815,4.749826743,1.178479893,2287.422923,353,1296.008331,5831.461,0.798673434,0.258614367,0.1153721506,0.9658221972,186.2481133,0,0,186.2480307,8.266666671e-05,0,0,0,0,0.9986785425,1.091946126,0.9800747198,0.0199252802,803,268593.303,187,39,2903,645,439.2111736,0,1634.159,11212.436,5567.405693,2990.615,18533.857,43537.3,1.145763439,1,1.886620956,4.334251376,467,188.7686552,0,1041.023,4312.126,1505.897471,953.843,4844.393,10078.228,1.241296576,1,2.027050221,5.332153962,310,312.2340742,0,1483.375,7688.325,2739.952977,1686.098,8552.81,17210.432,1.136774559,1,2.183929392,3.514852668,178,165.2877865,0,666.041,5392.848,1728.486118,730.759,6673.197,15691.291,1.204858407,1,1.828136205,9.889646049,797,377.6987553,0,1525.624,7688.325,3426.196243,1531.16,13087.27,23600.304,1.180065416,1,2.044122814,4.418460382,621,218.0964203,0,854.598,3454.707,3520.686011,1640.147,13028.992,33863.018,1.152913256,1,1.649714217,5.112406511,182,336.2427088,0,1469.676,12343.826,2935.507275,1622.883,9003.985,26503.318,1.258772315,1,2.515250432,9.564499529
s2-80-lognormal,shortest_estimate+topology_aware+easy_predicted,1,0.1111007253,0.03372436354,0.0450053008,0.02081433282,0.008620689655,0.002936038481,2000,1600,0,99.78468562,0,570.675,2538.169,3283.252381,1336.641,9774.308,46326.346,1.148967095,1,1.474952338,4.709530592,1.148967095,2250.2413,370,390.7938378,2429.657,0.7246248849,0.1142772702,0.09825901126,0.9791856672,119.1173422,0,0,119.1172827,5.955555558e-05,0,0,0,0,0.9970639615,1.155494744,0.9913793103,0.008620689655,812,331001.651,109,95,2549,647,129.095898,0,728.764,3311.718,2427.758611,1607.846,7877.583,15033.631,1.224426627,1,1.513023991,5.311538135,468,75.04617308,0,235.315,2105.795,1673.915335,941.173,6023.898,9235.755,1.104464241,1,1.436297249,3.427053713,333,69.35513814,0,272.408,1547.246,7320.517387,1338.878,46326.346,86400,1.05965573,1,1.25,2.064961978,152,117.8525066,0,959.628,2126.158,3034.995533,1926.776,10223.501,15590.314,1.160451986,1,1.812902979,6.265966165,788,76.2029835,0,313.592,2544.435,3246.726006,1392.877,9411.102,48633.587,1.150742331,1,1.250002116,4.046289464,648,127.2029506,0,926.465,2930.026,3236.371392,1288.563,10889.747,44785.025,1.146463287,1,1.609419324,5.209866667,164,104.7563049,0,663.898,2116.95,3643.994232,1323.259,9059.982,67156.945,1.150330397,1,1.77674717,3.228684372
s2-80-lognormal,shortest_estimate+topology_aware+easy_predicted,2,0.1494570468,0.03355855827,0.0507222575,0.05429119949,0.007702182285,0.003182849244,2000,1600,0,158.7883319,0,643.167,3432.158,3408.457808,1601.846,13150.249,25484.217,1.10003197,1,1.46770076,3.038109421,1.10003197,2204.616393,332,710.1386928,3432.158,0.7609312412,0.208303039,0.118436475,0.9457088005,335.5765467,0,0,335.5764606,8.610101013e-05,0,0,0,0,0.9968171508,1.15029024,0.9922978177,0.007702182285,779,300816.149,140,122,2901,636,204.7246965,0,474.489,3667.191,4811.057838,2109.248,18504.467,33047.421,1.075080864,1,1.554266875,2.57079852,502,118.0748307,0,732.609,2730.255,2637.312363,1555.688,8439.492,16452.599,1.077461231,1,1.454813396,2.681645624,311,143.095254,0,635.393,3332.529,1903.188003,1164.749,6393.507,9216.087,1.210601468,1,1.897532735,6.638030997,151,132.9816887,0,793.294,5287.099,3164.751212,1660.237,10455.572,23145.756,1.052431313,1,1.354810465,2.366622228,821,173.7148819,0,671.857,3332.529,3545.134529,1624.936,13267.089,25484.217,1.093359736,1,1.377576674,2.938721179,635,142.2118346,0,653.143,3432.158,3286.252628,1628.413,12271.414,24380.604,1.121275492,1,1.607773909,3.683430916,144,146.7840139,0,324.384,5494.455,3168.101569,1473.479,13775.162,27939.411,1.044394943,1,1.340840101,2.075436251
s2-80-lognormal,shortest_estimate+topology_aware+easy_predicted,3,0.2329058156,0.05633670915,0.1132803945,0.03413896854,0.02587322122,0.003276522187,2000,1600,0,379.0767356,0,1436.415,7903.712,2994.318826,1362.202,10885.264,25833.349,1.26543814,1,2.463914872,5.775081189,1.26543814,2470.078767,377,1521.256851,6780.914,0.8277520869,0.3888395552,0.1725568972,0.9658610315,158.9249578,0,0,158.924869,8.876767679e-05,0,0,0,0,0.9967234778,1.166844394,0.9741267788,0.02587322122,773,209450.357,251,223,3315,639,486.5649515,0,1909.005,9726.099,4270.095756,1966.489,16086.451,31195.015,1.2128022,1,2.282191197,4.80309179,481,236.8936154,0,982.262,5767.383,1872.34052,1013.637,5932.493,11760.382,1.28300128,1,2.532185949,6.909449603,318,345.2439906,0,1969.194,6718.528,2567.486277,1379.616,9659.992,16548.693,1.268371913,1,2.674220715,4.960694632,162,443.668858,0,1454.889,7971.341,2131.250043,1041.34,6845.815,13790.85,1.415151448,1,4.014668307,7.555849675,827,368.5911886,0,1504.818,7047.167,3049.714349,1351.576,10704.769,24780.654,1.287250393,1,2.52248984,6.706012807,629,428.1984324,0,1384.397,9251.502,2865.081706,1362.202,10885.264,21021,1.258345029,1,2.479428781,5.279356548,144,224.7295139,0,1191.065,4504.482,3240.694174,1402.609,13282.233,30617.045,1.171152267,1,1.992169301,4.351277591
s2-80-lognormal,shortest_estimate+topology_aware+easy_predicted,4,0.1400370828,0.03785104712,0.04919924988,0.03358629314,0.01589403974,0.00350645293,2000,1600,0,143.4080225,0,623.855,3848.742,2741.165053,1548.961,9143.457,16111.653,1.138263386,1,1.655434961,3.979315426,1.138263386,2271.730051,354,599.3926469,3782.087,0.80744287,0.2803922754,0.143132137,0.9664137069,159.7000889,0,0,159.7000134,7.551515154e-05,0,0,0,0,0.9964935471,1.160391285,0.9841059603,0.01589403974,755,223893.334,177,163,3023,615,100.0695854,0,488.167,2165.309,2077.885795,987.326,8110.594,13045.387,1.190844672,1,1.930950965,5.239541457,495,210.0230364,0,776.601,6114.6,3847.835717,2375.247,12674.319,25263.114,1.066158721,1,1.471397871,2.564756038,334,121.6813952,0,766.656,2243.739,2449.855889,1570.89,7739.013,12123.073,1.102114422,1,1.57895934,3.686411704,156,149.4041795,0,1128.955,4339.267,2468.165212,1716.279,7447.028,10368.405,1.237161288,1,1.944853988,7.950221929,845,143.892703,0,581.539,3782.087,2863.807925,1583.194,9760.051,16111.653,1.145766811,1,1.67435379,3.979315426,608,110.9946941,0,432.232,2929.363,2582.35147,1518.102,8429.442,14593.118,1.115274573,1,1.461727822,3.634605869,147,274.6852245,0,1178.107,6039.069,2693.038728,1426.084,10702.024,17045.224,1.190214442,1,1.971929444,5.759109272
s2-80-lognormal,shortest_estimate+topology_aware+easy_predicted,5,0.09237725361,0.02858089264,0.02125594028,0.03398957147,0.007957559682,0.0005932895449,2000,1600,0,64.2122575,0,269.529,1387.496,2243.100671,1502.588,6622.083,12165.169,1.051624792,1,1.25,2.450353924,1.051624792,2107.71247,334,278.1246497,1387.496,0.7368959656,0.1559980819,0.09579711589,0.9660104285,126.8824,0,0,126.8823419,5.814141417e-05,0,0,0,0,0.9994067105,1.063854022,0.9920424403,0.007957559682,754,209107.581,105,90,2673,639,89.32980595,0,474.336,2004.181,2217.490793,1417.714,6405.251,14477.878,1.077064187,1,1.401808804,3.048624551,486,65.72075514,0,240.245,1626.814,1882.898597,1267.847,5380.506,10403.328,1.050272232,1,1.250000094,2.386057791,322,31.83574224,0,79.847,654.823,2789.181935,2201.813,7511.958,11427.432,1.021812124,1,1.094564808,1.426165008,153,22.65666667,0,21.955,756.485,2344.961804,1478.383,6880.407,14317.204,1.012417272,1,1.103461569,1.26538736,846,56.33485697,0,345.873,1626.814,2274.786779,1478.383,6827.049,12341.63,1.047740148,1,1.250000026,2.469699714,602,80.81682724,0,258.588,1072.587,2179.171583,1512.628,6268.402,10320.352,1.061794224,1,1.25,2.512475207,152,42.293375,0,122.739,1095.687,2319.935303,1507.125,6880.407,14738.915,1.032969596,1,1.250001084,1.728273518
s2-80-lognormal,shortest_estimate+topology_aware+easy_predicted,6,0.265241716,0.06368554346,0.1192615432,0.05136730743,0.02722772277,0.003699599166,2000,1600,0,424.6064456,0,1512.257,9302.443,2356.554489,1243.252,8022.838,17993.733,1.314490501,1,2.78531991,6.254066667,1.314490501,2603.476011,388,1679.231572,7358.68,0.8656409238,0.4210029945,0.1914736245,0.9486326926,184.1129222,0,0,184.1128141,0.0001080808081,0,0,0,0,0.9963004008,1.158120743,0.9727722772,0.02722772277,808,173455.604,271,241,3642,647,397.7118068,0,1670.867,7358.68,2472.241515,1314.718,8425.128,17993.733,1.314984234,1,2.651585194,6.603374508,472,377.3926504,0,1168.45,6747.63,2173.497398,1220.122,7490.461,16352.044,1.284425766,1,2.62100661,6.129327885,318,253.4953711,0,1363.29,4353.196,1511.211522,1042.139,4623.443,6922.898,1.275009072,1,2.550681195,6.15459787,163,1001.901319,0,6416.326,20344.936,4076.631209,1435.529,17809.455,34758.768,1.476614454,1,3.687661788,8.975280996,792,358.6972437,0,1456.024,11358.423,2375.269196,1281.12,7801.199,25531.466,1.295933572,1,2.737115924,6.15459787,644,435.9466832,0,1631.883,9060.153,2249.276314,1201.086,8267.549,14529.29,1.344580772,1,2.931818799,7.802323504,164,698.3684878,0,1622.174,35755.979,2687.439232,1243.408,8425.128,39212.406,1.285947531,1,2.33192273,7.335173588
s2-80-lognormal,shortest_estimate+topology_aware+easy_predicted,7,0.1136443504,0.0349395969,0.04820068307,0.01618760478,0.01364764268,0.0006688230161,2000,1600,0,175.5000381,0,611.193,4553.314,3973.725074,1464.974,14821.059,41541.625,1.130211241,1,1.528101192,3.894041609,1.130211241,2212.292227,369,740.7042954,4215.818,0.7578289899,0.2164004316,0.1058993468,0.9838123952,110.291,0,0,110.2909314,6.856565658e-05,0,0,0,0,0.999331177,1.070338474,0.9863523573,0.01364764268,806,387786.479,135,126,2709,632,135.9559478,0,523.555,3340.649,3459.651348,1396.759,13131.599,31856.608,1.088170871,1,1.52670702,3.579762204,504,197.4627242,0,777.007,4704.486,5823.537157,1853.335,30328.039,68088.711,1.16471115,1,1.61510184,5.6049317,308,191.3959838,0,443.325,3624.974,2673.518123,1014.077,9640.233,24778.908,1.153677752,1,1.473198818,3.029092177,156,233.3636282,0,1721.569,6149.405,2647.142032,1504.557,9333.713,20337.381,1.142736073,1,1.869223859,4.824578513,794,144.5211562,0,471.731,3408.569,4090.99752,1504.557,13620.597,46953.934,1.10975623,1,1.311126542,4.261453931,644,171.0274193,0,654.329,4704.486,3877.161439,1443.526,15404.159,41541.625,1.154330538,1,1.620788383,3.606473839,162,345.1148457,0,920.115,11160.448,3782.815556,1429.994,13584.034,31056.527,1.134584397,1,1.839892651,4.105942125
s2-80-lognormal,shortest_estimate+topology_aware+easy_predicted,8,0.09881537159,0.0346104347,0.02683015445,0.02920110051,0.0075,0.0006736819335,2000,1600,0,64.2806925,0,340.211,1495.253,1587.945419,753.107,5504.738,12279.26,1.095453136,1,1.513705115,3.008416789,1.095453136,2162.91479,390,221.7562615,1177.445,0.7419129686,0.1793600004,0.09903342061,0.9707988995,77.51552667,0,0,77.51545624,7.042424244e-05,0,0,0,0,0.9993263181,1.073064068,0.9925,0.0075,800,143420.605,155,133,2672,674,73.73644807,0,380.269,2227.627,1275.049711,627.224,4980.904,8645.999,1.129590741,1,1.56368151,3.963266959,490,40.55745918,0,248.664,1295.73,1411.762004,670.362,4270.192,12710.929,1.052677817,1,1.308078538,2.471926759,303,75.71863696,0,419.77,1230.636,2295.208683,1128.991,7791.48,13651.835,1.097146378,1,1.597531034,2.699107575,133,77.70556391,0,342.168,2847.693,2211.410173,1183.434,9994.052,14700.107,1.07619079,1,1.682415832,1.938936011,800,56.69039625,0,301.301,1177.445,1605.442198,718.767,5517.692,12823.07,1.092956057,1,1.47242623,3.008416789,629,70.40015739,0,380.269,1713.737,1587.880607,807.052,5439.346,11139.827,1.098102224,1,1.527141528,2.859595313,171,77.28123977,0,531.264,1645.292,1506.32755,766.23,5628.353,9075.765,1.097391069,1,1.613298943,3.066439805
s2-80-lognormal,shortest_estimate+topology_aware+easy_predicted,9,0.1260859325,0.0390429649,0.04962337659,0.02799603894,0.008816120907,0.0006074311972,2000,1600,0,162.7292912,0,629.233,2850.738,2581.035336,1251.246,8506.528,18206.49,1.13768365,1,1.707564097,3.500331728,1.13768365,2311.809313,346,717.2016185,2766.873,0.7784577288,0.2071857375,0.1200126309,0.9720039611,125.8883067,0,0,125.8882327,7.393939396e-05,0,0,0,0,0.9993925688,1.063255896,0.9911838791,0.008816120907,794,220944.313,168,147,3079,645,126.4704357,0,565.686,2611.738,2529.548377,1309.708,7908.177,16787.21,1.126843077,1,1.67795518,3.698376463,474,189.0623165,0,652.269,4784.196,2571.094122,1179.486,9126.737,18206.49,1.144716601,1,1.706239381,3.344959648,330,220.1713212,0,623.361,3212.091,2967.025658,1492.796,10337.73,21931.596,1.122989591,1,1.573856068,3.458988016,151,109.4129868,0,1017.44,2156.523,1988.614265,951.29,8173.897,13637.962,1.194025304,1,2.009419177,3.693,806,196.8351998,0,735.279,3212.091,2680.910674,1247.9,9064.825,20758.263,1.152525041,1,1.812239576,3.500331728,627,144.1770064,0,497.599,2634.38,2575.648435,1335.804,8173.897,17808.118,1.141998096,1,1.707564097,3.698376463,167,67.77671856,0,322.477,1860.982,2119.227341,1106.064,7283.418,16394.706,1.049855395,1,1.342323524,2.092563316
s2-80-lognormal,shortest_estimate+topology_aware+easy_predicted,10,0.4903931398,0.07309526649,0.3070193127,0.05427773291,0.05591677503,8.405266355e-05,2000,1600,0,945.4626525,0,3893.058,22487.417,3804.233029,1573.323,14390.628,33452.757,1.376687549,1,3.196858974,7.288917551,1.376687549,2733.167099,352,4061.237,22234.201,0.8966007584,0.4844664061,0.2111226133,0.9457222671,339.8879022,0,0,339.8878037,9.854545455e-05,0,0,0,0,0.9999159473,1.025745387,0.944083225,0.05591677503,769,281945.11,285,254,3888,626,805.1752843,0,4231.304,22487.417,3585.439286,1692.059,12880.852,28243.781,1.37406847,1,3.123546716,6.279322258,484,1409.796017,0,6001.871,47178.426,5243.25313,1541.5,19705.744,65205.341,1.372038746,1,3.61711036,6.917578872,343,720.9452915,0,3327.94,19892.88,2963.849163,1634.352,7965.143,25346.187,1.395130432,1,3.012681116,8.546583907,147,537.9252313,0,1654.978,16922.789,1958.864456,1198.632,4249.761,22212.784,1.360113777,1,3.196858974,8.631196032,831,994.913929,0,3596.926,23296.015,3768.224779,1573.323,14397.018,37487.834,1.364090558,1,3.129886865,7.288917551,627,979.2020781,0,4785.942,20712.578,3935.606635,1549.54,14948.989,33676.218,1.413601754,1,3.358886674,8.546583907,142,507.0920141,0,2199.02,10065.358,3434.878134,1723.66,13025.342,23529.616,1.287412151,1,2.60727022,6.629427085
s2-80-lognormal,shortest_estimate+topology_aware+easy_predicted,11,0.1612973138,0.03832317041,0.07409930448,0.03064141127,0.01726263872,0.0009707889147,2000,1600,0,249.5100206,0,939.592,5620.729,3046.660554,1505.492,10728.323,25425.573,1.132622821,1,1.676083516,4.434211014,1.132622821,2223.030197,333,1155.048351,5620.729,0.7951225091,0.2998318921,0.1414236431,0.9693585887,143.0020778,0,0,143.0019897,8.812121215e-05,0,0,0,0,0.9990292111,1.076535448,0.9827373613,0.01726263872,811,257446.25,187,158,3059,640,333.7120406,0,1368.327,6762.111,3621.841223,1690.449,13158.767,30974.656,1.159801687,1,1.779677403,4.434211014,470,205.7848426,0,934.01,5567.795,2348.158806,1426.098,7714.129,13387.695,1.100154505,1,1.687408271,2.948766217,327,140.761526,0,722.23,3051.53,2679.367324,1301.786,10081.605,26307.827,1.153649353,1,1.391695338,5.113377036,163,263.1437546,0,975.608,9723.917,3539.207055,1821.899,12987.225,25425.573,1.077346491,1,1.34541917,2.321447049,789,293.2522915,0,1153.228,5829.22,3183.174262,1572.352,10987.488,26817.081,1.15032565,1,1.786640072,4.53341343,653,193.2588162,0,722.23,4691.902,2711.580858,1429.827,9754.588,20076.645,1.117492594,1,1.535242313,4.444741311,158,263.5567595,0,1103.295,5436.404,3749.810722,1901.144,14633.466,26927.345,1.106752609,1,1.473777089,4.434211014
s2-80-lognormal,shortest_estimate+topology_aware+easy_predicted,12,0.08311186679,0.02931100625,0.02440637048,0.02432404269,0.003645200486,0.00142524689,2000,1600,0,92.56101938,0,309.477,2795.606,2599.628229,1358.983,9094.983,18503.24,1.101914103,1,1.281931893,3.422430119,1.101914103,2209.829419,349,399.6430458,2489.515,0.7263508199,0.1393464283,0.1103977427,0.9756759573,97.84167111,0,0,97.84159345,7.765656566e-05,0,0,0,0,0.9985747531,1.093746591,0.9963547995,0.003645200486,823,232305.539,120,110,2785,597,96.73432328,0,265.397,3770.836,1575.692302,926.865,5633.496,10973.209,1.122622259,1,1.379832613,4.337261911,519,88.78767052,0,458.332,2128.449,3796.81048,1771.771,14595.098,23590.014,1.132608799,1,1.369432437,3.574496277,324,100.9215741,0,125.48,4063.162,2888.70704,1958.57,8506.997,14396.3,1.035531272,1,1.136806678,2.02628796,160,72.29905625,0,306.642,2795.606,1951.444644,1303.539,5588.553,12484.475,1.059506114,1,1.317039024,2.095091887,777,114.1658095,0,341.71,4063.162,2603.090929,1410.621,10458.667,20139.327,1.121353484,1,1.369432437,4.033843128,660,76.80752727,0,288.312,2930.779,2566.797994,1404.983,8757.637,16639.112,1.068621814,1,1.211385996,3.087298759,163,53.36091411,0,149.947,1008.852,2716.054227,1184.832,8695.297,28509.755,1.144052215,1,1.250000408,6.961213946
s2-80-lognormal,shortest_estimate+topology_aware+easy_predicted,13,0.1264005892,0.03555877254,0.04790021398,0.03253644165,0.009840098401,0.0005650626266,2000,1600,0,132.3038213,0,607.383,2710.095,2237.550526,1387.734,6870.567,13613.706,1.125246614,1,1.555181157,3.680790464,1.125246614,2233.53361,351,550.0213761,2659.44,0.8119049596,0.2352329809,0.1324058448,0.9674635584,123.6545889,0,0,123.6545409,4.795959599e-05,0,0,0,0,0.9994349374,1.069411879,0.9901599016,0.009840098401,813,184122.363,177,166,2885,628,126.0703694,0,681.917,2597.745,2248.182803,1544.329,6844.333,11565.637,1.094024428,1,1.461101025,2.659102383,479,158.6428038,0,700.929,3950.973,2101.089781,1112.597,6820.518,14707.371,1.134255711,1,2.005754869,3.918228158,328,113.8034573,0,539.533,1985.452,1944.637232,1185.12,5464.197,14374.889,1.169962719,1,1.500285075,3.746929125,165,116.3423333,0,513.08,3799.118,3175.509242,1974.263,11140.416,17584.985,1.129036273,1,1.606566787,5.721992485,787,129.664413,0,507.38,2710.095,2231.8644,1389.982,6833.191,13717.918,1.133726417,1,1.498752635,3.785945575,643,127.5620264,0,708.12,2871.162,2195.603271,1411.145,6857.213,11565.637,1.10926285,1,1.610272324,3.538271621,170,162.4578706,0,718.903,2965.287,2422.533271,1330.388,8923.664,18485.996,1.146446352,1,1.738498988,4.36926623
s2-80-lognormal,shortest_estimate+topology_aware+easy_predicted,14,0.142894992,0.04047369042,0.04879357719,0.04179042055,0.01006289308,0.00177441074,2000,1600,0,153.5731144,0,618.711,3395.187,2141.827667,1076.336,7755.366,16011.997,1.164414631,1,1.770137611,4.687250339,1.164414631,2277.548818,378,623.4247751,3246.479,0.8019422479,0.2330893842,0.1371158482,0.9582095794,159.8492311,0,0,159.8491444,8.670707075e-05,0,0,0,0,0.9982255893,1.125618607,0.9899371069,0.01006289308,795,178937.446,160,141,2907,594,147.6367912,0,580.755,3601.107,1556.473318,675.656,5642.506,12306.782,1.228569927,1,1.986652184,6.600650812,514,157.7362471,0,715.548,3534.164,2511.551138,1465.555,8046.818,13555.954,1.091461993,1,1.719592925,2.793848766,336,81.80440774,0,532.49,1546.61,1696.111762,939.606,5728.358,10684.585,1.168967861,1,1.465088748,4.687250339,156,317.0385705,0,835.737,12556.619,4112.488968,1611.775,18517.874,31756.379,1.150693635,1,1.629275962,6.865271217,805,165.5849888,0,633.875,3474.945,2167.957096,1094.541,7379.112,16734.557,1.157703535,1,1.719592925,4.723942565,635,134.9270457,0,614.8,3042.673,2036.113956,1083.259,7755.366,15461.498,1.180833926,1,1.772491106,4.687250339,160,167.1399563,0,440.154,6150.265,2429.915269,1005.405,9693.305,25809.39,1.133015752,1,1.883751094,4.025258861
s2-80-lognormal,shortest_estimate+topology_aware+easy_predicted,15,0.4362575385,0.06876033582,0.2696866991,0.05341206875,0.03855721393,0.005841220981,2000,1600,0,795.2446706,0,3419.674,19170.035,3893.358454,1835.154,14812.188,33670.675,1.462393218,1,3.007268557,9.741440475,1.462393218,2788.651134,357,3454.308087,18577.531,0.865268984,0.4872359253,0.2128696338,0.9465879312,314.8044622,0,0,314.8043691,9.313131323e-05,0,0,0,0,0.994158779,1.201303198,0.9614427861,0.03855721393,804,275230.745,235,214,3698,654,712.0073058,0,3485.971,19266.703,3294.229451,1656.195,12608.829,21470.768,1.36009502,1,3.021064264,9.741440475,498,1158.628484,0,5740.313,27364.475,5385.896878,2667.044,17031.161,46491.716,1.633886496,1,3.217860805,14.55783783,299,430.4329532,0,1918.719,11414.314,2408.521619,1022.381,8938.753,23798.264,1.450262523,1,2.999619111,14.06573088,149,678.135953,0,3971.69,14662.706,4514.247362,2141.459,18775.461,28341.376,1.362570715,1,2.893977616,6.434532643,796,934.7344648,0,5345.342,22629.354,4291.045531,1923.944,16195.322,36910.023,1.421974975,1,3.423314038,8.927600217,652,650.6893344,0,2774.131,17008.101,3647.431137,1848.751,12926.85,24009.502,1.515422739,1,2.636073918,11.20075172,152,684.8249539,0,2215.126,18514.578,2865.632783,1392.683,8645.071,42307.886,1.446588441,1,2.44097802,14.55783783
s2-80-lognormal,shortest_estimate+topology_aware+easy_predicted,16,0.3009326936,0.06396919965,0.1483106737,0.05467329501,0.02736318408,0.006616341207,2000,1600,0,614.2638406,0,1880.605,17555.915,2272.195884,883.05,7777.464,26318.79,1.366919195,1,2.797725759,7.938979913,1.366919195,2694.583365,364,2636.051876,13109.259,0.8839020257,0.4847764138,0.2017591553,0.945326705,197.2924133,0,0,197.2923163,9.701010103e-05,0,0,0,0,0.9933836588,1.228620443,0.9726368159,0.02736318408,804,148570.833,274,251,3718,625,415.7554272,0,1880.605,12104.422,1840.655525,712.698,6893.996,18865.464,1.376729486,1,2.94006496,7.938979913,493,757.9539513,0,2190.878,23548.763,2748.078217,972.094,9976.539,31597.072,1.331664932,1,3.155379245,6.74185,322,469.6521739,0,1215.582,11774.368,1897.676202,828.619,6294.674,17338.109,1.292191974,1,2.204239123,7.629913953,160,1237.973156,0,3660.741,27056.682,3245.308837,1295.034,8593.351,45307.354,1.587613475,1,2.783846526,17.16204133,796,708.3033455,0,2190.878,22220.3,2418.122362,871.236,9728.947,28949.374,1.386177047,1,3.181299528,7.938979913,633,583.6723633,0,1816.058,13109.259,2197.430148,925.06,7037.662,26318.79,1.346279901,1,2.615843027,8.515320425,171,289.7548304,0,1376.219,7761.029,1869.676789,813.801,6712.33,14862.139,1.353676055,1,2.543388816,9.098669166
s2-80-lognormal,shortest_estimate+topology_aware+easy_predicted,17,0.2411365163,0.04708034455,0.1163273561,0.04724471801,0.02570694087,0.004777156813,2000,1600,0,465.1522537,0,1475.051,9140.637,3264.179577,1657.534,11602.581,25068.829,1.240960516,1,2.059083018,6.756534615,1.240960516,2428.579221,372,1903.729204,8818.277,0.8428068653,0.2939830031,0.1512903518,0.952755282,263.1673644,0,0,263.1672718,9.264646467e-05,0,0,0,0,0.9952228432,1.193294517,0.9742930591,0.02570694087,778,247511.644,217,201,3339,628,502.2578933,0,1571.065,12090.429,3495.452742,2059.027,12612.664,21203.51,1.270897615,1,2.189390514,7.829923195,486,486.2365144,0,1941.336,8985.57,3773.086747,2121.348,12018.418,26457.734,1.169097446,1,1.724924529,3.936345706,340,389.9477471,0,1373.728,8628.69,2257.623041,934.008,8340.615,25068.829,1.339312853,1,2.6320177,9.280858401,146,410.496363,0,749.817,22341.249,2919.390466,1832.059,9766.367,28464.581,1.122365714,1,1.609912451,4.499715017,822,438.1982859,0,1266.509,6647.905,3197.590165,1703.747,10630.996,19778.328,1.244113451,1,2.013881609,6.226558323,617,521.7019028,0,2371.678,11251.252,3390.977814,1719.953,12457.653,27041.262,1.230844694,1,2.189390514,5.810681277,161,386.0530497,0,593.071,14845.995,3118.229168,1516.343,11209.629,26300.076,1.263629763,1,2.331226096,7.010968771
s2-80-lognormal,shortest_estimate+topology_aware+easy_predicted,18,0.07865231116,0.02914112962,0.02877855058,0.01395127335,0.005044136192,0.001737221428,2000,1600,0,99.96312438,0,364.917,2573.762,4063.657376,1611.177,16690.733,34132.782,1.103111079,1,1.274502251,3.382076911,1.103111079,2186.179478,356,417.2350084,2560.201,0.7123433083,0.1191870974,0.09290544614,0.9860487266,90.61485556,0,0,90.61480606,4.94949495e-05,0,0,0,0,0.9982627786,1.1141886,0.9949558638,0.005044136192,793,390125.266,102,89,2602,654,108.8342737,0,383.856,2415.107,6510.589439,2971.292,22692.146,46925.048,1.057932414,1,1.250000364,2.319670286,489,110.1054724,0,497.56,2684.326,2678.848914,1179.06,10667.916,16724.143,1.178736235,1,1.45235318,6.679093774,318,75.9851478,0,287.975,2234.736,1485.973915,995.529,4959.932,7577.023,1.089658396,1,1.378278354,3.382076911,139,77.3995036,0,163,2585.399,3319.636576,1537.957,15008.808,17876.58,1.080406761,1,1.222604687,4.176026359,807,89.21159108,0,590.771,2370.416,3670.393083,1548.529,15435.167,26148.571,1.135512755,1,1.436510954,5.840306664,633,126.2889984,0,338.517,2654.756,4641.107381,1673.95,19657.349,38563.639,1.074097982,1,1.273810064,2.888305867,160,50.03943125,0,79.223,940.171,3762.647569,1693.027,11371.559,46925.048,1.054468193,1,1.134043085,1.93475539
s2-80-lognormal,shortest_estimate+topology_aware+easy_predicted,19,0.07215797222,0.02992794868,0.02145167893,0.01679318541,0.002406738869,0.001578420322,2000,1600,0,61.50124687,0,272.011,1188.695,2642.188294,1107.644,8985.187,24248.916,1.123248877,1,1.308914187,3.84008858,1.123248877,2220.106059,338,262.4430207,1188.695,0.7231569885,0.1281722912,0.08528396728,0.9832068146,77.92255111,0,0,77.92250869,4.242424244e-05,0,0,0,0,0.9984215797,1.094819424,0.9975932611,0.002406738869,831,280470.095,100,93,2610,656,75.23174848,0,277.996,1827.207,3805.467732,1627.538,13386.771,42543.581,1.082710561,1,1.250001641,3.068219658,468,61.07360684,0,249.075,1369.298,1694.08891,646.646,7042.073,15676.654,1.154910544,1,1.330784178,4.545882775,316,35.59538291,0,211.89,990.54,2114.58818,1027.151,7236.443,17476.555,1.182409235,1,1.366832337,4.138905206,160,57.62111875,0,433.455,1188.695,1687.943525,865.612,5601.165,13615.689,1.080003889,1,1.273369875,3.84008858,769,65.00708713,0,277.996,1373.83,2579.60819,1201.259,8217.18,22485.277,1.127880261,1,1.314410733,4.028489639,662,59.51426284,0,267.91,1187.549,2705.998278,1075.605,10028.385,28158.885,1.133605442,1,1.309095467,3.84008858,169,53.33197041,0,271.02,990.247,2676.992385,1074.442,10797.107,27094.338,1.061606388,1,1.270850466,2.569506236
s2-80-lognormal,shortest_estimate+topology_aware+easy_predicted,20,0.2190142187,0.04231385912,0.1139377988,0.03737256283,0.02117061021,0.004219387758,2000,1600,0,338.8239688,0,1444.751,6338.824,3436.255761,1596.202,12676.894,28467.479,1.201269048,1,1.850618333,5.199509051,1.201269048,2338.920504,353,1398.605799,6150.284,0.7999796671,0.2306226709,0.1154694364,0.9626274372,204.3334978,0,0,204.3334079,8.989898994e-05,0,0,0,0,0.9957806122,1.171564921,0.9788293898,0.02117061021,803,269084.696,204,182,3002,645,441.0959442,0,2261.774,6338.824,5577.326312,3062.898,18533.857,42774.535,1.17141572,1,1.931334953,4.208860883,467,231.3148244,0,1132.741,4647.24,1543.623009,946.773,4922.661,10078.228,1.318100091,1,2.584038764,7.859575192,310,340.7687258,0,1040.588,8002.036,2766.907484,1665.576,8260.604,14417.313,1.12507644,1,1.4472677,5.098128227,178,246.9052697,0,369.124,9886.267,1809.103831,708.05,6673.197,17843.443,1.135623027,1,1.361603727,5.499458499,797,374.2571092,0,1352.08,9886.267,3424.100763,1530.521,12716.498,39048.435,1.204820788,1,1.850618333,5.098128227,621,275.7725395,0,1221.995,4798.102,3580.745799,1674.47,13028.992,37589.747,1.180025418,1,1.729248186,5.364974944,182,398.7949835,0,2002.149,12071.134,2996.471258,1605.672,9003.985,26503.318,1.258200684,1,2.379763508,7.92489197
s2-80-lognormal,shortest_estimate+topology_aware+none,1,0.2450119416,0.05104051447,0.1376189426,0.02703633505,0.02709359606,0.002222553492,2000,1600,0,317.2440175,0,1745.032,5507.092,3504.725571,1434.601,11575.189,46326.346,1.206091888,1,2.232283081,4.399442509,1.206091888,2343.092465,370,418.4472568,2294.003,0.729019337,0.208806243,0.1325585399,0.972963665,155.7143889,0,0,155.7143031,8.581818185e-05,0,0,0,0,0.9977774465,1.117753356,0.9729064039,0.02709359606,812,331001.651,0,0,2575,647,345.0939104,0,1962.144,5199.427,2647.265212,1655.438,8535.473,15199.784,1.244986087,1,2.380971012,5.643494041,468,263.9779893,0,1425.624,6811.118,1863.239372,968.404,6550.679,13940.603,1.155835462,1,2.160498427,3.894643265,333,289.5517688,0,1737.769,4614.403,7548.938847,1494.178,46326.346,86400,1.161967879,1,2.04468401,3.776436522,152,423.3699342,0,2620.014,6551.388,3348.60302,2096.45,10993.732,15777.646,1.291938966,1,2.635804323,6.604016912,788,269.016217,0,1737.769,4810.713,3447.017943,1517.965,10575.752,48633.587,1.194946401,1,2.186848773,4.460192308,648,355.2123704,0,2099.604,6811.118,3465.58065,1359.719,13473.168,45343.087,1.191752646,1,2.224051887,3.965046719,164,398.9514207,0,1444.817,10686.5,3936.67386,1311.824,13899.119,67156.945,1.316302084,1,2.415116217,9.304245348
s2-80-lognormal,shortest_estimate+topology_aware+none,2,0.338094513,0.05074933385,0.2035914652,0.05021111141,0.03209242619,0.001450176402,2000,1600,0,436.6842319,0,2581.575,5880.803,3685.307684,1732.498,13277.937,25897.234,1.219625975,1,2.219548147,4.253189128,1.219625975,2461.188088,332,771.8234307,3201.848,0.7510420407,0.2785113447,0.1157665906,0.9497888886,309.0240956,0,0,309.0240223,7.329292933e-05,0,0,0,0,0.9985498236,1.100643049,0.9679075738,0.03209242619,779,310625.526,0,0,2864,636,547.8515582,0,3071.659,7711.157,5151.310912,2309.051,19864.785,33366.419,1.178565913,1,2.018337038,3.616330007,502,379.9064442,0,2365.866,5301.794,2890.689004,1620.417,8917,19713.776,1.213945588,1,2.201269063,4.114034828,311,284.9591736,0,1764.093,4537.423,2044.777074,1268.053,6485.168,9491.511,1.275108416,1,2.539252545,4.787130501,151,469.7075629,0,3557.815,5649.793,3531.172219,1842.902,12312.303,25525.17,1.29718038,1,2.525605694,5.155889753,821,449.5669695,0,2675.199,5625.246,3823.161093,1775.569,13277.937,26012.471,1.211465764,1,2.182399022,4.467642978,635,401.3649984,0,2386.859,6070.07,3540.029657,1772.202,12809.789,25786.956,1.236824646,1,2.2426307,4.114034828,144,518.9827431,0,3067.978,8819.688,3539.987542,1529.993,15346.04,27939.411,1.190309154,1,2.121837895,4.253189128
s2-80-lognormal,shortest_estimate+topology_aware+none,3,0.5247439107,0.0712520228,0.3612571374,0.03982804186,0.05174644243,0.0006602662142,2000,1600,0,893.1706456,0,4580.803,11621.36,3511.273129,1547.372,13152.809,32097.327,1.421974272,1,3.116243765,5.379779844,1.421974272,2789.683967,377,1377.448663,7085.517,0.8341389173,0.52248864,0.1952537148,0.9601719581,186.5074956,0,0,186.5074015,9.406060608e-05,0,0,0,0,0.9993397338,1.064683841,0.9482535576,0.05174644243,773,210832.177,0,0,3489,639,1198.511778,52.521,5643.602,16394.58,4979.068922,2400.876,19328.847,41673.35,1.407573871,1.027331361,2.86548654,5.026803728,481,570.3996403,0,2961.554,7553.345,2213.259996,1161.14,7927.521,17749.363,1.420404662,1,3.139152899,5.949143169,318,856.434956,0,4441.208,10382.411,3088.275107,1509.666,10885.06,21141.872,1.41423856,1,3.19440007,5.310626474,162,719.2312593,0,2861.028,7524.183,2405.940883,1163.759,8291.444,15068.241,1.498621156,1,3.455845284,6.198830917,827,935.7875683,0,4391.732,11621.36,3617.085401,1575.199,14033.098,28825.141,1.437224456,1,3.059090585,5.636538038,629,918.8642591,0,5051.23,12864.761,3358.304711,1482.069,12325.037,31682.235,1.44451442,1,3.322234996,5.244297091,144,536.1881597,0,2264.871,8541.737,3571.761917,1457.281,11894.199,37601.006,1.235935002,1,2.454763016,3.563974317
s2-80-lognormal,shortest_estimate+topology_aware+none,4,0.2598206429,0.04794474182,0.1515772695,0.03032086908,0.02649006623,0.003487696259,2000,1600,0,340.078965,0,1922.026,4875.727,2934.100817,1651.071,9841.242,16622.745,1.230171898,1,2.096887876,4.935031466,1.230171898,2434.149657,354,618.4004153,3350.039,0.8042802915,0.3388918069,0.1588669188,0.9696791309,143.6877556,0,0,143.6876762,7.931313134e-05,0,0,0,0,0.9965123037,1.168613014,0.9735099338,0.02649006623,755,223893.334,0,0,3051,615,281.3021333,0,1754.393,3840.967,2249.828449,1067.7,8467.691,14801.21,1.31775915,1,2.787402692,7.584953593,495,425.4698545,0,2699.501,6847.249,4061.090143,2401.423,13546.86,29315.038,1.127626626,1,1.684813609,2.816968078,334,327.839,0,1926.932,4614.283,2658.218156,1641.998,8958.457,14176.432,1.199640021,1,2.01593505,3.811328963,156,327.0495385,0,2008.562,4436.806,2646.361071,1748.9,8682.514,14374.764,1.275629574,1,2.376091204,4.995684398,845,345.3182615,0,2004.308,4870.958,3057.494924,1738.181,10076.895,17584.906,1.239824984,1,2.115572828,5.591606545,608,326.7199539,0,1733.273,4614.283,2800.449941,1605.244,8950.802,15596.017,1.221318018,1,2.096887876,4.175215734,147,365.215517,0,1764.669,5907.716,2777.581857,1465.75,10702.024,17045.224,1.211303202,1,1.794646731,4.444807637
s2-80-lognormal,shortest_estimate+topology_aware+none,5,0.1467171852,0.03930241338,0.07356642532,0.02175973499,0.01193633952,0.0001522720035,2000,1600,0,162.362745,0,932.835,2542.865,2335.471671,1555.971,6896.15,12092.333,1.106412522,1,1.718911209,2.537758081,1.106412522,2214.20126,334,302.1718473,1929.82,0.7275787557,0.2043728366,0.09818269095,0.978240265,80.21315111,0,0,80.21310865,4.246464649e-05,0,0,0,0,0.999847728,1.033131661,0.9880636605,0.01193633952,754,214859.564,0,0,2608,639,153.7088091,0,1008.959,2145.676,2279.568507,1470.438,6416.136,14577.344,1.112986603,1,1.712812726,2.781775152,486,173.2599136,0,910.267,2624.443,1975.367418,1378.11,5983.934,10126.524,1.108976608,1,1.766174334,2.490543593,322,153.2857484,0,802.974,2586.447,2909.76386,2265.662,8146.288,11462.221,1.083383446,1,1.492078706,2.440857378,153,182.9943399,0,999.794,4106.219,2504.169078,1581.591,8082.76,14317.204,1.119277739,1,1.782817183,3.011538813,846,171.7311702,0,1008.959,2586.447,2383.383337,1528.781,7426.538,12791.372,1.113351445,1,1.719390637,2.647721913,602,160.0513721,0,784.09,2906.746,2252.888458,1565.213,6416.136,10223.758,1.104665084,1,1.724487188,2.537758081,152,119.3743158,0,916.739,1935.874,2395.878408,1629.697,6880.407,14738.915,1.074712712,1,1.638988563,2.368335188
s2-80-lognormal,shortest_estimate+topology_aware+none,6,0.5546148979,0.07527375501,0.3662793875,0.03950927288,0.07301980198,0.0005326805043,2000,1600,0,1063.210349,79.659,4644.486,15341.033,2985.201062,1409.041,11253.425,25533.426,1.503955191,1.073788931,3.292136287,5.445942789,1.503955191,2951.247659,388,1403.427425,5830.272,0.8525065468,0.5867563544,0.2173132911,0.9604907271,139.8625422,0,0,139.8624488,9.345454548e-05,0,0,0,0,0.9994673195,1.063621189,0.926980198,0.07301980198,808,182932.101,0,0,3691,647,1271.595029,96.118,6550.087,18001.572,3334.073643,1512.847,11954.45,27420.236,1.539748989,1.072831147,3.633798825,5.830824372,472,888.4680742,76.068,4435.266,12652.895,2675.039271,1358.52,10951.032,19017.725,1.487917173,1.057267167,3.164307688,5.130919214,318,573.351522,38.512,2735.778,4594.71,1837.128283,1207.851,5380.151,7613.135,1.447647907,1.048617993,3.100193958,4.761748659,163,1697.741466,166.21,7504.323,28962.284,4738.347988,1667.275,21792.68,42063.396,1.51817037,1.124588549,3.20839959,5.64000242,792,1204.650343,67.065,6087.879,18001.572,3211.255064,1401.248,12026.083,34830.53,1.496221618,1.073216568,3.21067372,5.64000242,644,858.1911863,83.815,3788.68,9937.302,2662.020196,1409.041,9516.113,20867.817,1.519848891,1.069788576,3.613003327,5.766188976,164,1185.233915,84.702,5830.272,21674.334,3162.60172,1424.797,12079.464,33276.96,1.478890851,1.094311603,2.899733659,4.761748659
s2-80-lognormal,shortest_estimate+topology_aware+none,7,0.3030430954,0.04834159823,0.2043815175,0.01504625264,0.03473945409,0.0005342729173,2000,1600,0,434.02229,0,2591.593,8528.385,4231.25117,1559.132,16609.683,42865.908,1.217493421,1,2.114244595,4.816727683,1.217493421,2352.435663,369,671.101187,3670.806,0.7565357219,0.2487369461,0.108550975,0.9849537474,102.3958333,0,0,102.3957633,7.006060609e-05,0,0,0,0,0.9994657271,1.064085505,0.9652605459,0.03473945409,806,387786.479,0,0,2633,632,412.9728117,0,2822.043,8578.8,3736.274576,1461.252,14234.425,32542.883,1.206635374,1,2.206680227,4.105942125,504,516.4477798,0,3095.335,8596.756,6139.242944,1950.622,30452.724,69153.011,1.228536138,1,2.347424006,5.190734304,308,381.837263,0,1797.662,8432.271,2864.752679,1166.555,13097.72,24778.908,1.245507644,1,1.934005878,5.260707196,156,356.0339038,0,1882.869,7342.426,2770.218404,1542.608,10635.11,20175.018,1.170495827,1,2.141560309,4.487190199,794,405.4140869,0,2274.668,7342.426,4350.845014,1640.46,16496.308,46953.934,1.194143837,1,2.141560309,5.190734304,644,455.3688075,0,2822.043,8578.8,4159.174884,1455.573,17618.07,41541.625,1.238548215,1,1.993473085,4.816727683,162,489.3788086,0,2251.286,10091.008,3931.619173,1660.949,18423.62,31056.527,1.248235904,1,2.527613495,4.797122528
s2-80-lognormal,shortest_estimate+topology_aware+none,8,0.1578866085,0.04534263689,0.07335168061,0.02519637711,0.0125,0.001495913886,2000,1600,0,146.7198187,0,930.112,2339.39,1668.666996,824.856,6130.618,12391.316,1.165895719,1,1.983083483,3.764803011,1.165895719,2285.290543,390,241.7812385,1333.946,0.7398687153,0.2425805038,0.115138685,0.9748036229,66.61004444,0,0,66.60997822,6.622222224e-05,0,0,0,0,0.9985040861,1.109044459,0.9875,0.0125,800,143420.605,0,0,2667,674,165.5254258,0,1072.573,2244.012,1365.098093,710.845,5090.719,9075.765,1.226749216,1,2.457197744,4.785070031,490,110.0932347,0,751.258,2625.604,1482.199706,696.423,4636.94,12710.929,1.106131685,1,1.713229164,2.930888968,303,152.6742772,0,890.562,2339.39,2365.764993,1216.994,8376.253,13651.835,1.136213373,1,1.748017245,2.895515691,133,172.7938496,0,740.767,3226.408,2305.913008,1234.369,9994.052,14700.107,1.145315806,1,1.905369705,3.216952002,800,144.259245,0,937.403,1904.042,1690.710256,753.107,5845.166,13651.835,1.164525161,1,1.905369705,3.789577669,629,142.0002035,0,889.949,2386.731,1659.325343,855.281,6135.571,11139.827,1.162409848,1,1.938936011,3.475384049,171,175.591731,0,1085.409,2860.204,1599.90262,859.362,6580.925,9075.765,1.185129989,1,2.357362286,3.251740488
s2-80-lognormal,shortest_estimate+topology_aware+none,9,0.2703185226,0.05044037562,0.1646953082,0.03212506116,0.02267002519,0.0003877524117,2000,1600,0,390.4876844,0,2088.365,5117.718,2808.018512,1373.239,9656.01,18346.726,1.212485193,1,2.2060357,4.250973054,1.212485193,2639.644428,346,792.1406908,3579.746,0.7740848155,0.2879010581,0.1308273982,0.9678749388,145.0713178,0,0,145.0712364,8.137373739e-05,0,0,0,0,0.9996122476,1.052604726,0.9773299748,0.02267002519,794,222465.068,0,0,3054,645,393.2027798,0,2322.39,5010.383,2801.940332,1451.175,8988.441,17808.118,1.240564483,1,2.312392441,5.043466667,474,349.8987278,0,1950.421,5799.769,2727.653426,1243.869,10732.976,18154.325,1.188218427,1,2.037763544,3.306740198,330,518.4514515,0,2055.317,5876.632,3260.2278,1575.435,11508.574,24271.639,1.207979296,1,2.589067334,4.250973054,151,226.6458675,0,1191.905,4597.473,2097.981503,951.29,10272.071,14979.496,1.178566325,1,2.064070511,3.910251679,806,394.6524752,0,2245.655,5010.383,2878.636837,1389.225,10272.071,18154.325,1.221944177,1,2.312392441,4.250973054,627,417.1938389,0,2075.21,5740.433,2846.804164,1398.04,9360.548,19510.068,1.218096652,1,2.219194642,4.364676184,167,270.1189401,0,1565.169,4597.473,2321.569563,1106.064,8064.21,18346.726,1.145764677,1,1.895489486,3.910251679
s2-80-lognormal,shortest_estimate+topology_aware+none,10,0.9388428702,0.08687457608,0.6941368229,0.05017260157,0.1040312094,0.003627660256,2000,1600,0,2009.700374,151.525,8801.775,34446.787,4861.196439,1815.369,18644.962,47952.026,1.627428653,1.083322524,3.799504146,7.010604912,1.627428653,3199.570571,352,3325.33444,12958.031,0.8666382167,0.6413998047,0.2291133435,0.9498273984,312.8236289,0,0,312.8235295,9.943434343e-05,0,0,0,0,0.9963723397,1.170151851,0.8959687906,0.1040312094,769,283215.999,0,0,3879,626,1992.116749,233.872,8461.281,32264.762,4763.131949,2041.07,17765.588,41503.81,1.648328038,1.117350677,3.696184566,7.491996095,484,2802.507831,69.391,15264.301,40960.127,6627.072081,1866.32,26983.587,66071.986,1.626669798,1.059259425,3.895314319,6.982712379,343,1370.881434,233.703,4889.706,15348.546,3611.844324,1875.061,10618.317,33452.757,1.674526066,1.120793821,3.948712816,8.247115024,147,964.8257959,0,4554.651,10601.562,2379.783755,1300.888,7780.812,16729.411,1.431033131,1,3.069888702,5.638016332,831,1872.023622,166.098,8379.1,29884.282,4638.041392,1785.046,19227.878,40588.659,1.613995984,1.09191478,3.746655324,6.319812132,627,2169.795687,119.602,8461.281,40960.127,5116.128187,1838.743,17232.971,56930.83,1.644300703,1.071802725,4.033852403,8.247115024,142,2108.500514,236.475,11229.962,31815.106,5041.475577,1917.42,18322.726,45187.77,1.631539731,1.117350677,3.525555809,6.039714348
s2-80-lognormal,shortest_estimate+topology_aware+none,11,0.641629313,0.07620119622,0.4639139387,0.03293470468,0.06781750925,0.0007619641747,2000,1600,0,1119.39217,0,5882.509,11539.201,3917.005466,1795.472,13887.777,32517.116,1.438904683,1,3.332698403,6.440673022,1.438904683,2743.74704,333,1742.891324,8099.674,0.7870066643,0.4394665117,0.1409894624,0.9670652953,154.0692689,0,0,154.0691843,8.456565659e-05,0,0,0,0,0.9992380358,1.074586925,0.9321824908,0.06781750925,811,257446.25,0,0,3179,640,1376.834214,0,6732.382,28888.177,4664.146608,2096.038,14992.042,47965.533,1.483461089,1,3.391188077,7.035555124,470,714.2896979,0,3933.258,8197.674,2858.357155,1674.571,9296.217,14133.152,1.399591507,1,3.108356284,6.296205925,327,1050.33644,0,6078.122,11283.21,3589.460031,1471.195,14935.081,32517.116,1.437320557,1,3.49444032,6.440673022,163,1415.198779,0,7972.887,16408.709,4693.089712,1970.172,19609.081,32397.205,1.380494267,1,2.777182378,4.587096294,789,1128.533985,0,6925.201,16356.461,4017.697049,1828.628,14404.2,34567.123,1.425463932,1,3.391188077,6.437199539,653,1137.25842,0,5407.77,11121.673,3657.631297,1701.847,12262.967,21776.646,1.481805581,1,3.382380613,6.651234042,158,999.9013291,0,5219.441,9287.395,4486.155291,2102.014,16058.929,37570.374,1.328717763,1,2.629941974,5.306546977
s2-80-lognormal,shortest_estimate+topology_aware+none,12,0.1718634744,0.04014482202,0.1036803678,0.01642917642,0.008505467801,0.003103640414,2000,1600,0,191.7829631,0,1314.685,3485.611,2694.235772,1438.533,9170.064,19281.284,1.162085215,1,1.755754383,4.145701184,1.162085215,2340.307366,349,335.0180401,1869.044,0.7200882637,0.1634521695,0.1024033074,0.9835708236,65.55470444,0,0,65.55464267,6.177777778e-05,0,0,0,0,0.9968963596,1.123715415,0.9914945322,0.008505467801,823,232305.539,0,0,2671,597,178.7081256,0,1374.288,2713.846,1657.347,954.643,5394.838,10005.906,1.195116723,1,2.033697905,4.934432549,519,218.8411946,0,1411.669,3789.247,3919.662437,1803.147,15396.28,24062.235,1.206097755,1,1.86055352,4.857936188,324,201.1484907,0,1200.163,3696.193,2981.966873,2019.669,8684.948,13165.593,1.07455843,1,1.545070692,2.139109628,160,133.8331187,0,876.888,2098.967,2005.493781,1320.026,5751.712,12484.475,1.073312459,1,1.534537667,2.183517952,777,219.0095624,0,1374.288,3789.247,2704.183708,1489.604,10493.374,20139.327,1.197921243,1,1.86447379,4.245525923,660,166.2519924,0,1355.881,2577.388,2651.528882,1454.248,8944.168,18072.134,1.124855828,1,1.648534334,3.054176846,163,165.3742086,0,788.885,3325.952,2819.738853,1226.036,8716.286,28509.755,1.142004241,1,1.754682878,6.961213946
s2-80-lognormal,shortest_estimate+topology_aware+none,13,0.2045013339,0.04215909217,0.1072602085,0.03693065018,0.0172201722,0.0009312107826,2000,1600,0,238.7349894,0,1360.078,3266.4,2345.640168,1465.03,7505.367,13201.926,1.176663022,1,1.843849521,3.414421855,1.176663022,2355.627788,351,479.4269373,2290.771,0.8140506516,0.3160498966,0.1525634309,0.9630693498,140.9951556,0,0,140.9950917,6.383838387e-05,0,0,0,0,0.9990687892,1.077474622,0.9827798278,0.0172201722,813,184122.363,0,0,2958,628,251.6515748,0,1388.489,2417.552,2376.682607,1688.297,6845.003,11966.226,1.174104573,1,1.878962505,3.414421855,479,207.9412818,0,1181.363,3354.645,2147.550923,1130.58,7282.145,14315.755,1.134564845,1,1.843849521,3.380539943,328,200.9398628,0,1314.493,2892.002,2034.62714,1214.737,6168.945,10309.011,1.219999715,1,1.636172908,3.490836506,165,354.1008788,0,1768.255,4624.128,3420.806042,2062.421,11218.369,18128.599,1.222464827,1,1.872119941,7.802808233,787,237.749061,0,1310.48,3354.645,2340.440698,1487.052,7151.787,12617.202,1.205847146,1,1.837868932,3.462638084,643,235.2155132,0,1336.182,2874.114,2302.159227,1470.885,7505.367,12510.682,1.151064264,1,1.809989683,3.490836506,170,256.6111588,0,1629.459,4624.128,2534.170918,1343.841,9335.853,21781.896,1.138381236,1,2.017743159,3.414421855
s2-80-lognormal,shortest_estimate+topology_aware+none,14,0.2575473033,0.05400327417,0.1291322287,0.04457817828,0.02767295597,0.002160666196,2000,1600,0,315.6779444,0,1637.419,4404.539,2304.39453,1180.895,8156.18,16749.339,1.267265095,1,2.361860896,5.395649069,1.267265095,2451.022032,378,516.4679683,2481.933,0.8011260969,0.3123260427,0.1552580879,0.9554218217,171.0099889,0,0,171.0098978,9.111111116e-05,0,0,0,0,0.9978393338,1.128536775,0.972327044,0.02767295597,795,178937.446,0,0,2913,594,269.5909545,0,1374.624,3330.745,1678.168434,770.945,6164.521,13478.378,1.352340261,1,2.992649552,6.231928856,514,308.3225136,0,1741.56,3991.482,2662.517767,1727.94,8325.202,14202.218,1.198312976,1,2.176933838,3.037657992,336,247.0372143,0,1369.042,3314.143,1863.136863,978.599,6061.66,10684.585,1.240704881,1,2.499341509,4.401913389,156,663.2397949,0,4404.539,8953.984,4459.301795,1821.3,19632.079,31756.379,1.227720046,1,2.271384946,4.183960259,805,295.0236435,0,1478.305,4479.043,2299.26494,1215.696,7883.107,15209.568,1.258111333,1,2.267890845,4.674500645,635,343.3618315,0,1701.315,4404.539,2242.900088,1179.94,8550.694,18360.925,1.281890307,1,2.545777765,5.509653338,160,309.7244688,0,2121.005,3380.431,2574.258844,1063.426,9355.447,27539.925,1.255276149,1,2.349355114,5.413463546
s2-80-lognormal,shortest_estimate+topology_aware+none,15,1.239015188,0.112030649,0.9454081581,0.05090826421,0.1305970149,7.110188591e-05,2000,1600,0,2325.799699,58.447,11987.939,34574.886,5417.523804,2099.423,21983.833,51979.412,1.750484952,1.037406559,4.899717901,9.566718329,1.750484952,3311.101921,357,2758.802319,12939.218,0.842043533,0.6902709167,0.2411202159,0.9490917358,299.2557756,0,0,299.2556718,0.0001037575759,0,0,0,0,0.9999288981,1.021810848,0.8694029851,0.1305970149,804,286697.774,0,0,3755,654,2033.191778,22.114,10862.312,30247.036,4616.046249,1873.25,19762.662,39557.8,1.750383988,1.019570797,4.632790296,9.495457374,498,3008.393616,181.251,18352.351,37826.601,7211.496008,3175.945,33895.204,55343.21,1.760934655,1.073334818,4.943112022,7.667807394,299,1335.562749,0,6246.556,26525.967,3319.156849,1248.495,14725.214,32891.686,1.726492308,1,5.426819791,10.31688477,149,3315.83096,199.489,16356.043,47151.832,7150.274691,2935.535,28381.211,84009.557,1.764148569,1.122905841,4.652196258,9.756326681,796,2458.697653,83.674,12803.542,37826.601,5807.124482,2187.161,22713.181,56592.586,1.708408006,1.052067593,4.632790296,9.495457374,652,2249.41309,55.771,12026.796,30247.036,5239.973239,2050.367,21983.833,43508.793,1.805693685,1.028115251,5.274363424,9.798758263,152,1957.492447,0,9780.946,30985.985,4138.845039,1723.059,16053.066,39557.8,1.734018868,1,4.379118447,9.115240214
s2-80-lognormal,shortest_estimate+topology_aware+none,16,0.6555911796,0.07544255479,0.4476893967,0.05704837904,0.07462686567,0.000783983428,2000,1600,0,1412.607926,0,5676.779,28632.504,3071.904934,953.456,11083.326,39407.532,1.507218236,1,3.299518831,6.147966093,1.507218236,3010.440979,364,1942.956277,7183.045,0.8693678386,0.5675700032,0.2156796406,0.942951621,206.3815933,0,0,206.3814927,0.0001006060606,0,0,0,0,0.9992160166,1.082000203,0.9253731343,0.07462686567,804,150187.417,0,0,3694,625,1159.653934,0,3460.441,27133.013,2585.354782,767.094,8995.758,44601.832,1.451232939,1,3.082650113,6.037143908,493,1762.926943,53.432,7002.648,37836.053,3757.423763,1131.64,15095.486,48356.261,1.570234335,1.053654842,3.82270413,6.499133408,322,1228.374177,0,6132.514,23761.702,2655.303506,937.64,10181.846,27355.088,1.519756988,1,3.364377152,6.119554368,160,1692.0594,7.756,5943.687,28673.266,3698.64695,1375.894,10061.379,46923.938,1.506508205,1.01538724,3.604139961,6.251437642,796,1590.045796,0,5270.096,37836.053,3303.45694,942.531,12488.146,52760.056,1.500703274,1.008015343,3.364377152,6.251437642,633,1180.207498,0,5943.687,26690.834,2794.281185,999.999,11083.326,30824.048,1.519415712,1,3.453873925,6.147966093,171,1446.929129,0,4778.314,47360.921,3021.732053,820.149,10088.376,58656.074,1.492393135,1,2.938195603,6.27248554
s2-80-lognormal,shortest_estimate+topology_aware+none,17,0.4074464069,0.06590988878,0.2390606974,0.04446911302,0.05784061697,0.0001660908101,2000,1600,0,1156.503904,0,3031.331,26437.046,3952.321949,1988.367,12764.187,44408.728,1.405099717,1,2.882602794,6.296868581,1.405099717,2747.059027,372,1982.322648,4562.241,0.8348277146,0.4425807595,0.1644905633,0.955530887,246.9868733,0,0,246.9867732,0.0001001616162,0,0,0,0,0.9998339092,1.035958118,0.942159383,0.05784061697,778,248250.161,0,0,3321,628,1200.305271,0,3092.455,25481.945,4191.938326,2266.187,13148.266,43548.075,1.422143057,1,3.035061006,7.042405664,486,1428.283241,0,3560.556,38926.842,4709.774214,2354.822,13688.637,49943.753,1.408016153,1,2.507509828,7.797905764,340,527.2132971,0,1943.604,11307.262,2396.195944,983.88,6052.23,20871.95,1.372780456,1,2.852164492,4.92536883,146,1528.879185,0,3711.141,51143.686,4024.116171,2103.857,11209.629,61405.283,1.397345902,1,2.962892743,5.983988944,822,1123.313746,0,2733.751,26437.046,3881.340155,2000.508,13753.879,45255.899,1.423532621,1,2.924514864,7.281546364,617,1077.170653,0,3174.266,25512.236,3940.880147,1993.386,13054.457,43548.075,1.334960424,1,2.808747554,4.92536883,161,1629.987919,0,3098.473,65023.008,4358.574292,1854.52,11209.629,77298.753,1.579783544,1,3.428546164,13.4294586
s2-80-lognormal,shortest_estimate+topology_aware+none,18,0.2801904539,0.04858206775,0.1798856372,0.02157815799,0.02774274905,0.002401841877,2000,1600,0,347.1224025,0,2280.981,5036.782,4317.458599,1721.556,17177.16,35142.193,1.193116212,1,2.124761653,4.049791406,1.193116212,2330.951549,356,526.9470702,2586.998,0.7167512885,0.1987418422,0.117945701,0.978421842,141.2447,0,0,141.2446253,7.474747477e-05,0,0,0,0,0.9975981581,1.144443534,0.9722572509,0.02774274905,793,390125.266,0,0,2626,654,489.9608119,0,3334.399,8268.586,6903.82513,3231.399,24609.268,48792.752,1.166714633,1,2.077358363,3.575781754,489,322.2714642,0,1999.404,3833.903,2891.545231,1231.8,11361.835,17890.939,1.26960884,1,2.423992175,6.397522269,318,170.9389214,0,1278.203,2694.257,1583.818472,1055.266,5300.626,7577.023,1.166395341,1,2.068896265,5.060938201,139,165.555036,0,1533.81,2534.422,3418.793036,1591.628,15008.808,17876.58,1.109367829,1,1.887381494,3.249929195,807,310.903052,0,2195.553,4418.983,3895.796792,1690.033,16046.82,27922.209,1.237459376,1,2.30253301,5.883218798,633,407.9526935,0,2432.378,7545.069,4931.648686,1749.312,20056.965,38618.625,1.138070158,1,1.901118223,3.102353482,160,289.1439125,0,2161.801,4992.239,4014.325812,1823.448,12517.132,48792.752,1.187236331,1,1.93475539,7.400938298
s2-80-lognormal,shortest_estimate+topology_aware+none,19,0.1428289023,0.03930771693,0.06527592329,0.02210129278,0.01444043321,0.001703536114,2000,1600,0,138.2380362,0,827.71,2539.547,2721.119329,1194.126,9683.128,26038.551,1.152626432,1,1.719143162,3.677976061,1.152626432,2305.331746,338,260.2306154,1371.268,0.7264883095,0.1640404772,0.08821699454,0.9778987072,103.10952,0,0,103.1094776,4.238383841e-05,0,0,0,0,0.9982964639,1.111814593,0.9855595668,0.01444043321,831,268118.137,0,0,2595,656,142.2024436,0,935.179,2297.918,3877.54434,1675.302,13497.279,42543.581,1.099214702,1,1.655525692,3.016963412,468,127.3298547,0,771.625,2482.58,1758.942415,691.215,7177.579,15859.118,1.222122946,1,1.975979451,4.866277063,316,138.4534652,0,769.514,3282.096,2220.234149,1027.163,7633.662,20140.881,1.175815831,1,1.621880016,3.813488509,160,153.464925,0,871.45,2920.359,1783.392487,865.612,7827.013,13615.689,1.12253816,1,1.686148291,2.88252204,769,159.7502874,0,1123.608,2987.967,2674.886497,1283.172,8637.173,22485.277,1.148505176,1,1.766926284,3.677976061,662,105.4709577,0,622.95,2297.918,2757.334483,1098.178,10028.385,28158.885,1.13998682,1,1.694103424,3.560095891,169,168.7048107,0,1385.586,2130.199,2789.631846,1139.202,10853.443,27094.338,1.220890746,1,1.719143162,5.974791726
s2-80-lognormal,shortest_estimate+topology_aware+none,20,0.5515804629,0.0696311084,0.3752770566,0.03008173585,0.07347447073,0.003116091396,2000,1600,0,911.8596569,0,4758.578,16651.51,4004.153859,1701.488,15368.175,37478.102,1.370864409,1,3.045352243,5.97580676,1.370864409,2685.032659,353,1454.308901,7694.247,0.7725378148,0.3787790347,0.126253091,0.9699182641,163.2347733,0,0,163.2347094,6.395959599e-05,0,0,0,0,0.9968839086,1.171723533,0.9265255293,0.07347447073,803,269281.198,0,0,3082,645,1424.421947,0,10155.438,19906.375,6547.783631,3268.327,27024.297,47746.912,1.360592603,1,2.87816766,5.805586245,467,449.3536552,0,2190.558,10725.019,1764.131675,1030.589,6377.493,15951.048,1.448242103,1,3.426419104,6.680084528,310,824.2438645,0,4468.997,11331.469,3248.598568,1897.814,9925.295,23859.524,1.353112923,1,3.211238041,5.262138917,178,420.5592135,0,2574.611,12413.543,1979.835303,726.626,9351.768,18316.211,1.235993016,1,2.497249631,7.317308172,797,882.4427691,0,4647.656,14464.025,3925.517719,1622.722,14513.864,36425.836,1.35559104,1,3.064730189,5.84451667,621,948.2629372,0,5174.747,17374.586,4248.690176,1759.545,18800.563,39474.356,1.310645209,1,2.874132992,5.97580676,182,916.4685714,0,4468.997,13003.047,3514.13161,1822.27,12586.705,26503.318,1.643221539,1,3.544998946,13.1465391
s2-80-user,fifo+first_fit+none,1,0.7031070314,0.2404346223,0.3202237856,0.05305321467,0.07881773399,0.01057767483,2000,1600,0,1082.743411,191.106,4060.493,5599.317,4305.6037,2551.663,11156.657,46679.924,3.046157346,1.155244567,10.51553154,33.32616277,3.046157346,5470.31366,370,1245.029562,4489.176,0.7473647762,0.407716294,0.172501673,0.9469467853,313.9523067,0,0,313.9521726,0.0001340606061,0,0,0,0,0.9894223252,1.272906192,0.921182266,0.07881773399,812,331001.651,0,0,2848,647,1077.236621,189.605,4038.654,5602.468,3398.803317,2652.832,9005.253,15033.631,3.081948976,1.16037943,6.940397256,41.67056091,468,1052.322222,120.371,4136.821,5939.616,2657.853368,1989.759,7575.055,12325.1,3.391021154,1.150714654,12.7257622,35.92336069,333,1022.287697,107.176,3767.802,4774.367,8396.09733,2823.69,46326.346,86400,2.663999259,1.05273831,10.37068926,20.04694139,152,1332.294474,577.392,4518.842,5696.498,4277.397283,3359.778,11453.379,16133.384,2.669217852,1.250000135,8.055444701,26.36946667,788,1099.158435,104.835,3902.428,5725.813,4293.691467,2639.268,11142.588,50359.259,2.929035665,1.099614385,8.697485397,35.66641122,648,1086.238529,289.166,4206.916,5261.57,4258.566142,2476.709,12001.99,45347.927,3.36109744,1.17654543,11.89767245,35.92336069,164,990.0612378,253.006,3875.514,5939.616,4548.696244,2536.545,10750.48,67294.437,2.364515299,1.100639048,8.917146827,14.6942528
s2-80-user,fifo+first_fit+none,2,2.537714583,0.690163638,1.528562583,0.05936769637,0.2580231065,0.001597558415,2000,1600,0,4432.611057,211.268,19382.438,22439.533,7689.772986,3895.742,23768.1,33885.017,6.674316674,1.135308755,30.18466072,84.83661742,6.674316674,17046.02299,332,4876.517518,19972.709,0.7474096018,0.4100486584,0.1423581501,0.9406323036,368.9350378,0,0,368.934928,0.0001097373738,0,0,0,0,0.9984024416,1.099913133,0.7419768935,0.2580231065,779,284779.845,0,0,3020,636,4610.458667,284.767,20154.075,22439.533,9222.591192,5239.684,26823.565,42073.362,6.443953039,1.154840544,29.55996245,87.80283046,502,4435.301749,212.449,18979.872,22475.935,6963.259369,3427.314,22982.951,27257.912,6.784665378,1.126923299,29.34347173,80.16845727,311,4144.917752,61.751,19226.868,22234.07,5912.838717,2603.175,22245.853,25412.786,7.081790963,1.100000119,32.7134163,84.83661742,151,4267.119742,211.268,18949.066,22174.237,7308.739974,4530.901,22301.578,28566.296,6.438500236,1.155897829,30.9252584,71.65866832,821,4570.968049,187.385,19624.962,22242.63,7949.536921,4122.378,23937.273,35649.066,6.478457404,1.107188782,27.74972244,82.83367103,635,4330.399094,256.524,19508.731,23206.609,7482.731846,3757.356,24081.035,30915.708,6.919779046,1.1458793,33.25964047,95.41182723,144,4094.51041,65.071,18680.495,21687.342,7121.751694,3181.729,22761.326,32969.438,6.708565663,1.124670224,36.34270774,84.83661742
s2-80-user,fifo+first_fit+none,3,2.260395984,0.8759165519,0.8705758983,0.04692775286,0.4385510996,0.02842468107,2000,1600,0,5687.572281,5444.918,11039.053,11764.415,8314.68207,7717.791,16020.491,26346.272,10.7186659,4.926632624,38.30865969,91.54524434,10.7186659,19688.00856,377,6111.962708,11215.173,0.8287761588,0.8141804625,0.2668376664,0.9530722471,221.3911667,0,0,221.391056,0.0001107070707,0,0,0,0,0.9715753189,1.597399549,0.5614489004,0.4385510996,773,213389.831,0,0,3839,639,5591.719736,5378.536,10802.704,11565.492,9388.112948,8345.606,21081.006,35912.062,8.046941484,3.830323901,27.23729221,54.19089454,481,5667.628958,5388.353,11127.089,11786.544,7314.562081,6977.909,13228.112,16650.172,12.8541807,6.26664207,44.64133753,109.3589482,318,5705.456428,5434.691,11169.345,11513.226,7942.494881,7355.003,15500.196,18125.678,11.88668341,4.957238328,55.88677798,94.58346667,162,6089.765833,5842,11138.285,11770,7780.67534,7756.042,13844.028,15584.394,12.62372585,7.308226775,36.40733929,134.93685,827,5709.151752,5460.22,11001.154,11774.959,8404.79838,7839.533,16353.038,28174.036,11.09759399,4.841187109,39.74213225,96.57160189,629,5665.898482,5435.012,11144.405,11770,8111.815337,7583.761,15266.271,23402.899,10.52480091,5.018511036,38.42866555,65.68049217,144,5658.312535,5343.606,10785.632,11513.226,8683.272257,7638.181,18527.276,35912.062,9.389273868,5.365231216,28.86436571,74.18012395
s2-80-user,fifo+first_fit+none,4,1.584096485,0.5356654911,0.6789435759,0.0439397091,0.1907284768,0.1348192316,2000,1600,0,2806.332169,2514.62,8609.122,11264.317,5412.818088,4467.592,13244.51,18448.172,5.926725902,2.170875683,23.42760502,58.66944127,5.926725902,11365.73572,354,3001.931181,8872.095,0.8058748332,0.6840886073,0.2305404603,0.9560602909,211.1922911,0,0,211.1921819,0.0001092525253,0,0,0,0,0.8651807684,2.565336465,0.8092715232,0.1907284768,755,224395.946,0,0,3535,615,2978.553052,2749.828,9013.364,11661.488,4954.646941,4097.25,12754.008,18086.933,9.047447492,2.810437228,38.29562862,76.95571667,495,2621.614871,2403.639,7769.229,10692.259,6270.690782,4864.135,15441.248,24821.193,3.526807347,1.771594585,12.86022148,28.40314745,334,2794.901778,2466.204,8715.231,11178.154,5140.94468,4498.232,12057.367,17446.333,4.104697412,2.26803587,14.42860709,27.04707645,156,2737.979417,2262.705,9784.292,11315.999,5079.061615,4363.118,12351.625,14519.144,5.140017074,2.083890384,19.37006527,54.02189043,845,2769.709788,2500.13,8746.09,11315.999,5492.687405,4467.101,13500.355,20810.309,5.71298545,2.153389881,21.572711,58.65806667,608,2849.973574,2553.835,8322.395,10978.331,5340.204454,4528.555,13119.182,17995.383,6.417175597,2.244770189,25.5056447,63.64629553,147,2836.345354,2582.946,9241.587,11083.772,5254.039293,4170.572,13828.888,18388.395,5.12684337,2.103780524,21.25538481,51.55995537
s2-80-user,fifo+first_fit+none,5,0.3590819438,0.08715053273,0.179900779,0.05120299927,0.03846153846,0.002366094418,2000,1600,0,444.4010294,0,2281.173,3054.183,2634.28972,1990.522,7032.863,12101.228,1.534504599,1,3.811573252,8.104062768,1.534504599,3221.201064,334,534.7825539,2354.188,0.7501835332,0.2874520317,0.1280199062,0.9487970007,194.6075156,0,0,194.6074157,9.987878792e-05,0,0,0,0,0.9976339056,1.137491653,0.9615384615,0.03846153846,754,213720.543,0,0,2740,639,474.0618936,0,2281.173,3054.183,2614.501649,1865.531,7032.863,14843.376,1.603299459,1,4.321943943,8.104062768,486,431.8724198,0,2302.943,3045.321,2261.63423,1725.706,6238.562,9954.582,1.514155939,1,3.529169511,7.028381566,322,436.4153137,0,2355.92,3214.028,3200.094295,2544.004,7715.323,11466.107,1.409504373,1,3.327234599,6.034033663,153,377.1266013,0,1566.662,3329.574,2709.884961,1928.18,7621.154,15263.551,1.574894183,1,4.564277163,9.606815139,846,450.9207222,0,2302.943,3206.49,2683.637797,1987.866,7511.958,12662.84,1.508826425,1,3.562524539,7.26312681,602,443.2036827,0,2216.999,3045.321,2549.777171,1967.279,6583.551,10223.758,1.572977857,1,4.564277163,8.401243454,152,412.8559145,0,2155.823,2809.444,2694.342888,2081.89,7017.101,14843.376,1.525049565,1,3.613528049,8.553432507
s2-80-user,fifo+first_fit+none,6,2.872040266,1.277614039,1.017849362,0.05585313548,0.5111386139,0.009585114854,2000,1600,0,6369.363823,5435.488,12906.506,13514.094,8301.518617,7375.583,15705.708,21057.013,14.0545171,5.899559066,55.87710535,124.6227313,14.0545171,28504.56485,388,6723.995763,13098.672,0.8214107009,0.8496090686,0.2531958973,0.9441468645,201.1423689,0,0,201.1422454,0.0001234747475,0,0,0,0,0.9904148851,1.304478005,0.4888613861,0.5111386139,808,184570.796,0,0,3903,647,6453.905233,5513.441,12923.156,13576.457,8522.64183,7919.151,16171.545,21912.414,15.63548504,5.767438612,74.1966799,158.8312289,472,6074.271002,5200.068,12885.267,13633.471,7872.055466,6928.326,15180.304,18857.706,13.03982934,6.032524746,50.17277529,90.87405962,318,6535.722377,5578.922,12810.432,13450.946,7802.238236,6779.989,14499.356,15765.547,13.40424409,6.892597509,52.34108548,106.7203419,163,6563.741117,5714.995,13001.907,13574.666,9641.463706,8575.285,18132.573,40053.688,11.98600895,5.049095841,41.14665116,135.848624,792,6392.310564,5522.491,12878.8,13514.094,8410.659971,7422.211,15994.745,22414.892,14.71144115,5.899559066,63.40802035,155.3940167,644,6265.351801,5232.791,12923.156,13574.666,8079.11246,7160.932,15593.511,17958.887,12.75491195,5.848061292,44.7604709,123.4041648,164,6666.985305,5800.396,12912.481,13623.002,8647.796744,8517.314,15083.175,21341.095,15.98538212,5.949494567,74.1966799,124.6227313
s2-80-user,fifo+first_fit+none,7,2.013377746,0.7689018786,0.8613820174,0.04180745385,0.294044665,0.04724173077,2000,1600,0,3944.060706,3040.391,10922.473,13842.891,7766.225287,5852.641,20309.637,47985.835,7.648373047,2.610273223,33.62831806,68.68075159,7.648373047,12671.97854,369,4254.476808,11042.884,0.7774513799,0.6935047683,0.2116750527,0.9581925461,292.4628467,0,0,292.4627179,0.0001287676769,0,0,0,0,0.9527582692,1.776956734,0.705955335,0.294044665,806,387786.479,0,0,3258,632,3874.435807,2898.176,10839.88,13842.891,7219.188666,5759.042,17915.796,33662.545,7.17751212,2.737815525,30.88628641,57.36199603,504,4114.386736,3132.704,11056.781,13677.697,9784.194093,6322.731,34248.343,74730.411,6.090271074,2.264068386,24.35070335,50.50353422,308,3821.464584,2893.659,10838.164,13893.168,6308.098568,5035.887,16479.606,24778.908,9.556680115,2.736968692,43.02670084,84.55708333,156,3917.895468,3129.146,10026.414,12149.761,6341.698981,5692.251,15031.262,21784.973,10.82214819,2.798884357,64.99646007,105.1114434,794,4138.588039,3234.844,11295.163,14261.865,8123.729325,6300.677,19815.931,53598.086,7.776791838,2.609207612,34.97199682,68.68075159,644,3767.423054,2811.008,10588.298,13750.779,7483.603161,5336.349,21484.642,47985.835,7.802607732,2.620375798,34.10385,81.94608249,162,3692.825802,2900.616,9291.283,11880.418,7137.524321,6212.625,18251.663,33269.825,6.405831951,2.444608383,23.9027157,56.05750923
s2-80-user,fifo+first_fit+none,8,0.5808296124,0.2202556134,0.21586614,0.04593176007,0.065,0.03377609896,2000,1600,0,645.2712256,180.321,2737.22,3826.139,2176.541213,1432.102,6573.791,12193.214,2.741280524,1.204866537,9.63299223,23.24558339,2.741280524,4859.238511,390,731.4063821,2897.013,0.7577435221,0.4535475092,0.1592603897,0.9540682399,124.0658933,0,0,124.0657705,0.0001227878788,0,0,0,0,0.966223901,1.665300336,0.935,0.065,800,143420.605,0,0,2995,674,692.5077003,194.77,2856.555,4008.601,1904.767288,1313.969,5790.434,9577.879,3.333661008,1.250002153,12.87087508,27.27785848,490,566.5069816,138.919,2382.234,3566.552,1940.951765,1250.897,4853.077,12710.929,2.390619547,1.142075415,6.856378713,15.08109073,303,641.7281584,174.152,2702.464,3497.052,2868.948931,1849.282,8313.019,13651.835,2.001837708,1.117730868,6.191116302,13.09160933,133,704.1482556,269.151,2845.246,3407.314,2844.322541,1818.874,10561.891,14700.107,2.715796354,1.199870535,12.03034902,22.92472485,800,637.114965,193.405,2699.51,3826.504,2190.502505,1339.839,6361.566,12823.07,2.743335767,1.246044106,9.5621731,23.16901338,629,630.8727854,99.096,2765.608,3566.552,2159.734714,1471.014,7218.449,11417.132,2.758490163,1.101366103,10.15198917,24.60986766,171,736.3918538,267.432,2803.773,4187.391,2173.045626,1645.286,6782.995,9106.683,2.66836206,1.364302376,6.856378713,23.1879963
s2-80-user,fifo+first_fit+none,9,1.415732232,0.47490388,0.7203326011,0.03576646702,0.1687657431,0.01596354104,2000,1600,0,2168.118193,967.75,9133.942,11042.834,4591.335354,3317.098,12355.262,19952.217,5.193140365,1.57432624,20.77016479,53.7192766,5.193140365,15465.01495,346,2530.519558,9432.202,0.7627967282,0.5114473048,0.1647492462,0.964233533,162.1252467,0,0,162.125152,9.470707072e-05,0,0,0,0,0.984036459,1.377103525,0.8312342569,0.1687657431,794,220371.88,0,0,3281,645,2173.603645,991.978,9168.939,11048.531,4586.56582,3263.974,11829.365,18549.523,4.783997347,1.599619168,16.39832636,53.12172893,474,2226.982715,947.883,9684.517,11056.767,4609.193262,3580.519,12653.408,19173.184,5.000233137,1.54131134,20.61016993,53.7192766,330,2165.925824,947.759,9119.507,11285.198,4918.04953,3539.426,14105.746,23384.01,5.631632688,1.426071349,26.29876667,70.03186231,151,1964.698205,952.328,8797.927,10302.865,3841.640139,2245.296,11823.08,17960.702,6.588059612,1.800265047,29.99878248,53.13653333,806,2203.050057,1111.307,9062.714,11006.75,4693.398803,3476.836,12610.793,19830.474,5.298655962,1.618856001,19.52889248,53.12172893,627,2110.05114,792.148,9353.682,11056.767,4543.493362,3211.449,11829.365,21033.408,5.1982776,1.521987909,23.69665881,55.59236239,167,2217.537114,972.177,9119.507,10505.231,4278.36403,3079.965,12365.478,19952.217,4.664597745,1.557922782,20.81605541,41.16904663
s2-80-user,fifo+first_fit+none,10,6.322125745,2.766877995,2.479196459,0.05659482225,1,0.01945646817,2000,1600,0,21985.12226,22008.947,31436.64,33072.958,24845.85853,24215.459,35934.515,46124.225,34.73624573,17.07323831,121.0108284,268.0517255,34.73624573,64027.43557,352,22630.20741,31706.991,0.8384960187,0.8402822013,0.245394243,0.9434051777,355.26798,0,0,355.267872,0.000108040404,0,0,0,0,0.9805435318,1.500547811,0,1,769,301971.275,0,0,3957,626,21959.13562,21992.946,31479.287,34041.854,24745.65187,24050.167,35248.146,40353.151,40.12051735,15.45298538,166.2702152,353.8543146,484,22138.37257,22154.55,31643.025,33098.815,25968.87644,24916.516,39561.041,48933.15,33.60860136,17.56933082,108.1452514,364.1764816,343,21679.46324,21865.149,30670.467,32922.656,23925.43348,23650.129,34152.826,40217.153,26.73724693,16.75841163,90.51834311,165.5804148,147,22304.41156,22279.43,31557.253,32772.437,23722.69184,23657.588,32653.727,35008.307,34.18442555,23.27446038,85.94148037,156.3914741,831,21860.52471,21865.149,31431.302,32985.973,24635.55867,23909.334,35654.142,46256.185,35.82725603,17.00439027,129.5741258,265.8666167,627,22364.35078,22353.378,31545.208,33426.78,25322.18252,24628.971,36074.898,48824.622,34.64438048,17.13000676,117.8451438,343.1920837,142,21039.80037,21447.886,30687.956,34140.83,23973.35185,23449.529,35381.926,40355.327,28.75716091,17.00931763,88.41466025,172.1476974
s2-80-user,fifo+first_fit+none,11,1.866227473,0.5413863454,0.8938455335,0.04228249023,0.3785450062,0.01016809751,2000,1600,0,4494.091569,3823.115,11334.116,12387.201,7298.890637,6573.96,15914.475,26817.081,6.364498979,2.757878203,23.67780951,49.73451239,6.364498979,11691.36767,333,4626.360952,11537.831,0.7793887796,0.5852194341,0.176958281,0.9577175098,199.7290222,0,0,199.7289062,0.000116,0,0,0,0,0.9898319025,1.326527242,0.6214549938,0.3785450062,811,259943.309,0,0,3357,640,4373.118331,3725.991,11375.133,12406.441,7670.952234,6793.323,17611.684,34749.369,6.25442575,2.259405553,25.48306248,51.97537309,470,4711.52014,3943.607,11446.767,12567.029,6860.325655,6517.324,14604.029,19090.983,6.529735282,3.088147978,23.63722581,42.94312083,327,4205.924994,3662.646,11006.596,11688.259,6749.425713,5735.634,15673.746,27188.027,6.916087457,2.755239137,23.67780951,57.65495735,163,4920.238276,4524.51,11564.79,12676.342,8204.909957,8004.853,17694.322,34891.673,5.213679177,2.654963451,18.86093617,36.29977769,789,4641.660186,4092.204,11446.767,12376.429,7538.256312,7049.354,16234.667,30954.577,6.54105117,2.753793151,24.63036278,50.61294831,653,4400.478706,3662.438,11147.805,12463.354,6925.681277,6267.477,15212.451,21577.06,6.077874207,2.910624713,21.66167678,45.96012498,158,4144.076127,3507.469,10930.479,12355.456,7646.018449,6257.871,20340.526,31313.087,6.667450233,2.498408471,30.14373191,86.69693333
s2-80-user,fifo+first_fit+none,12,0.9721026187,0.304943526,0.4919689976,0.03900097769,0.1105710814,0.02561803604,2000,1600,0,1689.775902,772.998,6238.252,7947.544,4206.109281,3095.847,11550.338,20067.291,3.692421849,1.410788074,13.33686153,33.56061269,3.692421849,7230.205324,349,1821.74641,6561.653,0.7472870939,0.5335990509,0.1901280539,0.9609990223,159.2745022,0,0,159.2743798,0.0001224646465,0,0,0,0,0.974381964,1.495473477,0.8894289186,0.1105710814,823,232305.539,0,0,3232,597,1702.151199,733.469,6442.712,7994.799,3193.111985,2308.421,8946.114,11923.354,4.344495072,1.59521867,16.92838753,33.56061269,519,1692.461447,772.278,6332.095,7642.172,5406.765437,3658.834,16366.43,24421.779,3.582304724,1.250000119,14.22849913,37.40341914,324,1632.736222,916.241,5766.111,7947.544,4431.707485,3644.411,11550.338,14854.189,3.056110418,1.383516938,9.363817853,33.36889642,160,1750.394688,737.163,6074.909,8116.712,3634.390669,3098.709,8857.33,13803.63,2.905096706,1.537104609,9.136676567,17.62693182,777,1755.496767,883.617,6225.566,7766.322,4260.992072,3137.886,11920.818,20912.821,3.679985704,1.469522964,13.33686153,32.7904,660,1669.920808,743.893,6351.16,8031.561,4162.063124,3068.613,10828.383,18625.836,3.749394541,1.380834931,13.69762726,36.64894981,163,1456.887865,458.316,5911.766,8125.501,4122.836485,2744.371,10386.708,30540.233,3.521016378,1.270577061,11.92311854,47.07385187
s2-80-user,fifo+first_fit+none,13,0.4922239701,0.1358193437,0.2209604711,0.04124417117,0.07380073801,0.02039924611,2000,1600,0,771.7748575,280.043,2801.817,3752.817,2883.057561,2241.95,7713.783,13136.622,2.19110401,1.192826571,5.940128665,18.22690129,2.19110401,4512.693172,351,910.8787123,3013.94,0.8134761405,0.4726041314,0.1730375907,0.9587558288,158.1719111,0,0,158.171831,8.008080812e-05,0,0,0,0,0.9796007539,1.452903848,0.926199262,0.07380073801,813,185318.73,0,0,3119,628,786.4623248,383.26,2565.336,3546.071,2917.561581,2488.808,7116.584,11442.284,1.773048929,1.193752067,4.516477153,6.471857259,479,801.1111232,257.304,3088.561,3946.616,2747.139674,1883.762,7649.403,13717.918,2.504117292,1.219350026,9.629243497,18.41480855,328,689.885439,165.087,2679.694,3740.917,2532.398689,1848.505,6337.988,11493.68,2.576069611,1.153492328,9.796433333,23.51763425,165,793.4956364,236.293,2952.924,3771.962,3843.374248,2998.411,11140.416,17825.351,2.108294988,1.123886762,6.062579676,27.48360587,787,756.3885629,280.043,2711.679,3669.837,2862.217915,2272.2,7237.964,13189.846,2.175329768,1.158857906,5.668518344,18.41480855,643,786.3040964,291.052,2850.511,3771.962,2859.226788,2221.496,7989.403,11493.68,2.150164631,1.233440828,6.142828236,15.98455028,170,788.0496412,232.619,3323.222,4174.494,3069.669259,2151.948,8793.723,17825.351,2.418976647,1.195678997,8.555519843,17.3304887
s2-80-user,fifo+first_fit+none,14,1.256542953,0.4434407061,0.5035790915,0.05611871146,0.1433962264,0.1100082175,2000,1600,0,1929.843393,1155.945,6385.47,8442.952,3926.861845,2775.378,10329.244,16902.465,5.001668174,1.920034133,19.39410674,43.60510864,5.001668174,8550.963805,378,2005.430751,6626.29,0.8158879861,0.635173993,0.2476222055,0.9438812885,217.9137489,0,0,217.9136211,0.0001277575758,0,0,0,0,0.8899917825,2.376995049,0.8566037736,0.1433962264,795,178937.446,0,0,3274,594,2102.006769,1192.09,6467.612,8293.643,3514.276657,2476.844,9793.729,13104.516,6.943273699,2.458164829,27.64833079,70.4198389,514,1748.945292,942.87,6075.605,8223.211,4126.841315,3123.297,10176.844,13836.956,3.282768341,1.55560538,12.53377875,23.54910189,336,1883.965339,1151.673,6387.758,8507.248,3494.18383,2556.364,8963.744,12066.569,5.16470507,2.004838422,16.8459927,48.06402504,156,1969.148551,1370.554,6085.842,8730.352,5770.874455,3571.389,18895.64,31781.012,2.921029937,1.704736524,9.228339862,19.21961636,805,1899.542307,1151.673,6148.493,8068.096,3911.61405,2768.608,10282.847,14908.213,4.856535797,1.903093107,18.89843336,38.33075869,635,1988.089917,1119.535,6712.365,8730.352,3896.470255,2790.727,10167.857,17322.92,5.310294168,1.918731239,23.33074252,48.06402504,160,1851.129844,1256.342,6267.797,7689.105,4124.193938,2751.177,10898.638,31534.707,4.507006031,1.953358145,14.89763761,31.45086838
s2-80-user,fifo+first_fit+none,15,4.76088074,1.860917511,1.770472453,0.06899335815,0.9614427861,0.09905463207,2000,1600,0,15821.2824,16671.152,22449.897,24489.582,18932.09636,18759.724,28708.262,39146.256,22.76480183,10.94774189,81.38818187,175.8710287,22.76480183,42422.76423,357,15944.50207,22237.717,0.8310623522,0.8432448842,0.2729937202,0.9310066419,413.4442422,0,0,413.4441168,0.0001254141415,0,0,0,0,0.9009453679,2.196018622,0.03855721393,0.9614427861,804,291653.558,0,0,3842,654,15944.94968,16876.191,22518.106,24587.161,18541.64838,18614.189,27068.239,35958.092,23.11880846,11.58561103,80.73008845,150.483915,498,15775.83225,16599.204,22386.749,24276.439,20013.75524,19372.318,31513.807,42528.943,16.19429436,7.718056557,59.40261731,128.2122169,299,15622.55384,16088.417,22537.497,24489.582,17613.31078,17914.924,26581.394,38762.583,35.56297198,18.77541835,129.1163348,255.7474667,149,15829.17246,16179.544,22444.731,25386.971,19677.08797,19709.26,31226.322,40792.811,17.48922812,9.540213826,60.74782352,119.2741679,796,15780.16922,16382.86,22337.258,24498.2,19141.66968,18799.632,29832.838,39641.814,22.23534637,10.52649102,87.3015517,180.4693027,652,15953.96175,17061.174,22529.35,24758.128,18973.12364,18854.004,27967.389,37633.506,22.6803691,11.02449649,80.57137101,153.8065167,152,15467.46106,15748.579,22338.485,23885.156,17658.60857,17773.835,25484.805,41297.14,25.89964849,14.19480878,84.79566609,185.1649706
s2-80-user,fifo+first_fit+none,16,4.015374879,1.867631798,1.319142491,0.05302506312,0.710199005,0.06537652259,2000,1600,0,7815.966767,9491.368,16726.955,19201.424,9473.711778,10189.482,18770.884,24916.797,20.50620685,8.813426021,81.68183465,164.6583,20.50620685,44144.22277,364,7942.640354,16914.379,0.8487293023,0.7065502368,0.221758158,0.9469749369,191.0116133,0,0,191.0115064,0.000106949495,0,0,0,0,0.9346234774,2.188295766,0.289800995,0.710199005,804,156358.345,0,0,3713,625,7536.667307,9295.967,16646.828,18055.45,8963.261149,9941.57,18403.92,26405.95,22.89044849,10.14277499,92.88680224,165.2351167,493,8043.074178,9550.588,16932.882,19762.412,10027.61821,10406.799,19827.996,25272.041,19.59492403,7.739008185,74.32552309,169.6289333,322,7917.335957,9509.691,16570.405,18182.911,9347.39491,10141.042,18117.258,21406.487,22.26533894,8.538557736,81.74784142,160.3492,160,8003.200075,9608.124,16582.691,19774.619,10015.14806,10569.651,19993.046,28421.546,10.46039976,6.900108946,32.15455277,63.28737957,796,7615.523735,9447.122,16599.212,19655.082,9323.029989,10057.028,19454.522,24916.797,20.18863113,8.584820423,80.95968921,164.0556167,633,7934.431392,9500.836,16765.316,19090.877,9551.318768,10256.701,18735.953,26058.501,20.16956307,8.580585961,76.55161019,170.5460167,171,8310.496275,9538.896,16846.085,19330.246,9887.849088,10334.14,18211.913,24607.277,23.23068507,11.32562909,114.0080193,169.6289333
s2-80-user,fifo+first_fit+none,17,2.839990733,0.9447380424,1.282948111,0.05792520856,0.4948586118,0.059520759,2000,1600,0,6630.84256,3087.179,16268.004,17687.123,9439.717657,8575.718,19857.326,28961.864,10.1045019,3.262617768,41.31860288,113.1871252,10.1045019,19387.33375,372,6634.573441,16331.931,0.834688014,0.6386640402,0.2083552538,0.9420747914,326.3189978,0,0,326.3188647,0.0001330909091,0,0,0,0,0.940479241,1.765458294,0.5051413882,0.4948586118,778,258751.168,0,0,3527,628,6881.814951,5483.176,16639.748,17589.703,9891.717341,9986.481,19858.687,27332.003,9.485229506,3.190994106,38.60015137,113.1871252,486,6225.028051,2247.58,16268.004,18127.065,9514.742897,8213.825,21704.354,30384.199,8.25779295,2.634803009,29.51396494,115.0589143,340,6619.890938,3462.009,15485.563,17729.548,8493.881776,7097.869,18171.268,33962.262,14.57878906,4.513523927,57.38350611,137.4982565,146,6927.683253,3682.28,16517.492,17836.778,9448.389795,8743.088,20074.812,24205.965,8.495912767,3.179124212,40.8654474,76.36248477,822,6582.611283,2949.973,16517.492,17604.624,9356.944136,8303.792,19821.17,25825.353,9.852769827,3.126850171,41.04072949,104.5331752,617,6617.863522,2939.197,16230.855,17787.694,9491.316806,8380.278,20219.433,33724.7,9.640708022,3.289278059,37.61876515,110.233992,161,6926.83123,6907.6,15307.093,18159.143,9664.582006,11263.458,19577.556,26300.076,13.16713913,3.422221607,62.98816324,154.3370703
s2-80-user,fifo+first_fit+none,18,1.106739026,0.3029423699,0.5894976354,0.02850017062,0.1147540984,0.07104475154,2000,1600,0,1591.748146,0,7474.932,12009.701,5571.879906,3274.049,17890.939,35142.193,3.398780808,1.025801417,13.24933994,31.98786134,3.398780808,6002.883743,356,1699.023,7086.878,0.7218480712,0.4174813615,0.150759209,0.9714998294,187.8835089,0,0,187.8834078,0.0001010909091,0,0,0,0,0.9289552485,2.128834442,0.8852459016,0.1147540984,793,390957.681,0,0,2873,654,1579.144778,0,7628.187,12600.503,8006.184804,4649.72,23901.401,48792.752,2.305292647,1,7.965237447,21.13225265,489,1719.103511,179.324,7961.493,10573.159,4298.532879,2742.989,12819.733,19171.124,4.907586386,1.143286165,18.85687468,67.82431,318,1483.007572,0,7414.15,9778.436,2903.336796,1915.153,9828.197,11751.494,3.486209071,1,16.36238518,26.01073765,139,1451.786496,88.226,6406.995,12425.018,4703.016604,3096.555,17124.92,22845.942,3.035709885,1.038681438,11.88491833,22.42483378,807,1701.323825,0,8385.317,12442.512,5296.222565,3075.06,16965.428,27922.209,3.858157478,1.045688807,14.41822919,35.84748661,633,1424.010578,0,6242.223,9831.163,5957.940564,3334.834,20056.965,39079.836,2.719774443,1,10.00030945,22.98597976,160,1702.687563,59.691,8345.261,13031.502,5434.874137,3743.236,13783.431,48792.752,3.768118657,1.049104536,15.7469882,59.32000247
s2-80-user,fifo+first_fit+none,19,0.3618840724,0.1195725574,0.1587616352,0.02845211365,0.02527075812,0.02982700802,2000,1600,0,350.9256981,0,2013.125,3743.3,2940.653622,1468.217,9473.308,24902.687,1.86191797,1,5.22956713,15.3633,1.86191797,3830.356372,338,421.1015059,2068.088,0.7311281059,0.2554649284,0.118603123,0.9715478863,133.6057911,0,0,133.6057116,7.951515154e-05,0,0,0,0,0.970172992,1.596664001,0.9747292419,0.02527075812,831,281848.463,0,0,2680,656,326.562779,0,1887.769,3839.171,4064.703666,2034.423,13193.53,42543.581,1.459642175,1,3.421126987,9.322996788,468,433.9730556,0,2283.578,4434.816,2084.65634,1114.41,7042.073,16062.37,2.257903775,1,6.800784231,24.60208629,316,249.0250348,0,1504.647,2647.647,2330.83487,1282.13,7528.268,17500.943,1.873276016,1,6.488029489,17.52501367,160,409.1539562,0,2316.157,3689.502,2040.232531,1283.897,6176.1,13723.844,2.330558115,1,7.434224454,37.96755,769,368.2589116,0,2252.678,3870.739,2888.325632,1522.709,8637.173,22704.769,1.774907459,1,5.621838202,11.15825276,662,338.5816495,0,1996.769,3914.005,2997.848955,1370.139,10028.385,28158.885,1.907222067,1,5.710828781,16.22646021,169,320.4080592,0,1765.252,2863.912,2954.718207,1311.218,10955.622,27094.338,2.080378155,1,4.347086217,28.09841739
s2-80-user,fifo+first_fit+none,20,2.655682259,1.041363386,1.018082009,0.04578531395,0.4134495641,0.1370019868,2000,1600,0,4590.696432,2563.253,12909.456,14311.157,7695.806184,6609.652,18358.238,31658.689,9.925464615,1.753396323,45.54456183,139.9810853,9.925464615,18017.36329,353,4844.399096,13415.647,0.7791165265,0.4849805615,0.1474550533,0.9542146861,252.5370044,0,0,252.5368887,0.0001157575758,0,0,0,0,0.8629980132,2.664291326,0.5865504359,0.4134495641,803,272325.586,0,0,3183,645,4717.856918,2768.205,12909.992,14428.916,9860.454811,9141.213,25013.849,39676.774,6.916075541,1.510351416,32.00931103,88.74774335,467,4573.967936,2952.968,12682.198,14102.372,5895.032627,4892.594,14467.775,17514.865,15.39850671,2.939015098,71.81255535,199.2850167,310,4602.27911,734.717,13415.647,14622.694,7040.330084,5754.321,16562.451,21503.69,5.7795882,1.578200924,24.30809147,51.20596766,178,4153.634994,198.923,12915.931,15873.199,5718.056062,3670.035,15016.394,18586.755,13.69157127,1.25,79.24151431,143.9621833,797,4511.924657,2574.167,12915.931,14592.368,7559.2621,6509.274,18329.972,30148.044,9.353640897,1.666574812,41.61190264,132.5996062,621,4635.883118,2060.152,12987.175,14301.919,7962.900741,6693.416,19622.835,38188.694,10.73669918,1.787915879,49.00667767,164.1141291,182,4781.46661,3173.965,12356.332,14015.044,7382.399126,6444.687,16598.399,26503.318,9.66154614,1.982430405,44.93327986,144.27755
s2-80-user,shortest_estimate+topology_aware+conservative,1,0.1139471784,0.03239912453,0.04044771313,0.02484534943,0.01477832512,0.001476666196,2000,1600,0,120.3061231,0,512.884,2921.841,3306.255427,1323.17,10041.031,46326.346,1.13928272,1,1.41699233,4.415528394,1.13928272,2258.068338,370,443.9891243,2610.507,0.7269504091,0.1493789924,0.110705211,0.9751546506,142.7740111,0,0,142.7739301,8.101010104e-05,0,0,0,0,0.9985233338,1.11205882,0.9852216749,0.01477832512,812,331001.651,155,49,2624,647,146.5613447,0,625.745,4054.793,2450.090702,1582.651,7900.884,15199.784,1.177559112,1,1.512834872,4.415528394,468,75.42295299,0,249.307,1488.009,1674.427549,941.173,6023.898,9325.932,1.112630768,1,1.31113364,4.440603173,333,136.9602643,0,414.703,3396.578,7389.041477,1380.644,46326.346,86400,1.13906187,1,1.353285071,5.4866967,152,110.2559013,0,645.23,2383.863,3030.375625,1909.273,10612.137,15590.314,1.058900025,1,1.380931909,2.400860644,788,88.1521231,0,385.419,2729.714,3263.828129,1412.749,9325.932,48633.587,1.143881321,1,1.250000979,4.129905828,648,133.1676003,0,598.995,2921.841,3241.930182,1260.046,12173.163,44785.025,1.104898112,1,1.439024362,3.16345727,164,223.9836524,0,1027.948,5051.26,3764.276585,1311.824,10592.152,67156.945,1.253048136,1,1.769192215,10.26417565
s2-80-user,shortest_estimate+topology_aware+conservative,2,0.1874485431,0.03884271826,0.07916335211,0.05559139724,0.01283697047,0.001014105039,2000,1600,0,195.9054219,0,1003.805,3971.418,3448.845597,1628.413,13150.249,25871.625,1.139288284,1,1.698806207,3.813692886,1.139288284,2283.622005,332,787.8349428,3883.17,0.7638962761,0.1843998424,0.1072839027,0.9444086028,344.0861956,0,0,344.0861115,8.404040408e-05,0,0,0,0,0.998985895,1.084877029,0.9871630295,0.01283697047,779,300434.199,232,69,2872,636,264.9789544,0,1406.914,5487.548,4864.329824,2157.694,18436.322,33047.421,1.113592168,1,1.822782595,3.388759924,502,157.4944741,0,823.445,3971.418,2684.185291,1553.278,8762.787,19185.165,1.124551405,1,1.45039447,3.152418394,311,111.7643248,0,622.709,2128.815,1873.023945,1164.749,6079.314,8940.839,1.208110563,1,1.928944236,6.194925909,151,205.9677417,0,1392.509,5480.83,3274.620689,1705.867,10472.332,27804.152,1.15476454,1,1.558418784,5.232602241,821,230.2476358,0,1162.987,4407.098,3605.493462,1665.627,13267.089,26351.964,1.140729782,1,1.826241102,3.986685787,635,164.9461606,0,724.958,3971.418,3312.281167,1628.413,12271.414,25060.023,1.151289755,1,1.698806207,3.813692886,144,136.6288472,0,1142.16,2995.382,3157.946403,1522.32,13763.907,27939.411,1.078146592,1,1.338051703,2.214092969
s2-80-user,shortest_estimate+topology_aware+conservative,3,0.277711648,0.0649338644,0.1637726078,0.02867680023,0.01552393273,0.004804442761,2000,1600,0,382.2802388,0,2076.665,6177.226,2993.448001,1394.358,10764.664,25769.618,1.36374453,1,2.839915867,7.803331535,1.36374453,2691.250092,377,1368.479902,5876.543,0.8225676558,0.2901642223,0.1383236738,0.9713231998,132.7465622,0,0,132.7464914,7.07878788e-05,0,0,0,0,0.9951955572,1.196465739,0.9844760673,0.01552393273,773,209683.476,375,113,3172,639,395.5892379,0,2032.702,6247.208,4164.460197,1998.018,15520.836,31195.015,1.271978337,1,2.309274663,6.81843579,481,304.9032807,0,1933.374,5341.14,1943.278177,1038.976,6042.395,10994.371,1.3982295,1,3.075019281,11.47291722,318,553.051739,0,3204.599,6652.261,2782.664494,1431.074,10089.665,16178.219,1.521878501,1,3.209662391,8.160087572,162,224.3081975,0,1401.041,3425.642,1906.312488,1041.34,7403.693,10739.754,1.312909491,1,2.720939574,6.141944904,827,368.5782261,0,2076.665,6066.094,3043.023158,1416.987,10694.422,24780.654,1.397094534,1,2.895775841,8.160087572,629,380.3312734,0,2140.757,6199.145,2815.631033,1402.616,10739.754,17844.424,1.352356868,1,2.911489322,7.803331535,144,469.4848472,0,920.912,6652.261,3485.449507,1296.776,13535.721,31195.015,1.221955542,1,1.868296551,6.703124323
s2-80-user,shortest_estimate+topology_aware+conservative,4,0.1371145832,0.03474732523,0.05057423112,0.02762862769,0.01721854305,0.006945856091,2000,1600,0,168.9154894,0,641.29,3910.231,2764.78934,1519.681,9536.019,16092.717,1.140002529,1,1.519692092,4.562499032,1.140002529,2300.531879,354,722.9992542,3839.451,0.8052386762,0.2592297786,0.1424271945,0.9723713723,130.5669667,0,0,130.5668946,7.204040407e-05,0,0,0,0,0.9930541439,1.236867239,0.982781457,0.01721854305,755,223893.334,224,59,2977,615,148.3032341,0,607.37,3729.184,2119.557455,987.326,8429.442,13045.387,1.189558915,1,2.083653527,5.249088677,495,223.3107273,0,807.731,6646.651,3864.008695,2303.037,13137.422,22890.924,1.057401913,1,1.391989388,2.150082986,334,106.4935988,0,585.648,2243.312,2429.807446,1566.803,8411.861,12069.118,1.092767381,1,1.375000638,3.330118224,156,211.2219359,0,1272.026,5854.44,2537.789218,1716.279,7598.06,11687.581,1.307865784,1,2.236235673,8.55405691,845,123.2958651,0,585.648,3152.576,2841.039219,1583.194,9902.075,15429.676,1.138971241,1,1.462709682,4.411941865,608,208.7148207,0,610.742,6646.651,2679.441069,1501.245,8880.235,17447.354,1.129218803,1,1.442640378,5.099464691,147,266.5385442,0,985.792,6325.699,2679.487306,1460.737,10702.024,20971.717,1.190532762,1,2.016202618,5.751694854
s2-80-user,shortest_estimate+topology_aware+conservative,5,0.1043523261,0.03055656569,0.03103553871,0.03416235547,0.007957559682,0.0006403065977,2000,1600,0,70.72862375,0,393.536,1795.236,2250.098234,1502.588,6506.459,11427.432,1.069701988,1,1.336407074,2.46297751,1.069701988,2140.594945,334,291.7705299,1772.288,0.7367548784,0.1587963251,0.1008916631,0.9658376445,127.5502133,0,0,127.5501638,4.949494952e-05,0,0,0,0,0.9993596934,1.064285677,0.9920424403,0.007957559682,754,209107.581,184,60,2639,639,90.38052113,0,579.335,1976.768,2223.931488,1439.125,6416.136,14041.681,1.105448026,1,1.546557255,2.529231608,486,75.76839918,0,267.052,2561.235,1886.56407,1269.578,5465.574,10421.832,1.051661313,1,1.313705653,2.348924171,322,42.84980124,0,147.685,1068.445,2799.498584,2203.499,7485.094,11427.432,1.038676034,1,1.141174214,1.963096495,153,31.31743137,0,161.705,906.339,2357.884131,1555.425,6827.049,14317.204,1.043011837,1,1.250000227,1.625907883,846,72.01315485,0,432.424,1911.502,2291.735738,1476.327,6735.297,12341.63,1.067281378,1,1.327460124,2.327400131,602,70.22525748,0,371.17,1451.474,2167.10242,1512.628,6289.937,10126.524,1.074033616,1,1.336407074,2.46297751,152,65.57278947,0,369.038,1795.236,2347.059763,1585.76,6880.407,14738.915,1.066019065,1,1.364052441,3.759456421
s2-80-user,shortest_estimate+topology_aware+conservative,6,0.2605069344,0.05997115906,0.1290202429,0.04071954162,0.02722772277,0.003568268092,2000,1600,0,380.5527981,0,1635.999,7867.107,2305.233611,1235.471,8234.315,16352.044,1.302207646,1,2.622869403,5.57497975,1.302207646,2620.649995,388,1379.856237,6668.181,0.8669398247,0.4065901526,0.1880323938,0.9592804584,144.3287467,0,0,144.3286614,8.525252527e-05,0,0,0,0,0.9964317319,1.172016549,0.9727722772,0.02722772277,808,175110.486,473,114,3617,647,375.0239969,0,1835.08,7259.467,2436.651558,1324.658,9185.423,14135.317,1.343020144,1,2.881467128,5.508705192,472,301.9889258,0,1407.656,8020.633,2091.694644,1216.969,7166.087,13475.074,1.267886744,1,2.513126012,5.44686614,318,192.7531384,0,920.85,3590.299,1452.414544,1064.637,4244.528,6824.056,1.210429895,1,2.054134369,3.625202267,163,996.3784049,0,5447.739,31385.306,4065.720994,1373.133,18409.282,38658.957,1.418643869,1,3.211201113,8.954916415,792,377.9300404,0,1594.704,8020.633,2388.032777,1279.663,8660.778,22993.578,1.295483709,1,2.870876992,6.014069567,644,374.357955,0,1650.381,7867.107,2179.193567,1190.979,7264.178,13182.796,1.338929874,1,2.781965293,6.397178071,164,417.5448902,0,1635.999,9549.646,2400.311957,1221.974,9711.678,17343.487,1.190477423,1,2.333615806,3.575480244
s2-80-user,shortest_estimate+topology_aware+conservative,7,0.168644294,0.0425095119,0.07179909927,0.03216052757,0.02109181141,0.001083343799,2000,1600,0,207.9985837,0,910.425,5268.965,4017.260391,1524.102,14881.654,41541.625,1.185082584,1,1.859175308,4.939775987,1.185082584,2300.286144,369,807.3711463,4740.707,0.7706271028,0.210096047,0.1070823918,0.9678394724,222.7355844,0,0,222.7355013,8.315151523e-05,0,0,0,0,0.9989166562,1.096139788,0.9789081886,0.02109181141,806,387786.479,224,72,2696,632,240.6471218,0,1085.729,8957.468,3563.016847,1459.76,13177.012,31856.608,1.170999392,1,1.938334961,4.998915606,504,202.1251825,0,1063.41,4296.098,5867.722933,1897.272,31540.359,68088.711,1.189778872,1,1.755962697,4.927684996,308,186.2843864,0,808.435,4042.623,2660.244039,1126.838,9480.756,24778.908,1.235598941,1,2.142811057,4.315508998,156,137.5773718,0,725.934,3622.902,2558.349083,1471.783,9333.713,13588.796,1.127227526,1,1.640661048,2.850885625,794,176.8721688,0,793.273,5625.811,4143.402356,1598.265,13588.796,51957.523,1.15197391,1,1.572056275,4.849766142,644,212.9061413,0,910.425,4383.931,3920.565554,1455.573,15291.187,41541.625,1.214606186,1,2.005462869,5.697049627,162,341.0473889,0,1660.086,10496.639,3783.400852,1507.748,13177.012,29227.13,1.229990536,1,3.092072227,5.51316723
s2-80-user,shortest_estimate+topology_aware+conservative,8,0.09618859743,0.03462511637,0.02326805794,0.03047928234,0.0075,0.0003161407919,2000,1600,0,66.17911937,0,295.043,1502.091,1590.613298,756.001,5517.692,12334.941,1.089818286,1,1.514347225,3.029257816,1.089818286,2155.117583,390,216.2674051,1273.005,0.7434298364,0.1877969992,0.1008120443,0.9695207177,81.01518,0,0,81.01510958,7.042424245e-05,0,0,0,0,0.9996838592,1.049076817,0.9925,0.0075,800,143420.605,195,39,2716,674,79.86773887,0,394.727,2277.395,1279.724601,630.454,4934.167,8645.999,1.114987657,1,1.646714041,3.731000148,490,47.61771224,0,222.248,1333.916,1420.419651,670.362,4270.192,12710.929,1.062827468,1,1.328041579,2.653480983,303,60.5819505,0,398.6,1273.005,2285.840518,1128.991,7770.511,13651.835,1.083926751,1,1.436497322,2.660356703,133,77.94530075,0,388.317,2134.023,2209.260075,1187.039,9994.052,14700.107,1.075130157,1,1.6894213,2.251424244,800,50.55635375,0,246.92,1168.753,1600.311775,718.767,5469.845,12823.07,1.077841739,1,1.498051402,2.653480983,629,72.80708903,0,342.168,1786.978,1592.39472,820.967,5504.738,11139.827,1.102245392,1,1.516211378,3.075069075,171,114.8880058,0,577.355,3858.559,1538.687591,777.481,5859.484,9075.765,1.100137507,1,1.648732343,3.029257816
s2-80-user,shortest_estimate+topology_aware+conservative,9,0.1230066723,0.03785255339,0.04562358889,0.02886236707,0.01007556675,0.0005925961629,2000,1600,0,170.0806081,0,578.515,3474.774,2588.805904,1286.046,8771.385,17808.118,1.138482233,1,1.655500839,3.999277796,1.138482233,2369.523244,346,734.7818324,3422.472,0.778882347,0.1944233147,0.1189345849,0.9711376329,129.8996556,0,0,129.8995933,6.222222225e-05,0,0,0,0,0.9994074038,1.068914212,0.9899244332,0.01007556675,794,221243.826,224,57,3013,645,140.0484915,0,541.297,2803.393,2544.383098,1345.72,7958.555,16787.21,1.152694882,1,1.886084232,3.999277796,474,104.7402173,0,519.129,3640.327,2482.118743,1164.604,9820.481,14205.932,1.107972222,1,1.466026019,3.496594054,330,332.8411515,0,651.101,5291.264,3089.197676,1529.286,11378.759,24922.268,1.133548864,1,1.765235395,4.203371318,151,147.7698874,0,944.59,3242.671,2019.886305,951.29,8602.153,13690.463,1.184327254,1,1.726735128,5.635410277,806,237.9172928,0,860.094,4172.362,2720.121491,1310.775,9244.384,20652.312,1.145306487,1,1.765235395,3.61691868,627,103.5036762,0,450.308,1969.365,2538.450464,1305.432,8158.277,17808.118,1.136892477,1,1.51816811,4.139121607,167,92.6397006,0,651.101,2012.7,2144.090323,1115.233,7715.593,16394.706,1.111514733,1,1.463773232,4.625021574
s2-80-user,shortest_estimate+topology_aware+conservative,10,0.6300081244,0.08872499565,0.4325018279,0.04800252575,0.05721716515,0.003561610001,2000,1600,0,1218.425033,0,5484.198,23540.843,4070.976996,1578.5,14895.457,36323.026,1.518217805,1,3.880433195,10.04222582,1.518217805,2911.719114,352,4583.237287,22676.01,0.9102562582,0.4359739027,0.215914013,0.9519974742,298.6110778,0,0,298.6109758,0.000102020202,0,0,0,0,0.99643839,1.17983727,0.9427828349,0.05721716515,769,281945.11,584,216,3793,626,1340.569494,0,6196.729,24898.95,4120.103037,1794.87,14319.918,36323.026,1.641238307,1,4.369281081,11.71554977,484,1498.11789,0,6912.471,45143.396,5321.914988,1390.08,20496.103,56585.413,1.39107176,1,3.15663007,6.23256633,343,885.5122536,0,3237.55,22676.01,3117.491052,1639.387,9546.686,33297.472,1.476594248,1,3.884214295,9.337991724,147,554.1754286,0,3229.454,10540.761,1967.83951,1281.357,6867.751,14895.457,1.510086725,1,3.420550367,8.984637346,831,1104.133846,0,4401.021,23540.843,3866.048711,1562.377,16153.295,34805.187,1.506867456,1,3.825359368,10.04222582,627,1329.500826,0,6196.729,23793.582,4284.280622,1584.131,13444.247,43429.152,1.52209286,1,4.069937633,8.670282227,142,1396.815556,0,9344.197,19775.965,4328.399754,1641.16,16905.265,35347.309,1.567531044,1,3.77095386,13.80728785
s2-80-user,shortest_estimate+topology_aware+conservative,11,0.2138132871,0.04393222989,0.1190326031,0.03325789427,0.01726263872,0.0003279210742,2000,1600,0,330.5895831,0,1509.354,7417.797,3127.278377,1556.919,10890.87,25425.573,1.189236663,1,1.921398609,5.340713976,1.189236663,2311.906857,333,1366.225144,7417.797,0.7976196779,0.2539888727,0.1160113022,0.9667421057,155.6331689,0,0,155.6330697,9.919191922e-05,0,0,0,0,0.9996720789,1.045749891,0.9827373613,0.01726263872,811,257446.25,341,95,3027,640,387.1034172,0,1789.088,7417.797,3677.213039,1742.602,13766.156,30974.656,1.207569527,1,1.960611796,5.086727963,470,289.4641426,0,1442.408,7562.069,2427.713032,1453.039,8535.131,13118.289,1.169530696,1,1.846097252,4.642523887,327,246.2836361,0,1105.027,4098.956,2785.242823,1353.477,10987.488,26307.827,1.198874832,1,1.841232206,6.398137197,163,396.4064417,0,1947.692,12016.584,3671.34681,1845.545,13419.286,25425.573,1.154740284,1,1.844929638,3.629338087,789,411.2450659,0,2018.385,8050.676,3298.653193,1624.679,11206.449,26817.081,1.240743805,1,2.212556339,6.16085595,653,237.5640383,0,996.85,4665.049,2758.341833,1452.885,9688.65,17850.934,1.139651543,1,1.72169745,3.431904954,158,312.288981,0,2216.825,6504.948,3796.270994,1910.056,14633.466,27659.798,1.136957853,1,1.549376163,5.487154834
s2-80-user,shortest_estimate+topology_aware+conservative,12,0.08168586528,0.03003387798,0.02593513511,0.02147167414,0.002430133657,0.001815044391,2000,1600,0,89.48104688,0,328.862,2400.937,2595.668986,1388.459,8966.771,19292.63,1.109244031,1,1.313547059,3.795961574,1.109244031,2244.503618,349,364.3907937,2112.881,0.7239695005,0.1461688253,0.10050751,0.9785283259,86.11646889,0,0,86.11639867,7.022222223e-05,0,0,0,0,0.9981849556,1.110658342,0.9975698663,0.002430133657,823,232305.539,156,38,2742,597,79.96388107,0,267.343,2400.937,1558.194397,929.389,5195.139,10005.906,1.123573277,1,1.345671525,5.857368211,519,108.0932254,0,526.448,2473.095,3819.935834,1769.447,15091.977,23590.014,1.152768119,1,1.486863341,4.111499039,324,77.67190123,0,213.997,2112.881,2859.450772,1959.372,8479.109,12585.169,1.03791425,1,1.157182252,1.790731809,160,88.5322375,0,515.606,2431.15,1961.372337,1303.539,5588.553,12484.475,1.059039577,1,1.480241212,2.183517952,777,101.6671017,0,421.015,2571.923,2587.234704,1414.216,9301.366,20139.327,1.133465664,1,1.480241212,4.145701184,660,87.80201818,0,328.862,2400.937,2577.714976,1414.106,8757.637,16639.112,1.089001642,1,1.211385996,3.54511399,163,38.19021472,0,172.221,780.001,2708.571337,1219.775,8695.297,28509.755,1.075745672,1,1.250000224,3.100169179
s2-80-user,shortest_estimate+topology_aware+conservative,13,0.1418561775,0.03795723906,0.05669504667,0.03675628273,0.009840098401,0.0006075106637,2000,1600,0,144.3608406,0,718.903,2857.895,2252.033458,1392.686,6910.925,13048.531,1.12875526,1,1.66007932,3.706416762,1.12875526,2241.552066,351,585.8500684,2759.63,0.8177876897,0.2494747206,0.1247360421,0.9632437173,140.3040467,0,0,140.303985,6.165656569e-05,0,0,0,0,0.9993924893,1.067132184,0.9901599016,0.009840098401,813,184122.363,266,66,2911,628,124.9493169,0,677.686,2078.361,2251.172596,1544.329,6402.698,11565.637,1.091374788,1,1.527064041,2.651560111,479,169.1828643,0,764.508,3606.596,2110.147635,1138.986,6743.422,14707.371,1.16464116,1,2.059332083,4.826140195,328,110.748503,0,894.806,2338.107,1947.13621,1228.499,5319.49,9946.803,1.150384095,1,1.54071942,3.706416762,165,213.0004424,0,1572.838,5367.784,3273.307564,1986.962,11140.416,17191.957,1.123854243,1,1.749161486,3.987738184,787,143.2711233,0,667.642,3123.635,2249.269414,1393.091,6532.699,13946.684,1.121786777,1,1.544500855,2.928553584,643,147.9496112,0,927.117,2796.636,2211.815667,1434.84,7210.147,11565.637,1.121966034,1,1.895452934,3.766791293,170,135.8315941,0,722.061,3613.214,2416.947229,1334.715,8501.891,17191.957,1.186694484,1,2.025926555,5.482202658
s2-80-user,shortest_estimate+topology_aware+conservative,14,0.1530133016,0.04052385698,0.0622096402,0.039189435,0.008805031447,0.002285337991,2000,1600,0,153.9300775,0,788.829,2702.46,2141.071102,1100.792,7672.085,15461.498,1.194976626,1,1.772331672,6.072990402,1.194976626,2329.113338,378,619.1657937,2372.008,0.7989939039,0.2755363435,0.1504283073,0.960810565,149.4946156,0,0,149.4945124,0.0001031111111,0,0,0,0,0.997714662,1.136445647,0.9911949686,0.008805031447,795,178937.446,262,65,3006,594,120.3639175,0,871.444,2372.008,1526.174278,691.311,5754.094,11913.03,1.274007609,1,2.505626484,7.891491207,514,202.0421868,0,1025.35,4373.922,2562.388724,1481.264,8078.313,14617.13,1.157550455,1,1.630989055,3.651378663,336,86.03285119,0,464.355,1663.737,1691.216348,915.665,5589.981,10684.585,1.121045791,1,1.490106269,3.946238095,156,269.4566346,0,964.712,3446.834,4063.139391,1611.775,18190.113,31756.379,1.176601043,1,1.404131084,7.236501643,805,140.5088137,0,891.103,2491.955,2142.032344,1102.412,7406.213,14202.218,1.203278455,1,1.723824744,6.072990402,635,190.4873276,0,734.464,3446.834,2089.935321,1097.229,7755.366,15756.096,1.209446387,1,2.078119178,6.29349869,160,76.369225,0,338.768,1767.962,2339.179981,1017.823,8216.604,25809.39,1.09578119,1,1.318584431,3.611577815
s2-80-user,shortest_estimate+topology_aware+conservative,15,0.3221812548,0.05545822852,0.191663079,0.0475394426,0.02611940299,0.001401101651,2000,1600,0,650.2461356,0,2430.321,13738.149,3741.834434,1762.565,13713.275,28615.005,1.30204421,1,2.425494071,6.88990208,1.30204421,2545.8901,357,2572.994672,12517.847,0.8597189936,0.3471123571,0.1606443578,0.9524605574,278.4643022,0,0,278.4642034,9.878787889e-05,0,0,0,0,0.9985988983,1.098011387,0.973880597,0.02611940299,804,283656.317,421,103,3509,654,590.6734037,0,2410.631,12517.847,3172.606532,1568.192,11310.164,21523.22,1.279790779,1,2.401525577,6.88990208,498,1035.587902,0,3978.09,22617.153,5240.383074,2642.716,16514.011,44904.396,1.373691014,1,2.686289594,7.373797201,299,254.473291,0,1264.995,5699.396,2230.142783,1022.381,7513.732,20683.382,1.251071739,1,2.378490755,8.401713508,149,418.0075302,0,2411.921,6310.174,4265.281604,2139.081,16195.322,28742.874,1.262543569,1,2.638826299,5.102719498,796,807.711054,0,3059.74,19042.937,4157.831393,1854.145,15368.484,37131.628,1.305873073,1,2.480420333,6.905418486,652,481.4133098,0,2126.507,12512.28,3477.444267,1762.565,11937.635,23323.525,1.283596252,1,2.404362157,8.401713508,152,549.8311842,0,1403.342,21778.911,2697.418704,1333.933,9169.64,24933.047,1.361125095,1,2.265070601,5.529323692
s2-80-user,shortest_estimate+topology_aware+conservative,16,0.3258006872,0.07368407712,0.1770861486,0.0369917015,0.03606965174,0.001969108236,2000,1600,0,557.1622544,0,2245.483,10416.503,2210.462166,925.142,8241.542,21282.796,1.403926548,1,3.222610908,8.103866667,1.403926548,2752.705841,364,1958.15175,9199.698,0.9003123894,0.3377219912,0.1761587736,0.9630082985,131.0362156,0,0,131.0361379,7.765656567e-05,0,0,0,0,0.9980308918,1.124174425,0.9639303483,0.03606965174,804,138410.531,594,234,3680,625,452.6050048,0,1605.37,9994.762,1865.36395,747.883,6490.958,20430.288,1.357183518,1,3.173106025,6.489082764,493,776.0083631,0,3699.322,17859.905,2767.964947,1004.295,10010.106,30389.54,1.489762734,1,3.642210925,10.71081968,322,492.936177,0,2245.483,7863.531,1916.154795,889.028,6413.127,12281.894,1.402350265,1,2.842515813,8.103866667,160,420.5244188,0,1473.692,8444.742,2432.990206,1407.113,6743.184,21820.476,1.325206036,1,2.549157989,5.896416331,796,559.1863744,0,2467.399,13059.543,2269.909383,890.195,8759.209,22360.413,1.385885315,1,3.173106025,7.543747703,633,609.0371453,0,2863.856,12916.344,2211.17446,961.485,8110.194,20430.288,1.445287392,1,3.430675825,9.058577422,171,355.7119298,0,1462.616,10207.277,1931.100368,895.462,7186.27,20642.206,1.334800281,1,2.472729629,8.497758985
s2-80-user,shortest_estimate+topology_aware+conservative,17,0.2383181629,0.04729316366,0.1435769843,0.02398516122,0.02313624679,0.0003266069641,2000,1600,0,393.758975,0,1820.581,7386.908,3180.251095,1671.337,11385.52,22266.564,1.230970362,1,2.068390771,4.797653592,1.230970362,2418.457599,372,1432.477212,6355.611,0.8462069148,0.2852054209,0.1436491317,0.9760148388,130.4206489,0,0,130.420564,8.492929297e-05,0,0,0,0,0.999673393,1.044870043,0.9768637532,0.02313624679,778,245145.957,374,103,3186,628,524.2758854,0,1661.509,12128.814,3512.461162,1976.466,12439.026,23461.882,1.254663115,1,2.335206913,6.189690813,486,364.9392634,0,2320.071,7552.799,3620.041311,2148.613,11954.1,26300.076,1.200783891,1,1.678031046,4.182223367,340,212.31935,0,1179.014,3211.717,2081.483665,942.493,6052.23,21302.621,1.240046193,1,2.358793878,4.768782749,146,350.8222123,0,2593.283,4317.648,2846.106979,1850.123,10432.776,14667.742,1.208407308,1,1.976963865,5.406621271,822,373.2028066,0,1625.734,6976.439,3118.4111,1671.181,10888.496,20608.055,1.216659445,1,2.195313815,4.757361863,617,433.0436434,0,2358.926,7552.799,3289.983739,1720.967,11687.764,23461.882,1.226361256,1,2.075796403,5.251533717,161,348.1597826,0,1080.751,7386.908,3075.452553,1562.131,11209.629,26300.076,1.321699509,1,1.850676868,13.05754872
s2-80-user,shortest_estimate+topology_aware+conservative,18,0.1054373847,0.03151564446,0.04396422667,0.02025514031,0.00630517024,0.003397203038,2000,1600,0,120.2931506,0,557.474,2849.844,4092.119284,1606.921,16965.428,34132.782,1.127174608,1,1.378352876,3.861798032,1.127174608,2241.856492,356,472.0886489,2450.706,0.7176518674,0.131959381,0.1124946144,0.9797448597,132.4055511,0,0,132.4054841,6.6989899e-05,0,0,0,0,0.996602797,1.160936219,0.9936948298,0.00630517024,793,390125.266,148,25,2656,654,120.0355902,0,518.019,2849.844,6536.692992,2945.974,22840.127,46925.048,1.062400568,1,1.157797535,2.570096808,489,128.5950225,0,752.975,2896.897,2702.622581,1184.893,10741.319,15435.167,1.233379298,1,1.753555992,8.530690522,318,122.9782704,0,418.068,2234.736,1532.331827,995.529,4959.932,10464.267,1.114774475,1,1.600600967,2.670376308,139,86.15617986,0,301.541,3091.051,3334.745863,1568.615,15008.808,17876.58,1.086680872,1,1.555468872,3.249929195,807,127.0805167,0,707.033,2896.897,3711.730284,1548.529,16230.783,26808.492,1.162668271,1,1.600600967,4.962153182,633,127.3262054,0,518.019,2849.844,4658.128071,1680.007,19889.927,38563.639,1.105352968,1,1.327772292,3.131385183,160,58.23485,0,184.01,1334.118,3771.434044,1692.577,12140.43,46925.048,1.034485303,1,1.164924255,1.93475539
s2-80-user,shortest_estimate+topology_aware+conservative,19,0.08043442674,0.02992794868,0.02351072024,0.01774206014,0.004813477738,0.004440219949,2000,1600,0,63.42512438,0,298.12,1554.081,2644.044746,1114.41,9001.778,24248.916,1.134141396,1,1.308914187,4.028489639,1.134141396,2238.854437,338,257.5988195,1442.373,0.7235227097,0.149545133,0.0868739817,0.9822579399,82.40498,0,0,82.40494307,3.692929295e-05,0,0,0,0,0.9955597801,1.17555674,0.9951865223,0.004813477738,831,268118.137,157,54,2633,656,69.11034756,0,298.12,1554.081,3800.47702,1627.538,13386.771,42543.581,1.074097568,1,1.285721807,3.265134588,468,53.32205983,0,226.136,1369.298,1685.069831,672.762,6975.626,15676.654,1.160130594,1,1.418857485,4.244363096,316,69.32249051,0,512.694,1643.519,2147.968158,1051.6,7250.892,17476.555,1.254301997,1,1.300280124,7.654726581,160,58.019875,0,247.009,1971.702,1687.425313,805.987,5706.92,13615.689,1.0669855,1,1.481831164,2.25348729,769,68.28758388,0,337.331,1554.081,2581.90725,1214.76,8217.18,22485.277,1.145065556,1,1.289253271,4.244363096,662,57.27888671,0,269.856,1643.519,2705.149039,1057.686,10028.385,28158.885,1.136016548,1,1.300280124,3.813488509,169,65.37528994,0,291.917,1594.692,2687.433462,1074.442,10955.622,27094.338,1.077087967,1,1.519191366,2.931508799
s2-80-user,shortest_estimate+topology_aware+conservative,20,0.2675455688,0.05196883394,0.1420897806,0.03594887376,0.03237858032,0.005159500108,2000,1600,0,382.3179063,0,1801.723,7938.047,3479.218699,1606.13,13025.744,28467.479,1.259444555,1,2.272883609,6.913634761,1.259444555,2427.124462,353,1485.990178,7459.586,0.7933403948,0.2137893883,0.1117713872,0.9640511262,196.2592556,0,0,196.259179,7.65656566e-05,0,0,0,0,0.9948404999,1.217069336,0.9676214197,0.03237858032,803,268593.303,297,122,2976,645,584.2447101,0,3605.378,13289.398,5719.741733,3129.945,20690.092,43627.803,1.276736868,1,2.273792067,8.256663939,467,232.1210749,0,1091.342,5460.197,1546.194445,971.412,4922.661,12912.238,1.301473414,1,2.59293828,7.25046812,310,246.7556742,0,1522.536,5912.899,2670.698516,1674.47,8290.235,13307.652,1.108593654,1,1.56454727,2.82753502,178,280.7641067,0,1739.872,8828.608,1840.040197,730.759,9419.381,15659.987,1.349235343,1,2.233058656,8.397770352,797,363.5676863,0,1370.498,9694.795,3411.292916,1530.521,12716.498,33352.58,1.203241618,1,1.838556414,6.568085955,621,418.3947665,0,2242.988,7938.047,3728.219056,1674.47,14516.759,32711.225,1.312654602,1,2.423199155,7.25046812,182,341.329967,0,2032.852,5658.757,2927.062808,1647.354,8570.535,26503.318,1.324006651,1,2.577391655,8.772294946
s2-80-user,shortest_estimate+topology_aware+easy,1,0.1119062043,0.03244569007,0.03789412021,0.02769351544,0.01231527094,0.001557607651,2000,1600,0,115.5600475,0,480.504,2722.613,3303.764933,1334.095,10238.91,46326.346,1.142663475,1,1.419028898,4.168540834,1.142663475,2259.484716,370,467.3219568,2611.105,0.7298183447,0.158727907,0.1133637401,0.9723064846,159.6071911,0,0,159.6071109,8.020202023e-05,0,0,0,0,0.9984423923,1.117730905,0.9876847291,0.01231527094,812,331001.651,113,37,2635,647,137.866728,0,620.21,3507.817,2444.95924,1585.048,7900.884,15199.784,1.187322105,1,1.53811644,4.390540796,468,59.29284188,0,255.475,1537.834,1656.963175,953.849,5969.06,9235.755,1.117446841,1,1.31113364,3.650422185,333,168.4187808,0,741.127,4909.114,7423.955769,1406.261,46326.346,86400,1.12803406,1,1.250000979,4.839371176,152,78.05130921,0,324.503,1318.756,3003.284395,1926.776,10612.137,15590.314,1.06226114,1,1.466471838,2.400860644,788,77.95033249,0,249.307,2303.131,3256.322808,1412.749,9411.102,48633.587,1.14358522,1,1.250000359,4.274879969,648,129.4894769,0,658.516,2722.613,3241.370918,1288.395,11371.818,44785.025,1.1122427,1,1.636139549,3.070537885,164,241.2319085,0,959.628,7819.007,3778.251006,1311.824,10750.48,67156.945,1.258433757,1,2.465214779,10.30161188
s2-80-user,shortest_estimate+topology_aware+easy,2,0.1285820488,0.03175865513,0.03898645547,0.05221540213,0.00513478819,0.0004867478446,2000,1600,0,152.4605356,0,494.355,4148.039,3401.813417,1608.374,13150.249,25484.217,1.09714384,1,1.388981072,3.418012547,1.09714384,2225.253729,332,663.8845723,4148.039,0.7604153903,0.1607645084,0.1054665999,0.9477845979,322.0390778,0,0,322.0389973,8.052525255e-05,0,0,0,0,0.9995132522,1.060312597,0.9948652118,0.00513478819,779,302763.577,128,43,2849,636,223.9587752,0,634.449,5606.056,4822.282785,2124.332,18373.656,33047.421,1.078226874,1,1.434633688,2.57079852,502,122.5379223,0,643.167,2321.287,2647.826512,1567.6,8259.278,18286.543,1.091697222,1,1.398586061,3.168828728,311,72.10423473,0,388.914,1824.549,1833.409502,1132.604,6147.75,8940.839,1.143257536,1,1.391100282,4.878148289,151,116.2955099,0,227.408,4988.676,3155.830146,1660.237,10250.01,23954.777,1.099952007,1,1.295188904,5.997520046,821,188.3862119,0,634.449,5208.482,3558.485647,1639.066,13218.058,25484.217,1.090767533,1,1.391100282,3.819947087,635,118.5759559,0,449.617,2752.104,3263.596874,1625.908,11781.562,24380.604,1.110343827,1,1.434633688,3.418012547,144,97.05586806,0,445.089,2658.237,3118.060667,1473.479,13763.907,27939.411,1.07528937,1,1.21094118,2.539892176
s2-80-user,shortest_estimate+topology_aware+easy,3,0.2985013276,0.06661200286,0.1765903352,0.03154399867,0.02069857697,0.003056413968,2000,1600,0,377.79702,0,2239.196,6970.777,2991.778412,1393.928,11191.235,25046.132,1.380823442,1,2.913310113,7.57817323,1.380823442,2692.172562,377,1485.833019,6460.396,0.8211864472,0.3424529134,0.1630644045,0.9684560013,146.4512911,0,0,146.4512185,7.260606062e-05,0,0,0,0,0.996943586,1.143049536,0.979301423,0.02069857697,773,209723.434,245,81,3210,639,413.9866495,0,2580.016,6162.296,4194.480263,2056.06,15639.78,30617.045,1.348857599,1,2.676440089,5.651648574,481,324.6309667,0,1647.31,6460.396,1962.605825,1027.566,6401.303,11407.864,1.394980844,1,3.090657008,10.4732928,318,404.2591352,0,2198.244,8498.769,2625.080421,1431.074,9781.145,17426.1,1.344289813,1,2.818484479,7.355605554,162,340.9621173,0,2026.093,3292.763,2023.355531,1073.92,6644.813,13790.85,1.536589846,1,3.303218792,12.91051949,827,404.0335695,0,2496.925,8418.991,3083.300221,1423.415,11191.235,24132.416,1.3781947,1,3.161618804,7.648587584,629,334.1861351,0,1821.8,5010.567,2770.303458,1366.263,10777.038,17945.068,1.390613697,1,2.787849713,7.408727467,144,417.6138264,0,2408.552,5029.38,3433.578486,1304.018,13580.269,30617.045,1.353156073,1,2.435352076,7.424945038
s2-80-user,shortest_estimate+topology_aware+easy,4,0.157023729,0.03851474858,0.06023908349,0.03471828764,0.01854304636,0.005008562906,2000,1600,0,176.5247775,0,763.842,3931.874,2775.655078,1548.857,9458.393,16683.639,1.178950737,1,1.684462285,5.602556607,1.178950737,2378.814264,354,764.9132147,3675.571,0.8057081994,0.3368844767,0.1575106045,0.9652817124,165.2762244,0,0,165.2761417,8.278787881e-05,0,0,0,0,0.9949914371,1.178743206,0.9814569536,0.01854304636,755,223893.334,184,78,3094,615,160.7175626,0,648.351,3931.874,2127.364977,1012.288,8429.442,13598.83,1.255069412,1,2.190703597,6.735223816,495,207.8757939,0,770.244,6823.723,3855.106881,2375.247,12931.338,24905.85,1.091480094,1,1.351255922,2.709775429,334,133.9253353,0,968.912,2338.901,2469.130629,1588.009,8458.75,12284.51,1.118159235,1,1.640344515,3.49762645,156,230.5689936,0,1128.752,7095.5,2562.507231,1804.543,7598.06,12100.63,1.286574745,1,1.861371586,8.491909542,845,149.564774,0,763.842,2723.855,2866.880077,1610.001,10026.959,16367.097,1.17483997,1,1.708349701,5.959782925,608,175.4530411,0,641.29,5041.642,2656.363921,1501.245,8880.235,16911.373,1.186291605,1,1.593027212,5.602556607,147,335.9317075,0,1378.035,9315.288,2744.661197,1426.084,10687.558,23961.306,1.172218426,1,2.089563587,4.339372222
s2-80-user,shortest_estimate+topology_aware+easy,5,0.09844944669,0.03085114783,0.03085162955,0.02958600957,0.006631299735,0.0005293600106,2000,1600,0,72.66940062,0,391.204,1761.036,2250.389106,1507.125,6416.136,11032.485,1.069434611,1,1.349290775,2.516908773,1.069434611,2143.64543,334,301.0677635,1761.036,0.7333093834,0.1693612986,0.09954875522,0.9704139904,109.9428156,0,0,109.9427667,4.888888891e-05,0,0,0,0,0.99947064,1.058020966,0.9933687003,0.006631299735,754,209107.581,133,40,2631,639,88.04318466,0,590.408,1719.82,2220.352604,1417.714,6405.251,14041.681,1.091283535,1,1.530756262,2.529231608,486,87.56855556,0,282.811,2715.586,1897.841084,1282.858,5407.76,10126.524,1.0726234,1,1.410489642,2.49884598,322,42.26752795,0,162.45,1061.712,2793.971425,2203.499,7485.094,11427.432,1.039317204,1,1.080943218,2.159754188,153,25.11754248,0,21.955,906.339,2351.684242,1543.269,6827.049,14317.204,1.031438478,1,1.103461569,1.465054431,846,77.62662175,0,451.852,1933.687,2295.092196,1484.02,6671.74,12341.63,1.070969389,1,1.397527741,2.428143178,602,69.27935382,0,349.859,1472.228,2164.943194,1518.25,6266.133,10126.524,1.069157817,1,1.3257856,2.779720973,152,58.50492105,0,345.532,1649.556,2339.991895,1585.76,6880.407,14738.915,1.061988614,1,1.290908846,3.771164057
s2-80-user,shortest_estimate+topology_aware+easy,6,0.2355265402,0.06107818907,0.1103066969,0.04438033475,0.01856435644,0.001196963029,2000,1600,0,375.7843175,0,1398.708,7700.104,2303.099087,1235.471,7909.77,16868.975,1.308363875,1,2.671285928,6.093890116,1.308363875,2650.857725,388,1476.503979,6921.628,0.8651421347,0.4277092755,0.1935247009,0.9556196653,157.90688,0,0,157.9067847,9.531313133e-05,0,0,0,0,0.998803037,1.09716425,0.9814356436,0.01856435644,808,174838.895,263,78,3655,647,366.4031206,0,1522.508,7359.587,2436.323315,1300.968,8838.612,15908.045,1.308838657,1,2.555042837,6.234711669,472,303.0983326,0,1380.788,5794.701,2094.085131,1216.969,7075.071,13402.869,1.33728338,1,2.91463903,6.830314503,318,222.2273239,0,1041.885,5280.186,1478.031047,1080.683,4223.195,7258.774,1.238564915,1,2.296973179,5.196304147,163,923.0759939,0,1931.898,23527.08,3989.17362,1416.266,17932.868,34758.768,1.358909145,1,3.492036226,7.79967691,792,388.4481452,0,1398.708,8119.522,2403.992162,1282.736,8623.352,22993.578,1.313007413,1,2.91463903,6.730688792,644,371.7495652,0,1558.316,7486.564,2176.401694,1201.086,7673.314,13402.531,1.335747543,1,2.541518685,6.981192618,164,330.4710793,0,804.174,13560.53,2313.378396,1221.974,7890.619,17760.037,1.178407997,1,2.231528783,3.51799892
s2-80-user,shortest_estimate+topology_aware+easy,7,0.1490103487,0.03898669493,0.06554839591,0.02429313376,0.01985111663,0.0003310075121,2000,1600,0,221.0243519,0,831.165,5943.667,4021.660552,1504.557,14821.059,42329.968,1.198604347,1,1.705103101,6.301693754,1.198604347,2321.920964,369,917.2857425,5570.462,0.7644813849,0.2376148741,0.1142008747,0.9757068662,166.8913978,0,0,166.8913162,8.153535358e-05,0,0,0,0,0.9996689925,1.051161037,0.9801488834,0.01985111663,806,387786.479,140,34,2720,632,232.2048022,0,728.517,7421.999,3549.928252,1438.199,13177.012,31856.608,1.200940482,1,1.743754547,6.565474147,504,227.7512996,0,1148.521,5430.574,5863.595565,1888.919,31540.359,68088.711,1.196693526,1,1.671991664,5.139014667,308,194.1774383,0,672.588,3338.951,2682.3135,1097.037,9878.153,26312.353,1.217419178,1,1.651140897,4.336912086,156,207.0014231,0,1018.02,5943.667,2626.266064,1475.751,8824.704,14337.59,1.158166195,1,1.891314005,4.367701445,794,160.7543312,0,834.464,4376.008,4110.451305,1530.256,13585.551,46953.934,1.165970452,1,1.599436957,6.301693754,644,255.0523494,0,672.588,8185.749,3962.035677,1455.573,15087.857,44305.517,1.24300443,1,1.743754547,7.008874246,162,381.1500679,0,961.345,10394.815,3823.503531,1429.994,18423.62,29227.13,1.182046686,1,1.891314005,5.139014667
s2-80-user,shortest_estimate+topology_aware+easy,8,0.07953295628,0.03084257984,0.01565175806,0.02628002923,0.00625,0.0005085891528,2000,1600,0,57.0668025,0,198.467,1311.547,1579.541164,750.467,5504.738,12122.439,1.086121289,1,1.34891605,3.44279108,1.086121289,2149.576706,390,224.2482026,1198.232,0.7401982065,0.1806048988,0.09871448612,0.9737199708,69.55214444,0,0,69.55207491,6.953535355e-05,0,0,0,0,0.9994914108,1.05627927,0.99375,0.00625,800,143420.605,138,38,2713,674,74.21773145,0,257.042,1494.482,1276.209728,621.487,4980.904,8645.999,1.117735002,1,1.514347225,4.175853822,490,41.90865714,0,171.85,1105.963,1411.486133,670.875,4270.192,12710.929,1.064295317,1,1.255044615,3.008416789,303,49.38508911,0,204.651,1266.318,2264.759825,1111.271,7770.511,13651.835,1.063359237,1,1.250000047,2.793183333,133,43.49781203,0,180.712,660.1,2174.812586,1083.121,9994.052,14700.107,1.058181329,1,1.586298062,1.87701121,800,43.9535975,0,209.982,1098.187,1592.487196,716.488,5469.845,12823.07,1.068395946,1,1.34891605,2.494833606,629,72.35318601,0,147.25,2353.547,1587.282253,820.967,5504.738,11139.827,1.10908763,1,1.34462407,4.239774301,171,62.18626901,0,207.105,1366.344,1490.500404,777.57,5628.353,8705.806,1.084568338,1,1.381959315,4.175853822
s2-80-user,shortest_estimate+topology_aware+easy,9,0.140107152,0.03935009047,0.06026179611,0.02998876134,0.008816120907,0.001690383191,2000,1600,0,187.9491356,0,764.13,3716.151,2606.354508,1268.393,8935.105,16970.958,1.148902556,1,1.720996391,3.498532696,1.148902556,2386.389812,346,795.7969653,3497.438,0.7768921235,0.2165235413,0.1142341013,0.9700112387,135.1259,0,0,135.1258274,7.260606062e-05,0,0,0,0,0.9983096168,1.105359538,0.9911838791,0.008816120907,794,220671.688,172,42,3104,645,160.0433318,0,636.99,4287.304,2566.740422,1335.804,8257.441,16787.21,1.159705426,1,1.720996391,5.442116667,474,195.6892616,0,860.702,2809.717,2568.163992,1171.092,9126.737,14892.737,1.12409692,1,1.743939247,3.436505964,330,246.7463242,0,686.032,3301.743,3004.573203,1510.55,11378.759,21892.603,1.121758359,1,1.498015355,3.457179963,151,154.3554371,0,828.596,3497.438,2025.170543,894.567,9239.063,13637.962,1.239946301,1,1.880622824,10.21213333,806,253.863536,0,928.636,4934.162,2736.987519,1271.468,9538.063,19149.939,1.174458339,1,1.912308608,3.488749974,627,119.3215343,0,543.609,2262.734,2552.26956,1305.432,8173.897,16787.21,1.126312661,1,1.538841916,3.940086101,167,127.4850599,0,458.185,4287.304,2178.935683,1106.064,8287.559,16394.706,1.110375032,1,1.462559251,3.845110738
s2-80-user,shortest_estimate+topology_aware+easy,10,0.6315242756,0.08267348574,0.4421459392,0.044389602,0.05851755527,0.003797693393,2000,1600,0,1037.731434,0,5606.487,21748.103,3886.661552,1601.483,14858.427,33417.378,1.588221541,1,3.615767305,11.66139665,1.588221541,3154.370224,352,4354.505259,20800.322,0.9074001155,0.4764887389,0.2325116587,0.955610398,275.0920289,0,0,275.0919391,8.97777778e-05,0,0,0,0,0.9962023066,1.184210014,0.9414824447,0.05851755527,769,281945.11,299,140,3780,626,1180.214484,0,5514.495,28789.363,3952.344776,1725.149,14207.86,32548.526,1.700420709,1,3.90938529,15.64389698,484,1211.454372,0,8856.321,23154.216,5036.07013,1525.371,20543.01,42433.332,1.51819033,1,3.082634592,9.299956051,343,763.382621,0,4557.426,13296.569,2989.540974,1689.5,9499.308,20549.455,1.547545187,1,3.942041925,11.15265847,147,499.1283878,0,1697.075,7236.323,1915.783381,1251.208,6623.083,12139.739,1.435911442,1,2.917381957,11.00204285,831,1005.635223,0,5443.293,24764.769,3762.352721,1597.897,14858.427,33166.731,1.565661151,1,3.536287588,11.67230731,627,1063.583459,0,6628.166,20784.257,4017.796059,1608.989,14859.441,38117.257,1.592984716,1,4.105235898,11.15265847,142,1111.412648,0,7531.844,19178.117,4035.107352,1522.219,14207.86,27997.794,1.699215713,1,3.202973253,11.00204285
s2-80-user,shortest_estimate+topology_aware+easy,11,0.149406556,0.03769121046,0.06786461036,0.02988785202,0.01356350185,0.000399381256,2000,1600,0,246.3244312,0,860.535,5389.964,3041.849586,1507.959,10357.597,25241.914,1.143573889,1,1.648444423,4.521480411,1.143573889,2237.987887,333,1120.660291,5389.964,0.7945459531,0.2369954386,0.1186757765,0.970112148,139.3769022,0,0,139.376822,8.020202022e-05,0,0,0,0,0.9996006187,1.051310763,0.9864364982,0.01356350185,811,257446.25,178,53,3031,640,322.6217859,0,1029.185,7469.686,3608.916887,1683.554,13244.856,30974.656,1.167740835,1,1.900477749,4.521480411,470,216.7952043,0,860.535,6515.768,2354.480217,1438.073,8206.673,13118.289,1.11919231,1,1.670134889,4.138537956,327,135.8333884,0,629.904,3176.997,2676.81537,1284.516,10081.605,26307.827,1.147681513,1,1.504116414,6.398137197,163,253.5575644,0,1010.387,3666.329,3529.620865,1857.837,12987.225,25425.573,1.110747532,1,1.382933018,2.176883357,789,316.4023118,0,1256.058,7229.591,3202.423872,1583.284,10890.87,26817.081,1.186305591,1,1.891839185,5.694525544,653,165.2460781,0,657.234,3666.329,2684.111524,1430.857,9587.745,17801.209,1.10080553,1,1.535755399,3.390122164,158,231.4682089,0,665.14,4710.972,3718.494158,1901.144,14633.466,26474.038,1.106943674,1,1.295918926,2.346333683
s2-80-user,shortest_estimate+topology_aware+easy,12,0.08869371855,0.03116071573,0.0333572736,0.0207198791,0.002430133657,0.001025716469,2000,1600,0,95.94009875,0,422.976,2143.053,2601.685266,1372.206,9178.993,18503.24,1.123339974,1,1.362829886,3.68459245,1.123339974,2252.22427,349,402.1635358,2044.94,0.7251291414,0.1516006407,0.09662273172,0.9792801209,83.03744667,0,0,83.03737111,7.555555556e-05,0,0,0,0,0.9989742835,1.074067786,0.9975698663,0.002430133657,823,232305.539,113,32,2735,597,76.21508208,0,267.343,2143.053,1554.486831,928.181,5134.165,10235.011,1.13862069,1,1.281931893,4.297693983,519,93.37930829,0,503.188,1904.321,3800.25525,1736.152,14605.565,23590.014,1.151809437,1,1.36738351,3.68459245,324,136.1619537,0,283.487,4233.851,2920.520367,1959.372,8577.837,15280.268,1.072380581,1,1.250000773,2.551491835,160,96.396375,0,628.661,1987.111,1975.541963,1320.026,5588.553,12484.475,1.077168747,1,1.61547315,2.095031675,777,108.0995315,0,499.917,1987.111,2600.064716,1414.216,10136.249,20139.327,1.131055095,1,1.486863341,3.9445656,660,97.73677879,0,332.997,2509.794,2583.525789,1405.167,8863.406,16639.112,1.128727212,1,1.223903388,3.276673048,163,30.70274847,0,203.69,835.013,2682.939393,1219.775,8716.286,28509.755,1.064749623,1,1.097879402,1.689772141
s2-80-user,shortest_estimate+topology_aware+easy,13,0.1208454913,0.03305206552,0.04568794132,0.03223108073,0.008610086101,0.001264317596,2000,1600,0,108.5192306,0,579.331,1990.934,2213.373214,1396.979,6857.213,12676.055,1.115828565,1,1.445549039,3.317581279,1.115828565,2216.030422,351,446.9263846,1969.718,0.8155793462,0.2325723693,0.1244432213,0.9677689193,122.4554156,0,0,122.455364,5.151515155e-05,0,0,0,0,0.9987356824,1.10567862,0.9913899139,0.008610086101,813,184122.363,185,62,2914,628,84.85245064,0,571.962,1630.519,2205.328834,1513.703,6844.333,11009.268,1.06992771,1,1.40977619,2.47601792,479,120.2118372,0,582.952,1969.718,2061.085411,1117.168,6621.758,14707.371,1.124066773,1,1.445549039,3.896085806,328,93.03408841,0,518.59,2086.624,1923.867863,1214.737,5464.197,9042.548,1.182996195,1,1.482560515,3.746929125,165,195.4350242,0,1036.166,4044.538,3261.588267,1974.263,11136.956,17191.957,1.133093125,1,1.659641687,3.405582118,787,109.6823609,0,585.484,2146.848,2211.956526,1401.148,6833.191,13516.357,1.123103984,1,1.403271755,2.992756915,643,110.409367,0,582.952,1785.716,2176.361972,1419.402,6857.213,11413.256,1.100498713,1,1.522212878,3.405582118,170,95.98545882,0,386.772,2086.624,2359.921229,1297.065,8557.767,17191.957,1.140130567,1,1.513740207,6.886731831
s2-80-user,shortest_estimate+topology_aware+easy,14,0.1437342181,0.04112231453,0.05887127881,0.03435779653,0.007547169811,0.00183565846,2000,1600,0,157.8635687,0,746.498,3029.299,2143.116347,1086.965,7652.006,15058.718,1.221159804,1,1.798505519,5.295099139,1.221159804,2374.136834,378,635.8837011,3005.006,0.7944492943,0.2321301271,0.1417214919,0.9656422035,130.4077444,0,0,130.4076656,7.882828285e-05,0,0,0,0,0.9981643415,1.126619787,0.9924528302,0.007547169811,795,178937.446,162,44,2911,594,128.9123805,0,817.689,2743.153,1531.740133,718.184,5576.447,11861.555,1.295080701,1,2.181279452,10.24970604,514,182.9261051,0,1050.348,4609.075,2537.008397,1496.88,8078.313,14202.218,1.149527743,1,1.614508751,3.651378663,336,97.34638393,0,508.861,2057.048,1701.90197,934.976,5862.96,10684.585,1.201784958,1,1.689885857,3.946238095,156,315.8676474,0,1287.977,4367.638,4123.532942,1618.403,18190.113,32030.145,1.217440663,1,1.691822455,7.427588299,805,147.5883702,0,884.513,3024.58,2147.654435,1102.412,7545.149,14202.218,1.204286714,1,1.773451277,4.976126356,635,186.5573685,0,709.715,4367.638,2082.883841,1085.655,7755.366,15461.498,1.274257491,1,2.132668112,5.899076337,160,95.68214375,0,287.496,2724.208,2359.331856,976.075,9044.534,25809.39,1.095321088,1,1.389728949,3.719801416
s2-80-user,shortest_estimate+topology_aware+easy,15,0.37012722,0.06579827867,0.2311785494,0.04322849473,0.02736318408,0.002558713099,2000,1600,0,684.5265956,0,2931.384,15147.057,3775.823904,1815.986,13803.631,29763.446,1.34647648,1,2.877721468,8.683615819,1.34647648,2599.530876,357,2895.238249,14960.987,0.8607386632,0.4980749172,0.2041387615,0.9567715053,252.0718356,0,0,252.0717403,9.527272736e-05,0,0,0,0,0.9974412869,1.148572751,0.9726368159,0.02736318408,804,275117.049,275,98,3606,654,599.9779343,0,3195.628,12982.85,3170.068229,1608.672,11653.745,20622.211,1.310750688,1,2.880979437,7.090988596,498,1114.280633,0,4583.344,26723.695,5334.994042,2586.766,16918.198,45665.87,1.437309863,1,3.179960513,11.55500185,299,323.6346522,0,1312.063,6874.934,2300.472201,1028.214,7712.938,20256.035,1.320716829,1,2.795595295,9.762576067,149,343.479651,0,1851.151,7279.741,4184.063107,2141.459,15393.483,28341.376,1.251387744,1,2.470210775,5.116404531,796,842.0417412,0,4182.096,15147.057,4196.360995,1866.685,15393.483,38957.757,1.364014725,1,3.179960513,9.037364925,652,493.1089785,0,1985.554,14960.987,3482.726517,1815.986,12200.886,27654.014,1.307765332,1,2.443090546,6.095717694,152,680.7254803,0,2194.192,23242.9,2830.771086,1333.933,9169.64,26062.272,1.420681907,1,2.502517576,11.55500185
s2-80-user,shortest_estimate+topology_aware+easy,16,0.3123513593,0.06662472158,0.164825748,0.0479467682,0.02860696517,0.004347156336,2000,1600,0,572.0995275,0,2090.019,13541.684,2230.482316,879.842,8168.59,20430.288,1.412880945,1,2.913866373,9.783935593,1.412880945,2733.628675,364,2374.611766,11250.743,0.8766504068,0.4034469942,0.1765510723,0.9520532318,171.79684,0,0,171.796746,9.3979798e-05,0,0,0,0,0.9956528437,1.188935137,0.9713930348,0.02860696517,804,147473.675,294,132,3691,625,456.6382384,0,1891.794,8842.595,1871.850685,722.306,7669.648,18744.038,1.399470572,1,2.991648043,9.783935593,493,765.5655943,0,3077.034,18440.373,2766.086288,964.935,10460.046,30023.912,1.466381353,1,3.092368179,13.1310451,322,604.0757112,0,3080.122,7892.25,2033.457248,860.923,6992.733,19892.477,1.446202775,1,2.921920518,8.72960615,160,362.6508,0,572.085,17418.488,2377.570337,1260.346,6162.867,19808.06,1.233356899,1,1.645604779,5.976869078,796,449.5047236,0,2080.563,8842.595,2165.175219,870.645,8384.037,19082.802,1.381158407,1,2.905837918,8.630908829,633,777.254654,0,2543.905,18406.732,2385.867717,924.129,8479.015,24917.159,1.484938314,1,2.921920518,10.56892675,171,383.3408655,0,930.116,10631.389,1959.286357,820.149,6733.001,22799.444,1.293809749,1,2.466372934,5.418768464
s2-80-user,shortest_estimate+topology_aware+easy,17,0.2604834639,0.04905342413,0.139533112,0.0438841496,0.02699228792,0.001020490232,2000,1600,0,497.020175,0,1769.304,8806.146,3292.396052,1689.859,11343.957,23433.578,1.224761729,1,2.145376666,5.458783432,1.224761729,2392.183952,372,1981.483336,8270.715,0.8489511297,0.3068589121,0.1478352586,0.9561158504,243.5887933,0,0,243.5887073,8.602020206e-05,0,0,0,0,0.9989795098,1.088929956,0.9730077121,0.02699228792,778,249206.41,236,69,3241,628,667.1401417,0,2451.996,12732.636,3659.457059,2065.962,12265.872,21276.489,1.267781388,1,2.781571205,6.085590826,486,555.2473765,0,2082.948,14672.552,3831.166774,2148.613,12457.653,27822.99,1.213801244,1,1.884060401,5.319043869,340,195.1691206,0,1159.573,3109.957,2064.089294,916.995,6215.612,21302.621,1.186955479,1,2.145376666,4.540548381,146,274.3872945,0,1412.857,5627.908,2780.529034,1836.305,8019.079,19682.935,1.164245121,1,1.957674529,3.588069851,822,456.0721107,0,1653.241,9421.338,3212.927863,1693.948,11298.938,21276.489,1.215425652,1,2.122319943,5.226618935,617,564.6205867,0,1983.858,8806.146,3427.998241,1719.953,11812.607,27272.09,1.224353724,1,2.341461293,5.319043869,161,447.0192733,0,998.764,6336.678,3178.460037,1578.167,10812.492,26300.076,1.273991509,1,1.957674529,11.37881648
s2-80-user,shortest_estimate+topology_aware+easy,18,0.1022197823,0.03054382594,0.04244595086,0.01724680655,0.008827238335,0.003155960619,2000,1600,0,125.8972531,0,538.222,3134.72,4092.570505,1641.839,16893.504,34132.782,1.131668452,1,1.335849895,3.575781754,1.131668452,2251.970182,356,546.6644438,3133.16,0.7155714056,0.1536617637,0.1065177961,0.9827531934,112.3953022,0,0,112.395234,6.824242426e-05,0,0,0,0,0.9968440394,1.157457141,0.9911727617,0.008827238335,793,390125.266,108,16,2685,654,125.3685122,0,518.019,2950.837,6531.51437,2945.974,22840.127,46925.048,1.06931518,1,1.239072264,3.106099457,489,130.2778978,0,664.707,3579.351,2701.551468,1179.06,10667.916,15435.167,1.237686491,1,1.797461063,8.772069927,318,127.703978,0,301.032,2234.736,1538.338616,987.727,5039.868,9764.423,1.105537402,1,1.559902159,3.131385183,139,108.8405827,0,500.481,1389.002,3354.331381,1628.426,15008.808,17876.58,1.11185473,1,1.332029533,3.503229504,807,126.653886,0,613.554,2950.837,3703.979646,1556.01,15980.853,25980.821,1.169114977,1,1.418928736,5.971911422,633,138.8777077,0,476.759,3185.638,4665.050784,1682.418,19889.927,38563.639,1.104445101,1,1.346716549,3.106099457,160,70.7270625,0,314.644,1889.024,3787.65055,1880.443,12140.43,46925.048,1.050499922,1,1.308833691,2.274511367
s2-80-user,shortest_estimate+topology_aware+easy,19,0.08221360397,0.02992794868,0.02448389308,0.02088047213,0.003610108303,0.00331118177,2000,1600,0,57.84699875,0,310.46,1416.263,2639.923139,1114.41,9220.543,24658.935,1.129293039,1,1.308914187,3.69391632,1.129293039,2233.055687,338,232.261571,1369.298,0.725869564,0.139902243,0.0857234038,0.9791195279,97.29254444,0,0,97.29250129,4.315151517e-05,0,0,0,0,0.9966888182,1.148482501,0.9963898917,0.003610108303,831,268118.137,113,43,2610,656,61.74225,0,298.12,1431.729,3796.805273,1627.538,13386.771,42543.581,1.076436887,1,1.250001641,3.428522117,468,47.16898291,0,233.929,1366.926,1678.715094,666.21,6975.626,15676.654,1.14866789,1,1.418857485,4.028489639,316,62.13827532,0,431.662,1433.101,2140.783943,1079.602,7236.443,17476.555,1.236268928,1,1.250000301,7.654726581,160,64.63439375,0,375.598,1469.082,1694.039831,805.987,5665.32,13615.689,1.078054443,1,1.44726338,2.25348729,769,62.17190247,0,328.767,1369.298,2578.469769,1207.533,8217.18,22485.277,1.128884923,1,1.288441196,3.87295534,662,54.81966918,0,298.12,1442.373,2702.689994,1075.605,10028.385,28158.885,1.141704819,1,1.347216218,4.247004927,169,50.02594083,0,310.46,1416.263,2673.686355,1074.442,10955.622,27094.338,1.082531164,1,1.346181608,2.931508799
s2-80-user,shortest_estimate+topology_aware+easy,20,0.2314210482,0.04947285177,0.1166280618,0.03788262448,0.02366127024,0.003776239989,2000,1600,0,379.2861906,0,1478.864,9085.22,3478.742095,1615.387,12949.863,28467.479,1.274558234,1,2.163720549,7.927746185,1.274558234,2446.612279,353,1582.023006,8906.45,0.7980194603,0.2343749023,0.1096806316,0.9621173755,207.2320511,0,0,207.231972,7.911111116e-05,0,0,0,0,0.99622376,1.172739522,0.9763387298,0.02366127024,803,269146.392,190,77,2993,645,543.0557473,0,2654.715,11012.632,5676.603338,3038.155,18990.25,42774.535,1.268621541,1,2.124962728,7.927746185,467,247.469,0,1178.433,5645.064,1566.27691,978.719,4867.17,10078.228,1.370999483,1,2.734175878,11.545878,310,313.0706548,0,1330.961,6798.997,2746.918319,1674.47,8552.81,18535.689,1.202204374,1,1.906756413,5.905087783,178,247.0057416,0,771.971,9611.532,1806.64159,726.626,8717.12,15659.987,1.169057116,1,2.002664722,4.699798222,797,389.713463,0,1295.372,9424.745,3440.786901,1545.645,12716.498,39106.046,1.275795547,1,2.097665312,9.738768357,621,383.2390338,0,1633.605,8872.484,3692.877625,1685.188,14516.759,33863.018,1.270674737,1,2.26509633,6.687391304,182,320.136456,0,1296.09,8906.45,2914.303225,1622.883,8863.491,26503.318,1.282390728,1,2.721040241,4.699798222
s2-80-user,shortest_estimate+topology_aware+easy_oracle,1,0.09830191265,0.03261679862,0.03388597301,0.02051884845,0.01108374384,0.0001965487321,2000,1600,0,100.7299575,0,429.68,2287.927,3284.041206,1327.937,9615.977,46326.346,1.119571151,1,1.426512418,3.291253102,1.119571151,2203.927838,370,395.9432297,2204.735,0.7240642076,0.1321085296,0.1034845735,0.9794811515,117.3909044,0,0,117.3908506,5.381818184e-05,0,0,0,0,0.9998034513,1.034961297,0.9889162562,0.01108374384,812,331001.651,114,23,2564,647,109.9932705,0,454.853,2563.761,2408.093243,1559.041,7931.277,15033.631,1.125927051,1,1.431914673,3.147252106,468,59.55743376,0,383.437,1494.404,1659.373122,953.849,5969.06,9235.755,1.130419555,1,1.44150337,3.938338443,333,128.4139039,0,398.667,3909.813,7378.587577,1338.878,46326.346,86400,1.104453973,1,1.25000136,3.20258746,152,127.4182697,0,452.515,3307.997,3044.561296,1926.776,10612.137,15590.314,1.09223365,1,1.49821648,2.833555073,788,74.2871967,0,330.057,1715.339,3245.761074,1412.749,9325.932,48633.587,1.114321329,1,1.250000106,3.403833274,648,135.6248164,0,691.488,2686.849,3242.983676,1275.351,10889.747,44785.025,1.118859655,1,1.54148559,3.470466667,164,89.90695122,0,533.891,1943.61,3630.199884,1296.725,9059.982,67156.945,1.147607182,1,1.812164803,2.992733061
s2-80-user,shortest_estimate+topology_aware+easy_oracle,2,0.1392724107,0.0349728643,0.06141509268,0.02745106194,0.01412066752,0.001312724233,2000,1600,0,184.8830456,0,778.754,4015.128,3421.729507,1612.257,13218.058,25484.217,1.114548678,1,1.529556159,3.6071104,1.114548678,2233.644399,332,780.0157169,3826.45,0.762254749,0.1960100159,0.1040002547,0.9725489381,164.9936689,0,0,164.9935928,7.612121216e-05,0,0,0,0,0.9986872758,1.094663665,0.9858793325,0.01412066752,779,278432.783,139,33,2865,636,263.6076808,0,1107.715,7427.164,4840.026961,2157.694,18436.322,34187.161,1.092949845,1,1.596101414,2.884140392,502,160.414741,0,793.123,3561.336,2675.688719,1547.597,8259.278,18193.062,1.107015668,1,1.444848355,3.412463108,311,95.12856592,0,447.091,2555.351,1856.421916,1164.749,6079.314,9216.087,1.185988439,1,1.309768869,4.520222528,151,119.5046623,0,776.283,1659.604,3152.100079,1711.133,10455.572,23954.777,1.083427245,1,1.390119215,3.413183196,821,209.4950743,0,845.585,4821.845,3555.934945,1643.928,13277.937,25484.217,1.107102348,1,1.545000816,3.6071104,635,155.5869165,0,749.777,3117.956,3300.708682,1628.413,12491.617,24716.163,1.125455769,1,1.436816768,4.103326758,144,173.7480903,0,778.754,5267.691,3190.24034,1495.454,13775.162,27939.411,1.10890586,1,1.357709415,2.745033479
s2-80-user,shortest_estimate+topology_aware+easy_oracle,3,0.27380126,0.06237130379,0.153951133,0.03570056693,0.02069857697,0.0010796793,2000,1600,0,328.0965025,0,1952.127,5714.567,2945.31936,1398.14,10903.642,22881.824,1.338674504,1,2.727840964,7.095607074,1.338674504,2628.535672,377,1216.861512,5358.222,0.8232985896,0.2583440963,0.1391559107,0.9642994331,166.4637044,0,0,166.463628,7.640404042e-05,0,0,0,0,0.9989203207,1.078212603,0.979301423,0.02069857697,773,209975.775,243,64,3161,639,330.1022707,0,2318.928,5125.96,4118.370213,2049.08,14694.807,30617.045,1.297307743,1,2.331093739,6.223113674,481,285.5378067,0,1567.868,5346.022,1916.796252,1038.976,6084.493,10994.371,1.388906377,1,2.947780106,9.707520575,318,402.5679434,0,1461.486,8894.564,2633.570953,1449.871,9984.416,18155.924,1.315202124,1,3.041001471,6.23525583,162,300.3627284,0,2245.155,4424.932,1984.060802,1047.139,6863.875,13790.85,1.398773558,1,3.214728091,9.400641707,827,364.5846699,0,2195.256,8479.51,3052.697459,1469.207,10759.461,24531.463,1.326537219,1,2.854720231,7.244185457,629,280.7869587,0,1517.273,5346.022,2713.518889,1336.997,10777.038,14991.7,1.361014612,1,2.690458972,7.043868643,144,325.1936458,0,2666.971,5519.897,3341.158306,1401.43,12187.118,30617.045,1.310796776,1,2.466803718,6.928137483
s2-80-user,shortest_estimate+topology_aware+easy_oracle,4,0.1721431259,0.03874853888,0.06487876782,0.0382216135,0.02516556291,0.005128642768,2000,1600,0,201.3986837,0,822.674,4849.738,2803.129976,1533.434,9536.019,16275.339,1.167361721,1,1.694687223,5.430439817,1.167361721,2341.254981,354,796.7143785,4698.053,0.8084304292,0.2097610681,0.1369079983,0.9617783865,182.6165644,0,0,182.6164766,8.783838387e-05,0,0,0,0,0.9948713572,1.191093176,0.9748344371,0.02516556291,755,223893.334,187,39,3001,615,143.292348,0,627.925,3420.031,2121.293281,974.701,8014.438,13598.83,1.199746942,1,1.757846845,6.686751369,495,268.2135091,0,1152.419,8187.269,3912.423535,2394.782,12931.338,23119.903,1.110761977,1,1.555992809,3.607680112,334,154.3622365,0,920.15,3402.977,2485.937003,1588.009,8411.861,12284.51,1.118909966,1,1.740056511,3.611629174,156,319.1693974,0,1692.93,7333.102,2650.384519,1819.543,8944.081,13062.156,1.323021011,1,2.621577777,8.925829398,845,131.4633266,0,763.107,3402.977,2853.3266,1556.102,9561.798,15429.676,1.147711323,1,1.561204388,4.23065,608,262.7929852,0,822.674,7333.102,2742.736133,1534.37,9268.227,16398.603,1.17398524,1,1.706427774,5.430439817,147,349.4778776,0,1229.868,8473.885,2764.37698,1460.737,10687.558,22943.16,1.252922857,1,2.464768922,6.766507191
s2-80-user,shortest_estimate+topology_aware+easy_oracle,5,0.0850890266,0.02901943912,0.02253068629,0.02919039825,0.003978779841,0.0003697230941,2000,1600,0,60.99432937,0,285.693,1746.019,2237.011541,1502.132,6429.963,11492.997,1.051927504,1,1.269180055,2.084999992,1.051927504,2112.314974,334,238.9456437,1658.931,0.7331935521,0.1227148363,0.0907697904,0.9708096018,108.4285044,0,0,108.428457,4.74747475e-05,0,0,0,0,0.9996302769,1.055177187,0.9960212202,0.003978779841,754,209107.581,125,23,2572,639,75.01057121,0,474.336,1916.624,2201.716437,1421.035,6407.696,14041.681,1.074208475,1,1.392839852,2.516908773,486,62.81329218,0,219.103,2075.45,1871.572298,1276.993,5407.76,10126.524,1.039028983,1,1.26876291,1.852633297,322,47.08846273,0,242.685,1321.36,2803.737245,2203.779,7511.958,11492.997,1.043283171,1,1.163630424,2.305714865,153,25.94396732,0,139.679,906.339,2352.510667,1478.383,6880.407,14317.204,1.018036107,1,1.166540893,1.338151745,846,63.65878842,0,334.673,1886.571,2277.951889,1459.875,6691.663,12341.63,1.048855636,1,1.27670415,2.293018405,602,62.60875083,0,308.826,1746.019,2158.206018,1522.96,6266.133,10126.524,1.061463431,1,1.33058567,2.084999992,152,39.77055263,0,223.553,1370.745,2321.257526,1507.125,6880.407,14738.915,1.031257584,1,1.170268065,1.512569066
s2-80-user,shortest_estimate+topology_aware+easy_oracle,6,0.2453196637,0.0608552017,0.1134072855,0.04398956755,0.02227722772,0.00479038119,2000,1600,0,322.1605687,0,1438.024,6048.545,2251.528101,1260.542,7989.13,14740.307,1.270703854,1,2.661533462,5.428411574,1.270703854,2534.274361,388,1225.097469,5850.237,0.8701693385,0.3844900595,0.1871503833,0.9560104324,156.45254,0,0,156.4524465,9.353535356e-05,0,0,0,0,0.9952096188,1.187679909,0.9777227723,0.02227722772,808,173455.604,279,63,3618,647,310.5873601,0,1453.287,6159.845,2384.657796,1345.374,8838.612,14044.602,1.280235386,1,3.001624466,5.382562105,472,259.4760784,0,1590.649,4879.528,2049.868854,1216.969,7074.54,13309.675,1.235066254,1,2.517788328,4.803911935,318,204.4926101,0,1110.955,4079.425,1468.445698,1047.052,4223.838,8503.889,1.215544441,1,2.256786577,4.708650269,163,779.1750245,0,1997.217,22870.285,3834.77016,1538.612,18048.382,34758.768,1.443677711,1,2.871541744,9.494961134,792,340.1699369,0,1453.287,6319.467,2358.237561,1299.801,8660.778,19284.732,1.297921204,1,2.736733073,5.846217152,644,311.4238758,0,1438.024,6048.545,2120.578646,1219.458,7639.605,11567.275,1.255258394,1,2.480633064,5.266641789,164,277.3496585,0,1200.646,5447.739,2250.41564,1226.677,9583.216,13877.302,1.199915651,1,2.871541744,4.063450832
s2-80-user,shortest_estimate+topology_aware+easy_oracle,7,0.1509224609,0.04246703222,0.06580856586,0.02203925745,0.01612903226,0.004478573085,2000,1600,0,194.2133675,0,834.464,4868.908,3993.316077,1504.557,14909.169,41541.625,1.1889773,1,1.857317437,4.606894349,1.1889773,2305.208542,369,720.0788591,4441.776,0.762651376,0.1704748457,0.09412535586,0.9779607425,151.0585489,0,0,151.0584728,7.604040408e-05,0,0,0,0,0.9955214269,1.184931335,0.9838709677,0.01612903226,806,387786.479,166,36,2641,632,184.810144,0,689.957,5150.472,3503.916172,1425.459,13201.955,31856.608,1.130273634,1,1.737730926,4.020119436,504,222.5851111,0,998.084,4901.445,5856.814313,1950.622,31540.359,68088.711,1.178692303,1,1.77439463,5.141650865,308,179.133513,0,588.587,4104.422,2659.352383,1104.437,9426.24,25583.933,1.339296646,1,2.181079959,5.570205561,156,170.4189679,0,975.236,4804.305,2589.203558,1475.751,9122.295,14785.633,1.163246505,1,2.112625319,3.486521217,794,161.5693992,0,834.464,4804.305,4111.384373,1529.279,13792.706,46953.934,1.158211724,1,1.737730926,5.141650865,644,197.8072376,0,805.559,4513.899,3900.634037,1455.573,15087.857,41541.625,1.233055928,1,1.838311529,4.544569528,162,339.9223704,0,909.023,10649.249,3783.075383,1429.994,15653.171,29227.13,1.16454045,1,2.344446198,3.927754666
s2-80-user,shortest_estimate+topology_aware+easy_oracle,8,0.08955957177,0.03237668938,0.02154639373,0.02876304919,0.00625,0.000623439472,2000,1600,0,58.6247475,0,273.212,1264.358,1582.210714,756.847,5504.738,12279.26,1.090352492,1,1.416011117,3.346434945,1.090352492,2154.985358,390,212.8029231,1036.662,0.7421898285,0.1587169527,0.09707767798,0.9712369508,76.31826444,0,0,76.31818853,7.591919194e-05,0,0,0,0,0.9993765605,1.064781426,0.99375,0.00625,800,143420.605,145,32,2665,674,79.5412003,0,374.215,1952.248,1279.57865,629.775,5178.964,8373.706,1.120543677,1,1.594555206,3.950624102,490,31.94096735,0,178.646,729.139,1404.433231,670.875,4270.192,12710.929,1.052369669,1,1.259614225,2.136800846,303,57.37472937,0,302.023,1382.618,2277.20438,1129.013,7770.511,13651.835,1.096576331,1,1.51308082,3.00401095,133,53.78353383,0,143.235,890.868,2187.488143,1107.103,9994.052,14700.107,1.06311115,1,1.377357507,2.549376071,800,42.309065,0,243.105,893.251,1589.465465,726.317,5458.441,12823.07,1.085651468,1,1.416011117,3.13311585,629,69.07527981,0,220.886,1916.68,1589.671886,788.87,5504.738,11139.827,1.093134256,1,1.347866722,3.718554413,171,96.51457895,0,637.131,2306.768,1520.825468,777.481,5859.484,8705.806,1.102113255,1,1.542054212,4.259701779
s2-80-user,shortest_estimate+topology_aware+easy_oracle,9,0.1269492496,0.03730359385,0.0548545355,0.02585849984,0.008816120907,0.0001164994822,2000,1600,0,137.9855981,0,695.565,2357.467,2555.189353,1242.176,8682.344,16394.706,1.118414277,1,1.631491812,3.369114143,1.118414277,2349.901805,346,583.3579595,2230.457,0.7757817244,0.1568294675,0.1170511352,0.9741415002,116.0214044,0,0,116.0213504,5.402020204e-05,0,0,0,0,0.9998835005,1.027453619,0.9911838791,0.008816120907,794,220982.135,157,36,3018,645,114.4807426,0,512.565,2062.31,2518.920217,1305.432,7858.549,16787.21,1.120756892,1,1.67795518,3.369114143,474,112.0465696,0,947.857,2094.656,2482.538477,1171.588,9126.737,14205.932,1.101796849,1,1.58293022,3.467103386,330,213.7313758,0,778.996,2267.899,2972.992897,1497.207,11378.759,21892.603,1.13204516,1,1.69151595,3.812946312,151,154.2745033,0,678.83,3544.222,2025.089609,880.903,9271.193,13637.962,1.130781712,1,1.651652861,2.666143151,806,168.1144355,0,720.178,3100.126,2652.59567,1217.294,9656.01,16043.629,1.114104946,1,1.553929129,3.369114143,627,107.3226188,0,608.412,2062.31,2535.88144,1305.432,7988.481,16787.21,1.118805741,1,1.67795518,3.344838628,167,107.6972455,0,782.745,3544.222,2157.564024,1161.175,8079.291,16394.706,1.137742854,1,1.618865016,5.680673793
s2-80-user,shortest_estimate+topology_aware+easy_oracle,10,0.5365353931,0.07663316571,0.3439805593,0.05327890687,0.05851755527,0.004125205959,2000,1600,0,1014.718746,0,4361.733,20916.343,3873.183084,1573.323,14270.516,35222.867,1.482981429,1,3.351590811,7.752568421,1.482981429,2957.81624,352,4167.469034,20793.281,0.9189348292,0.4138102217,0.223580247,0.9467210931,333.2812444,0,0,333.2811482,9.624242425e-05,0,0,0,0,0.995874794,1.186702917,0.9414824447,0.05851755527,769,281945.11,334,86,3772,626,1054.502684,0,4377.209,20916.343,3838.282283,1771.058,13233.14,35222.867,1.599684262,1,3.626272623,9.489949622,484,1274.917862,0,8008.419,23704.052,5101.906746,1510.055,20675.999,53746.564,1.414783965,1,3.000839294,8.174799987,343,812.0050408,0,3217.945,20205.831,3056.91937,1631.568,9530.492,32244.204,1.424068273,1,3.333445067,7.487263155,147,461.5873469,0,2079.927,8618.938,1880.830041,1251.208,5797.687,14674.387,1.348007356,1,2.893958912,3.835727402,831,978.4419807,0,3881.802,22487.575,3749.713921,1559.29,14363.215,33579.393,1.454346459,1,3.313151112,6.722614094,627,1053.904732,0,5347.412,20916.343,4013.15722,1598.237,13444.247,42433.332,1.510217927,1,3.44996136,7.752568421,142,1053.989021,0,3171.841,18082.591,3977.683725,1541.663,13556.553,27997.794,1.530293932,1,3.41812151,10.43068863
s2-80-user,shortest_estimate+topology_aware+easy_oracle,11,0.166118712,0.04215972925,0.0796824302,0.03193812894,0.01233045623,7.967399355e-06,2000,1600,0,241.1984244,0,1010.387,5522.914,3036.405568,1542.854,10759.725,24108.673,1.138338236,1,1.843877384,3.739645216,1.138338236,2226.606403,333,1053.393084,5522.914,0.7973152373,0.2467385095,0.1107923478,0.9680618711,149.2534578,0,0,149.2533664,9.135353538e-05,0,0,0,0,0.9999920326,1.006835252,0.9876695438,0.01233045623,811,257446.25,202,46,2990,640,276.8609078,0,1023.019,5542.617,3563.934416,1701.847,13212.917,30974.656,1.142363076,1,1.85950184,3.615067528,470,212.5951681,0,1010.425,6175.396,2348.560847,1453.039,7832.078,13118.289,1.135061853,1,1.842308951,4.123886081,327,174.0381804,0,732.512,2939.285,2714.971621,1318.412,10081.605,26307.827,1.134607747,1,1.809935042,3.502720075,163,318.3821104,0,2424.548,5581.715,3593.322479,1898.063,12987.225,25651.77,1.13946629,1,1.912728848,3.901450643,789,308.5900482,0,1432.97,6515.768,3195.451082,1599.659,11280.078,25651.77,1.169418409,1,1.988405035,4.417219776,653,168.6794579,0,841.145,3518.587,2686.674694,1448.231,9169.213,16537.878,1.11378569,1,1.606142272,3.390122164,158,204.3812975,0,909.707,5175.689,3687.591323,1910.056,14119.809,26474.038,1.084607581,1,1.483252377,2.714509815
s2-80-user,shortest_estimate+topology_aware+easy_oracle,12,0.09478804539,0.03183650238,0.03141865651,0.02546964189,0.004860267315,0.001202977302,2000,1600,0,92.70354187,0,398.394,2107.233,2600.298849,1358.983,9134.131,18503.24,1.109088954,1,1.392385762,3.368041879,1.109088954,2243.920926,349,390.8664814,2079.548,0.7315495566,0.1474566711,0.1017459245,0.9745303581,102.5701933,0,0,102.5701129,8.044444446e-05,0,0,0,0,0.9987970227,1.094113325,0.9951397327,0.004860267315,823,232305.539,124,23,2740,597,89.95770352,0,475.944,1814.404,1568.988806,949.577,5267.987,10235.011,1.15334953,1,1.457735256,6.613397259,519,83.82213487,0,351.952,2079.548,3792.928561,1736.152,14605.565,23590.014,1.104492575,1,1.30968271,3.401753305,324,107.5893056,0,190.198,3323.661,2896.11213,1959.372,8577.837,13100.539,1.054140831,1,1.250000773,2.375322342,160,101.6143438,0,658.043,2346.007,1980.759931,1290.595,5588.553,12484.475,1.070121131,1,1.488061834,2.325046397,777,94.08799614,0,346.432,2042.311,2585.764024,1398.033,10136.249,20072.319,1.104805883,1,1.432884167,3.740403231,660,103.6969939,0,485.502,2661.441,2593.437124,1404.983,8955.452,16639.112,1.121068614,1,1.407861947,3.368041879,163,41.59066258,0,189.802,1362.094,2697.36816,1219.775,8695.297,28479.054,1.080999199,1,1.25,3.595967139
s2-80-user,shortest_estimate+topology_aware+easy_oracle,13,0.1081817489,0.03340021175,0.04196772394,0.02900917063,0.0036900369,0.0001146056465,2000,1600,0,95.65272188,0,532.158,1971.611,2198.290292,1389.982,6766.581,12617.202,1.091130361,1,1.460775393,2.891297244,1.091130361,2168.054561,351,376.5860912,1954.591,0.8150802087,0.186541023,0.1177798133,0.9709908294,109.8487156,0,0,109.8486648,5.070707073e-05,0,0,0,0,0.9998853944,1.027110508,0.9963099631,0.0036900369,813,184122.363,199,47,2842,628,97.30364172,0,637.589,1581.348,2214.073648,1538.79,6402.698,11527.562,1.075494184,1,1.447784253,2.403135773,479,82.57304802,0,502.174,1583.5,2023.786177,1123.297,6532.699,13717.918,1.104651377,1,1.616684149,3.896085806,328,95.7709939,0,584.375,2337.521,1932.454601,1203.588,5464.197,9042.548,1.102428367,1,1.460775393,2.793673889,165,127.1048,0,387.709,3799.118,3173.257752,1953.902,11136.956,17191.957,1.088931611,1,1.415384211,3.299440952,787,99.07226557,0,596.973,2337.521,2198.430911,1397.01,6532.699,12617.202,1.089759686,1,1.432499114,3.06499671,643,102.2297185,0,532.158,1954.591,2166.879614,1411.145,6853.831,11413.256,1.09750099,1,1.528422867,3.22400557,170,54.94572353,0,316.233,1223.225,2316.445582,1280.983,7833.16,17191.957,1.073379806,1,1.48132319,2.891297244
s2-80-user,shortest_estimate+topology_aware+easy_oracle,14,0.1263403817,0.03847658743,0.04139730586,0.03658002469,0.007547169811,0.002339293886,2000,1600,0,120.0530131,0,524.925,2328.049,2105.25059,1063.585,7606.018,15058.718,1.152287986,1,1.682793288,4.074753767,1.152287986,2260.373982,378,466.8356429,2143.897,0.7973811778,0.1893057022,0.1256711874,0.9634199753,139.1626422,0,0,139.1625505,9.171717174e-05,0,0,0,0,0.9976607061,1.125862626,0.9924528302,0.007547169811,795,178937.446,177,35,2876,594,99.88439562,0,663.003,2274.739,1507.259076,689.938,5286.434,11861.555,1.22720486,1,2.119329923,5.842283732,514,144.4350117,0,754.997,3342.811,2498.680642,1496.88,7857.101,13516.23,1.094758176,1,1.582771928,3.110479148,336,77.03372619,0,416.414,1508.919,1677.540807,914.111,5830.026,10684.585,1.13676597,1,1.549990473,4.074753767,156,209.1702692,0,446.471,1650.41,4007.137769,1611.775,18190.113,31756.379,1.090012966,1,1.551796407,3.00525616,805,109.6073839,0,590.13,2274.739,2113.105391,1089.162,7340.536,14202.218,1.159241814,1,1.61195096,4.422576482,635,137.8649984,0,468.14,2508.771,2030.135904,1070.612,7422.272,15461.498,1.151192846,1,1.908082134,3.946238095,160,101.9162687,0,477.717,3210.721,2363.842531,937.389,9461.862,25809.39,1.121647878,1,1.169886343,2.022805585
s2-80-user,shortest_estimate+topology_aware+easy_oracle,15,0.3668648498,0.06675494297,0.2164267002,0.05556922572,0.0236318408,0.004482140096,2000,1600,0,566.892705,0,2744.328,11618.159,3663.436108,1819.398,13855.264,24933.047,1.347368804,1,2.919561672,6.910950548,1.347368804,2623.095746,357,2275.36828,10078.699,0.8664966072,0.3397239605,0.1979104888,0.9444307743,328.2665711,0,0,328.2664747,9.644444455e-05,0,0,0,0,0.9955178599,1.191579325,0.9763681592,0.0236318408,804,280774.286,261,73,3535,654,530.5093532,0,2823.802,11618.159,3111.99618,1614.485,11281.552,20818.303,1.294751715,1,2.868367687,5.221933202,498,851.8007751,0,4202.246,18077.876,5071.631841,2699.247,16300.602,41301.063,1.394613565,1,3.023826932,7.096537587,299,295.2964214,0,1300.158,6447.038,2275.72593,1112.14,8253.44,18935.989,1.449153204,1,3.782182951,14.3538087,149,319.3610403,0,2064.017,5627.101,4161.997054,2079.069,15393.483,28341.376,1.216161756,1,2.199114829,5.027004511,796,716.4714347,0,3643.716,16714.511,4074.30566,1955.013,15153.043,28341.376,1.358697421,1,2.998139641,6.585237297,652,410.3306181,0,2324.401,8407.324,3400.941831,1832.001,11803.377,20968.388,1.349000491,1,2.960089278,8.391769785,152,455.1414671,0,1854.651,13039.195,2637.739434,1392.683,8645.071,24933.047,1.281043546,1,2.270438491,7.096537587
s2-80-user,shortest_estimate+topology_aware+easy_oracle,16,0.3740161111,0.08230498392,0.189234721,0.05793767567,0.04228855721,0.002250173315,2000,1600,0,640.7590006,0,2399.529,15029.274,2301.320241,908.217,8335.216,21425.808,1.441372637,1,3.59965069,9.413074811,1.441372637,2785.140717,364,2684.084146,14956.219,0.8943149692,0.4261892939,0.2021721096,0.9420623243,209.7966244,0,0,209.796524,0.0001004444445,0,0,0,0,0.9977498267,1.120822314,0.9577114428,0.04228855721,804,145814.269,302,80,3708,625,665.8129344,0,2399.529,12197.894,2092.785155,717.132,7865.458,21425.808,1.445730016,1,3.396532143,9.023642517,493,680.4212272,0,2863.543,16664.478,2673.653118,1005.23,11129.148,23589.317,1.517548815,1,3.981924172,10.00996581,322,605.0427484,0,2006.374,14956.219,2033.894885,853.914,6863.041,19283.818,1.359719753,1,3.001626143,6.593673775,160,492.5617937,0,1234.664,18238.552,2506.853275,1299.743,6278.724,22126.528,1.353960209,1,2.030182305,13.46629332,796,508.9203995,0,2283.467,13946.282,2223.977832,908.217,8335.216,20490.832,1.390363664,1,3.497455939,7.164557977,633,827.8515482,0,3462.247,18238.552,2443.237231,930.314,9156.388,26603.567,1.522330238,1,3.809227734,13.33531507,171,561.8931754,0,1874.151,12138.75,2136.005058,820.149,6531.098,22818.959,1.379132763,1,2.680902918,10.70897886
s2-80-user,shortest_estimate+topology_aware+easy_oracle,17,0.2315184162,0.04825088706,0.1147870774,0.04532906805,0.02185089974,0.001300483873,2000,1600,0,442.3951706,0,1455.52,6596.828,3239.834487,1644.317,11292.619,22248.477,1.201277741,1,2.110277295,4.699069238,1.201277741,2380.926998,372,1753.448903,5682.488,0.8509692385,0.2946681671,0.1414357263,0.9546709319,251.9899533,0,0,251.9898692,8.41616162e-05,0,0,0,0,0.9986995161,1.083364465,0.9781491003,0.02185089974,778,249178.928,256,65,3262,628,593.1300637,0,1587.957,10178.908,3589.04143,2055.801,12265.872,21203.51,1.236710461,1,2.421943976,5.510765335,486,478.4487531,0,1411.302,7012.182,3763.104348,2140.618,12018.418,27272.09,1.214903754,1,2.052808942,5.005354839,340,181.9270235,0,906.035,3318.681,2050.876688,897.098,6351.885,21302.621,1.142003718,1,1.943642067,3.707859783,146,280.5843219,0,1470.99,5682.488,2764.728596,1850.123,8019.079,20608.055,1.141546082,1,1.899142482,3.613169205,822,436.4977141,0,1340.469,7012.182,3199.021539,1658.787,10685.261,20608.055,1.202999293,1,2.209279024,5.005354839,617,460.461363,0,1587.957,6596.828,3321.037981,1649.924,11954.1,23429.67,1.191437614,1,2.031755702,4.373680819,161,403.2701304,0,1161.591,3965.16,3137.012677,1562.131,11209.629,26300.076,1.230198501,1,2.092963874,6.094507086
s2-80-user,shortest_estimate+topology_aware+easy_oracle,18,0.1165980257,0.03223222295,0.04613036431,0.02668493928,0.008827238335,0.002723260868,2000,1600,0,120.1212406,0,584.941,2822.356,4095.049646,1618.241,16690.733,34132.782,1.129062246,1,1.409692804,4.174482656,1.129062246,2238.320095,356,515.5037809,2819.833,0.7225403086,0.1724883913,0.1177961247,0.9733150607,175.5887578,0,0,175.5886775,8.028282831e-05,0,0,0,0,0.9972767391,1.142269188,0.9911727617,0.008827238335,793,390125.266,121,22,2661,654,134.1123165,0,636,2632.264,6558.968093,2977.389,23511.202,46925.048,1.073395629,1,1.331371501,3.011675107,489,122.5339448,0,715.353,3032.96,2693.758358,1190.967,10667.916,15435.167,1.226106754,1,1.901856059,6.922772156,318,80.12238365,0,353.254,2170.359,1493.889088,989.579,4890.336,7577.023,1.107461928,1,1.594001966,3.885513752,139,137.3130432,0,490.313,3623.92,3382.803842,1537.957,15008.808,17876.58,1.098991056,1,1.310418329,2.521247684,807,113.167912,0,707.033,2822.356,3699.538107,1559.496,15435.167,26024.685,1.138459444,1,1.635210463,4.174482656,633,141.5583855,0,476.759,3133.16,4674.961641,1680.007,19943.177,38563.639,1.117726478,1,1.337587569,3.382366181,160,70.3813875,0,79.223,2268.965,3795.634144,1693.027,12140.43,46925.048,1.126512261,1,1.106848269,4.666096693
s2-80-user,shortest_estimate+topology_aware+easy_oracle,19,0.07584063265,0.02858089996,0.0192745793,0.02126065264,0.003610108303,0.003114392439,2000,1600,0,55.96807438,0,244.405,1413.199,2638.359298,1105.535,8867.274,24248.916,1.11938308,1,1.25000032,3.221136094,1.11938308,2210.379765,338,246.8173077,1413.199,0.7258839228,0.1401603163,0.08464251359,0.9787393474,99.10247556,0,0,99.10243196,4.359595962e-05,0,0,0,0,0.9968856076,1.133730673,0.9963898917,0.003610108303,831,268118.137,109,20,2603,656,57.4588872,0,233.775,1258.138,3792.513689,1623.739,13386.771,42543.581,1.056090459,1,1.25,2.984983333,468,51.27209402,0,233.929,1579.166,1684.795303,666.21,6975.626,15676.654,1.173603845,1,1.392389458,4.247004927,316,52.76712342,0,337.331,1141.131,2130.097108,1051.6,7236.443,17476.555,1.197322148,1,1.192132487,5.096075336,160,69.9133625,0,273.337,1931.03,1699.3188,805.987,5601.165,13615.689,1.066357431,1,1.441508822,2.513193985,769,61.50892068,0,265.938,1369.298,2577.116622,1207.533,8217.18,22485.277,1.114586862,1,1.250000085,3.87295534,662,49.07287915,0,209.214,1835.549,2698.915483,1064.927,10028.385,28158.885,1.123880522,1,1.250000134,2.984983333,169,57.76516568,0,273.337,1416.263,2679.823337,1074.065,10955.622,27094.338,1.123590092,1,1.347609451,4.330656659
s2-80-user,shortest_estimate+topology_aware+easy_oracle,20,0.2087034017,0.04550846571,0.08686206411,0.03879664775,0.02490660025,0.01262962384,2000,1600,0,309.1832181,0,1101.426,7016.949,3408.464169,1599.662,12610.291,27147.759,1.235955378,1,1.990336091,5.890639447,1.235955378,2389.593099,353,1253.487963,6869.433,0.8017136536,0.2345643489,0.1242259625,0.9612033522,212.4339133,0,0,212.4338289,8.440404045e-05,0,0,0,0,0.9873703762,1.323057862,0.9750933998,0.02490660025,803,269281.198,207,55,2979,645,481.3064279,0,1884.962,13985.311,5620.212899,2996.228,20280.661,43568.571,1.170677767,1,1.817229591,4.937823053,467,175.0067173,0,976.565,3422.123,1489.624906,988.939,4471.209,9514.672,1.444139071,1,3.052127405,13.0536,310,236.7730935,0,1132.022,6462.148,2662.911852,1674.47,8305.528,13108.153,1.141092315,1,1.650965407,4.06394232,178,163.6107135,0,468.426,6640.395,1726.673287,725.966,6673.197,15790.382,1.091516186,1,1.512996322,2.917409704,797,332.3332083,0,1017.83,9206.878,3383.008368,1537.912,12297.678,38253.366,1.233916517,1,1.990336091,6.375046656,621,283.2007874,0,1022.779,6869.433,3591.961997,1643.224,13896.766,32859.558,1.200654084,1,1.898940077,5.173895937,182,296.4609505,0,1366.959,5513.542,2893.827478,1647.354,8425.32,26503.318,1.365334914,1,2.363652552,7.356976154
s2-80-user,shortest_estimate+topology_aware+easy_predicted,1,0.1007348815,0.03240246837,0.03888101527,0.01775757482,0.009852216749,0.001841606332,2000,1600,0,91.30319,0,493.018,2204.735,3273.161115,1332.84,9642.944,46326.346,1.13194569,1,1.417138575,3.452204785,1.13194569,2224.880171,370,329.0391919,2005.317,0.7222510909,0.1129102959,0.09790007407,0.9822424252,101.3077133,0,0,101.3076546,5.870707073e-05,0,0,0,0,0.9981583937,1.121668631,0.9901477833,0.009852216749,812,331001.651,110,57,2498,647,110.100728,0,632.012,2611.105,2405.41745,1585.048,7747.56,15033.631,1.17893297,1,1.578649509,3.584324687,468,69.41396581,0,397.651,1550.52,1666.760244,953.849,6023.898,9235.755,1.126388132,1,1.385989111,3.570533883,333,104.1321051,0,309.606,2628.992,7354.84233,1380.644,46326.346,86400,1.085386786,1,1.250000254,3.452204785,152,50.58030263,0,176.928,1191.365,2970.700026,1926.776,10331.158,15590.314,1.051052813,1,1.284801065,2.282038342,788,76.30003426,0,385.504,2204.735,3246.164339,1382.558,9325.932,48633.587,1.097038324,1,1.284801065,3.04267285,648,102.1466929,0,487.181,2488.473,3208.519233,1276.417,10889.747,44785.025,1.159277115,1,1.511337548,3.452204785,164,120.5464634,0,863.735,1745.032,3658.291598,1323.259,9059.982,67156.945,1.191678873,1,1.893091352,4.934455726
s2-80-user,shortest_estimate+topology_aware+easy_predicted,2,0.1458841332,0.03318293744,0.04789098698,0.05443913919,0.008985879332,0.001385190222,2000,1600,0,198.7416344,0,607.266,5182.612,3450.369397,1594.564,13188.602,26702.734,1.123037266,1,1.45127279,3.683070013,1.123037266,2235.088067,332,877.3612018,5182.612,0.7578645118,0.1963871817,0.1077337094,0.9455608608,336.5436156,0,0,336.5435311,8.448484853e-05,0,0,0,0,0.9986148098,1.104970549,0.9910141207,0.008985879332,779,308060.007,130,68,2861,636,317.7732689,0,803.014,8255.301,4918.394494,2121.094,18436.322,33407.383,1.116818313,1,1.563830549,4.182613068,502,107.848498,0,454.625,2321.287,2627.096582,1509.016,8086.378,16452.599,1.078574206,1,1.388981072,2.95983454,311,100.0691897,0,476.071,2313.998,1863.903145,1161.163,6079.314,8940.839,1.191792733,1,1.4712958,4.878148289,151,202.7904106,0,643.42,7056.065,3271.627656,1680.423,10472.332,29379.387,1.155439646,1,1.45127279,4.68510882,821,243.2476297,0,478.011,5489.923,3617.41734,1624.936,13303.215,29379.387,1.112892362,1,1.45039447,4.182613068,635,162.2043685,0,803.014,3165.09,3307.694759,1615.816,12491.617,24380.604,1.13324576,1,1.469361427,3.683070013,144,106.1148403,0,360.33,2658.237,3127.119639,1532.933,13763.907,27939.411,1.135860682,1,1.1993302,2.611679935
s2-80-user,shortest_estimate+topology_aware+easy_predicted,3,0.2828732075,0.06523791904,0.1555628618,0.0297098528,0.02846054334,0.003902030563,2000,1600,0,427.0881875,0,1972.564,8338.763,3039.59232,1372.328,11024.296,25698.239,1.36194107,1,2.853213852,8.219533426,1.36194107,2659.395426,377,1683.48143,8101.417,0.8280535242,0.3441732019,0.1590478559,0.9702901472,137.6750467,0,0,137.6749779,6.876767678e-05,0,0,0,0,0.9960979694,1.160777587,0.9715394567,0.02846054334,773,209476.25,249,143,3289,639,434.0849593,0,2295.167,8874.951,4210.846995,2000.799,15611.138,31195.015,1.308611847,1,2.551896031,6.023563331,481,347.0220665,0,1510.249,7710.515,1984.516489,1013.637,6475.159,14987.493,1.420884696,1,2.976496469,9.963935474,318,577.3748113,0,2429.074,8669.358,2797.99056,1392.038,10089.665,17551.26,1.303156718,1,2.973344797,5.319453747,162,342.2099198,0,1957.134,4003.238,2026.562056,1117.627,6627.312,13790.85,1.51267511,1,3.934281755,11.90692723,827,438.0132443,0,2166.814,8338.763,3115.052318,1407.868,10759.461,23684.013,1.362951064,1,3.296325364,7.203074414,629,385.6475564,0,1886.608,8649.47,2820.93593,1318.58,10885.264,18502.066,1.370511695,1,2.642790878,8.219533426,144,545.3599583,0,1887.114,6707.307,3561.324618,1304.018,13535.721,31195.015,1.318703655,1,2.514099938,8.645841035
s2-80-user,shortest_estimate+topology_aware+easy_predicted,4,0.1619344676,0.03769284223,0.0631813935,0.03671776965,0.01854304636,0.005799415884,2000,1600,0,185.8079656,0,801.151,4010.98,2784.85858,1555.342,9536.019,16275.339,1.154026363,1,1.648515789,4.244528348,1.154026363,2349.385355,354,795.4465056,3898.429,0.8079454758,0.277661462,0.1506499368,0.9632822304,175.1575689,0,0,175.1574776,9.131313134e-05,0,0,0,0,0.9942005841,1.218495025,0.9814569536,0.01854304636,755,223893.334,175,107,3041,615,169.0593073,0,643.724,3776.115,2141.187597,1000.025,8222.929,13598.83,1.205481914,1,2.156489139,4.893148166,495,228.836002,0,894.044,6771.909,3872.582568,2375.247,12674.319,25263.114,1.069579968,1,1.42886668,2.25261436,334,129.3340928,0,818.408,2098.454,2462.445925,1597.36,8411.861,12284.51,1.11472267,1,1.683896709,3.553169301,156,236.2170705,0,1031.757,6453.353,2561.269526,1738.791,8100.38,13154.039,1.303277869,1,1.658834391,11.13808782,845,157.2788059,0,753.018,3593.793,2877.46867,1579.678,9902.075,15645.978,1.159825886,1,1.639100832,4.244528348,608,183.2590296,0,634.311,5812.51,2659.219215,1556.113,8880.235,16275.339,1.125737165,1,1.500292201,4.02307674,147,360.3446531,0,1270.029,8265.822,2772.159313,1426.084,10687.558,22911.84,1.237694624,1,2.031055882,5.985214962
s2-80-user,shortest_estimate+topology_aware+easy_predicted,5,0.0983745688,0.02983708287,0.03211596561,0.03184091088,0.003978779841,0.0006018295944,2000,1600,0,77.78037562,0,407.236,2060.785,2255.454767,1502.463,6585.02,11600.184,1.067123443,1,1.304940124,2.529231608,1.067123443,2141.204301,334,338.2501916,2060.785,0.7349569454,0.1677252996,0.1009447229,0.9681590891,118.5977,0,0,118.5976521,4.787878791e-05,0,0,0,0,0.9993981704,1.070158337,0.9960212202,0.003978779841,754,209107.581,124,71,2631,639,91.51785915,0,546.682,2076.605,2222.217152,1417.714,6416.136,14041.681,1.095422939,1,1.411757456,3.003135768,486,96.37339712,0,416.691,3704.578,1906.201023,1276.993,5441.538,10571.352,1.056939317,1,1.390915224,2.125207076,322,49.4196087,0,183.289,1314.015,2804.765099,2203.779,7426.538,11427.432,1.047011411,1,1.100001274,2.646437573,153,21.03335948,0,27.891,786.954,2347.600059,1478.383,6827.049,14317.204,1.023608284,1,1.141148815,1.465054431,846,82.71434634,0,416.691,2140.461,2299.292355,1462.688,6735.297,12341.63,1.066604531,1,1.354406165,2.529231608,602,77.87143522,0,407.236,1903.222,2174.662153,1522.96,6289.937,10126.524,1.071667609,1,1.250000261,2.512475207,152,49.95828947,0,345.532,1514.886,2331.445263,1507.125,6880.407,14738.915,1.052014304,1,1.290908846,2.701558953
s2-80-user,shortest_estimate+topology_aware+easy_predicted,6,0.2755993849,0.0703551064,0.1510865033,0.03463578203,0.01856435644,0.0009576367519,2000,1600,0,326.4105244,0,1915.803,5524.627,2249.811476,1243.408,7909.77,14364.61,1.328898325,1,3.077016667,6.782127061,1.328898325,2646.69855,388,1268.067781,5376.179,0.8700326048,0.4077326113,0.1954424658,0.965364218,121.99144,0,0,121.9913472,9.276767678e-05,0,0,0,0,0.9990423632,1.089708492,0.9814356436,0.01856435644,808,173455.604,277,158,3646,647,329.0767357,0,2049.999,5393.564,2396.857346,1314.718,8753.57,14135.317,1.365907486,1,3.132515971,9.034536644,472,294.6045064,0,1949.736,5557.208,2082.980794,1243.27,6830.342,12371.19,1.32976817,1,3.11528658,5.799125305,318,210.6853899,0,1331.531,3843.566,1473.207248,1070.722,3866.043,8530.07,1.253461357,1,2.735768703,4.962252079,163,633.6988344,0,3292.636,17166.967,3664.324037,1539.386,17684.122,27378.452,1.326649626,1,3.077016667,6.15463666,792,306.4878674,0,1949.736,5524.627,2317.509154,1282.736,7931.47,19284.732,1.3216054,1,3.132515971,6.782127061,644,351.8967081,0,1839.927,5885.707,2156.649292,1216.343,7500.519,12518.394,1.350425346,1,3.047990473,7.171533333,164,322.5424878,0,1655.575,5688.671,2288.713213,1226.677,9532.173,13051.438,1.27958488,1,2.584979186,7.321396765
s2-80-user,shortest_estimate+topology_aware+easy_predicted,7,0.1412204154,0.03704487529,0.0630589977,0.02266139363,0.01488833747,0.003566811343,2000,1600,0,214.2853444,0,799.599,5430.574,4014.549462,1483.266,15249.899,41541.625,1.185832258,1,1.620176623,5.372790731,1.185832258,2301.985624,369,871.7865827,5134.515,0.7631956342,0.2151932496,0.1063517126,0.9773386064,155.4215844,0,0,155.4215099,7.458585862e-05,0,0,0,0,0.9964331887,1.153628748,0.9851116625,0.01488833747,806,387786.479,150,82,2666,632,241.9266867,0,765.18,6464.302,3560.914593,1424.808,13644.072,31856.608,1.151583612,1,1.730290956,4.428035541,504,210.068625,0,838.912,5430.574,5844.576464,1877.682,32019.069,68088.711,1.146628274,1,1.554502471,5.372790731,308,187.1712662,0,799.599,3964.859,2673.209854,1193.778,9640.233,24958.329,1.32278334,1,1.842381908,6.366977575,156,169.458641,0,834.464,4979.774,2588.243231,1471.783,9217.809,15291.187,1.180851611,1,1.903568203,8.102584814,794,170.6201196,0,793.273,5134.515,4121.535506,1530.256,13588.796,46953.934,1.155600779,1,1.512262694,6.392798054,644,201.4759534,0,898.115,4514.563,3906.83445,1453.54,15291.187,41541.625,1.227660368,1,1.81895,5.372790731,162,479.2201358,0,632.727,14691.36,3918.386185,1429.571,18423.62,29227.13,1.167724179,1,2.071138061,4.362507461
s2-80-user,shortest_estimate+topology_aware+easy_predicted,8,0.09025634574,0.03239775565,0.0219697318,0.0273047315,0.0075,0.001084126788,2000,1600,0,67.79496062,0,278.58,1541.152,1591.275847,760.965,5458.441,12334.941,1.117002507,1,1.416932462,4.155371304,1.117002507,2197.465403,390,263.2874897,1479.138,0.7411762415,0.1910940161,0.1015386869,0.9726952685,72.34022667,0,0,72.34017503,5.163636366e-05,0,0,0,0,0.9989158732,1.095939039,0.9925,0.0075,800,143420.605,126,72,2711,674,88.49927893,0,354.692,2509.253,1291.034218,645.6,4934.167,8889.908,1.161146342,1,1.718901668,5.502358797,490,39.43590612,0,103.891,1329.872,1407.9867,670.362,4241.558,12710.929,1.059499024,1,1.122244625,2.990619616,303,63.15956766,0,330.645,1315.028,2284.044881,1128.991,7770.511,13651.835,1.107707654,1,1.328513277,3.394494589,133,77.91338346,0,436.445,1479.138,2209.813609,1221.132,9994.052,14700.107,1.126326583,1,1.818706575,2.221299076,800,53.13185875,0,261.947,1448.481,1599.655816,726.317,5458.441,12823.07,1.114375327,1,1.397741953,3.960842422,629,81.13365819,0,305.593,2921.64,1602.301361,807.052,5439.346,11139.827,1.113751091,1,1.421197446,4.868834175,171,87.32970175,0,664.334,1492.385,1511.515474,778.363,5628.353,8705.806,1.141253292,1,1.581583379,5.437834518
s2-80-user,shortest_estimate+topology_aware+easy_predicted,9,0.1345425089,0.04211933953,0.05924390779,0.02261138331,0.008816120907,0.001751757313,2000,1600,0,194.9621169,0,751.223,4460.091,2611.698876,1277.747,8855.837,17808.118,1.174732531,1,1.842110919,5.044714339,1.174732531,2412.756333,346,848.9828613,4241.647,0.7729051349,0.211263571,0.1184253611,0.9773886167,101.1152578,0,0,101.1152106,4.719191921e-05,0,0,0,0,0.9982482427,1.118009532,0.9911838791,0.008816120907,794,207891.698,157,82,3088,645,163.9743132,0,708.302,4131.406,2563.186718,1319.598,8103.948,16787.21,1.178258229,1,1.67795518,5.790155426,474,206.9537911,0,903.601,4784.196,2581.25023,1195.035,9820.481,15214.964,1.167342761,1,1.850632405,5.736964105,330,248.0707485,0,608.923,5439.981,3005.982594,1502.952,11378.759,21892.603,1.135230463,1,1.844894299,3.500366225,151,173.6192781,0,453.392,4863.148,2052.820556,880.903,9239.063,13637.962,1.269198479,1,1.606753313,5.044714339,806,255.2257295,0,940.068,4920.29,2734.030767,1289.181,9656.01,18473.597,1.194451646,1,1.919763136,5.533266738,627,140.9709171,0,595.471,3458.162,2575.212864,1315.734,8158.277,17808.118,1.167282699,1,1.67795518,5.044714339,167,106.8184671,0,430.313,2517.16,2158.26909,1115.233,7715.593,16394.706,1.107531558,1,1.429392111,3.698196585
s2-80-user,shortest_estimate+topology_aware+easy_predicted,10,0.4333835219,0.07065788686,0.2724409202,0.05064941071,0.03641092328,0.003224380902,2000,1600,0,908.1237844,0,3454.598,15373.703,3761.269095,1579.14,13245.767,27434.659,1.450193965,1,3.090258925,9.864445429,1.450193965,2844.824715,352,3897.88602,15151.667,0.8956566141,0.4100103047,0.1982345539,0.9493505893,315.9551178,0,0,315.9550231,9.466666667e-05,0,0,0,0,0.9967756191,1.153560676,0.9635890767,0.03641092328,769,281945.11,275,172,3843,626,930.672508,0,3235.333,22637.86,3701.734431,1686.626,12440.127,24935.447,1.395712634,1,2.956480138,7.53096799,484,1202.472849,0,4648.702,20911.528,5027.453938,1505.174,18618.506,49600.237,1.501655365,1,3.090258925,12.17993157,343,664.7265539,0,4508.457,12256.529,2911.497446,1652.901,9724.22,20549.455,1.530069721,1,4.030679785,12.18349305,147,410.8775374,0,1461.022,8820.022,1828.663048,1177.62,5221.328,14864.274,1.326388592,1,2.37782323,8.084190735,831,884.409148,0,3869.002,15151.667,3651.004182,1609.746,13801.103,25384.109,1.429850627,1,3.037273472,9.864445429,627,907.4573509,0,3400.941,15373.703,3860.240375,1579.14,12936.591,31625.199,1.440930907,1,3.134758718,9.664900287,142,1049.847141,0,1551.188,23089.908,3969.544803,1544.075,13374.493,27997.794,1.610146432,1,2.798442622,13.51120025
s2-80-user,shortest_estimate+topology_aware+easy_predicted,11,0.178748987,0.04341854675,0.08717144474,0.03193894051,0.01602959309,0.0001904618811,2000,1600,0,300.3599694,0,1105.349,6237.447,3095.797366,1531.739,10890.87,23879.742,1.166638527,1,1.898932413,4.773093066,1.166638527,2275.40002,333,1351.497844,6237.447,0.7956833139,0.2806069208,0.1193389631,0.9680610595,149.2573756,0,0,149.257287,8.85656566e-05,0,0,0,0,0.9998095381,1.035953342,0.9839704069,0.01602959309,811,257446.25,198,107,3039,640,336.537575,0,1139.127,6518.317,3625.539381,1701.847,13156.163,30974.656,1.169211895,1,1.85950184,4.596484007,470,315.8613489,0,1251.612,6521.149,2451.080426,1447.826,7900.463,16010.906,1.184657801,1,1.941801655,4.832903497,327,185.4552141,0,809.942,2996.561,2724.814336,1313.565,10844.656,26307.827,1.143543587,1,1.738445115,4.612386438,163,344.1301472,0,1444.606,12089.647,3619.070515,1857.837,13419.286,25425.573,1.150908656,1,1.947754635,4.733839066,789,358.4385906,0,1271.066,6521.149,3243.869646,1572.352,11206.449,26817.081,1.18074797,1,2.037904664,5.041007001,653,239.8444625,0,1028.415,5956.21,2758.308054,1459.267,9855.059,19298.159,1.158083568,1,1.838780316,4.596484007,158,260.4396772,0,1013.845,5023.119,3751.186557,1977.057,14633.466,26474.038,1.131537502,1,1.396362249,5.548427449
s2-80-user,shortest_estimate+topology_aware+easy_predicted,12,0.09422844809,0.03159816425,0.0396830548,0.01891423747,0.002430133657,0.00160285792,2000,1600,0,97.63445562,0,503.188,2516.103,2602.634766,1388.187,9134.131,18503.24,1.12447434,1,1.381961922,3.821987478,1.12447434,2268.811583,349,422.1546246,2508.503,0.7242383575,0.1663124757,0.1048368113,0.9810857625,75.66160889,0,0,75.66153596,7.292929294e-05,0,0,0,0,0.9983971421,1.095848596,0.9975698663,0.002430133657,823,232305.539,105,55,2759,597,92.59356114,0,337.539,2685.322,1570.767848,943.428,5195.139,10235.011,1.153606446,1,1.408460806,6.443510253,519,91.66425626,0,514.874,1946.252,3800.038815,1736.152,15091.977,23590.014,1.150383273,1,1.381961922,5.266013979,324,113.8542253,0,266.901,4528.085,2892.515836,1979.567,8577.837,12640.408,1.052706049,1,1.250000773,2.295418373,160,102.9640937,0,673.181,2105.546,1981.699656,1320.026,5588.553,12484.475,1.077063857,1,1.80705558,2.283112989,777,107.93439,0,541.92,2571.923,2595.168916,1416.374,10136.249,20139.327,1.137749793,1,1.528897332,4.900744001,660,104.0510621,0,493.417,2712.81,2593.603633,1409.757,8946.114,16639.112,1.124389081,1,1.380968608,3.522790317,163,22.55464417,0,8.328,625.384,2674.791288,1219.775,8695.297,28509.755,1.06153719,1,1.005378299,1.683519373
s2-80-user,shortest_estimate+topology_aware+easy_predicted,13,0.1222197902,0.03541451341,0.04597350525,0.03035220675,0.009840098401,0.0006394664123,2000,1600,0,135.76584,0,582.952,2762.205,2238.961145,1391.214,6857.213,13077.674,1.12514805,1,1.54887191,3.746929125,1.12514805,2225.865632,351,581.396359,2584.454,0.8112923305,0.2233181901,0.1227184282,0.9696477933,115.0935689,0,0,115.0935164,5.248484851e-05,0,0,0,0,0.9993605336,1.067299748,0.9901599016,0.009840098401,813,184122.363,171,95,2897,628,109.5453201,0,513.38,2152.125,2225.031349,1515.053,6613.538,11565.637,1.08645784,1,1.43320982,2.946480797,479,139.2988559,0,586.273,2549.981,2079.493021,1117.168,6560.194,14707.371,1.150857728,1,1.734991569,3.328920434,328,109.133497,0,540.087,2762.205,1944.62229,1216.9,5621.888,9042.548,1.144361085,1,1.513740207,5.016350129,165,278.2481455,0,1068.36,8125.026,3340.029558,1974.263,11753.479,17191.957,1.159576179,1,1.644532007,5.721992485,787,144.5034219,0,567.393,3021.313,2244.146878,1392.611,6613.538,13516.357,1.13581978,1,1.541708715,3.979092166,643,139.7747216,0,613.263,3065.953,2204.900337,1411.145,6910.925,12644.141,1.121147335,1,1.580344222,3.919518563,170,80.15297059,0,387.25,2041.432,2343.784247,1320.233,7911.645,17191.957,1.090876337,1,1.512692334,3.02777365
s2-80-user,shortest_estimate+topology_aware+easy_predicted,14,0.1580191534,0.04389780563,0.06146438223,0.04310902385,0.006289308176,0.003258633536,2000,1600,0,167.3102219,0,779.379,4260.429,2157.082478,1100.172,7672.085,15461.498,1.240991649,1,1.919893046,4.81776134,1.240991649,2400.799933,378,660.8973413,3508.015,0.8014388174,0.2668107134,0.1462822103,0.9568909761,165.12014,0,0,165.1200517,8.828282832e-05,0,0,0,0,0.9967413665,1.159004663,0.9937106918,0.006289308176,795,178937.446,182,100,2947,594,136.5811667,0,821.536,2966.09,1544.349409,702.603,5795.333,11861.555,1.341350011,1,2.144494616,13.96979578,514,202.9489475,0,1072.522,4956.929,2565.220881,1551.22,8050.341,14202.218,1.157329262,1,1.872292749,3.423598801,336,112.5160982,0,495.547,1809.994,1718.00236,939.606,5905.707,10684.585,1.216704841,1,1.760872237,4.724548112,156,284.9100897,0,954.171,4302.807,4091.128782,1611.775,18190.113,31938.413,1.186824775,1,1.411117037,7.406316227,805,154.324954,0,843.807,3027.865,2160.726973,1102.511,7606.018,14202.218,1.23833109,1,1.779547384,5.029252843,635,200.6372157,0,743.838,4409.12,2100.231043,1088.14,7755.366,15756.096,1.279607289,1,2.23261025,5.067520245,160,100.3758438,0,496.442,1771.934,2364.37525,1017.823,8896.485,25809.39,1.101121763,1,1.630989055,3.359380644
s2-80-user,shortest_estimate+topology_aware+easy_predicted,15,0.4726779014,0.07265437657,0.2984640667,0.05839591129,0.02985074627,0.01331280056,2000,1600,0,765.7694681,0,3784.576,21012.181,3864.849084,1824.175,14069.785,33987.959,1.420365825,1,3.177576427,7.755803366,1.420365825,2729.695176,357,3269.130588,20700.508,0.8675065079,0.4613421846,0.2124240681,0.9416040887,346.0003578,0,0,346.0002547,0.0001030707072,0,0,0,0,0.9866871994,1.332650491,0.9701492537,0.02985074627,804,283381.471,236,144,3622,654,639.2122248,0,3812.845,11993.777,3231.591656,1585.796,11727.034,21687.059,1.276360673,1,2.759616992,5.774827554,498,1270.783187,0,6567.555,32028.203,5486.961068,2690.676,20680.141,46491.716,1.65205175,1,4.086440966,16.85006231,299,343.657107,0,1699.33,7570.106,2321.095983,1022.381,8938.753,20591.345,1.439505983,1,3.876370171,9.302135652,149,480.4218255,0,1470.789,8345.919,4320.693154,2098.226,16195.322,36910.023,1.239673689,1,2.529364137,6.640203038,796,933.4126344,0,4719.077,25620.106,4288.734815,1955.013,15985.168,40398.672,1.431083639,1,4.023096904,8.137294397,652,560.6711319,0,2324.401,13401.455,3560.649715,1860.363,12200.886,27942.758,1.387024571,1,2.66968817,6.509650096,152,767.6125921,0,1534.251,24461.35,2949.881625,1340.032,9169.64,32516.223,1.507254756,1,2.606910659,16.85006231
s2-80-user,shortest_estimate+topology_aware+easy_predicted,16,0.3386587498,0.07633098347,0.1923138588,0.0399263437,0.02985074627,0.0002368175552,2000,1600,0,531.40674,0,2438.573,12888.652,2185.745969,930.694,8374.875,20430.288,1.4884267,1,3.338374716,10.74381231,1.4884267,2858.013654,364,2185.04819,12289.418,0.8905978004,0.4034004645,0.1807292068,0.9600736563,141.8639511,0,0,141.8638718,7.92727273e-05,0,0,0,0,0.9997631824,1.035715128,0.9701492537,0.02985074627,804,142338.111,276,191,3691,625,438.1261856,0,1811.967,8696.349,1853.759277,750.05,7200.015,19192.685,1.475503786,1,3.244017944,8.849256866,493,623.5097911,0,2858.845,17589.387,2613.012213,1009.646,10257.388,24025.683,1.513204352,1,3.753285739,12.75275977,322,533.9406988,0,2568.032,12289.418,1960.81995,889.028,7851.866,14709.145,1.462501575,1,3.40159877,7.759120845,160,606.8917875,0,1836.782,20823.96,2618.718487,1325.584,7433.31,26415.659,1.514735005,1,2.257140448,23.56306698,796,477.7478053,0,2508.124,11788.977,2187.536539,931.011,8805.892,19082.802,1.473301762,1,3.317788605,8.526888287,633,609.9356335,0,2628.634,14587.504,2216.17619,952.719,8073.5,21944.473,1.516145026,1,3.428263154,15.20304186,171,490.4928363,0,1480.027,14316.486,2064.765719,811.927,6992.733,22799.444,1.456226407,1,3.146843372,10.74693886
s2-80-user,shortest_estimate+topology_aware+easy_predicted,17,0.2235366336,0.04692282069,0.1061145617,0.04509166192,0.02313624679,0.002271342486,2000,1600,0,511.4858194,0,1345.551,9869.962,3308.396099,1671.181,11346.922,27126,1.241717673,1,2.052193631,6.024582886,1.241717673,2448.543676,372,2078.144573,7825.405,0.8391484084,0.2640687743,0.1374353934,0.9549083381,250.6078622,0,0,250.6077674,9.48686869e-05,0,0,0,0,0.9977286575,1.129362201,0.9768637532,0.02313624679,778,245636.449,223,135,3342,628,630.6085032,0,1319.576,23055.206,3626.214352,1986.226,12449.663,27126,1.24739406,1,1.824677716,6.112919272,486,537.292249,0,1760.213,20441.119,3816.103475,2148.613,12885.388,33715.767,1.303391014,1,2.089449554,7.435948588,340,349.2771588,0,1344.903,3317.398,2216.101806,900.871,5973.188,21302.621,1.180702757,1,2.101196582,4.319987057,146,290.9376986,0,895.081,9869.962,2795.001658,1832.059,9371.901,20608.055,1.154094773,1,1.457235608,5.538835938,822,473.9264708,0,1075.35,7825.405,3232.792392,1664.815,10592.697,25218.571,1.183057833,1,1.904925399,4.413191987,617,564.224235,0,1524.84,10755.036,3428.351447,1731.892,12018.418,33715.767,1.295928498,1,2.089449554,7.041794339,161,501.1391242,0,903.314,18541.179,3234.692975,1562.131,11209.629,26932.202,1.333458721,1,2.001371628,12.77947728
s2-80-user,shortest_estimate+topology_aware+easy_predicted,18,0.1024897121,0.02954542746,0.04317212391,0.02205480915,0.00630517024,0.001412181377,2000,1600,0,122.62049,0,547.43,2636.915,4094.413511,1649.518,16631.465,34132.782,1.127075257,1,1.292184425,3.936908758,1.127075257,2239.732239,356,509.3534831,2601.723,0.7185222589,0.1471371285,0.1069832027,0.9779451908,144.4350911,0,0,144.4350242,6.694949498e-05,0,0,0,0,0.9985878186,1.106106799,0.9936948298,0.00630517024,793,390125.266,105,50,2655,654,117.1498028,0,472.938,2601.723,6531.191006,2945.974,23511.202,46925.048,1.072063675,1,1.250000047,2.981655404,489,115.3574479,0,920.97,3032.588,2689.308726,1186.693,10667.916,15435.167,1.18581692,1,1.667515238,5.971911422,318,137.0291069,0,546.332,2370.416,1550.621792,1013.313,5244.822,9873.007,1.154639941,1,1.810231147,4.760230256,139,140.9479496,0,587.605,4631.92,3392.035993,1568.615,15008.808,17876.58,1.116192751,1,1.250000058,5.305772017,807,129.7582094,0,650.992,2888.206,3718.091796,1568.615,15622.345,26945.754,1.165356387,1,1.378813013,5.305772017,633,134.815575,0,472.938,3032.588,4657.914046,1680.007,19889.927,38563.639,1.099935287,1,1.273810064,3.138572973,160,38.3728125,0,184.01,950.901,3763.137175,1823.448,11371.559,46925.048,1.041367313,1,1.135441822,2.274511367
s2-80-user,shortest_estimate+topology_aware+easy_predicted,19,0.06950023294,0.02858093016,0.02351072024,0.01140818987,0.002406738869,0.003593653792,2000,1600,0,53.57126375,0,298.12,1175.375,2631.443487,1107.644,8845.475,24248.916,1.124968486,1,1.250001641,4.473575776,1.124968486,2229.19191,338,224.7642692,1175.375,0.7191726072,0.1216479265,0.08207035207,0.9885918101,52.64712889,0,0,52.647104,2.48888889e-05,0,0,0,0,0.9964063462,1.145120668,0.9975932611,0.002406738869,831,268118.137,93,53,2573,656,48.08857317,0,148.438,1151.533,3774.630506,1598.349,13386.771,42543.581,1.057642694,1,1.195797806,2.832506066,468,62.7237265,0,365.123,1369.298,1693.952141,686.81,6975.626,15676.654,1.211128508,1,1.418857485,7.588939449,316,53.56032595,0,430.098,1095.975,2130.289611,1027.163,7236.443,17476.555,1.170142412,1,1.354240692,5.852352855,160,49.30094375,0,203.617,1416.263,1676.3178,805.987,5592.633,13615.689,1.059767661,1,1.18156271,2.242378569,769,60.17355787,0,226.136,1369.298,2570.231813,1201.259,8217.18,22485.277,1.128772288,1,1.221655989,4.473575776,662,45.08581269,0,209.214,984.509,2690.776279,1064.927,10028.385,28158.885,1.116588897,1,1.250000134,4.614468757,169,56.76773964,0,481.36,1416.263,2677.558686,1074.442,10288.249,27094.338,1.140484247,1,1.352599283,5.576723896
s2-80-user,shortest_estimate+topology_aware+easy_predicted,20,0.2006679525,0.04590265489,0.08203697221,0.03635126903,0.03113325031,0.005243806092,2000,1600,0,401.5076669,0,1040.243,12719.232,3499.539402,1577.354,13507.43,33862.179,1.252083735,1,2.007576157,7.292707849,1.252083735,2418.250138,353,1763.819612,12389.194,0.7887320998,0.2436114398,0.1123693593,0.963648731,198.5389622,0,0,198.5388835,7.874747479e-05,0,0,0,0,0.9947561939,1.20431061,0.9688667497,0.03113325031,803,268593.303,155,90,3071,645,595.1557907,0,1964.934,16483.98,5732.596205,3038.155,20690.092,43249.829,1.265369268,1,2.144628061,7.976847522,467,250.0541049,0,823.486,6681.477,1568.433589,936.676,5322.239,12550.184,1.352295305,1,2.32441937,10.84449463,310,261.0384903,0,808.743,7738.654,2680.081423,1674.47,8397.799,13396.981,1.122879176,1,1.450804629,4.418621918,178,341.7954101,0,415.031,10724.162,1901.431258,716.747,8717.12,15659.987,1.166046888,1,1.508956635,7.292707849,797,436.0414605,0,1059.307,14072.221,3486.989619,1529.545,13087.27,41190.716,1.255543143,1,2.04513285,10.60405207,621,388.9576683,0,823.486,12389.194,3697.126411,1617.96,14342.747,33863.018,1.226830306,1,1.828912984,6.298918304,182,293.1017088,0,1232.195,5328.686,2880.312176,1666.621,8260.604,26503.318,1.32310149,1,2.201360779,4.592749302
s2-80-user,shortest_estimate+topology_aware+none,1,0.3880054065,0.0680296045,0.2554070832,0.02640210454,0.03571428571,0.002452328557,2000,1600,0,484.1358894,0,3238.606,6776.722,3671.424551,1541.24,12027.705,46679.924,1.361486454,1,2.975309648,7.248907238,1.361486454,2608.173916,370,694.5924135,3973.049,0.7253563963,0.3035396268,0.1410386646,0.9735978955,151.9625133,0,0,151.9624355,7.785858589e-05,0,0,0,0,0.9975476714,1.135314059,0.9642857143,0.03571428571,812,331001.651,0,0,2746,647,518.9838068,0,3315.024,6120.942,2824.970753,1770.3,9169.937,15199.784,1.389838269,1,2.991894517,7.311186515,468,339.5040748,0,1973.321,5734.903,1937.665846,1084.902,6770.339,13668.044,1.308682014,1,2.918011579,6.029277053,333,636.3376186,0,4246.035,8705.906,7890.288441,1644.605,46326.346,86400,1.42795699,1,3.382040195,9.960047035,152,447.6747763,0,2144.946,6817.096,3369.931164,2127.289,10918.708,18290.812,1.257763857,1,2.167505136,6.463629336,788,500.3941574,0,3510.392,7441.431,3674.786268,1655.02,10786.396,54203.464,1.360109821,1,3.070767765,6.643754396,648,467.7636497,0,2948.85,6241.372,3582.376549,1388.135,13331.008,45347.927,1.328638046,1,2.771396267,5.890186958,164,470.7072073,0,1943.61,10885.782,4007.12011,1576.417,12705.321,67156.945,1.49789228,1,3.018069796,10.26958677
s2-80-user,shortest_estimate+topology_aware+none,2,0.5605903876,0.08098715474,0.3912903239,0.04794882929,0.03979460847,0.0005694711786,2000,1600,0,876.3862519,0,4961.629,14275.136,4122.307393,1777.471,15285.955,34142.899,1.397495533,1,3.542014754,7.188232596,1.397495533,2965.231033,332,1305.171328,5871.697,0.7472679874,0.2795728043,0.1169652009,0.9520511707,294.3996644,0,0,294.3995815,8.294949499e-05,0,0,0,0,0.9994305288,1.063415368,0.9602053915,0.03979460847,779,287551.538,0,0,2901,636,1191.987725,0,6851.434,19144.656,5792.942281,2400.606,20893.433,42642.491,1.38252526,1,3.294527397,6.47792949,502,844.943245,0,3621.703,15103.594,3349.317709,1683.822,12082.332,22960.652,1.419156647,1,3.476231611,7.388688359,311,402.4984502,0,2101.036,7926.558,2163.803717,1268.053,7504.749,13025.996,1.366249625,1,3.892068975,6.871989455,151,627.6508808,0,5696.511,9790.954,3689.272132,1705.867,13150.249,28399.933,1.452890847,1,3.628889163,12.67769985,821,969.2056407,0,5278.312,15692.94,4341.35782,1924.831,15867.722,34404.229,1.439934644,1,3.727889787,7.188232596,635,836.9696252,0,4961.629,13599.332,3976.118951,1778.1,13943.95,36120.161,1.381190631,1,3.618053564,7.38173157,144,521.0031944,0,4338.097,9842.552,3518.066146,1594.564,14988.267,27939.411,1.227433751,1,1.813990462,6.295242212
s2-80-user,shortest_estimate+topology_aware+none,3,0.6038542784,0.1069806719,0.4017855277,0.03739845492,0.05174644243,0.005943181432,2000,1600,0,1091.914659,40.476,5094.71,13003.464,3709.798712,1684.755,13084.331,32097.327,1.70560696,1.033304683,4.678854561,10.12000091,1.70560696,3354.718894,377,1751.958822,6784.427,0.8308136901,0.5973283202,0.210068175,0.9626015451,174.6881556,0,0,174.6880594,9.616161619e-05,0,0,0,0,0.9940568186,1.205502743,0.9482535576,0.05174644243,773,212201.191,0,0,3546,639,1406.679862,119.054,6181.46,25974.664,5190.789319,2504.097,19874.819,37424.87,1.649138205,1.062061268,4.57791662,8.706660784,481,778.1129771,0,4057.073,10127.687,2416.79695,1208.463,7801.184,17499.279,1.663343398,1,4.37268343,11.20004195,318,1078.253148,0,5761.825,14470.569,3309.599704,1632.158,12152.037,22770.397,1.73912285,1.010954039,5.324314498,10.12000091,162,808.8776543,89.693,5412.086,6508.392,2492.787198,1422.787,8591.86,12826.584,1.98804063,1.076853058,5.047941768,15.3723071,827,1147.543983,46.143,5722.668,14493.154,3831.778248,1648.245,13693.858,35417.605,1.715452115,1.042619433,4.934269249,9.9292,629,1065.701971,55.87,4823.459,10127.687,3501.389795,1737.538,12152.037,25428.323,1.730505902,1.046016489,4.678854561,9.352394311,144,886.9308403,0,2511.681,14470.569,3919.605194,1638.266,18523.974,36915.045,1.540305728,1,3.536548712,13.34297569
s2-80-user,shortest_estimate+topology_aware+none,4,0.3220665175,0.05962518801,0.1879621043,0.03428887891,0.03708609272,0.003104253593,2000,1600,0,425.9291387,0,2383.392,6915.323,3023.311328,1660.392,10650.635,16642.477,1.286982979,1,2.607738182,5.239541457,1.286982979,2558.780301,354,703.2616695,3825.385,0.8040469667,0.3407042837,0.1594692884,0.9657111211,163.1594444,0,0,163.1593508,9.365656569e-05,0,0,0,0,0.9968957464,1.152124237,0.9629139073,0.03708609272,755,223893.334,0,0,3049,615,392.3079398,0,2355.902,8020.83,2364.638094,1018.419,9561.798,15437.021,1.381648955,1,3.410963654,6.250002053,495,576.0863778,0,3513.023,7309.165,4216.193756,2626.838,13926.688,27606.564,1.224465977,1,2.249170037,3.309886515,334,313.2308533,0,1774.302,4881.657,2645.387114,1667.135,9198.292,13287.902,1.199218722,1,2.292653431,3.595603047,156,323.3036987,0,1790.179,4436.806,2644.041615,1804.543,8694.358,11588.772,1.300057361,1,3.281352495,5.751694854,845,393.874232,0,2348.879,5981.285,3114.732183,1734.926,10650.635,16184.948,1.308056316,1,2.98539946,5.239541457,608,449.7381809,0,2487.884,7309.165,2920.496862,1633.123,10431.969,16275.339,1.269915607,1,2.498565323,5.272478208,147,511.7148435,0,2770.169,9692.266,2923.043116,1457.139,11202.311,20713.169,1.236438718,1,2.217704014,4.071480725
s2-80-user,shortest_estimate+topology_aware+none,5,0.1422342727,0.03741910144,0.06918856706,0.02485166083,0.01061007958,0.0001648638067,2000,1600,0,151.4835837,0,877.323,2643.374,2326.595296,1558.497,6836.349,12092.333,1.114454435,1,1.636543595,3.134931695,1.114454435,2235.842861,334,286.708491,1904.823,0.729881759,0.1880538272,0.0915680962,0.9751483392,91.90142444,0,0,91.90138133,4.311111113e-05,0,0,0,0,0.9998351362,1.036964492,0.9893899204,0.01061007958,754,214859.564,0,0,2603,639,156.6808028,0,987.828,2216.031,2284.842085,1477.738,6535.424,14738.915,1.128832456,1,1.714574164,3.385551382,486,141.0384033,0,677.207,2643.374,1946.430593,1360.874,5633.225,10126.524,1.107702244,1,1.576798022,2.891141922,322,152.2872298,0,842.548,3326.988,2909.192016,2267.699,8097.31,11427.432,1.108400967,1,1.436485465,3.306063694,153,161.2650261,0,1214.215,3022.643,2482.439765,1581.591,7086.605,14317.204,1.088593163,1,1.719390637,2.813862332,846,151.6576856,0,842.548,2621.162,2363.557674,1528.781,7351.905,12341.63,1.113227276,1,1.631989604,3.306063694,602,153.9629535,0,877.323,2643.374,2250.516656,1570.16,6407.696,10223.758,1.122281392,1,1.684635233,2.891141922,152,140.6949605,0,1078.402,2887.11,2422.181934,1622.249,6880.407,14738.915,1.090285671,1,1.507770705,2.614232103
s2-80-user,shortest_estimate+topology_aware+none,6,0.6262486253,0.1136546459,0.3805526155,0.04424331454,0.08292079208,0.004877257356,2000,1600,0,1149.700549,107.34,4825.473,14669.287,3076.606892,1546.965,10242.074,25614.751,1.856483102,1.098184678,4.970744235,11.46958859,1.856483102,3549.940889,388,1682.61209,6156.113,0.8526548423,0.6412170394,0.2198960839,0.9557566855,157.3967889,0,0,157.396691,9.785858588e-05,0,0,0,0,0.9951227426,1.201811993,0.9170792079,0.08292079208,808,182033.989,0,0,3705,647,1324.590071,157.64,5418.352,14640.152,3395.359828,1756.526,11537.748,23234.74,2.007720913,1.148795763,5.345,14.69253124,472,916.3495657,68.129,3605.506,12436.208,2703.648536,1472.054,9470.976,19496.079,1.761129903,1.073959547,4.909941202,9.746175188,318,678.6421447,60.477,2625.9,8932.057,1935.145909,1301.566,5908.689,12279.05,1.670578198,1.049301487,3.851138945,9.768107566,163,2050.220276,192.608,13072.939,34723.542,5118.249761,1834.646,25389.446,40710.266,1.89497148,1.171935291,4.511298061,12.45276819,792,1196.201203,123.306,5080.484,20792.44,3210.203333,1540.712,11296.938,35857.39,1.864813355,1.131483241,4.973349636,10.32976667,644,1113.6645,81.317,4675.432,14917.224,2919.223649,1529.624,9485.311,25389.446,1.83974427,1.080327871,4.909941202,12.13223929,164,1066.643823,166.815,5330.905,13674.415,3049.450963,1576.04,10779.637,19557.116,1.881984608,1.120324908,4.321180528,13.01411461
s2-80-user,shortest_estimate+topology_aware+none,7,0.3971723918,0.06836314762,0.2582730535,0.03555964397,0.03473945409,0.0002370926086,2000,1600,0,591.3105038,0,3274.947,8707.802,4402.274952,1688.884,17505.221,43018.534,1.336094119,1,2.989897328,6.311138889,1.336094119,2543.029039,369,814.0272737,4159.474,0.7716491304,0.2778228666,0.117351875,0.964440356,247.1449844,0,0,247.144883,0.0001014545455,0,0,0,0,0.9997629074,1.038145778,0.9652605459,0.03473945409,806,387786.479,0,0,2718,632,593.8521994,0,3445.206,11332.403,3913.671065,1536.316,15040.648,34085.231,1.327010964,1,3.148143237,6.32789025,504,652.0192956,0,3160.765,8707.802,6317.023131,2056.925,33465.447,73347.309,1.326277105,1,2.976307629,6.120270804,308,417.9880292,0,2483.549,7506.639,2909.932873,1193.778,10867.134,24778.908,1.350144285,1,2.615282826,6.311138889,156,727.0780641,0,3996.996,18842.519,3142.05659,1765.287,12482.877,27667.223,1.376868978,1,3.591063964,7.831326766,794,643.218068,0,3668.715,8707.802,4610.780171,1765.287,18017.119,51942.472,1.34412008,1,3.099399046,6.547151684,644,528.775764,0,3047.404,7999.914,4239.112862,1534.996,16551.455,43018.534,1.309048454,1,2.817640758,5.372790731,162,585.4942469,0,3095.335,12931.161,4028.961636,1712.6,16804.401,31422.598,1.404271869,1,3.457422044,7.456866963
s2-80-user,shortest_estimate+topology_aware+none,8,0.1081544638,0.03823409763,0.0410503863,0.02098883813,0.0075,0.0003811417715,2000,1600,0,95.57715313,0,520.526,1930.685,1615.915352,765.85,5859.484,12391.316,1.107893429,1,1.672187872,2.919790412,1.107893429,2196.318939,390,171.4793795,844.954,0.7368820956,0.1818393009,0.09657335169,0.9790111619,55.24837556,0,0,55.24830978,6.57777778e-05,0,0,0,0,0.9996188582,1.049355499,0.9925,0.0075,800,143420.605,0,0,2601,674,99.64338131,0,504.211,2078.087,1298.188907,658.905,4934.167,9071.375,1.136976069,1,1.962218068,3.593362362,490,65.93424082,0,413.15,1283.779,1437.110122,692.261,4308.856,12710.929,1.085288881,1,1.534207734,2.767185534,303,129.2661551,0,620.802,2305.442,2338.18537,1128.991,7934.927,13651.835,1.083499414,1,1.569258471,2.414871692,133,107.4314511,0,573.191,2387.84,2239.331677,1221.132,9994.052,14700.107,1.099366483,1,1.855432951,2.1545,800,88.08550125,0,504.211,1565.705,1633.403698,734.558,5517.692,12823.07,1.117268143,1,1.699438284,3.035064413,629,102.4075024,0,550.54,1916.68,1618.261076,816.867,5984.095,11511.075,1.098493069,1,1.577164652,2.633347649,171,105.5013158,0,521.761,2693.534,1525.470105,778.363,6198.627,9075.765,1.09861305,1,1.716622724,2.919790412
s2-80-user,shortest_estimate+topology_aware+none,9,0.4035745179,0.07642755435,0.2470277811,0.02910966149,0.04911838791,0.001891133054,2000,1600,0,718.7864256,0,3132.355,13392.108,3134.653553,1492.994,11160.822,22195.854,1.505349645,1,3.342598292,8.912722785,1.505349645,3027.40839,346,1144.136101,4132.488,0.7633594968,0.3445643697,0.1441217929,0.9708903385,131.0460133,0,0,131.0459383,7.507070708e-05,0,0,0,0,0.9981088669,1.130863387,0.9508816121,0.04911838791,794,221053.771,0,0,3162,645,607.4073209,0,2849.352,12624.632,3014.976136,1549.048,9447.759,19423.411,1.419889434,1,3.340689722,7.115203111,474,823.2832236,0,3356.374,17473.072,3196.771563,1528.633,11453.381,26360.274,1.605700974,1,3.644275661,10.42154949,330,907.0066152,0,3472.58,15143.858,3649.367112,1613.239,13843.198,25879.133,1.525807324,1,3.044279163,7.16716965,151,455.1796556,0,2135.934,9590.929,2325.994762,1114.854,9239.063,18737.985,1.510675948,1,3.590176787,10.63745,806,761.9484479,0,3265.376,12664.624,3249.386474,1532.575,11383.364,22050.7,1.648249403,1,3.710516648,10.42154949,627,706.9440622,0,2907.49,13870.087,3128.291116,1528.633,10330.817,26417.779,1.383322144,1,3.064462434,7.401812533,167,554.9335629,0,2263.123,11080.23,2604.800341,1171.588,10755.688,19423.411,1.273816938,1,2.524769661,7.088310643
s2-80-user,shortest_estimate+topology_aware+none,10,1.354141143,0.1533126984,0.9819701198,0.05355519328,0.1612483745,0.004054757413,2000,1600,0,3621.073998,289.619,12451.551,65838.1,6475.213331,2100.437,22332.218,77463.045,2.229491711,1.223130708,6.705209507,13.37576623,2.229491711,4186.224417,352,4573.967074,16656.588,0.8914131107,0.6356132833,0.2339710243,0.9464448067,335.1073244,0,0,335.1072219,0.0001025050505,0,0,0,0,0.9959452426,1.180084179,0.8387516255,0.1612483745,769,285366.023,0,0,3900,626,3706.840658,367.226,12450.23,61241.869,6491.484527,2379.34,21062.536,76836.065,2.364752257,1.266032321,7.112020042,14.79510755,484,5277.078378,268.751,22684.488,111212.233,9091.059095,2212.386,35919.363,120027.988,2.227782574,1.173451268,6.18373118,18.4974283,343,2168.653889,263.961,10927.558,22757.866,4411.613187,1947.483,15559.304,43516.062,2.081731935,1.219233967,6.09117321,12.66805895,147,1192.394054,199.644,5620.941,13599.317,2608.272721,1534.927,6812.427,16676.735,2.003884383,1.21618954,5.334589606,10.60069886,831,3463.143442,238.111,12451.551,62300.784,6226.537077,2003.078,21604.807,72686.819,2.094785755,1.173780466,5.72940013,12.94939626,627,3721.777944,409.1,12450.23,65838.1,6680.138287,2212.386,21488.374,82366.509,2.372679,1.270325539,7.304266367,14.79510755,142,4100.643845,440.736,12606.312,80202.45,7025.650085,2651.633,24135.324,89842.836,2.385563671,1.340039371,8.070963714,11.59414637
s2-80-user,shortest_estimate+topology_aware+none,11,0.6493502273,0.0730069495,0.474606695,0.0305286507,0.065351418,0.005856514066,2000,1600,0,1004.280467,0,6018.095,15292.138,3799.087006,1680.937,14153.232,28338.162,1.423072494,1,3.192996384,7.399212078,1.423072494,2687.022485,333,1257.932706,7128.893,0.7957573697,0.3885849423,0.1349749216,0.9694713493,142.4592578,0,0,142.4591741,8.363636366e-05,0,0,0,0,0.9941434859,1.216614331,0.934648582,0.065351418,811,257446.25,0,0,3046,640,1197.998981,0,6548.696,21903.709,4486.676837,1902.504,16537.878,46190.672,1.417947145,1,3.156454233,7.365833253,470,849.8203064,0,5732.767,11119.623,2983.023517,1607.686,10328.257,17801.209,1.405596295,1,3.263151484,5.793735231,327,557.9875657,0,2970.253,10403.747,3097.791376,1441.013,12930.758,26307.827,1.349302456,1,2.603042613,8.026169982,163,1584.367613,0,7623.621,32212.62,4859.307982,2076.472,17509.722,39517.46,1.641580706,1,5.078581991,11.52228199,789,1068.881755,0,6724.103,12974.834,3954.02784,1724.88,14055.058,32529.806,1.46470502,1,3.513238315,8.026169982,653,984.8336279,0,6018.095,19139.992,3503.919413,1573.659,14368.791,28261.98,1.409324026,1,3.111982534,10.12878877,158,762.0549557,0,3926.045,10819.104,4245.264981,2015.429,14633.466,33097.672,1.271994556,1,2.468895672,5.247182366
s2-80-user,shortest_estimate+topology_aware+none,12,0.2226048467,0.04899102817,0.1301037454,0.0243505499,0.01458080194,0.004578721262,2000,1600,0,252.3761706,0,1649.738,3713.755,2759.367339,1494.933,9785.559,20136.86,1.268725926,1,2.142647747,6.486592629,1.268725926,2568.017023,349,441.4259513,2425.852,0.7283869138,0.236715715,0.1277397588,0.9756494501,97.95095556,0,0,97.95087863,7.692929294e-05,0,0,0,0,0.9954212787,1.185225844,0.9854191981,0.01458080194,823,232305.539,0,0,2797,597,222.0390704,0,1463.674,3477.796,1700.284796,1000.385,5633.496,10235.011,1.354613046,1,2.641990437,8.360896523,519,292.1390019,0,2055.29,4241.01,3999.455925,1897.98,15466.331,23590.014,1.277401283,1,1.994290344,6.486592629,324,242.2496914,0,1557.968,3651.893,3032.305244,2068.55,8718.529,13100.539,1.142915548,1,1.685887968,3.066876424,160,257.0969125,0,1672.847,2795.606,2135.832475,1410.621,6486.501,12484.475,1.174884938,1,1.982648201,2.380475865,777,261.1298958,0,1738.198,3818.629,2750.022422,1515.134,10458.667,20244.012,1.280453466,1,2.123552637,6.875970176,660,241.9056212,0,1649.169,3460.028,2732.21475,1528.093,9139.207,18378.971,1.241169347,1,2.19300943,6.486592629,163,253.0443804,0,955.147,6394.668,2913.856356,1299.458,9134.131,28509.755,1.324401038,1,2.509192125,8.182359415
s2-80-user,shortest_estimate+topology_aware+none,13,0.210958647,0.04614338186,0.1126175487,0.03098947341,0.0209102091,0.0002980339881,2000,1600,0,346.3770031,0,1428.01,7391.843,2450.709551,1449.13,8042.888,16163.013,1.205136026,1,2.018104475,4.125157691,1.205136026,2430.420671,351,562.629208,2246.301,0.801566935,0.3061827411,0.1327399246,0.9690105266,117.5873222,0,0,117.5872773,4.488888892e-05,0,0,0,0,0.999701966,1.042069411,0.9790897909,0.0209102091,813,184122.363,0,0,2958,628,293.8704363,0,1207.179,4951.116,2412.767269,1648.114,6857.213,13288.192,1.18126352,1,1.867783787,3.758146594,479,405.9192881,0,1531.447,8286.47,2345.553344,1204.351,8117.921,22608.846,1.230234347,1,2.324879564,4.125157691,328,307.4387317,0,1482.502,4892.699,2144.077793,1283.259,5998.748,25926.365,1.201200407,1,1.980353635,4.186789166,165,450.7716848,0,2233.259,10144.398,3509.938594,1986.962,12033.522,17191.957,1.23095858,1,2.124414659,4.502286678,787,348.2114206,0,1531.447,6179.247,2449.127217,1453.9,7633.614,19117.82,1.196031726,1,1.937676358,4.081538209,643,392.9018771,0,1522.654,8286.47,2459.596156,1476.808,8707.041,16163.013,1.227820522,1,2.169060463,4.439611435,170,161.9112353,0,889.904,3806.714,2424.422547,1377.587,8557.767,17191.957,1.16148281,1,1.890682314,3.753186244
s2-80-user,shortest_estimate+topology_aware+none,14,0.3289632604,0.07609481085,0.1730018195,0.03716172014,0.03522012579,0.007484784167,2000,1600,0,459.8332862,0,2193.693,4806.149,2445.569177,1274.535,8523.127,18672.347,1.467306658,1,3.328045585,7.128353877,1.467306658,2786.564762,378,703.6223968,2736.867,0.7946123247,0.3763952275,0.1809417188,0.9628382799,141.4610178,0,0,141.4609197,9.806060608e-05,0,0,0,0,0.9925152158,1.268813029,0.9647798742,0.03522012579,795,178937.446,0,0,3008,594,382.532899,0,1740.922,4733.586,1785.703214,859.711,6369.619,11987.077,1.607426523,1,4.313721324,10.01262908,514,543.9824319,0,2493.596,6441.155,2898.591521,1770.316,9123.725,16008.232,1.37671302,1,2.987337913,7.128353877,336,354.5329613,0,1887.473,4059.325,1960.649244,1131.452,6794.766,10684.585,1.451239368,1,3.71822449,7.005861819,156,703.7094295,0,2992.274,13929.174,4509.928122,1843.018,19867.847,34320.909,1.266874225,1,2.574317055,5.553830456,805,429.9569093,0,2176.903,4216.498,2430.490011,1342.03,8216.029,14696.424,1.496691633,1,3.498792262,7.128353877,635,476.651748,0,2127.168,5325.631,2373.380534,1250.712,8698.146,20478.996,1.449760424,1,3.229929715,7.095520772,160,543.4005375,0,3370.528,5192.948,2807.934913,1190.681,9583.762,34320.909,1.389100121,1,2.841807623,7.166920989
s2-80-user,shortest_estimate+topology_aware+none,15,1.294899267,0.1222023685,0.9722392589,0.06046008582,0.1393034826,0.0006940713786,2000,1600,0,2549.169667,197.705,12328.162,39629.565,5650.236042,2316.128,22295.783,49714.722,1.951124682,1.129841327,5.344583271,11.05079459,1.951124682,3763.310378,357,3192.526941,14936.894,0.8576975701,0.6670108541,0.2434070997,0.9395399142,359.0177889,0,0,359.0176729,0.0001160000001,0,0,0,0,0.9993059286,1.065623924,0.8606965174,0.1393034826,804,286666.63,0,0,3787,654,2101.066235,159.118,10434.188,34115.037,4693.784526,2063.464,18242.658,42951.951,1.963248185,1.127374013,5.350854278,11.05079459,498,3695.641283,387.212,19467.803,46306.56,7918.579082,3295.401,31489.985,66643.14,1.903106452,1.152591506,5.388013694,10.90080939,299,1556.695204,63.962,8474.499,15666.956,3529.016398,1314.39,14645.566,27818.1,2.027995764,1.048063523,5.848826968,20.78629276,149,2675.791436,405.432,12823.773,31247.678,6523.585913,2860.269,28341.376,52918.952,1.904143834,1.194051693,5.239775773,8.931900253,796,2895.859511,223.329,15666.956,46182.015,6253.629195,2395.241,27818.1,56543.044,1.860624068,1.121452292,5.077989056,11.05079459,652,2345.25681,182.331,11326.105,38231.176,5348.557106,2195.801,18850.78,48713.074,2.044736908,1.129841327,5.553043689,11.07961284,152,1608.288526,169.029,9479.546,22525.993,3784.40523,1968.693,15449.845,27437.681,2.023514923,1.152591506,6.064427911,17.78277618
s2-80-user,shortest_estimate+topology_aware+none,16,0.8026274831,0.1285554782,0.5370842338,0.05076973337,0.08208955224,0.004128485514,2000,1600,0,1742.042364,87.907,6810.321,36547.217,3398.124979,1166.584,12767.038,47279.331,2.010993175,1.096271694,5.622439781,12.37312549,2.010993175,4016.14144,364,2417.681742,10188.339,0.8533528936,0.6812168296,0.2121986085,0.9492302666,182.4527311,0,0,182.4526331,9.806060608e-05,0,0,0,0,0.9958715145,1.172613241,0.9179104478,0.08208955224,804,156880.902,0,0,3699,625,1649.108934,41.325,6024.985,36547.217,3066.866574,1011.026,11993.401,48190.283,2.07691147,1.065637847,6.920016401,12.37312549,493,2228.543529,164.077,10695.117,50599.237,4222.35268,1330.914,19082.802,55569.201,2.069536083,1.178421397,5.441166667,12.80275705,322,1077.466792,24.618,3852.311,16366.808,2503.896801,1041.134,8164.879,22607.433,1.912574541,1.040053252,5.418696378,15.04936525,160,1943.4902,103.76,6471.211,62281.626,3952.085725,1493.773,11237.978,68560.35,1.771182004,1.110017298,4.204262796,10.91947185,796,1652.020979,100.154,7524.428,36184.186,3362.536611,1160.595,12947.565,47279.331,1.927780062,1.116092919,5.374991181,11.53284216,633,1799.67927,77.818,8383.911,36547.217,3413.095986,1203.898,14330.11,41552.245,2.138651761,1.066781496,7.022393944,14.02792138,171,1947.731614,50.134,4903.848,51012.784,3508.368801,1029.51,8969.263,60800.787,1.925787054,1.064699107,5.382909554,14.62469379
s2-80-user,shortest_estimate+topology_aware+none,17,0.6494473635,0.08408661144,0.4487409596,0.04407701956,0.0706940874,0.00184868548,2000,1600,0,1576.303248,0,5690.113,42162.285,4372.449043,1961.997,15268.024,48278.881,1.558154578,1,3.677571083,9.358967137,1.558154578,3058.18544,372,1883.687118,7608.624,0.8375736016,0.4347978106,0.175407479,0.9559229804,244.7087244,0,0,244.7086371,8.739393942e-05,0,0,0,0,0.9981513145,1.113615948,0.9293059126,0.0706940874,778,249349.026,0,0,3330,628,1627.523304,0,5780.43,42026.788,4621.999715,2278.802,15212.747,49692.446,1.579429118,1,3.864533285,9.43762215,486,1998.558426,0,7578.806,44389.281,5279.66151,2484.258,17111.198,50489.996,1.598492145,1,3.401010095,10.78498905,340,561.9817118,0,2426.836,9858.208,2428.68185,1017.04,8632.078,25169.657,1.441138188,1,3.417665645,6.911789082,146,2312.516336,0,7339.161,44012.361,4805.721404,2005.17,18594.423,49277.648,1.604874469,1,4.238962813,9.358967137,822,1301.44992,0,5050.577,18828.191,4064.751819,1996.925,15710.645,30712.309,1.534431128,1,3.459483088,8.261847477,617,1805.150624,0,6082.022,46630.521,4663.343188,1986.226,13668.157,61414.441,1.560514032,1,3.541612827,9.454827675,161,2102.580298,0,7578.806,43533.442,4828.631845,1716.458,16792.051,49692.446,1.670234658,1,4.382691815,15.08965745
s2-80-user,shortest_estimate+topology_aware+none,18,0.3908094246,0.06933509365,0.2469198173,0.0240527398,0.04539722573,0.005104548126,2000,1600,0,534.1599087,0,3130.986,9743.791,4504.985624,1851.537,17899.234,35142.193,1.417598244,1,3.032405885,8.902484742,1.417598244,2734.512081,356,670.2731433,3315.876,0.7210613709,0.2446828758,0.1065530841,0.9759472602,157.84184,0,0,157.841753,8.703030306e-05,0,0,0,0,0.9948954519,1.206291658,0.9546027743,0.04539722573,793,390268.722,0,0,2687,654,640.6982064,0,3741.655,11431.755,7056.448104,3483.14,24941.787,48792.752,1.2924629,1,2.423834868,7.8007476,489,548.0063845,0,3219.932,9749.463,3118.205303,1282.105,12261.877,18773.747,1.559087215,1,3.785884165,9.635119783,318,342.9159371,0,2234.736,4750.555,1757.197635,1120.902,5706.506,10464.267,1.478897745,1,3.275099195,9.951980883,139,421.7038633,0,2143.89,6226.217,3665.242432,1898.697,16230.783,21235.025,1.368369225,1,2.793428385,9.332410253,807,503.1719752,0,3075.624,8505.743,4086.144928,1803.484,16929.968,27723.835,1.449267462,1,3.183513887,7.8007476,633,558.8051043,0,3085.026,11273.512,5089.365404,1862.833,21192.595,39079.836,1.36711954,1,2.908303955,9.332410253,160,592.9527437,0,3743.57,10780.171,4305.560881,1983.717,13124.22,48792.752,1.45757299,1,3.275099195,10.32156012
s2-80-user,shortest_estimate+topology_aware+none,19,0.164708462,0.04661516307,0.07589809697,0.02111010461,0.01684717208,0.004237925263,2000,1600,0,138.7536663,0,962.401,2047.665,2720.824131,1204.353,9001.778,26783.617,1.229885391,1,2.038738068,5.166727445,1.229885391,2483.158805,338,275.3522367,1498.042,0.7256440856,0.1933879193,0.09406692911,0.9788898954,98.38559111,0,0,98.38555184,3.92727273e-05,0,0,0,0,0.9957620747,1.183201336,0.9831528279,0.01684717208,831,280470.095,0,0,2583,656,144.046593,0,962.401,2309.498,3879.984837,1716.932,13386.771,42543.581,1.139700755,1,1.719039989,3.428522117,468,126.8378184,0,950.413,1804.213,1758.234532,705.666,7042.073,15822.838,1.247516526,1,2.274416173,7.250155821,316,120.4063006,0,833.285,1980.717,2198.451269,1051.6,7633.662,18265.22,1.330936465,1,1.618984553,6.563270786,160,188.1425688,0,1380.275,2348.109,1815.526212,1002.043,6195.391,13615.689,1.348495455,1,3.277987715,6.175523123,769,141.8481912,0,1030.031,2031.792,2658.236143,1294.817,8380.858,22485.277,1.20944049,1,1.818516518,6.175523123,662,128.0906088,0,791.604,2393.852,2776.690168,1100.335,10028.385,28158.885,1.270384424,1,2.154901637,5.166727445,169,166.4415621,0,1303.082,1709.085,2786.781799,1183.149,10955.622,27094.338,1.164274552,1,2.070491684,3.944321353
s2-80-user,shortest_estimate+topology_aware+none,20,0.8484472665,0.09244469472,0.6516691846,0.02579551623,0.07845579078,8.208016956e-05,2000,1600,0,1265.168469,0,8263.278,19488.097,4350.908659,1705.082,18208.151,37638.752,1.594737968,1,4.043116142,11.79753212,1.594737968,3037.604038,353,1975.378431,14341.38,0.7728988307,0.3765329244,0.1340730021,0.9742044838,139.3602844,0,0,139.3602263,5.81818182e-05,0,0,0,0,0.9999179198,1.023699496,0.9215442092,0.07845579078,803,269369.778,0,0,3026,645,1877.302726,0,12712.41,24607.626,6987.959681,3422.43,24560.181,50376.337,1.577760618,1,3.9024649,10.81600981,467,852.0577495,0,3927.596,23915.335,2164.279368,1053.431,7451.392,25532.859,1.61515275,1,4.82901242,14.96374575,310,941.4393613,0,6178.852,14549.528,3361.638687,1809.02,13104.733,18017.487,1.603659346,1,3.285569826,12.85792526,178,694.6748427,0,4678.712,15162.754,2255.019118,752.07,11188.84,23119.93,1.587159658,1,3.520208696,19.78235243,797,1393.247122,0,8928.989,24607.626,4426.904167,1613.364,18208.151,44748.477,1.590830746,1,4.12296968,14.29468557,621,1186.609203,0,8052.769,18289.145,4485.820519,1750.588,19301.191,38188.694,1.571537532,1,3.590254001,11.42464471,182,972.3476923,0,8263.278,14092.894,3557.784022,1758.946,14926.741,26503.318,1.691010092,1,4.890742258,14.31340377
s2-95-exact,fifo+first_fit+none,1,1.748962905,0.4483867021,0.6531028157,0.05688116482,0.5665024631,0.02408975964,2000,1600,0,7927.329088,7116.289,19358.012,20333.861,11145.83202,9437.588,23425.378,52596.944,15.09381489,5.40834302,57.64228716,180.8983629,15.09381489,29799.06185,370,8332.580965,19681.911,0.801857782,0.740522767,0.2186285933,0.9431188352,337.9711356,0,0,337.9710022,0.0001333333334,0,0,0,0,0.9759102404,1.571033184,0.4334975369,0.5665024631,812,307310.542,0,0,3623,647,7970.26887,6992.118,19503.534,20311.394,10285.8931,9523.233,21849.55,28237.554,15.16903719,4.851728525,54.22076533,196.1721833,468,7547.661,6942.9,19300.571,19945.272,9160.898173,8474.351,20814.546,25039.593,17.02928487,7.109328297,73.10066447,148.0197167,333,8035.743219,7508.24,19358.012,20393.016,15386.80779,10652.133,52596.944,88064.449,14.16943126,4.914200765,57.64228716,90.42825605,152,8676.018039,8547.583,19516.276,20579.513,11626.65168,10446.308,24263.722,29686.858,10.83954499,4.923631784,36.95695094,76.63881293,788,8012.915114,7521.05,19358.012,20333.861,11205.18969,9663.715,22677.956,54432.154,14.00518321,5.174672356,50.81653626,148.0197167,648,8063.853698,7197.55,19325.54,20299.482,11230.46574,9500.948,25301.445,51350.565,16.11317198,5.881320601,66.07639581,182.5988971,164,6976.65997,5977.415,19404.53,20592.241,10526.21923,8325.959,23038.486,68075.746,16.29685376,4.739304889,53.84569447,231.5311325
s2-95-exact,fifo+first_fit+none,2,2.769153219,0.6294674399,1.374069274,0.06290632072,0.6983311938,0.00437899045,2000,1600,0,13252.72529,9105.373,40727.507,44399.869,16512.82174,11294.501,44622.859,51219.606,18.30939105,6.467810842,80.92109502,169.780686,18.30939105,41779.9764,332,14356.808,41873.867,0.7999399355,0.857281978,0.2409642306,0.9370936793,392.4016911,0,0,392.4015839,0.0001071919193,0,0,0,0,0.9956210096,1.194507513,0.3016688062,0.6983311938,779,271907.377,0,0,3800,636,13852.70777,9345.606,42534.51,44409.235,18466.5516,13161.46,46013.322,60655.347,17.65876775,5.540347802,80.95896188,181.2266021,502,13153.8962,8908.286,39807.439,44340.831,15679.60147,10865.846,44238.786,46786.221,18.44474498,6.524015774,83.47831894,169.780686,311,12418.63679,8319.033,40106.868,44350.839,14182.26545,9938.157,43204.731,47467.302,20.12928046,7.674596817,79.62006068,166.8865921,151,12772.09522,9358.049,39334.607,44284.303,15853.93035,11911.431,43577.342,48048.886,16.85153106,6.538838245,74.1313475,150.4985533,821,13407.72414,8918.692,41762.665,44340.831,16789.51569,11258.307,44699.859,53747.536,17.77022523,6.436226308,68.94316149,163.7893247,635,13127.50875,9204.547,41771.028,44821.444,16283.86827,11332.59,44872.918,49416.132,18.91635904,6.467810842,86.49510423,196.5801381,144,12921.18667,9451.646,37146.153,43567.249,15944.90319,11356.1,42297.784,46273.035,18.70682485,7.102063738,88.6779742,170.1969782
s2-95-exact,fifo+first_fit+none,3,3.206577584,1.082611527,1.057167034,0.03960424847,1,0.02719477469,2000,1600,0,21285.34453,22547.162,31334.503,36895.439,23906.53502,24546.813,36219.649,47369.96,36.79693981,17.59875477,139.1749671,242.4982881,36.79693981,73853.42701,377,21674.5379,31778.612,0.833452253,0.8575174469,0.2711614971,0.9603957515,185.4162956,0,0,185.4161918,0.0001037575758,0,0,0,0,0.9728052253,1.618358617,0,1,773,214657.851,0,0,3929,639,21154.03946,22429.489,31120.403,37066.372,24945.82918,25404.347,39298.939,55299.076,28.07156723,12.82134983,105.328934,209.6697347,481,21300.39305,22758.806,31179.747,36915.441,22943.0621,23991.337,32706.586,38759.298,45.42986273,24.11224613,179.4112415,270.6514133,318,21480.74308,22581.595,31662.669,35752.613,23705.56897,24394.633,34466.937,40584.962,38.92519608,17.71516238,169.1856597,262.4259156,162,21375.0289,22217.462,31579.142,37203.49,23062.2678,23933.829,35002.019,40700.909,41.40367849,21.60710982,131.9729402,407.3078155,827,21362.76011,22633.115,31334.503,36816.805,24049.67661,24526.386,35806.02,48606.187,37.38909068,17.79655211,149.533638,262.4259156,629,21131.61455,22481.535,31433.563,36990.735,23571.803,24543.64,35528.351,41141.646,36.28288065,17.83096039,129.0181581,235.5834141,144,21512.24365,22164.418,30904.946,36915.441,24546.59297,24678.89,37154.129,50025.246,35.64162344,15.71216742,162.5587474,225.71361
s2-95-exact,fifo+first_fit+none,4,2.961303923,0.9472490063,0.9846961486,0.04944604014,0.7960264901,0.1838862377,2000,1600,0,15921.21858,16431.219,29186.461,30809.772,18530.58058,18392.724,32757.322,38826.967,28.88588119,10.21124278,121.773458,293.74995,28.88588119,60329.87182,354,16458.04923,29469.361,0.8215069975,0.8746146217,0.2755368682,0.9505539599,239.0346756,0,0,239.0345656,0.000109979798,0,0,0,0,0.8161137623,2.865503706,0.2039735099,0.7960264901,755,217668.398,0,0,3913,615,16426.89122,16871.972,29405.251,30946.938,18406.83492,18551.007,32817.309,38508.128,46.69789598,17.28333938,225.9227155,394.4502333,495,15720.30673,16362.728,28850.703,30522.939,19372.59114,19141.242,34545.06,40798.087,16.29657497,7.383728631,65.2967008,151.5968632,334,15424.42921,16093.326,29231.796,30956.14,17768.13235,17446.383,32038.008,36604.412,17.43344492,9.706156501,64.41167413,106.8974564,156,15628.84899,15992.828,29158.95,30566.46,17979.08094,17624.997,31006.313,33769.605,23.13223495,9.679174395,98.85158489,233.3724142,845,15829.06593,16185.252,29182.685,30956.14,18554.60451,18096.951,33429.32,39019.565,28.1747064,9.517923088,113.4300148,293.74995,608,16085.45569,16805.207,29129.742,30752.74,18578.90796,18640.846,32470.356,38345.952,30.50317171,10.49819263,130.2422669,310.4494,147,15771.64596,12745.489,29477.792,30809.772,18192.59912,17659.836,32826.388,39489.558,26.28472511,12.88699762,88.47198828,216.4859647
s2-95-exact,fifo+first_fit+none,5,1.045911201,0.2001370024,0.2886211308,0.05515117363,0.3952254642,0.1067764301,2000,1600,0,5775.767807,5789.278,8554.75,9238.703,7966.815889,7660.589,13025.099,18101.903,8.258951334,4.831379837,25.72858318,56.80044954,8.258951334,15943.67805,334,5903.458299,8766.864,0.8491909902,0.8516234093,0.2585606251,0.9448488264,210.48926,0,0,210.4891557,0.0001043232324,0,0,0,0,0.8932235699,2.469180599,0.6047745358,0.3952254642,754,194243.64,0,0,3911,639,5736.05349,5830.843,8445.313,9047.55,7882.173861,7575.028,12633.947,19449.441,8.27506436,5.076822444,26.0850378,45.75522284,486,5879.478115,5878.639,8705.198,9327.06,7707.936058,7565.075,12210.747,15545.342,8.009858115,5.426655585,22.60061783,43.74817066,322,5715.780102,5717.471,8596.303,9278.591,8477.93987,8148.671,13700.943,16487.79,5.764294874,3.544174956,18.55546697,29.40339015,153,5738.449373,5595.881,8504.79,9261.555,8066.94617,7598.643,13968.833,20173.515,14.23308507,4.988980416,77.42523333,131.3673833,846,5749.298704,5664.191,8515.925,9233.828,7982.798827,7619.043,13637.808,18688.982,8.11842703,4.766588296,25.05245419,60.67605952,602,5786.15538,5857.99,8615.341,9278.591,7893.376626,7654.99,12393.164,16449.771,8.456660864,4.852282886,26.00567219,49.44131273,152,5881.949,5984.476,8426.291,9054.059,8168.716355,7774.709,12856.363,20173.515,8.258046231,4.648914127,26.29794873,50.13541142
s2-95-exact,fifo+first_fit+none,6,3.296708363,1.246315673,1.053083036,0.05166266495,0.9344059406,0.01124104898,2000,1600,0,18598.26745,18613.881,31213.453,31740.905,20527.73223,19980.667,33669.469,37938.358,39.20954491,16.4157725,160.2199298,335.2647833,39.20954491,78409.76787,388,19145.87271,31340.271,0.813573744,0.873066924,0.2603771704,0.9483373351,185.2292267,0,0,185.2291135,0.0001131313132,0,0,0,0,0.988758951,1.343866085,0.06559405941,0.9344059406,808,184711.322,0,0,3910,647,18717.1037,18691.935,31218.006,31821.996,20782.86948,20192.921,34486.512,38163.549,43.6709417,15.17264113,201.7612167,425.0592,472,18008.94749,17648.835,31097.416,31721.729,19806.373,19678.531,33214.592,36003.752,37.10889936,16.86122444,143.1294777,262.3917926,318,19003.16616,18832.799,31384.823,31759.532,20265.873,19649.025,33034.578,34610.889,36.69132982,18.7080145,135.3224244,296.5108295,163,19043.13972,19492.147,31146.341,31648.284,22114.7199,21372.535,35656.48,57909.888,32.49649812,12.921585,97.2270437,406.26531,792,18566.56134,18636.643,31213.427,31648.284,20577.93242,20007.413,33916.036,39300.421,40.9341651,16.09636545,177.624085,380.1761886,644,18474.39413,17848.008,31260.999,31844.999,20286.08367,19659.974,33669.469,36190.608,36.26139415,16.42611456,141.2125763,314.7973166,164,19237.81418,19421.492,31065.497,31577.63,21234.21466,21145.668,33398.194,38433.569,42.457776,17.30451548,169.3714413,314.8799833
s2-95-exact,fifo+first_fit+none,7,3.641487077,1.310365695,1.363568826,0.04956351978,0.8560794045,0.06190963179,2000,1600,0,22185.92329,22019.369,40416.273,42325.881,26017.8073,24584.782,46813.264,67004.62,39.87471442,13.84447437,168.453871,406.852021,39.87471442,74730.41152,369,22396.25595,40662.035,0.7890703734,0.8678637858,0.250574096,0.9504364802,349.5496044,0,0,349.5494693,0.0001351515153,0,0,0,0,0.9380903682,1.978738803,0.1439205955,0.8560794045,806,371557.648,0,0,3759,632,22271.93344,22180.33,40895.529,42325.881,25620.07823,24543.647,44983.311,57562.517,38.6005178,14.32558935,162.6333707,364.912384,504,22267.05363,21752.492,40012.195,42379.537,27952.06403,25025.572,55961.428,89668.968,27.8700206,11.72364035,101.0967926,299.7307839,308,21918.65195,21913.61,40342.129,41815.991,24426.67881,24200.752,45950.031,53067.309,55.14749121,18.82117848,231.4381041,530.7484126,156,22103.04806,20997.152,40343.997,42020.312,24521.44163,23333.47,47259.19,53159.771,53.66729583,13.37295677,266.9462355,666.62155,794,22287.38301,22019.481,40490.454,42403.368,26283.19848,24720.433,46932.638,70714.998,37.55456741,13.71338229,156.1729012,410.8922282,644,21987.54636,21959.583,40313.829,42543.85,25714.20038,24356.608,45950.031,70470.996,43.31858776,14.35539011,182.2698396,478.6838,162,22477.25489,22550.77,40337.483,41815.991,25923.99407,24141.345,46952.832,57562.517,37.55583975,12.30943158,135.383159,328.4212486
s2-95-exact,fifo+first_fit+none,8,1.199712713,0.3864022712,0.3283941162,0.04175171929,0.37375,0.06941460588,2000,1600,0,4510.882839,4860.396,9733.624,10331.891,6040.468898,6348.394,12060.401,17473.631,12.76107738,5.223976871,49.67388768,107.1081162,12.76107738,24318.91899,390,4471.37289,9848.007,0.8182204432,0.7823332421,0.2323573116,0.9582482807,112.2832756,0,0,112.2831618,0.0001137373738,0,0,0,0,0.9305853941,2.18264796,0.62625,0.37375,800,129836.245,0,0,3749,674,4501.763582,4576.918,9750.196,10419.976,5709.172987,6190.246,11269.532,14036.234,16.16793395,5.831687196,75.31182487,113.4109817,490,4376.260902,3707.007,9703.846,10276.688,5748.803598,5892.173,11706.278,21326.368,10.97960431,5.622800576,36.26222832,99.43544341,303,4594.830462,5795.083,9768.367,10371.648,6827.275218,6863.036,14223.504,21242.425,7.407485881,3.8825326,25.01011715,43.59544671,133,4861.822684,6042.469,9944.906,10239.668,7001.424737,7051.148,14750.251,18809,14.2561052,4.317619015,54.62772787,142.9954472,800,4526.821275,5354.063,9726.831,10270.105,6080.474372,6419.318,12157.853,17868.306,13.31674032,5.416563413,51.56896791,106.1083882,629,4367.929169,3882.257,9682.685,10371.648,5894.271558,6098.588,12017.16,17369.643,12.09117627,4.905539747,48.82104038,112.611865,171,4962.152491,5964.357,10024.929,10335.771,6391.075608,6968.307,11916.094,16155.45,12.62562382,5.354793539,40.64497082,103.8243679
s2-95-exact,fifo+first_fit+none,9,2.123228824,0.5830529433,0.8178938671,0.03691584767,0.6460957179,0.03927044807,2000,1600,0,9661.21622,7872.684,24242.43,26903.567,12084.68582,10020.849,26461.271,32283.957,18.82545335,7.123463028,74.95428618,180.3312453,18.82545335,44826.99222,346,10197.97299,24471.625,0.8254599854,0.8251908192,0.2428762067,0.9630841523,167.53496,0,0,167.5348609,9.911111113e-05,0,0,0,0,0.9607295519,1.651846018,0.3539042821,0.6460957179,794,209925.551,0,0,3914,645,9653.991992,7818.178,24242.43,26903.567,12067.68757,10084.94,26499.555,32283.957,16.5582654,7.1101489,58.00222796,150.417431,474,9819.594057,7997.136,24521.286,26995.878,12198.14305,10292.653,26851.771,30531.847,17.83557256,7.018515456,70.67534945,182.9994424,330,9606.835576,7736.19,24272.053,27088.983,12365.04885,9945.703,26583.623,36260.643,20.77719804,6.285453195,85.55612842,180.3312453,151,9313.760225,8111.921,23907.269,25434.822,11188.42983,9410.895,24892.841,32191.667,27.35170478,9.985780277,97.98153333,280.78185,806,9750.314507,7997.136,24193.71,26903.567,12240.7763,10528.38,26622.031,33117.985,19.01780261,7.229022005,73.06220676,162.2814137,627,9588.410879,7781.431,24304.097,27088.983,12022.0812,9746.661,25987.726,32283.957,19.26406012,6.844520188,82.10197313,180.3312453,167,9504.54394,7404.884,24123.306,26141.965,11566.38743,9225.726,26831.311,29535.986,16.25036385,7.575334361,59.33060312,203.5023062
s2-95-exact,fifo+first_fit+none,10,5.100833612,1.874804935,2.152704898,0.05514379824,1,0.01817998046,2000,1600,0,42985.26744,45087.251,63806.32,64969.187,45843.265,47340.592,66242.808,75635.939,66.65231938,31.97618302,241.0152753,531.7565768,66.65231938,127244.1764,352,44314.79079,64140.698,0.835533012,0.8465769778,0.2297487506,0.9448562018,345.6277311,0,0,345.6276196,0.0001115151515,0,0,0,0,0.9818200195,1.480466622,0,1,769,300729.876,0,0,3967,626,42840.68057,44810.393,63802.09,65324.286,45632.51081,47080.072,66242.808,70959.683,76.46999905,29.83792251,313.4901633,660.2212827,484,43246.21643,45083.647,64204.046,64982.912,47063.24896,47546.252,68746.974,79592.378,64.86722249,31.79684129,203.8528249,710.5178468,343,42518.73924,45335.581,61567.021,64864.879,44762.19394,47200.702,65208.147,69387.532,51.65263297,31.49332317,193.7367237,347.9477286,147,43830.37792,46000.93,63240.116,64593.626,45246.44361,47453.742,63973.922,66367.011,65.72042727,44.5944656,168.755893,295.7326812,831,42734.22943,45116.76,63806.32,64916.409,45505.0202,46971.8,66367.011,76311.594,68.70951242,31.97618302,255.7530426,491.5775489,627,43765.21303,45112.978,63886.444,65302.04,46722.94664,47848.839,66398.947,75830.77,66.78118595,32.39966735,226.0861706,660.2212827,142,41010.52589,44163.694,63322.117,65540.815,43938.48352,46476.361,64884.463,70844.542,54.04438449,30.47648389,165.3389577,309.4152854
s2-95-exact,fifo+first_fit+none,11,1.975749717,0.4553723409,0.8381958446,0.03937068519,0.6276202219,0.01519062397,2000,1600,0,13332.85949,10738.357,24844.182,25643.127,16135.32818,14595.444,29259.503,39648.755,17.09107088,7.914073955,58.54032494,148.3837545,17.09107088,35775.03907,333,13077.08006,24991.464,0.8223241226,0.8617360881,0.2395465135,0.9606293148,185.4108667,0,0,185.4107425,0.0001241616162,0,0,0,0,0.984809376,1.409235577,0.3723797781,0.6276202219,811,252987.361,0,0,3853,640,13054.018,7504.336,24616.82,25541.592,16346.3026,14459.597,29855.791,46999.718,16.31147563,6.942589057,61.98340233,150.7563392,470,13446.65423,11101.913,24860.784,25587.132,15589.75075,13821.152,27793.979,32202.65,16.9832016,8.441382454,58.3570881,103.7279942,327,13198.58253,7434.957,24924.418,25900.859,15742.96683,13323.248,29035.097,35409.763,20.16028663,9.374901278,63.62091377,217.0810201,163,14368.95515,14039.801,25140.784,26095.626,17667.22955,19583.894,33095.81,46557.102,14.30583145,7.428928934,46.85459027,92.97712436,789,13355.63722,11118.92,24844.182,25610.946,16245.85577,14937.137,29303.216,43191.21,16.99399004,7.861071379,60.46019448,150.3662807,653,13326.4887,7907.326,24865.033,25683.144,15854.28794,14353.647,28217.951,38975.237,16.56467207,8.764520078,54.89383394,103.7279942,158,13245.44495,8176.792,24810.159,25728.84,16744.90417,13276.528,33927.844,50181.831,19.75142032,6.380215698,75.32825051,309.9278865
s2-95-exact,fifo+first_fit+none,12,2.226038429,0.5971895362,0.5571568827,0.03833006394,0.9708383961,0.06252354973,2000,1600,0,11090.0749,10303.795,16514.168,18608.894,13606.49443,12656.456,21423.861,30854.623,19.95188926,9.179095779,76.77161382,159.1401398,19.95188926,39635.0928,349,11202.27648,16463.223,0.8136187995,0.8967429222,0.2714506562,0.9616699361,156.4253778,0,0,156.425265,0.0001128080808,0,0,0,0,0.9374764503,1.780368567,0.02916160389,0.9708383961,823,219032.071,0,0,3931,597,11093.28483,10391.049,16530.249,19608.376,12582.2539,12088.052,18809.062,22336.803,26.46279411,13.33651468,98.71578936,185.6784333,519,11105.91883,10277.285,16554.544,18020.158,14818.77967,13196.56,26522.213,36650.937,17.14365036,7.151730398,68.44714549,161.5695861,324,11104.27274,10496.584,16382.089,18608.894,13905.55011,13495.376,20337.808,23396.282,14.8636606,6.632497179,55.55921389,134.7226291,160,10997.95348,9915.2,16758.883,18774.781,12890.25391,12269.697,19514.577,25127.116,15.07096356,9.541735348,48.71861421,113.5513387,777,11133.95634,10276.825,16621.33,19085.781,13631.98635,12756.648,21609.249,29970.686,19.6258656,9.118802448,82.61244773,159.1401398,660,11039.94226,10299.978,16467.655,17689.373,13535.38208,12576.045,21249.593,29295.501,20.22561475,8.786540535,75.34407704,183.7950381,163,11083.88878,10422.775,16090.268,19081.314,13772.91731,12922.605,20568.33,37690.949,20.39766572,11.2457372,63.50553988,129.2840471
s2-95-exact,fifo+first_fit+none,13,1.48081006,0.3030906865,0.5232147543,0.04180367771,0.5252152522,0.08748568894,2000,1600,0,6894.023317,6084.327,15508.121,16259.636,9006.256706,7877.076,18150.841,21807.896,11.80373139,5.445234834,38.96377905,117.2070954,11.80373139,24017.40997,351,7152.966527,15526.528,0.8676199659,0.8554585977,0.2525846464,0.9581963223,160.4112378,0,0,160.4111604,7.741414145e-05,0,0,0,0,0.9125143111,2.238450041,0.4747847478,0.5252152522,813,174788.954,0,0,3852,628,6952.849718,6212.763,14932.106,15924.344,9083.281381,8226.338,17823.99,20440.593,7.75673615,4.930411191,24.6926467,38.19930187,479,6919.388837,5977.026,15554.432,16333.224,8864.621349,7538.117,18442.136,22755.594,14.07942298,6.305162761,56.91172232,111.1209235,328,6508.803506,5603.737,15617.803,16167.646,8349.255018,7320.044,17358.914,24682.861,17.36306635,5.924230046,92.39172924,156.7716942,165,7362.259885,6319.73,15707.99,16526.233,10430.30758,9283.86,20059.489,27249.74,9.549154863,4.103481069,32.63064116,88.43830685,787,6804.06146,6077.321,15453.543,16176.011,8911.17745,7858.414,17998.411,21959.833,11.769649,5.077406293,38.19930187,123.2773355,643,6965.873275,6093.525,15554.432,16259.636,9037.64153,7834.017,17981.835,21249.088,11.50996981,5.601914903,39.26382076,102.9539677,170,7038.731894,6093.884,15545.327,16291.178,9327.709247,8008.451,19972.381,29167.184,13.07262279,6.61356904,48.4187962,134.9087167
s2-95-exact,fifo+first_fit+none,14,2.293395967,0.7105204863,0.6086133432,0.05442295873,0.7874213836,0.1324177951,2000,1600,0,11756.50901,13447.078,18039.341,19325.451,13752.18457,15176.493,21562.096,28461.784,24.92607449,11.72111474,91.3408576,194.482066,24.92607449,47366.39341,378,12270.45956,18502.741,0.8336821388,0.8563524286,0.2658455991,0.9455770413,210.9500089,0,0,210.9498731,0.0001358383839,0,0,0,0,0.8675822049,2.804848459,0.2125786164,0.7874213836,795,171147.804,0,0,3832,594,12046.82005,13878.459,18442.379,19352.428,13459.87591,15124.842,20615.471,25298.506,35.19377923,18.08877069,134.3123159,248.33195,514,11597.54442,13282.04,17755.419,19265.469,13971.81467,15204.898,21561.536,26226.066,16.38391364,8.424638389,67.2962994,120.0361021,336,11712.02998,13587.186,17603.279,19231.339,13320.12442,15133.226,20848.119,23893.828,25.58891628,13.7630499,90.47406667,194.482066,156,11270.66284,12881.133,18303.665,19426.931,15072.1441,15610.835,30528.203,48513.959,12.54747975,6.999910787,42.58685711,66.14779724,805,11764.56474,13502.331,17755.419,19212.353,13777.68871,15295.293,21908.669,26226.066,23.42606306,11.93212657,86.23959994,146.3793158,635,11857.03406,13366.618,18343.161,19363.081,13761.17501,15151.534,21279.685,28461.784,27.05815637,11.84680318,114.6699825,237.265058,160,11317.01986,13040.833,17839.891,19259.165,13588.18606,14836.398,22004.37,40401.927,24.01130705,9.378851114,86.11415033,250.5425735
s2-95-exact,fifo+first_fit+none,15,3.957019421,1.299034617,1.478227807,0.06608622064,0.9912935323,0.1223772453,2000,1600,0,32492.85257,34186.421,43814.773,44644.483,35600.26163,37125.242,48305.95,57299.429,46.47300201,21.19696644,166.9972059,402.9166515,46.47300201,90425.05642,357,33227.28528,44047.248,0.8279727977,0.8354049153,0.2659855689,0.9339137794,394.7903933,0,0,394.7902749,0.0001184242426,0,0,0,0,0.8776227547,2.419149041,0.008706467662,0.9912935323,804,286953.422,0,0,3903,654,32689.47154,34515.716,43653.546,44524.765,35287.04428,36958.587,46601.844,54701.152,46.62864339,23.55080069,159.8678143,337.0200078,498,32049.16761,33894.814,43759.847,46387.911,36285.11243,37589.536,50534.785,66152.627,31.65322965,15.06527906,116.0885105,241.7532048,299,32616.47525,35007.364,43977.071,44631.242,34595.68672,36667.47,46096.342,57299.429,76.57388013,35.80921429,251.1788077,628.3730876,149,32864.68558,33494.621,44149.101,44956.632,36701.98205,37349.19,50861.808,61356.152,34.91793231,18.75061166,128.203593,220.2412253,796,32347.35311,33894.814,43781.332,44826.962,35708.287,36970.066,48945.732,57908.266,44.90952921,20.21635658,168.5355878,446.295526,652,32645.02761,34427.415,43874.954,44631.242,35655.72338,37288.64,48248.192,57299.429,45.91868071,20.79438088,154.1651648,421.2563753,152,32602.05943,34007.945,43814.773,44290.391,34796.64812,36778.91,45910.4,60120.065,57.03840883,27.43344325,188.7741334,402.9166515
s2-95-exact,fifo+first_fit+none,16,3.256118877,1.265809809,1.065254465,0.06532971551,0.7910447761,0.06868011138,2000,1600,0,16126.43111,17652.891,31574.215,36953.259,17790.33958,19161.433,33694.233,39185.363,41.44214013,17.88220895,162.7259956,354.7481167,41.44214013,87325.71555,364,16227.77773,31787.83,0.8559000717,0.8350976782,0.2534588992,0.9346702845,238.4346644,0,0,238.4345474,0.0001170505051,0,0,0,0,0.9313198886,2.250146001,0.2089552239,0.7910447761,804,155951.674,0,0,3895,625,15641.57286,16777.14,31505.699,35276.721,17070.72095,18308.003,33474.364,40597.7,46.7573966,19.68998297,180.2990466,355.8588667,493,16425.19573,18361.807,31791.265,37288.224,18425.32367,19594.922,34617.883,40580.717,39.05751247,16.95181093,154.7693384,361.7077833,322,16289.59478,17230.766,31390.069,35384.057,17725.48739,18908.043,32483.769,37887.216,45.04330125,18.20391017,149.7726561,359.1152189,160,16771.47329,19479.852,31533.57,37298.504,18775.32016,20566.795,33605.725,38683.296,20.77971678,13.24811857,67.76314333,129.0167552,796,15697.94599,17095.951,31517.41,37288.224,17417.30373,19093.17,33824.132,38987.182,40.87846363,18.01348418,164.0729555,338.7859089,633,16417.83844,18263.984,31585.906,36860.167,18034.67057,19138.172,33660.547,39185.363,40.71658688,16.96713283,156.6339768,361.73475,171,17042.29847,17803.239,31787.83,37061.741,18622.35726,19959.556,34617.883,41313.272,46.75185771,21.90806229,216.2419767,347.7284238
s2-95-exact,fifo+first_fit+none,17,3.26961096,0.8498028923,1.44689188,0.05825002659,0.8419023136,0.07276384722,2000,1600,0,20374.9791,15772.942,42885.974,44027.543,23184.74747,22027.219,45366.679,52051.804,28.75484052,11.77524612,109.246287,282.7199029,28.75484052,56258.72288,372,20175.31345,42688.203,0.8416040866,0.8271444127,0.2452927517,0.9417499734,328.2620267,0,0,328.2618966,0.0001300606061,0,0,0,0,0.9272361528,1.852121988,0.1580976864,0.8419023136,778,257931.164,0,0,3842,628,21019.11062,20439.433,42918.222,44065.99,24024.62336,23126.042,45363.197,51304.507,26.17181273,10.4355064,94.95964226,260.8443708,486,19525.34998,15516.355,42989.967,44084.715,22820.29851,18605.214,46172.202,54350.578,23.78354162,9.177568039,74.91138146,320.1605548,340,20318.12554,15710.854,42371.257,43759.689,22194.0599,20616.335,43897.046,54703.105,43.00816482,18.18559559,142.6350795,415.1185321,146,20564.9474,15446.827,42237.334,43906.846,23092.37698,19713.296,45313.283,49973.801,23.22102168,11.24265591,106.851958,187.0933726,822,20263.14423,15710.854,42989.967,43997.765,23034.96975,21496.237,45439.842,50642.208,28.20698617,11.49076086,110.3335695,282.7199029,617,20398.21598,15715.228,42819.096,43999.345,23276.41385,21671.85,45473.371,54350.578,27.39250632,11.13587824,94.78171514,255.3859727,161,20856.91148,21813.885,42522.131,44283.199,23598.15819,25898.805,44643.213,46172.202,36.77283103,13.97141381,154.0832298,424.5120217
s2-95-exact,fifo+first_fit+none,18,2.917689149,0.8453934112,1.01360617,0.03739424994,0.9583858764,0.06290944216,2000,1600,0,21016.4399,23151.721,30043.356,31421.242,25003.76191,25721.956,39059.622,56595.904,29.17639131,13.9606825,108.6794268,220.215739,29.17639131,53885.51813,356,21671.26217,30666.925,0.7762430677,0.9172490286,0.2621751156,0.9626057501,248.7942311,0,0,248.794112,0.0001191515152,0,0,0,0,0.9370905578,2.050223133,0.04161412358,0.9583858764,793,372386.228,0,0,3858,654,20910.44036,23151.721,29867.889,31417.285,27355.05831,27160.119,45961.116,70422.207,18.81642394,7.830944075,77.54093985,144.6139708,489,20956.31173,22939.207,29909.45,31427.234,23537.25418,24711.315,33794.951,41989.374,38.57786764,18.92532273,142.8939022,362.4401833,318,21131.62749,23245.385,30392.615,31752.551,22549.05102,24506.794,32032.683,34998.203,36.70961478,22.21991875,120.1900904,215.827539,139,21463.17894,23403.093,30455.166,31345.166,24715.79429,25590.201,35923.191,43297.529,27.611871,14.9207191,112.0207414,174.0431632,807,20797.54754,22955.705,29978.073,31417.285,24405.64951,25141.359,37605.26,48936.526,31.28626924,14.48149407,115.2024636,225.1508114,633,21307.74919,23470.742,30188.791,31475.399,25845.62237,26240.084,41032.624,64527.933,28.03266569,13.05632451,102.0161715,208.7580836,160,20967.98591,22920.877,29498.692,30955.074,24689.88091,25095.701,35373.887,70926.915,23.05955899,12.25142044,85.40975652,139.4354447
s2-95-exact,fifo+first_fit+none,19,1.21817469,0.4114254076,0.3161183347,0.02763782675,0.3814681107,0.08152501069,2000,1600,0,5002.953646,5081.921,9369.769,10345.552,7592.240956,6991.097,14878.013,31785.66,12.61081681,4.922884192,52.89073333,110.1915752,12.61081681,25960.39044,338,5364.196,9797.871,0.8286243943,0.775214444,0.2246805983,0.9723621733,129.6733689,0,0,129.6732941,7.482828285e-05,0,0,0,0,0.9184749893,2.549572648,0.6185318893,0.3814681107,831,259924.809,0,0,3680,656,4793.316108,4913.326,9437.462,10236.165,8533.598322,7244.087,18208.845,43585.999,7.008202243,3.411898006,25.34384208,48.54083166,468,5124.747927,5202.725,9520.445,10693.193,6768.382432,6766.112,12793.396,18042.179,16.17190538,8.237613447,61.82494315,116.8023082,316,5321.323864,5366.197,9251.468,10324.437,7406.51687,7288.91,13428.451,25210.323,17.86792075,5.113074228,83.69156667,122.72625,160,4877.438094,4950.602,9105.368,10142.287,6509.267006,6053.281,14037.486,17016.765,14.78257221,5.507214569,57.15774432,110.1915752,769,5127.662388,5246.202,9516.055,10476.129,7651.090506,7111.764,14625.582,29993.164,12.38053032,4.730125235,48.54083166,116.8023082,662,4828.233941,4912.536,9169.975,10213.481,7484.720488,6818.518,15388.693,32282.239,12.54631924,4.981454837,52.89073333,98.61470675,169,5119.89697,5001.909,9155.571,10142.287,7745.632941,7468.395,17007.775,27094.338,13.9113358,5.113074228,53.4247045,110.1915752
s2-95-exact,fifo+first_fit+none,20,2.623923294,0.8500016615,1.000551476,0.04287017318,0.5691158157,0.1613841667,2000,1600,0,11367.24942,7272.42,29656.414,30283.09,14472.08869,11201.613,33224.526,44965.883,22.78316679,4.662932977,109.2718397,322.4097412,22.78316679,45841.01053,353,11925.56414,29835.499,0.8204612237,0.8264967773,0.2389372208,0.9571298268,235.7378467,0,0,235.737742,0.0001046464647,0,0,0,0,0.8386158333,2.952690242,0.4308841843,0.5691158157,803,259461.649,0,0,3717,645,11575.31927,7575.096,29694.905,30516.58,16721.34498,14454.859,36953.578,53958.165,14.82537937,3.11184805,68.845735,193.480373,467,11639.63187,7933.821,29537.67,30173.596,12957.74614,10037.934,30744.248,32434.009,37.2252147,8.195404296,202.4433562,454.5304667,310,11125.14721,3611.362,29797.163,30283.09,13559.45944,9670.006,32084.537,37337.307,12.60721974,4.13735719,53.23806728,112.1948855,178,10320.30575,2816.565,29499.435,31356.101,11884.12654,6557.254,31794.884,38395.754,31.45103249,7.468050214,166.5410005,396.8209775,797,11223.40291,7279.399,29649.817,30629.015,14275.00821,11333.237,33224.526,46018.437,21.76009181,4.892945442,110.599448,269.9470966,621,11362.62005,6692.853,29574.819,30283.09,14683.288,11292.25,33236.474,47062.558,24.04311287,4.517819468,107.6399385,396.8209775,182,12012.96649,7653.308,29752.277,30248.249,14614.49734,10968.099,32513.784,36851.29,22.96428896,4.739946525,92.76047498,322.4097412
s2-95-exact,shortest_estimate+topology_aware+conservative,1,0.1701345947,0.01925562499,0.06963347675,0.05110664029,0.02955665025,0.0005822023654,2000,1600,0,391.701395,0,2063.941,5842.044,3611.288949,1448.257,10889.747,46679.924,1.261630484,1,2.475404066,4.407676877,1.261630484,2452.164697,370,1296.079986,4975.108,0.8558725521,0.3084397138,0.1815133052,0.9488933597,301.8126733,0,0,301.8125651,0.0001082424243,0,0,0,0,0.9994177976,1.067234828,0.9704433498,0.02955665025,812,288796.147,469,185,3351,647,425.168609,0,2421.628,5842.044,2740.980594,1699.161,8483.987,15802.787,1.286838623,1,2.527524015,4.550232307,468,216.6851774,0,1295.448,3442.847,1825.464585,1024.52,6284.525,10745.525,1.264696372,1,2.485785548,6.271109497,333,554.187973,0,2185.009,6947.857,7917.98303,1458.774,46679.924,86400,1.205768955,1,2.313551442,3.765840883,152,432.1373947,0,2045.551,8773.654,3379.224336,1998.231,10836.636,17708.855,1.267271196,1,2.146261661,3.764356673,788,303.211019,0,2063.941,4077.977,3489.834187,1480.299,10509.851,48650.222,1.225160818,1,2.149970623,4.082327595,648,499.2027685,0,2045.551,7022.317,3674.979177,1425.626,13298.298,45347.927,1.292977092,1,2.604026697,5.608898345,164,392.1253354,0,2151.329,6947.857,3943.210195,1387.914,10750.48,67174.154,1.313005455,1,3.191481457,7.47517657
s2-95-exact,shortest_estimate+topology_aware+conservative,2,0.1643966131,0.01634183562,0.06258760903,0.06265533594,0.02182284981,0.0009889827098,2000,1600,0,426.0421625,0,1855.101,7031.848,3685.168607,1678.105,13635.922,27939.411,1.203142116,1,2.100822297,4.589635576,1.203142116,2383.184133,332,1846.32638,7031.848,0.8631192392,0.3771239564,0.1763420339,0.9373446641,390.7314289,0,0,390.7313324,9.648484854e-05,0,0,0,0,0.9990110173,1.082954172,0.9781771502,0.02182284981,779,297680.999,380,138,3542,636,629.449434,0,2531.33,11269.955,5242.995917,2164.537,20301.297,35879.48,1.18225708,1,1.974411305,3.661294633,502,275.9274841,0,1793.214,4207.497,2800.48455,1610.501,8949.179,17866.903,1.198330519,1,2.013204837,5.261021536,311,190.4902958,0,1088.857,2942.745,1960.405344,1228.384,6393.507,10416.614,1.268888899,1,2.291709081,8.186342819,151,553.506894,0,1795.469,6935.204,3617.185848,1722.892,10455.572,37203.668,1.171692147,1,2.263063666,3.778088303,821,474.6952643,0,1777.984,7031.848,3854.851049,1673.176,13533.094,32412.392,1.203500426,1,2.027769422,4.38947011,635,331.8812567,0,1869.106,7118.93,3488.630846,1696.367,13863.576,25871.625,1.187097291,1,2.153667242,3.88093459,144,563.8753472,0,1866.277,4322.939,3584.419958,1601.846,13775.162,29759.55,1.271852467,1,2.042809813,7.018751206
s2-95-exact,shortest_estimate+topology_aware+conservative,3,0.2006487741,0.02195062674,0.10275641,0.03462676203,0.04010349288,0.0012114825,2000,1600,0,949.330505,0,3045.707,20510.714,3569.410126,1449.871,12760.865,36369.452,1.358716401,1,2.821859622,5.667935196,1.358716401,2671.411742,377,3562.064358,15579.619,0.9103809499,0.527303239,0.2495923297,0.965373238,161.2772022,0,0,161.2771239,7.830303032e-05,0,0,0,0,0.9987885175,1.102681883,0.9598965071,0.04010349288,773,215273.309,628,266,3925,639,1465.874626,0,5133.814,28251.736,5256.941543,2049.224,20953.214,49806.705,1.352540687,1,2.715790252,6.349563891,481,353.2820125,0,1966.415,5119.648,1992.809503,1057.212,6157.103,11932.53,1.361495174,1,2.956714364,6.492363371,318,983.5130786,0,4863.075,20462.599,3211.931607,1449.871,12335.581,28100.389,1.408417052,1,3.370775986,4.634107751,162,614.5007099,0,1351.507,32305.309,2295.894654,1008.115,7254.012,42167.988,1.27726507,1,2.509260566,4.793009899,827,873.3556227,0,3364.148,15579.619,3561.86584,1517.03,13231.109,36369.452,1.365443547,1,2.778312535,5.236495449,629,946.5562035,0,2537.914,20510.714,3381.066428,1372.328,11298.484,35093.267,1.361073949,1,2.958881031,6.349563891,144,1397.776778,0,3765.215,28251.736,4435.433118,1402.609,14573.061,46414.872,1.309784128,1,2.821859622,5.005215672
s2-95-exact,shortest_estimate+topology_aware+conservative,4,0.182720278,0.01897977703,0.0716173116,0.04734864362,0.04105960265,0.00371494314,2000,1600,0,679.4669725,0,2122.742,11353.972,3288.373271,1644.124,11776.462,24711.122,1.286235616,1,2.439942471,6.229956718,1.286235616,2591.675373,354,2744.030161,11028.885,0.9127778677,0.4684166445,0.2479298378,0.9526513564,228.3913844,0,0,228.3912869,9.753535358e-05,0,0,0,0,0.9962850569,1.172915164,0.9589403974,0.04105960265,755,196228.726,564,197,3900,615,311.0723577,0,1431.891,5824.933,2295.94672,1012.36,9458.393,15880.004,1.379918179,1,3.195637441,7.392538205,495,1337.973164,0,4580.369,34877.934,4982.836095,2443.587,16094.363,65032.028,1.233609834,1,2.257591664,5.811448115,334,436.7187934,0,1624.387,7645.722,2785.242278,1674.487,9122.039,17142.979,1.176485923,1,2.110738439,3.16937196,156,562.0311731,0,2917.329,15854.699,2901.379564,1804.543,7447.028,25871.644,1.318872692,1,2.47288595,7.070801158,845,650.5792331,0,2576.984,11028.885,3381.635135,1681.266,12406.237,24711.122,1.300553333,1,2.493000297,6.639708323,608,648.5825592,0,1926.785,11567.991,3135.279926,1605.244,10164.384,25593.208,1.261797876,1,2.176093485,5.82465,147,973.2619592,0,1880.388,7795.957,3385.478565,1460.737,11202.311,17045.224,1.305008921,1,2.256790882,7.070801158
s2-95-exact,shortest_estimate+topology_aware+conservative,5,0.1308729783,0.01552997212,0.04669763209,0.04676688437,0.02122015915,0.0006583305531,2000,1600,0,341.9094369,0,1384.121,6956.185,2527.536171,1546.567,7970.132,15386.477,1.159617414,1,1.996453303,3.303989447,1.159617414,2312.07875,334,1342.778461,6834.205,0.8810418622,0.3037175016,0.1792808473,0.9532331156,176.9199578,0,0,176.9198712,8.654545458e-05,0,0,0,0,0.9993416694,1.068603372,0.9787798408,0.02122015915,754,185826.559,448,160,3486,639,385.3320266,0,1410.281,6165.096,2519.52059,1452.845,7618.533,15910.596,1.176185653,1,2.058491402,3.414739782,486,290.2990288,0,1080.951,7477.49,2115.582066,1329.811,6289.937,14193.288,1.143917384,1,1.923640272,3.582431974,322,312.1357205,0,1230.413,5264.138,3072.729916,2269.899,8692.533,15911.634,1.12845631,1,1.771863293,3.015100308,153,387.1562353,0,2126.776,7743.044,2722.171895,1678.952,9466.229,15386.477,1.205872218,1,2.075038189,4.190947975,846,371.6382801,0,1375.566,7538.722,2602.412209,1527.655,8731.348,16851.979,1.161116537,1,1.940121137,3.414739782,602,302.2596113,0,1371.626,5598.029,2401.067826,1553.047,7048.466,12754.754,1.148931242,1,1.887103485,3.082952615,152,333.4791316,0,1762.212,6834.205,2611.673118,1664.703,9169.941,14738.915,1.193596475,1,2.449687517,3.925932126
s2-95-exact,shortest_estimate+topology_aware+conservative,6,0.2492413157,0.02258640323,0.1189602526,0.05180516289,0.04331683168,0.01257266531,2000,1600,0,1083.576516,0,3525.99,24388.29,3013.148117,1248.511,9949.746,32337.899,1.381740707,1,2.903591776,6.196103389,1.381740707,2752.146798,388,3410.560647,13641.496,0.9182766617,0.4579269437,0.2306436974,0.9481948371,185.7680467,0,0,185.767934,0.0001126868687,0,0,0,0,0.9874273347,1.341784056,0.9566831683,0.04331683168,808,157706.614,689,293,3916,647,951.7168578,0,3588.067,18612.377,3019.099689,1343.5,10275.572,23430.99,1.403535724,1,2.953567629,6.185053243,472,901.3542691,0,2889.974,17080.013,2693.833672,1226.54,8699.361,25519.697,1.337732502,1,2.718087683,5.443742207,318,510.1653585,0,1630.378,5324.741,1776.646821,1042.025,4741.835,8803.875,1.25074393,1,2.492794632,4.107325186,163,3253.311773,0,13641.496,77778.85,6326.480411,1538.612,32175.454,85902.16,1.678228263,1,4.691331868,9.458123913,792,1062.010467,0,3131.734,24554.899,3076.752564,1290.614,9308.247,35467.182,1.331989267,1,2.828587148,5.443742207,644,1021.537084,0,3577.456,19569.151,2830.538273,1207.851,9655.585,30959.228,1.439077803,1,2.980591822,7.035268966,164,1431.343006,0,5639.792,49756.614,3423.06286,1243.408,12307.186,55639.315,1.396850772,1,3.306562403,8.280834216
s2-95-exact,shortest_estimate+topology_aware+conservative,7,0.1950666961,0.0199169044,0.09151503909,0.03793419787,0.04466501241,0.001035542299,2000,1600,0,649.3391544,0,2712.512,12087.423,4463.40572,1640.46,17863.644,49482.788,1.331417701,1,2.560414743,6.0774844,1.331417701,2566.906227,369,2515.204913,11643.39,0.8886415714,0.3414370371,0.1813006748,0.9620658021,264.2992311,0,0,264.299135,9.612121222e-05,0,0,0,0,0.9989644577,1.080933177,0.9553349876,0.04466501241,806,339574.561,474,158,3405,632,500.2778671,0,2270.166,8605.654,3831.962525,1576.177,14821.059,35399.498,1.294269906,1,2.49724233,5.814505559,504,895.4879583,0,3858.288,22335.667,6553.691113,2015.211,37186.47,73347.309,1.379530259,1,2.302471974,8.279983333,308,581.8625455,0,1890.098,10016.9,3074.838058,1210.948,12239.827,26312.353,1.356860508,1,3.09359625,6.59633591,156,591.2015385,0,2966.557,9729.258,3009.861494,1516.271,12164.437,18703.043,1.276240093,1,2.616062562,8.073063523,794,627.5081952,0,2690.203,11344.836,4596.20421,1723.215,17987.508,63618.425,1.336888978,1,2.521286256,6.664091682,644,689.9574814,0,2725.848,15663.433,4407.296707,1576.177,17329.507,49482.788,1.338932709,1,2.49724233,6.931194054,162,594.8674198,0,2712.512,12342.073,4035.579815,1528.192,15883.09,37120.233,1.274727211,1,2.920109775,5.814505559
s2-95-exact,shortest_estimate+topology_aware+conservative,8,0.1061640467,0.01709790103,0.03509394759,0.03036863533,0.0225,0.001103562792,2000,1600,0,234.4334188,0,1040.187,3053.019,1758.970336,817.98,5859.484,14453.581,1.202049545,1,2.198018176,4.043023463,1.202049545,2356.925147,390,844.7348692,2714.31,0.8615661847,0.4207400696,0.174077545,0.9696313647,80.71186444,0,0,80.71177418,9.026262629e-05,0,0,0,0,0.9988964372,1.078973198,0.9775,0.0225,800,124122.986,466,157,3479,674,213.0664199,0,1343.381,3053.019,1416.456344,698.694,5120.866,12122.439,1.225455641,1,2.320937809,4.4911,490,115.629851,0,656.369,2231.754,1487.955335,736.949,4608.851,12710.929,1.154322163,1,2.02698598,3.205309131,303,467.5064884,0,1848.888,14675.459,2682.79332,1334.638,8251.511,24983.178,1.245482676,1,2.423734873,4.413647847,133,249.4256391,0,1376.492,3093.774,2388.544902,1107.103,10018.618,15941.74,1.160323762,1,2.00836252,3.015583333,800,198.9232713,0,1083.297,2647.491,1746.978654,789.144,5800.121,14453.581,1.217985146,1,2.3631213,4.413647847,629,268.5567854,0,997.915,3804.676,1791.104145,860.083,5862.696,14855.373,1.185094918,1,2.117418248,3.753387845,171,275.0446491,0,1446.138,2651.102,1696.871977,894.758,5859.484,10237.577,1.189862294,1,2.155366288,2.864829677
s2-95-exact,shortest_estimate+topology_aware+conservative,9,0.1280138267,0.01765981575,0.0523114181,0.03675931904,0.01889168766,0.002391586178,2000,1600,0,395.9447769,0,1550.514,6643.406,2819.503501,1304.472,9743.08,21078.733,1.209702315,1,2.270255041,4.231179167,1.209702315,2519.676379,346,1603.516656,6242.231,0.8783726014,0.3715740756,0.2052396789,0.963240681,166.7974778,0,0,166.7973896,8.816161618e-05,0,0,0,0,0.9976084138,1.144943047,0.9811083123,0.01889168766,794,203583.464,418,137,3667,645,279.8887891,0,1298.323,4172.981,2688.961383,1362.228,8662.423,21078.733,1.211292634,1,2.254307896,4.720481447,474,448.1052827,0,1496.194,6728.8,2832.431215,1185.005,10864.469,18791.225,1.147586397,1,2.084475512,3.817803516,330,553.3948212,0,2010.558,12665.816,3310.109224,1545.179,11943.171,34558.419,1.248127034,1,2.618386007,4.466464009,151,383.8488675,0,2183.063,6643.406,2264.351457,1043.091,11162.545,15882.469,1.313921066,1,2.323434689,10.46941667,806,494.807201,0,1556.866,7557.273,2981.770218,1337.788,10864.469,21078.733,1.20630305,1,2.323434689,3.707917197,627,318.3204035,0,1581.655,5524.394,2759.316689,1337.722,8741.543,25614.054,1.212085142,1,2.135838164,4.715290788,167,210.2403952,0,1298.323,6461.421,2262.318814,1171.588,8321,16394.706,1.217162041,1,2.362390427,4.720481447
s2-95-exact,shortest_estimate+topology_aware+conservative,10,0.2553174205,0.01961473785,0.137454677,0.04696922469,0.05071521456,0.0005635664312,2000,1600,0,1042.928061,0,4074.166,15339.544,3897.240002,1483.051,13538.905,29061.806,1.265663836,1,2.521569766,4.603837145,1.265663836,2658.268291,352,4098.719952,14516.588,0.9174177635,0.3979679887,0.2149287398,0.9530307753,291.8663911,0,0,291.8663118,7.931313132e-05,0,0,0,0,0.9994364336,1.061145896,0.9492847854,0.05071521456,769,281096.35,565,215,3956,626,857.3887604,0,4270.832,11143.132,3635.457687,1670.641,13236.032,28377.192,1.305841736,1,2.72103131,5.685183333,484,1670.988771,0,5459.521,30713.786,5495.496017,1390.08,20948.599,55141.648,1.237097391,1,2.391649935,3.907197182,343,802.8909067,0,2731.811,14096.746,3041.802122,1504.523,8470.505,21483.75,1.247674878,1,2.521569766,4.154841092,147,325.2339252,0,2225.693,3945.907,1745.777497,1152.456,4993.634,12123.915,1.23059585,1,2.322080224,4.55260911,831,1012.56014,0,4074.166,15339.544,3778.85465,1489.2,14653.984,27494.507,1.274019039,1,2.710845002,4.391598584,627,1206.147968,0,4270.832,18062.612,4161.610831,1472.735,13377.622,37202.281,1.266137412,1,2.521569766,4.757791499,142,499.9482042,0,3144.975,8405.516,3422.716894,1477.061,12477.034,28377.192,1.21467717,1,1.683883805,4.603837145
s2-95-exact,shortest_estimate+topology_aware+conservative,11,0.1586423825,0.01723082748,0.06762359609,0.03730704986,0.03575832306,0.0007225859972,2000,1600,0,693.0108619,0,2004.368,10278.392,3493.618763,1584.441,11499.311,31602.139,1.221832548,1,2.215106516,4.797463868,1.221832548,2450.356738,333,3010.114553,9987.851,0.8843702484,0.5027751068,0.2039910408,0.9626929501,175.3158422,0,0,175.3157333,0.000108969697,0,0,0,0,0.999277414,1.069869696,0.9642416769,0.03575832306,811,245995.375,462,174,3782,640,963.8082609,0,2250.19,21082.171,4257.226673,1774.148,14633.466,49972.778,1.206115617,1,2.282808221,3.994827526,470,336.0006702,0,2004.368,6391.717,2478.680328,1500.992,7832.078,15178.326,1.21207567,1,2.137482892,4.522405238,327,526.1027676,0,1604.528,4271.143,3071.393713,1365.597,10473.862,26426.619,1.279516254,1,2.215106516,6.49869917,163,994.0133252,0,2599.628,19410.122,4268.953693,1845.545,14119.809,42637.344,1.195955226,1,2.25506353,3.793250602,789,612.3407389,0,2342.772,10388.177,3500.610502,1628.287,11499.311,32529.806,1.219987412,1,2.276558693,4.118840367,653,861.2003828,0,1605.871,19402.482,3387.526711,1459.267,11052.617,34152.975,1.234121352,1,2.196269161,6.49869917,158,400.738519,0,2833.288,7930.129,3897.173373,1910.056,15178.326,26474.038,1.180258007,1,2.170600314,4.177266667
s2-95-exact,shortest_estimate+topology_aware+conservative,12,0.1210521184,0.01596858327,0.05342197559,0.03390929124,0.0170109356,0.0007413326842,2000,1600,0,290.5338119,0,1583.431,5412.715,2805.995147,1471.312,10235.011,20912.821,1.217155834,1,2.052838895,4.504375096,1.217155834,2442.300113,349,1177.961338,5079.495,0.8836462597,0.4277963463,0.2141859263,0.9660907088,137.7509222,0,0,137.7508274,9.486868689e-05,0,0,0,0,0.9992586673,1.074645475,0.9829890644,0.0170109356,823,200341.006,440,160,3650,597,224.8509548,0,1064.833,5055.851,1713.806874,965.122,5682.023,11971.227,1.263200744,1,2.376337315,7.054791599,519,317.7107938,0,1718.171,6512.499,4032.576823,1803.147,16343.003,25827.393,1.191997491,1,1.991405685,4.197752015,324,401.4204074,0,2336.335,6142.986,3198.006395,2078.692,9082.635,13668.717,1.175458115,1,2.029865551,3.323279716,160,222.9122813,0,1187.033,3053.309,2108.67555,1416.374,5588.553,12484.475,1.211396018,1,1.873894512,4.589576273,777,297.1440103,0,1468.844,6238.863,2794.840942,1491.468,10825.326,21030.18,1.203262328,1,2.134393021,4.197752015,660,289.6142439,0,1737.056,4512.187,2785.793852,1552.318,9576.177,18503.24,1.24023076,1,2.042365303,5.012954425,163,262.7472515,0,1410.107,5079.495,2940.96246,1224.668,9134.131,29632.468,1.189952173,1,2.055395248,3.532125509
s2-95-exact,shortest_estimate+topology_aware+conservative,13,0.1445377459,0.01634443128,0.05699990258,0.04463182456,0.0258302583,0.0007313291953,2000,1600,0,519.615455,0,1689.481,7955.111,2633.535042,1424.379,8239.433,18727.3,1.197893564,1,2.101155982,3.565782978,1.197893564,2383.271643,351,2169.755393,7821.408,0.904811271,0.4444775896,0.219232096,0.9553681754,171.7705356,0,0,171.7704501,8.549494953e-05,0,0,0,0,0.9992686708,1.071725895,0.9741697417,0.0258302583,813,171016.088,512,190,3768,628,603.5084554,0,1674.245,10846.833,2730.819148,1560.762,8076.209,19424.67,1.174626792,1,1.932486007,3.496361182,479,449.1120668,0,1820.375,7701.316,2394.156077,1142.202,7978.461,20943.289,1.207164504,1,2.217737263,4.019734561,328,399.5333659,0,1384.283,3534.323,2251.685451,1297.499,6747.896,11480.766,1.246443014,1,2.012869848,3.956184429,165,643.6957212,0,2604.557,10400.409,3717.260927,2067.503,11767.918,18727.3,1.163024071,1,2.229086753,3.525251933,787,499.1924282,0,1874.869,7955.111,2610.797492,1414.916,7869.392,17584.985,1.210326724,1,2.076233739,4.019734561,643,345.8093048,0,1632.426,7701.316,2416.596434,1482.653,8076.209,15779.92,1.171627435,1,2.101155982,3.525251933,170,1271.558259,0,2136.771,40038.032,3559.334906,1349.241,11671.002,54388.541,1.239683122,1,2.513132126,5.864352373
s2-95-exact,shortest_estimate+topology_aware+conservative,14,0.1778473231,0.02152804,0.06331962489,0.0566791295,0.03270440252,0.003616126157,2000,1600,0,558.8111712,0,1876.798,11099.233,2555.321744,1145.777,8908.966,23947.112,1.294990052,1,2.767534045,5.494054439,1.294990052,2510.654214,378,2119.088775,10559.462,0.9011910199,0.5457681971,0.2480583153,0.9433208705,220.2206533,0,0,220.220535,0.0001183434344,0,0,0,0,0.9963838738,1.184370512,0.9672955975,0.03270440252,795,166936.654,537,198,3826,594,368.3537323,0,1780.008,10431.881,1779.975428,723.016,6948.892,14849.555,1.371181605,1,3.177150924,6.140227182,514,812.0876576,0,2216.682,18136.603,3187.846397,1577.64,9575.427,26736.676,1.254402704,1,2.50665009,4.334625484,336,489.7000476,0,1713.612,4623.25,2104.287122,1002.643,7126.806,13976.554,1.286111,1,2.739964579,6.187766405,156,598.3556731,0,3713.908,11544.25,4394.973494,1625.878,19175.406,31871.544,1.15773028,1,2.124547427,3.69867271,805,569.5783168,0,2242.963,11461.245,2576.585923,1110.345,8819.157,23035.841,1.282721037,1,2.701749645,4.630702667,635,566.6387575,0,1684.802,10724.499,2480.728472,1179.94,8979.22,18849.063,1.313404634,1,2.87082375,5.989314887,160,473.5732375,0,1749.775,18136.603,2744.378387,1136.419,8546.868,33025.582,1.283635659,1,2.547817331,5.693809556
s2-95-exact,shortest_estimate+topology_aware+conservative,15,0.2669483773,0.02305854815,0.1362875744,0.0531518465,0.05099502488,0.00345538337,2000,1600,0,968.7871106,0,4039.573,20558.369,4065.418969,1835.154,15393.483,37095.955,1.359552595,1,2.964288298,5.680869877,1.359552595,2647.845964,357,3200.733919,16812.911,0.9118547397,0.4505180461,0.2546632065,0.9468481535,313.1846467,0,0,313.1845564,9.022222232e-05,0,0,0,0,0.9965446166,1.160328212,0.9490049751,0.05099502488,804,263565.11,612,226,3919,654,844.0914541,0,3906.526,20558.369,3427.580075,1684.453,12430.063,27566.679,1.342165693,1,3.127561574,5.717943408,498,1523.032373,0,8000.677,32939.362,5740.87053,2778.565,20768.324,64751.901,1.40259829,1,2.889292147,5.656446605,299,501.7128662,0,1963.097,11395.69,2491.663067,1067.849,8665.955,33570.673,1.401014944,1,3.020874852,9.662581966,149,600.948302,0,2070.609,15436.664,4423.303362,2195.033,18775.461,30635.807,1.208794439,1,2.661071239,2.911212007,796,989.5449724,0,5848.258,21471.821,4342.045412,1853.868,16218.07,40051.637,1.347293382,1,3.020138023,4.610030857,652,1008.27537,0,3385.105,22739.81,4004.179535,1872.352,14939.021,39986.302,1.378476238,1,2.965176733,6.680699494,152,690.6976184,0,2940.682,19714.014,2879.454908,1466.305,8645.071,27566.679,1.342579685,1,2.896444935,7.608897918
s2-95-exact,shortest_estimate+topology_aware+conservative,16,0.184966306,0.01964384753,0.06971313244,0.05673650493,0.03855721393,0.0003156072057,2000,1600,0,790.58111,0,2066.302,19028.447,2450.436801,861.128,8296.363,32024.917,1.262641581,1,2.525311957,4.921266667,1.262641581,2510.278164,364,2915.910467,13220.045,0.9104200685,0.4563775951,0.2281610846,0.9432634951,205.1854756,0,0,205.1853777,9.781818184e-05,0,0,0,0,0.9996843928,1.042274694,0.9614427861,0.03855721393,804,144164.533,540,214,3837,625,797.7588688,0,1368.881,25465.571,2222.9652,699.718,7070.626,33911.719,1.284068978,1,2.61739631,5.091490358,493,1035.782917,0,2922.099,30273.739,3027.40198,979.85,10532.242,42341.289,1.265235804,1,2.44823634,6.41805,322,486.0219503,0,1793.791,5392.965,1917.658388,813.926,6531.642,11753.35,1.232311278,1,2.203624253,3.835425162,160,619.9402313,0,2212.073,9743.426,2633.440344,1345.698,8663.564,19216.454,1.231987101,1,2.540741667,3.281356428,796,666.8917588,0,1900.61,16907.601,2375.964406,826.232,8335.216,27404.289,1.227994344,1,2.523529764,3.946394614,633,984.0470585,0,2489.981,27433.837,2603.89142,924.129,8477.341,33911.719,1.310144073,1,2.581376729,5.802174362,171,650.188,0,1768.96,15362.915,2229.052316,811.927,6623.652,32024.917,1.2480809,1,2.404806894,4.643347012
s2-95-exact,shortest_estimate+topology_aware+conservative,17,0.1663621345,0.01708849963,0.06857993667,0.05737139916,0.02313624679,0.0001860522248,2000,1600,0,640.8487912,0,2032.714,9538.682,3448.976288,1685.487,12043.396,23191.609,1.214273611,1,2.196809581,4.21313329,1.214273611,2402.994829,372,2563.406315,8942.348,0.9059206097,0.4432420073,0.2290785966,0.9426286008,323.0092533,0,0,323.0091311,0.0001222222223,0,0,0,0,0.9998139478,1.033453126,0.9768637532,0.02313624679,778,252967.783,512,177,3782,628,680.7578424,0,2144.674,11617.483,3693.869043,2027.57,12585.057,23634.042,1.234355635,1,2.232699072,4.380330464,486,806.0474115,0,2561.912,11581.038,4092.255617,2121.348,13407.668,33290.622,1.194551707,1,1.877977723,4.21313329,340,452.3324324,0,1295.711,3647.555,2321.287135,985.409,6379.938,23191.609,1.213905942,1,2.144391953,4.207687095,146,358.2881644,0,1810.701,5594.043,2880.400315,1850.123,10261.597,20608.055,1.194399246,1,2.344770933,3.678776376,822,751.0778881,0,2032.714,9315.128,3528.039198,1711.16,11022.625,20608.055,1.235207169,1,2.344770933,4.288054475,617,588.6012788,0,2206.635,10871.62,3456.280418,1727.262,12666.322,24171.586,1.174869417,1,2.049869989,3.533253079,161,278.2922547,0,942.495,7256.686,3017.321876,1562.131,11518.881,21302.621,1.258404072,1,2.178543025,7.90509574
s2-95-exact,shortest_estimate+topology_aware+conservative,18,0.1489436997,0.01831636226,0.06541121926,0.02988521483,0.02774274905,0.007588154331,2000,1600,0,370.53015,0,1938.793,6179.145,4348.717784,1750.033,17155.982,35142.193,1.258968946,1,2.354657282,5.223446697,1.258968946,2482.806527,356,1429.510882,6057.332,0.8592034957,0.33685883,0.2016330535,0.9701147852,197.2955044,0,0,197.2954314,7.301010104e-05,0,0,0,0,0.9924118457,1.239442884,0.9722572509,0.02774274905,793,341322.11,387,122,3323,654,455.2172645,0,2344.067,10873.036,6883.655723,3149.317,25771.115,52110.989,1.159020408,1,1.973971355,3.272391682,489,366.6938548,0,2038.707,6485.657,2942.523779,1261.771,11228.586,17890.939,1.436539597,1,3.289684327,8.948844206,318,218.9000409,0,1544.846,3432.757,1636.037387,1045.959,5637.354,9230.619,1.22339518,1,2.440876805,4.643091472,139,332.4650432,0,2038.065,7351.208,3574.702115,1787.295,15008.808,17876.58,1.185924007,1,2.06555098,4.189929679,807,324.3756035,0,1797.521,6485.657,3925.670872,1649.518,16246.762,27922.209,1.274460201,1,2.341090436,5.334313201,633,438.863406,0,2038.065,5325.808,4963.054649,1803.07,20488.145,39079.836,1.236522599,1,2.450115336,4.93461919,160,332.9787,0,2256.927,5561.119,4051.990419,2074.239,11488.637,46925.048,1.269638292,1,2.149633436,8.130343636
s2-95-exact,shortest_estimate+topology_aware+conservative,19,0.1035620615,0.01710542478,0.04352695788,0.0248619163,0.01323706378,0.004830698718,2000,1600,0,221.6314575,0,1290.142,3807.076,2807.533811,1203.607,9881.442,27156.369,1.270807044,1,2.198985391,5.344416466,1.270807044,2516.593727,338,850.4259911,3732.89,0.8618087463,0.3080873079,0.1517675864,0.9751380837,116.3170667,0,0,116.3170123,5.434343436e-05,0,0,0,0,0.9951693013,1.181854522,0.9867629362,0.01323706378,831,250157.849,370,122,3352,656,278.5885991,0,1817.71,5633.134,4013.607282,1728.245,13882.257,42543.581,1.172213033,1,1.975629585,4.330267595,468,161.0788868,0,845.209,2872.552,1804.752509,701.796,6975.626,15923.809,1.350549118,1,2.241801502,6.375639924,316,205.2645443,0,1316.647,3807.076,2284.950209,1197.023,7984.065,17476.555,1.385385273,1,3.211125405,8.812051513,160,197.5481,0,1196.545,3792.428,1827.870506,983.341,7931.018,14754.318,1.21550492,1,1.784061535,4.924416667,769,242.9548596,0,1423.324,4499.204,2762.815421,1294.817,8677.729,27925.644,1.319388207,1,2.241801502,6.375639924,662,203.9803792,0,1196.545,3807.076,2854.644452,1102.014,10349.06,28158.885,1.212486198,1,1.945526469,4.514477747,169,193.7457633,0,1010.202,3443.565,2826.475811,1157.317,10955.622,27094.338,1.278200453,1,2.613680673,6.703771339
s2-95-exact,shortest_estimate+topology_aware+conservative,20,0.1950339196,0.02062895915,0.09200262232,0.04076405742,0.03611457036,0.00552371039,2000,1600,0,721.9369519,0,2726.964,16846.427,3822.03992,1632.909,14349.046,35850.107,1.322621515,1,2.651952838,6.392216667,1.322621515,2586.824082,353,2963.463541,16463.14,0.879881893,0.382092268,0.1768645101,0.9592359426,223.6644111,0,0,223.6643107,0.0001004444445,0,0,0,0,0.9944762896,1.211327011,0.9638854296,0.03611457036,803,242345.256,474,187,3612,645,1222.976059,0,4657.462,23971.985,6359.585991,3247.167,22814.457,55709.349,1.34159899,1,2.793005047,6.924274698,467,359.0397345,0,1746.2,5911.093,1673.947606,982.716,5495.843,12118.888,1.426949905,1,3.169382642,7.752066667,310,425.7719581,0,2074.81,5739.743,2860.759513,1759.545,9143.663,15400.62,1.178005519,1,2.048287103,3.776499282,178,374.2623708,0,700.32,18329.021,1936.864758,727.333,6560.271,23124.951,1.231998643,1,1.980583332,4.821786598,797,714.8110339,0,2757.417,18329.021,3764.81755,1606.13,14084.377,42830.321,1.381485165,1,2.783698906,7.752066667,621,832.4246232,0,2906.696,17048.836,4147.048625,1705.082,16039.016,38188.694,1.285993346,1,2.628552383,4.493106825,182,376.1485604,0,1464.273,12867.633,2963.665324,1614.162,9589.098,27147.759,1.189829002,1,1.77893426,5.604726647
s2-95-exact,shortest_estimate+topology_aware+easy,1,0.1498199402,0.01914441658,0.05423533405,0.04531872476,0.02955665025,0.001564814585,2000,1600,0,412.0669537,0,1607.539,6636.421,3626.745611,1427.784,10612.137,48650.222,1.253878906,1,2.461107684,4.7686156,1.253878906,2441.677555,370,1618.6153,6321.87,0.8409504222,0.366011498,0.1879555703,0.9546812752,266.0093022,0,0,266.0091977,0.0001044848485,0,0,0,0,0.9984351854,1.118656521,0.9704433498,0.02955665025,812,288796.147,260,86,3412,647,428.2088563,0,2145.047,6996.582,2740.547709,1633.654,9232.757,16862.036,1.260988102,1,2.448726705,4.348392688,468,246.8918568,0,1327.578,4451.466,1846.979756,1019.467,6630.942,9325.932,1.265021194,1,2.565003662,5.901083333,333,510.7620841,0,1629.41,7175.467,7870.003123,1446.444,46990.879,86400,1.189412443,1,2.369054836,3.714550018,152,635.7028487,0,2390.744,24167.648,3582.638441,2015.778,10750.48,32137.506,1.330543986,1,3.604892897,6.082064938,788,340.6050584,0,1730.945,6238.626,3525.213161,1509.61,10082.238,48650.222,1.23686447,1,2.222625445,4.68305892,648,499.3092114,0,1483.058,9186.608,3668.745029,1346.219,13300.814,56761.124,1.25615166,1,2.638807343,5.040476884,164,410.7193354,0,1936.947,7714.727,3948.647726,1296.725,10592.152,67174.154,1.326651048,1,3.427734241,5.618173928
s2-95-exact,shortest_estimate+topology_aware+easy,2,0.1393494986,0.01621667209,0.04892242454,0.05324900656,0.02053915276,0.0004222426521,2000,1600,0,370.1470981,0,1450.064,7461.369,3620.696722,1658.903,13499.784,27939.411,1.171470786,1,2.084731918,3.542908203,1.171470786,2337.854559,332,1632.214937,7461.369,0.8677964646,0.348342459,0.1793234498,0.9467509934,328.7723867,0,0,328.7723013,8.541414146e-05,0,0,0,0,0.9995777573,1.059170507,0.9794608472,0.02053915276,779,295706.07,270,66,3416,636,446.1181478,0,1762.81,10921.575,5044.682929,2124.332,18645.091,34187.161,1.143128406,1,2.001528832,3.328314816,502,316.5257829,0,1477.727,7595.001,2836.207414,1576.474,9019.644,19793.311,1.178484215,1,2.140606236,3.649091308,311,221.6654405,0,1357.348,6599.939,1983.386887,1216.834,6509.019,10599.769,1.210767893,1,2.156799451,4.57328582,151,534.2405298,0,1497.866,7398.882,3603.22496,1752.486,11619.342,34142.899,1.18659405,1,2.469291442,3.266603666,821,447.7960244,0,1473.601,8471.056,3817.601788,1681.518,13633.339,32412.392,1.174053801,1,2.06384429,3.539192841,635,257.8586425,0,1385.344,6217.176,3404.764554,1673.948,13027.688,24746.096,1.164437342,1,2.01370233,3.565948038,144,422.6012708,0,1659.287,9257.587,3450.26525,1569.399,13775.162,27939.411,1.187759551,1,2.490272864,3.542908203
s2-95-exact,shortest_estimate+topology_aware+easy,3,0.2254717959,0.02466496225,0.1023589075,0.04681117686,0.04786545925,0.003771289988,2000,1600,0,945.2649788,0,3033.925,16195.056,3572.925462,1402.609,12210.456,34061.519,1.376294565,1,3.170800629,5.334653978,1.376294565,2720.601953,377,3823.844029,15473.262,0.9104853386,0.5672144415,0.2705114231,0.9531888231,220.8141867,0,0,220.8140923,9.434343436e-05,0,0,0,0,0.99622871,1.166965774,0.9521345408,0.04786545925,773,217831.017,345,104,3931,639,1556.169773,0,3737.779,30219.716,5360.950856,2041.412,19089.675,49806.705,1.326204236,1,2.749918041,5.334653978,481,413.5017422,0,1867.071,8496.607,2054.694035,1077.021,6846.762,15685.02,1.488622907,1,3.298551645,11.01748618,318,619.1669717,0,3297.297,12056.824,2852.334805,1345.356,10797.759,23189.288,1.275635448,1,3.019573286,4.217699432,162,754.5805309,0,3246.316,18361.373,2442.486691,1041.34,8514.233,28839.987,1.437945106,1,3.903395127,7.812093276,827,784.6144764,0,3044.605,15473.262,3483.682579,1416.987,12127.215,34987.185,1.368764491,1,3.019573286,5.797594015,629,971.3496391,0,2830.987,18361.373,3412.397622,1338.934,11298.484,30431.909,1.400166629,1,3.31548739,5.122515302,144,1753.950493,0,5704.745,30219.716,4786.646826,1481.725,16398.769,48382.852,1.315265697,1,2.82612455,5.334653978
s2-95-exact,shortest_estimate+topology_aware+easy,4,0.2036297825,0.02317977205,0.09431327827,0.03781828922,0.04238410596,0.005934337045,2000,1600,0,799.6570637,0,2795.452,16284.819,3401.191593,1668.57,11202.311,29686.095,1.356286714,1,2.979872218,6.32565328,1.356286714,2716.145866,354,3428.186833,15098.502,0.8942894016,0.5980977391,0.2620943304,0.9621817108,180.6138067,0,0,180.6137113,9.539393943e-05,0,0,0,0,0.994065663,1.218319944,0.957615894,0.04238410596,755,198972.828,312,88,3908,615,431.7863626,0,2188.056,8449.129,2409.468393,1088.305,9835.938,15963.418,1.488173145,1,3.643187906,10.19621602,495,1472.776077,0,3565.263,56798.24,5117.434259,2480.311,16292.838,78740.972,1.272520628,1,2.717124437,6.32565328,334,493.797009,0,2720.286,12157.602,2827.859692,1647.588,8790.611,20741.428,1.22149617,1,2.473983701,4.200155963,156,768.9123718,0,3155.539,22460.823,3092.617891,1830.415,8563.546,32477.768,1.390736068,1,3.078734,3.895007179,845,843.475071,0,2846.264,17398.313,3566.36433,1741.123,12392.884,30674.825,1.384060819,1,3.071305526,7.285113813,608,655.3567155,0,2380.966,12601.413,3131.975508,1623.96,9536.019,22808.717,1.316007983,1,2.910596969,6.177306559,147,1144.612136,0,2872.528,11372.649,3565.221633,1549.474,11614.336,17045.224,1.36322787,1,3.288937748,6.198293847
s2-95-exact,shortest_estimate+topology_aware+easy,5,0.1419147979,0.01741433315,0.0516108799,0.04544510333,0.0225464191,0.004898062447,2000,1600,0,368.8418831,0,1529.75,7923.695,2554.471182,1547.397,7957.238,14860.897,1.192522082,1,2.238697061,3.98098959,1.192522082,2369.883347,334,1633.377665,7923.695,0.8803572574,0.3731605023,0.1938793238,0.9545548967,171.6815778,0,0,171.6814933,8.444444448e-05,0,0,0,0,0.9951019376,1.194241029,0.9774535809,0.0225464191,754,181385.724,275,78,3545,639,446.1013803,0,1973.007,9523.189,2582.016189,1450.868,8320.836,15910.596,1.211972844,1,2.503811439,3.945251439,486,273.2935947,0,1164.636,7935.606,2097.951681,1349.299,6248.221,14115.222,1.156960098,1,2.052919383,3.306996623,322,322.7218602,0,1089.977,5450.941,3084.230646,2260.208,8191.277,12754.754,1.131921356,1,1.631728394,3.135864245,153,446.7392484,0,1759.151,5238.652,2774.632425,1674.43,8924.754,15386.477,1.351786925,1,2.952818162,9.76885,846,405.6504622,0,1709.523,7803.212,2633.402869,1516.044,8097.31,15439.823,1.183469338,1,2.101793711,3.510018743,602,327.3455565,0,1468.935,6652.033,2429.288033,1565.201,7048.466,14700.191,1.202920624,1,2.322445056,3.98098959,152,328.320375,0,1759.151,9523.189,2610.945184,1680.597,8781.494,14738.915,1.201724051,1,2.594057479,4.546168773
s2-95-exact,shortest_estimate+topology_aware+easy,6,0.1949824377,0.02191825083,0.06697592551,0.05681782352,0.03836633663,0.01090410123,2000,1600,0,1094.559776,0,1985.171,43432.777,3027.713219,1258.513,9120.008,50625.6,1.411853225,1,2.817697542,9.332761523,1.411853225,2779.194915,388,4391.545095,40777.793,0.9009690998,0.56154286,0.2604977759,0.9431821765,204.8257556,0,0,204.8256378,0.0001177777778,0,0,0,0,0.9890958988,1.306113372,0.9616336634,0.03836633663,808,151981.877,341,99,3917,647,1087.742835,0,1985.171,45986.261,3156.170713,1327.621,9212.971,51504.991,1.452777323,1,2.859029524,11.25519072,472,654.1809746,0,1690.098,13963.302,2453.498909,1243.27,7135.022,25207.19,1.297749392,1,2.581568374,5.186645078,318,851.1227201,0,1700.907,17759.716,2115.970289,1042.139,4520.166,21922.8,1.352812083,1,2.594939237,7.492106194,163,2871.752043,0,13870.951,53133.578,5959.316951,1418.208,27378.452,59714.136,1.695007834,1,5.36599129,12.12167348,792,1018.497391,0,1901.235,45039.765,3036.904351,1306.461,8838.612,53366.613,1.383304977,1,2.810600919,7.77276785,644,937.3025404,0,2431.912,20703.909,2749.985929,1187.531,8918.754,28388.469,1.431145884,1,2.859029524,9.332761523,164,2079.407756,0,1732.769,66422.261,4073.914433,1243.408,11842.864,72748.005,1.473961397,1,3.015182129,11.50030811
s2-95-exact,shortest_estimate+topology_aware+easy,7,0.1705150738,0.02130327924,0.08229849485,0.03164092051,0.03101736973,0.004255009456,2000,1600,0,656.1427869,0,2439.333,18789.55,4464.692733,1642.915,18423.62,46953.934,1.337569947,1,2.738639959,6.641517739,1.337569947,2575.796929,369,2686.04452,16094.796,0.8841904618,0.4324242045,0.2026834194,0.9683590795,219.0193333,0,0,219.0192288,0.0001045252526,0,0,0,0,0.9957449905,1.194542695,0.9689826303,0.03101736973,806,339574.561,286,77,3545,632,493.3142215,0,2529.047,14523.497,3823.989604,1529.279,14966.243,34715.266,1.302893636,1,2.743999042,6.373299082,504,952.6688492,0,4423.079,27214.887,6589.907581,2015.211,37693.661,76556.501,1.370467463,1,2.512550161,6.469142814,308,576.7691851,0,1850.016,21099.731,3077.671273,1193.778,10935.032,30739.964,1.427214384,1,3.381938291,6.954549249,156,514.5119359,0,2036.26,10704.031,2932.761346,1516.271,12164.437,15724.66,1.19477888,1,2.337159651,4.241197602,794,680.0122746,0,2379.507,22264.932,4638.985068,1707.785,18608.404,53805.291,1.275142417,1,2.390378083,6.469142814,644,637.8151491,0,2459.485,16094.796,4353.436435,1584.339,18862.181,46353.877,1.421859487,1,3.161222446,7.821114913,162,612.0108457,0,2439.333,21099.731,4052.723241,1507.748,17864.575,34715.266,1.308464979,1,2.629516577,6.683687747
s2-95-exact,shortest_estimate+topology_aware+easy,8,0.1341481058,0.0210939785,0.04459918888,0.03915691773,0.0275,0.001798020697,2000,1600,0,242.38363,0,1321.923,4571.27,1770.615522,834.363,6291.622,14369.322,1.255672602,1,2.711733333,4.67513194,1.255672602,2450.024129,390,922.3993538,3832.218,0.8708778466,0.41907216,0.1844453408,0.9608430823,105.0206711,0,0,105.0205728,9.830303033e-05,0,0,0,0,0.9982019793,1.113675755,0.9725,0.0275,800,124122.986,305,80,3524,674,222.6338591,0,1335.768,3832.218,1429.351761,710.845,5270.959,11634.534,1.300207022,1,2.816009605,6.538805483,490,154.4956143,0,1033.41,3492.413,1526.83041,735.402,4782.318,12710.929,1.172187092,1,2.207910776,3.618004359,303,423.7782079,0,2482.159,10174.915,2652.510785,1289.314,8006.925,23706.694,1.269775318,1,2.69384584,5.735399329,133,253.0145789,0,1288.894,2666.049,2389.053226,1234.369,9994.052,15941.74,1.305436345,1,3.027250749,3.858073593,800,197.1085262,0,1257.936,3457.886,1747.492556,815.977,6332.236,15244.483,1.257749364,1,2.69384584,5.768939108,629,285.0646979,0,1312.749,5369.025,1812.022531,865.287,5939.842,14369.322,1.24699619,1,2.740109031,4.109416667,171,297.200538,0,1455.961,6955.262,1726.483146,805.724,6782.995,11634.534,1.277871747,1,2.603998332,5.735399329
s2-95-exact,shortest_estimate+topology_aware+easy,9,0.1299903703,0.01789174088,0.05350632088,0.03567067835,0.02267002519,0.0002516050409,2000,1600,0,482.1217525,0,1585.931,12672.209,2906.088746,1332.808,9820.481,27063.128,1.226840832,1,2.300070142,5.397652763,1.226840832,2466.191694,346,2066.6115,11842.604,0.8826929258,0.3264481385,0.1924955104,0.9643293217,161.6749867,0,0,161.6748928,9.389898993e-05,0,0,0,0,0.999748395,1.044428079,0.9773299748,0.02267002519,794,202186.137,263,55,3660,645,509.4915054,0,1527.434,12672.209,2917.738684,1389.225,8988.441,31484.57,1.23690838,1,2.370226469,5.415510811,474,413.3133966,0,1864.51,7886.609,2798.132643,1173.225,10406.415,19042.58,1.205243089,1,2.121995051,4.395678013,330,560.1962424,0,1304.521,13195.056,3317.534558,1527.393,11378.759,35087.659,1.223566525,1,2.141512554,4.269482355,151,410.5792914,0,1815.813,17093.754,2296.021623,951.29,11162.545,24887.451,1.258789724,1,1.920374793,8.538855601,806,524.1777816,0,1653.492,15737.923,3011.526414,1310.775,10979.519,27095.422,1.190726308,1,2.163230691,3.827181277,627,465.806807,0,1502.199,7520.351,2905.668915,1408.871,8855.837,31484.57,1.285513511,1,2.554545851,6.356115941,167,340.3990659,0,1230.103,12672.209,2398.786186,1171.588,8816.26,18986.932,1.180856018,1,1.920374793,5.63400272
s2-95-exact,shortest_estimate+topology_aware+easy,10,0.202415844,0.02033531231,0.09519252726,0.04682036513,0.03901170351,0.00105593581,2000,1600,0,933.2215587,0,2821.513,16963.152,3783.541429,1490.861,13094.726,30018.864,1.25796569,1,2.614203111,4.629400826,1.25796569,2597.680629,352,3972.44871,16388.103,0.9050614815,0.5058455281,0.2370764371,0.9531796349,290.8959422,0,0,290.8958568,8.541414141e-05,0,0,0,0,0.9989440642,1.090744199,0.9609882965,0.03901170351,769,278870.156,348,98,3957,626,674.1325783,0,3515.306,13989.546,3437.570938,1676.532,13164.465,25881.362,1.280273741,1,2.903421746,5.228464668,484,1625.88194,0,3652.274,26694.365,5456.39669,1408.46,20530.182,49459.869,1.259925934,1,2.410272135,4.040531588,343,744.2691283,0,1910.826,7133.717,2984.068047,1526.299,7690.05,25185.563,1.250573247,1,2.483210476,5.458847715,147,196.8457823,0,827.409,3105.796,1614.391442,1177.62,4315.339,8666.239,1.173761677,1,2.083930987,3.08975301,831,962.9545319,0,2728.866,20262.235,3728.01643,1489.2,13162.48,30018.864,1.250534702,1,2.614203111,4.414617804,627,1021.573116,0,3105.796,16963.152,3967.097643,1509.707,13245.767,33452.757,1.284915518,1,2.753299349,5.23317041,142,369.105169,0,1476.79,7904.729,3297.988817,1506.389,12553.038,22210.813,1.182455898,1,1.853252914,3.439600961
s2-95-exact,shortest_estimate+topology_aware+easy,11,0.1427619332,0.0161828563,0.0633970876,0.03616634401,0.02589395808,0.001121687192,2000,1600,0,612.1978994,0,1879.094,9665.125,3411.961216,1545.724,11379.662,27887.289,1.199195711,1,2.080384734,4.050781075,1.199195711,2407.513565,333,2832.271934,9665.125,0.8723478947,0.546844179,0.2054648798,0.963833656,169.7542156,0,0,169.7541025,0.000113010101,0,0,0,0,0.9988783128,1.085515226,0.9741060419,0.02589395808,811,248164.332,240,72,3768,640,918.2482641,0,2147.524,18583.856,4208.997064,1735.48,14891.475,46008.492,1.20044238,1,2.149051562,3.921899784,470,296.8666319,0,1614.409,6339.62,2442.097602,1474.133,7872.286,14054.698,1.164046282,1,2.006109678,3.854448009,327,521.9024465,0,1459.646,5690.208,3061.43745,1362.042,10987.488,26307.827,1.263589962,1,2.08622235,5.928527097,163,500.9100184,0,2012.883,10047.676,3782.232552,1857.837,12987.225,39529.504,1.166468365,1,1.842314428,4.050781075,789,530.7572218,0,2147.524,8991.271,3421.188364,1601.733,11654.774,30974.656,1.196348049,1,2.186564517,4.023166033,653,707.2354564,0,1506.082,10396.728,3230.188562,1459.267,10716.802,25861.544,1.211840817,1,2.041998364,5.420024876,158,626.104038,0,2386.929,18583.856,4117.134152,1901.144,15331.142,33097.672,1.161154892,1,1.865606605,3.139966534
s2-95-exact,shortest_estimate+topology_aware+easy,12,0.1164460779,0.01568082798,0.04892455005,0.03366763507,0.0170109356,0.001162129246,2000,1600,0,245.9454981,0,1450.127,4625.326,2760.389055,1450.296,10136.249,19160.372,1.203207525,1,2.015846556,3.757207103,1.203207525,2410.862948,349,1033.748218,4578.775,0.8765949826,0.4091819469,0.2179245852,0.9663323649,136.7350311,0,0,136.7349382,9.288888891e-05,0,0,0,0,0.9988378708,1.088933022,0.9829890644,0.0170109356,823,200341.006,287,79,3626,597,165.0246734,0,939.396,3762.887,1653.745546,954.059,5195.139,11841.301,1.242713287,1,2.226533674,6.220200095,519,280.8528247,0,1907.039,4789.823,3996.140291,1853.659,16339.932,25827.393,1.206475876,1,1.865384881,3.516525227,324,335.1031975,0,2246.318,5395.994,3127.845602,2068.55,8741.693,14136.157,1.155789693,1,1.954273061,3.467302182,160,254.1063437,0,1063.1,4578.775,2136.985069,1414.106,6194.612,15007.199,1.141221049,1,1.986070802,2.694037246,777,263.3372021,0,1557.008,5395.994,2756.83864,1489.604,11010.101,20139.327,1.21647825,1,2.001780268,5.117510597,660,221.8449303,0,1379.79,4018.621,2718.927308,1454.248,9170.064,18385.728,1.182221194,1,2.00338312,3.453937798,163,260.6266074,0,1590.092,4578.775,2945.19535,1226.036,9134.131,29623.298,1.22492302,1,2.226533674,4.240221329
s2-95-exact,shortest_estimate+topology_aware+easy,13,0.1472126741,0.01703678161,0.05724625829,0.04192070924,0.0295202952,0.001488629786,2000,1600,0,498.9233287,0,1696.783,8782.144,2611.255494,1447.657,7950.855,19219.394,1.212603728,1,2.190160977,4.226793552,1.212603728,2407.319729,351,2152.057077,8695.204,0.9066511825,0.4709274422,0.2198861195,0.9580792908,160.8799667,0,0,160.8798879,7.878787883e-05,0,0,0,0,0.9985113702,1.104042937,0.9704797048,0.0295202952,813,173278.652,320,88,3785,628,547.9723742,0,1664.442,11749.144,2679.44996,1589.126,8067.14,19219.394,1.187687387,1,2.046531203,3.514498425,479,290.2183319,0,1435.203,5033.083,2232.594547,1192.394,7358.574,17768.302,1.210398547,1,2.243391769,4.426867692,328,354.4147713,0,1523.493,3288.069,2205.384534,1228.499,6091.18,11887.45,1.213901927,1,2.145996021,3.852538387,165,1205.382115,0,4976.209,38838.35,4257.789697,2037.44,12600.073,53581.955,1.311257872,1,2.838009914,6.477109091,787,458.2030102,0,1450.935,8695.204,2566.532518,1453.9,7715.149,17768.302,1.209475115,1,2.145996021,4.402002194,643,413.8100218,0,1731.737,8536.537,2485.035541,1456.519,8067.14,19219.394,1.205286516,1,2.227663185,3.951254027,170,1009.363018,0,1803.991,41415.18,3295.704971,1297.065,9801.183,55678.488,1.254763641,1,2.190928507,5.748372174
s2-95-exact,shortest_estimate+topology_aware+easy,14,0.1641735365,0.02144920533,0.06595706821,0.0442057706,0.03144654088,0.001114951444,2000,1600,0,515.3794413,0,1954.972,11073.187,2505.795438,1166.566,9108.293,23167.464,1.308823888,1,2.757399466,5.210416749,1.308823888,2620.899811,378,2015.914124,8055.864,0.9028365219,0.4788265616,0.2504399081,0.9557942294,169.5152911,0,0,169.5151775,0.0001136565657,0,0,0,0,0.9988850486,1.092849908,0.9685534591,0.03144654088,795,156248.086,351,96,3819,594,315.4718418,0,1794.179,4883.628,1725.235746,727.363,6531.17,13283.947,1.365521581,1,3.01566657,5.853458109,514,673.1717568,0,2778.697,12379.593,3036.602599,1709.241,9575.427,23167.464,1.279501208,1,2.554885964,4.453600334,336,406.1640357,0,1773.336,4811.386,2009.589783,1007.105,6967.783,13413.328,1.280988031,1,2.375435618,4.951211914,156,991.8938013,0,3508.004,31266.058,4797.735673,1678.454,25443.104,41709.409,1.249505144,1,2.862348797,5.24517537,805,518.8030174,0,1939.401,8055.864,2527.810472,1175.773,8372.63,19137.215,1.319654862,1,2.500605084,5.24517537,635,484.9823732,0,1836.496,7622.316,2381.357069,1167.304,8912.315,18247.876,1.289055787,1,2.921771456,4.517725445,160,618.7929375,0,2937.054,13990.588,2888.897075,1110.089,10231.587,27468.966,1.332785204,1,2.961750152,5.765547506
s2-95-exact,shortest_estimate+topology_aware+easy,15,0.2436226965,0.02134382684,0.1308281065,0.05736312198,0.03358208955,0.0005055516238,2000,1600,0,955.23219,0,3877.754,17447.583,4055.052723,1734.602,14069.785,39446.136,1.359217071,1,2.74385255,7.203850221,1.359217071,2652.115534,357,4064.173134,17043.747,0.8991921284,0.5477039254,0.2652316268,0.942636878,339.5086133,0,0,339.5085194,9.397979809e-05,0,0,0,0,0.9994944484,1.057190495,0.9664179104,0.03358208955,804,263976.568,330,93,3919,654,729.613763,0,4589.355,16374.663,3320.880934,1585.796,13212.378,27668.083,1.375447394,1,2.822269927,8.255497025,498,1430.113219,0,4669.238,60155.599,5651.166466,2519.567,16514.011,73744.472,1.345849375,1,2.504623683,6.441998796,299,340.3707057,0,1519.483,4521.357,2319.726953,1109.346,7730.824,23798.264,1.374972341,1,3.075890425,8.012079105,149,1592.193819,0,5077.188,67222.795,5425.160846,1923.93,21671.274,76416.526,1.301040258,1,3.252227746,5.862627711,796,1043.263945,0,4785.557,25181.686,4395.655823,1805.477,16195.322,40051.637,1.381858193,1,2.853801856,8.255497025,652,823.3071534,0,2852.917,14252.896,3827.558301,1788.108,12564.006,39446.136,1.326010434,1,2.730974925,7.108498354,152,1060.112763,0,2580.965,21949.514,3247.199401,1278.127,8901.394,40837.055,1.383088077,1,2.554909167,8.012079105
s2-95-exact,shortest_estimate+topology_aware+easy,16,0.1801557068,0.02177915886,0.0637786994,0.05639371217,0.03731343284,0.0008907035231,2000,1600,0,812.410875,0,1890.405,18194.462,2471.317396,870.645,8091.667,25908.482,1.297229715,1,2.799816594,5.552717023,1.297229715,2564.456752,364,3434.692195,17169.295,0.8987153153,0.5052935012,0.2153493368,0.9436062878,203.8716889,0,0,203.871576,0.000112929293,0,0,0,0,0.9991092965,1.076091905,0.9626865672,0.03731343284,804,144183.321,325,101,3835,625,852.3307472,0,1649.897,27188.192,2279.073266,689.898,7700.87,35048.416,1.301644143,1,3.007819588,5.561532114,493,1038.057544,0,2189.209,34302.346,3028.492118,990.34,9693.287,46369.896,1.338260522,1,2.907297214,6.220864001,322,452.8092081,0,1237.082,8490.013,1879.306261,803.73,6294.674,12810.796,1.252474117,1,2.433959792,5.163169493,160,684.8984313,0,2026.116,17965.637,2696.898825,1290.951,6743.184,22468.5,1.243630322,1,2.481299581,4.614478057,796,703.5254862,0,1890.405,20037.969,2415.532237,839.362,8461.64,30534.657,1.266514728,1,2.831705407,5.163169493,633,908.2826682,0,2014.381,17965.637,2522.991671,925.142,8600.222,25165.408,1.326454152,1,2.799816594,5.991410384,171,964.375345,0,1845.631,52597.45,2539.710199,851.921,6213.011,59698.56,1.332025393,1,3.007819588,8.406933564
s2-95-exact,shortest_estimate+topology_aware+easy,17,0.1666883001,0.0190446518,0.07067004657,0.04622950469,0.02956298201,0.001181115085,2000,1600,0,680.5061313,0,2094.665,10287.12,3478.632443,1685.823,11792.097,25068.829,1.221766814,1,2.448282437,4.24618196,1.221766814,2398.605598,372,2758.480417,9035.268,0.8944947755,0.4445810149,0.2096189517,0.9537704953,257.2382178,0,0,257.2381188,9.898989903e-05,0,0,0,0,0.9988188849,1.10228461,0.970437018,0.02956298201,778,257268.427,320,106,3782,628,683.7405334,0,2370.238,13991.317,3681.810209,1995.034,12639.993,27797.471,1.216177682,1,2.320947776,4.040792,486,923.0774753,0,2891.266,12426.883,4204.085233,2148.613,12545.638,34172.071,1.215501754,1,2.280586804,4.982525466,340,511.23105,0,1464.292,5794.931,2381.362447,991.43,8340.615,24133.067,1.270675616,1,2.763754503,4.408688848,146,253.3325,0,1516.551,3959.443,2745.112623,1832.059,8019.079,14221.04,1.152765452,1,1.987907399,3.133171206,822,679.8040876,0,1677.41,9510.996,3443.365891,1659.475,11106.048,22527.131,1.229346065,1,2.66612163,4.24618196,617,769.7810583,0,2757.011,13899.621,3631.05763,1720.967,12529.952,33715.767,1.213169925,1,2.275425146,4.051397629,161,341.9623416,0,1508.204,3678.781,3074.550242,1579.954,11518.881,26300.076,1.216016106,1,2.029360969,6.181635813
s2-95-exact,shortest_estimate+topology_aware+easy,18,0.1661086338,0.02101081886,0.08099367329,0.03147915604,0.0290037831,0.003621202544,2000,1600,0,451.8624706,0,2400.658,8204.995,4432.442364,1742.625,17594.848,38060.982,1.291376924,1,2.701042757,6.508904177,1.291376924,2524.361061,356,1841.445146,8055.496,0.8613724006,0.3971641156,0.2149534417,0.968520844,208.1603644,0,0,208.1602867,7.769696972e-05,0,0,0,0,0.9963787975,1.172483865,0.9709962169,0.0290037831,793,341322.11,271,69,3389,654,641.7385963,0,3109.948,16127.354,7078.000243,3312.098,25771.115,53704.882,1.211892983,1,2.183572704,4.120967589,489,349.3792454,0,2218.295,5106.819,2923.565953,1282.105,11283.095,17890.939,1.420924969,1,3.550590199,10.05318682,318,267.8019277,0,1569.791,5370.17,1680.027082,1057.513,5702.135,10464.267,1.265176803,1,2.806698138,6.508904177,139,340.1111295,0,3179.032,5341.266,3590.095403,1749.312,15128.759,17876.58,1.269543418,1,2.757273208,8.264221716,807,437.7826877,0,2457.437,7536.853,4035.900644,1670.839,16462.998,30665.318,1.349780879,1,2.774529553,7.232441769,633,479.040425,0,2190.333,13378.603,5011.222321,1765.308,21023.821,52943.16,1.217326041,1,2.355797589,4.640195343,160,415.3545937,0,2400.658,8283.754,4142.701463,2017.982,12317.851,46925.048,1.289765783,1,2.393232268,8.264221716
s2-95-exact,shortest_estimate+topology_aware+easy,19,0.09855047077,0.01554547439,0.03811462215,0.02659227881,0.01203369434,0.006264401075,2000,1600,0,203.3279487,0,1129.72,4130.499,2790.023716,1197.023,9811.662,27094.338,1.226139349,1,1.998446196,4.272374028,1.226139349,2404.767534,338,789.536926,4121.026,0.8630167849,0.2712943776,0.1497860316,0.9734077212,124.6337689,0,0,124.6337179,5.098989902e-05,0,0,0,0,0.9937355989,1.197718755,0.9879663057,0.01203369434,831,238045.839,243,57,3327,656,252.8679985,0,1561.494,4672.904,3991.326825,1667.777,13852.418,42543.581,1.135295349,1,1.831635555,3.07109159,468,157.7083141,0,799.849,3114.761,1796.978701,693.126,7177.579,15923.809,1.342170026,1,2.136280029,6.533216667,316,193.0744557,0,1141.586,4121.026,2276.171294,1079.602,7817.09,17476.555,1.296318935,1,2.319258832,4.043724322,160,153.901825,0,949.693,3427.402,1784.196175,926.504,7557.278,13815.558,1.120605334,1,1.764029241,3.159621887,769,243.0791248,0,1434.141,4672.904,2762.056265,1290.574,8974.393,28003.71,1.25998399,1,2.117151659,5.271902206,662,162.6318308,0,863.611,3427.402,2815.429408,1080.813,10028.385,28158.885,1.198831508,1,1.796204824,3.926022866,169,181.8615325,0,1319.978,3495.85,2817.76574,1110.064,10955.622,27094.338,1.179105393,1,2.139035081,3.355965678
s2-95-exact,shortest_estimate+topology_aware+easy,20,0.16737463,0.02090265586,0.06617899752,0.03996678989,0.03611457036,0.004211616404,2000,1600,0,731.4218925,0,1961.55,14560,3829.349003,1614.162,14088.303,36174.578,1.295897392,1,2.687137878,5.126678062,1.295897392,2524.600942,353,3216.611875,13851.326,0.8694169259,0.4303006075,0.1878114877,0.9600332101,219.1078489,0,0,219.1077474,0.0001015353536,0,0,0,0,0.9957883836,1.195514866,0.9638854296,0.03611457036,803,244080.58,266,73,3607,645,1192.83033,0,3368.432,26867.491,6323.191414,3150.845,20690.092,57899.397,1.294565388,1,2.937654077,5.822618795,467,330.9999336,0,1027.475,6474.007,1645.195216,1042.626,5371.187,15237.6,1.399810656,1,3.351765223,7.965217617,310,557.0149452,0,1350.58,8670.557,2992.998994,1712.528,8397.799,19527.034,1.170885194,1,2.07415706,3.662873054,178,413.7520393,0,1171.947,21256.239,1979.573528,770.574,6673.197,26052.169,1.245815537,1,2.238012288,5.432141211,797,750.4816675,0,1590.371,17212.575,3797.043575,1569.205,13257.913,37081.732,1.270475899,1,2.687137878,5.062455557,621,711.7596892,0,1914.274,13336.007,4021.66571,1705.264,14764.766,36850.758,1.307336796,1,2.715249128,5.265848126,182,715.046,0,2840.103,15407.237,3314.616863,1603.355,10678.67,27147.759,1.368188928,1,2.53138823,5.689910288
s2-95-exact,shortest_estimate+topology_aware+easy_oracle,1,0.1498199402,0.01914441658,0.05423533405,0.04531872476,0.02955665025,0.001564814585,2000,1600,0,412.0669537,0,1607.539,6636.421,3626.745611,1427.784,10612.137,48650.222,1.253878906,1,2.461107684,4.7686156,1.253878906,2441.677555,370,1618.6153,6321.87,0.8409504222,0.366011498,0.1879555703,0.9546812752,266.0093022,0,0,266.0091977,0.0001044848485,0,0,0,0,0.9984351854,1.118656521,0.9704433498,0.02955665025,812,288796.147,260,86,3412,647,428.2088563,0,2145.047,6996.582,2740.547709,1633.654,9232.757,16862.036,1.260988102,1,2.448726705,4.348392688,468,246.8918568,0,1327.578,4451.466,1846.979756,1019.467,6630.942,9325.932,1.265021194,1,2.565003662,5.901083333,333,510.7620841,0,1629.41,7175.467,7870.003123,1446.444,46990.879,86400,1.189412443,1,2.369054836,3.714550018,152,635.7028487,0,2390.744,24167.648,3582.638441,2015.778,10750.48,32137.506,1.330543986,1,3.604892897,6.082064938,788,340.6050584,0,1730.945,6238.626,3525.213161,1509.61,10082.238,48650.222,1.23686447,1,2.222625445,4.68305892,648,499.3092114,0,1483.058,9186.608,3668.745029,1346.219,13300.814,56761.124,1.25615166,1,2.638807343,5.040476884,164,410.7193354,0,1936.947,7714.727,3948.647726,1296.725,10592.152,67174.154,1.326651048,1,3.427734241,5.618173928
s2-95-exact,shortest_estimate+topology_aware+easy_oracle,2,0.1393494986,0.01621667209,0.04892242454,0.05324900656,0.02053915276,0.0004222426521,2000,1600,0,370.1470981,0,1450.064,7461.369,3620.696722,1658.903,13499.784,27939.411,1.171470786,1,2.084731918,3.542908203,1.171470786,2337.854559,332,1632.214937,7461.369,0.8677964646,0.348342459,0.1793234498,0.9467509934,328.7723867,0,0,328.7723013,8.541414146e-05,0,0,0,0,0.9995777573,1.059170507,0.9794608472,0.02053915276,779,295706.07,270,66,3416,636,446.1181478,0,1762.81,10921.575,5044.682929,2124.332,18645.091,34187.161,1.143128406,1,2.001528832,3.328314816,502,316.5257829,0,1477.727,7595.001,2836.207414,1576.474,9019.644,19793.311,1.178484215,1,2.140606236,3.649091308,311,221.6654405,0,1357.348,6599.939,1983.386887,1216.834,6509.019,10599.769,1.210767893,1,2.156799451,4.57328582,151,534.2405298,0,1497.866,7398.882,3603.22496,1752.486,11619.342,34142.899,1.18659405,1,2.469291442,3.266603666,821,447.7960244,0,1473.601,8471.056,3817.601788,1681.518,13633.339,32412.392,1.174053801,1,2.06384429,3.539192841,635,257.8586425,0,1385.344,6217.176,3404.764554,1673.948,13027.688,24746.096,1.164437342,1,2.01370233,3.565948038,144,422.6012708,0,1659.287,9257.587,3450.26525,1569.399,13775.162,27939.411,1.187759551,1,2.490272864,3.542908203
s2-95-exact,shortest_estimate+topology_aware+easy_oracle,3,0.2254717959,0.02466496225,0.1023589075,0.04681117686,0.04786545925,0.003771289988,2000,1600,0,945.2649788,0,3033.925,16195.056,3572.925462,1402.609,12210.456,34061.519,1.376294565,1,3.170800629,5.334653978,1.376294565,2720.601953,377,3823.844029,15473.262,0.9104853386,0.5672144415,0.2705114231,0.9531888231,220.8141867,0,0,220.8140923,9.434343436e-05,0,0,0,0,0.99622871,1.166965774,0.9521345408,0.04786545925,773,217831.017,345,104,3931,639,1556.169773,0,3737.779,30219.716,5360.950856,2041.412,19089.675,49806.705,1.326204236,1,2.749918041,5.334653978,481,413.5017422,0,1867.071,8496.607,2054.694035,1077.021,6846.762,15685.02,1.488622907,1,3.298551645,11.01748618,318,619.1669717,0,3297.297,12056.824,2852.334805,1345.356,10797.759,23189.288,1.275635448,1,3.019573286,4.217699432,162,754.5805309,0,3246.316,18361.373,2442.486691,1041.34,8514.233,28839.987,1.437945106,1,3.903395127,7.812093276,827,784.6144764,0,3044.605,15473.262,3483.682579,1416.987,12127.215,34987.185,1.368764491,1,3.019573286,5.797594015,629,971.3496391,0,2830.987,18361.373,3412.397622,1338.934,11298.484,30431.909,1.400166629,1,3.31548739,5.122515302,144,1753.950493,0,5704.745,30219.716,4786.646826,1481.725,16398.769,48382.852,1.315265697,1,2.82612455,5.334653978
s2-95-exact,shortest_estimate+topology_aware+easy_oracle,4,0.2036297825,0.02317977205,0.09431327827,0.03781828922,0.04238410596,0.005934337045,2000,1600,0,799.6570637,0,2795.452,16284.819,3401.191593,1668.57,11202.311,29686.095,1.356286714,1,2.979872218,6.32565328,1.356286714,2716.145866,354,3428.186833,15098.502,0.8942894016,0.5980977391,0.2620943304,0.9621817108,180.6138067,0,0,180.6137113,9.539393943e-05,0,0,0,0,0.994065663,1.218319944,0.957615894,0.04238410596,755,198972.828,312,88,3908,615,431.7863626,0,2188.056,8449.129,2409.468393,1088.305,9835.938,15963.418,1.488173145,1,3.643187906,10.19621602,495,1472.776077,0,3565.263,56798.24,5117.434259,2480.311,16292.838,78740.972,1.272520628,1,2.717124437,6.32565328,334,493.797009,0,2720.286,12157.602,2827.859692,1647.588,8790.611,20741.428,1.22149617,1,2.473983701,4.200155963,156,768.9123718,0,3155.539,22460.823,3092.617891,1830.415,8563.546,32477.768,1.390736068,1,3.078734,3.895007179,845,843.475071,0,2846.264,17398.313,3566.36433,1741.123,12392.884,30674.825,1.384060819,1,3.071305526,7.285113813,608,655.3567155,0,2380.966,12601.413,3131.975508,1623.96,9536.019,22808.717,1.316007983,1,2.910596969,6.177306559,147,1144.612136,0,2872.528,11372.649,3565.221633,1549.474,11614.336,17045.224,1.36322787,1,3.288937748,6.198293847
s2-95-exact,shortest_estimate+topology_aware+easy_oracle,5,0.1419147979,0.01741433315,0.0516108799,0.04544510333,0.0225464191,0.004898062447,2000,1600,0,368.8418831,0,1529.75,7923.695,2554.471182,1547.397,7957.238,14860.897,1.192522082,1,2.238697061,3.98098959,1.192522082,2369.883347,334,1633.377665,7923.695,0.8803572574,0.3731605023,0.1938793238,0.9545548967,171.6815778,0,0,171.6814933,8.444444448e-05,0,0,0,0,0.9951019376,1.194241029,0.9774535809,0.0225464191,754,181385.724,275,78,3545,639,446.1013803,0,1973.007,9523.189,2582.016189,1450.868,8320.836,15910.596,1.211972844,1,2.503811439,3.945251439,486,273.2935947,0,1164.636,7935.606,2097.951681,1349.299,6248.221,14115.222,1.156960098,1,2.052919383,3.306996623,322,322.7218602,0,1089.977,5450.941,3084.230646,2260.208,8191.277,12754.754,1.131921356,1,1.631728394,3.135864245,153,446.7392484,0,1759.151,5238.652,2774.632425,1674.43,8924.754,15386.477,1.351786925,1,2.952818162,9.76885,846,405.6504622,0,1709.523,7803.212,2633.402869,1516.044,8097.31,15439.823,1.183469338,1,2.101793711,3.510018743,602,327.3455565,0,1468.935,6652.033,2429.288033,1565.201,7048.466,14700.191,1.202920624,1,2.322445056,3.98098959,152,328.320375,0,1759.151,9523.189,2610.945184,1680.597,8781.494,14738.915,1.201724051,1,2.594057479,4.546168773
s2-95-exact,shortest_estimate+topology_aware+easy_oracle,6,0.1949824377,0.02191825083,0.06697592551,0.05681782352,0.03836633663,0.01090410123,2000,1600,0,1094.559776,0,1985.171,43432.777,3027.713219,1258.513,9120.008,50625.6,1.411853225,1,2.817697542,9.332761523,1.411853225,2779.194915,388,4391.545095,40777.793,0.9009690998,0.56154286,0.2604977759,0.9431821765,204.8257556,0,0,204.8256378,0.0001177777778,0,0,0,0,0.9890958988,1.306113372,0.9616336634,0.03836633663,808,151981.877,341,99,3917,647,1087.742835,0,1985.171,45986.261,3156.170713,1327.621,9212.971,51504.991,1.452777323,1,2.859029524,11.25519072,472,654.1809746,0,1690.098,13963.302,2453.498909,1243.27,7135.022,25207.19,1.297749392,1,2.581568374,5.186645078,318,851.1227201,0,1700.907,17759.716,2115.970289,1042.139,4520.166,21922.8,1.352812083,1,2.594939237,7.492106194,163,2871.752043,0,13870.951,53133.578,5959.316951,1418.208,27378.452,59714.136,1.695007834,1,5.36599129,12.12167348,792,1018.497391,0,1901.235,45039.765,3036.904351,1306.461,8838.612,53366.613,1.383304977,1,2.810600919,7.77276785,644,937.3025404,0,2431.912,20703.909,2749.985929,1187.531,8918.754,28388.469,1.431145884,1,2.859029524,9.332761523,164,2079.407756,0,1732.769,66422.261,4073.914433,1243.408,11842.864,72748.005,1.473961397,1,3.015182129,11.50030811
s2-95-exact,shortest_estimate+topology_aware+easy_oracle,7,0.1705150738,0.02130327924,0.08229849485,0.03164092051,0.03101736973,0.004255009456,2000,1600,0,656.1427869,0,2439.333,18789.55,4464.692733,1642.915,18423.62,46953.934,1.337569947,1,2.738639959,6.641517739,1.337569947,2575.796929,369,2686.04452,16094.796,0.8841904618,0.4324242045,0.2026834194,0.9683590795,219.0193333,0,0,219.0192288,0.0001045252526,0,0,0,0,0.9957449905,1.194542695,0.9689826303,0.03101736973,806,339574.561,286,77,3545,632,493.3142215,0,2529.047,14523.497,3823.989604,1529.279,14966.243,34715.266,1.302893636,1,2.743999042,6.373299082,504,952.6688492,0,4423.079,27214.887,6589.907581,2015.211,37693.661,76556.501,1.370467463,1,2.512550161,6.469142814,308,576.7691851,0,1850.016,21099.731,3077.671273,1193.778,10935.032,30739.964,1.427214384,1,3.381938291,6.954549249,156,514.5119359,0,2036.26,10704.031,2932.761346,1516.271,12164.437,15724.66,1.19477888,1,2.337159651,4.241197602,794,680.0122746,0,2379.507,22264.932,4638.985068,1707.785,18608.404,53805.291,1.275142417,1,2.390378083,6.469142814,644,637.8151491,0,2459.485,16094.796,4353.436435,1584.339,18862.181,46353.877,1.421859487,1,3.161222446,7.821114913,162,612.0108457,0,2439.333,21099.731,4052.723241,1507.748,17864.575,34715.266,1.308464979,1,2.629516577,6.683687747
s2-95-exact,shortest_estimate+topology_aware+easy_oracle,8,0.1341481058,0.0210939785,0.04459918888,0.03915691773,0.0275,0.001798020697,2000,1600,0,242.38363,0,1321.923,4571.27,1770.615522,834.363,6291.622,14369.322,1.255672602,1,2.711733333,4.67513194,1.255672602,2450.024129,390,922.3993538,3832.218,0.8708778466,0.41907216,0.1844453408,0.9608430823,105.0206711,0,0,105.0205728,9.830303033e-05,0,0,0,0,0.9982019793,1.113675755,0.9725,0.0275,800,124122.986,305,80,3524,674,222.6338591,0,1335.768,3832.218,1429.351761,710.845,5270.959,11634.534,1.300207022,1,2.816009605,6.538805483,490,154.4956143,0,1033.41,3492.413,1526.83041,735.402,4782.318,12710.929,1.172187092,1,2.207910776,3.618004359,303,423.7782079,0,2482.159,10174.915,2652.510785,1289.314,8006.925,23706.694,1.269775318,1,2.69384584,5.735399329,133,253.0145789,0,1288.894,2666.049,2389.053226,1234.369,9994.052,15941.74,1.305436345,1,3.027250749,3.858073593,800,197.1085262,0,1257.936,3457.886,1747.492556,815.977,6332.236,15244.483,1.257749364,1,2.69384584,5.768939108,629,285.0646979,0,1312.749,5369.025,1812.022531,865.287,5939.842,14369.322,1.24699619,1,2.740109031,4.109416667,171,297.200538,0,1455.961,6955.262,1726.483146,805.724,6782.995,11634.534,1.277871747,1,2.603998332,5.735399329
s2-95-exact,shortest_estimate+topology_aware+easy_oracle,9,0.1299903703,0.01789174088,0.05350632088,0.03567067835,0.02267002519,0.0002516050409,2000,1600,0,482.1217525,0,1585.931,12672.209,2906.088746,1332.808,9820.481,27063.128,1.226840832,1,2.300070142,5.397652763,1.226840832,2466.191694,346,2066.6115,11842.604,0.8826929258,0.3264481385,0.1924955104,0.9643293217,161.6749867,0,0,161.6748928,9.389898993e-05,0,0,0,0,0.999748395,1.044428079,0.9773299748,0.02267002519,794,202186.137,263,55,3660,645,509.4915054,0,1527.434,12672.209,2917.738684,1389.225,8988.441,31484.57,1.23690838,1,2.370226469,5.415510811,474,413.3133966,0,1864.51,7886.609,2798.132643,1173.225,10406.415,19042.58,1.205243089,1,2.121995051,4.395678013,330,560.1962424,0,1304.521,13195.056,3317.534558,1527.393,11378.759,35087.659,1.223566525,1,2.141512554,4.269482355,151,410.5792914,0,1815.813,17093.754,2296.021623,951.29,11162.545,24887.451,1.258789724,1,1.920374793,8.538855601,806,524.1777816,0,1653.492,15737.923,3011.526414,1310.775,10979.519,27095.422,1.190726308,1,2.163230691,3.827181277,627,465.806807,0,1502.199,7520.351,2905.668915,1408.871,8855.837,31484.57,1.285513511,1,2.554545851,6.356115941,167,340.3990659,0,1230.103,12672.209,2398.786186,1171.588,8816.26,18986.932,1.180856018,1,1.920374793,5.63400272
s2-95-exact,shortest_estimate+topology_aware+easy_oracle,10,0.202415844,0.02033531231,0.09519252726,0.04682036513,0.03901170351,0.00105593581,2000,1600,0,933.2215587,0,2821.513,16963.152,3783.541429,1490.861,13094.726,30018.864,1.25796569,1,2.614203111,4.629400826,1.25796569,2597.680629,352,3972.44871,16388.103,0.9050614815,0.5058455281,0.2370764371,0.9531796349,290.8959422,0,0,290.8958568,8.541414141e-05,0,0,0,0,0.9989440642,1.090744199,0.9609882965,0.03901170351,769,278870.156,348,98,3957,626,674.1325783,0,3515.306,13989.546,3437.570938,1676.532,13164.465,25881.362,1.280273741,1,2.903421746,5.228464668,484,1625.88194,0,3652.274,26694.365,5456.39669,1408.46,20530.182,49459.869,1.259925934,1,2.410272135,4.040531588,343,744.2691283,0,1910.826,7133.717,2984.068047,1526.299,7690.05,25185.563,1.250573247,1,2.483210476,5.458847715,147,196.8457823,0,827.409,3105.796,1614.391442,1177.62,4315.339,8666.239,1.173761677,1,2.083930987,3.08975301,831,962.9545319,0,2728.866,20262.235,3728.01643,1489.2,13162.48,30018.864,1.250534702,1,2.614203111,4.414617804,627,1021.573116,0,3105.796,16963.152,3967.097643,1509.707,13245.767,33452.757,1.284915518,1,2.753299349,5.23317041,142,369.105169,0,1476.79,7904.729,3297.988817,1506.389,12553.038,22210.813,1.182455898,1,1.853252914,3.439600961
s2-95-exact,shortest_estimate+topology_aware+easy_oracle,11,0.1427619332,0.0161828563,0.0633970876,0.03616634401,0.02589395808,0.001121687192,2000,1600,0,612.1978994,0,1879.094,9665.125,3411.961216,1545.724,11379.662,27887.289,1.199195711,1,2.080384734,4.050781075,1.199195711,2407.513565,333,2832.271934,9665.125,0.8723478947,0.546844179,0.2054648798,0.963833656,169.7542156,0,0,169.7541025,0.000113010101,0,0,0,0,0.9988783128,1.085515226,0.9741060419,0.02589395808,811,248164.332,240,72,3768,640,918.2482641,0,2147.524,18583.856,4208.997064,1735.48,14891.475,46008.492,1.20044238,1,2.149051562,3.921899784,470,296.8666319,0,1614.409,6339.62,2442.097602,1474.133,7872.286,14054.698,1.164046282,1,2.006109678,3.854448009,327,521.9024465,0,1459.646,5690.208,3061.43745,1362.042,10987.488,26307.827,1.263589962,1,2.08622235,5.928527097,163,500.9100184,0,2012.883,10047.676,3782.232552,1857.837,12987.225,39529.504,1.166468365,1,1.842314428,4.050781075,789,530.7572218,0,2147.524,8991.271,3421.188364,1601.733,11654.774,30974.656,1.196348049,1,2.186564517,4.023166033,653,707.2354564,0,1506.082,10396.728,3230.188562,1459.267,10716.802,25861.544,1.211840817,1,2.041998364,5.420024876,158,626.104038,0,2386.929,18583.856,4117.134152,1901.144,15331.142,33097.672,1.161154892,1,1.865606605,3.139966534
s2-95-exact,shortest_estimate+topology_aware+easy_oracle,12,0.1164460779,0.01568082798,0.04892455005,0.03366763507,0.0170109356,0.001162129246,2000,1600,0,245.9454981,0,1450.127,4625.326,2760.389055,1450.296,10136.249,19160.372,1.203207525,1,2.015846556,3.757207103,1.203207525,2410.862948,349,1033.748218,4578.775,0.8765949826,0.4091819469,0.2179245852,0.9663323649,136.7350311,0,0,136.7349382,9.288888891e-05,0,0,0,0,0.9988378708,1.088933022,0.9829890644,0.0170109356,823,200341.006,287,79,3626,597,165.0246734,0,939.396,3762.887,1653.745546,954.059,5195.139,11841.301,1.242713287,1,2.226533674,6.220200095,519,280.8528247,0,1907.039,4789.823,3996.140291,1853.659,16339.932,25827.393,1.206475876,1,1.865384881,3.516525227,324,335.1031975,0,2246.318,5395.994,3127.845602,2068.55,8741.693,14136.157,1.155789693,1,1.954273061,3.467302182,160,254.1063437,0,1063.1,4578.775,2136.985069,1414.106,6194.612,15007.199,1.141221049,1,1.986070802,2.694037246,777,263.3372021,0,1557.008,5395.994,2756.83864,1489.604,11010.101,20139.327,1.21647825,1,2.001780268,5.117510597,660,221.8449303,0,1379.79,4018.621,2718.927308,1454.248,9170.064,18385.728,1.182221194,1,2.00338312,3.453937798,163,260.6266074,0,1590.092,4578.775,2945.19535,1226.036,9134.131,29623.298,1.22492302,1,2.226533674,4.240221329
s2-95-exact,shortest_estimate+topology_aware+easy_oracle,13,0.1472126741,0.01703678161,0.05724625829,0.04192070924,0.0295202952,0.001488629786,2000,1600,0,498.9233287,0,1696.783,8782.144,2611.255494,1447.657,7950.855,19219.394,1.212603728,1,2.190160977,4.226793552,1.212603728,2407.319729,351,2152.057077,8695.204,0.9066511825,0.4709274422,0.2198861195,0.9580792908,160.8799667,0,0,160.8798879,7.878787883e-05,0,0,0,0,0.9985113702,1.104042937,0.9704797048,0.0295202952,813,173278.652,320,88,3785,628,547.9723742,0,1664.442,11749.144,2679.44996,1589.126,8067.14,19219.394,1.187687387,1,2.046531203,3.514498425,479,290.2183319,0,1435.203,5033.083,2232.594547,1192.394,7358.574,17768.302,1.210398547,1,2.243391769,4.426867692,328,354.4147713,0,1523.493,3288.069,2205.384534,1228.499,6091.18,11887.45,1.213901927,1,2.145996021,3.852538387,165,1205.382115,0,4976.209,38838.35,4257.789697,2037.44,12600.073,53581.955,1.311257872,1,2.838009914,6.477109091,787,458.2030102,0,1450.935,8695.204,2566.532518,1453.9,7715.149,17768.302,1.209475115,1,2.145996021,4.402002194,643,413.8100218,0,1731.737,8536.537,2485.035541,1456.519,8067.14,19219.394,1.205286516,1,2.227663185,3.951254027,170,1009.363018,0,1803.991,41415.18,3295.704971,1297.065,9801.183,55678.488,1.254763641,1,2.190928507,5.748372174
s2-95-exact,shortest_estimate+topology_aware+easy_oracle,14,0.1641735365,0.02144920533,0.06595706821,0.0442057706,0.03144654088,0.001114951444,2000,1600,0,515.3794413,0,1954.972,11073.187,2505.795438,1166.566,9108.293,23167.464,1.308823888,1,2.757399466,5.210416749,1.308823888,2620.899811,378,2015.914124,8055.864,0.9028365219,0.4788265616,0.2504399081,0.9557942294,169.5152911,0,0,169.5151775,0.0001136565657,0,0,0,0,0.9988850486,1.092849908,0.9685534591,0.03144654088,795,156248.086,351,96,3819,594,315.4718418,0,1794.179,4883.628,1725.235746,727.363,6531.17,13283.947,1.365521581,1,3.01566657,5.853458109,514,673.1717568,0,2778.697,12379.593,3036.602599,1709.241,9575.427,23167.464,1.279501208,1,2.554885964,4.453600334,336,406.1640357,0,1773.336,4811.386,2009.589783,1007.105,6967.783,13413.328,1.280988031,1,2.375435618,4.951211914,156,991.8938013,0,3508.004,31266.058,4797.735673,1678.454,25443.104,41709.409,1.249505144,1,2.862348797,5.24517537,805,518.8030174,0,1939.401,8055.864,2527.810472,1175.773,8372.63,19137.215,1.319654862,1,2.500605084,5.24517537,635,484.9823732,0,1836.496,7622.316,2381.357069,1167.304,8912.315,18247.876,1.289055787,1,2.921771456,4.517725445,160,618.7929375,0,2937.054,13990.588,2888.897075,1110.089,10231.587,27468.966,1.332785204,1,2.961750152,5.765547506
s2-95-exact,shortest_estimate+topology_aware+easy_oracle,15,0.2436226965,0.02134382684,0.1308281065,0.05736312198,0.03358208955,0.0005055516238,2000,1600,0,955.23219,0,3877.754,17447.583,4055.052723,1734.602,14069.785,39446.136,1.359217071,1,2.74385255,7.203850221,1.359217071,2652.115534,357,4064.173134,17043.747,0.8991921284,0.5477039254,0.2652316268,0.942636878,339.5086133,0,0,339.5085194,9.397979809e-05,0,0,0,0,0.9994944484,1.057190495,0.9664179104,0.03358208955,804,263976.568,330,93,3919,654,729.613763,0,4589.355,16374.663,3320.880934,1585.796,13212.378,27668.083,1.375447394,1,2.822269927,8.255497025,498,1430.113219,0,4669.238,60155.599,5651.166466,2519.567,16514.011,73744.472,1.345849375,1,2.504623683,6.441998796,299,340.3707057,0,1519.483,4521.357,2319.726953,1109.346,7730.824,23798.264,1.374972341,1,3.075890425,8.012079105,149,1592.193819,0,5077.188,67222.795,5425.160846,1923.93,21671.274,76416.526,1.301040258,1,3.252227746,5.862627711,796,1043.263945,0,4785.557,25181.686,4395.655823,1805.477,16195.322,40051.637,1.381858193,1,2.853801856,8.255497025,652,823.3071534,0,2852.917,14252.896,3827.558301,1788.108,12564.006,39446.136,1.326010434,1,2.730974925,7.108498354,152,1060.112763,0,2580.965,21949.514,3247.199401,1278.127,8901.394,40837.055,1.383088077,1,2.554909167,8.012079105
s2-95-exact,shortest_estimate+topology_aware+easy_oracle,16,0.1801557068,0.02177915886,0.0637786994,0.05639371217,0.03731343284,0.0008907035231,2000,1600,0,812.410875,0,1890.405,18194.462,2471.317396,870.645,8091.667,25908.482,1.297229715,1,2.799816594,5.552717023,1.297229715,2564.456752,364,3434.692195,17169.295,0.8987153153,0.5052935012,0.2153493368,0.9436062878,203.8716889,0,0,203.871576,0.000112929293,0,0,0,0,0.9991092965,1.076091905,0.9626865672,0.03731343284,804,144183.321,325,101,3835,625,852.3307472,0,1649.897,27188.192,2279.073266,689.898,7700.87,35048.416,1.301644143,1,3.007819588,5.561532114,493,1038.057544,0,2189.209,34302.346,3028.492118,990.34,9693.287,46369.896,1.338260522,1,2.907297214,6.220864001,322,452.8092081,0,1237.082,8490.013,1879.306261,803.73,6294.674,12810.796,1.252474117,1,2.433959792,5.163169493,160,684.8984313,0,2026.116,17965.637,2696.898825,1290.951,6743.184,22468.5,1.243630322,1,2.481299581,4.614478057,796,703.5254862,0,1890.405,20037.969,2415.532237,839.362,8461.64,30534.657,1.266514728,1,2.831705407,5.163169493,633,908.2826682,0,2014.381,17965.637,2522.991671,925.142,8600.222,25165.408,1.326454152,1,2.799816594,5.991410384,171,964.375345,0,1845.631,52597.45,2539.710199,851.921,6213.011,59698.56,1.332025393,1,3.007819588,8.406933564
s2-95-exact,shortest_estimate+topology_aware+easy_oracle,17,0.1666883001,0.0190446518,0.07067004657,0.04622950469,0.02956298201,0.001181115085,2000,1600,0,680.5061313,0,2094.665,10287.12,3478.632443,1685.823,11792.097,25068.829,1.221766814,1,2.448282437,4.24618196,1.221766814,2398.605598,372,2758.480417,9035.268,0.8944947755,0.4445810149,0.2096189517,0.9537704953,257.2382178,0,0,257.2381188,9.898989903e-05,0,0,0,0,0.9988188849,1.10228461,0.970437018,0.02956298201,778,257268.427,320,106,3782,628,683.7405334,0,2370.238,13991.317,3681.810209,1995.034,12639.993,27797.471,1.216177682,1,2.320947776,4.040792,486,923.0774753,0,2891.266,12426.883,4204.085233,2148.613,12545.638,34172.071,1.215501754,1,2.280586804,4.982525466,340,511.23105,0,1464.292,5794.931,2381.362447,991.43,8340.615,24133.067,1.270675616,1,2.763754503,4.408688848,146,253.3325,0,1516.551,3959.443,2745.112623,1832.059,8019.079,14221.04,1.152765452,1,1.987907399,3.133171206,822,679.8040876,0,1677.41,9510.996,3443.365891,1659.475,11106.048,22527.131,1.229346065,1,2.66612163,4.24618196,617,769.7810583,0,2757.011,13899.621,3631.05763,1720.967,12529.952,33715.767,1.213169925,1,2.275425146,4.051397629,161,341.9623416,0,1508.204,3678.781,3074.550242,1579.954,11518.881,26300.076,1.216016106,1,2.029360969,6.181635813
s2-95-exact,shortest_estimate+topology_aware+easy_oracle,18,0.1661086338,0.02101081886,0.08099367329,0.03147915604,0.0290037831,0.003621202544,2000,1600,0,451.8624706,0,2400.658,8204.995,4432.442364,1742.625,17594.848,38060.982,1.291376924,1,2.701042757,6.508904177,1.291376924,2524.361061,356,1841.445146,8055.496,0.8613724006,0.3971641156,0.2149534417,0.968520844,208.1603644,0,0,208.1602867,7.769696972e-05,0,0,0,0,0.9963787975,1.172483865,0.9709962169,0.0290037831,793,341322.11,271,69,3389,654,641.7385963,0,3109.948,16127.354,7078.000243,3312.098,25771.115,53704.882,1.211892983,1,2.183572704,4.120967589,489,349.3792454,0,2218.295,5106.819,2923.565953,1282.105,11283.095,17890.939,1.420924969,1,3.550590199,10.05318682,318,267.8019277,0,1569.791,5370.17,1680.027082,1057.513,5702.135,10464.267,1.265176803,1,2.806698138,6.508904177,139,340.1111295,0,3179.032,5341.266,3590.095403,1749.312,15128.759,17876.58,1.269543418,1,2.757273208,8.264221716,807,437.7826877,0,2457.437,7536.853,4035.900644,1670.839,16462.998,30665.318,1.349780879,1,2.774529553,7.232441769,633,479.040425,0,2190.333,13378.603,5011.222321,1765.308,21023.821,52943.16,1.217326041,1,2.355797589,4.640195343,160,415.3545937,0,2400.658,8283.754,4142.701463,2017.982,12317.851,46925.048,1.289765783,1,2.393232268,8.264221716
s2-95-exact,shortest_estimate+topology_aware+easy_oracle,19,0.09855047077,0.01554547439,0.03811462215,0.02659227881,0.01203369434,0.006264401075,2000,1600,0,203.3279487,0,1129.72,4130.499,2790.023716,1197.023,9811.662,27094.338,1.226139349,1,1.998446196,4.272374028,1.226139349,2404.767534,338,789.536926,4121.026,0.8630167849,0.2712943776,0.1497860316,0.9734077212,124.6337689,0,0,124.6337179,5.098989902e-05,0,0,0,0,0.9937355989,1.197718755,0.9879663057,0.01203369434,831,238045.839,243,57,3327,656,252.8679985,0,1561.494,4672.904,3991.326825,1667.777,13852.418,42543.581,1.135295349,1,1.831635555,3.07109159,468,157.7083141,0,799.849,3114.761,1796.978701,693.126,7177.579,15923.809,1.342170026,1,2.136280029,6.533216667,316,193.0744557,0,1141.586,4121.026,2276.171294,1079.602,7817.09,17476.555,1.296318935,1,2.319258832,4.043724322,160,153.901825,0,949.693,3427.402,1784.196175,926.504,7557.278,13815.558,1.120605334,1,1.764029241,3.159621887,769,243.0791248,0,1434.141,4672.904,2762.056265,1290.574,8974.393,28003.71,1.25998399,1,2.117151659,5.271902206,662,162.6318308,0,863.611,3427.402,2815.429408,1080.813,10028.385,28158.885,1.198831508,1,1.796204824,3.926022866,169,181.8615325,0,1319.978,3495.85,2817.76574,1110.064,10955.622,27094.338,1.179105393,1,2.139035081,3.355965678
s2-95-exact,shortest_estimate+topology_aware+easy_oracle,20,0.16737463,0.02090265586,0.06617899752,0.03996678989,0.03611457036,0.004211616404,2000,1600,0,731.4218925,0,1961.55,14560,3829.349003,1614.162,14088.303,36174.578,1.295897392,1,2.687137878,5.126678062,1.295897392,2524.600942,353,3216.611875,13851.326,0.8694169259,0.4303006075,0.1878114877,0.9600332101,219.1078489,0,0,219.1077474,0.0001015353536,0,0,0,0,0.9957883836,1.195514866,0.9638854296,0.03611457036,803,244080.58,266,73,3607,645,1192.83033,0,3368.432,26867.491,6323.191414,3150.845,20690.092,57899.397,1.294565388,1,2.937654077,5.822618795,467,330.9999336,0,1027.475,6474.007,1645.195216,1042.626,5371.187,15237.6,1.399810656,1,3.351765223,7.965217617,310,557.0149452,0,1350.58,8670.557,2992.998994,1712.528,8397.799,19527.034,1.170885194,1,2.07415706,3.662873054,178,413.7520393,0,1171.947,21256.239,1979.573528,770.574,6673.197,26052.169,1.245815537,1,2.238012288,5.432141211,797,750.4816675,0,1590.371,17212.575,3797.043575,1569.205,13257.913,37081.732,1.270475899,1,2.687137878,5.062455557,621,711.7596892,0,1914.274,13336.007,4021.66571,1705.264,14764.766,36850.758,1.307336796,1,2.715249128,5.265848126,182,715.046,0,2840.103,15407.237,3314.616863,1603.355,10678.67,27147.759,1.368188928,1,2.53138823,5.689910288
s2-95-exact,shortest_estimate+topology_aware+easy_predicted,1,0.1799165329,0.02106349524,0.07228046796,0.05641025354,0.02955665025,0.0006056659034,2000,1600,0,536.4478562,0,2142.398,9304.565,3761.381008,1412.017,11371.818,56761.124,1.301176887,1,2.707814561,7.099229638,1.301176887,2537.116236,370,2222.488646,8263.758,0.831102199,0.4511256834,0.191487017,0.9435897465,335.0058467,0,0,335.0057233,0.0001233939394,0,0,0,0,0.9993943341,1.057441871,0.9704433498,0.02955665025,812,288796.147,233,127,3495,647,495.2871252,0,2317.131,8672.968,2812.342737,1678.237,9148.617,17563.552,1.333636822,1,2.848169174,5.555655524,468,286.1750748,0,1381.554,6412.738,1889.391699,989.201,6701.903,13742.504,1.26125063,1,2.692407999,7.303516146,333,858.8903754,0,2563.725,18549.329,8254.464601,1466.182,54203.464,86400,1.312473199,1,2.40084475,9.517310157,152,775.8248026,0,2210.327,35750.888,3721.393651,1909.273,10750.48,42695.77,1.261191616,1,2.7379,7.684755229,788,484.8774277,0,2194.045,9304.565,3670.662945,1466.182,10836.636,54203.464,1.31554539,1,2.429405043,7.684755229,648,628.1645309,0,2179.603,10571.048,3817.661434,1323.17,14172.226,56964.762,1.281752565,1,2.692407999,7.303516146,164,421.8447622,0,1987.78,5779.426,3974.893921,1448.257,10592.152,67320.857,1.308887746,1,3.192550106,7.099229638
s2-95-exact,shortest_estimate+topology_aware+easy_predicted,2,0.150274472,0.01582894268,0.05454241836,0.06032506303,0.01925545571,0.0003225921794,2000,1600,0,444.1475931,0,1616.641,7247.484,3700.804802,1665.627,13549.258,29601.496,1.173464532,1,2.03488742,4.267676016,1.173464532,2352.284074,332,1995.059753,7247.484,0.8560509431,0.4084222353,0.1847306188,0.939674937,375.2664467,0,0,375.2663578,8.88484849e-05,0,0,0,0,0.9996774078,1.048491362,0.9807445443,0.01925545571,779,298101.161,248,111,3461,636,561.6362987,0,1946.355,10089.079,5172.356153,2139.609,18836.831,35930.973,1.157543762,1,1.996384732,3.818566424,502,366.2468645,0,1812.177,7247.484,2884.207827,1572.517,9019.644,22770.415,1.16786198,1,2.063292442,4.624995216,311,200.9258521,0,1356.753,4507.701,1970.762087,1184.31,6716.652,9732.266,1.213674636,1,2.059349702,4.267676016,151,709.2158742,0,2542.962,7387.978,3780.727364,1729.753,11619.342,34142.899,1.176330417,1,2.055600815,3.061035916,821,520.410123,0,1473.601,9019.23,3899.210699,1665.627,13549.258,33047.421,1.166615247,1,1.900019636,3.949334967,635,288.5345717,0,1812.177,6418.392,3440.466665,1712.696,13188.602,24411.508,1.178747925,1,2.074987312,4.303643877,144,695.5554514,0,1922.118,9257.587,3717.634493,1532.933,13775.162,29759.55,1.189216675,1,2.154975448,3.592118878
s2-95-exact,shortest_estimate+topology_aware+easy_predicted,3,0.2115248218,0.02555659741,0.1063570765,0.04150018859,0.03492884864,0.003182110721,2000,1600,0,1019.273562,0,3152.431,22826.155,3643.161765,1410.382,11894.199,37715.778,1.410815262,1,3.285424657,7.227721032,1.410815262,2765.74741,377,4093.322586,16022.472,0.8923979592,0.5872953432,0.2477069002,0.9584998114,194.6768867,0,0,194.6767932,9.34949495e-05,0,0,0,0,0.9968178893,1.149665993,0.9650711514,0.03492884864,773,218691.035,313,151,3933,639,1534.19066,0,4459.204,48630.207,5333.618183,2056.283,19220.085,57942.169,1.368055859,1,3.570394235,6.965594436,481,357.3990644,0,1994.493,7405.857,1999.363181,1071.194,6847.425,11137.693,1.477877836,1,3.113416207,8.835917226,318,1191.049355,0,3799.464,28971.926,3415.255437,1386.352,11010.666,36622.775,1.333193781,1,3.018309117,5.11423596,162,616.2174198,0,2629.885,16022.472,2303.283247,1047.139,7912.479,20641.192,1.532727553,1,3.285424657,11.73795176,827,1076.746852,0,3690.893,26322.72,3770.931406,1449.889,12210.456,41304.822,1.426862205,1,3.403812781,6.965594436,629,819.8449889,0,2629.885,12610.502,3257.718164,1376.55,11137.693,30431.909,1.417547426,1,3.368996073,7.584029397,144,1560.316347,0,4459.204,40682.266,4593.012681,1438.086,14922.003,55209.577,1.289250305,1,2.546931741,5.548920383
s2-95-exact,shortest_estimate+topology_aware+easy_predicted,4,0.2020583564,0.02117804407,0.0877479425,0.046064018,0.04370860927,0.003359742613,2000,1600,0,693.5252037,0,2600.855,13031.576,3300.485576,1641.818,11202.311,22899.135,1.31540876,1,2.72254037,6.847351849,1.31540876,2637.661838,354,2955.506212,12817.495,0.9064302651,0.5314310607,0.2528114559,0.953935982,221.8956311,0,0,221.8955352,9.5959596e-05,0,0,0,0,0.9966402574,1.156885071,0.9562913907,0.04370860927,755,193371.808,315,162,3911,615,376.8776309,0,1882.902,7038.039,2347.432854,1088.305,9642.606,14774.058,1.40518842,1,3.003437884,8.362096619,495,1280.559073,0,4791.055,33398.741,4937.448923,2436.978,15813.611,73445.486,1.258460462,1,2.496095428,6.563298798,334,428.8013084,0,1525.836,9199.236,2772.195272,1635.032,8754.015,19972.209,1.214630956,1,2.373919547,4.116788159,156,645.924391,0,3306.42,6203.183,2994.585115,1961.691,9166.495,16220.128,1.357938907,1,2.955436925,6.887017845,845,713.2468225,0,2851.498,13851.521,3436.30653,1686.785,12141.994,26369.629,1.317619193,1,2.553096632,6.887017845,608,567.3647155,0,2065.859,12371.557,3059.207633,1591.836,9731.302,21983.224,1.289622386,1,2.682192296,5.364648191,147,1101.966082,0,2635.219,13031.576,3517.684776,1492.058,11202.311,20596.9,1.409356379,1,2.879581502,7.287996096
s2-95-exact,shortest_estimate+topology_aware+easy_predicted,5,0.1357984899,0.0154642496,0.04449972892,0.04497205797,0.0198938992,0.01096855425,2000,1600,0,337.7182738,0,1318.975,7355.396,2521.695658,1549.454,8009.62,15700.762,1.191816366,1,1.988004354,3.984518669,1.191816366,2360.849261,334,1485.695488,7355.396,0.8782729858,0.3629983253,0.1851464346,0.955027942,169.8103644,0,0,169.8102736,9.082828286e-05,0,0,0,0,0.9890314457,1.305104367,0.9801061008,0.0198938992,754,181119.95,242,114,3532,639,438.5677856,0,1941.055,8522.14,2574.866731,1480.034,8781.494,16699.944,1.199214531,1,2.344925894,3.9599946,486,286.6506235,0,1190.445,8114.867,2107.730961,1335.037,6073.128,14044.146,1.159704967,1,1.901708083,4.006378808,322,226.2057484,0,948.807,3682.865,2985.768646,2269.899,8252.079,13100.096,1.106023647,1,1.638962714,2.835012682,153,313.424634,0,1910.482,6262.347,2637.898438,1694.528,9072.132,15386.477,1.443476292,1,2.44133065,10.33006667,846,368.683474,0,1334.579,7291.373,2594.251239,1516.044,8468.789,17150.151,1.174018428,1,1.924432373,4.06494764,602,312.027804,0,1346.852,6434.645,2413.768668,1565.201,7213.36,13878.39,1.228091749,1,2.28685667,3.769393334,152,267.1202697,0,1039.968,8522.14,2545.314257,1599.963,8781.494,14823.859,1.147206338,1,1.888419062,3.9599946
s2-95-exact,shortest_estimate+topology_aware+easy_predicted,6,0.2255568025,0.02578878733,0.07576156657,0.05271449763,0.04207920792,0.02921274306,2000,1600,0,1203.638302,0,2245.578,46829.306,3135.691651,1242.83,9386.747,52298.356,1.433191078,1,3.315273798,9.922053076,1.433191078,2828.425141,388,4870.18525,44413.705,0.9006171293,0.5235257576,0.2451363272,0.9472855024,189.2102844,0,0,189.2101794,0.0001050505051,0,0,0,0,0.9707872569,1.482415699,0.9579207921,0.04207920792,808,151981.877,325,153,3918,647,1187.969836,0,2181.868,48388.26,3260.941546,1320.434,9315.202,52995.879,1.44340996,1,3.25893819,10.82554321,472,730.3609004,0,1674.613,21969.488,2528.990621,1216.969,7421.078,28436.586,1.318646857,1,2.679990395,5.628340236,318,669.7774748,0,1298.888,18631.787,1931.456664,1020.54,4530.122,22794.871,1.316607785,1,2.771757941,7.330430647,163,3677.823423,0,25933.141,81845.433,6744.728031,1540.712,34758.768,89968.743,1.951760051,1,8.84926048,13.73631337,792,965.9990492,0,1804.536,45336.748,2982.455061,1277.432,9437.198,52298.356,1.356789275,1,2.846794902,8.308998785,644,1211.076211,0,3462.428,44413.705,3024.149106,1223.325,9120.008,47919.603,1.492843025,1,3.619350046,10.49404584,164,2322.054616,0,3054.923,67310.082,4313.720787,1226.677,11842.864,73635.826,1.567912873,1,5.362490921,11.64065855
s2-95-exact,shortest_estimate+topology_aware+easy_predicted,7,0.1772674343,0.02122886144,0.07237098732,0.04264907975,0.03846153846,0.002556967346,2000,1600,0,621.4103625,0,2145.081,16440.12,4440.787769,1621.421,17863.644,47555.423,1.316989327,1,2.72907319,6.519278385,1.316989327,2560.058086,369,2554.627447,15748.647,0.8859621013,0.4799502422,0.2154965127,0.9573509202,298.6127022,0,0,298.6125955,0.0001067070708,0,0,0,0,0.9974430327,1.129030988,0.9615384615,0.03846153846,806,339574.561,292,142,3543,632,532.396269,0,2329.052,15815.5,3868.733688,1534.996,14234.425,35556.718,1.259995993,1,2.709360126,4.46107082,504,779.7367421,0,2345.562,16440.12,6446.722355,2056.925,35086.488,73347.309,1.351970193,1,2.603724699,4.768550073,308,566.2476169,0,1379.805,14736.559,3059.868607,1193.778,11032.298,26312.353,1.410830498,1,3.105372808,8.975539362,156,579.4266282,0,2359.948,23252.972,3004.058596,1542.608,9333.713,34915.321,1.249594132,1,2.84322415,4.47256155,794,640.4901549,0,2003.829,16592.671,4617.351053,1739.379,17640.739,63618.425,1.281654543,1,2.463642859,6.519278385,644,615.526368,0,2894.869,15815.5,4335.562879,1534.996,18856.453,45715.751,1.377179489,1,3.203219705,7.737256033,162,551.2865185,0,2493.483,19121.675,3993.711111,1594.147,16451.785,34915.321,1.250898919,1,2.607696257,4.768550073
s2-95-exact,shortest_estimate+topology_aware+easy_predicted,8,0.106451889,0.01817829082,0.03232637636,0.03119893145,0.02375,0.0009982903217,2000,1600,0,261.0118837,0,958.156,5839.828,1786.029963,816.867,6415.669,14891.806,1.21797366,1,2.336907528,4.376336006,1.21797366,2406.231666,390,1022.744095,4676.877,0.8516569722,0.4690737574,0.1838685251,0.9688010685,82.98963778,0,0,82.98955713,8.064646467e-05,0,0,0,0,0.9990017097,1.0822529,0.97625,0.02375,800,124122.986,275,140,3589,674,255.966405,0,974.925,6951.859,1460.575984,698.694,5469.845,13884.878,1.249393059,1,2.827923529,4.477019311,490,145.3693857,0,613.368,3905.104,1514.865763,716.04,4782.318,12710.929,1.154437247,1,1.977287257,3.77994462,303,417.7404917,0,1410.846,9612.318,2637.459139,1260.439,8001.7,27476.987,1.247316714,1,2.210420615,5.782116667,133,355.5736015,0,918.342,5113.987,2494.626947,1221.132,9994.052,15941.74,1.225982848,1,2.805124589,4.480939464,800,172.0288013,0,788.574,3197.385,1721.337653,760.965,6156.333,13884.878,1.206392705,1,2.222760467,3.707978281,629,335.0875612,0,994.258,7109.292,1855.47244,845.061,7083.433,14891.806,1.218507262,1,2.28595044,4.477019311,171,404.829807,0,1569.674,12408.514,1833.249433,879.888,7588.464,17087.786,1.270190785,1,2.843225827,5.812945516
s2-95-exact,shortest_estimate+topology_aware+easy_predicted,9,0.1359215628,0.01973996599,0.0563631969,0.03792407717,0.02141057935,0.0004837434022,2000,1600,0,534.8528456,0,1670.609,9620.275,2958.319434,1359.045,9682.036,26856.596,1.25245265,1,2.537668451,5.423624069,1.25245265,2523.243909,346,2311.820431,9438.808,0.8933731934,0.3721049248,0.2142195933,0.9620759228,172.2909689,0,0,172.2908748,9.410101012e-05,0,0,0,0,0.9995162566,1.057278597,0.9785894207,0.02141057935,794,202564.615,294,137,3696,645,542.7556186,0,1670.609,11353.159,2954.553019,1408.871,9015.212,28623.208,1.256501716,1,2.120232047,5.787548908,474,541.4233059,0,1863.169,9620.275,2927.806051,1189.342,10972.605,18986.932,1.216035164,1,2.446175008,4.704490049,330,589.3826364,0,1464.627,24133.066,3334.589364,1540.738,11946.49,30500.199,1.281639651,1,3.069143124,5.423624069,151,361.2997483,0,2060.462,4915.103,2247.879728,1008.488,10118.971,14039.308,1.285687952,1,2.761263791,8.909954935,806,541.0256588,0,1670.609,9620.275,3031.597351,1345.72,10406.415,27439.853,1.233670634,1,2.389625165,5.11853522,627,596.180815,0,1793.047,11353.159,3028.733923,1420.497,9260.117,29467.57,1.280059345,1,2.914142308,6.795229699,167,274.8053952,0,918.207,7014.507,2340.284186,1171.588,8409.476,17978.93,1.239452092,1,2.165489893,7.074900553
s2-95-exact,shortest_estimate+topology_aware+easy_predicted,10,0.200342931,0.02037937991,0.0959921543,0.0561085795,0.02730819246,0.0005546248124,2000,1600,0,951.3112763,0,2845.214,16221.871,3811.348921,1515.063,12872.337,31625.199,1.27712589,1,2.619868215,5.314534111,1.27712589,2633.393087,352,4141.542616,13400.332,0.9059409261,0.5178607531,0.2399696114,0.9438914205,352.0342,0,0,352.0340884,0.0001115555556,0,0,0,0,0.9994453752,1.055493311,0.9726918075,0.02730819246,769,280922.184,310,145,3957,626,674.4105176,0,2128.504,12088.981,3457.227597,1698.102,12440.127,22525.818,1.293757809,1,2.59330428,6.002582918,484,1643.363112,0,3630.264,47805.796,5475.499837,1391.752,18133.895,70781.208,1.24163249,1,2.539568155,4.042851224,343,778.1322478,0,3307.253,8835.259,3026.714595,1537.223,7988.857,21984.359,1.310534788,1,2.82392238,5.70380503,147,255.9860612,0,1289.815,5862.713,1670.94402,1162.719,4830.193,9705.132,1.245207333,1,2.695956441,4.057605011,831,973.4057088,0,3363.069,16600.209,3750.460768,1557.106,13164.465,30173.063,1.303965214,1,2.787058868,5.368383604,627,1071.310416,0,2578.737,17615.765,4023.906013,1472.735,12707.82,33452.757,1.271010337,1,2.59330428,5.394433333,142,292.1568099,0,814.522,8521.917,3229.128915,1409.18,12340.739,20747.676,1.147062326,1,1.950278701,3.462001376
s2-95-exact,shortest_estimate+topology_aware+easy_predicted,11,0.1484705388,0.0182872501,0.05806454251,0.03999717815,0.02959309494,0.002528473081,2000,1600,0,613.6139594,0,1721.037,9340.267,3416.681616,1579.329,11280.078,31612.955,1.223254793,1,2.350914772,5.392078698,1.223254793,2413.399561,333,2848.924201,9340.267,0.8814282387,0.4705641183,0.2026144537,0.9600028218,188.4841733,0,0,188.4840662,0.0001071515152,0,0,0,0,0.9974715269,1.134880347,0.9704069051,0.02959309494,811,234134.214,274,140,3752,640,1034.021527,0,2122.422,26632.983,4328.618562,1784.207,14720.57,47009.65,1.251243831,1,2.46167682,5.818381843,470,253.1704787,0,1478.017,6241.164,2401.982623,1476.859,7872.286,13926.144,1.147270773,1,1.993430553,3.367380682,327,315.342156,0,1913.41,4676.204,2860.076768,1368.808,10987.488,26307.827,1.302015053,1,2.810366667,6.608961254,163,600.6229939,0,1829.353,30852.84,3878.513926,1845.545,13419.286,39517.46,1.174450496,1,2.225231499,4.987112992,789,566.3779861,0,1963.962,12954.499,3458.723056,1654.058,11192.777,31875.729,1.225038994,1,2.521684377,4.987112992,653,683.2357779,0,1414.922,9204.741,3209.25885,1474.666,10670.858,31612.955,1.227319911,1,2.232483332,6.067572167,158,561.754057,0,2575.149,20199.991,4064.000418,2030.595,15178.326,33097.672,1.197544305,1,2.344281442,5.635737534
s2-95-exact,shortest_estimate+topology_aware+easy_predicted,12,0.1320209385,0.01842204161,0.06140350244,0.02983765318,0.02065613609,0.00170160514,2000,1600,0,316.1209956,0,1820.004,5550.424,2828.648184,1475.538,10458.667,20534.186,1.252959,1,2.368242875,5.061624559,1.252959,2484.542285,349,1386.750309,5536.511,0.883455624,0.5324343839,0.249950949,0.9701623468,120.7018578,0,0,120.7017644,9.341414142e-05,0,0,0,0,0.9982983949,1.118679459,0.9793438639,0.02065613609,823,200349.752,291,145,3697,597,247.2503635,0,1493.68,3966.818,1732.193846,965.122,5988.438,12222.665,1.326770257,1,2.63253172,7.770677239,519,362.2909576,0,1755.945,6435.577,4081.179561,1837.308,16339.932,28479.054,1.186014677,1,2.2516458,4.321326009,324,402.0138086,0,2514.396,7056.23,3185.967923,2137.081,9086.307,15280.268,1.237068718,1,2.368242875,4.276844734,160,249.3977813,0,1388.589,3977.276,2133.322312,1377.734,6133.084,12484.475,1.226879213,1,2.221240378,3.520556023,777,315.2006281,0,1929.173,5484.188,2808.728694,1515.134,11017.048,20694.625,1.248207745,1,2.368242875,6.703516263,660,313.4284924,0,1755.945,6028.021,2809.912798,1496.075,9225.9,18503.24,1.249082864,1,2.329247433,4.374839028,163,331.4104294,0,1845.499,6317.372,2999.462902,1271.939,9587.915,28479.054,1.291302403,1,2.63253172,5.560293709
s2-95-exact,shortest_estimate+topology_aware+easy_predicted,13,0.1713634429,0.01815549664,0.07727661031,0.0448297295,0.0307503075,0.0003512989864,2000,1600,0,577.4855956,0,2290.484,10093.31,2691.264733,1441.506,8450.341,19358.102,1.233635234,1,2.333977226,4.05627742,1.233635234,2425.946945,351,2466.722521,10065.251,0.904180317,0.4925133801,0.2249747517,0.9551702705,172.5679422,0,0,172.5678644,7.777777782e-05,0,0,0,0,0.999648701,1.047467293,0.9692496925,0.0307503075,813,171318.563,310,167,3826,628,712.0708503,0,2681.431,12899.779,2837.894978,1615.343,8403.154,19358.102,1.215954316,1,2.222324297,3.614190876,479,437.3015616,0,1729.183,11482.02,2380.512015,1138.986,8117.921,22278.525,1.234788086,1,2.476458409,4.916505417,328,461.302186,0,1546.449,8540.151,2312.23454,1300.968,7249.434,17227.928,1.273672376,1,2.382712158,4.930684058,165,703.1629939,0,3050.193,10093.31,3788.771776,2107.444,11753.479,19585.473,1.217994128,1,2.571562216,3.957293548,787,536.2928196,0,2290.484,11482.02,2647.458863,1437.287,8450.341,19078.825,1.237780991,1,2.382712158,4.042370426,643,396.8688476,0,2079.176,8540.151,2467.230278,1470.885,8231.667,15822.057,1.1982818,1,2.246579711,3.609603949,170,1451.340206,0,2937.154,41753.921,3741.437524,1353.558,14146.813,54649.295,1.348161981,1,3.490021594,7.064787459
s2-95-exact,shortest_estimate+topology_aware+easy_predicted,14,0.172640628,0.02122549987,0.0683576025,0.0501760032,0.03018867925,0.002692843218,2000,1600,0,547.38415,0,2026.124,10256.605,2540.271264,1136.419,9130.591,22436.03,1.300654541,1,2.728641043,5.164844075,1.300654541,2557.395925,378,2235.952119,9098.313,0.8921856327,0.5747438973,0.2507526296,0.9498239968,193.6186756,0,0,193.6185705,0.000105010101,0,0,0,0,0.9973071568,1.132566534,0.9698113208,0.03018867925,795,166349.089,332,179,3827,594,304.3160875,0,1329.872,7178.578,1713.018918,730.259,6180.313,13842.961,1.39540579,1,3.166273548,6.727869778,514,656.4519416,0,3098.412,14456.338,3027.316905,1630.686,9556.21,22436.03,1.253669879,1,2.458995249,4.701101723,336,568.8531696,0,2141.402,6240.852,2178.03994,942.763,7138.292,13739.075,1.232074009,1,2.529756548,3.742795048,156,1067.307186,0,2914.626,29609.295,4865.631263,1759.12,25809.39,41070.618,1.242391285,1,2.873662922,5.164844075,805,548.8869627,0,2066.641,12128.392,2558.056319,1117.943,8878.753,21782.473,1.303327915,1,2.819839579,4.815898257,635,575.4539134,0,1807.504,14188.629,2477.805559,1182.301,8792.665,22436.03,1.309400546,1,2.622910878,5.813116185,160,428.42125,0,3662.862,8467.02,2698.700975,1063.426,11569.365,25809.39,1.252493418,1,2.590657599,3.642436539
s2-95-exact,shortest_estimate+topology_aware+easy_predicted,15,0.2095239834,0.01968555781,0.08936662973,0.05967372803,0.03980099502,0.0009970727718,2000,1600,0,854.3893025,0,2648.833,14489.494,3955.693157,1803.585,13525.918,37975.677,1.301536592,1,2.530674017,5.6657288,1.301536592,2537.203761,357,3516.622882,14182.369,0.9004866652,0.4875743555,0.256215044,0.940326272,354.0519933,0,0,354.051879,0.0001143030304,0,0,0,0,0.9990029272,1.089968425,0.960199005,0.03980099502,804,267790.157,327,163,3919,654,598.6446667,0,3149.192,10001.448,3184.330986,1637.74,12200.886,20107.497,1.284737383,1,2.944330283,4.562879605,498,1334.651709,0,2938.106,53901.887,5561.841373,2384.024,16898.766,67218.248,1.299693425,1,2.300809196,5.761442346,299,339.818592,0,1264.62,4337.5,2327.744943,1028.214,7387.462,23798.264,1.365598632,1,2.744165058,7.941835865,149,1404.342027,0,2275.706,59891.071,5240.025805,2079.069,22033.567,69084.802,1.252879075,1,2.449605757,5.888309748,796,853.0016244,0,2955.217,10001.448,4212.221612,1835.154,14929.762,40051.637,1.314671969,1,2.74594614,5.592365913,652,801.6412607,0,2455.668,18545.292,3797.902842,1812.857,13471.047,32979.24,1.27792318,1,2.395976797,5.761442346,152,1087.917691,0,2190.527,32661.958,3289.131553,1392.683,8800.73,40514.623,1.33403781,1,2.815327071,6.449183653
s2-95-exact,shortest_estimate+topology_aware+easy_predicted,16,0.1651893048,0.02239552939,0.05630041027,0.05290314288,0.03233830846,0.001251913844,2000,1600,0,873.8626738,0,1668.748,27008.888,2531.521246,866.808,8178.859,34869.112,1.303469366,1,2.879054018,6.190417334,1.303469366,2580.557323,364,3734.555214,21668.83,0.8919829531,0.5533975834,0.2364655499,0.9470968571,190.5478889,0,0,190.5477886,0.0001002828283,0,0,0,0,0.9987480862,1.099474582,0.9676616915,0.03233830846,804,145573.725,322,162,3872,625,891.6916688,0,1380.124,27008.888,2318.269192,690.899,7547.262,34869.112,1.300881541,1,2.936022318,5.868757601,493,1110.69872,0,2067.251,39444.691,3094.238675,987.283,10257.388,46543.104,1.355341034,1,3.450175357,8.431325244,322,579.4382267,0,1663.943,12828.621,2008.96954,806.305,6434.171,18545.251,1.264230337,1,2.621383182,5.013903956,160,666.9962938,0,1488.435,30587.673,2682.299312,1257.332,6743.184,35301.443,1.232717023,1,2.275545477,4.282871955,796,787.893554,0,1704.79,27008.888,2500.148544,835.957,8673.445,34869.112,1.280196527,1,2.767387792,5.606587956,633,957.4977773,0,1898.164,30618.701,2568.690547,895.793,8054.886,36463.358,1.328314964,1,3.03509917,6.771951426,171,964.4498012,0,1427.689,52770.658,2539.968637,811.927,5945.259,59871.768,1.319831447,1,3.010876549,8.431325244
s2-95-exact,shortest_estimate+topology_aware+easy_predicted,17,0.1907243694,0.01847904544,0.08139056846,0.05463205724,0.03598971722,0.0002329810318,2000,1600,0,787.3305644,0,2412.422,12745.642,3592.164931,1719.953,12265.872,27665.268,1.230324952,1,2.375570994,4.281874866,1.230324952,2409.671552,372,3249.268261,11747.04,0.8922305135,0.5227976548,0.2287404702,0.9453679428,306.6950867,0,0,306.6949786,0.0001080808081,0,0,0,0,0.999767019,1.04028136,0.9640102828,0.03598971722,778,255638.059,327,158,3795,628,828.8987006,0,2529.739,14104.441,3838.735653,1974.424,12473.954,31677.201,1.22099194,1,2.226985734,3.996486861,486,1106.263623,0,3660.207,21171.713,4391.473163,2121.348,13343.249,37053.535,1.240022966,1,2.589384713,4.922251641,340,482.2849882,0,1379.279,10289.935,2356.422159,958.935,7381.236,21302.621,1.247194766,1,2.622281156,4.561989125,146,257.256863,0,1401.885,4148.001,2748.619233,1993.386,9466.934,12654.052,1.198901388,1,2.375570994,6.191855427,822,845.2474842,0,1811.553,11747.04,3616.014018,1676.972,11362.988,25132.739,1.241845064,1,2.448683872,4.334312736,617,853.5981102,0,2961.818,16591.503,3721.60012,1742.299,12762.446,33715.767,1.225099945,1,2.397970193,4.161994378,161,237.6735217,0,1190.758,3734.836,2974.367031,1713.148,10812.492,21302.621,1.191531768,1,2.044900768,6.21465944
s2-95-exact,shortest_estimate+topology_aware+easy_predicted,18,0.1687083267,0.0206137444,0.08262497858,0.03372637579,0.02774274905,0.00400047885,2000,1600,0,458.2127706,0,2449.01,7788.33,4440.703036,1749.312,17776.411,38563.639,1.277927967,1,2.649996908,6.56954863,1.277927967,2499.080148,356,1884.08289,7609.716,0.8633561572,0.3757843787,0.1894667512,0.9662736242,223.5390911,0,0,223.5390045,8.662626266e-05,0,0,0,0,0.9959995211,1.193325843,0.9722572509,0.02774274905,793,341322.11,235,126,3347,654,689.0458456,0,3772.264,15981.644,7130.044187,3301.504,26741.557,52110.989,1.239745371,1,2.410462703,4.691552139,489,336.733818,0,1859.414,5651.945,2909.841468,1216.913,11283.095,18084.862,1.364160036,1,3.241969545,8.636040827,318,276.5696478,0,1786.175,5122.613,1693.71089,1045.959,5724.133,9764.423,1.282761158,1,2.87972278,6.692716,139,215.053705,0,1465.764,4633.423,3457.290777,1749.312,15008.808,17876.58,1.143158043,1,2.013333493,3.715834446,807,425.0916468,0,2603.497,7609.716,4022.55605,1649.518,16246.762,29388.815,1.32756415,1,2.741588721,8.028053036,633,524.8010553,0,2458.241,11013.385,5061.940095,1796.033,20746.556,45192.477,1.23643005,1,2.579136488,5.009598312,160,361.8275375,0,2255.136,7575.846,4091.962781,2000.791,12140.43,46925.048,1.191751597,1,2.256533966,4.124538653
s2-95-exact,shortest_estimate+topology_aware+easy_predicted,19,0.09089969684,0.0165096617,0.03710170276,0.02039429862,0.01203369434,0.004860339411,2000,1600,0,187.0647212,0,1099.697,3631.448,2769.472956,1207.197,9765.236,27094.338,1.245547398,1,2.122397155,5.271902206,1.245547398,2455.704822,338,708.1775592,3495.85,0.858848189,0.2350974854,0.1366428775,0.9796057014,94.98005778,0,0,94.98002283,3.494949496e-05,0,0,0,0,0.9951396606,1.189136637,0.9879663057,0.01203369434,831,248848.378,247,115,3269,656,219.8294131,0,1238.113,4861.35,3951.302793,1676.159,13852.418,42543.581,1.137890498,1,1.77027054,4.427801519,468,158.6917436,0,943.444,2547.685,1796.241314,705.666,6975.626,16053.471,1.35310728,1,2.3163985,7.256518435,316,183.4432215,0,1246.851,3495.85,2261.866813,1147.262,7984.065,17476.555,1.328441526,1,2.492114611,7.414054187,160,142.8729062,0,949.693,3427.402,1773.195313,887.267,7827.013,13815.558,1.208612128,1,1.790563062,3.159621887,769,204.6590975,0,1166.061,4085.59,2717.920798,1264.784,8643.29,27153.86,1.285577497,1,2.240815044,6.189387993,662,164.708929,0,1031.282,3172.357,2813.655083,1102.014,10343.358,28158.885,1.19547339,1,1.951470257,4.427801519,169,194.5763136,0,1020.049,3495.85,2830.982077,1195.424,10955.622,27094.338,1.259546489,1,2.175372412,4.718887602
s2-95-exact,shortest_estimate+topology_aware+easy_predicted,20,0.1618965264,0.01918596261,0.06344847074,0.03969713172,0.03486924035,0.00469572099,2000,1600,0,693.0296994,0,1880.617,10465.436,3791.176436,1617.96,13522.575,33863.018,1.279407715,1,2.466448628,5.076518018,1.279407715,2505.079522,353,3038.614938,10033.596,0.8600991471,0.4221212873,0.1902118977,0.9603028683,217.5684044,0,0,217.5682964,0.000108,0,0,0,0,0.995304279,1.212273301,0.9651307597,0.03486924035,803,245307.469,232,116,3597,645,1213.820282,0,3731.461,34406.273,6345.570603,3195.236,20385.14,66932.767,1.25992576,1,2.788406298,5.076518018,467,219.6804711,0,1201.861,3906.98,1531.998739,994.908,5322.239,10078.228,1.398483137,1,2.739702985,7.674205718,310,558.1983258,0,1350.58,9094.973,2997.243977,1713.787,8552.81,20663.212,1.153603841,1,2.125177707,3.376954236,178,282.5908764,0,1245.849,9706.934,1844.945022,767.175,8717.12,15659.987,1.25669333,1,2.434794347,5.626740276,797,710.8966826,0,1592.787,9706.934,3757.373311,1576.763,13002.125,45427.481,1.294259603,1,2.516757413,5.281587992,621,659.412256,0,2261.715,10858.336,3969.596845,1701.488,14764.766,33863.018,1.267279157,1,2.442992234,4.956200699,182,729.4936923,0,2840.103,10465.436,3330.41828,1605.672,9003.985,27147.759,1.25575321,1,2.454976241,6.659278168
s2-95-exact,shortest_estimate+topology_aware+none,1,0.4205386924,0.02762326397,0.2292673537,0.05644208569,0.104679803,0.002526186039,2000,1600,0,1533.743341,35.275,6795.5,18973.757,4757.079584,1753.893,17370.366,58638.759,1.637510331,1.025626701,3.551104675,7.440526373,1.637510331,3103.974926,370,1934.223743,7592.654,0.8295693411,0.6092842538,0.2094243678,0.9435579143,335.2061978,0,0,335.2060846,0.0001132121213,0,0,0,0,0.997473814,1.153047418,0.895320197,0.104679803,812,292316.043,0,0,3547,647,1391.316029,91.774,6541.063,13508.572,3704.158046,1950.032,12069.113,22478.374,1.652794271,1.055226058,3.522705303,7.623080497,468,931.6147692,0,5295.005,11514.686,2531.231318,1182.948,9713.086,20173.381,1.646604428,1,3.577520756,11.04390856,333,2484.211679,0,14108.765,41562.814,9891.403345,1669.416,58638.759,88481.478,1.534731911,1.002483092,3.202537618,5.799562441,152,1911.642592,318.587,7941.12,25153.885,4843.970447,2522.677,17370.366,37318.423,1.769618666,1.156403697,3.90528818,8.170829186,788,1509.740495,41.817,6515.521,17103.183,4697.430816,1868.539,16515.462,59696.139,1.625900107,1.025626701,3.506817837,7.252884686,648,1616.303758,20.793,8298.198,24088.024,4801.171154,1608.35,19187.945,57188.523,1.63429983,1.026394262,3.577520756,7.623080497,164,1322.859762,46.865,6984.575,14416.89,4869.469171,1816.911,15524.184,70731.114,1.705981437,1.021723589,3.620037388,7.47517657
s2-95-exact,shortest_estimate+topology_aware+none,2,0.3228160494,0.02226700189,0.1794504305,0.05410007034,0.06675224647,0.0002463001383,2000,1600,0,1121.375473,0,5318.923,12395.184,4370.652252,2021.424,15515.287,36290.474,1.4097827,1,2.862531184,5.434374952,1.4097827,2766.486916,332,1919.852636,6883.609,0.8534464141,0.5198509983,0.203437792,0.9458999297,334.3276,0,0,334.3275131,8.694949499e-05,0,0,0,0,0.9997536999,1.043997882,0.9332477535,0.06675224647,779,300905.833,0,0,3583,636,1528.592074,23.425,6885.683,18921.82,6130.202035,2643.416,22826.329,43689.064,1.379380884,1.01348787,2.682484649,4.470905746,502,982.2716753,0,4511.045,9378.747,3500.084217,2011.983,10911.106,23740.544,1.440070721,1,2.862531184,6.199947629,311,581.6483987,0,3894.678,6310.777,2349.932331,1377.638,7982.012,13667.955,1.416366426,1,3.019483517,6.386411869,151,980.2858609,0,5382.042,7935.725,4015.654815,2072.453,13379.265,29872.116,1.423580242,1,2.961024501,4.455000059,821,1162.779611,0,4832.185,14255.442,4533.515654,2034.687,15867.722,35879.48,1.369557956,1,2.84458689,4.90286306,635,1007.553428,0,5578.103,9081.85,4152.002721,2097.852,13943.95,32348.217,1.453639561,1,2.904350316,8.291333003,144,1387.237979,0,7128.13,20057.608,4406.288354,1794.983,16750.049,38868.596,1.445723029,1,3.384669856,5.677291251
s2-95-exact,shortest_estimate+topology_aware+none,3,0.3454019561,0.02498492646,0.207712545,0.03688563922,0.07503234153,0.0007865038606,2000,1600,0,2189.452707,177.415,6156.614,40309.281,4804.941421,1649.549,14554.304,62691.292,1.558120569,1.144026361,3.211933581,5.566882707,1.558120569,3091.835016,377,3226.594607,8636.342,0.8715450853,0.7354898442,0.2509684674,0.9631143608,172.2010556,0,0,172.2009606,9.498989901e-05,0,0,0,0,0.9992134961,1.06954298,0.9249676585,0.07503234153,773,227160.84,0,0,3912,639,3945.432388,302.833,14223.892,114928.377,7724.559117,2373.78,24844.352,146123.392,1.60687848,1.195996239,3.360499543,5.22862291,481,858.9622827,57.316,3777.938,7542.374,2495.081015,1223.72,7728.457,12749.485,1.520724978,1.050135554,3.096740568,6.568571665,318,1286.469308,205.936,6401.798,13769.018,3519.278858,1650.319,14361.751,22276.308,1.502397296,1.154448247,3.084991013,4.716039704,162,986.0181296,227.197,3686.672,18509.749,2670.66884,1226.439,8929.853,32300.599,1.586213003,1.188166457,3.201942638,5.566882707,827,2262.49078,178.432,6619.907,45481.672,4942.980713,1651.775,14526.834,65638.498,1.540109988,1.161088982,3.156633764,4.924512944,629,1852.116822,213.211,5752.956,24386.193,4287.525633,1672.101,14552.102,38271.793,1.610660212,1.155571058,3.350177168,6.296746788,144,3243.492882,103.574,7014.231,114928.377,6272.275,1568.426,17066.268,146123.392,1.432060251,1.075929597,3.009660057,6.568571665
s2-95-exact,shortest_estimate+topology_aware+none,4,0.4433043901,0.02802057171,0.2755328006,0.04549080469,0.09006622517,0.004193987993,2000,1600,0,2443.155346,164.074,8166.811,60989.235,5048.391317,1833.986,15716.04,75933.497,1.64864462,1.10663568,3.602180513,9.784583655,1.64864462,3339.142449,354,2918.106864,10409.977,0.8829736227,0.7235376867,0.2668804916,0.9545091953,219.0028,0,0,219.002697,0.000102989899,0,0,0,0,0.995806012,1.1945191,0.9099337748,0.09006622517,755,270929.462,0,0,3901,615,1431.587759,51.183,6394.616,20664.946,3406.913642,1204.085,13788.337,31646.139,1.754484641,1.04745789,4.369657636,11.19855248,495,4726.974956,352.537,14942.121,106130.625,8376.034954,2795.958,26721.132,127281.445,1.625488354,1.170865752,3.978481678,7.467279104,334,1410.739829,112.26,5385.822,14403.98,3754.043772,1828.838,12815.472,24547.876,1.468779061,1.068473946,3.331294301,5.173854621,156,1394.758821,289.314,5453.114,23446.214,3731.963429,1850.618,10862.719,33814.619,1.689964082,1.210375761,3.278423762,11.79588404,845,2625.217983,172.737,8191.623,63570.253,5352.103595,1945.556,18391.095,76501.591,1.646792079,1.119384305,3.621066559,10.11785009,608,2193.918349,139.385,7824.829,60909.553,4676.792179,1791.499,14750.991,74034.622,1.660328571,1.083002665,3.905858859,8.309841893,147,2427.462599,261.983,6834.187,86602.774,4839.51649,1713.057,15002.32,101248.792,1.610968129,1.142166544,2.977764611,9.784583655
s2-95-exact,shortest_estimate+topology_aware+none,5,0.2542752654,0.01910045686,0.1317109992,0.04894462471,0.05305039788,0.001468786682,2000,1600,0,865.3329581,0,3903.923,14278.065,3050.627678,1652.875,9798.256,23173.623,1.287389436,1.0011323,2.455456449,3.355762853,1.287389436,2579.154995,334,1202.584937,5781.476,0.8745932126,0.5090615729,0.2221744794,0.9510553753,185.5823667,0,0,185.5822721,9.454545458e-05,0,0,0,0,0.9985312133,1.099081633,0.9469496021,0.05305039788,754,188254.569,0,0,3582,639,911.1785164,5.03,3505.927,15905.842,3049.749207,1577.36,9517.165,28941.912,1.29891914,1.009594534,2.375809697,3.313123963,486,604.2723498,0,2714.502,7576.276,2426.1762,1421.045,7895.884,14193.288,1.25815601,1,2.227430186,3.266421211,322,905.0941677,5.956,4826.392,11573.292,3660.591804,2367.779,11522.246,23173.623,1.263289047,1.002252938,2.526987875,3.344014318,153,1419.431222,0,8820.56,22608.18,3754.132987,1734.507,15068.059,36925.384,1.382816162,1,3.049873617,5.029356708,846,979.1539823,0,4318.033,16279.072,3205.233301,1586.987,10728.4,28941.912,1.286578063,1,2.455456449,3.313123963,602,697.7601379,30.909,3188.956,8690.333,2801.516151,1714.902,9128.857,14228.926,1.285443323,1.019415618,2.415410111,3.266421211,152,895.5056645,0,5529.414,14488.092,3176.738079,1777.157,11342.41,27351.549,1.299612999,1,2.48369083,4.308256446
s2-95-exact,shortest_estimate+topology_aware+none,6,0.4846173929,0.03401100183,0.2946938226,0.0428206341,0.1076732673,0.005418667022,2000,1600,0,2817.702632,220.321,8734.745,73433.434,4741.613384,1509.023,14811.38,84355.181,1.785287032,1.221767065,4.372279385,8.149144665,1.785287032,3544.841548,388,2745.811593,9617.918,0.8804362198,0.7000864557,0.2484304732,0.9571793659,152.1091444,0,0,152.1090533,9.115151518e-05,0,0,0,0,0.994581333,1.229944713,0.8923267327,0.1076732673,808,170374.963,0,0,3893,647,3114.582838,230.48,12015.265,73433.434,5174.156468,1660.633,18458.093,84355.181,1.821737925,1.237305397,4.727481946,8.5385,472,2911.471761,179.767,7284.324,90035.843,4699.075093,1487.487,12222.925,109320.575,1.773154307,1.162403024,4.372279385,8.854658518,318,780.0880849,209.14,3253.197,6789.059,2038.451862,1295.582,6732.331,9598.879,1.62178749,1.200196998,3.448951832,6.321764676,163,5342.984258,381.753,37659.361,82508.35,8421.540147,1884.235,55724.09,100369.667,1.99470895,1.414701319,4.810860082,7.539598111,792,3208.103367,220.613,11109.894,85879.4,5219.500494,1541.826,17488.803,100369.667,1.817761144,1.242347334,4.542786308,8.703167893,644,2350.796289,218.413,6531.639,60697.516,4153.006057,1401.917,11812.962,69309.177,1.736410727,1.186526502,4.362795554,8.048293703,164,2765.814238,220.282,7544.684,82508.35,4745.128799,1687.205,14811.38,96986.919,1.820389738,1.283188897,3.850908818,9.004093218
s2-95-exact,shortest_estimate+topology_aware+none,7,0.5306099933,0.03395924549,0.3419512712,0.02943831896,0.1191066998,0.006154457864,2000,1600,0,1964.091344,67.546,10135.459,20882.216,5770.231538,1973.717,22104.961,56944.538,1.727481297,1.044182575,4.365625857,8.808284107,1.727481297,3272.019756,369,2657.451125,10565.169,0.8463712899,0.6247987162,0.2052245065,0.970561681,203.31042,0,0,203.3103243,9.567676773e-05,0,0,0,0,0.9938455421,1.245428064,0.8808933002,0.1191066998,806,340475.757,0,0,3629,632,1757.121831,75.771,10070.993,20719.789,5088.352033,1909.765,21081.926,38132.865,1.712888041,1.037845999,4.545314625,8.808284107,504,2914.332673,182.185,13705.654,29008.017,8550.391468,2304.266,42099.262,96427.119,1.827017195,1.116054618,4.383913735,10.12101708,308,1102.394516,0,5930.217,9720.484,3592.31462,1435.173,15671.597,28317.531,1.726491542,1.001543531,4.857526331,7.013937032,156,1433.871635,0,8564.204,16032.012,3850.652391,1771.404,14822.179,24458.954,1.466979304,1,3.81104798,5.281737932,794,2250.028567,86.014,10697.477,22974.957,6210.453593,2087.478,24030.927,71026.912,1.730441578,1.055518676,4.141393845,9.967749688,644,1683.78945,30.651,10027.119,17907.371,5391.440793,1773.337,21147.861,51828.94,1.749966464,1.01325438,4.857526331,8.863544754,162,1676.932481,246.289,9315.088,17740.848,5118.410105,2051.58,20226.553,42261.635,1.623586782,1.096451186,3.843351874,7.038598589
s2-95-exact,shortest_estimate+topology_aware+none,8,0.1928496894,0.02171613087,0.09183821649,0.03185187524,0.04625,0.001193466753,2000,1600,0,550.67897,12.378,2722.091,6932.777,2075.517017,893.534,7459.658,19705.596,1.378583364,1.01659797,2.79171404,4.44825865,1.378583364,2696.679043,390,810.6393821,2953.188,0.8583060254,0.4915747866,0.1687251967,0.9681481248,84.78362,0,0,84.78353095,8.905050507e-05,0,0,0,0,0.9988065332,1.100856096,0.95375,0.04625,800,124122.986,0,0,3543,674,426.4821855,0,2111.573,5371.302,1629.651899,765.85,6251.416,12122.439,1.389044187,1.004019451,2.792715328,4.552332342,490,434.7584449,0,2366,5931.251,1805.946504,788.633,6110.021,21499.511,1.322386307,1,2.651351607,3.699891481,303,832.7896766,90.75,3633.726,10730.062,3054.609779,1353.439,11139.925,29047.648,1.412318896,1.081205906,3.020182885,4.296510099,133,964.4394662,64.118,4534.596,11651.99,3097.603737,1434.91,15929.543,22790.24,1.455757028,1.089548264,3.199966667,4.44825865,800,520.745155,11.972,2331.84,6932.777,2069.280685,860.832,7182.929,19705.596,1.370876194,1.014304206,2.78984081,4.400573545,629,571.4806057,5.827,2871.275,7286.196,2093.644305,932.959,7583.179,19983.277,1.383809087,1.012760751,2.79171404,4.491057881,171,614.2042515,40.028,3104.676,6072.314,2038.014099,909.692,8896.77,12032.393,1.395418195,1.044293044,2.940071375,4.294866895
s2-95-exact,shortest_estimate+topology_aware+none,9,0.3383165934,0.02515792252,0.2037117782,0.03448563306,0.07304785894,0.00191340064,2000,1600,0,1444.678967,102.093,6038.031,17017.288,3864.957879,1635.336,14089.484,35481.44,1.504029399,1.077310425,3.234173064,5.195813178,1.504029399,2997.488378,346,2088.368185,7463.223,0.855174638,0.6462034495,0.2202687557,0.9655143669,156.1120044,0,0,156.1119065,9.797979799e-05,0,0,0,0,0.9980865994,1.125353204,0.9269521411,0.07304785894,794,226445.427,0,0,3864,645,1468.914384,160.142,5985.2,18207.469,3883.77802,1766.43,12763.862,41449.983,1.561904167,1.113475277,3.335852096,5.995956008,474,1440.073504,61.377,5923.658,16806.417,3814.043198,1582.269,13163.324,28977.251,1.456449722,1.052278688,2.89532219,4.730494562,330,1522.239109,139.114,7272.995,21965.4,4266.035033,1716.722,16307.712,37384.243,1.512379491,1.075355679,3.439282316,5.554499374,151,1186.111404,0,4136.465,13979.017,3067.865868,1137.075,13344.362,27616.979,1.387923508,1,3.02155249,4.173118101,806,1548.811598,133.996,6583.944,16254.824,4036.531712,1607.539,15317.272,27616.979,1.511240341,1.102138315,3.207574822,5.127514951,627,1415.200478,82.929,5262.977,21306.321,3845.913954,1707.625,13284.727,41449.983,1.502072024,1.055783085,3.159205893,5.554499374,167,1052.775443,29.743,4485.729,16193.723,3108.383216,1582.269,9292.189,30000.942,1.476575833,1.024836166,3.351951686,5.60058247
s2-95-exact,shortest_estimate+topology_aware+none,10,0.5224140315,0.02843741611,0.3350848228,0.05203192205,0.1014304291,0.005429441452,2000,1600,0,2961.93046,105.816,9931.937,64932.548,5815.100278,1762.494,19682.609,78307.041,1.566874234,1.077281174,3.655767885,5.854953978,1.566874234,3301.30518,352,4939.093165,19485.622,0.8757564929,0.7007926303,0.2387819611,0.9479680779,325.0527,0,0,325.0525858,0.0001142222222,0,0,0,0,0.9945705585,1.212372917,0.8985695709,0.1014304291,769,297316.431,0,0,3960,626,2199.758458,102.293,7806.633,38534.431,4980.104692,1945.249,17590.519,52587.999,1.521718548,1.061577424,3.433804716,4.955922127,484,5222.053004,181.278,19481.661,112193.269,9046.558339,1762.494,31757.074,137101.444,1.626742795,1.091136517,3.927360645,6.122511234,343,2182.821251,184.763,5854.898,49867.449,4413.293149,1887.66,11497.844,78190.427,1.65225578,1.146017175,3.635065541,6.97081547,147,584.0720952,0,3133.859,8803.066,2002.184503,1198.632,5861.195,15316.886,1.362828019,1,2.880376728,5.792244312,831,2666.438669,107.209,12254.902,55006.485,5429.821182,1723.365,20887.262,69940.675,1.547321466,1.096164935,3.635065541,5.557701245,627,3313.067671,128.862,8981.285,67459.192,6267.395067,1832.016,18247.27,89801.796,1.609771652,1.078027164,3.858206417,6.97081547,142,3140.737831,0,9931.937,64932.548,6072.692507,1827.648,19572.323,78307.041,1.491885995,1,3.810206097,7.012693696
s2-95-exact,shortest_estimate+topology_aware+none,11,0.3889900512,0.02318485177,0.235674289,0.03749162216,0.09124537608,0.001393912143,2000,1600,0,1909.680791,27.532,6985.402,47000.21,4709.534641,1695.8,15425.999,62245.927,1.415071397,1.022632054,2.980525241,4.982214887,1.415071397,2914.80901,333,2437.090261,8867.929,0.8702619878,0.6262374436,0.2172187797,0.9625083778,176.2169822,0,0,176.2168704,0.0001118383839,0,0,0,0,0.9986060879,1.101646727,0.9087546239,0.09124537608,811,241827.008,0,0,3766,640,2521.556556,84.326,9459.618,60813.782,5814.420248,1886.324,22104.687,80490.425,1.432825907,1.047273366,2.821825344,5.053793349,470,1164.640766,0,4298.621,19444.202,3306.082966,1587.184,9179.009,32562.491,1.351934252,1.002601706,2.838822554,4.982214887,327,1614.524052,12.156,7833.828,32776.992,4157.518979,1485.95,16708.013,41506.788,1.489353943,1.007245502,3.285869195,7.584302408,163,2247.622975,16.478,7644.373,52871.895,5525.513908,2004.164,21063.659,76099.117,1.378391509,1.020123461,2.98486755,4.515949567,789,1928.193837,51.724,7212.244,51086.555,4817.094875,1795.411,16107.602,64792.666,1.423606512,1.025473142,3.084693694,5.469825814,653,1789.722749,0,6550.5,47000.21,4312.515426,1589.941,13321.164,56754.798,1.40286373,1,2.952093111,5.053793349,158,2313.008696,178.91,10453.689,50695.501,5813.259475,2207.48,20828.52,65823.087,1.422903043,1.096220863,2.952755919,4.35119569
s2-95-exact,shortest_estimate+topology_aware+none,12,0.3485250892,0.02288414005,0.2120290668,0.02928617535,0.08262454435,0.001701162712,2000,1600,0,1350.965549,113.779,6284.556,18487.079,3861.205057,1696.161,15179.869,36323.69,1.503547675,1.079360805,2.94186729,5.952041034,1.503547675,2929.305075,349,1619.629934,7161.31,0.8612220906,0.689321801,0.2450427046,0.9707138247,118.4036667,0,0,118.403572,9.466666669e-05,0,0,0,0,0.9982988373,1.097585369,0.9173754557,0.08262454435,823,213405.433,0,0,3827,597,710.2818626,0,3125.045,9779.966,2200.369121,1110.187,8057.603,19693.288,1.547084698,1,3.097002712,9.322975179,519,2229.529954,266.72,14709.786,26476.205,5935.433195,2274.937,27036.597,49936.563,1.534755057,1.177088451,2.880101726,5.437763561,324,1371.28159,265.756,6284.556,12565.18,4155.22333,2446.768,12846.773,24239.615,1.409534731,1.112605736,2.89899615,3.396347323,160,850.5332875,73.229,3124.63,15099.83,2734.534619,1508.217,8130.143,24376.232,1.430247425,1.051070095,2.483358235,4.291902542,777,1317.54706,132.477,6108.086,18317.005,3811.758225,1816.307,13978.018,36270.115,1.465042349,1.096906275,2.772133126,5.346006265,660,1387.209202,88.761,6230.038,18826.935,3878.502532,1681.356,15590.409,34659.41,1.517042406,1.062956903,3.010351437,7.001017009,163,1363.513742,78.245,9216.215,23996.779,4026.872877,1370.891,16239.324,59785.502,1.632456365,1.080399154,3.480459748,9.50820048
s2-95-exact,shortest_estimate+topology_aware+none,13,0.2573861726,0.01990575825,0.1352260046,0.03199967106,0.06888068881,0.001374049877,2000,1600,0,1194.5794,64.425,4008.108,20663.27,3299.223453,1603.234,9631.153,32583.994,1.3733066,1.051711862,2.558981852,4.074979078,1.3733066,2683.551625,351,1921.704883,5536.176,0.8823566033,0.6329731575,0.2391754981,0.9680003289,121.5471578,0,0,121.5470951,6.266666669e-05,0,0,0,0,0.9986259501,1.103132324,0.9311193112,0.06888068881,813,179323.895,0,0,3738,628,1048.273771,106.852,4462.278,11778.096,3165.040629,1831.887,9335.509,20080.993,1.363138744,1.090584748,2.469051562,3.461386937,479,1183.459084,28.535,3582.077,38279.378,3125.56686,1286.543,9292.684,51460.003,1.379649926,1.030530729,3.009434144,3.977843508,328,886.813314,0,3020.405,15532.394,2725.484933,1320.394,7841.585,26470.857,1.334048348,1,2.37382268,4.074979078,165,2395.511782,242.94,11600.957,38014.135,5454.584394,2384.174,19344.014,52622.305,1.471631854,1.162429018,3.134354454,5.673834655,787,1252.976775,50.822,4462.278,31204.562,3356.400451,1614.985,9766.002,41873.067,1.378502831,1.037743254,2.596734369,4.474466609,643,997.5483126,81.996,3555.762,10382.549,3063.012238,1677.348,9126.005,20080.993,1.350759091,1.063816106,2.43600509,3.717528402,170,1669.475018,55.401,6074.532,38659.517,3927.961765,1448.905,13665.31,53885.687,1.434533743,1.037582997,3.134354454,5.696872046
s2-95-exact,shortest_estimate+topology_aware+none,14,0.3265205817,0.02598252891,0.1766912264,0.04285849845,0.08050314465,0.0004851833105,2000,1600,0,1314.664664,115.855,5237.14,23235.535,3303.141459,1378.502,11875.327,34152.219,1.566273486,1.099008492,3.340180218,6.318746599,1.566273486,3025.601335,378,1995.785738,7271.26,0.8770150088,0.6639483488,0.2593552833,0.9571415016,164.1175867,0,0,164.1174754,0.0001112727273,0,0,0,0,0.9995148167,1.057090308,0.9194968553,0.08050314465,795,181633.613,0,0,3802,594,846.3907306,46.317,3081.755,20765.025,2252.908731,840.417,8250.814,30564.797,1.597173364,1.043290523,3.704614057,7.371397035,514,1368.484249,163.298,5400.648,14962.034,3723.946554,2031.968,11824.546,27026.991,1.510914774,1.139538202,3.108220422,4.326267729,336,989.105003,56.2,3261.983,10386.13,2605.507902,1251.706,8482.437,20486.882,1.586935136,1.073226127,3.577632098,6.379182771,156,3621.584506,321.551,23235.535,38711.821,7418.201051,2004.948,39555.801,71737.403,1.586514101,1.262447978,3.212593351,4.348163611,805,1285.879598,133.012,5400.648,21209.794,3287.651199,1421.749,12260.564,33841.595,1.604882765,1.109957423,3.577632098,6.324741164,635,1255.771513,94.943,4736.886,23626.282,3157.752318,1339.978,11772.713,33437.127,1.548350268,1.077770041,3.351559086,6.379182771,160,1693.221719,92.152,5724.087,38711.821,3958.089981,1309.097,13271.205,71737.403,1.443153321,1.129249777,3.000219693,3.820091176
s2-95-exact,shortest_estimate+topology_aware+none,15,0.4915479769,0.02799338463,0.3124255969,0.0549965696,0.09328358209,0.002848843617,2000,1600,0,2645.882689,87.081,9260.316,42787.101,5742.067486,2052.21,19452.167,59788.996,1.588512213,1.050647205,3.598685483,6.590480841,1.588512213,3069.604035,357,3149.92081,10819.571,0.8754208286,0.6122528611,0.2442979572,0.9450034304,324.68682,0,0,324.6867153,0.0001047272728,0,0,0,0,0.9971511564,1.141485024,0.9067164179,0.09328358209,804,297448.333,0,0,3913,654,1481.295703,10.933,6098.667,16445.624,4063.955445,1860.363,15021.24,28562.969,1.503038443,1.012206345,3.207916284,6.376846599,498,3908.584363,246.018,20624.023,68157.756,8125.060458,3026.438,30894.576,104136.39,1.679484127,1.124102999,3.979862527,6.890480484,299,1777.985301,0,5330.247,27315.677,3766.296957,1168.427,11253.749,48460.629,1.56057063,1,3.76334491,10.03785331,149,5278.874456,265.744,21589.044,119353.476,9107.90751,2445.229,31156.516,146548.789,1.715695873,1.15990432,4.593538511,6.380598544,796,3250.497368,147.1,12521.692,50655.39,6604.129157,2273.77,23249.767,74580.416,1.668926062,1.078391524,4.183080287,6.954224388,652,2136.864716,52.168,7527.512,31013.669,5132.170627,2003.081,17743.311,41701.872,1.503822084,1.032880201,3.186105068,5.813507761,152,1663.030276,10.933,4832.46,34004.81,3843.723158,1551.233,14502.943,57798.118,1.530673661,1.021262467,3.320988274,6.571910164
s2-95-exact,shortest_estimate+topology_aware+none,16,0.3657186246,0.02382631783,0.2086132852,0.05172498764,0.08084577114,0.0007082628253,2000,1600,0,1719.916694,39.29,6183.312,41304.969,3376.089452,953.456,11491.026,55511.67,1.449012784,1.050865357,3.062988817,4.750462527,1.449012784,2900.358853,364,2584.347967,9308.175,0.8846653403,0.654532711,0.2287546846,0.9482750124,186.0729111,0,0,186.0728138,9.733333335e-05,0,0,0,0,0.9992917372,1.074723329,0.9191542289,0.08084577114,804,151610.634,0,0,3881,625,1616.832608,16.804,3827.366,37171.866,3036.823749,774.221,9507.382,55511.67,1.443082287,1.028564775,3.145681809,5.019462751,493,2267.185091,64.887,12054.642,57698.742,4258.2897,1045.246,19074.283,71899.033,1.490870787,1.084893315,3.182524389,5.297763776,322,1038.197882,6.271,4330.809,13666.392,2463.444168,879.842,8863.227,22378.618,1.387213572,1.011321208,2.667284842,4.282009621,160,1808.277269,164.641,5505.224,45091.975,3819.765225,1516.678,11491.026,55331.189,1.467574726,1.150870182,2.893821427,4.216358775,796,1884.383307,22.296,6667.132,52559.714,3594.709913,943.019,13939.024,68067.973,1.451922227,1.041274287,3.207931881,5.297763776,633,1620.03785,61.254,6328.685,35157.96,3229.343368,996.781,11491.026,45541.443,1.455926766,1.054379261,3.032286736,4.398869317,171,1324.056374,53.411,4308.308,34943.451,2901.635556,866.038,9426.1,46238.604,1.409875544,1.072461749,2.803658598,4.242195952
s2-95-exact,shortest_estimate+topology_aware+none,17,0.4005076088,0.02374639127,0.2351010785,0.05106554538,0.08997429306,0.0006203006157,2000,1600,0,2365.265561,68.781,6968.412,57985.218,5167.147583,1904.455,15675.584,73226.619,1.459758641,1.045959104,3.052713871,5.365436054,1.459758641,2858.525807,372,3017.402016,11984.303,0.8612794504,0.6704893716,0.2334742029,0.9489344546,285.5958511,0,0,285.5957422,0.000108929293,0,0,0,0,0.9993796994,1.068264205,0.9100257069,0.08997429306,778,273022.928,0,0,3805,628,2523.793572,113.733,7452.01,57985.218,5528.782352,2216.784,17651.239,73226.619,1.457938992,1.058791579,2.949321742,5.116525771,486,2883.346321,165.067,10088.462,68168.825,6171.000685,2512.846,18136.643,83673.36,1.506058312,1.079696523,3.13845483,5.899672615,340,1756.548015,0,2437.422,59126.199,3622.064371,1045.327,7036.548,80428.82,1.409818194,1,3.325238671,5.383361369,146,1376.369158,217.9,8461.002,15003.786,3868.168466,2121.076,16408.852,24686.301,1.429764472,1.095047906,2.832773752,3.185618639,822,2328.091669,69.36,6884.043,57985.218,5092.517983,1964.284,15484.918,73226.619,1.487905632,1.046090995,3.107196044,5.39670232,617,2331.792042,66.815,8461.002,47994.123,5201.515914,1881.981,18298.795,70501.366,1.412453712,1.045034275,2.966943105,3.89189141,161,2683.340714,65.291,4910.433,102659.538,5416.466031,1745.901,12427.187,118792.689,1.497338231,1.036525544,3.775536353,6.775932052
s2-95-exact,shortest_estimate+topology_aware+none,18,0.4564232232,0.03501289355,0.2660553932,0.02080862198,0.1223203026,0.0122260118,2000,1600,0,1620.673474,135.252,7885.9,19375.062,5592.6007,2345.285,21151.472,43592.267,1.792168132,1.069377278,4.50107743,9.983930562,1.792168132,3388.595219,356,2249.848697,9501.513,0.8512310133,0.5478629857,0.2402375119,0.979191378,136.1004844,0,0,136.1004087,7.571717174e-05,0,0,0,0,0.9877739882,1.34676523,0.8776796974,0.1223203026,793,344636.949,0,0,3525,654,2389.40185,360.836,10770.816,24428.369,8800.090887,4033.995,32425.707,54089.939,1.664062541,1.108297818,4.188402945,9.169945389,489,1140.198241,50.033,6398.566,10692.563,3719.082004,1683.857,13375.841,23458.874,2.06018781,1.043357163,5.233023228,14.55821148,318,933.7746384,0,4292.764,8284.511,2349.866066,1378.218,8032.191,12889.184,1.758200426,1,4.942324077,6.667140482,139,1265.550165,190.105,6587.235,9289.26,4510.886122,2216.942,17124.92,24363.646,1.529730472,1.048412144,3.541299469,6.038344368,807,1491.212984,107.455,7301.77,14153.907,5079.087354,2186.672,18779.114,37509.534,1.790955354,1.063187991,4.353336316,8.548251137,633,1807.02373,169.872,9187.82,23869.056,6330.823286,2513.626,27317.245,52367.432,1.745965521,1.078530707,4.268436415,9.983930562,160,1536.391619,82.245,7421.92,10128.337,5262.040531,2794.558,16390.371,50812.779,1.981074165,1.058705593,5.575287888,14.55821148
s2-95-exact,shortest_estimate+topology_aware+none,19,0.2610170771,0.02654305449,0.1435753107,0.02691227715,0.06016847172,0.003817963025,2000,1600,0,847.4979844,0,4255.582,9827.415,3433.857934,1458.171,12829.395,29919.784,1.589348327,1,3.412238503,8.404044498,1.589348327,3079.408601,338,1443.550192,5870.001,0.8365900188,0.5551193792,0.1818188371,0.9730877228,126.1750289,0,0,126.1749756,5.333333336e-05,0,0,0,0,0.996182037,1.155877979,0.9398315283,0.06016847172,831,253201.13,0,0,3476,656,1094.769384,41.086,5466.828,10073.108,4833.318314,2161.979,17558.325,42543.581,1.517961672,1.017854502,3.219210049,7.15150428,468,596.1692073,0,3723.679,7056.04,2235.407073,783.894,9055.65,17875.533,1.672481656,1,4.032539025,11.22988129,316,806.8208924,0,4011.341,9827.415,2887.418259,1318.356,11726.439,23094.398,1.682250223,1,4.024038483,9.91633747,160,649.159175,0,3669.012,8437.172,2280.757506,1207.197,9171.57,18802.303,1.45538738,1,2.963561782,5.973024612,769,889.4742107,0,4257.048,9385.299,3409.350778,1597.201,12323.408,29715.524,1.64238533,1,3.412238503,9.118943184,662,804.5933837,0,4044.872,10071.993,3458.247459,1324.135,13626.291,35206.251,1.549405387,1,3.435124881,8.404044498,169,824.5579112,0,5436.768,10954.418,3449.835083,1375.703,14436.833,27094.338,1.504477143,1,3.371687836,5.619086641
s2-95-exact,shortest_estimate+topology_aware+none,20,0.4033789734,0.02598292754,0.2377967538,0.03905708542,0.099626401,0.0009158056137,2000,1600,0,1787.920127,43.432,7048.312,27418.506,4884.397309,1780.577,17630.458,49334.795,1.528118288,1.035817368,3.340231465,6.355083445,1.528118288,2922.539265,353,2935.441173,11389.719,0.8556468658,0.5951779006,0.221338816,0.9609429146,213.91792,0,0,213.9178183,0.0001016969697,0,0,0,0,0.9990841944,1.084644497,0.900373599,0.099626401,803,258332.346,0,0,3651,645,3237.512571,292.655,11707.957,61267.665,8363.038512,3754.864,27275.432,103623.695,1.585986513,1.102643791,3.375068913,6.946576929,467,569.0002077,0,2802.983,10062.738,1884.359,1042.626,6698.02,14256.319,1.505553814,1,3.578841178,8.983826413,310,1166.82751,55.21,4988.798,15569.735,3605.305652,1986.652,10681.498,21247.466,1.462217821,1.042468844,3.571648152,4.195680355,178,814.8144382,0,5609.826,12714.353,2377.727247,917.199,9966.776,21978.322,1.492397778,1,2.886821253,8.1961,797,1835.380164,22.555,7849.147,30402.679,4879.393545,1723.097,17525.666,54127.703,1.546679549,1.012633246,3.571648152,6.946576929,621,1892.137219,81.488,7054.464,27928.449,5202.0127,1865.726,19820.331,49930.295,1.498254744,1.049370142,3.234343472,5.783358952,182,1224.489005,55.889,4748.24,19440.695,3822.577764,1744.385,12329.802,34371.688,1.548733324,1.05316709,3.333385367,8.238911788
s2-95-lognormal,fifo+first_fit+none,1,1.748962905,0.4483867021,0.6531028157,0.05688116482,0.5665024631,0.02408975964,2000,1600,0,7927.329088,7116.289,19358.012,20333.861,11145.83202,9437.588,23425.378,52596.944,15.09381489,5.40834302,57.64228716,180.8983629,15.09381489,29799.06185,370,8332.580965,19681.911,0.801857782,0.740522767,0.2186285933,0.9431188352,337.9711356,0,0,337.9710022,0.0001333333334,0,0,0,0,0.9759102404,1.571033184,0.4334975369,0.5665024631,812,307310.542,0,0,3623,647,7970.26887,6992.118,19503.534,20311.394,10285.8931,9523.233,21849.55,28237.554,15.16903719,4.851728525,54.22076533,196.1721833,468,7547.661,6942.9,19300.571,19945.272,9160.898173,8474.351,20814.546,25039.593,17.02928487,7.109328297,73.10066447,148.0197167,333,8035.743219,7508.24,19358.012,20393.016,15386.80779,10652.133,52596.944,88064.449,14.16943126,4.914200765,57.64228716,90.42825605,152,8676.018039,8547.583,19516.276,20579.513,11626.65168,10446.308,24263.722,29686.858,10.83954499,4.923631784,36.95695094,76.63881293,788,8012.915114,7521.05,19358.012,20333.861,11205.18969,9663.715,22677.956,54432.154,14.00518321,5.174672356,50.81653626,148.0197167,648,8063.853698,7197.55,19325.54,20299.482,11230.46574,9500.948,25301.445,51350.565,16.11317198,5.881320601,66.07639581,182.5988971,164,6976.65997,5977.415,19404.53,20592.241,10526.21923,8325.959,23038.486,68075.746,16.29685376,4.739304889,53.84569447,231.5311325
s2-95-lognormal,fifo+first_fit+none,2,2.769153219,0.6294674399,1.374069274,0.06290632072,0.6983311938,0.00437899045,2000,1600,0,13252.72529,9105.373,40727.507,44399.869,16512.82174,11294.501,44622.859,51219.606,18.30939105,6.467810842,80.92109502,169.780686,18.30939105,41779.9764,332,14356.808,41873.867,0.7999399355,0.857281978,0.2409642306,0.9370936793,392.4016911,0,0,392.4015839,0.0001071919193,0,0,0,0,0.9956210096,1.194507513,0.3016688062,0.6983311938,779,271907.377,0,0,3800,636,13852.70777,9345.606,42534.51,44409.235,18466.5516,13161.46,46013.322,60655.347,17.65876775,5.540347802,80.95896188,181.2266021,502,13153.8962,8908.286,39807.439,44340.831,15679.60147,10865.846,44238.786,46786.221,18.44474498,6.524015774,83.47831894,169.780686,311,12418.63679,8319.033,40106.868,44350.839,14182.26545,9938.157,43204.731,47467.302,20.12928046,7.674596817,79.62006068,166.8865921,151,12772.09522,9358.049,39334.607,44284.303,15853.93035,11911.431,43577.342,48048.886,16.85153106,6.538838245,74.1313475,150.4985533,821,13407.72414,8918.692,41762.665,44340.831,16789.51569,11258.307,44699.859,53747.536,17.77022523,6.436226308,68.94316149,163.7893247,635,13127.50875,9204.547,41771.028,44821.444,16283.86827,11332.59,44872.918,49416.132,18.91635904,6.467810842,86.49510423,196.5801381,144,12921.18667,9451.646,37146.153,43567.249,15944.90319,11356.1,42297.784,46273.035,18.70682485,7.102063738,88.6779742,170.1969782
s2-95-lognormal,fifo+first_fit+none,3,3.206577584,1.082611527,1.057167034,0.03960424847,1,0.02719477469,2000,1600,0,21285.34453,22547.162,31334.503,36895.439,23906.53502,24546.813,36219.649,47369.96,36.79693981,17.59875477,139.1749671,242.4982881,36.79693981,73853.42701,377,21674.5379,31778.612,0.833452253,0.8575174469,0.2711614971,0.9603957515,185.4162956,0,0,185.4161918,0.0001037575758,0,0,0,0,0.9728052253,1.618358617,0,1,773,214657.851,0,0,3929,639,21154.03946,22429.489,31120.403,37066.372,24945.82918,25404.347,39298.939,55299.076,28.07156723,12.82134983,105.328934,209.6697347,481,21300.39305,22758.806,31179.747,36915.441,22943.0621,23991.337,32706.586,38759.298,45.42986273,24.11224613,179.4112415,270.6514133,318,21480.74308,22581.595,31662.669,35752.613,23705.56897,24394.633,34466.937,40584.962,38.92519608,17.71516238,169.1856597,262.4259156,162,21375.0289,22217.462,31579.142,37203.49,23062.2678,23933.829,35002.019,40700.909,41.40367849,21.60710982,131.9729402,407.3078155,827,21362.76011,22633.115,31334.503,36816.805,24049.67661,24526.386,35806.02,48606.187,37.38909068,17.79655211,149.533638,262.4259156,629,21131.61455,22481.535,31433.563,36990.735,23571.803,24543.64,35528.351,41141.646,36.28288065,17.83096039,129.0181581,235.5834141,144,21512.24365,22164.418,30904.946,36915.441,24546.59297,24678.89,37154.129,50025.246,35.64162344,15.71216742,162.5587474,225.71361
s2-95-lognormal,fifo+first_fit+none,4,2.961303923,0.9472490063,0.9846961486,0.04944604014,0.7960264901,0.1838862377,2000,1600,0,15921.21858,16431.219,29186.461,30809.772,18530.58058,18392.724,32757.322,38826.967,28.88588119,10.21124278,121.773458,293.74995,28.88588119,60329.87182,354,16458.04923,29469.361,0.8215069975,0.8746146217,0.2755368682,0.9505539599,239.0346756,0,0,239.0345656,0.000109979798,0,0,0,0,0.8161137623,2.865503706,0.2039735099,0.7960264901,755,217668.398,0,0,3913,615,16426.89122,16871.972,29405.251,30946.938,18406.83492,18551.007,32817.309,38508.128,46.69789598,17.28333938,225.9227155,394.4502333,495,15720.30673,16362.728,28850.703,30522.939,19372.59114,19141.242,34545.06,40798.087,16.29657497,7.383728631,65.2967008,151.5968632,334,15424.42921,16093.326,29231.796,30956.14,17768.13235,17446.383,32038.008,36604.412,17.43344492,9.706156501,64.41167413,106.8974564,156,15628.84899,15992.828,29158.95,30566.46,17979.08094,17624.997,31006.313,33769.605,23.13223495,9.679174395,98.85158489,233.3724142,845,15829.06593,16185.252,29182.685,30956.14,18554.60451,18096.951,33429.32,39019.565,28.1747064,9.517923088,113.4300148,293.74995,608,16085.45569,16805.207,29129.742,30752.74,18578.90796,18640.846,32470.356,38345.952,30.50317171,10.49819263,130.2422669,310.4494,147,15771.64596,12745.489,29477.792,30809.772,18192.59912,17659.836,32826.388,39489.558,26.28472511,12.88699762,88.47198828,216.4859647
s2-95-lognormal,fifo+first_fit+none,5,1.045911201,0.2001370024,0.2886211308,0.05515117363,0.3952254642,0.1067764301,2000,1600,0,5775.767807,5789.278,8554.75,9238.703,7966.815889,7660.589,13025.099,18101.903,8.258951334,4.831379837,25.72858318,56.80044954,8.258951334,15943.67805,334,5903.458299,8766.864,0.8491909902,0.8516234093,0.2585606251,0.9448488264,210.48926,0,0,210.4891557,0.0001043232324,0,0,0,0,0.8932235699,2.469180599,0.6047745358,0.3952254642,754,194243.64,0,0,3911,639,5736.05349,5830.843,8445.313,9047.55,7882.173861,7575.028,12633.947,19449.441,8.27506436,5.076822444,26.0850378,45.75522284,486,5879.478115,5878.639,8705.198,9327.06,7707.936058,7565.075,12210.747,15545.342,8.009858115,5.426655585,22.60061783,43.74817066,322,5715.780102,5717.471,8596.303,9278.591,8477.93987,8148.671,13700.943,16487.79,5.764294874,3.544174956,18.55546697,29.40339015,153,5738.449373,5595.881,8504.79,9261.555,8066.94617,7598.643,13968.833,20173.515,14.23308507,4.988980416,77.42523333,131.3673833,846,5749.298704,5664.191,8515.925,9233.828,7982.798827,7619.043,13637.808,18688.982,8.11842703,4.766588296,25.05245419,60.67605952,602,5786.15538,5857.99,8615.341,9278.591,7893.376626,7654.99,12393.164,16449.771,8.456660864,4.852282886,26.00567219,49.44131273,152,5881.949,5984.476,8426.291,9054.059,8168.716355,7774.709,12856.363,20173.515,8.258046231,4.648914127,26.29794873,50.13541142
s2-95-lognormal,fifo+first_fit+none,6,3.296708363,1.246315673,1.053083036,0.05166266495,0.9344059406,0.01124104898,2000,1600,0,18598.26745,18613.881,31213.453,31740.905,20527.73223,19980.667,33669.469,37938.358,39.20954491,16.4157725,160.2199298,335.2647833,39.20954491,78409.76787,388,19145.87271,31340.271,0.813573744,0.873066924,0.2603771704,0.9483373351,185.2292267,0,0,185.2291135,0.0001131313132,0,0,0,0,0.988758951,1.343866085,0.06559405941,0.9344059406,808,184711.322,0,0,3910,647,18717.1037,18691.935,31218.006,31821.996,20782.86948,20192.921,34486.512,38163.549,43.6709417,15.17264113,201.7612167,425.0592,472,18008.94749,17648.835,31097.416,31721.729,19806.373,19678.531,33214.592,36003.752,37.10889936,16.86122444,143.1294777,262.3917926,318,19003.16616,18832.799,31384.823,31759.532,20265.873,19649.025,33034.578,34610.889,36.69132982,18.7080145,135.3224244,296.5108295,163,19043.13972,19492.147,31146.341,31648.284,22114.7199,21372.535,35656.48,57909.888,32.49649812,12.921585,97.2270437,406.26531,792,18566.56134,18636.643,31213.427,31648.284,20577.93242,20007.413,33916.036,39300.421,40.9341651,16.09636545,177.624085,380.1761886,644,18474.39413,17848.008,31260.999,31844.999,20286.08367,19659.974,33669.469,36190.608,36.26139415,16.42611456,141.2125763,314.7973166,164,19237.81418,19421.492,31065.497,31577.63,21234.21466,21145.668,33398.194,38433.569,42.457776,17.30451548,169.3714413,314.8799833
s2-95-lognormal,fifo+first_fit+none,7,3.641487077,1.310365695,1.363568826,0.04956351978,0.8560794045,0.06190963179,2000,1600,0,22185.92329,22019.369,40416.273,42325.881,26017.8073,24584.782,46813.264,67004.62,39.87471442,13.84447437,168.453871,406.852021,39.87471442,74730.41152,369,22396.25595,40662.035,0.7890703734,0.8678637858,0.250574096,0.9504364802,349.5496044,0,0,349.5494693,0.0001351515153,0,0,0,0,0.9380903682,1.978738803,0.1439205955,0.8560794045,806,371557.648,0,0,3759,632,22271.93344,22180.33,40895.529,42325.881,25620.07823,24543.647,44983.311,57562.517,38.6005178,14.32558935,162.6333707,364.912384,504,22267.05363,21752.492,40012.195,42379.537,27952.06403,25025.572,55961.428,89668.968,27.8700206,11.72364035,101.0967926,299.7307839,308,21918.65195,21913.61,40342.129,41815.991,24426.67881,24200.752,45950.031,53067.309,55.14749121,18.82117848,231.4381041,530.7484126,156,22103.04806,20997.152,40343.997,42020.312,24521.44163,23333.47,47259.19,53159.771,53.66729583,13.37295677,266.9462355,666.62155,794,22287.38301,22019.481,40490.454,42403.368,26283.19848,24720.433,46932.638,70714.998,37.55456741,13.71338229,156.1729012,410.8922282,644,21987.54636,21959.583,40313.829,42543.85,25714.20038,24356.608,45950.031,70470.996,43.31858776,14.35539011,182.2698396,478.6838,162,22477.25489,22550.77,40337.483,41815.991,25923.99407,24141.345,46952.832,57562.517,37.55583975,12.30943158,135.383159,328.4212486
s2-95-lognormal,fifo+first_fit+none,8,1.199712713,0.3864022712,0.3283941162,0.04175171929,0.37375,0.06941460588,2000,1600,0,4510.882839,4860.396,9733.624,10331.891,6040.468898,6348.394,12060.401,17473.631,12.76107738,5.223976871,49.67388768,107.1081162,12.76107738,24318.91899,390,4471.37289,9848.007,0.8182204432,0.7823332421,0.2323573116,0.9582482807,112.2832756,0,0,112.2831618,0.0001137373738,0,0,0,0,0.9305853941,2.18264796,0.62625,0.37375,800,129836.245,0,0,3749,674,4501.763582,4576.918,9750.196,10419.976,5709.172987,6190.246,11269.532,14036.234,16.16793395,5.831687196,75.31182487,113.4109817,490,4376.260902,3707.007,9703.846,10276.688,5748.803598,5892.173,11706.278,21326.368,10.97960431,5.622800576,36.26222832,99.43544341,303,4594.830462,5795.083,9768.367,10371.648,6827.275218,6863.036,14223.504,21242.425,7.407485881,3.8825326,25.01011715,43.59544671,133,4861.822684,6042.469,9944.906,10239.668,7001.424737,7051.148,14750.251,18809,14.2561052,4.317619015,54.62772787,142.9954472,800,4526.821275,5354.063,9726.831,10270.105,6080.474372,6419.318,12157.853,17868.306,13.31674032,5.416563413,51.56896791,106.1083882,629,4367.929169,3882.257,9682.685,10371.648,5894.271558,6098.588,12017.16,17369.643,12.09117627,4.905539747,48.82104038,112.611865,171,4962.152491,5964.357,10024.929,10335.771,6391.075608,6968.307,11916.094,16155.45,12.62562382,5.354793539,40.64497082,103.8243679
s2-95-lognormal,fifo+first_fit+none,9,2.123228824,0.5830529433,0.8178938671,0.03691584767,0.6460957179,0.03927044807,2000,1600,0,9661.21622,7872.684,24242.43,26903.567,12084.68582,10020.849,26461.271,32283.957,18.82545335,7.123463028,74.95428618,180.3312453,18.82545335,44826.99222,346,10197.97299,24471.625,0.8254599854,0.8251908192,0.2428762067,0.9630841523,167.53496,0,0,167.5348609,9.911111113e-05,0,0,0,0,0.9607295519,1.651846018,0.3539042821,0.6460957179,794,209925.551,0,0,3914,645,9653.991992,7818.178,24242.43,26903.567,12067.68757,10084.94,26499.555,32283.957,16.5582654,7.1101489,58.00222796,150.417431,474,9819.594057,7997.136,24521.286,26995.878,12198.14305,10292.653,26851.771,30531.847,17.83557256,7.018515456,70.67534945,182.9994424,330,9606.835576,7736.19,24272.053,27088.983,12365.04885,9945.703,26583.623,36260.643,20.77719804,6.285453195,85.55612842,180.3312453,151,9313.760225,8111.921,23907.269,25434.822,11188.42983,9410.895,24892.841,32191.667,27.35170478,9.985780277,97.98153333,280.78185,806,9750.314507,7997.136,24193.71,26903.567,12240.7763,10528.38,26622.031,33117.985,19.01780261,7.229022005,73.06220676,162.2814137,627,9588.410879,7781.431,24304.097,27088.983,12022.0812,9746.661,25987.726,32283.957,19.26406012,6.844520188,82.10197313,180.3312453,167,9504.54394,7404.884,24123.306,26141.965,11566.38743,9225.726,26831.311,29535.986,16.25036385,7.575334361,59.33060312,203.5023062
s2-95-lognormal,fifo+first_fit+none,10,5.100833612,1.874804935,2.152704898,0.05514379824,1,0.01817998046,2000,1600,0,42985.26744,45087.251,63806.32,64969.187,45843.265,47340.592,66242.808,75635.939,66.65231938,31.97618302,241.0152753,531.7565768,66.65231938,127244.1764,352,44314.79079,64140.698,0.835533012,0.8465769778,0.2297487506,0.9448562018,345.6277311,0,0,345.6276196,0.0001115151515,0,0,0,0,0.9818200195,1.480466622,0,1,769,300729.876,0,0,3967,626,42840.68057,44810.393,63802.09,65324.286,45632.51081,47080.072,66242.808,70959.683,76.46999905,29.83792251,313.4901633,660.2212827,484,43246.21643,45083.647,64204.046,64982.912,47063.24896,47546.252,68746.974,79592.378,64.86722249,31.79684129,203.8528249,710.5178468,343,42518.73924,45335.581,61567.021,64864.879,44762.19394,47200.702,65208.147,69387.532,51.65263297,31.49332317,193.7367237,347.9477286,147,43830.37792,46000.93,63240.116,64593.626,45246.44361,47453.742,63973.922,66367.011,65.72042727,44.5944656,168.755893,295.7326812,831,42734.22943,45116.76,63806.32,64916.409,45505.0202,46971.8,66367.011,76311.594,68.70951242,31.97618302,255.7530426,491.5775489,627,43765.21303,45112.978,63886.444,65302.04,46722.94664,47848.839,66398.947,75830.77,66.78118595,32.39966735,226.0861706,660.2212827,142,41010.52589,44163.694,63322.117,65540.815,43938.48352,46476.361,64884.463,70844.542,54.04438449,30.47648389,165.3389577,309.4152854
s2-95-lognormal,fifo+first_fit+none,11,1.975749717,0.4553723409,0.8381958446,0.03937068519,0.6276202219,0.01519062397,2000,1600,0,13332.85949,10738.357,24844.182,25643.127,16135.32818,14595.444,29259.503,39648.755,17.09107088,7.914073955,58.54032494,148.3837545,17.09107088,35775.03907,333,13077.08006,24991.464,0.8223241226,0.8617360881,0.2395465135,0.9606293148,185.4108667,0,0,185.4107425,0.0001241616162,0,0,0,0,0.984809376,1.409235577,0.3723797781,0.6276202219,811,252987.361,0,0,3853,640,13054.018,7504.336,24616.82,25541.592,16346.3026,14459.597,29855.791,46999.718,16.31147563,6.942589057,61.98340233,150.7563392,470,13446.65423,11101.913,24860.784,25587.132,15589.75075,13821.152,27793.979,32202.65,16.9832016,8.441382454,58.3570881,103.7279942,327,13198.58253,7434.957,24924.418,25900.859,15742.96683,13323.248,29035.097,35409.763,20.16028663,9.374901278,63.62091377,217.0810201,163,14368.95515,14039.801,25140.784,26095.626,17667.22955,19583.894,33095.81,46557.102,14.30583145,7.428928934,46.85459027,92.97712436,789,13355.63722,11118.92,24844.182,25610.946,16245.85577,14937.137,29303.216,43191.21,16.99399004,7.861071379,60.46019448,150.3662807,653,13326.4887,7907.326,24865.033,25683.144,15854.28794,14353.647,28217.951,38975.237,16.56467207,8.764520078,54.89383394,103.7279942,158,13245.44495,8176.792,24810.159,25728.84,16744.90417,13276.528,33927.844,50181.831,19.75142032,6.380215698,75.32825051,309.9278865
s2-95-lognormal,fifo+first_fit+none,12,2.226038429,0.5971895362,0.5571568827,0.03833006394,0.9708383961,0.06252354973,2000,1600,0,11090.0749,10303.795,16514.168,18608.894,13606.49443,12656.456,21423.861,30854.623,19.95188926,9.179095779,76.77161382,159.1401398,19.95188926,39635.0928,349,11202.27648,16463.223,0.8136187995,0.8967429222,0.2714506562,0.9616699361,156.4253778,0,0,156.425265,0.0001128080808,0,0,0,0,0.9374764503,1.780368567,0.02916160389,0.9708383961,823,219032.071,0,0,3931,597,11093.28483,10391.049,16530.249,19608.376,12582.2539,12088.052,18809.062,22336.803,26.46279411,13.33651468,98.71578936,185.6784333,519,11105.91883,10277.285,16554.544,18020.158,14818.77967,13196.56,26522.213,36650.937,17.14365036,7.151730398,68.44714549,161.5695861,324,11104.27274,10496.584,16382.089,18608.894,13905.55011,13495.376,20337.808,23396.282,14.8636606,6.632497179,55.55921389,134.7226291,160,10997.95348,9915.2,16758.883,18774.781,12890.25391,12269.697,19514.577,25127.116,15.07096356,9.541735348,48.71861421,113.5513387,777,11133.95634,10276.825,16621.33,19085.781,13631.98635,12756.648,21609.249,29970.686,19.6258656,9.118802448,82.61244773,159.1401398,660,11039.94226,10299.978,16467.655,17689.373,13535.38208,12576.045,21249.593,29295.501,20.22561475,8.786540535,75.34407704,183.7950381,163,11083.88878,10422.775,16090.268,19081.314,13772.91731,12922.605,20568.33,37690.949,20.39766572,11.2457372,63.50553988,129.2840471
s2-95-lognormal,fifo+first_fit+none,13,1.48081006,0.3030906865,0.5232147543,0.04180367771,0.5252152522,0.08748568894,2000,1600,0,6894.023317,6084.327,15508.121,16259.636,9006.256706,7877.076,18150.841,21807.896,11.80373139,5.445234834,38.96377905,117.2070954,11.80373139,24017.40997,351,7152.966527,15526.528,0.8676199659,0.8554585977,0.2525846464,0.9581963223,160.4112378,0,0,160.4111604,7.741414145e-05,0,0,0,0,0.9125143111,2.238450041,0.4747847478,0.5252152522,813,174788.954,0,0,3852,628,6952.849718,6212.763,14932.106,15924.344,9083.281381,8226.338,17823.99,20440.593,7.75673615,4.930411191,24.6926467,38.19930187,479,6919.388837,5977.026,15554.432,16333.224,8864.621349,7538.117,18442.136,22755.594,14.07942298,6.305162761,56.91172232,111.1209235,328,6508.803506,5603.737,15617.803,16167.646,8349.255018,7320.044,17358.914,24682.861,17.36306635,5.924230046,92.39172924,156.7716942,165,7362.259885,6319.73,15707.99,16526.233,10430.30758,9283.86,20059.489,27249.74,9.549154863,4.103481069,32.63064116,88.43830685,787,6804.06146,6077.321,15453.543,16176.011,8911.17745,7858.414,17998.411,21959.833,11.769649,5.077406293,38.19930187,123.2773355,643,6965.873275,6093.525,15554.432,16259.636,9037.64153,7834.017,17981.835,21249.088,11.50996981,5.601914903,39.26382076,102.9539677,170,7038.731894,6093.884,15545.327,16291.178,9327.709247,8008.451,19972.381,29167.184,13.07262279,6.61356904,48.4187962,134.9087167
s2-95-lognormal,fifo+first_fit+none,14,2.293395967,0.7105204863,0.6086133432,0.05442295873,0.7874213836,0.1324177951,2000,1600,0,11756.50901,13447.078,18039.341,19325.451,13752.18457,15176.493,21562.096,28461.784,24.92607449,11.72111474,91.3408576,194.482066,24.92607449,47366.39341,378,12270.45956,18502.741,0.8336821388,0.8563524286,0.2658455991,0.9455770413,210.9500089,0,0,210.9498731,0.0001358383839,0,0,0,0,0.8675822049,2.804848459,0.2125786164,0.7874213836,795,171147.804,0,0,3832,594,12046.82005,13878.459,18442.379,19352.428,13459.87591,15124.842,20615.471,25298.506,35.19377923,18.08877069,134.3123159,248.33195,514,11597.54442,13282.04,17755.419,19265.469,13971.81467,15204.898,21561.536,26226.066,16.38391364,8.424638389,67.2962994,120.0361021,336,11712.02998,13587.186,17603.279,19231.339,13320.12442,15133.226,20848.119,23893.828,25.58891628,13.7630499,90.47406667,194.482066,156,11270.66284,12881.133,18303.665,19426.931,15072.1441,15610.835,30528.203,48513.959,12.54747975,6.999910787,42.58685711,66.14779724,805,11764.56474,13502.331,17755.419,19212.353,13777.68871,15295.293,21908.669,26226.066,23.42606306,11.93212657,86.23959994,146.3793158,635,11857.03406,13366.618,18343.161,19363.081,13761.17501,15151.534,21279.685,28461.784,27.05815637,11.84680318,114.6699825,237.265058,160,11317.01986,13040.833,17839.891,19259.165,13588.18606,14836.398,22004.37,40401.927,24.01130705,9.378851114,86.11415033,250.5425735
s2-95-lognormal,fifo+first_fit+none,15,3.957019421,1.299034617,1.478227807,0.06608622064,0.9912935323,0.1223772453,2000,1600,0,32492.85257,34186.421,43814.773,44644.483,35600.26163,37125.242,48305.95,57299.429,46.47300201,21.19696644,166.9972059,402.9166515,46.47300201,90425.05642,357,33227.28528,44047.248,0.8279727977,0.8354049153,0.2659855689,0.9339137794,394.7903933,0,0,394.7902749,0.0001184242426,0,0,0,0,0.8776227547,2.419149041,0.008706467662,0.9912935323,804,286953.422,0,0,3903,654,32689.47154,34515.716,43653.546,44524.765,35287.04428,36958.587,46601.844,54701.152,46.62864339,23.55080069,159.8678143,337.0200078,498,32049.16761,33894.814,43759.847,46387.911,36285.11243,37589.536,50534.785,66152.627,31.65322965,15.06527906,116.0885105,241.7532048,299,32616.47525,35007.364,43977.071,44631.242,34595.68672,36667.47,46096.342,57299.429,76.57388013,35.80921429,251.1788077,628.3730876,149,32864.68558,33494.621,44149.101,44956.632,36701.98205,37349.19,50861.808,61356.152,34.91793231,18.75061166,128.203593,220.2412253,796,32347.35311,33894.814,43781.332,44826.962,35708.287,36970.066,48945.732,57908.266,44.90952921,20.21635658,168.5355878,446.295526,652,32645.02761,34427.415,43874.954,44631.242,35655.72338,37288.64,48248.192,57299.429,45.91868071,20.79438088,154.1651648,421.2563753,152,32602.05943,34007.945,43814.773,44290.391,34796.64812,36778.91,45910.4,60120.065,57.03840883,27.43344325,188.7741334,402.9166515
s2-95-lognormal,fifo+first_fit+none,16,3.256118877,1.265809809,1.065254465,0.06532971551,0.7910447761,0.06868011138,2000,1600,0,16126.43111,17652.891,31574.215,36953.259,17790.33958,19161.433,33694.233,39185.363,41.44214013,17.88220895,162.7259956,354.7481167,41.44214013,87325.71555,364,16227.77773,31787.83,0.8559000717,0.8350976782,0.2534588992,0.9346702845,238.4346644,0,0,238.4345474,0.0001170505051,0,0,0,0,0.9313198886,2.250146001,0.2089552239,0.7910447761,804,155951.674,0,0,3895,625,15641.57286,16777.14,31505.699,35276.721,17070.72095,18308.003,33474.364,40597.7,46.7573966,19.68998297,180.2990466,355.8588667,493,16425.19573,18361.807,31791.265,37288.224,18425.32367,19594.922,34617.883,40580.717,39.05751247,16.95181093,154.7693384,361.7077833,322,16289.59478,17230.766,31390.069,35384.057,17725.48739,18908.043,32483.769,37887.216,45.04330125,18.20391017,149.7726561,359.1152189,160,16771.47329,19479.852,31533.57,37298.504,18775.32016,20566.795,33605.725,38683.296,20.77971678,13.24811857,67.76314333,129.0167552,796,15697.94599,17095.951,31517.41,37288.224,17417.30373,19093.17,33824.132,38987.182,40.87846363,18.01348418,164.0729555,338.7859089,633,16417.83844,18263.984,31585.906,36860.167,18034.67057,19138.172,33660.547,39185.363,40.71658688,16.96713283,156.6339768,361.73475,171,17042.29847,17803.239,31787.83,37061.741,18622.35726,19959.556,34617.883,41313.272,46.75185771,21.90806229,216.2419767,347.7284238
s2-95-lognormal,fifo+first_fit+none,17,3.26961096,0.8498028923,1.44689188,0.05825002659,0.8419023136,0.07276384722,2000,1600,0,20374.9791,15772.942,42885.974,44027.543,23184.74747,22027.219,45366.679,52051.804,28.75484052,11.77524612,109.246287,282.7199029,28.75484052,56258.72288,372,20175.31345,42688.203,0.8416040866,0.8271444127,0.2452927517,0.9417499734,328.2620267,0,0,328.2618966,0.0001300606061,0,0,0,0,0.9272361528,1.852121988,0.1580976864,0.8419023136,778,257931.164,0,0,3842,628,21019.11062,20439.433,42918.222,44065.99,24024.62336,23126.042,45363.197,51304.507,26.17181273,10.4355064,94.95964226,260.8443708,486,19525.34998,15516.355,42989.967,44084.715,22820.29851,18605.214,46172.202,54350.578,23.78354162,9.177568039,74.91138146,320.1605548,340,20318.12554,15710.854,42371.257,43759.689,22194.0599,20616.335,43897.046,54703.105,43.00816482,18.18559559,142.6350795,415.1185321,146,20564.9474,15446.827,42237.334,43906.846,23092.37698,19713.296,45313.283,49973.801,23.22102168,11.24265591,106.851958,187.0933726,822,20263.14423,15710.854,42989.967,43997.765,23034.96975,21496.237,45439.842,50642.208,28.20698617,11.49076086,110.3335695,282.7199029,617,20398.21598,15715.228,42819.096,43999.345,23276.41385,21671.85,45473.371,54350.578,27.39250632,11.13587824,94.78171514,255.3859727,161,20856.91148,21813.885,42522.131,44283.199,23598.15819,25898.805,44643.213,46172.202,36.77283103,13.97141381,154.0832298,424.5120217
s2-95-lognormal,fifo+first_fit+none,18,2.917689149,0.8453934112,1.01360617,0.03739424994,0.9583858764,0.06290944216,2000,1600,0,21016.4399,23151.721,30043.356,31421.242,25003.76191,25721.956,39059.622,56595.904,29.17639131,13.9606825,108.6794268,220.215739,29.17639131,53885.51813,356,21671.26217,30666.925,0.7762430677,0.9172490286,0.2621751156,0.9626057501,248.7942311,0,0,248.794112,0.0001191515152,0,0,0,0,0.9370905578,2.050223133,0.04161412358,0.9583858764,793,372386.228,0,0,3858,654,20910.44036,23151.721,29867.889,31417.285,27355.05831,27160.119,45961.116,70422.207,18.81642394,7.830944075,77.54093985,144.6139708,489,20956.31173,22939.207,29909.45,31427.234,23537.25418,24711.315,33794.951,41989.374,38.57786764,18.92532273,142.8939022,362.4401833,318,21131.62749,23245.385,30392.615,31752.551,22549.05102,24506.794,32032.683,34998.203,36.70961478,22.21991875,120.1900904,215.827539,139,21463.17894,23403.093,30455.166,31345.166,24715.79429,25590.201,35923.191,43297.529,27.611871,14.9207191,112.0207414,174.0431632,807,20797.54754,22955.705,29978.073,31417.285,24405.64951,25141.359,37605.26,48936.526,31.28626924,14.48149407,115.2024636,225.1508114,633,21307.74919,23470.742,30188.791,31475.399,25845.62237,26240.084,41032.624,64527.933,28.03266569,13.05632451,102.0161715,208.7580836,160,20967.98591,22920.877,29498.692,30955.074,24689.88091,25095.701,35373.887,70926.915,23.05955899,12.25142044,85.40975652,139.4354447
s2-95-lognormal,fifo+first_fit+none,19,1.21817469,0.4114254076,0.3161183347,0.02763782675,0.3814681107,0.08152501069,2000,1600,0,5002.953646,5081.921,9369.769,10345.552,7592.240956,6991.097,14878.013,31785.66,12.61081681,4.922884192,52.89073333,110.1915752,12.61081681,25960.39044,338,5364.196,9797.871,0.8286243943,0.775214444,0.2246805983,0.9723621733,129.6733689,0,0,129.6732941,7.482828285e-05,0,0,0,0,0.9184749893,2.549572648,0.6185318893,0.3814681107,831,259924.809,0,0,3680,656,4793.316108,4913.326,9437.462,10236.165,8533.598322,7244.087,18208.845,43585.999,7.008202243,3.411898006,25.34384208,48.54083166,468,5124.747927,5202.725,9520.445,10693.193,6768.382432,6766.112,12793.396,18042.179,16.17190538,8.237613447,61.82494315,116.8023082,316,5321.323864,5366.197,9251.468,10324.437,7406.51687,7288.91,13428.451,25210.323,17.86792075,5.113074228,83.69156667,122.72625,160,4877.438094,4950.602,9105.368,10142.287,6509.267006,6053.281,14037.486,17016.765,14.78257221,5.507214569,57.15774432,110.1915752,769,5127.662388,5246.202,9516.055,10476.129,7651.090506,7111.764,14625.582,29993.164,12.38053032,4.730125235,48.54083166,116.8023082,662,4828.233941,4912.536,9169.975,10213.481,7484.720488,6818.518,15388.693,32282.239,12.54631924,4.981454837,52.89073333,98.61470675,169,5119.89697,5001.909,9155.571,10142.287,7745.632941,7468.395,17007.775,27094.338,13.9113358,5.113074228,53.4247045,110.1915752
s2-95-lognormal,fifo+first_fit+none,20,2.623923294,0.8500016615,1.000551476,0.04287017318,0.5691158157,0.1613841667,2000,1600,0,11367.24942,7272.42,29656.414,30283.09,14472.08869,11201.613,33224.526,44965.883,22.78316679,4.662932977,109.2718397,322.4097412,22.78316679,45841.01053,353,11925.56414,29835.499,0.8204612237,0.8264967773,0.2389372208,0.9571298268,235.7378467,0,0,235.737742,0.0001046464647,0,0,0,0,0.8386158333,2.952690242,0.4308841843,0.5691158157,803,259461.649,0,0,3717,645,11575.31927,7575.096,29694.905,30516.58,16721.34498,14454.859,36953.578,53958.165,14.82537937,3.11184805,68.845735,193.480373,467,11639.63187,7933.821,29537.67,30173.596,12957.74614,10037.934,30744.248,32434.009,37.2252147,8.195404296,202.4433562,454.5304667,310,11125.14721,3611.362,29797.163,30283.09,13559.45944,9670.006,32084.537,37337.307,12.60721974,4.13735719,53.23806728,112.1948855,178,10320.30575,2816.565,29499.435,31356.101,11884.12654,6557.254,31794.884,38395.754,31.45103249,7.468050214,166.5410005,396.8209775,797,11223.40291,7279.399,29649.817,30629.015,14275.00821,11333.237,33224.526,46018.437,21.76009181,4.892945442,110.599448,269.9470966,621,11362.62005,6692.853,29574.819,30283.09,14683.288,11292.25,33236.474,47062.558,24.04311287,4.517819468,107.6399385,396.8209775,182,12012.96649,7653.308,29752.277,30248.249,14614.49734,10968.099,32513.784,36851.29,22.96428896,4.739946525,92.76047498,322.4097412
s2-95-lognormal,shortest_estimate+topology_aware+conservative,1,0.1396584258,0.01636331711,0.05434801935,0.03937088901,0.02709359606,0.002482604283,2000,1600,0,336.0820888,0,1610.879,5971.407,3540.437087,1406.261,10627.096,46679.924,1.244382155,1,2.103583847,7.238469969,1.244382155,2421.482615,370,1313.589857,5447.323,0.8395654015,0.2887096795,0.1676965302,0.960629111,229.6661689,0,0,229.6660716,9.72525253e-05,0,0,0,0,0.9975173957,1.13956352,0.9729064039,0.02709359606,812,288796.147,336,269,3357,647,356.5739567,0,1803.221,7699.052,2663.688414,1637.878,8321.142,16862.036,1.275028852,1,2.050857873,6.559316238,468,187.6526624,0,892.873,4417.798,1788.691073,980.629,6550.679,9325.932,1.215210464,1,2.027776058,7.342287695,333,513.030012,0,1814.574,8014.555,7836.547399,1408.149,46679.924,86400,1.180033919,1,2.148493383,3.74675279,152,318.2075789,0,1771.999,5447.323,3254.047559,2060.7,10612.137,16043.012,1.344723606,1,2.516201199,9.186272523,788,280.1280635,0,1656.884,5168.814,3462.019977,1466.182,10305.928,48633.587,1.252129846,1,1.787766713,7.600582103,648,409.7459938,0,1324.369,8073.154,3556.193066,1330.94,13300.814,45347.927,1.23201806,1,2.33115192,6.121140297,164,313.8720976,0,1789.719,4417.798,3854.966402,1323.259,10592.152,67156.945,1.256008697,1,2.461107684,7.47517657
s2-95-lognormal,shortest_estimate+topology_aware+conservative,2,0.1769046509,0.01810985287,0.06873310771,0.06180727344,0.02567394095,0.002580475946,2000,1600,0,498.7292338,0,2037.254,10075.516,3756.208074,1705.867,13889.655,29830.071,1.229620127,1,2.328109497,4.884169199,1.229620127,2461.32629,332,2060.740684,9325.879,0.8603764186,0.4487030318,0.1731721103,0.9381927266,385.0943244,0,0,385.0942287,9.571717176e-05,0,0,0,0,0.9974195241,1.139314333,0.9743260591,0.02567394095,779,296618.102,382,318,3533,636,706.3655802,0,2914.351,13882.757,5316.877928,2222.274,20808.878,36960.654,1.204743471,1,2.331875117,4.258862074,502,356.2683028,0,1536.491,8676.339,2880.121647,1628.413,9019.644,22770.415,1.21091649,1,2.297154146,4.725832559,311,324.392299,0,1848.083,5303.107,2094.274727,1257.093,6914.097,9317.568,1.337648963,1,2.487707728,9.65606813,151,456.8580927,0,2017.947,12963.311,3518.265225,1711.133,13775.162,34237.646,1.174082449,1,1.975883909,4.603366886,821,572.6227186,0,2017.947,13487.927,3953.81468,1727.066,14372.739,34187.161,1.234519413,1,2.331875117,5.058870245,635,360.2930787,0,2037.254,7231.071,3512.126865,1736.084,13515.254,25871.625,1.212590958,1,2.328109497,4.463480339,144,687.8987292,0,2108.771,14959.041,3705.906299,1594.564,15757.067,37579.531,1.276781295,1,2.271818306,6.268226441
s2-95-lognormal,shortest_estimate+topology_aware+conservative,3,0.2395775491,0.02815078114,0.1126677907,0.04351529286,0.05304010349,0.002203580869,2000,1600,0,1042.807131,0,3339.481,20409.08,3667.471153,1473.487,12296.963,36728.242,1.466223638,1,3.618919568,8.464584144,1.466223638,2905.630585,377,4015.930164,16468.561,0.8945030552,0.5186528756,0.2295564527,0.9564847071,204.5597733,0,0,204.559673,0.0001003232323,0,0,0,0,0.9977964191,1.137712807,0.9469598965,0.05304010349,773,219105.399,566,495,3933,639,1755.881009,0,6315.38,30184.555,5549.845419,2099.797,20841.931,57970.371,1.485898451,1,3.688195496,8.387014778,481,423.1806944,0,2129.004,8107.218,2066.359299,1090.27,7496.44,13491.749,1.489305168,1,4.247400669,10.22835523,318,619.0414717,0,3363.145,9987.884,2853.070777,1449.871,11169.224,17158.873,1.353971923,1,2.885668933,7.537984466,162,901.7181605,0,2266.814,34219.663,2595.106741,1150.921,8122.645,42882.084,1.540431197,1,3.805272013,10.78453011,827,841.40852,0,2873.165,16468.561,3534.736074,1522.01,12296.963,36728.242,1.432519284,1,3.409864544,8.431627416,629,1240.798839,0,2994.838,20603.916,3682.249029,1407.485,11352.457,35093.267,1.528747169,1,3.846684017,9.292057427,144,1334.611757,0,7702.035,16099.911,4365.225507,1455.175,14509.455,40674.227,1.386683363,1,3.208941096,5.819628542
s2-95-lognormal,shortest_estimate+topology_aware+conservative,4,0.1880087378,0.01924663502,0.07973665864,0.04461766251,0.03841059603,0.005997185597,2000,1600,0,714.5642475,0,2363.4,11541.381,3320.954807,1681.044,10939.023,25199.493,1.331514447,1,2.47424836,6.722863663,1.331514447,2685.038859,354,2931.816011,10988.212,0.8999116732,0.4844318487,0.2244109866,0.9553823375,214.6029911,0,0,214.6029027,8.844444448e-05,0,0,0,0,0.9940028144,1.205100116,0.961589404,0.03841059603,755,199101.55,529,472,3923,615,382.9616472,0,2110.049,7877.624,2366.477639,1125.317,9268.227,16583.63,1.470726098,1,3.144262018,8.684247695,495,1321.782537,0,3281.187,52283.362,4967.793248,2449.352,14750.019,66490.108,1.262938709,1,2.091703958,6.760411198,334,597.3729072,0,2092.179,7910.205,2937.889494,1674.487,8958.457,17676.525,1.220418186,1,2.054896268,5.510832071,156,346.0030513,0,2105.078,4253.905,2678.405096,1819.543,7457.05,12122.023,1.238155319,1,2.244759204,4.53555325,845,747.7744249,0,2180.22,14345.542,3470.536782,1689.21,12147.743,30674.825,1.30172429,1,2.455573268,6.457406173,608,546.2792648,0,1903.654,6177.903,3037.763007,1625.438,9536.019,20532.025,1.337977826,1,2.286116769,8.145548007,147,1219.698054,0,3188.411,10988.212,3632.409544,1689.508,11545.993,18553.536,1.476024296,1,3.963649295,7.6792111
s2-95-lognormal,shortest_estimate+topology_aware+conservative,5,0.1440848082,0.01666976333,0.05615722571,0.04909945222,0.0198938992,0.002264467694,2000,1600,0,345.4576463,0,1664.504,6075.098,2531.476709,1565.213,7693.497,14802.489,1.20975253,1,2.142978996,4.425032451,1.20975253,2416.011664,334,1464.515892,6075.098,0.8884482746,0.3629034005,0.1912411283,0.9509005478,186.1997356,0,0,186.1996408,9.470707075e-05,0,0,0,0,0.9977355323,1.142822412,0.9801061008,0.0198938992,754,181706.293,428,368,3589,639,384.0575853,0,2021.686,5481.594,2519.040746,1515.215,8009.62,15838.497,1.227040353,1,2.285884311,4.345533548,486,314.5575329,0,1762.258,6276.584,2139.934286,1372.702,6310.435,12449.054,1.205398799,1,2.399037383,4.24728974,322,357.6358913,0,1046.389,6188.751,3118.656761,2257.736,8470.405,13621.894,1.138571728,1,1.838603243,4.425032451,153,256.7694052,0,1197.629,2880.365,2591.373575,1603.45,7693.497,15386.477,1.301185288,1,1.922600134,5.411906025,846,379.2959066,0,1811.787,7147.454,2608.121827,1555.425,8470.405,15682.964,1.21901915,1,2.231505801,4.24728974,602,315.8127641,0,1384.121,3372.034,2417.282532,1565.201,6675.693,10753.249,1.194426339,1,1.922600134,4.345533548,152,274.5303487,0,2028.449,5413.406,2557.155158,1693.45,8473.796,14802.489,1.218876254,1,2.427554408,5.411906025
s2-95-lognormal,shortest_estimate+topology_aware+conservative,6,0.2494905111,0.02604087167,0.122011089,0.04749842742,0.04826732673,0.005672796197,2000,1600,0,1065.170382,0,3616.417,22101.909,2993.59217,1276.023,9498.039,31507.451,1.448725806,1,3.347680464,7.889034061,1.448725806,2843.194644,388,3727.662869,17166.783,0.9104802749,0.4736069381,0.2223825359,0.9525015726,169.5544089,0,0,169.5543232,8.565656567e-05,0,0,0,0,0.9943272038,1.226787378,0.9517326733,0.04826732673,808,154740.23,627,544,3921,647,1169.489972,0,4045.685,22101.909,3238.817229,1360.704,9977.695,29236.717,1.497936551,1,3.632330525,7.95610349,472,889.5617564,0,2852.213,23122.108,2678.411763,1222.94,8712.346,27050.179,1.410570983,1,3.234875372,8.448020443,318,503.1833396,0,1789.014,7108.119,1763.834887,1093.838,4532.158,10362.828,1.318631695,1,2.926601541,4.815775944,163,2255.994773,0,10903.103,51714.599,5332.042202,1538.612,25685.576,57597.3,1.61768072,1,4.380366913,9.790961669,792,1190.982133,0,3616.417,36691.583,3210.273304,1296.035,11126.3,46056.992,1.4475976,1,3.382689204,7.889034061,644,763.7726506,0,3734.611,15660.102,2566.406955,1258.513,8985.259,24673.105,1.457351924,1,3.322272321,7.812341734,164,1641.129116,0,2727.243,51714.599,3624.664244,1226.677,11182.45,57597.3,1.420300921,1,3.234875372,9.790961669
s2-95-lognormal,shortest_estimate+topology_aware+conservative,7,0.1812653799,0.0207679249,0.09652535145,0.0270260445,0.03349875931,0.003447299796,2000,1600,0,647.1122075,0,2861.018,11360.875,4453.40031,1605.64,16994.825,49482.788,1.332885905,1,2.669817559,6.641994944,1.332885905,2549.325676,369,2520.958434,10664.782,0.8711825025,0.4342032271,0.1823365776,0.9729739555,186.1877244,0,0,186.1876444,8.000000007e-05,0,0,0,0,0.9965527002,1.172129802,0.9665012407,0.03349875931,806,339574.561,408,360,3516,632,509.5357405,0,2558.31,10501.56,3846.133707,1505.974,14686.852,36015.164,1.323657697,1,2.743999042,6.641994944,504,967.4557083,0,4264.63,22369.078,6602.204647,2028.68,35086.488,73609.344,1.42061252,1,2.894703737,12.66540857,308,497.0326591,0,1634.721,8118.308,2976.76189,1126.838,11709.601,27193.317,1.269500794,1,2.360418697,5.712595438,156,465.8282564,0,2251.977,9959.698,2886.731981,1605.64,12318.071,20368.523,1.211992492,1,2.669817559,4.653958179,794,754.0723136,0,3537.549,10664.782,4712.643652,1675.371,15935.237,63177.317,1.321246989,1,2.894703737,6.855825267,644,526.6922531,0,2531.276,12039.301,4237.554236,1505.974,17863.644,47235.026,1.352405568,1,2.419796718,8.054813425,162,601.5821235,0,1443.994,11322.34,4040.842642,1528.192,14351.823,37186.47,1.312334275,1,3.970244117,5.921730444
s2-95-lognormal,shortest_estimate+topology_aware+conservative,8,0.1046784267,0.01932413209,0.04008202653,0.02249006655,0.02125,0.001532201535,2000,1600,0,252.6153288,0,1188.034,5590.373,1776.142383,831.797,6351.289,15169.327,1.25321264,1,2.484210985,5.08634526,1.25321264,2436.455556,390,943.7748128,4981.373,0.8635644251,0.4115102312,0.175255422,0.9775099335,59.29093778,0,0,59.29088271,5.507070708e-05,0,0,0,0,0.9984677985,1.091574683,0.97875,0.02125,800,124122.986,455,402,3507,674,259.9453175,0,1226.65,5590.373,1462.905441,695.368,5373.781,12256.502,1.29716133,1,2.647509602,4.654088814,490,160.1014469,0,631.767,3908.071,1531.453902,731.862,5187.827,12710.929,1.188339515,1,2.090893363,5.523398149,303,386.8585413,0,1433.661,7727.76,2607.160937,1289.831,8653.378,22995.464,1.283886327,1,2.428628404,6.10565751,133,250.4777068,0,1224.573,2104.348,2371.784729,1221.132,9994.052,15941.74,1.199620809,1,2.544205433,3.264863906,800,211.9187738,0,1021.894,4122.213,1758.489327,817.863,6291.622,15169.327,1.263404836,1,2.484210985,5.348726863,629,266.1334754,0,1226.65,5077.138,1787.401928,848.138,6315.236,14006.852,1.229020006,1,2.4583725,4.518442278,171,393.283924,0,2154.548,9256.61,1817.313082,848.387,7907.608,16680.964,1.294519127,1,3.127551684,5.404521089
s2-95-lognormal,shortest_estimate+topology_aware+conservative,9,0.2188162227,0.01969042254,0.1195999272,0.03440122448,0.04408060453,0.001044043907,2000,1600,0,902.7993031,0,3544.95,26306.73,3323.803074,1271.468,11686.397,39723.11,1.29792668,1,2.531299401,6.712909427,1.29792668,2610.14272,346,2525.285801,17331.553,0.8772129639,0.4437671597,0.2085549814,0.9655987755,155.7162844,0,0,155.716202,8.242424245e-05,0,0,0,0,0.9989559561,1.074297243,0.9559193955,0.04408060453,794,213453.276,421,365,3746,645,866.684338,0,3179.21,31316.356,3272.075203,1332.808,9955.018,40664.248,1.32460338,1,2.504700066,8.45084858,474,690.0552932,0,3731.272,18115.017,3067.12696,1165.522,11226.705,30441.24,1.251540783,1,2.402405339,6.326363858,330,1309.375139,0,5797.813,35529.011,4070.797197,1545.179,13424.434,50608.105,1.336890479,1,3.485284321,5.657034258,151,836.3409404,0,3467.935,25191.915,2717.981179,991.716,12745.949,28144.687,1.24443257,1,2.122074607,4.580998269,806,987.6625496,0,3805.361,30778.15,3474.329588,1269.909,12558.358,39723.11,1.290053456,1,2.372228574,6.741883531,627,892.7366571,0,3939.595,19756.176,3328.182667,1398.639,11384.049,42901.08,1.334247748,1,2.968624983,6.111291476,167,530.9999162,0,1580.144,14257.705,2580.866695,1058.05,8409.476,30652.411,1.199558473,1,1.999206381,6.326363858
s2-95-lognormal,shortest_estimate+topology_aware+conservative,10,0.2774545794,0.02525092894,0.1446019277,0.0476487023,0.05721716515,0.002735855268,2000,1600,0,1355.805472,0,4286.011,23847.787,4206.602646,1541.5,15162.061,38809.461,1.407364971,1,3.246129491,6.683113139,1.407364971,2872.747459,352,5298.15196,23576.962,0.9169427837,0.4540914645,0.2309756976,0.9523512977,296.2999111,0,0,296.2998131,9.797979798e-05,0,0,0,0,0.9972641447,1.145187882,0.9427828349,0.05721716515,769,282759.842,590,517,3957,626,1087.760537,0,4484.778,22879.484,3867.410633,1696.481,13538.905,32170.53,1.445046688,1,3.458922487,7.755703265,484,2292.264161,0,9464.912,69260.065,6117.991713,1492.806,21750.951,87286.98,1.430212948,1,3.454074573,6.144972871,343,900.2823994,0,3212.161,18055.837,3119.372522,1566.949,9422.412,31101.935,1.368719591,1,2.671409461,6.759278597,147,476.8567551,0,1052.575,4122.107,1894.642265,1151.323,4060.952,10225.741,1.261842455,1,2.183842467,5.628668813,831,1317.908225,0,3722.499,24830.663,4078.487172,1557.106,15162.061,39633.752,1.401151259,1,3.330303044,6.683113139,627,1565.928242,0,5805.364,23847.787,4518.297707,1516.319,15108.836,42433.332,1.44261564,1,3.289129153,6.776997196,142,649.7888239,0,2323.823,16816.322,3580.061486,1541.663,15552.565,28022.503,1.288079241,1,2.50794606,6.312498304
s2-95-lognormal,shortest_estimate+topology_aware+conservative,11,0.1719060601,0.01887110484,0.0846211953,0.04043461054,0.02589395808,0.00208519134,2000,1600,0,703.4772163,0,2508.178,11083.029,3506.75212,1570.868,11659.791,31712.76,1.252658272,1,2.425972133,5.469825814,1.252658272,2431.564207,333,3011.562994,11083.029,0.8775710365,0.4185160445,0.1778249116,0.9595653895,190.6324089,0,0,190.6322989,0.000110020202,0,0,0,0,0.9979148087,1.133534703,0.9741060419,0.02589395808,811,234174.54,435,373,3674,640,969.8347453,0,2837.733,18423.722,4264.125709,1806.989,14639.828,34542.909,1.264974638,1,2.512477151,6.459517941,470,327.644734,0,2434.166,5733.954,2476.548868,1465.902,8052.327,14054.698,1.182206302,1,2.098142752,4.557087268,327,569.1813945,0,1825.512,5858.342,3115.157098,1374.409,10987.488,26474.038,1.34007187,1,3.047316198,5.469825814,163,1010.76054,0,2811.227,53040.667,4289.132509,1857.837,14651.109,60399.204,1.23207978,1,2.163702866,8.208045159,789,724.4327465,0,2628.97,14030.503,3619.722719,1618.009,11928.619,32529.806,1.248504933,1,2.659851404,5.469825814,653,743.0150919,0,2515.345,8278.903,3265.314435,1477.159,10668.24,21320.924,1.283764978,1,2.287943062,6.496205781,158,435.4256582,0,1743.959,11302.185,3940.45469,1923.767,15224.297,33097.672,1.144837422,1,1.838582861,3.113846825
s2-95-lognormal,shortest_estimate+topology_aware+conservative,12,0.1552317196,0.01993705863,0.06679667491,0.04057137238,0.02673147023,0.001195143399,2000,1600,0,386.067695,0,1979.858,6846.613,2905.432136,1519.689,10547.416,21153.45,1.306301339,1,2.563005667,6.220200095,1.306301339,2572.362481,349,1637.34414,6841.709,0.8822232526,0.488732785,0.2314845431,0.9594286276,165.9589711,0,0,165.9588573,0.0001138585859,0,0,0,0,0.9988048566,1.0852777,0.9732685298,0.02673147023,823,200341.006,417,339,3783,597,275.6092412,0,1278.381,6846.613,1763.928611,1000.131,5682.023,16736.821,1.322931887,1,2.853512462,6.434092872,519,478.1051349,0,2737.821,7686.347,4204.264222,1895.546,18013.768,28479.054,1.341582255,1,2.668157861,8.19355726,324,490.0159414,0,3527.165,8227.54,3289.259694,2092.272,9208.534,15984.21,1.253778467,1,2.282423354,4.430803398,160,289.1741562,0,1506.557,3935.944,2174.329781,1419.779,5751.712,12484.475,1.236164951,1,2.249757306,4.95764573,777,375.8704376,0,1833.651,6841.709,2878.012169,1538.751,11009.546,21170.763,1.337383803,1,2.563005667,8.556679703,660,399.5689576,0,2329.637,7686.347,2897.83328,1559.582,9970.054,20143.39,1.263896492,1,2.388117244,5.672983333,163,380.0090184,0,1640.214,8929.149,3066.907963,1299.458,9134.131,28479.054,1.329835839,1,3.163721512,5.495048449
s2-95-lognormal,shortest_estimate+topology_aware+conservative,13,0.154854264,0.01804645247,0.06285572582,0.0360962201,0.0356703567,0.002185508936,2000,1600,0,546.9216594,0,1863.048,9553.176,2654.797909,1414.916,8488.926,17855.118,1.233584922,1,2.319959068,4.708064897,1.233584922,2422.742315,351,2276.644892,9538.572,0.9037314392,0.5143351168,0.2349097045,0.9639037799,137.69014,0,0,137.6900689,7.111111115e-05,0,0,0,0,0.9978144911,1.129106257,0.9643296433,0.0356703567,813,173182.277,470,420,3840,628,574.0053073,0,1947.08,11676.072,2694.928037,1596.447,8247.645,17855.118,1.209763923,1,2.313949462,4.783609702,479,361.3571754,0,1039.148,5732.765,2306.076791,1149.752,7358.574,17126.549,1.184431893,1,2.095274107,3.996806142,328,528.115561,0,1275.269,9538.572,2366.202424,1228.499,6747.896,19140.683,1.337349461,1,2.868106544,6.179809098,165,1019.923218,0,5132.827,36857.488,4088.10103,2056.515,12594.82,45046.76,1.260670495,1,2.373648363,4.645662524,787,506.336803,0,1773.228,9553.176,2612.872213,1404.193,8288.924,17169.353,1.194451164,1,2.031299609,4.533309224,643,480.1768647,0,2036.129,9470.628,2548.434331,1485.408,8488.926,18523.884,1.246374363,1,2.319959068,5.779324344,170,987.2580412,0,1947.08,38951.127,3251.193812,1334.715,9335.853,54049.445,1.366377022,1,2.967920302,5.732300705
s2-95-lognormal,shortest_estimate+topology_aware+conservative,14,0.1717474174,0.02116120627,0.06926029948,0.04326084265,0.03647798742,0.001587081616,2000,1600,0,552.6183475,0,2052.88,12302.86,2543.948185,1155.15,9195.339,23784.544,1.329292153,1,2.720375789,6.060487751,1.329292153,2578.659129,378,2141.214881,9213.335,0.902741827,0.4358123529,0.2254998279,0.9567391573,165.7279444,0,0,165.7278661,7.834343438e-05,0,0,0,0,0.9984129184,1.112094732,0.9635220126,0.03647798742,795,157994.798,552,464,3820,594,375.2234764,0,1754.474,7451.439,1778.784503,718.184,6933.633,14323.807,1.364920939,1,2.869868694,6.060487751,514,775.154677,0,3936.596,14873.582,3138.127088,1640.416,9987.541,23614.976,1.339842669,1,2.907895535,5.844604812,336,357.622,0,1760.676,3715.175,1976.958512,983.301,6967.783,10684.585,1.297499618,1,2.570139623,8.606855442,156,914.846891,0,4195.679,23219.978,4720.921269,1685.728,25818.836,36197.099,1.22734233,1,2.08888904,6.478618127,805,486.6201739,0,1927.878,7973.183,2488.678037,1155.117,8888.213,19304.891,1.286604906,1,2.590353148,4.748322244,635,577.5315575,0,2405.883,14188.629,2487.035578,1165.318,9386.124,23784.544,1.370044817,1,2.934467975,7.006580155,160,785.7973562,0,3936.596,22449.213,3047.898025,1063.426,9693.305,33025.582,1.382325229,1,2.662417126,7.172290554
s2-95-lognormal,shortest_estimate+topology_aware+conservative,15,0.2844814598,0.0243233437,0.1413756531,0.06094072733,0.05597014925,0.001871586382,2000,1600,0,1574.291704,0,4190.384,33610.291,4677.390004,1821.457,16074.558,48038.874,1.400712108,1,3.126883906,8.338217837,1.400712108,2705.486334,357,6229.145588,32135.941,0.8996539345,0.5052730363,0.2278481074,0.9390592727,362.0571022,0,0,362.0569965,0.0001057373739,0,0,0,0,0.9981284136,1.110203489,0.9440298507,0.05597014925,804,270875.619,579,501,3920,654,1614.481662,0,4577.06,32417.011,4202.704532,1600.733,15154.668,41567.828,1.426264737,1,3.146736703,8.575861987,498,2303.873305,0,5322.774,60153.752,6533.543578,2620.434,19040.365,67728.555,1.435192836,1,3.496195329,9.087182319,299,465.0259398,0,1984.695,10090.201,2453.90305,1028.717,9216.34,26075.369,1.341202351,1,2.984024473,6.794680917,149,1185.396362,0,4522.858,32135.941,5019.016966,2123.337,21699.811,43762.045,1.292729532,1,2.9646743,4.528859059,796,1807.36225,0,4238.914,35350.446,5163.540642,1855.765,16885.814,50150.297,1.397381064,1,2.991665988,9.087182319,652,1250.485988,0,4190.384,32033.884,4256.476865,1857.051,15410.619,43762.045,1.373677085,1,3.291709112,7.532870186,152,1742.694158,0,4891.129,56973.496,3936.991704,1333.933,11905.312,61000.156,1.534122282,1,3.452687241,11.88409502
s2-95-lognormal,shortest_estimate+topology_aware+conservative,16,0.1942360541,0.02509013898,0.07650434489,0.05340250382,0.03855721393,0.0006818524502,2000,1600,0,1132.400202,0,2267.594,34906.901,2790.35277,871.65,8335.216,40413.826,1.364772092,1,3.225459161,7.23535053,1.364772092,2720.629708,364,4195.175959,27357.11,0.887767823,0.5738673654,0.2077733097,0.9465974962,192.4479689,0,0,192.4478653,0.0001035959596,0,0,0,0,0.9993181475,1.073470059,0.9614427861,0.03855721393,804,144034.344,445,400,3891,625,808.0118656,0,1801.992,24502.721,2233.568822,693.155,6537.577,32196.781,1.328738992,1,3.012100329,6.268158988,493,1366.23928,0,3027.218,44277.91,3355.937641,964.935,11353.988,54172.198,1.361899371,1,3.933072639,7.23535053,322,1132.797562,0,2154.246,34906.901,2565.335916,819.868,6294.674,39040.115,1.426361525,1,3.311600262,9.841067987,160,1678.2258,0,2378.274,58627.07,3675.4281,1273.396,8476.89,63103.822,1.390429229,1,2.548943169,13.52911128,796,1066.666462,0,2541.579,38824.953,2779.284383,843.642,9281.859,54172.198,1.338750915,1,3.058154648,6.140341085,633,1354.014291,0,2267.594,38547.598,2965.241605,930.314,7381.952,54394.618,1.408629319,1,3.68505115,9.010098955,171,618.0279181,0,1142.806,19278.907,2194.480275,811.927,6600.501,24362.256,1.323551232,1,2.798295379,7.261819694
s2-95-lognormal,shortest_estimate+topology_aware+conservative,17,0.2257103848,0.02099789239,0.1072460083,0.04891981679,0.04755784062,0.0009888267116,2000,1600,0,1411.517784,0,3178.779,49004.833,4211.469862,1685.925,13051.964,61354.696,1.335348283,1,2.699380996,6.751558494,1.335348283,2587.725347,372,5318.339578,40430.884,0.8925882482,0.4387227856,0.2075330454,0.9510801832,272.9781111,0,0,272.9779937,0.0001173737374,0,0,0,0,0.9990111733,1.081395118,0.9524421594,0.04755784062,778,241792.66,503,443,3760,628,1481.032669,0,2920.566,47904.525,4483.457604,2046.075,14406.266,56437.841,1.359659534,1,2.563216003,9.451266942,486,1828.761374,0,5396.759,68548.239,5104.846056,2084.183,16183.063,85238.649,1.357221259,1,2.738756337,8.997184191,340,624.9931235,0,2095.528,11197.537,2493.009453,957.614,8169.628,23820.091,1.257319837,1,2.699530848,4.271130619,146,1555.234575,0,2859.436,53084.613,4069.602795,1850.123,11704.008,63019.426,1.339676636,1,2.61254402,9.567439162,822,1406.338775,0,2811.829,40430.884,4168.001075,1671.181,12981.659,69599.993,1.32631453,1,2.738756337,6.751558494,617,1537.30617,0,3695.171,50926.937,4405.046689,1731.892,16275.786,61354.696,1.346093048,1,2.699380996,6.173379801,161,955.9010807,0,1862.855,3305.593,3691.559559,1571.074,11518.881,26300.076,1.34029378,1,2.291531374,13.40720595
s2-95-lognormal,shortest_estimate+topology_aware+conservative,18,0.1807382039,0.02068018674,0.08921932912,0.02871691285,0.03026481715,0.01185695799,2000,1600,0,451.4852481,0,2644.467,8718.272,4429.513713,1766.548,17776.411,36305.223,1.314429869,1,2.658538394,6.117941707,1.314429869,2568.633242,356,1802.298711,8615.851,0.8566867256,0.3979342246,0.2098111986,0.9712830871,189.3545978,0,0,189.3545065,9.127272731e-05,0,0,0,0,0.988143042,1.332501671,0.9697351828,0.03026481715,793,341322.11,355,290,3398,654,590.8015031,0,3556.972,12590.369,7020.983742,3312.098,25261.656,52489.591,1.242573586,1,2.124681112,6.526601332,489,444.1457485,0,2803.456,7628.837,3017.798493,1264.201,11331.455,26814.646,1.513559516,1,4.135931834,8.154249584,318,260.452544,0,1727.566,5766.971,1673.164349,1055.266,5702.135,10464.267,1.23404717,1,2.419170792,4.775817297,139,258.8563597,0,1740.196,7465.618,3508.840633,1628.426,15008.808,17876.58,1.135878137,1,1.663797875,4.181642733,807,392.8441921,0,2537.429,7175.837,3980.067781,1649.518,16567.359,27922.209,1.365898205,1,2.611528764,6.990246985,633,518.8166983,0,2778.98,12828.513,5057.579656,1827.929,21023.821,45192.477,1.273493315,1,2.983512081,5.826061644,160,480.876025,0,3101.867,11224.187,4211.62075,2058.377,12918.803,46925.048,1.216791688,1,2.699232889,4.181642733
s2-95-lognormal,shortest_estimate+topology_aware+conservative,19,0.1034679101,0.01832966184,0.04193644197,0.02352764904,0.01444043321,0.005233724091,2000,1600,0,235.1446481,0,1242.999,4793.533,2819.996812,1204.353,9765.236,28088.722,1.258188404,1,2.356367007,5.700532345,1.258188404,2458.28732,338,975.259497,4793.533,0.8543460118,0.3804447113,0.1667546307,0.976472351,109.9242578,0,0,109.9242121,4.565656567e-05,0,0,0,0,0.9947662759,1.204206925,0.9855595668,0.01444043321,831,254538.477,349,287,3466,656,322.3325579,0,1647.095,6794.767,4056.402649,1729.898,14103.012,42543.581,1.186451403,1,2.106222385,4.025068462,468,189.4855812,0,1147.105,3226.453,1831.766816,698.23,7042.073,16823.759,1.381527232,1,2.509426755,8.922152502,316,143.2508703,0,725.475,2752.593,2222.826962,1110.064,7633.662,17476.555,1.280615411,1,2.392138231,5.700532345,160,192.7172,0,949.693,5642.444,1820.716069,926.504,7860.878,13815.558,1.147250695,1,1.826518052,4.48185899,769,295.8591756,0,1647.095,5642.444,2813.003655,1297.919,8776.869,28597.395,1.317218528,1,2.757445633,7.775531363,662,183.2039683,0,927.681,4222.265,2834.230434,1102.014,10422.386,28158.885,1.20664776,1,2.12310846,4.48185899,169,162.3355266,0,1099.979,2702.992,2796.062373,1110.064,10955.622,27094.338,1.191476813,1,2.203357445,5.9675
s2-95-lognormal,shortest_estimate+topology_aware+conservative,20,0.2249734847,0.02293972305,0.1101823038,0.03864122223,0.04607721046,0.007133025124,2000,1600,0,979.3486019,0,3265.811,24995.804,4078.086846,1617.524,16123.299,39897.352,1.380371294,1,2.949012755,8.746296547,1.380371294,2702.065463,353,3126.770037,16869.477,0.8773126834,0.316409548,0.1673570035,0.9613587778,211.5486622,0,0,211.5485733,8.892929298e-05,0,0,0,0,0.9928669749,1.223479147,0.9539227895,0.04607721046,803,237186.485,459,384,3566,645,1613.016101,0,7632.779,35654.32,6745.704994,3215.341,23854.715,54586.436,1.411186446,1,3.207021468,8.528921464,467,517.9865268,0,1793.757,13515.321,1831.096435,988.939,5451.07,18245.649,1.490094317,1,3.578062285,13.23408333,310,648.9516548,0,2580.465,10668.523,3087.138613,1713.272,9496.435,19209.078,1.244244493,1,2.212512902,5.771175546,178,469.0317809,0,558.288,24995.804,2032.720382,727.333,6682.57,32952.98,1.217915582,1,2.004362817,8.746296547,797,976.8040477,0,3091.766,25094.195,4025.385868,1553.225,14908.757,41946.626,1.41498223,1,3.207021468,8.854372281,621,1072.869335,0,5072.546,20975.211,4382.306839,1701.488,18533.857,42532.01,1.354243608,1,2.949068721,8.528921464,182,671.3905495,0,1439.754,32019.972,3270.84544,1614.162,12586.705,35624.434,1.317955784,1,2.469230994,9.883426153
s2-95-lognormal,shortest_estimate+topology_aware+easy,1,0.1585996963,0.01946858582,0.05853161296,0.05351604534,0.02586206897,0.001221383174,2000,1600,0,436.4128387,0,1734.881,7619.408,3654.8991,1423.99,10921.351,48633.587,1.296657733,1,2.502781213,7.003044087,1.296657733,2519.092387,370,1810.542962,7367.129,0.8279706479,0.4887022903,0.1917641246,0.9464839547,316.8460556,0,0,316.8459434,0.0001121212122,0,0,0,0,0.9987786168,1.093197497,0.974137931,0.02586206897,812,288796.147,236,185,3525,647,506.0534714,0,2061.406,8752.937,2820.024054,1624.88,9293.276,17549.011,1.317877172,1,3.030266493,6.767433228,468,232.9297222,0,967.5,6374.541,1841.115774,1059.219,6662.05,9427.321,1.332577776,1,2.458144082,7.575172618,333,646.1491622,0,2272.926,12481.368,8009.836459,1466.026,46679.924,86400,1.218972582,1,2.228728155,4.899608698,152,307.0076645,0,1509.726,4904.452,3252.403118,2027.985,10612.137,19921.009,1.265931406,1,2.022351809,7.7036,788,340.2523338,0,1336.453,7436.996,3531.335117,1466.182,10591.74,48633.587,1.281909896,1,2.223341276,7.593290359,648,565.4131481,0,1881.665,12774.517,3733.12335,1391.049,11752.309,53169.365,1.301045147,1,2.608086113,7.003044087,164,388.7437988,0,1620.672,9673.275,3939.527787,1300.16,10750.48,67214.689,1.350183658,1,3.192550106,8.7212
s2-95-lognormal,shortest_estimate+topology_aware+easy,2,0.1665032309,0.01843527449,0.06552984247,0.05621079078,0.02310654685,0.003220776281,2000,1600,0,486.2081244,0,1942.309,7982.688,3738.59259,1721.006,13566.584,27939.411,1.264839434,1,2.369944026,6.78462933,1.264839434,2524.57514,332,2149.749777,7982.688,0.8596453039,0.4299587442,0.1808167479,0.9437892092,348.1483022,0,0,348.1482006,0.0001016565657,0,0,0,0,0.9967792237,1.154562059,0.9768934531,0.02310654685,779,298421.516,251,204,3530,636,668.3893365,0,2141.856,9859.243,5278.038384,2192.64,19233.354,38494.289,1.215600947,1,2.368593976,4.712587072,502,336.6402351,0,1779.045,7501.595,2854.030504,1640.097,9740.987,16762.469,1.242914954,1,2.322970622,5.577888513,311,341.2033376,0,1730.242,7464.558,2109.129553,1311.772,6774.748,12130.478,1.403486732,1,3.081526665,9.59258894,151,514.7665232,0,2173.685,14396.497,3551.345219,1740.092,13150.249,34142.899,1.25955769,1,2.086273677,6.939561371,821,557.5067783,0,2111.345,9795.596,3928.89428,1732.498,13633.339,33047.421,1.251923507,1,2.393353675,5.669643116,635,343.3762,0,2032.351,7588.09,3494.474754,1745.461,13161.46,24385.353,1.280082559,1,2.3268894,7.852232614,144,709.5558819,0,1275.221,9859.243,3730.100493,1601.846,13775.162,29759.55,1.271260207,1,2.271818306,7.500459305
s2-95-lognormal,shortest_estimate+topology_aware+easy,3,0.2380871674,0.0279479587,0.123796645,0.04406885567,0.04010349288,0.002170215184,2000,1600,0,1041.151891,0,3669.341,22631.538,3666.295698,1449.871,12531.695,36045.448,1.442042012,1,3.592845759,8.221648077,1.442042012,2819.783998,377,4258.843427,20803.032,0.8934472256,0.5449295716,0.2492167646,0.9559311443,207.2819644,0,0,207.2818644,0.0001000404041,0,0,0,0,0.9978297848,1.125263971,0.9598965071,0.04010349288,773,219288.923,302,268,3934,639,1705.688454,0,5637.39,37582.413,5507.396912,2049.224,21115.963,49806.705,1.463823039,1,3.758985105,9.680054757,481,449.6368794,0,2075.244,10001.686,2093.526125,1076.911,6401.303,14991.7,1.484679958,1,3.492580083,11.42505546,318,756.8337358,0,2895.396,20803.032,2980.204755,1501.027,10759.461,30633.197,1.319405932,1,3.198408763,5.501151219,162,734.3187469,0,2859.632,13538.942,2420.711802,1159.478,8272.702,24017.556,1.470260195,1,4.356409352,8.14165203,827,888.9396421,0,2871.936,22631.538,3585.697681,1476.184,12627.007,38228.726,1.410593215,1,3.604979225,7.498992627,629,1130.951431,0,3929.062,17117.55,3567.863383,1423.471,11812.887,31820.741,1.515617247,1,4.349324168,10.48701545,144,1523.065917,0,5637.39,30140.965,4559.13241,1415.03,13535.721,48304.101,1.301273489,1,2.659458201,5.279829593
s2-95-lognormal,shortest_estimate+topology_aware+easy,4,0.2006813441,0.02366863727,0.0926110892,0.04252724296,0.03708609272,0.004788281977,2000,1600,0,861.6566962,0,2744.999,15094.993,3469.321525,1705.461,11357.356,25263.114,1.3915139,1,3.042718216,7.541740587,1.3915139,2805.890816,354,3764.313124,14962.923,0.885658685,0.5877763399,0.2433402848,0.957472757,204.1018622,0,0,204.1017641,9.814141418e-05,0,0,0,0,0.995211718,1.187664469,0.9629139073,0.03708609272,755,199622.467,290,252,3923,615,465.9194732,0,2744.999,10080.692,2447.697218,1085.579,10310.113,17594.981,1.526335846,1,3.671686722,9.710805089,495,1472.797335,0,3333.738,64600.547,5118.664794,2449.352,16275.339,86400,1.312762036,1,2.388379865,7.714778242,334,818.0303323,0,2156.714,9093.903,3160.61656,1690.202,8990.671,19634.486,1.285157454,1,2.581101756,7.467696502,156,575.9835,0,3452.023,6673.682,2924.331071,1836.873,9731.302,16690.627,1.337601907,1,2.889507285,5.840549933,845,879.8531314,0,3213.012,15572.558,3606.434529,1719.044,12270.233,31853.672,1.373183145,1,2.979096945,6.772889738,608,744.8317796,0,2046.068,7610.319,3232.270952,1687.49,9510.453,20532.025,1.383787749,1,2.36046522,7.541740587,147,1240.252354,0,4153.368,14962.923,3661.609007,1505.555,11202.311,22528.247,1.52884035,1,4.496143005,7.933684304
s2-95-lognormal,shortest_estimate+topology_aware+easy,5,0.1458289871,0.01628992668,0.05767955689,0.04423575456,0.0225464191,0.005077329879,2000,1600,0,387.5638631,0,1709.626,7838.654,2571.467019,1555.655,8048.571,15659.45,1.227907322,1,2.094149151,5.258167261,1.227907322,2444.714567,334,1716.447934,7838.654,0.8781967923,0.40877061,0.2112729796,0.9557642454,166.9014733,0,0,166.9013884,8.492929296e-05,0,0,0,0,0.9949226701,1.214531444,0.9774535809,0.0225464191,754,181119.95,257,217,3567,639,418.5635556,0,1915.334,10265.521,2553.748421,1452.845,8843.63,15910.596,1.243252388,1,2.386255521,5.373838198,486,397.1738272,0,1849.491,12252.684,2221.682214,1386.442,6585.02,16879.03,1.214350693,1,2.277967171,5.55466044,322,348.0248478,0,1244.489,7594.857,3103.522484,2246.104,8252.079,12754.754,1.142206334,1,1.788140147,4.408376126,153,310.7816209,0,1572.331,4213.293,2636.798647,1605.466,8059.987,15386.477,1.387245509,1,1.802762737,4.039294537,846,437.6796348,0,1827.355,12252.684,2662.992895,1530.578,9053.893,17150.151,1.202519107,1,2.048542894,4.942660267,602,332.1184817,0,1337.189,4178.806,2432.761583,1555.872,6699.557,12646.313,1.260881847,1,2.050783814,5.344736085,152,328.2229211,0,1929.636,7642.743,2611.399789,1750.791,9041.889,14738.915,1.238616309,1,2.439132616,5.34767812
s2-95-lognormal,shortest_estimate+topology_aware+easy,6,0.2516650681,0.03185219509,0.1109697514,0.04458956751,0.05445544554,0.009798108501,2000,1600,0,1371.004655,0,3289.151,42353.632,3296.973172,1242.51,10585.192,48402.698,1.555562085,1,4.094754299,11.42848511,1.555562085,3031.741603,388,5596.869222,38223.82,0.8836284275,0.6213499193,0.247578468,0.9554104325,158.6860822,0,0,158.6859889,9.333333334e-05,0,0,0,0,0.9902018915,1.314157816,0.9455445545,0.05445544554,808,151981.877,278,234,3921,647,1415.245638,0,2503.699,48535.373,3482.271227,1335.396,9988.551,53268.096,1.565525478,1,4.413063838,12.65161865,472,1135.5801,0,2640.254,33832.078,2923.976498,1216.969,9297.792,43596.371,1.551826143,1,3.986044842,10.86143413,318,729.9501635,0,1936.18,14554.144,1989.238811,1039.833,5215.351,16771.278,1.397090606,1,2.801865008,10.47341514,163,3127.764178,0,26550.702,65576.976,6192.838914,1435.529,34758.768,70415.878,1.835997539,1,6.902934295,12.29444674,792,1221.432032,0,2536.929,42734.288,3233.383081,1277.432,10861.588,49958.947,1.508451388,1,3.761579579,11.42848511,644,1303.406974,0,4040.673,33832.078,3108.603155,1207.851,10522.979,43596.371,1.601491298,1,4.688636633,11.49235,164,2358.775537,0,4257.376,57343.967,4343.763683,1243.408,11842.864,63226.668,1.602716102,1,4.48876311,12.65161865
s2-95-lognormal,shortest_estimate+topology_aware+easy,7,0.2404596915,0.02563966779,0.1301359354,0.03640714299,0.04466501241,0.003611932953,2000,1600,0,855.6858062,0,3857.238,23211.926,4668.727249,1641.505,19401.672,46953.934,1.451650966,1,3.296103757,10.91563966,1.451650966,2823.539969,369,3544.364073,22347.807,0.8652403083,0.5096639504,0.1924389279,0.963592857,253.2577822,0,0,253.2576888,9.34141415e-05,0,0,0,0,0.996388067,1.186428695,0.9553349876,0.04466501241,806,339574.561,276,242,3653,632,674.038837,0,3000.369,19252.411,4002.955451,1485.992,14821.059,36719.609,1.347599147,1,3.008125825,6.602516077,504,1078.544901,0,6295.878,23121.361,6735.321976,2024.835,37494.879,73347.309,1.484022221,1,3.279753708,13.22695215,308,831.3281331,0,4613.006,23782.712,3328.266425,1221.644,13097.72,31790.802,1.598830298,1,4.333321079,11.55613913,156,919.6733974,0,3686.754,31763.667,3335.816788,1584.339,12371.768,37015.619,1.478025339,1,3.332629949,10.56627266,794,935.4990756,0,4441.55,25171.962,4904.235982,1723.215,21674.882,54853.413,1.385974044,1,3.168842111,9.638414057,644,746.7869767,0,3451.978,20796.473,4461.038241,1564.345,17863.644,45049.42,1.552705871,1,3.800874581,16.67087645,162,897.4087099,0,3000.369,23782.712,4340.071617,1565.028,21646.478,37186.47,1.371824526,1,2.784790322,8.900018636
s2-95-lognormal,shortest_estimate+topology_aware+easy,8,0.123276959,0.01953841562,0.04258967933,0.03708915414,0.02125,0.002809709905,2000,1600,0,295.0079294,0,1262.361,5126.891,1822.440764,831.45,6291.622,15941.74,1.261806434,1,2.511758174,5.425629878,1.261806434,2495.847598,390,1146.883056,4276.393,0.8558932188,0.4556331842,0.1761799597,0.9629108459,99.26122,0,0,99.26114012,7.987878791e-05,0,0,0,0,0.9971902901,1.137339602,0.97875,0.02125,800,124122.986,257,208,3645,674,317.9830119,0,1569.916,5437.075,1523.529553,703.975,5315.625,12122.439,1.305350717,1,2.723782833,6.0913981,490,180.2527408,0,1001.624,3414.166,1553.147388,721.705,5047.9,19375.901,1.17234889,1,2.249635118,4.072223976,303,441.9647162,0,1362.22,10758.629,2669.459574,1283.422,8006.925,28438.582,1.33335882,1,2.688584109,6.467147654,133,266.563797,0,1362.587,3112.178,2399.682955,1195.609,9994.052,16062.694,1.207708513,1,2.333098576,3.876312147,800,295.7699462,0,1124.377,4166.481,1846.996446,811.344,6355.266,17798.851,1.284249274,1,2.56073446,6.331320527,629,301.1532162,0,1362.587,4622.283,1826.542521,863.593,5677.231,14544.398,1.245512477,1,2.414257609,4.743905537,171,268.838345,0,1569.916,7130.338,1692.472632,807.188,6782.995,11809.61,1.21674577,1,2.572961008,4.072223976
s2-95-lognormal,shortest_estimate+topology_aware+easy,9,0.1227885885,0.0182160243,0.04577202693,0.03465228712,0.02392947103,0.0002187791547,2000,1600,0,611.9161969,0,1356.686,17571.189,3034.790833,1284.488,10280.909,30186.614,1.240392547,1,2.34175835,6.123170507,1.240392547,2582.8013,346,2723.887289,17549.737,0.8814927955,0.3973889695,0.1985115982,0.9653477129,156.8935067,0,0,156.8934208,8.585858589e-05,0,0,0,0,0.9997812208,1.040078385,0.976070529,0.02392947103,794,200685.649,237,197,3690,645,608.3844806,0,1296.506,17571.189,3016.214602,1336.4,8909.997,34004.42,1.253923038,1,2.374287329,6.207754726,474,628.6076962,0,1043.378,19966.611,3011.401909,1151.398,10848.795,27487.144,1.213700941,1,2.0949592,4.938773469,330,640.2244939,0,1810.981,28548.241,3398.711676,1527.393,11378.759,38987.041,1.242240932,1,2.680479155,6.242868018,151,512.7403576,0,1413.983,8951.94,2392.235477,951.29,11162.545,27484.506,1.262344115,1,2.415758801,7.80922052,806,624.6632804,0,1810.981,17571.189,3111.603841,1291.774,10972.605,30186.614,1.246238527,1,2.188610105,5.579932237,627,691.4167002,0,1195.498,22856.593,3129.70126,1337.722,9127.51,44810.907,1.253199289,1,2.463378535,7.026193906,167,251.9104192,0,766.128,7967.575,2307.724234,1171.588,8690.053,17588.548,1.164095014,1,1.895762609,4.036444978
s2-95-lognormal,shortest_estimate+topology_aware+easy,10,0.2706893122,0.02458452381,0.1418883375,0.04924711358,0.0533159948,0.001653342552,2000,1600,0,1341.620817,0,4205.58,29401.765,4195.261977,1489.2,13981.405,39540.561,1.353176647,1,3.160459877,6.750952183,1.353176647,2821.686511,352,5914.378599,28648.836,0.8925492664,0.5530332875,0.225502733,0.9507528864,306.7543644,0,0,306.7542673,9.713131314e-05,0,0,0,0,0.9983466574,1.109552004,0.9466840052,0.0533159948,769,284809.047,282,255,3959,626,941.6557636,0,5528.318,18398.666,3724.319768,1696.481,13976.449,27113.034,1.3565121,1,3.138786049,6.750952183,484,2353.805742,0,6182.849,72958.023,6180.381632,1408.46,20582.704,96780.448,1.364636877,1,3.212107746,8.382516579,343,1032.074,0,3380.707,19672.165,3258.459942,1494.502,8015.345,29761.388,1.378425326,1,3.649806855,6.635366942,147,434.5131905,0,1830.664,7628.587,1850.60217,971.132,5711.995,15773.924,1.242326022,1,2.215573189,5.469240708,831,1453.346075,0,3250.039,31201.243,4218.667297,1497.815,13981.405,52192.707,1.360007744,1,3.304592668,7.790587832,627,1395.193783,0,6328.621,26297.277,4349.269769,1470.068,15442.405,42433.332,1.364282905,1,3.152958239,6.635366942,142,451.2409718,0,3544.387,8002.275,3378.271092,1643.67,12522.104,19404.994,1.264160692,1,2.1738508,5.798432819
s2-95-lognormal,shortest_estimate+topology_aware+easy,11,0.1696029972,0.01916509731,0.08422153361,0.03576305935,0.02589395808,0.004559348868,2000,1600,0,654.7087781,0,2496.332,9627.823,3454.62216,1591.439,11659.791,30061.765,1.273627826,1,2.463766293,5.783089473,1.273627826,2482.868715,333,2995.437655,9627.823,0.8754454656,0.5556020979,0.2080095056,0.9642369406,167.7911089,0,0,167.7910053,0.0001035959596,0,0,0,0,0.9954406511,1.177879764,0.9741060419,0.02589395808,811,232941.682,241,197,3749,640,904.5865812,0,2496.332,22725.806,4194.109292,1772.743,14910.897,42482.109,1.26644432,1,2.357284454,7.767681262,470,362.6651574,0,1747.368,7668.114,2510.129057,1476.859,8128.074,15127.586,1.204331744,1,2.311415287,4.842902735,327,651.8127737,0,2819.797,6576.148,3193.89389,1417.768,10987.488,26474.038,1.41855799,1,3.122301647,5.524933151,163,521.4922209,0,3648.281,11696.949,3797.555521,1883.662,13950.331,25425.573,1.210894316,1,2.066962771,7.337903329,789,640.8810672,0,2819.797,9627.823,3531.814297,1658.982,12753.297,30974.656,1.296955663,1,2.882460093,6.783328551,653,662.6363201,0,1747.368,10215.459,3183.243873,1501.174,9902.402,25652.219,1.267045597,1,2.071138061,5.379949529,158,690.9959873,0,2936.077,15977.574,4190.732449,2030.595,16073.222,33187.906,1.18434005,1,1.727665691,4.80778565
s2-95-lognormal,shortest_estimate+topology_aware+easy,12,0.1550456962,0.0196333268,0.06838415439,0.03402865723,0.03280680437,0.0001927533621,2000,1600,0,387.3831212,0,2026.911,7084.919,2902.249388,1502.635,10505.21,21030.18,1.28029953,1,2.523959467,5.139669068,1.28029953,2555.44182,349,1677.276158,6661.878,0.8808323442,0.5835840432,0.2576990885,0.9659713428,138.2529089,0,0,138.2527973,0.0001115959596,0,0,0,0,0.9998072466,1.036637363,0.9671931956,0.03280680437,823,200341.006,301,262,3812,597,261.4702178,0,1432.044,5762.531,1745.137047,983.345,5633.496,15709.167,1.303844439,1,2.712850423,5.853926501,519,431.1602909,0,2462.909,7112.601,4147.513177,1895.55,16343.003,25827.393,1.263862012,1,2.338481549,4.493996435,324,600.7786327,0,2771.761,7284.262,3402.176133,2130.152,9208.534,16114.445,1.274375323,1,2.485770793,3.793632961,160,283.0675375,0,1518.815,3662.698,2168.048737,1414.106,6549.233,13344.853,1.257763308,1,2.374728749,5.638176346,777,379.208825,0,2091.761,5762.531,2877.46325,1515.134,11009.546,20912.821,1.274522203,1,2.38494921,5.051257689,660,384.031153,0,2095.494,7084.919,2878.851458,1553.979,9883.917,19160.372,1.271702896,1,2.5067663,5.530636304,163,439.9213252,0,1991.99,9403.935,3115.141804,1326.021,10054.638,29007.935,1.342647763,1,2.901566079,6.794796996
s2-95-lognormal,shortest_estimate+topology_aware+easy,13,0.1630940194,0.01877274246,0.06886084021,0.03827379241,0.036900369,0.0002862753323,2000,1600,0,598.5745406,0,2041.04,14419.042,2709.477488,1446.201,8484.815,21189.552,1.266330739,1,2.413327172,6.111864916,1.266330739,2503.800574,351,2660.605034,14178.484,0.8947453574,0.5660298675,0.2419245248,0.9617262076,146.3271267,0,0,146.32706,6.66666667e-05,0,0,0,0,0.9997137247,1.043313087,0.963099631,0.036900369,813,171318.563,296,265,3813,628,649.8170223,0,2036.058,14419.042,2781.405809,1596.79,8247.645,20631.545,1.250881506,1,2.282394785,5.996913529,479,472.4418998,0,1506.297,17200.754,2416.824495,1174.801,8117.921,26826.092,1.263883926,1,2.512722539,6.520924833,328,524.3150701,0,1956.945,13792.617,2365.988784,1203.588,6747.896,26800.407,1.305061045,1,2.441300817,6.404971255,165,917.3282545,0,4389.644,35973.942,3968.108358,2080.66,11753.479,46270.269,1.255243478,1,2.328649901,5.807213101,787,514.9275591,0,1645.899,14452.499,2619.043544,1427.514,8330.086,20869.14,1.225723989,1,2.246176379,5.140156839,643,529.5824557,0,2467.935,13792.617,2602.71714,1482.653,8231.667,20676.868,1.281141661,1,2.566204862,6.45776795,170,1246.763276,0,3674.714,35973.942,3531.938771,1377.587,10284.649,53165.899,1.398295976,1,2.718454512,8.26797998
s2-95-lognormal,shortest_estimate+topology_aware+easy,14,0.1958276864,0.02492383174,0.07473491576,0.05697764947,0.03647798742,0.002713302052,2000,1600,0,632.08184,0,2215.148,14292.083,2629.62565,1172.789,9386.124,23405.788,1.375748306,1,3.204079559,6.817083274,1.375748306,2640.189765,378,2537.501286,12357.48,0.8888024883,0.5884192372,0.2494338619,0.9430223505,221.4506,0,0,221.4504746,0.0001254141415,0,0,0,0,0.9972866979,1.14299425,0.9635220126,0.03647798742,795,169138.811,323,266,3834,594,406.3775522,0,1544.078,6424.108,1818.125519,743.422,7055.757,14959.339,1.442182396,1,3.581208938,7.76070486,514,925.5178054,0,3795.652,17421.716,3300.385354,1664.404,10255.033,23033.477,1.382636375,1,3.204079559,6.439087799,336,396.2131756,0,2081.341,3753.084,2013.223652,1002.625,6769.792,14639.441,1.300689187,1,2.871243866,7.461892318,156,1032.68525,0,1943.296,29059.391,4837.136301,1611.775,25809.39,43157.609,1.261758225,1,2.202734004,6.522754713,805,534.377164,0,1981.174,10839.896,2543.764675,1175.271,8878.753,20396.403,1.354797176,1,3.195871938,6.384905121,635,759.5571244,0,2430.783,24269.052,2673.142712,1186.301,9575.427,30720.439,1.386973994,1,3.401769464,7.461892318,160,617.7409563,0,4107.067,9974.403,2888.905344,1103.007,11569.365,33025.582,1.436606732,1,2.774746932,13.5034979
s2-95-lognormal,shortest_estimate+topology_aware+easy,15,0.260182317,0.02704860357,0.1222051844,0.05444049705,0.05099502488,0.005493007054,2000,1600,0,1424.177239,0,3622.17,35643.804,4521.559304,1807.915,15346.819,48434.329,1.515740592,1,3.477229291,11.13397878,1.515740592,2899.329539,357,6225.51935,35412.088,0.8840047571,0.5886301713,0.2454114849,0.945559503,321.2148844,0,0,321.2147955,8.892929303e-05,0,0,0,0,0.9945069929,1.214521882,0.9490049751,0.05099502488,804,263858.276,247,223,3923,654,1489.595651,0,4295.229,38862.185,4068.074587,1600.733,14091.966,48299.217,1.632457916,1,3.652039123,14.54474813,498,2024.753068,0,5439.697,60946.144,6254.853504,2594.738,18826.602,67201.086,1.448667233,1,3.274437746,11.79450893,299,259.4826522,0,1249.707,6332.882,2237.540973,1022.381,7387.462,18674.868,1.344115689,1,3.1588,9.040945521,149,1466.950906,0,3636.904,42109.598,5302.230268,2079.069,27195.313,48434.329,1.572017426,1,2.76344665,13.50440198,796,1406.003382,0,3350.644,35412.088,4763.276317,1854.145,16074.558,48038.874,1.452666138,1,3.480288074,9.430905726,652,1404.16802,0,3869.678,46651.95,4399.749748,1793.851,15613.023,55963.135,1.595563996,1,3.108144264,14.54474813,152,1605.179875,0,3622.17,35643.804,3778.224355,1392.683,8647.878,60576.851,1.503651152,1,3.6370702,9.787416309
s2-95-lognormal,shortest_estimate+topology_aware+easy,16,0.2195349236,0.02593864259,0.0929792395,0.0559974349,0.04353233831,0.001087268316,2000,1600,0,1115.649031,0,2755.911,37042.95,2774.634259,871.308,10257.388,39762.018,1.464281163,1,3.334538419,11.04302774,1.464281163,2826.467241,364,4842.490288,34453.601,0.8831575939,0.6112024502,0.2368767077,0.9440025651,202.3541067,0,0,202.3539961,0.0001105858586,0,0,0,0,0.9989127317,1.088693554,0.9564676617,0.04353233831,804,146212.7,287,250,3892,625,910.3081728,0,2133.272,24482.494,2335.391906,709.746,10308.587,30554.716,1.409939241,1,3.1852172,7.294938512,493,1196.305237,0,2991.677,37606.886,3191.886493,983.48,12510.012,39762.018,1.534991762,1,4.025430082,13.6087446,322,1241.985506,0,2034.463,38644.275,2667.175702,841.806,7024.82,42425.247,1.478503797,1,3.487565474,11.07564258,160,1414.987663,0,5297.385,41003.309,3421.0266,1299.743,10239.214,49725.241,1.430054212,1,2.735607828,11.04302774,796,1233.121899,0,3040.596,38932.46,2949.962275,853.953,11786.043,47388.852,1.534635461,1,4.141441991,13.74251495,633,1133.022445,0,1954.264,37054.642,2745.482962,925.142,9141.79,42294.169,1.386904241,1,3.153166631,9.609086219,171,504.5041462,0,1470.22,13104.759,2066.398409,820.149,6468.16,22799.444,1.423214323,1,3.05084987,14.98407299
s2-95-lognormal,shortest_estimate+topology_aware+easy,17,0.2581488962,0.02675073052,0.1159850233,0.05143634332,0.04884318766,0.01513361139,2000,1600,0,1636.872681,0,3437.804,53337.931,4440.820131,1767.909,14447.77,63528.056,1.683565173,1,3.438936265,12.55979468,1.683565173,3155.889466,372,6946.102145,50772.267,0.8753351041,0.5386127667,0.2205428709,0.9485636567,287.7820756,0,0,287.7819792,9.632323236e-05,0,0,0,0,0.9848663886,1.340184282,0.9511568123,0.04884318766,778,234492.15,232,203,3815,628,1840.808826,0,5408.848,53337.931,4845.568938,2028.177,15341.411,63528.056,1.562373001,1,3.663777222,14.64574205,486,1913.029663,0,3823.551,57076.449,5199.836786,2140.618,16077.367,69770.309,1.902886083,1,3.026127239,16.1077,340,726.9773912,0,1905.971,18841.108,2598.291391,957.614,8340.615,30817.619,1.470562,1,3.356600341,6.367601895,146,1959.339849,0,1345.716,68671.158,4464.076473,1883.202,11209.629,78605.971,1.970824078,1,3.438936265,13.41994176,822,1791.990554,0,2475.963,55860.373,4560.253026,1786.824,13822.507,75352.554,1.631642234,1,3.800277393,11.70193201,617,1581.91119,0,4290.196,51241.457,4450.802464,1796.584,18550.621,61309.998,1.535581502,1,3.085214596,13.41994176,161,1055.533236,0,1452.546,17389.977,3792.789453,1578.087,11209.629,26300.076,2.515779959,1,2.41454904,15.5409145
s2-95-lognormal,shortest_estimate+topology_aware+easy,18,0.1678233681,0.02158313814,0.07883696435,0.03504869254,0.03026481715,0.002089755956,2000,1600,0,486.9279525,0,2336.733,10334.396,4470.414501,1766.548,17939.8,36844.16,1.326829073,1,2.774617179,7.634614603,1.326829073,2583.147701,356,2012.354986,10274.73,0.8641368695,0.4216080901,0.20987025,0.9649513075,232.6217689,0,0,232.6216691,9.983838387e-05,0,0,0,0,0.997910244,1.1331856,0.9697351828,0.03026481715,793,341322.11,245,200,3410,654,698.691208,0,4209.64,15846.282,7141.538283,3293.434,26237.255,52110.989,1.289461208,1,2.601344705,5.137276139,489,365.4537955,0,1652.784,7108.257,2939.393832,1249.354,11361.835,21466.222,1.399906935,1,3.412351034,8.686928105,318,317.5297138,0,1708.407,6891.376,1733.451538,1084.008,6076.972,9764.423,1.331281586,1,2.710948242,7.477435921,139,305.4627266,0,1301.447,6698.619,3550.330871,1628.426,15016.448,17902.278,1.235373036,1,2.336955938,6.850698831,807,443.4663978,0,1990.59,9219.574,4042.076419,1697.225,16631.465,29098.127,1.401651973,1,3.04014215,9.236686145,633,507.95109,0,2639.915,11658.678,5046.786912,1803.07,20488.145,45192.477,1.251146666,1,2.582084425,5.660212121,160,622.9643813,0,3643.878,12540.519,4350.57135,2000.791,15278.865,46925.048,1.248859598,1,3.124519828,4.870226816
s2-95-lognormal,shortest_estimate+topology_aware+easy,19,0.1247694496,0.01953008335,0.05466276221,0.02469060377,0.01805054152,0.007835458793,2000,1600,0,251.0491969,0,1620.208,4296.52,2837.160916,1238.244,9811.662,27153.86,1.353346437,1,2.51068702,7.89427707,1.353346437,2653.79347,338,1072.399432,4296.52,0.8585469321,0.3596723271,0.1649916116,0.9753093962,115.4952867,0,0,115.4952365,5.01818182e-05,0,0,0,0,0.9921645412,1.270708478,0.9819494585,0.01805054152,831,240345.429,215,184,3375,656,331.4046402,0,1952.234,6024.259,4067.228061,1744.592,13947.871,42543.581,1.277864115,1,2.447639332,7.142031527,468,198.60275,0,1088.144,3737.653,1841.188959,720.147,7278.02,15676.654,1.513555778,1,2.943033034,12.00269281,316,180.6944146,0,1333.508,2939.794,2261.664829,1144.888,7556.562,17476.555,1.354916011,1,2.464129604,8.100781841,160,213.9484313,0,1729.416,4215.047,1843.708363,919.733,6686.085,13815.558,1.191111733,1,2.041016452,5.504080508,769,262.8911743,0,1645.309,4225.082,2781.055221,1309.306,8697.456,28088.722,1.369734233,1,2.429724476,8.324343128,662,244.7068172,0,1637.501,4787.726,2897.49773,1163.008,10422.386,28158.885,1.356701934,1,2.595092055,7.902468205,169,222.0088107,0,1351.093,6024.259,2856.109485,1183.745,10955.622,27094.338,1.265633101,1,2.624234292,5.544787267
s2-95-lognormal,shortest_estimate+topology_aware+easy,20,0.2236564403,0.02717257622,0.1108302443,0.0402623873,0.04358655044,0.001804681998,2000,1600,0,849.5365525,0,3285.016,21133.105,3949.12425,1666.621,14512.306,41582.857,1.438786487,1,3.493166578,9.610828024,1.438786487,2771.81561,353,3729.028824,20116.697,0.8730472161,0.4384656257,0.1970606111,0.9597376127,220.7963711,0,0,220.7962785,9.260606065e-05,0,0,0,0,0.998195318,1.123396903,0.9564134496,0.04358655044,803,243736.979,234,209,3582,645,1328.30831,0,5249.302,30809.47,6464.888383,3190.11,22157.465,48468.849,1.492919342,1,3.493166578,12.0413604,467,461.0939679,0,1774.996,12904.072,1775.608634,1024.685,5602.202,18866.55,1.448664188,1,3.884892875,8.798062467,310,625.1898,0,2862.246,8892.55,3057.516658,1759.545,9003.985,21293.73,1.328933111,1,2.906466099,6.747041433,178,524.4938371,0,1092.876,29120.939,2088.238185,778.502,6673.197,37078.115,1.408033501,1,2.422961374,11.16377115,797,827.2506688,0,3043.105,22575.986,3875.083003,1588.85,14275.523,43830.269,1.37465274,1,3.217674675,8.274465825,621,922.8516973,0,3640.155,20116.697,4234.918198,1735.695,15121.045,39676.774,1.464849934,1,3.859775668,10.36052702,182,696.9714121,0,2553.278,39184.18,3298.205747,1622.883,11306.827,42469.368,1.630705144,1,2.77704484,16.18250353
s2-95-lognormal,shortest_estimate+topology_aware+easy_oracle,1,0.159498979,0.02094365097,0.05853161296,0.05030563995,0.02832512315,0.001392951985,2000,1600,0,435.1225306,0,1734.881,7107.962,3649.699251,1434.601,11039.843,48633.587,1.29554216,1,2.692407999,6.800249872,1.29554216,2505.166491,370,1756.004168,6832.2,0.8404777919,0.3874711469,0.1853361841,0.9496943601,296.83176,0,0,296.8316527,0.0001073131314,0,0,0,0,0.998607048,1.098842641,0.9716748768,0.02832512315,812,288796.147,253,76,3457,647,470.2826043,0,2202.888,7921.816,2778.919297,1656.273,9411.102,16862.036,1.345001661,1,2.765013936,7.47517657,468,287.015859,0,1483.058,4026.717,1887.419265,989.201,6477.103,14754.843,1.267599609,1,2.692407999,7.757416667,333,516.9049309,0,1525.783,7403.096,7885.136492,1466.182,48633.587,86400,1.224016626,1,1.998457535,5.356551187,152,562.3055263,0,1669.231,14991.651,3503.258868,2060.7,10750.48,22961.509,1.327744926,1,3.083837898,6.800249872,788,412.113736,0,1750.093,7107.962,3598.982896,1494.178,10612.137,48633.587,1.294954388,1,2.481052181,6.89487187,648,502.6267731,0,1819.868,7921.816,3668.501946,1391.049,13154.731,56899.755,1.284131822,1,2.817207962,5.356551187,164,278.9529024,0,1443.409,4026.717,3819.091573,1392.845,10592.152,67214.689,1.343451089,1,2.804250527,9.054023917
s2-95-lognormal,shortest_estimate+topology_aware+easy_oracle,2,0.1520703909,0.01737679456,0.05429569153,0.05852941354,0.02053915276,0.001329338512,2000,1600,0,462.6665363,0,1609.328,7867.276,3717.971992,1673.176,13549.258,28092.181,1.200189808,1,2.233871292,4.709168545,1.200189808,2388.85032,332,2040.181515,7439.259,0.8563043992,0.404496741,0.1878096712,0.9414705865,363.4017467,0,0,363.4016487,9.797979803e-05,0,0,0,0,0.9986706615,1.09272173,0.9794608472,0.02053915276,779,295706.07,256,65,3479,636,679.1856179,0,2165.254,10119.761,5281.800605,2164.537,19456.946,35930.973,1.187443414,1,2.293409325,4.324540937,502,251.2220478,0,1241.464,4141.675,2779.480233,1597.441,8798.522,22620.49,1.172207971,1,1.870402785,4.26176881,311,350.0693505,0,1333.567,6554.897,2115.084286,1268.053,6716.652,11756.152,1.280897122,1,2.508529566,5.841664076,151,485.5587351,0,2078.037,8262.841,3552.580881,1705.867,12350.891,34142.899,1.180677315,1,2.473523345,3.514031792,821,538.359391,0,1813.523,8262.841,3915.872208,1681.518,13549.258,32412.392,1.213124339,1,2.370996583,4.529512085,635,311.9114205,0,1601.662,5095.56,3461.356206,1705.867,13052.328,25871.625,1.181167731,1,2.020902369,4.735004575,144,695.9003194,0,1449.402,10119.761,3721.270236,1595.11,13775.162,29759.55,1.210327086,1,2.473523345,4.922556993
s2-95-lognormal,shortest_estimate+topology_aware+easy_oracle,3,0.1949337993,0.02186726022,0.08499275315,0.04524518532,0.04269081501,0.0001377856315,2000,1600,0,852.9774044,0,2519.191,12127.454,3479.179709,1402.303,11967.904,31748.742,1.342440549,1,2.811142452,6.99574352,1.342440549,2741.945561,377,3432.778544,11743.225,0.9047205415,0.541426624,0.2597895288,0.9547548147,213.0771444,0,0,213.0770484,9.60808081e-05,0,0,0,0,0.9998622144,1.029389067,0.957309185,0.04269081501,773,219683.323,357,98,3932,639,1457.613285,0,4153.157,23000.437,5262.596507,2034.821,18307.323,47271.641,1.33981267,1,2.68899505,7.307226351,481,279.6374886,0,1182.495,6059.472,1916.118287,1071.194,6175.937,11831.026,1.356585615,1,2.674123268,8.469491571,318,533.3190157,0,2400.094,11743.225,2766.859123,1444.296,10089.665,23332.283,1.318684595,1,2.877362875,6.210133863,162,797.8264136,0,1713.701,34736.792,2483.791784,1022.141,8035.165,43399.213,1.357439506,1,3.574360006,5.748833958,827,639.7574764,0,2210.825,9749.172,3339.414884,1426.919,11831.026,28825.141,1.317820979,1,2.568335245,7.307226351,629,1088.732223,0,2964.734,16338.051,3525.384882,1376.55,11298.484,35141.205,1.396669272,1,3.574360006,7.090612005,144,1047.721153,0,3484.203,13585.606,4080.030097,1318.114,13535.721,31748.742,1.246958034,1,2.151572602,4.720161696
s2-95-lognormal,shortest_estimate+topology_aware+easy_oracle,4,0.161722067,0.01924946445,0.06274320921,0.04517625447,0.03178807947,0.002765059372,2000,1600,0,724.3646075,0,1859.713,12843.387,3331.702186,1625.438,11315.241,25332.415,1.309314384,1,2.474612098,7.386416164,1.309314384,2666.585891,354,3182.290299,12039.635,0.8938722344,0.5122115698,0.2385115664,0.9548237455,217.4168378,0,0,217.4167522,8.557575761e-05,0,0,0,0,0.9972349406,1.1437287,0.9682119205,0.03178807947,755,198468.219,302,82,3924,615,321.1145415,0,1412.627,7712.565,2298.525914,1016.536,9238.14,14759.055,1.390485433,1,3.151716064,7.809422758,495,1327.812545,0,3814.736,56403.016,4985.42903,2436,14860.376,77401.227,1.294338281,1,2.174119004,10.8825901,334,720.8637395,0,1985.828,17501.983,3057.554518,1640.226,9214.164,29786.493,1.215747609,1,2.181905271,5.043467461,156,406.8091667,0,1568.097,5927.089,2744.355654,1804.543,8390.34,15760.254,1.237162327,1,2.030079257,3.27425858,845,767.0027112,0,2006.919,17501.983,3491.540928,1659.224,12356.29,32980.826,1.285747762,1,2.547542143,6.916795133,608,575.6033635,0,1494.28,6420.073,3064.928327,1605.431,9327.501,20457.255,1.333611524,1,2.18937238,8.745533191,147,1094.552626,0,2170.223,13219.523,3516.292456,1506.107,10761.126,20784.847,1.344288086,1,3.41695931,7.635968562
s2-95-lognormal,shortest_estimate+topology_aware+easy_oracle,5,0.1545268178,0.01629689069,0.05746582594,0.04746466057,0.02122015915,0.01207928147,2000,1600,0,332.9825837,0,1703.291,5448.804,2519.045367,1576.18,7345.27,14359.887,1.218076089,1,2.095044409,4.352388926,1.218076089,2420.237696,334,1394.341548,5434.993,0.8905074006,0.4510094757,0.2234525072,0.9525353394,179.6911933,0,0,179.6911192,7.410101014e-05,0,0,0,0,0.9879207185,1.339140973,0.9787798408,0.02122015915,754,181119.95,301,83,3592,639,339.0865055,0,1609.079,5619.362,2479.372191,1483.969,7930.518,15878.471,1.212451516,1,2.266690371,4.84485086,486,406.3763374,0,2040.568,6001.243,2233.383455,1364.263,6376.105,12376.24,1.215869898,1,2.021574537,5.807754529,322,228.3590217,0,1069.113,3638.83,2983.092435,2246.104,8191.277,12754.754,1.10697496,1,1.647625625,2.665927987,153,294.5447843,0,1918.977,2596.808,2615.513954,1725.888,7473.26,15386.477,1.482395525,1,2.256548214,12.95368333,846,386.9305934,0,1998.179,6199.873,2612.150826,1558.497,8059.987,15546.594,1.201867943,1,2.084808568,4.135984508,602,264.3225664,0,1236.612,3467.687,2370.975666,1570.16,6699.557,12040.097,1.237582166,1,2.007578078,4.84485086,152,304.649125,0,2270.36,5434.993,2587.273934,1750.791,8781.494,14738.915,1.231032881,1,2.422682431,5.599159052
s2-95-lognormal,shortest_estimate+topology_aware+easy_oracle,6,0.2199593649,0.02875264665,0.08678552906,0.04870672338,0.04826732673,0.007447139126,2000,1600,0,1137.644454,0,2572.329,34583.225,3066.599343,1232.945,10072.733,38985.803,1.498086348,1,3.696292301,10.42012793,1.498086348,2918.991375,388,4579.732928,30500.926,0.9073995303,0.4792874124,0.2325481937,0.9512932766,174.0884844,0,0,174.0883758,0.0001086464647,0,0,0,0,0.9925528609,1.244341943,0.9517326733,0.04826732673,808,151981.877,329,80,3922,647,1172.04864,0,1845.32,47627.27,3243.025136,1327.621,10095.985,52784.173,1.510823199,1,3.472944825,13.54532413,472,821.5540191,0,1965.364,30542.086,2617.209676,1210.358,8022.838,33953.254,1.453674536,1,2.968662701,10.04336582,318,735.362022,0,2257.063,14282.996,1996.997975,1042.025,4751.318,16261.584,1.407953367,1,3.954666459,8.218782283,163,2701.208816,0,19333.525,55415.796,5754.31511,1435.529,29162.789,61298.497,1.751975428,1,7.251381806,10.42012793,792,1036.741681,0,2758.723,34583.225,3049.900801,1293.185,10510.244,38985.803,1.466452588,1,3.704876503,9.804881846,644,1084.570502,0,2084.511,30500.926,2894.928467,1203.462,9449.617,33954.744,1.540602156,1,3.810157634,12.17803251,164,1833.343372,0,2942.763,55415.796,3821.363305,1221.974,11728.105,61298.497,1.483901944,1,3.425743895,11.15302396
s2-95-lognormal,shortest_estimate+topology_aware+easy_oracle,7,0.1700408569,0.01889949805,0.0753098807,0.02885879908,0.04342431762,0.003548361457,2000,1600,0,623.0987769,0,2232.19,13776.811,4432.450841,1578.998,17863.644,49482.788,1.325915597,1,2.429622219,5.71139966,1.325915597,2539.635353,369,2530.796913,11433.119,0.8809741581,0.3831229401,0.1837215595,0.9711412009,199.1891356,0,0,199.1890478,8.771717179e-05,0,0,0,0,0.9964516385,1.177764465,0.9565756824,0.04342431762,806,339574.561,268,81,3447,632,562.6348576,0,1858.89,11433.119,3894.419465,1480.425,14532.569,36719.609,1.230608583,1,2.421736042,4.271361197,504,804.7327103,0,3405.211,16384.91,6454.045998,2007.637,35086.488,73347.309,1.373393625,1,2.280834278,8.175726336,308,503.3526916,0,1542.104,5695.165,2988.984968,1221.644,11420.97,26312.353,1.44936706,1,2.849614732,5.013338083,156,517.6596026,0,2204.832,10639.979,2930.780064,1584.339,9333.713,24827.955,1.314903137,1,2.898946125,7.531194098,794,573.7241763,0,2278.256,11496.342,4535.005267,1666.334,17054.137,59463.071,1.24348541,1,2.189697473,5.013338083,644,682.6897811,0,2259.069,16150.549,4396.967304,1533.185,18140.71,54509.449,1.452222239,1,2.854195012,8.420976118,162,628.202642,0,1739.927,23011.417,4070.865549,1480.425,13177.012,37186.47,1.227817399,1,2.671822563,4.271361197
s2-95-lognormal,shortest_estimate+topology_aware+easy_oracle,8,0.1090583479,0.01867915775,0.03272111229,0.03396473897,0.0225,0.001193338882,2000,1600,0,243.8803356,0,969.856,5231.048,1769.671507,812.095,6348.11,14271.91,1.219605732,1,2.401296403,4.104989363,1.219605732,2392.797642,390,943.9905077,3989.682,0.8629464062,0.4272638858,0.1839824567,0.966035261,90.60539556,0,0,90.60530444,9.111111114e-05,0,0,0,0,0.9988066611,1.097278203,0.9775,0.0225,800,124122.986,302,79,3488,674,185.7441929,0,878.188,3503.244,1387.906285,691.497,5315.625,10843.05,1.220571372,1,2.566960735,4.119710468,490,173.0706245,0,541.376,4736.495,1547.676478,731.862,4867.165,17584.616,1.177448689,1,1.984557745,4.104989363,303,490.5339736,0,1907.397,11751.474,2711.209868,1283.422,8653.378,28122.434,1.291988782,1,3.045004501,5.648940671,133,237.4477519,0,1575.704,3306.397,2377.199331,1107.103,9994.052,15941.74,1.20512487,1,2.218457873,3.830678874,800,197.164985,0,853.834,3450.295,1747.238745,789.144,6130.618,15941.74,1.212896742,1,2.188744988,4.444418285,629,284.1361606,0,1071.354,5728.454,1806.428995,824.316,6403.804,14006.852,1.21116595,1,2.447187883,3.883489714,171,314.3561637,0,1412.909,9100.04,1739.412731,859.308,7509.403,10843.05,1.282037399,1,2.770201085,6.22087653
s2-95-lognormal,shortest_estimate+topology_aware+easy_oracle,9,0.1285767449,0.01946965067,0.04936486617,0.03450869954,0.02267002519,0.002563503359,2000,1600,0,560.0013119,0,1463.178,14688.109,2981.975179,1305.432,10123.078,31289.823,1.284061037,1,2.502918105,5.822518068,1.284061037,2596.647598,346,2467.349194,14551.342,0.8813349026,0.3896391924,0.2180107094,0.9654913005,156.2201556,0,0,156.2200663,8.925252527e-05,0,0,0,0,0.9974364966,1.133633592,0.9773299748,0.02267002519,794,201825.2,248,59,3663,645,666.6966837,0,1463.178,21361.568,3076.148104,1364.479,9347.212,37620.036,1.34449935,1,3.059573861,7.194633333,474,415.4359831,0,1356.286,6337.958,2798.27543,1226.521,10112.215,18986.932,1.196248715,1,2.172935158,5.350422461,330,592.5607061,0,1823.637,14551.342,3340.614318,1540.738,11378.759,36443.945,1.259095215,1,2.468769666,5.105739871,151,486.8943642,0,948.679,11400.294,2372.579338,992.253,12705.075,27441.027,1.356107727,1,2.555563088,13.65305,806,571.8840273,0,1587.505,14688.109,3062.512097,1291.774,10972.605,28623.208,1.290036371,1,2.469170862,5.695075497,627,562.2057145,0,1372.544,17468.675,2993.056225,1408.871,8988.441,32561.268,1.283521667,1,2.788784686,5.960517739,167,494.3747904,0,828.912,10868.715,2551.672353,1154.814,8409.476,18986.932,1.257247059,1,2.291997494,7.362231649
s2-95-lognormal,shortest_estimate+topology_aware+easy_oracle,10,0.2456035157,0.02467170814,0.1191367704,0.05269205265,0.04681404421,0.002288940318,2000,1600,0,1238.502953,0,3531.222,32092.295,4095.015468,1541.5,13251.692,42433.332,1.371572567,1,3.171667845,6.229016813,1.371572567,2822.928311,352,5313.24431,29915.385,0.9108509095,0.5334787965,0.2356125371,0.9473079474,329.40604,0,0,329.4059413,9.870707071e-05,0,0,0,0,0.9977110597,1.140512895,0.9531859558,0.04681404421,769,283649.563,341,97,3955,626,983.9163578,0,3527.652,32092.295,3767.887118,1769.293,12880.852,36624.217,1.41768434,1,3.456731498,8.081387323,484,2148.840626,0,5406.186,72790.651,5970.085407,1472.735,19978.185,90817.566,1.374184348,1,3.208048651,6.023455981,343,827.6598134,0,2642.757,17239.704,3072.404743,1562.377,9388.849,22810.263,1.338822244,1,2.87154371,5.452057807,147,283.992551,0,1181.77,4935.801,1700.484687,1198.632,4315.339,9746.942,1.243023509,1,2.189983415,3.680100974,831,1270.454304,0,3334.823,35719.324,4040.34316,1573.323,13538.905,51284.619,1.379735533,1,3.105319478,6.023455981,627,1373.74447,0,3937.945,32092.295,4329.849316,1486.861,13444.247,42433.332,1.395408877,1,3.456731498,6.342210403,142,454.3620704,0,1973.972,8638.994,3378.056775,1680.245,12849.803,23241.223,1.218552911,1,2.230732717,4.406707742
s2-95-lognormal,shortest_estimate+topology_aware+easy_oracle,11,0.1327724072,0.01832487971,0.05448408516,0.03758297567,0.02096177559,0.001418691057,2000,1600,0,637.12281,0,1614.912,9798.141,3438.640686,1575.496,11434.214,28244.217,1.229107539,1,2.355752241,4.852905913,1.229107539,2427.901151,333,2890.06915,9798.141,0.8786082075,0.464784125,0.2048043379,0.9624170243,176.6631267,0,0,176.6630206,0.0001061010101,0,0,0,0,0.9985813089,1.104767298,0.9790382244,0.02096177559,811,232217.852,275,66,3653,640,876.4207344,0,1968.787,17508.31,4170.767481,1772.743,14368.791,46008.492,1.226424274,1,2.33154539,5.068891063,470,279.148834,0,1286.647,8254.415,2422.72344,1485.895,7551.366,15178.326,1.172321649,1,2.4055501,4.044902817,327,529.6408563,0,1391.786,6177.667,3073.099713,1350.425,10987.488,26307.827,1.295142621,1,2.389167393,5.326306946,163,945.3663436,0,2317.55,49511.738,4226.688877,1898.063,14119.809,57372.911,1.27090623,1,2.251501205,7.298263376,789,709.0211686,0,2317.55,14496.232,3600.304266,1618.009,12212.001,32529.806,1.233911489,1,2.661898056,4.805507806,653,618.6772573,0,1096.045,8675.803,3141.516363,1502.936,9754.588,20276.132,1.245863116,1,2.33154539,5.482289546,158,354.3199051,0,1400.905,9798.141,3859.334475,1910.056,15178.326,26474.038,1.135868884,1,1.730950082,3.794852599
s2-95-lognormal,shortest_estimate+topology_aware+easy_oracle,12,0.1544684275,0.01884397195,0.07017922449,0.03383093014,0.03159173755,2.256335691e-05,2000,1600,0,407.7074519,0,2080.117,7422.802,2922.923315,1471.312,10721.889,21030.18,1.260843427,1,2.422484068,5.968760576,1.260843427,2495.159926,349,1782.94412,7316.692,0.8846020687,0.5805686203,0.2527254757,0.9661690699,137.4214467,0,0,137.4213339,0.0001128080808,0,0,0,0,0.9999774366,1.012915325,0.9684082625,0.03159173755,823,200341.006,313,91,3826,597,322.9129598,0,1050.753,7702.224,1810.409876,972.042,6131.388,17796.681,1.260740997,1,2.605724245,5.245155066,519,420.968025,0,2415.748,7316.692,4140.491985,1913.925,17577.89,25827.393,1.255037592,1,2.09676647,7.434999387,324,590.0474938,0,2860.603,12789.035,3382.041117,2110.364,10030.083,18342.208,1.27124681,1,2.428842046,5.968760576,160,311.8443312,0,1994.08,4220.312,2194.787162,1418.987,6845.201,12484.475,1.258991442,1,2.572761944,5.268287661,777,409.6325946,0,2200.069,7422.802,2908.162411,1515.647,11032.008,21266.617,1.298001798,1,2.63987888,6.434092872,660,400.5165091,0,1797.301,11235.192,2894.744374,1496.075,9970.054,20529.804,1.205900184,1,2.070197554,5.180620036,163,427.6472454,0,2278.093,10993.013,3107.385423,1271.939,9587.915,29397.129,1.30618383,1,2.80204463,4.993744334
s2-95-lognormal,shortest_estimate+topology_aware+easy_oracle,13,0.1494978579,0.01856287386,0.05960903963,0.03638657751,0.0344403444,0.000499022509,2000,1600,0,560.4163356,0,1766.816,10827.711,2668.617884,1448.1,8231.667,23122.198,1.242401472,1,2.386347545,5.106026973,1.242401472,2437.125522,351,2459.163957,10003.869,0.910092656,0.4764359079,0.2370044479,0.9636134225,138.83954,0,0,138.8394827,5.729292933e-05,0,0,0,0,0.9995009775,1.054918873,0.9655596556,0.0344403444,813,171968.953,337,104,3769,628,447.7764443,0,1852.069,9472.424,2574.293869,1600.046,8179.056,15527.282,1.222204256,1,2.280514646,4.464207277,479,479.5255491,0,1351.293,15579.244,2420.259797,1162.766,7673.495,26826.092,1.231499854,1,2.498537912,5.421490825,328,539.7719573,0,1686.502,10003.869,2377.844287,1274.141,7231.965,23848.007,1.273386606,1,2.912370113,5.022444248,165,1264.997515,0,3998.504,37632.11,4326.634515,2051.241,11814.664,54231.346,1.289326336,1,2.528005745,8.271279187,787,581.4845476,0,1543.456,15869.05,2687.043468,1429.515,7981.909,19283.579,1.234438461,1,2.397050269,5.106026973,643,474.8836485,0,1886.024,9774.424,2541.033902,1488.246,8231.667,18115.432,1.243157364,1,2.317996893,5.223411996,170,786.3977176,0,2013.638,29474.152,3065.885918,1415.416,11430.426,33527.655,1.276406476,1,3.052424047,5.347326487
s2-95-lognormal,shortest_estimate+topology_aware+easy_oracle,14,0.202050884,0.02464474519,0.08338243297,0.05412817505,0.03647798742,0.003417543389,2000,1600,0,700.7894175,0,2471.461,18561.59,2697.231301,1155.064,10217.072,26622.459,1.386392892,1,3.168201627,7.148524704,1.386392892,2659.687254,378,2867.846087,16651.41,0.8929827478,0.5877655442,0.2579458041,0.9458718249,209.7420044,0,0,209.7418872,0.0001172929293,0,0,0,0,0.9965824566,1.162959999,0.9635220126,0.03647798742,795,160936.947,312,88,3835,594,441.3928114,0,1754.474,10366.223,1852.918508,727.363,6877.533,16011.997,1.443295682,1,3.230611531,7.742113728,514,1156.715695,0,6791.863,22698.82,3524.550185,1650.372,12260.501,33941.98,1.426868028,1,3.587699364,8.285522124,336,368.9953482,0,1536.546,7900.399,1990.70203,945.815,7119.627,13665.159,1.24105359,1,2.370464512,4.927467702,156,900.9066282,0,2546.273,22361.998,4707.960321,1843.018,23409.37,33025.582,1.349402694,1,2.904014031,7.413108399,805,670.1786882,0,2488.363,15727.303,2680.685748,1137.363,9936.059,23010.137,1.387906145,1,3.334088935,6.579321543,635,650.5477449,0,2245.08,18526.2,2561.567923,1166.566,9805.222,25554.705,1.36151273,1,3.111945982,7.148524704,160,1054.196287,0,4714.152,25391.362,3318.890144,1134.947,11955.636,38869.74,1.477522486,1,2.883858874,11.63457131
s2-95-lognormal,shortest_estimate+topology_aware+easy_oracle,15,0.2233585314,0.02177591573,0.09602174262,0.06118827344,0.04228855721,0.002084042433,2000,1600,0,1025.055229,0,2846.091,22646.688,4127.008891,1819.398,13969.269,36910.023,1.35636144,1,2.799399674,7.062647196,1.35636144,2630.213063,357,4194.25,21553.544,0.9037716568,0.4433864454,0.2357737375,0.9388117266,363.6236622,0,0,363.6235649,9.733333346e-05,0,0,0,0,0.9979159576,1.134036095,0.9577114428,0.04228855721,804,267384.636,329,86,3922,654,1130.444638,0,3231.449,27116.632,3725.292578,1681.46,12492.905,32948.019,1.412920371,1,2.995168096,7.754923371,498,1404.294984,0,4401.753,24527.886,5627.283641,2621.117,16543.694,52731.451,1.315130446,1,2.77845976,7.223398794,299,316.266301,0,1559.826,4687.668,2297.460502,1028.214,7387.462,23798.264,1.356358063,1,2.848922122,9.324131905,149,717.2822013,0,2665.097,22723.26,4547.28145,1924.505,19318.237,36910.023,1.245921868,1,2.735266624,4.272053058,796,1079.307685,0,3518.864,23835.409,4436.857204,1821.457,16102.901,40051.637,1.370760396,1,2.76344665,8.805998458,652,886.9355537,0,2817.274,12432.839,3890.074791,1904.003,13237.073,29660.619,1.339357095,1,2.806114346,7.223398794,152,1333.404401,0,2604.562,21553.544,3520.704783,1392.683,9169.64,41139.936,1.353896071,1,3.274437746,4.894048427
s2-95-lognormal,shortest_estimate+topology_aware+easy_oracle,16,0.1757769339,0.02149166974,0.06049351803,0.05867109476,0.03358208955,0.001538561865,2000,1600,0,816.5229437,0,1793.032,19135.998,2477.446605,890.558,8296.363,25188.415,1.329949728,1,2.762858472,6.221283565,1.329949728,2612.109385,364,3467.541426,15343.796,0.9150557995,0.4493446984,0.2281375954,0.9413289052,212.6179178,0,0,212.6178123,0.0001054545455,0,0,0,0,0.9984614381,1.1058141,0.9664179104,0.03358208955,804,143476.408,362,107,3843,625,592.8112176,0,1553.675,10308.275,2018.378896,720.298,6971.273,18357.413,1.285655442,1,2.744064062,5.40173315,493,1000.085913,0,1972.162,27138.403,2997.915824,991.804,9714.252,35942.537,1.36915128,1,3.193412718,7.00988922,322,615.9452391,0,1426.439,13303.155,2044.828382,853.914,6720.208,17876.459,1.310316727,1,2.524283333,4.497335815,160,1528.456106,0,3300.134,58361.085,3537.628237,1325.584,8705.437,62837.837,1.421695916,1,2.547235788,13.55455562,796,706.1488606,0,2008.735,15762.886,2425.52177,873.109,8673.445,21572.306,1.335145754,1,2.755210039,6.919600722,633,1054.289313,0,1784.328,33811.461,2667.526788,952.448,7874.58,38445.761,1.335437354,1,2.789431791,6.967655471,171,450.1583743,0,1147.355,12351.206,2015.525041,807.795,6531.098,22799.444,1.285448533,1,2.847611238,4.840959867
s2-95-lognormal,shortest_estimate+topology_aware+easy_oracle,17,0.1997123221,0.01994168216,0.07824867286,0.05705343091,0.04370179949,0.0007667366812,2000,1600,0,1546.640198,0,2319.296,52666.825,4353.593367,1700.356,13430.321,66513.785,1.352094928,1,2.563600044,9.153054222,1.352094928,2616.275113,372,6558.604694,47871.323,0.8867480457,0.5206998081,0.2154277207,0.9429465691,321.1107289,0,0,321.1106118,0.0001170909091,0,0,0,0,0.9992332633,1.067124953,0.9562982005,0.04370179949,778,234741.103,281,86,3815,628,1546.966428,0,2173.454,47871.323,4557.23004,1976.466,14547.583,55240.931,1.333110009,1,2.301214366,7.762151962,486,2165.400728,0,3911.664,83645.848,5452.284144,2133.499,15675.584,88133.481,1.395743997,1,2.571847055,10.96169871,340,582.1644441,0,1736.71,13793.439,2455.047779,932.623,8340.615,31319.303,1.307948045,1,2.542521491,5.227541755,146,1731.566678,0,1823.162,62812.289,4241.661527,1836.305,11209.629,72747.102,1.391266308,1,3.529082857,9.653921022,822,1708.045802,0,2173.454,68499.381,4483.271343,1716.873,12885.388,85189.791,1.406273715,1,2.563600044,10.68667576,617,1509.867011,0,3911.664,52666.825,4377.808859,1649.924,15466.517,61309.998,1.311905486,1,2.782398902,6.144921646,161,863.4951677,0,884.821,2319.296,3598.709795,1578.167,10812.492,26300.076,1.229498175,1,1.848135572,4.223344095
s2-95-lognormal,shortest_estimate+topology_aware+easy_oracle,18,0.1626101113,0.02081742713,0.06754670693,0.03364547551,0.0315258512,0.009074650574,2000,1600,0,479.5123275,0,2002.089,11189.987,4462.524127,1771.328,17899.234,38060.982,1.290670881,1,2.676181312,5.859000505,1.290670881,2519.661059,356,1949.653972,10461.89,0.8626620078,0.4146190315,0.2127250311,0.9663545245,222.9842133,0,0,222.9841189,9.442424245e-05,0,0,0,0,0.9909253494,1.26519171,0.9684741488,0.0315258512,793,341322.11,254,68,3415,654,621.7119251,0,2478.519,14850.851,7062.565872,3182.887,25771.115,53704.882,1.184926886,1,2.185371058,4.740497887,489,477.5333006,0,2846.161,10461.89,3052.410785,1317.277,11692.156,27309.32,1.473152783,1,4.046052013,9.944692001,318,282.835739,0,1559.08,5520.519,1698.821934,1055.266,5702.135,10464.267,1.282741882,1,2.909075394,5.726764433,139,267.3710504,0,1477.529,5671.551,3512.707007,1770.087,15008.808,17946.948,1.164371195,1,2.013690419,4.493143568,807,402.9587472,0,1839.481,7968.864,4007.483606,1611.177,16495.526,29388.815,1.286788443,1,2.413429888,6.40543828,633,572.4044676,0,2580.73,14837.853,5105.255889,1846.794,21023.821,45192.477,1.298272455,1,3.117948293,5.726764433,160,498.1249187,0,2044.241,11783.556,4214.827219,1993.145,14861.615,46925.048,1.280179198,1,2.68779693,5.098672831
s2-95-lognormal,shortest_estimate+topology_aware+easy_oracle,19,0.09472511676,0.01796389288,0.0388922182,0.02454008346,0.01083032491,0.002498597303,2000,1600,0,210.6637406,0,1152.768,3950.329,2796.466054,1209.812,9299.654,27094.338,1.259229835,1,2.309345632,6.068565849,1.259229835,2473.90297,338,888.9511805,3950.329,0.8603401866,0.3001842306,0.1647881626,0.9754599165,114.7734844,0,0,114.7734296,5.486868689e-05,0,0,0,0,0.9975014027,1.129404604,0.9891696751,0.01083032491,831,240162.588,244,53,3349,656,255.477846,0,1628.647,4957.643,3990.043017,1718.211,13723.414,42543.581,1.17939278,1,2.033375917,4.758815234,468,176.4518056,0,944.691,2784.601,1821.216105,696.74,7042.073,16062.37,1.327814043,1,2.4665,6.44144591,316,185.5534335,0,1266.463,3178.011,2263.598402,1092.404,7633.662,17476.555,1.332011636,1,2.483941687,7.316294235,160,176.588675,0,911.235,3489.648,1807.820219,926.504,5930.585,13815.558,1.242208895,1,2.20338861,7.009595726,769,244.8542276,0,1333.168,4672.904,2764.241893,1273.174,8776.869,28003.71,1.269656318,1,2.384183333,6.39563825,662,176.2919426,0,1112.39,3657.831,2827.063455,1114.914,10349.06,28158.885,1.263752166,1,2.059316948,6.44144591,169,189.7267337,0,1065.709,4856.342,2823.240609,1128.109,10955.622,27094.338,1.194071558,1,2.309345632,5.687493169
s2-95-lognormal,shortest_estimate+topology_aware+easy_oracle,20,0.1777646861,0.02225585408,0.08143064934,0.04178770323,0.02864259029,0.003647889199,2000,1600,0,750.8576513,0,2413.61,17586.684,3852.342848,1622.883,14230.447,36536.406,1.363507927,1,2.861098079,8.419283167,1.363507927,2632.895459,353,3194.744977,15776.869,0.8848275448,0.3189703593,0.1796332322,0.9582122968,229.5258933,0,0,229.525799,9.430303035e-05,0,0,0,0,0.9963521108,1.18357495,0.9713574097,0.02864259029,803,238774.712,283,77,3562,645,1182.273315,0,4008.363,28630.224,6320.106107,3190.11,20770.33,48788.403,1.353477781,1,2.784884552,7.576535885,467,397.7278715,0,1519.403,9203.09,1718.331559,988.939,5501.146,15253.576,1.471113095,1,3.876898697,9.965716667,310,549.2212355,0,1651.888,7554.283,2979.619535,1727.86,9305.918,19906.082,1.242940377,1,2.399019525,4.222569227,178,465.2160393,0,1021.134,26597.107,2028.860803,791.584,6560.271,34554.283,1.327517879,1,2.3297389,12.10041935,797,877.4513814,0,2547.661,22239.581,3927.494004,1576.311,14192.254,45427.481,1.381660488,1,3.095395375,8.754873612,621,643.8568696,0,2616.911,12946.477,3961.993504,1724.106,14764.766,36536.406,1.36164682,1,2.784884552,7.275651691,182,561.584478,0,1212.675,31308.115,3149.10917,1614.162,11159.934,34912.577,1.290365929,1,2.469230994,9.68593288
s2-95-lognormal,shortest_estimate+topology_aware+easy_predicted,1,0.1944710831,0.02419077249,0.0740031698,0.0594853762,0.03448275862,0.002309006024,2000,1600,0,532.1191356,0,2193.459,8841.194,3759.487794,1437.229,11371.818,53422.564,1.337642102,1,3.109841233,7.757416667,1.337642102,2588.862394,370,2217.034324,7874.556,0.8325008945,0.464629839,0.1987474433,0.9405146238,354.4232533,0,0,354.4231377,0.0001156767677,0,0,0,0,0.997690994,1.140215547,0.9655172414,0.03448275862,812,288796.147,233,211,3534,647,584.9371406,0,2979.192,13004.964,2900.212131,1639.487,9523.233,19247.904,1.372339463,1,3.164794507,8.680714476,468,327.7526603,0,1236.681,5243.513,1937.625573,1024.52,7072.719,13475.365,1.337275985,1,3.132658332,7.601605918,333,604.3416186,0,1859.063,8171.37,8005.794682,1494.178,48633.587,86400,1.237335132,1,2.608086113,4.896593861,152,778.3044934,0,2307.014,30478.25,3723.715954,2079.907,10750.48,38448.108,1.410828755,1,3.483471516,9.361266976,788,500.8049213,0,3177.856,7793.234,3692.28272,1509.61,10612.137,53422.564,1.320906226,1,2.904532816,8.350591177,648,592.0267114,0,1870.363,13004.964,3782.383873,1406.557,13732.896,56684.909,1.348888551,1,3.219376099,7.601605918,164,445.8721341,0,2135.214,17076.888,3991.932549,1323.259,10750.48,67214.689,1.373618757,1,3.433038765,11.56467576
s2-95-lognormal,shortest_estimate+topology_aware+easy_predicted,2,0.1595696048,0.01872572919,0.05956804782,0.05575177529,0.02310654685,0.002417505694,2000,1600,0,539.60109,0,1765.601,9100.544,3792.042267,1705.867,13588.454,29759.55,1.243463014,1,2.407283387,5.766486997,1.243463014,2486.068333,332,2413.094389,9100.544,0.8588963662,0.3879226422,0.176290175,0.9442482247,345.1374756,0,0,345.1373821,9.341414146e-05,0,0,0,0,0.9975824943,1.149744956,0.9768934531,0.02310654685,779,300076.424,263,230,3502,636,747.0316195,0,1770.886,10388.145,5350.596219,2214.296,20808.878,37741.34,1.233861926,1,2.320271545,5.312314866,502,452.8585896,0,1765.601,10265.269,2977.454508,1669.414,9564.544,22960.652,1.240070287,1,2.466704478,5.437686378,311,326.0702733,0,1867.892,7214.603,2096.601119,1199.225,6914.097,10528.477,1.316403544,1,2.843325994,6.635362975,151,394.0845497,0,1502.087,11039.433,3427.571669,1708.547,11911.178,34142.899,1.144952659,1,1.974873568,3.700415357,821,640.7906468,0,1776.581,12930.349,4012.862189,1730.508,13681.507,34053.785,1.257919243,1,2.489821869,5.871598028,635,341.007748,0,1762.81,7183.453,3490.270551,1722.892,12773.845,25871.625,1.215233576,1,2.215221928,5.312314866,144,838.4215486,0,1712.886,10388.145,3863.791465,1601.846,14028.696,29759.55,1.285526416,1,2.490272864,6.439976885
s2-95-lognormal,shortest_estimate+topology_aware+easy_predicted,3,0.2388069749,0.0292987978,0.1221579173,0.03919272912,0.04786545925,0.0002920714552,2000,1600,0,990.1879169,0,3620.769,20645.781,3611.675484,1442.811,12488.2,35093.267,1.482400725,1,3.766502683,9.852470385,1.482400725,2903.747479,377,4033.243618,15579.328,0.8990692189,0.5819103133,0.251863271,0.9608072709,183.4110844,0,0,183.4109876,9.688888891e-05,0,0,0,0,0.9997079285,1.040893275,0.9521345408,0.04786545925,773,218691.035,318,290,3934,639,1468.539579,0,4861.477,25450.578,5263.656369,2108.157,19089.675,47445.322,1.454416665,1,3.123415265,7.425446206,481,425.2847277,0,2333.498,7674.756,2065.033272,1076.911,6725.839,13637.861,1.513892526,1,3.790361084,11.71382567,318,915.8456415,0,4506.203,20645.781,3139.443097,1579.201,12063.366,27640.013,1.475282985,1,4.24832417,7.867511827,162,926.5617778,0,3351.237,36062.51,2614.694111,1105.575,8272.702,44724.931,1.51325072,1,4.594172992,9.852470385,827,809.378075,0,2984.353,11451.05,3497.29562,1476.184,12531.695,33862.101,1.42651024,1,3.2234006,9.523164266,629,1224.883698,0,4054.328,20805.887,3664.040645,1394.358,12063.366,35093.267,1.56169354,1,4.466634397,10.14600338,144,1003.424674,0,3656.179,24181.721,4039.831465,1637.023,13535.721,46148.522,1.457027465,1,3.783338252,8.077714226
s2-95-lognormal,shortest_estimate+topology_aware+easy_predicted,4,0.2265431502,0.0246237696,0.0975899239,0.04915942565,0.05033112583,0.004838905232,2000,1600,0,887.7524687,0,2892.572,14975.753,3497.165191,1690.202,11202.311,24957.717,1.410815467,1,3.165505113,7.955484009,1.410815467,2797.974456,354,3879.029684,14036.12,0.8862895772,0.5437275852,0.235790033,0.9508405744,237.5774733,0,0,237.5773794,9.389898994e-05,0,0,0,0,0.9951610948,1.192664585,0.9496688742,0.05033112583,755,203147.848,298,281,3920,615,463.2583268,0,2570.609,8866.929,2444.390995,1114.987,9760.051,16947.059,1.551380255,1,3.822436234,9.259077399,495,1515.317875,0,3175.158,65868.795,5168.678396,2449.352,15681.526,86400,1.300768275,1,2.28958565,8.789970531,334,871.1212515,0,3232.32,11365.5,3214.649263,1713.004,9326.67,18477.075,1.333690549,1,2.87502142,7.352443216,156,605.5335449,0,3248.07,8941.442,2948.558865,1890.184,8867.384,16394.301,1.370980458,1,3.03538596,5.811160801,845,815.8561479,0,2785.159,16943.279,3546.278576,1705.461,11862.514,32980.826,1.363669798,1,3.171155509,7.542494053,608,862.2565461,0,2783.733,10270.398,3349.820266,1670.237,10085.244,20532.025,1.450032464,1,2.97121912,8.32360321,147,1406.486565,0,4316.729,31514.884,3824.273374,1645.999,11234.271,34789.454,1.519619256,1,4.026980879,7.955484009
s2-95-lognormal,shortest_estimate+topology_aware+easy_predicted,5,0.1451542132,0.01830613715,0.05428729074,0.04839256108,0.02122015915,0.002948065051,2000,1600,0,368.3453694,0,1609.079,5869.497,2555.383355,1587.751,7511.958,14738.915,1.246212971,1,2.353342794,5.446874673,1.246212971,2463.343673,334,1572.38732,5869.497,0.8890564533,0.3907978534,0.2004997208,0.9516074389,183.3826689,0,0,183.3825726,9.624242428e-05,0,0,0,0,0.9970519349,1.159193446,0.9787798408,0.02122015915,754,181119.95,267,233,3563,639,425.5625086,0,1709.626,6030.714,2562.178329,1509.771,8205.958,15695.159,1.275300322,1,2.688088518,5.931908547,486,383.5338292,0,1760.348,7312.256,2213.765245,1380.714,6376.105,14156.379,1.261286221,1,2.313812348,6.494373471,322,226.8117484,0,1230.413,3262.338,2986.85332,2267.699,8191.277,12754.754,1.133536129,1,1.662125832,3.773601454,153,379.0021176,0,2008.671,4795.24,2704.083255,1684.431,8059.987,15386.477,1.313987651,1,2.232542614,5.235139874,846,393.4212967,0,1837.404,8285.067,2624.477119,1562.9,8322.36,15695.159,1.245102973,1,2.411669967,4.684390752,602,354.100495,0,1436.398,4795.24,2455.005257,1607.861,6695.854,10701.8,1.255778172,1,2.278637036,5.931908547,152,285.1952368,0,1887.697,5832.366,2568.372105,1680.597,8781.494,14738.915,1.214507753,1,2.313812348,5.34767812
s2-95-lognormal,shortest_estimate+topology_aware+easy_predicted,6,0.2476193182,0.03169923215,0.1068437488,0.04830984856,0.05569306931,0.005073419462,2000,1600,0,1321.242268,0,3166.856,41431.046,3248.792578,1279.702,10202.69,47864.619,1.547486743,1,4.075090171,10.43887358,1.547486743,3035.551629,388,5285.253191,38110.876,0.8948265918,0.5406489113,0.2369468945,0.9516901514,172.59796,0,0,172.5978571,0.0001028686869,0,0,0,0,0.9949265805,1.215385727,0.9443069307,0.05569306931,808,151981.877,303,274,3922,647,1448.031845,0,4217.54,50734.719,3513.700408,1344.563,10202.69,56253.449,1.600869093,1,4.454844474,11.16395825,472,1053.277074,0,2681.382,32713.115,2848.182608,1275.644,9120.008,35300.13,1.515182892,1,3.911089795,10.17267605,318,757.6363239,0,2055.48,15422.063,2019.729085,1066.782,4954.221,16764.832,1.404842279,1,2.988328886,8.473129323,163,2693.471742,0,15112.863,57185.638,5755.14062,1419.845,27378.452,63037.45,1.707425254,1,6.814076646,10.71573245,792,1288.447006,0,2434.141,47406.086,3300.138529,1306.461,10202.69,50305.711,1.488483314,1,3.617876316,9.979789229,644,1150.658325,0,3707.486,31289.539,2961.131528,1235.257,9458.698,34700.707,1.626556053,1,4.639850831,10.68220361,164,2149.473402,0,5249.166,57154.749,4130.425037,1226.677,12307.186,63037.45,1.521938456,1,4.665015381,11.16395825
s2-95-lognormal,shortest_estimate+topology_aware+easy_predicted,7,0.2485270765,0.0272907761,0.1301359354,0.03960980417,0.04342431762,0.00806624322,2000,1600,0,818.9571112,0,3857.238,18725.164,4635.879177,1677.94,18608.404,46164.21,1.48575717,1,3.508361745,10.11539613,1.48575717,2804.083207,369,3347.547073,16373.162,0.8702030587,0.514288064,0.2070246529,0.9603901958,276.4551911,0,0,276.4550808,0.0001103030304,0,0,0,0,0.9919337568,1.269313333,0.9565756824,0.04342431762,806,339574.561,255,233,3554,632,585.0579525,0,2597.881,13078.93,3918.703658,1534.996,14881.654,35736.16,1.359843621,1,3.074221392,6.32746989,504,1134.796734,0,5947.128,21215.267,6798.691869,2056.925,37186.47,73347.309,1.51087217,1,3.894531923,13.22695215,308,724.1423117,0,3533.873,17102.876,3219.888101,1226.691,13097.72,29463.447,1.726067639,1,4.523076923,10.11539613,156,933.3420897,0,4584.228,31763.667,3349.485481,1584.339,12482.877,37015.619,1.440268572,1,2.888124567,10.56627266,794,921.228869,0,4440.487,23211.926,4897.603397,1739.379,21818.921,56008.193,1.405844409,1,3.296103757,7.946979201,644,700.7758525,0,3774.309,15513.862,4415.390877,1616.441,18149.144,45794.191,1.631553653,1,3.868957198,14.77674604,162,787.506216,0,1994.012,26215.858,4229.616432,1677.94,16836.854,37402.31,1.297842342,1,3.147897403,5.23125879
s2-95-lognormal,shortest_estimate+topology_aware+easy_predicted,8,0.1030397991,0.01751523741,0.03207344172,0.03629749765,0.01625,0.0009036223116,2000,1600,0,210.1670687,0,950.659,4229.634,1737.016655,816.867,6072.97,12823.07,1.215168169,1,2.251668793,4.642661649,1.215168169,2411.355149,390,816.7673462,2876.899,0.8522698957,0.4308138977,0.1773931245,0.9637025023,97.06272,0,0,97.06263079,8.921212124e-05,0,0,0,0,0.9990963777,1.078560635,0.98375,0.01625,800,124122.986,250,219,3615,674,180.5188027,0,1091.392,3969.107,1383.960113,691.497,5315.625,9587.929,1.237704953,1,2.457047441,5.55118158,490,132.7832429,0,730.685,2876.899,1506.154627,718.936,5024.66,12710.929,1.165193633,1,2.011709445,4.247204925,303,302.3569703,0,1421.008,6457.47,2528.701096,1266.402,8073.882,16578.358,1.256731985,1,2.327668126,5.745014755,133,435.4863609,0,925.655,2054.939,2573.122805,1221.132,9994.052,15941.74,1.19038542,1,2.178662291,3.985262075,800,139.0274412,0,815.159,2416.573,1691.434016,771.117,6083.136,13651.835,1.185271778,1,2.041081546,4.060727576,629,289.9341335,0,1345.581,5381.235,1811.168846,861.935,6072.97,12680.193,1.241721397,1,2.297646773,5.55118158,171,249.5718538,0,969.856,4781.444,1677.510123,848.387,5874.92,9075.765,1.257361925,1,2.476054876,6.940654442
s2-95-lognormal,shortest_estimate+topology_aware+easy_predicted,9,0.1443568825,0.01775023036,0.06081237694,0.0404344489,0.02392947103,0.001430355271,2000,1600,0,689.0715706,0,1802.483,24017.879,3115.961326,1289.181,10337.73,34096.193,1.291989306,1,2.281878278,7.205416667,1.291989306,2579.868541,346,3070.813633,21987.394,0.8718840719,0.4130405916,0.1928122798,0.9595655511,184.1762889,0,0,184.1761853,0.0001035555556,0,0,0,0,0.9985696447,1.09148044,0.976070529,0.02392947103,794,203452.925,223,202,3688,645,875.5893969,0,1805.037,28572.676,3288.197085,1345.72,9142.035,48348.293,1.358123277,1,2.878234901,9.038612511,474,591.2372743,0,1543.162,9398.214,2980.079357,1187.009,10835.648,30426.836,1.249727734,1,1.828754144,7.877367575,330,602.0061606,0,2148.798,7719.563,3360.306406,1554.939,11462.24,26486.639,1.244294654,1,2.839632977,4.289091271,151,389.7407351,0,948.679,3826.134,2272.79651,1011.691,9511.282,27769.035,1.246392012,1,2.066982275,3.903355291,806,674.3989529,0,1821.42,19896.965,3165.024931,1289.181,11149.762,30426.836,1.31712288,1,2.266305304,7.238772088,627,721.8033046,0,1373.951,26259.819,3167.180209,1360.812,8988.441,48348.293,1.271079648,1,2.301343725,6.911362019,167,636.9957186,0,1257.355,28685.725,2686.862497,1154.814,9126.737,34096.193,1.249191067,1,2.26480746,7.877367575
s2-95-lognormal,shortest_estimate+topology_aware+easy_predicted,10,0.2444827156,0.02478489866,0.1197483749,0.05296337738,0.0455136541,0.001472410499,2000,1600,0,1393.531681,0,3549.35,31277.743,4250.067574,1545.433,13244.706,46483.378,1.384888797,1,3.186219037,6.702957817,1.384888797,2851.945669,352,6186.03679,29932.892,0.8857791035,0.5885712734,0.2298451554,0.9470366226,331.1970956,0,0,331.1969916,0.000104,0,0,0,0,0.9985275895,1.114731586,0.9544863459,0.0455136541,769,288109.199,295,281,3959,626,916.8838323,0,3326.825,16732.918,3697.58434,1725.149,13189.33,29539.107,1.367126562,1,2.959599549,7.725335293,484,2538.108147,0,5238.878,80040.352,6365.590605,1470.068,20543.01,102805.856,1.442031295,1,3.436596196,8.433009811,343,1089.414394,0,3524.154,16508.828,3328.974551,1562.377,8352.604,31747.33,1.375791795,1,3.156372349,6.27207237,147,364.4076939,0,1317.876,6951.608,1786.640796,1225.978,4315.339,16349.347,1.293613022,1,2.663671913,6.587316487,831,1581.142698,0,3326.825,55391.718,4346.476854,1558.591,13233.145,69583.537,1.400858604,1,3.212107746,7.725335293,627,1337.308439,0,4869.347,22026.614,4298.019804,1518.885,13444.247,42433.332,1.377284572,1,3.219799728,5.987448979,142,543.8642042,0,1438.041,13547.096,3474.136866,1541.663,13244.706,27997.794,1.325008081,1,2.94584664,6.312498304
s2-95-lognormal,shortest_estimate+topology_aware+easy_predicted,11,0.1727447755,0.02000588904,0.08627655587,0.03405225662,0.02959309494,0.00281697898,2000,1600,0,743.1794469,0,2557.243,14843.314,3541.618749,1585.272,11520.958,31875.729,1.287090127,1,2.571854151,6.100100926,1.287090127,2489.782976,333,3379.469228,14843.314,0.87545847,0.5473655786,0.2063408028,0.9659477434,159.4815,0,0,159.4814048,9.519191922e-05,0,0,0,0,0.997183021,1.157956889,0.9704069051,0.02959309494,811,234194.863,261,233,3739,640,1012.063714,0,2677.725,19905.392,4300.882909,1772.743,14891.475,46008.492,1.297819909,1,2.386449619,6.802392205,470,338.6148617,0,1927.769,7668.114,2480.377417,1476.859,8128.074,15127.586,1.200989499,1,2.185193682,4.304982627,327,602.3615657,0,2592.335,6775.308,3145.890544,1350.425,11434.214,26307.827,1.338199587,1,3.122301647,5.392211137,163,1136.473135,0,4483.139,37841.048,4414.364067,1964.456,14119.809,45199.585,1.390694064,1,4.345785979,8.477665609,789,739.4342877,0,3111.927,15742.862,3628.046233,1656.359,11928.619,32529.806,1.302175378,1,3.098275431,6.142468945,653,763.23783,0,1462.415,8099.499,3285.601773,1502.936,9866.243,34152.975,1.282904037,1,2.154497926,6.802392205,158,678.982019,0,4360.664,16569.552,4168.123816,1977.057,20828.52,26474.038,1.229060092,1,3.454149073,4.334646323
s2-95-lognormal,shortest_estimate+topology_aware+easy_predicted,12,0.175715052,0.02128382811,0.08355537455,0.03393279646,0.03523693803,0.001706114836,2000,1600,0,606.1201106,0,2476.587,13620.242,3122.313626,1502.635,11335.827,26914.089,1.345438915,1,2.736139421,6.513866216,1.345438915,2635.452922,349,2699.872338,13067.196,0.8662309015,0.6158547538,0.237580011,0.9660672035,137.8497622,0,0,137.8496606,0.0001016565657,0,0,0,0,0.9982938852,1.11819941,0.964763062,0.03523693803,823,200341.006,267,248,3936,597,426.2128961,0,1375.287,7916.886,1914.283796,1009.879,5815.489,18503.24,1.400134196,1,2.829657247,7.003633503,519,815.5391079,0,3959.069,14975.917,4538.155378,1933.322,18378.971,30828.556,1.352870626,1,2.829666424,6.544822215,324,651.3558981,0,3256.404,16345.745,3441.964892,2068.55,9888.203,21797.571,1.252132835,1,2.640018417,4.615998188,160,506.4935625,0,2399.75,9615.443,2389.844431,1404.614,7826.793,14042.875,1.306195344,1,2.43170915,5.597477242,777,525.8630335,0,2384.091,12225.235,3024.891416,1516.639,11339.366,26914.089,1.317068055,1,2.710779612,5.557518006,660,647.6484333,0,2519.531,13067.196,3146.500842,1553.979,10505.21,26167.109,1.367317782,1,2.599183941,7.003633503,163,820.5437669,0,4346.224,16345.745,3488.776779,1319.923,14724.204,44832.961,1.392089869,1,3.185259193,6.513866216
s2-95-lognormal,shortest_estimate+topology_aware+easy_predicted,13,0.1544690813,0.01938409327,0.05640513337,0.04375122869,0.0344403444,0.0004882815144,2000,1600,0,630.9935769,0,1671.852,16797.29,2744.401241,1435.606,8247.645,24689.407,1.271410826,1,2.491919286,6.496206729,1.271410826,2493.751024,351,2802.452125,16486.816,0.8986801536,0.4895567762,0.226677434,0.9562487713,168.2264044,0,0,168.2263285,7.591919196e-05,0,0,0,0,0.9995117185,1.056296494,0.9655596556,0.0344403444,813,174941.655,303,280,3792,628,566.8906003,0,1987.475,14991.743,2697.740051,1603.234,8067.519,18406.272,1.234309986,1,2.176491321,5.39057422,479,604.2771169,0,1369.167,18268.506,2545.213622,1149.752,8383.179,27199.916,1.287388007,1,2.815830709,7.180771916,328,487.1357988,0,1159.295,12652.951,2334.893963,1228.499,6367.884,24689.407,1.302820852,1,2.417694757,7.227450871,165,1238.503909,0,2696.591,39380.629,4314.295079,2037.44,12629.91,55678.488,1.303797311,1,2.845049,6.789092026,787,640.1494498,0,1369.167,18268.506,2750.325335,1421.374,7986.037,23304.229,1.23934694,1,2.241884396,5.60626553,643,594.9965023,0,1872.862,14646.718,2667.590765,1509.665,8247.645,26826.092,1.285523823,1,2.477193941,7.180771916,170,724.7609118,0,2282.075,20365.34,3007.500494,1297.065,9534.231,33039.348,1.366467429,1,3.143960602,5.709765135
s2-95-lognormal,shortest_estimate+topology_aware+easy_predicted,14,0.2295369595,0.02977006924,0.09726758996,0.04963064637,0.0465408805,0.006327773392,2000,1600,0,787.6690881,0,2883.018,19149.829,2781.089694,1179.94,10267.7,25809.39,1.553845155,1,3.827086914,8.828170156,1.553845155,2936.832105,378,3173.682836,18599.771,0.8855548272,0.5927106225,0.2465785963,0.9503693536,191.40436,0,0,191.4042598,0.0001001616162,0,0,0,0,0.9936722266,1.232449612,0.9534591195,0.0465408805,795,159766.22,317,284,3837,594,501.5358485,0,1937.737,11048.718,1908.004375,743.498,7480.675,16011.997,1.709955665,1,4.328725163,13.5034979,514,1303.175023,0,7527.422,28697.022,3673.455677,1659.23,13161.703,36076.134,1.513691794,1,3.827086914,8.528494155,336,435.2512202,0,1812.547,9121.546,2051.564152,1048.073,7222.027,14886.306,1.387444686,1,3.087992484,7.099315922,156,937.7043269,0,4781.848,22047.727,4736.584224,1768.493,20973.776,33025.582,1.450125556,1,2.849917544,15.10925649,805,760.2391019,0,3368.366,15547.152,2766.298866,1180.895,10267.7,24767.219,1.528499562,1,3.961136899,8.509333333,635,740.1475039,0,2346.078,18961.656,2649.887687,1205.539,9805.222,23564.893,1.537549036,1,3.474283058,8.828170156,160,1114.277494,0,5074.946,24220.635,3376.214019,1124.619,11569.365,37699.013,1.746040395,1,4.173779655,13.5034979
s2-95-lognormal,shortest_estimate+topology_aware+easy_predicted,15,0.2134764336,0.02262691686,0.09688425751,0.05420722911,0.03855721393,0.001200816143,2000,1600,0,1311.420071,0,2871.656,30344.448,4408.377763,1793.851,14766.923,45610.195,1.386290191,1,2.9088,9.137485798,1.386290191,2677.298225,357,5702.743639,28717.989,0.8841750869,0.5798671995,0.2535244286,0.9457927709,319.7596511,0,0,319.7595485,0.0001025858587,0,0,0,0,0.9987991839,1.088949714,0.9614427861,0.03855721393,804,274318.984,242,223,3921,654,1282.307739,0,4061.623,33221.837,3867.431258,1590.222,13652.062,45244.833,1.399520737,1,2.983216178,10.72305,498,2058.365044,0,3652.6,81021.744,6273.785635,2428.898,17441.779,106734.511,1.400548114,1,2.717351197,12.01584712,299,282.3541271,0,1710.39,5704.144,2263.744064,1082.671,7387.462,20354.749,1.38350855,1,3.181561994,8.633712165,149,1007.739436,0,5088.913,30344.448,4851.67555,2079.069,21671.274,41970.552,1.286145812,1,2.757929075,5.818398784,796,1345.6242,0,4317.917,20562.73,4699.099913,1827.806,16218.07,45610.195,1.351628182,1,2.873707925,8.413195839,652,1179.997752,0,2247.187,42375.663,4177.165394,1812.857,13652.062,53494.059,1.411284841,1,2.761387638,12.65666547,152,1696.031026,0,3214.25,82440.573,3877.691138,1392.683,8645.071,107373.62,1.460595766,1,3.865601945,8.633712165
s2-95-lognormal,shortest_estimate+topology_aware+easy_predicted,16,0.192589828,0.02508061814,0.07727681274,0.05233842815,0.03731343284,0.0005805361774,2000,1600,0,913.1411388,0,2290.49,19816.019,2570.261119,899.714,8335.216,24824.863,1.424782703,1,3.224235211,8.633234058,1.424782703,2778.783119,364,3895.985783,18888.025,0.9080872336,0.5075662015,0.2383676128,0.9476615719,188.4015489,0,0,188.4014536,9.531313134e-05,0,0,0,0,0.9994194638,1.068689963,0.9626865672,0.03731343284,804,144512.968,302,274,3891,625,696.6644848,0,2165.552,12924.403,2118.139642,717.132,7699.392,18593.501,1.420942644,1,3.245476063,7.738243763,493,1189.123819,0,2729.896,38796.668,3180.412497,1003.915,10257.388,50864.218,1.468960635,1,3.570455558,9.719058632,322,609.5199068,0,2119.556,14053.002,2037.011618,853.914,7024.82,19005.88,1.374543307,1,3.11454031,7.164383333,160,1519.419163,0,3121.522,58994.654,3529.496331,1257.332,8837.367,63471.406,1.404766466,1,2.74790121,12.53973616,796,862.9799611,0,2729.896,19816.019,2571.732563,875.141,8673.445,24824.863,1.424981257,1,3.481218762,9.133626372,633,1105.16876,0,2263.793,31721.947,2720.03403,948.368,8712.226,37092.552,1.444080591,1,3.183492783,9.802356104,171,435.8008655,0,1283.652,10200.944,2008.989064,771.016,6660.059,22799.444,1.352422398,1,3.051358741,5.838937627
s2-95-lognormal,shortest_estimate+topology_aware+easy_predicted,17,0.2455936021,0.0247503674,0.1128808806,0.05396474535,0.04755784062,0.006439768128,2000,1600,0,1595.146583,0,3345.797,51668.422,4399.709595,1763.313,13887.829,62738.103,1.559211588,1,3.181779876,10.63981327,1.559211588,2955.525162,372,6750.57479,48029.95,0.8796424548,0.4670006361,0.1987103662,0.9460352547,302.7352178,0,0,302.735106,0.0001117979798,0,0,0,0,0.9935602319,1.215280963,0.9524421594,0.04755784062,778,234256.877,252,232,3814,628,1721.791102,0,3675.748,51668.422,4724.738468,2028.177,14364.174,61546.582,1.477689288,1,2.932863865,11.21647505,486,1931.627955,0,5006.706,57498.319,5220.473265,2177.514,15675.584,70192.179,1.759831094,1,3.169145819,10.86585637,340,674.5019647,0,2111.302,14437.767,2548.028579,932.623,8521.021,30897.005,1.44808579,1,3.181779876,6.973052219,146,2074.300459,0,3050.54,73096.316,4581.642945,2012.071,11239.515,83031.129,1.500839642,1,4.275277882,10.44699246,822,1720.423578,0,2917.489,52100.968,4490.609119,1754.229,13403.772,71593.149,1.465270709,1,3.235832035,10.63981327,617,1574.806219,0,4360.105,51668.422,4444.514912,1804.821,16009.879,61546.582,1.492955684,1,3.368968587,10.44699246,161,1033.483944,0,1330.709,13884.967,3763.906553,1685.396,11209.629,26300.076,2.292747582,1,2.248263775,15.47714969
s2-95-lognormal,shortest_estimate+topology_aware+easy_predicted,18,0.1340980012,0.01818380878,0.06945233682,0.01709757207,0.02648171501,0.002882568564,2000,1600,0,368.4894287,0,2058.572,7346.68,4337.078661,1714.039,17594.848,36305.223,1.261655773,1,2.337616888,6.688234891,1.261655773,2481.200086,356,1519.892059,7143.077,0.8497719392,0.3726189994,0.1805354713,0.9829024279,111.4058422,0,0,111.4057916,5.05858586e-05,0,0,0,0,0.9971174314,1.16303457,0.973518285,0.02648171501,793,341322.11,211,187,3242,654,512.955419,0,2870.667,10720.501,6923.566633,3338.331,24928.206,51667.518,1.232359235,1,2.149064363,5.817234683,489,301.9421063,0,2258.791,5549.378,2873.153738,1231.8,11228.586,17890.939,1.342428014,1,3.053293808,8.486448338,318,231.6624497,0,1044.016,4590.677,1642.362129,1040.748,5617.493,10406.468,1.24465032,1,2.691487938,5.919326255,139,235.9128993,0,1128.794,6445.146,3482.517583,1568.615,15008.808,17876.58,1.154246012,1,2.09360515,4.290550699,807,340.878746,0,2311.919,6445.146,3921.010792,1628.426,16246.762,27937.843,1.30387735,1,2.345341144,8.486448338,633,412.0890806,0,2166.781,10374.345,4936.470844,1783.91,20488.145,45192.477,1.236065896,1,2.446811136,5.919326255,160,335.2596875,0,1896.784,7649.065,4064.27565,2000.791,12317.851,46925.048,1.149940641,1,2.076335942,3.64789338
s2-95-lognormal,shortest_estimate+topology_aware+easy_predicted,19,0.1058578908,0.01902371261,0.04746568026,0.02423557589,0.01083032491,0.00430259717,2000,1600,0,233.8160437,0,1406.886,4072.744,2818.930897,1217.174,9683.128,27094.338,1.286779815,1,2.445590603,6.817811466,1.286779815,2525.684968,338,969.3738817,4072.744,0.8581938935,0.3608823941,0.1631125998,0.9757644241,113.3139356,0,0,113.3138851,5.046464648e-05,0,0,0,0,0.9956974028,1.154873743,0.9891696751,0.01083032491,831,240311.708,230,211,3363,656,285.5643872,0,1807.304,4793.533,4023.745662,1730.992,13947.871,42543.581,1.195826038,1,2.201652152,4.806420748,468,215.1554786,0,1006.992,3847.493,1852.269333,705.666,7365.26,15676.654,1.381028093,1,2.871915093,9.133458385,316,186.1483006,0,1333.508,3523.789,2265.010544,1195.424,7528.268,17476.555,1.370753964,1,2.549860201,8.498431148,160,170.3737813,0,958.044,4156.819,1800.668131,980.874,7827.013,13815.558,1.218165142,1,1.948284438,7.46383469,769,275.4974109,0,1807.304,4662.541,2795.648939,1296.539,8776.869,27987.093,1.326917225,1,2.750637224,7.211880921,662,201.4933218,0,1369.267,3938.971,2849.881332,1156.081,10349.06,28158.885,1.250613848,1,2.01522538,4.887958444,169,170.7667574,0,958.044,2860.223,2803.632893,1128.109,10955.622,27094.338,1.245810592,1,2.201652152,6.472925344
s2-95-lognormal,shortest_estimate+topology_aware+easy_predicted,20,0.1750605735,0.02085837867,0.08148098661,0.03849577676,0.03237858032,0.001846851169,2000,1600,0,717.668545,0,2415.102,13426.269,3815.502807,1625.29,13991.574,37340.236,1.334179936,1,2.681445831,6.99572343,1.334179936,2611.915046,353,3141.274547,13368.672,0.8742501334,0.4119609993,0.1952898538,0.9615042232,210.7205133,0,0,210.7204143,9.898989901e-05,0,0,0,0,0.9981531488,1.128881853,0.9676214197,0.03237858032,803,243496.745,249,233,3609,645,1154.151702,0,3307.32,17807.116,6284.821079,3057.713,20241.462,53377.283,1.323984237,1,2.798821219,6.263243779,467,333.1584454,0,1459.098,6344.482,1645.053668,956.355,5423.922,13122.559,1.405121538,1,2.783698906,9.023499008,310,517.4794161,0,2690.807,9270.314,2957.319139,1759.545,9305.918,17182.714,1.244702033,1,2.530248162,5.549359329,178,493.4730955,0,1245.849,26062.538,2056.662354,770.574,6661.643,34019.714,1.340835257,1,2.3297389,8.512370281,797,797.9972171,0,2473.843,14726.54,3840.517389,1571.472,14074.982,42449.234,1.309903184,1,2.783698906,6.798177935,621,690.9843704,0,2752.807,11186.236,4005.318432,1712.528,14516.759,38188.694,1.338895015,1,2.797733825,7.824172657,182,456.9483297,0,1519.188,9270.314,3058.29333,1605.672,11684.591,27147.759,1.424402501,1,2.128670533,11.86028847
s2-95-lognormal,shortest_estimate+topology_aware+none,1,0.3455506841,0.02681809529,0.178440885,0.04802560328,0.08990147783,0.00236462278,2000,1600,0,1365.378337,10.76,5289,24584.951,4571.81582,1712.879,17300.428,62667.026,1.527949826,1.012696924,3.447596332,6.809928855,1.527949826,2958.138389,370,1608.786743,5775.541,0.8285004507,0.5177332496,0.2055773767,0.9519743967,282.6995444,0,0,282.6994253,0.0001191919192,0,0,0,0,0.9976353772,1.125737586,0.9100985222,0.08990147783,812,289352.428,0,0,3505,647,1128.301264,47.875,4479.743,16020.32,3436.665283,1950.771,10509.851,25979.158,1.546546684,1.041846949,3.207208711,6.693244376,468,825.8469573,0,3810.842,12137.253,2435.97938,1080.507,7824.224,22960.008,1.484085441,1,3.662174976,7.166590856,333,2372.25097,0,14681.062,34196.953,9685.439249,1716.024,59502.979,91463.662,1.488309412,1.00689227,3.261514505,6.619498424,152,1829.858368,160.921,10131.134,31327.64,4776.929303,2416.861,15619.368,43492.178,1.670690762,1.091160785,3.894599068,8.521401434,788,1375.74431,37.031,5289,24584.951,4561.113348,1770.171,15880.15,62667.026,1.536696908,1.026973117,3.463823064,6.809928855,648,1360.164863,0,5854.217,29179.251,4507.753485,1574.746,19820.021,59502.979,1.508685429,1,3.449105642,6.980253513,164,1336.170683,31.658,3743.702,31961.643,4876.364244,1881.062,17483.752,70900.647,1.562039024,1.023180639,3.192550106,8.646777515
s2-95-lognormal,shortest_estimate+topology_aware+none,2,0.3936388294,0.02571680319,0.2079355202,0.06199830395,0.09370988447,0.004278317627,2000,1600,0,1673.476372,49.537,6163.223,30417.764,4930.503963,2099.298,17679.138,49532.535,1.493533623,1.026638717,3.306019887,5.972687341,1.493533623,3103.730474,332,2572.435666,8061.473,0.8420324746,0.6342307364,0.221200402,0.9380016961,386.3632222,0,0,386.3631217,0.0001005252526,0,0,0,0,0.9957216824,1.173376967,0.9062901155,0.09370988447,779,301806.051,0,0,3683,636,2451.664593,164.687,9842.006,41877.623,7062.368465,2701.222,27359.501,61395.013,1.457925198,1.072421112,3.023075242,4.509891206,502,1368.853908,24.666,4342.516,19534.496,3889.104978,2086.973,11286.245,32510.812,1.508750422,1.01532471,3.271144157,6.9136546,311,689.7232412,0,3390.156,7448.643,2458.020042,1421.918,7822.506,16850.681,1.444182007,1,3.359944595,5.928447756,151,1434.668371,124.005,5999.1,20852.379,4505.728907,2162.072,15521.805,30903.792,1.694569903,1.053522157,4.818435512,9.057418952,821,1747.158197,64.424,5727.848,38724.316,5127.106744,2100.99,16577.291,59402.036,1.45626179,1.0334454,3.067573231,5.928447756,635,1615.308504,32.921,7448.643,22111.804,4767.044748,2189.159,19428.358,44890.954,1.561392774,1.028380468,3.768888143,7.063567974,144,1509.891771,32.752,5236.037,33329.432,4530.404785,1752.486,17526.221,42825.291,1.406794836,1.017622263,2.798480835,4.509891206
s2-95-lognormal,shortest_estimate+topology_aware+none,3,0.5748576361,0.0379807857,0.3783835423,0.03704998969,0.1203104787,0.001132839749,2000,1600,0,2980.673155,170.232,11215.314,49800.585,5598.563684,1838.082,19638.204,76744.21,1.851964129,1.127494963,4.882614372,9.070576761,1.851964129,3653.60737,377,3768.699698,13058.536,0.8632323499,0.735629134,0.2559230968,0.9629500103,172.9978489,0,0,172.9977519,9.701010103e-05,0,0,0,0,0.9988671603,1.0964239,0.8796895213,0.1203104787,773,226364.037,0,0,3919,639,4973.928133,375.498,21391.208,117649.313,8756.027297,2559.78,34520.803,145061.79,1.921518227,1.205873096,4.853650107,9.134716055,481,1425.3518,66.665,6782.344,14356.829,3065.791316,1271.996,10297.95,21237.699,1.826373354,1.064625057,4.963885882,9.681462169,318,2140.498,93.095,13486.668,25733.926,4372.215858,1807.77,19491.67,37563.218,1.801561805,1.07332655,4.882614372,8.727363242,162,1385.58266,66.634,4781.747,28529.819,3071.544352,1159.478,9284.172,37192.24,1.752532234,1.045897712,4.804725261,8.273978799,827,3211.959189,178.333,11215.314,69013.729,5897.5186,1850.573,20756.219,81545.424,1.852259302,1.130737951,4.604478074,9.760704095,629,2687.880859,127.578,10599.165,41650.943,5124.920873,1807.77,18765.506,55228.367,1.887842859,1.104023111,5.17313671,9.070576761,144,2931.317632,248.138,12271.191,61569.818,5950.547104,1873.07,23002.031,82523.032,1.693548646,1.147418035,4.052495028,7.57735183
s2-95-lognormal,shortest_estimate+topology_aware+none,4,0.4528400344,0.03140626169,0.2734048365,0.043492382,0.1006622517,0.003874302536,2000,1600,0,2696.417796,145.423,8103.738,82853.316,5300.417511,1987.184,15624.391,98413.753,1.739293169,1.109897404,4.037427395,10.77118936,1.739293169,3794.320817,354,2819.149912,10368.23,0.8791904821,0.702742818,0.2630241105,0.956507618,208.9444911,0,0,208.9443868,0.0001042828283,0,0,0,0,0.9961256975,1.180527026,0.8993377483,0.1006622517,755,274499.943,0,0,3905,615,1815.540837,78.531,5661.991,18550.459,3788.991039,1281.267,12433.349,27423.232,1.832807215,1.074536017,4.815430044,11.09795512,495,4732.621586,329.311,13831.975,109669.509,8379.089158,3047.253,22549.797,129569.165,1.771375733,1.176694707,4.694461167,11.49947006,334,1692.81518,87.437,6422.827,16026.148,4032.881314,1987.153,12776.793,29340.042,1.552533042,1.045388864,3.506363246,6.28605914,156,1856.813487,174.936,8221.592,16937.269,4203.891263,1959.387,13212.516,27305.674,1.668689798,1.154860639,3.385048068,13.76037764,845,3069.449043,155.494,8768.52,94780.897,5792.799098,2075.635,16069.87,109502.314,1.746808108,1.093830592,4.242481896,10.33659497,608,2289.107819,128.237,6796.042,82141.863,4774.854563,1906.282,14314.607,89438.541,1.728098187,1.106145109,3.754359121,13.76037764,147,2236.778769,208.251,9498.191,18035.51,4643.817728,1781.95,18677.105,28723.068,1.742398103,1.155686977,3.497322811,8.365592366
s2-95-lognormal,shortest_estimate+topology_aware+none,5,0.3799331487,0.02982606196,0.223788925,0.04909575901,0.07559681698,0.001625585766,2000,1600,0,1422.189384,141.828,6633.119,16126.36,3608.600162,1995.733,12016.706,22144.611,1.62500761,1.104672112,3.834285049,6.27761007,1.62500761,3090.088446,334,1942.754057,8232.117,0.8680912066,0.6544699888,0.2420859708,0.950904241,186.1850067,0,0,186.184911,9.563636368e-05,0,0,0,0,0.9983744142,1.115325985,0.924403183,0.07559681698,754,186787.989,0,0,3771,639,1469.783588,152.206,6192.599,19042.971,3607.854257,1835.78,11611.279,31705.811,1.628026002,1.114154293,4.05298632,6.420293409,486,1159.677105,92.6,6432.496,12133.034,2985.281498,1643.423,10703.626,18474.855,1.62006731,1.085296052,3.929621733,6.27761007,322,1489.860944,191.599,6711.447,13111.231,4248.711618,2789.181,12923.036,21223.297,1.567763894,1.105120095,3.279957482,5.681913877,153,1914.856235,174.497,12158.368,30081.01,4244.506144,2227.53,17860.063,36313.682,1.74856781,1.114139011,3.902231234,5.826342538,846,1540.665472,137.508,7721.143,16996.993,3769.590396,1974.913,13594.424,27302.104,1.628676408,1.105141185,3.839048708,6.15910062,602,1214.655196,147.954,4582.773,13111.231,3315.980978,1974.968,9602.148,17638.809,1.619287364,1.104672112,3.731215867,6.335767862,152,1584.721033,120.242,7680.741,17858.963,3871.488388,2039.538,12793.449,28706.574,1.627243043,1.066174039,3.778190502,8.068007481
s2-95-lognormal,shortest_estimate+topology_aware+none,6,0.7437042857,0.03966109491,0.5200345997,0.05197959196,0.1188118812,0.01321711799,2000,1600,0,3705.380878,156.729,15413.861,83079.823,5635.091634,1438.958,20442.868,95702.422,1.95364761,1.156376799,5.098626278,10.95984603,1.95364761,3906.332397,388,3236.456,15286.264,0.8739828691,0.7410863054,0.2487366024,0.948020408,186.4278267,0,0,186.4277262,0.0001004848485,0,0,0,0,0.986782882,1.350136702,0.8811881188,0.1188118812,808,173894.095,0,0,3893,647,4394.513598,179.471,27999.494,85117.23,6464.360906,1582.103,34839.872,95702.422,2.125376179,1.162661718,6.043787841,12.88887705,472,3476.975847,154.57,12466.264,92547.747,5267.432057,1396.178,16100.831,107340.541,1.89752248,1.181664911,4.70260242,10.51154363,318,1098.794079,78.4,6221.848,13536.487,2357.828286,1208.95,9325.008,15088.04,1.589167859,1.080893636,3.718845062,6.392626962,163,6716.625706,305.953,49967.797,91043.104,9801.765534,1863.876,64935.183,102709.709,2.145593852,1.481154274,4.840496258,9.974875002,792,4140.968851,133.887,21612.325,92406.185,6161.808866,1448.687,26614.61,106541.502,1.929894449,1.137692568,5.123005788,10.05794343,644,3132.725966,186.832,10916.473,69218.791,4939.897803,1435.507,15010.756,80898.113,1.994533062,1.167731531,5.184882463,12.74376988,164,3850.527762,106.185,13598.259,83079.823,5821.340287,1424.346,20442.868,97558.392,1.907807803,1.157871586,4.049380189,14.91742976
s2-95-lognormal,shortest_estimate+topology_aware+none,7,0.5952839789,0.03548509439,0.3994778258,0.02679310118,0.1315136476,0.002014309931,2000,1600,0,2249.707668,54.343,11840.55,33030.133,6053.198144,2065.813,24698.228,75473.549,1.766727954,1.033924049,4.561781139,9.786846615,1.766727954,3412.445751,369,2710.212008,10626.814,0.8414641029,0.6721811909,0.2207172578,0.9732068988,184.5387511,0,0,184.5386563,9.482828288e-05,0,0,0,0,0.9979856901,1.118337251,0.8684863524,0.1315136476,806,349062.689,0,0,3629,632,2292.376729,56.281,12707.284,33538.155,5622.504601,2015.407,23536.675,62406.958,1.764315667,1.01908481,4.870295745,9.318076909,504,2929.26298,171.146,13998.184,36070.534,8560.643673,2579.007,43778.644,104159.245,1.797986126,1.090839382,3.924005301,10.86775357,308,1481.784373,0,6662.632,28131.873,3967.710653,1382.032,16728.155,46092.006,1.800100937,1.001152713,5.303322987,9.786846615,156,1397.513115,0,8380.139,15873.761,3814.58225,1775.056,17597.441,26149.508,1.609622621,1,4.12670627,7.470722948,794,2345.360531,49.95,10396.704,36070.534,6296.894467,2213.799,23536.675,88310.455,1.738093855,1.033924049,4.561781139,10.25819679,644,2159.034725,51.185,12004.926,32337.028,5870.766755,1869.293,25585.659,75473.549,1.838741822,1.022887252,4.798592368,12.05950124,162,2141.343475,64.609,11760.138,31752.151,5584.006383,2002.592,24778.908,46715.167,1.620793039,1.055354538,3.821899798,7.926775152
s2-95-lognormal,shortest_estimate+topology_aware+none,8,0.2510179967,0.02535923736,0.1250016355,0.0368739375,0.06375,3.318637954e-05,2000,1600,0,824.7214206,47.968,3705.057,11492.524,2351.64553,978.638,9015.267,22760.44,1.50982984,1.071515496,3.260053065,5.41515959,1.50982984,2903.58821,390,1004.306664,3861.211,0.8404371871,0.5745792745,0.1894343478,0.9631260625,98.66318667,0,0,98.66310945,7.721212125e-05,0,0,0,0,0.9999668136,1.016140733,0.93625,0.06375,800,129234.298,0,0,3661,674,696.3301869,28.437,3410.312,10440.81,1901.541763,802.603,8004.951,16467.747,1.519601923,1.053089897,3.197510775,5.351454795,490,754.2230755,24.167,3861.211,10195.679,2130.636924,879.951,7461.59,30323.361,1.495464037,1.033775743,3.307341395,5.423939961,303,1088.613627,136.541,4337.415,19150.779,3307.173432,1477.871,10820.031,34075.972,1.511563414,1.143868502,3.366489202,5.564163774,133,1133.898429,109.778,5800.028,15289.739,3269.985391,1413.78,15205.081,29248.03,1.509285384,1.139089699,3.020420023,5.633209704,800,797.2599987,39.356,3551.766,9332.959,2347.825214,936.36,8999.526,21394.636,1.538915583,1.066766928,3.307341395,5.633209704,629,854.9624245,52.391,3861.184,16394.45,2379.466461,1010.617,8616.362,29271.667,1.485442948,1.071443661,3.161059503,5.23985,171,841.9585322,59.468,5074.263,13783.732,2267.182883,982.032,9862.747,17449.414,1.463460023,1.072464607,3.31640826,4.760209424
s2-95-lognormal,shortest_estimate+topology_aware+none,9,0.5721544357,0.03271988747,0.394428276,0.03295395388,0.1095717884,0.002480529915,2000,1600,0,1954.648199,62.073,11690.881,31836.801,4374.363396,1555.241,19205.737,45626.496,1.651110622,1.035312749,4.206300367,8.139939963,1.651110622,3276.778,346,2662.294942,14130.556,0.8493036058,0.6187721392,0.2111857303,0.9670460461,148.9420111,0,0,148.9419266,8.44848485e-05,0,0,0,0,0.9975194701,1.151418603,0.8904282116,0.1095717884,794,207796.637,0,0,3788,645,1918.019081,119.856,12252.051,30449.709,4323.552105,1638.207,18494.13,46686.442,1.732095449,1.071436865,4.570179078,9.943383217,474,2173.265835,0,12489.439,35133.785,4557.382551,1391.648,19080.671,45626.496,1.610617677,1.00313552,4.120324776,8.125646785,330,2046.722421,116.667,11955.37,34048.719,4789.001252,1664.985,22938.877,46145.757,1.618155134,1.061395157,4.095663505,6.937678215,151,1223.631834,0,5332.873,24102.499,3110.732344,1043.091,18970.835,31789.11,1.504314282,1,3.532673948,7.846053067,806,1945.384901,75.504,12195.275,31836.801,4430.834243,1574.301,19600.107,41521.145,1.658390421,1.049762296,4.213306088,8.139939963,627,1951.959293,64.45,9396.393,32090.344,4384.35307,1581.238,18041.425,51832.628,1.639024321,1.039807583,4.120324776,7.961080137,167,2009.451569,10.709,14075.69,28960.487,4064.309335,1434.167,19055.794,36297.985,1.661353691,1.004877731,4.532287966,8.793886254
s2-95-lognormal,shortest_estimate+topology_aware+none,10,0.6329880138,0.03506361321,0.4274930447,0.04891814534,0.1183355007,0.003177709941,2000,1600,0,3464.356866,142.506,12670.923,73063.639,6315.778481,1801.396,23192.274,94372.647,1.739636237,1.109381514,4.507597687,8.577482876,1.739636237,3634.92744,352,5400.761781,24512.182,0.8756066415,0.7192362705,0.2514175264,0.9510818547,304.5998667,0,0,304.5997628,0.0001038787879,0,0,0,0,0.9968222901,1.162046424,0.8816644993,0.1183355007,769,296255.787,0,0,3964,626,3086.069821,151.265,12527.057,43120.427,5862.337808,1963.21,23213.383,59882.378,1.741042151,1.115498684,4.507597687,8.959119836,484,5484.496934,153.541,23321.81,109311.007,9301.55114,1792.473,30731.126,134219.182,1.755344957,1.09701524,4.775804485,8.577482876,343,2351.371146,209.609,9996.493,39517.814,4591.818481,1927.719,16163.577,52763.581,1.797522662,1.177523477,4.554463014,6.501056933,147,1020.91468,0,4776.087,22488.076,2438.623197,1300.888,8750.377,27987.763,1.546859597,1,3.965413037,6.951080458,831,3314.628274,137.77,12384.371,73063.639,6083.503315,1809.385,23192.274,91090.554,1.74253802,1.103095105,4.307571839,9.045013467,627,3615.881981,150.522,12688.631,80680.642,6558.468681,1752.7,22443.905,103446.146,1.733387572,1.1233005,4.382896165,8.191134692,142,3671.527373,136.118,14224.443,36117.246,6603.482049,1827.648,26445.878,48408.1,1.75024562,1.076603919,5.033440507,7.108513
s2-95-lognormal,shortest_estimate+topology_aware+none,11,0.4202282523,0.02540698285,0.266502457,0.03885803634,0.08754623921,0.001914536983,2000,1600,0,2058.149724,20.501,7899.151,49038.559,4860.030996,1790.926,17286.917,68660.01,1.485800063,1.018163668,3.266190979,6.497405812,1.485800063,2891.433651,333,2754.593973,9428.452,0.8628994079,0.6543485974,0.2233996742,0.9611419637,182.8990111,0,0,182.8988978,0.0001133333334,0,0,0,0,0.998085463,1.125052722,0.9124537608,0.08754623921,811,239395.749,0,0,3704,640,2509.609456,32.347,10385.201,61292.325,5806.532475,1997.273,19660.371,81800.705,1.472007361,1.022486592,3.282492905,5.865858358,470,1111.877226,0,4443.226,16220.027,3255.780826,1679.659,10800.952,22335.186,1.415356935,1.010289913,2.872269295,5.750825091,327,2108.294664,0,6687.193,72463.044,4649.692034,1556.919,17722.602,83897.258,1.592351173,1,4.293597259,8.538071318,163,2913.465368,83.598,11814.198,55005.007,6191.42654,2144.91,23407.25,62363.544,1.529317773,1.058774176,3.37328925,7.238071468,789,2162.808436,30.475,9228.187,55005.007,5058.432935,1864.064,17722.602,73046.133,1.508526684,1.02218369,3.349120808,5.952790044,653,2034.814504,3.006,7093.004,72463.044,4556.559836,1655.229,15506.814,83897.258,1.494972321,1.007072662,3.275716781,7.079023758,158,1631.960956,33.423,7969.169,41239.913,5123.496418,2207.48,17900.181,55359.722,1.334402667,1.016342459,2.560636252,3.920713233
s2-95-lognormal,shortest_estimate+topology_aware+none,12,0.3553377061,0.0267998677,0.2048966945,0.03464957394,0.08869987849,0.0002916913788,2000,1600,0,1205.140613,130.174,6073.152,13238.773,3719.671326,1718.609,14265.782,27278.283,1.560125454,1.092144197,3.445253088,6.638940864,1.560125454,3089.611997,349,1745.017361,6938.651,0.8643908955,0.6936498449,0.2627920683,0.9653504261,140.86614,0,0,140.8660242,0.0001157979798,0,0,0,0,0.9997083086,1.04153635,0.9113001215,0.08869987849,823,204641.552,0,0,3878,597,770.2305243,39.041,4672.076,9112.955,2258.402518,1125.613,8838.495,17646.059,1.581216969,1.028072466,3.660023945,8.426566667,519,1645.201911,247.932,8551.194,17230.292,5358.629917,2276.551,22028.467,36698.741,1.571122254,1.118069999,3.41880076,5.792936002,324,1423.728207,313.166,6834.016,11852.23,4217.505049,2495.884,13886.691,19372.865,1.518158217,1.148162283,3.349689629,4.844647816,160,957.8101625,98.744,4026.489,8510.195,2847.545344,1552.318,8348.95,22503.862,1.53074053,1.087221896,3.616294307,5.501849509,777,1190.459174,147.67,6268.28,11252.389,3688.523356,1760.708,14265.782,25262.885,1.556100923,1.111392263,3.339305177,6.906515337,660,1194.997508,107.684,6170.894,14344.199,3688.664088,1708.367,14072.371,27464.294,1.552035343,1.072574551,3.552826559,6.638940864,163,1316.19538,169.076,5635.577,17304.537,3993.70046,1548.445,15645.451,40076.846,1.612067381,1.093870132,3.660023945,5.119694987
s2-95-lognormal,shortest_estimate+topology_aware+none,13,0.3389413983,0.02557607672,0.2029189326,0.03794991446,0.07134071341,0.001155761188,2000,1600,0,1388.960858,127.984,6014.531,16599.765,3496.985504,1679.399,12241.622,27277.417,1.503465527,1.101451939,3.287928817,5.397364295,1.503465527,2917.448986,351,2235.291376,8329.252,0.8855437331,0.7098171064,0.2481854686,0.9620500855,145.0400422,0,0,145.0399719,7.030303034e-05,0,0,0,0,0.9988442388,1.098660154,0.9286592866,0.07134071341,813,175881.511,0,0,3823,628,1301.981648,192.463,5738.341,14136.089,3424.353107,1950.626,11451.763,20297.818,1.51450505,1.131832133,3.464042384,5.302639923,479,1375.833106,37.917,6435.319,22491.475,3319.349566,1321.494,13365.604,26631.917,1.496294454,1.029408596,3.364529277,5.418860985,328,981.4463049,66.862,3859.423,9365.272,2819.30722,1415.357,8403.882,24103.597,1.448539476,1.047882316,3.045399305,4.872874108,165,2568.2088,336.196,14883.025,36566.878,5636.253606,2454.175,21388.046,51971.222,1.591452603,1.199522934,3.351912911,5.52102996,787,1448.743968,105.411,6089.813,26244.885,3554.700601,1682.715,12057.586,33827.84,1.530524396,1.098141267,3.389283788,6.111501607,643,1199.023666,169.503,5940.148,14308.565,3269.432154,1713.646,11451.763,20297.818,1.464688778,1.116297782,3.138511965,4.509239851,170,1830.609724,122.117,8590.39,36566.878,4090.485635,1471.879,13597.138,53758.835,1.524866224,1.071791761,3.351912911,4.872874108
s2-95-lognormal,shortest_estimate+topology_aware+none,14,0.4018934471,0.03247273879,0.2327728787,0.04935491557,0.08427672956,0.003016184445,2000,1600,0,1778.882494,68.067,6899.404,27124.859,3771.040237,1319.57,12961.585,40870.1,1.763660057,1.062663849,4.174528204,9.782342226,1.763660057,3335.298895,378,2725.869503,11192.684,0.8545467586,0.7503514335,0.2598476188,0.9506450844,190.2857756,0,0,190.2856608,0.0001147474748,0,0,0,0,0.9969838156,1.159952788,0.9157232704,0.08427672956,795,183019.663,0,0,3832,594,962.956766,8.432,4037.982,18548.37,2371.184389,881.301,9223.748,27373.864,1.80627707,1.021901389,4.444728052,11.99411382,514,1995.536875,171.206,9302.113,26306.049,4367.405695,2044.16,15005.779,31652.157,1.733459302,1.13299639,3.922929795,8.159244211,336,1028.524554,27.502,4540.875,14758.95,2629.665074,1128.555,8333.359,21850.492,1.659590014,1.027096265,3.756197882,8.186692123,156,5787.983769,218.124,28754.091,115346.223,9594.659365,2061.077,48657.959,129077.562,1.925046063,1.167324006,5.710379856,9.400216687,805,1915.419477,79.154,7368.555,28754.091,3921.136102,1352.887,13760.811,40870.1,1.809264369,1.080693951,4.165903405,10.51725728,635,1675.235252,44.557,6333.269,24428.823,3580.430647,1293.009,12580.961,40618.42,1.753617782,1.051000821,4.476855174,9.400216687,160,1503.280794,70.865,6829.683,29694.271,3772.352231,1293.178,11569.365,55503.661,1.57406864,1.080880795,3.399050589,5.895674896
s2-95-lognormal,shortest_estimate+topology_aware+none,15,0.6164684421,0.03173686852,0.4263686883,0.05083192817,0.1069651741,0.0005657829392,2000,1600,0,3675.58109,148.322,12637.597,79713.802,6768.034622,1993.698,22401.532,104646.849,1.650947617,1.103592837,4.079928509,8.359546266,1.650947617,3178.680545,357,4399.790311,12274.833,0.881794926,0.6828562587,0.2593394787,0.9491680718,298.7830156,0,0,298.7829195,9.604040413e-05,0,0,0,0,0.9994342171,1.058699806,0.8930348259,0.1069651741,804,294574.616,0,0,3908,654,2695.437717,114.676,7938.415,56777.97,5279.442749,1836.48,16234.931,63500.849,1.664523099,1.090765571,3.81263739,9.787068739,498,5192.679369,233.641,29951.544,99756.517,9401.559482,2864.123,44548.755,139694.012,1.679382332,1.14956689,4.337435353,8.519297918,299,2099.437288,43.88,5485.643,51858.064,4075.741438,1202.914,11166.639,68947.108,1.606125912,1.060551835,4.036101535,6.888576948,149,6069.982564,165.333,19719.574,157561.848,9902.527013,2162.79,32190.236,179994.548,1.586268669,1.064637589,4.080036793,8.02375764,796,4511.269464,172.183,17788.397,119500.78,7861.453433,2037.834,28341.376,139694.012,1.712151827,1.13409217,4.337435353,9.445484442,652,3080.5066,99.563,9739.912,65319.951,6070.321968,2005.616,19801.542,106621.014,1.600182847,1.057054457,3.772574194,8.22765136,152,1851.769395,101.441,5617.132,44097.775,4034.79302,1758.423,11898.916,58105.421,1.548184983,1.14956689,3.524560607,4.825691382
s2-95-lognormal,shortest_estimate+topology_aware+none,16,0.3384766633,0.03073259881,0.1839443473,0.05593584473,0.06592039801,0.001943474382,2000,1600,0,2222.989179,78.604,5452.123,63452.173,3880.974186,1021.932,11615.93,75442.684,1.665760468,1.087194127,3.950824763,9.424289008,1.665760468,3299.33701,364,3035.117863,8888.728,0.8789693959,0.7100674255,0.2304444333,0.9440641553,202.1183556,0,0,202.1182492,0.0001063838384,0,0,0,0,0.9980565256,1.116846858,0.934079602,0.06592039801,804,147203.715,0,0,3911,625,1816.536458,48.926,3977.771,63452.173,3239.009994,820.149,10273.35,73181.12,1.635215469,1.054782236,3.906013231,6.924033156,493,3110.930761,113.589,8888.728,73006.075,5106.543418,1138,18793.673,78975.717,1.749108739,1.116663351,4.168362937,10.95195597,322,1219.801894,50.487,4410.96,29640.348,2644.890531,962.912,9178.785,34685.43,1.566113318,1.068612003,3.321839825,7.898745113,160,3093.639538,271.714,5112.723,67879.821,5099.979969,1539.536,9589.475,78420.581,1.728799896,1.230791187,3.639458799,10.73248089,796,2617.413899,65.874,6207.154,63939.572,4330.246531,1001.888,13413.529,78119.035,1.703717872,1.094637106,4.160848941,9.521952572,633,1816.445264,96.998,5155.368,40482.434,3430.702785,1075.325,10960.649,54991.221,1.625716375,1.099148542,3.802383906,6.924033156,171,1891.879363,48.926,3416.771,74490.499,3456.418684,811.927,10273.35,78975.717,1.637303257,1.06046806,3.052117367,14.7832552
s2-95-lognormal,shortest_estimate+topology_aware+none,17,0.7370345798,0.03673217356,0.5207635791,0.05479178142,0.116966581,0.007780464759,2000,1600,0,3726.947838,129.078,15435.468,87116.616,6531.766503,2070.859,27008.973,97378.213,1.788369662,1.083748442,4.722099221,12.06042806,1.788369662,3415.800325,372,5358.238309,30815.741,0.8781940004,0.6574891497,0.2332254331,0.9452082186,307.6437289,0,0,307.6436154,0.0001135353536,0,0,0,0,0.9922195352,1.283919898,0.883033419,0.116966581,778,280616.132,0,0,3792,628,3742.077653,189.239,14569.947,87646.294,6747.684088,2328.619,27008.973,98048.994,1.79097359,1.108777896,4.678278476,12.68293646,486,4638.558984,129.078,31265.651,102111.375,7927.792553,2536.46,40778.05,111230.403,1.857387879,1.081276707,5.779916818,14.71149954,340,2113.703276,0,4220.957,63871.793,3983.192468,1064.311,10303.643,85174.414,1.581127861,1,3.656962849,7.731697174,146,4384.198596,406.971,27701.59,87116.616,6891.014918,2340.815,38254.273,97378.213,2.030041522,1.242228115,6.594383767,13.99736453,822,3241.356737,123.408,9836.56,68447.562,6015.53896,2027.57,23324.771,83979.566,1.731717523,1.084732398,4.174811944,10.72256925,617,4188.649128,204.123,27909.252,87646.294,7051.244483,2106.575,33537.423,102430.214,1.839709251,1.102385981,5.436145034,12.68293646,161,4436.799944,4.331,9637.852,120015.63,7176.618224,2093.323,14985.232,128406.653,1.880863648,1.019042756,5.013907456,18.19260458
s2-95-lognormal,shortest_estimate+topology_aware+none,18,0.4634583241,0.03270241106,0.275755742,0.02999450536,0.1185372005,0.00646846515,2000,1600,0,1849.361624,149.823,8173.419,27172.359,5825.692303,2261.716,22272.467,54128.134,1.717060598,1.055178307,4.204053689,9.470767816,1.717060598,3223.615093,356,2490.984736,10810.431,0.8594935077,0.6423889339,0.2432444164,0.9700054946,198.0393267,0,0,198.0392427,8.391919194e-05,0,0,0,0,0.9935315349,1.235835216,0.8814627995,0.1185372005,793,342092.075,0,0,3607,654,2716.649985,380.343,11867.547,34543.48,9142.605417,4013.428,38248.917,65274.6,1.612608909,1.111732492,3.449353187,8.264550475,489,1413.680814,52.079,6739.531,18630.772,3989.192611,1659.698,15434.328,28539.668,1.894869676,1.027316647,4.997480569,10.86099872,318,892.8072484,0,4877.561,7542.804,2304.193827,1324.617,7993.443,15341.828,1.738788868,1,4.904880722,8.119466851,139,1489.833705,37.141,7012.799,13454.881,4736.654079,2261.339,18189.191,24895.512,1.533270498,1.048304385,3.876250068,4.937778664,807,1781.235083,197.329,7613.303,27172.359,5376.346892,2203.808,20757.686,50165.995,1.753092394,1.087443704,4.071449211,9.522950358,633,2015.929815,104.08,8743.312,29645.943,6539.038261,2318.228,28167.843,56938.366,1.660766339,1.037050854,4.304882064,8.095776261,160,1533.989456,107.469,8592.951,11979.939,5269.903269,2498.294,16965.259,50812.779,1.75803939,1.029946749,4.304234628,8.264550475
s2-95-lognormal,shortest_estimate+topology_aware+none,19,0.3067484808,0.03068611621,0.1828205982,0.0251916106,0.06137184116,0.006678314554,2000,1600,0,1070.244132,0,5418.815,16415.629,3656.324933,1451.404,14501.143,33521.348,1.638256054,1,3.944849199,8.489243546,1.638256054,3090.081995,338,1552.774814,7265.361,0.8357237942,0.5428580642,0.186867351,0.9748083894,117.8994111,0,0,117.8993656,4.549494951e-05,0,0,0,0,0.9933216854,1.228317688,0.9386281588,0.06137184116,831,252906.652,0,0,3487,656,1302.44339,11.671,6809.547,18426.919,5038.227556,2150.317,20472.324,49339.64,1.570677553,1.004972201,3.899466349,8.489243546,468,957.8455726,0,5657.178,15120.235,2600.473421,776.349,11471.637,26955.882,1.733162289,1,3.944849199,12.78381667,316,882.8120981,0,3646.297,15153.477,2963.249402,1349.486,9881.442,26627.957,1.747246453,1,4.962078157,9.545352364,160,817.1712312,0,3850.329,16812.095,2447.714019,1056.967,10866.017,21496.23,1.422471132,1,3.418649942,4.7841668,769,1205.161713,1.816,6112.394,17033.425,3721.154316,1573.692,14596.067,33521.348,1.742762176,1.004175189,4.56320064,8.647947555,662,933.3535317,0,4387.076,16415.629,3588.907295,1317.246,13921.295,37196.882,1.543601945,1,3.72798445,8.489243546,169,992.5515799,0,5923.97,16239.988,3625.417716,1311.932,17442.4,31456.14,1.533497546,1,3.221227742,10.85498039
s2-95-lognormal,shortest_estimate+topology_aware+none,20,0.4059602572,0.02969965521,0.251137715,0.03579257137,0.08841843088,0.0009118847899,2000,1600,0,1841.710109,15.555,7443.739,29814.067,4934.685954,1834.527,17381.644,46829.073,1.565763176,1.010094764,3.818034848,7.610904391,1.565763176,3069.889441,353,2942.156365,10030.41,0.8532874817,0.6301992246,0.2195713311,0.9642074286,195.3742622,0,0,195.374158,0.0001042424243,0,0,0,0,0.9990881152,1.086631458,0.9115815691,0.08841843088,803,260202.681,0,0,3649,645,3133.772197,226.072,12258.827,68550.64,8254.124133,3546.872,27870.639,102475.404,1.547429804,1.087894462,3.717184389,6.195144907,467,752.7078779,0,3663.762,12443.072,2071.710608,1148.76,7238.014,16792.183,1.579133226,1,3.91109856,7.655681806,310,1453.951006,92.813,6756.031,18681.034,3879.187358,2006.386,12995.226,21865.511,1.624438668,1.039058826,4.538256225,7.983252516,178,692.2118933,0,3145.236,13230.419,2255.901826,927.506,9419.381,22482.296,1.494930647,1,3.664959686,8.842849343,797,1885.980853,1.425,8463.724,27591.148,4927.341453,1745.38,17381.644,46829.073,1.596438796,1.003513022,3.932653302,7.610904391,621,1951.323707,17.943,7329.75,33381.101,5258.681037,1967.886,18824.532,53338.096,1.545382334,1.013201601,3.777556905,7.016425867,182,1273.83194,79.224,4227.007,21865.166,3861.348703,1791.348,12531.785,33491.296,1.500972155,1.022829782,3.664959686,8.237159658
s2-95-user,fifo+first_fit+none,1,1.748962905,0.4483867021,0.6531028157,0.05688116482,0.5665024631,0.02408975964,2000,1600,0,7927.329088,7116.289,19358.012,20333.861,11145.83202,9437.588,23425.378,52596.944,15.09381489,5.40834302,57.64228716,180.8983629,15.09381489,29799.06185,370,8332.580965,19681.911,0.801857782,0.740522767,0.2186285933,0.9431188352,337.9711356,0,0,337.9710022,0.0001333333334,0,0,0,0,0.9759102404,1.571033184,0.4334975369,0.5665024631,812,307310.542,0,0,3623,647,7970.26887,6992.118,19503.534,20311.394,10285.8931,9523.233,21849.55,28237.554,15.16903719,4.851728525,54.22076533,196.1721833,468,7547.661,6942.9,19300.571,19945.272,9160.898173,8474.351,20814.546,25039.593,17.02928487,7.109328297,73.10066447,148.0197167,333,8035.743219,7508.24,19358.012,20393.016,15386.80779,10652.133,52596.944,88064.449,14.16943126,4.914200765,57.64228716,90.42825605,152,8676.018039,8547.583,19516.276,20579.513,11626.65168,10446.308,24263.722,29686.858,10.83954499,4.923631784,36.95695094,76.63881293,788,8012.915114,7521.05,19358.012,20333.861,11205.18969,9663.715,22677.956,54432.154,14.00518321,5.174672356,50.81653626,148.0197167,648,8063.853698,7197.55,19325.54,20299.482,11230.46574,9500.948,25301.445,51350.565,16.11317198,5.881320601,66.07639581,182.5988971,164,6976.65997,5977.415,19404.53,20592.241,10526.21923,8325.959,23038.486,68075.746,16.29685376,4.739304889,53.84569447,231.5311325
s2-95-user,fifo+first_fit+none,2,2.769153219,0.6294674399,1.374069274,0.06290632072,0.6983311938,0.00437899045,2000,1600,0,13252.72529,9105.373,40727.507,44399.869,16512.82174,11294.501,44622.859,51219.606,18.30939105,6.467810842,80.92109502,169.780686,18.30939105,41779.9764,332,14356.808,41873.867,0.7999399355,0.857281978,0.2409642306,0.9370936793,392.4016911,0,0,392.4015839,0.0001071919193,0,0,0,0,0.9956210096,1.194507513,0.3016688062,0.6983311938,779,271907.377,0,0,3800,636,13852.70777,9345.606,42534.51,44409.235,18466.5516,13161.46,46013.322,60655.347,17.65876775,5.540347802,80.95896188,181.2266021,502,13153.8962,8908.286,39807.439,44340.831,15679.60147,10865.846,44238.786,46786.221,18.44474498,6.524015774,83.47831894,169.780686,311,12418.63679,8319.033,40106.868,44350.839,14182.26545,9938.157,43204.731,47467.302,20.12928046,7.674596817,79.62006068,166.8865921,151,12772.09522,9358.049,39334.607,44284.303,15853.93035,11911.431,43577.342,48048.886,16.85153106,6.538838245,74.1313475,150.4985533,821,13407.72414,8918.692,41762.665,44340.831,16789.51569,11258.307,44699.859,53747.536,17.77022523,6.436226308,68.94316149,163.7893247,635,13127.50875,9204.547,41771.028,44821.444,16283.86827,11332.59,44872.918,49416.132,18.91635904,6.467810842,86.49510423,196.5801381,144,12921.18667,9451.646,37146.153,43567.249,15944.90319,11356.1,42297.784,46273.035,18.70682485,7.102063738,88.6779742,170.1969782
s2-95-user,fifo+first_fit+none,3,3.206577584,1.082611527,1.057167034,0.03960424847,1,0.02719477469,2000,1600,0,21285.34453,22547.162,31334.503,36895.439,23906.53502,24546.813,36219.649,47369.96,36.79693981,17.59875477,139.1749671,242.4982881,36.79693981,73853.42701,377,21674.5379,31778.612,0.833452253,0.8575174469,0.2711614971,0.9603957515,185.4162956,0,0,185.4161918,0.0001037575758,0,0,0,0,0.9728052253,1.618358617,0,1,773,214657.851,0,0,3929,639,21154.03946,22429.489,31120.403,37066.372,24945.82918,25404.347,39298.939,55299.076,28.07156723,12.82134983,105.328934,209.6697347,481,21300.39305,22758.806,31179.747,36915.441,22943.0621,23991.337,32706.586,38759.298,45.42986273,24.11224613,179.4112415,270.6514133,318,21480.74308,22581.595,31662.669,35752.613,23705.56897,24394.633,34466.937,40584.962,38.92519608,17.71516238,169.1856597,262.4259156,162,21375.0289,22217.462,31579.142,37203.49,23062.2678,23933.829,35002.019,40700.909,41.40367849,21.60710982,131.9729402,407.3078155,827,21362.76011,22633.115,31334.503,36816.805,24049.67661,24526.386,35806.02,48606.187,37.38909068,17.79655211,149.533638,262.4259156,629,21131.61455,22481.535,31433.563,36990.735,23571.803,24543.64,35528.351,41141.646,36.28288065,17.83096039,129.0181581,235.5834141,144,21512.24365,22164.418,30904.946,36915.441,24546.59297,24678.89,37154.129,50025.246,35.64162344,15.71216742,162.5587474,225.71361
s2-95-user,fifo+first_fit+none,4,2.961303923,0.9472490063,0.9846961486,0.04944604014,0.7960264901,0.1838862377,2000,1600,0,15921.21858,16431.219,29186.461,30809.772,18530.58058,18392.724,32757.322,38826.967,28.88588119,10.21124278,121.773458,293.74995,28.88588119,60329.87182,354,16458.04923,29469.361,0.8215069975,0.8746146217,0.2755368682,0.9505539599,239.0346756,0,0,239.0345656,0.000109979798,0,0,0,0,0.8161137623,2.865503706,0.2039735099,0.7960264901,755,217668.398,0,0,3913,615,16426.89122,16871.972,29405.251,30946.938,18406.83492,18551.007,32817.309,38508.128,46.69789598,17.28333938,225.9227155,394.4502333,495,15720.30673,16362.728,28850.703,30522.939,19372.59114,19141.242,34545.06,40798.087,16.29657497,7.383728631,65.2967008,151.5968632,334,15424.42921,16093.326,29231.796,30956.14,17768.13235,17446.383,32038.008,36604.412,17.43344492,9.706156501,64.41167413,106.8974564,156,15628.84899,15992.828,29158.95,30566.46,17979.08094,17624.997,31006.313,33769.605,23.13223495,9.679174395,98.85158489,233.3724142,845,15829.06593,16185.252,29182.685,30956.14,18554.60451,18096.951,33429.32,39019.565,28.1747064,9.517923088,113.4300148,293.74995,608,16085.45569,16805.207,29129.742,30752.74,18578.90796,18640.846,32470.356,38345.952,30.50317171,10.49819263,130.2422669,310.4494,147,15771.64596,12745.489,29477.792,30809.772,18192.59912,17659.836,32826.388,39489.558,26.28472511,12.88699762,88.47198828,216.4859647
s2-95-user,fifo+first_fit+none,5,1.045911201,0.2001370024,0.2886211308,0.05515117363,0.3952254642,0.1067764301,2000,1600,0,5775.767807,5789.278,8554.75,9238.703,7966.815889,7660.589,13025.099,18101.903,8.258951334,4.831379837,25.72858318,56.80044954,8.258951334,15943.67805,334,5903.458299,8766.864,0.8491909902,0.8516234093,0.2585606251,0.9448488264,210.48926,0,0,210.4891557,0.0001043232324,0,0,0,0,0.8932235699,2.469180599,0.6047745358,0.3952254642,754,194243.64,0,0,3911,639,5736.05349,5830.843,8445.313,9047.55,7882.173861,7575.028,12633.947,19449.441,8.27506436,5.076822444,26.0850378,45.75522284,486,5879.478115,5878.639,8705.198,9327.06,7707.936058,7565.075,12210.747,15545.342,8.009858115,5.426655585,22.60061783,43.74817066,322,5715.780102,5717.471,8596.303,9278.591,8477.93987,8148.671,13700.943,16487.79,5.764294874,3.544174956,18.55546697,29.40339015,153,5738.449373,5595.881,8504.79,9261.555,8066.94617,7598.643,13968.833,20173.515,14.23308507,4.988980416,77.42523333,131.3673833,846,5749.298704,5664.191,8515.925,9233.828,7982.798827,7619.043,13637.808,18688.982,8.11842703,4.766588296,25.05245419,60.67605952,602,5786.15538,5857.99,8615.341,9278.591,7893.376626,7654.99,12393.164,16449.771,8.456660864,4.852282886,26.00567219,49.44131273,152,5881.949,5984.476,8426.291,9054.059,8168.716355,7774.709,12856.363,20173.515,8.258046231,4.648914127,26.29794873,50.13541142
s2-95-user,fifo+first_fit+none,6,3.296708363,1.246315673,1.053083036,0.05166266495,0.9344059406,0.01124104898,2000,1600,0,18598.26745,18613.881,31213.453,31740.905,20527.73223,19980.667,33669.469,37938.358,39.20954491,16.4157725,160.2199298,335.2647833,39.20954491,78409.76787,388,19145.87271,31340.271,0.813573744,0.873066924,0.2603771704,0.9483373351,185.2292267,0,0,185.2291135,0.0001131313132,0,0,0,0,0.988758951,1.343866085,0.06559405941,0.9344059406,808,184711.322,0,0,3910,647,18717.1037,18691.935,31218.006,31821.996,20782.86948,20192.921,34486.512,38163.549,43.6709417,15.17264113,201.7612167,425.0592,472,18008.94749,17648.835,31097.416,31721.729,19806.373,19678.531,33214.592,36003.752,37.10889936,16.86122444,143.1294777,262.3917926,318,19003.16616,18832.799,31384.823,31759.532,20265.873,19649.025,33034.578,34610.889,36.69132982,18.7080145,135.3224244,296.5108295,163,19043.13972,19492.147,31146.341,31648.284,22114.7199,21372.535,35656.48,57909.888,32.49649812,12.921585,97.2270437,406.26531,792,18566.56134,18636.643,31213.427,31648.284,20577.93242,20007.413,33916.036,39300.421,40.9341651,16.09636545,177.624085,380.1761886,644,18474.39413,17848.008,31260.999,31844.999,20286.08367,19659.974,33669.469,36190.608,36.26139415,16.42611456,141.2125763,314.7973166,164,19237.81418,19421.492,31065.497,31577.63,21234.21466,21145.668,33398.194,38433.569,42.457776,17.30451548,169.3714413,314.8799833
s2-95-user,fifo+first_fit+none,7,3.641487077,1.310365695,1.363568826,0.04956351978,0.8560794045,0.06190963179,2000,1600,0,22185.92329,22019.369,40416.273,42325.881,26017.8073,24584.782,46813.264,67004.62,39.87471442,13.84447437,168.453871,406.852021,39.87471442,74730.41152,369,22396.25595,40662.035,0.7890703734,0.8678637858,0.250574096,0.9504364802,349.5496044,0,0,349.5494693,0.0001351515153,0,0,0,0,0.9380903682,1.978738803,0.1439205955,0.8560794045,806,371557.648,0,0,3759,632,22271.93344,22180.33,40895.529,42325.881,25620.07823,24543.647,44983.311,57562.517,38.6005178,14.32558935,162.6333707,364.912384,504,22267.05363,21752.492,40012.195,42379.537,27952.06403,25025.572,55961.428,89668.968,27.8700206,11.72364035,101.0967926,299.7307839,308,21918.65195,21913.61,40342.129,41815.991,24426.67881,24200.752,45950.031,53067.309,55.14749121,18.82117848,231.4381041,530.7484126,156,22103.04806,20997.152,40343.997,42020.312,24521.44163,23333.47,47259.19,53159.771,53.66729583,13.37295677,266.9462355,666.62155,794,22287.38301,22019.481,40490.454,42403.368,26283.19848,24720.433,46932.638,70714.998,37.55456741,13.71338229,156.1729012,410.8922282,644,21987.54636,21959.583,40313.829,42543.85,25714.20038,24356.608,45950.031,70470.996,43.31858776,14.35539011,182.2698396,478.6838,162,22477.25489,22550.77,40337.483,41815.991,25923.99407,24141.345,46952.832,57562.517,37.55583975,12.30943158,135.383159,328.4212486
s2-95-user,fifo+first_fit+none,8,1.199712713,0.3864022712,0.3283941162,0.04175171929,0.37375,0.06941460588,2000,1600,0,4510.882839,4860.396,9733.624,10331.891,6040.468898,6348.394,12060.401,17473.631,12.76107738,5.223976871,49.67388768,107.1081162,12.76107738,24318.91899,390,4471.37289,9848.007,0.8182204432,0.7823332421,0.2323573116,0.9582482807,112.2832756,0,0,112.2831618,0.0001137373738,0,0,0,0,0.9305853941,2.18264796,0.62625,0.37375,800,129836.245,0,0,3749,674,4501.763582,4576.918,9750.196,10419.976,5709.172987,6190.246,11269.532,14036.234,16.16793395,5.831687196,75.31182487,113.4109817,490,4376.260902,3707.007,9703.846,10276.688,5748.803598,5892.173,11706.278,21326.368,10.97960431,5.622800576,36.26222832,99.43544341,303,4594.830462,5795.083,9768.367,10371.648,6827.275218,6863.036,14223.504,21242.425,7.407485881,3.8825326,25.01011715,43.59544671,133,4861.822684,6042.469,9944.906,10239.668,7001.424737,7051.148,14750.251,18809,14.2561052,4.317619015,54.62772787,142.9954472,800,4526.821275,5354.063,9726.831,10270.105,6080.474372,6419.318,12157.853,17868.306,13.31674032,5.416563413,51.56896791,106.1083882,629,4367.929169,3882.257,9682.685,10371.648,5894.271558,6098.588,12017.16,17369.643,12.09117627,4.905539747,48.82104038,112.611865,171,4962.152491,5964.357,10024.929,10335.771,6391.075608,6968.307,11916.094,16155.45,12.62562382,5.354793539,40.64497082,103.8243679
s2-95-user,fifo+first_fit+none,9,2.123228824,0.5830529433,0.8178938671,0.03691584767,0.6460957179,0.03927044807,2000,1600,0,9661.21622,7872.684,24242.43,26903.567,12084.68582,10020.849,26461.271,32283.957,18.82545335,7.123463028,74.95428618,180.3312453,18.82545335,44826.99222,346,10197.97299,24471.625,0.8254599854,0.8251908192,0.2428762067,0.9630841523,167.53496,0,0,167.5348609,9.911111113e-05,0,0,0,0,0.9607295519,1.651846018,0.3539042821,0.6460957179,794,209925.551,0,0,3914,645,9653.991992,7818.178,24242.43,26903.567,12067.68757,10084.94,26499.555,32283.957,16.5582654,7.1101489,58.00222796,150.417431,474,9819.594057,7997.136,24521.286,26995.878,12198.14305,10292.653,26851.771,30531.847,17.83557256,7.018515456,70.67534945,182.9994424,330,9606.835576,7736.19,24272.053,27088.983,12365.04885,9945.703,26583.623,36260.643,20.77719804,6.285453195,85.55612842,180.3312453,151,9313.760225,8111.921,23907.269,25434.822,11188.42983,9410.895,24892.841,32191.667,27.35170478,9.985780277,97.98153333,280.78185,806,9750.314507,7997.136,24193.71,26903.567,12240.7763,10528.38,26622.031,33117.985,19.01780261,7.229022005,73.06220676,162.2814137,627,9588.410879,7781.431,24304.097,27088.983,12022.0812,9746.661,25987.726,32283.957,19.26406012,6.844520188,82.10197313,180.3312453,167,9504.54394,7404.884,24123.306,26141.965,11566.38743,9225.726,26831.311,29535.986,16.25036385,7.575334361,59.33060312,203.5023062
s2-95-user,fifo+first_fit+none,10,5.100833612,1.874804935,2.152704898,0.05514379824,1,0.01817998046,2000,1600,0,42985.26744,45087.251,63806.32,64969.187,45843.265,47340.592,66242.808,75635.939,66.65231938,31.97618302,241.0152753,531.7565768,66.65231938,127244.1764,352,44314.79079,64140.698,0.835533012,0.8465769778,0.2297487506,0.9448562018,345.6277311,0,0,345.6276196,0.0001115151515,0,0,0,0,0.9818200195,1.480466622,0,1,769,300729.876,0,0,3967,626,42840.68057,44810.393,63802.09,65324.286,45632.51081,47080.072,66242.808,70959.683,76.46999905,29.83792251,313.4901633,660.2212827,484,43246.21643,45083.647,64204.046,64982.912,47063.24896,47546.252,68746.974,79592.378,64.86722249,31.79684129,203.8528249,710.5178468,343,42518.73924,45335.581,61567.021,64864.879,44762.19394,47200.702,65208.147,69387.532,51.65263297,31.49332317,193.7367237,347.9477286,147,43830.37792,46000.93,63240.116,64593.626,45246.44361,47453.742,63973.922,66367.011,65.72042727,44.5944656,168.755893,295.7326812,831,42734.22943,45116.76,63806.32,64916.409,45505.0202,46971.8,66367.011,76311.594,68.70951242,31.97618302,255.7530426,491.5775489,627,43765.21303,45112.978,63886.444,65302.04,46722.94664,47848.839,66398.947,75830.77,66.78118595,32.39966735,226.0861706,660.2212827,142,41010.52589,44163.694,63322.117,65540.815,43938.48352,46476.361,64884.463,70844.542,54.04438449,30.47648389,165.3389577,309.4152854
s2-95-user,fifo+first_fit+none,11,1.975749717,0.4553723409,0.8381958446,0.03937068519,0.6276202219,0.01519062397,2000,1600,0,13332.85949,10738.357,24844.182,25643.127,16135.32818,14595.444,29259.503,39648.755,17.09107088,7.914073955,58.54032494,148.3837545,17.09107088,35775.03907,333,13077.08006,24991.464,0.8223241226,0.8617360881,0.2395465135,0.9606293148,185.4108667,0,0,185.4107425,0.0001241616162,0,0,0,0,0.984809376,1.409235577,0.3723797781,0.6276202219,811,252987.361,0,0,3853,640,13054.018,7504.336,24616.82,25541.592,16346.3026,14459.597,29855.791,46999.718,16.31147563,6.942589057,61.98340233,150.7563392,470,13446.65423,11101.913,24860.784,25587.132,15589.75075,13821.152,27793.979,32202.65,16.9832016,8.441382454,58.3570881,103.7279942,327,13198.58253,7434.957,24924.418,25900.859,15742.96683,13323.248,29035.097,35409.763,20.16028663,9.374901278,63.62091377,217.0810201,163,14368.95515,14039.801,25140.784,26095.626,17667.22955,19583.894,33095.81,46557.102,14.30583145,7.428928934,46.85459027,92.97712436,789,13355.63722,11118.92,24844.182,25610.946,16245.85577,14937.137,29303.216,43191.21,16.99399004,7.861071379,60.46019448,150.3662807,653,13326.4887,7907.326,24865.033,25683.144,15854.28794,14353.647,28217.951,38975.237,16.56467207,8.764520078,54.89383394,103.7279942,158,13245.44495,8176.792,24810.159,25728.84,16744.90417,13276.528,33927.844,50181.831,19.75142032,6.380215698,75.32825051,309.9278865
s2-95-user,fifo+first_fit+none,12,2.226038429,0.5971895362,0.5571568827,0.03833006394,0.9708383961,0.06252354973,2000,1600,0,11090.0749,10303.795,16514.168,18608.894,13606.49443,12656.456,21423.861,30854.623,19.95188926,9.179095779,76.77161382,159.1401398,19.95188926,39635.0928,349,11202.27648,16463.223,0.8136187995,0.8967429222,0.2714506562,0.9616699361,156.4253778,0,0,156.425265,0.0001128080808,0,0,0,0,0.9374764503,1.780368567,0.02916160389,0.9708383961,823,219032.071,0,0,3931,597,11093.28483,10391.049,16530.249,19608.376,12582.2539,12088.052,18809.062,22336.803,26.46279411,13.33651468,98.71578936,185.6784333,519,11105.91883,10277.285,16554.544,18020.158,14818.77967,13196.56,26522.213,36650.937,17.14365036,7.151730398,68.44714549,161.5695861,324,11104.27274,10496.584,16382.089,18608.894,13905.55011,13495.376,20337.808,23396.282,14.8636606,6.632497179,55.55921389,134.7226291,160,10997.95348,9915.2,16758.883,18774.781,12890.25391,12269.697,19514.577,25127.116,15.07096356,9.541735348,48.71861421,113.5513387,777,11133.95634,10276.825,16621.33,19085.781,13631.98635,12756.648,21609.249,29970.686,19.6258656,9.118802448,82.61244773,159.1401398,660,11039.94226,10299.978,16467.655,17689.373,13535.38208,12576.045,21249.593,29295.501,20.22561475,8.786540535,75.34407704,183.7950381,163,11083.88878,10422.775,16090.268,19081.314,13772.91731,12922.605,20568.33,37690.949,20.39766572,11.2457372,63.50553988,129.2840471
s2-95-user,fifo+first_fit+none,13,1.48081006,0.3030906865,0.5232147543,0.04180367771,0.5252152522,0.08748568894,2000,1600,0,6894.023317,6084.327,15508.121,16259.636,9006.256706,7877.076,18150.841,21807.896,11.80373139,5.445234834,38.96377905,117.2070954,11.80373139,24017.40997,351,7152.966527,15526.528,0.8676199659,0.8554585977,0.2525846464,0.9581963223,160.4112378,0,0,160.4111604,7.741414145e-05,0,0,0,0,0.9125143111,2.238450041,0.4747847478,0.5252152522,813,174788.954,0,0,3852,628,6952.849718,6212.763,14932.106,15924.344,9083.281381,8226.338,17823.99,20440.593,7.75673615,4.930411191,24.6926467,38.19930187,479,6919.388837,5977.026,15554.432,16333.224,8864.621349,7538.117,18442.136,22755.594,14.07942298,6.305162761,56.91172232,111.1209235,328,6508.803506,5603.737,15617.803,16167.646,8349.255018,7320.044,17358.914,24682.861,17.36306635,5.924230046,92.39172924,156.7716942,165,7362.259885,6319.73,15707.99,16526.233,10430.30758,9283.86,20059.489,27249.74,9.549154863,4.103481069,32.63064116,88.43830685,787,6804.06146,6077.321,15453.543,16176.011,8911.17745,7858.414,17998.411,21959.833,11.769649,5.077406293,38.19930187,123.2773355,643,6965.873275,6093.525,15554.432,16259.636,9037.64153,7834.017,17981.835,21249.088,11.50996981,5.601914903,39.26382076,102.9539677,170,7038.731894,6093.884,15545.327,16291.178,9327.709247,8008.451,19972.381,29167.184,13.07262279,6.61356904,48.4187962,134.9087167
s2-95-user,fifo+first_fit+none,14,2.293395967,0.7105204863,0.6086133432,0.05442295873,0.7874213836,0.1324177951,2000,1600,0,11756.50901,13447.078,18039.341,19325.451,13752.18457,15176.493,21562.096,28461.784,24.92607449,11.72111474,91.3408576,194.482066,24.92607449,47366.39341,378,12270.45956,18502.741,0.8336821388,0.8563524286,0.2658455991,0.9455770413,210.9500089,0,0,210.9498731,0.0001358383839,0,0,0,0,0.8675822049,2.804848459,0.2125786164,0.7874213836,795,171147.804,0,0,3832,594,12046.82005,13878.459,18442.379,19352.428,13459.87591,15124.842,20615.471,25298.506,35.19377923,18.08877069,134.3123159,248.33195,514,11597.54442,13282.04,17755.419,19265.469,13971.81467,15204.898,21561.536,26226.066,16.38391364,8.424638389,67.2962994,120.0361021,336,11712.02998,13587.186,17603.279,19231.339,13320.12442,15133.226,20848.119,23893.828,25.58891628,13.7630499,90.47406667,194.482066,156,11270.66284,12881.133,18303.665,19426.931,15072.1441,15610.835,30528.203,48513.959,12.54747975,6.999910787,42.58685711,66.14779724,805,11764.56474,13502.331,17755.419,19212.353,13777.68871,15295.293,21908.669,26226.066,23.42606306,11.93212657,86.23959994,146.3793158,635,11857.03406,13366.618,18343.161,19363.081,13761.17501,15151.534,21279.685,28461.784,27.05815637,11.84680318,114.6699825,237.265058,160,11317.01986,13040.833,17839.891,19259.165,13588.18606,14836.398,22004.37,40401.927,24.01130705,9.378851114,86.11415033,250.5425735
s2-95-user,fifo+first_fit+none,15,3.957019421,1.299034617,1.478227807,0.06608622064,0.9912935323,0.1223772453,2000,1600,0,32492.85257,34186.421,43814.773,44644.483,35600.26163,37125.242,48305.95,57299.429,46.47300201,21.19696644,166.9972059,402.9166515,46.47300201,90425.05642,357,33227.28528,44047.248,0.8279727977,0.8354049153,0.2659855689,0.9339137794,394.7903933,0,0,394.7902749,0.0001184242426,0,0,0,0,0.8776227547,2.419149041,0.008706467662,0.9912935323,804,286953.422,0,0,3903,654,32689.47154,34515.716,43653.546,44524.765,35287.04428,36958.587,46601.844,54701.152,46.62864339,23.55080069,159.8678143,337.0200078,498,32049.16761,33894.814,43759.847,46387.911,36285.11243,37589.536,50534.785,66152.627,31.65322965,15.06527906,116.0885105,241.7532048,299,32616.47525,35007.364,43977.071,44631.242,34595.68672,36667.47,46096.342,57299.429,76.57388013,35.80921429,251.1788077,628.3730876,149,32864.68558,33494.621,44149.101,44956.632,36701.98205,37349.19,50861.808,61356.152,34.91793231,18.75061166,128.203593,220.2412253,796,32347.35311,33894.814,43781.332,44826.962,35708.287,36970.066,48945.732,57908.266,44.90952921,20.21635658,168.5355878,446.295526,652,32645.02761,34427.415,43874.954,44631.242,35655.72338,37288.64,48248.192,57299.429,45.91868071,20.79438088,154.1651648,421.2563753,152,32602.05943,34007.945,43814.773,44290.391,34796.64812,36778.91,45910.4,60120.065,57.03840883,27.43344325,188.7741334,402.9166515
s2-95-user,fifo+first_fit+none,16,3.256118877,1.265809809,1.065254465,0.06532971551,0.7910447761,0.06868011138,2000,1600,0,16126.43111,17652.891,31574.215,36953.259,17790.33958,19161.433,33694.233,39185.363,41.44214013,17.88220895,162.7259956,354.7481167,41.44214013,87325.71555,364,16227.77773,31787.83,0.8559000717,0.8350976782,0.2534588992,0.9346702845,238.4346644,0,0,238.4345474,0.0001170505051,0,0,0,0,0.9313198886,2.250146001,0.2089552239,0.7910447761,804,155951.674,0,0,3895,625,15641.57286,16777.14,31505.699,35276.721,17070.72095,18308.003,33474.364,40597.7,46.7573966,19.68998297,180.2990466,355.8588667,493,16425.19573,18361.807,31791.265,37288.224,18425.32367,19594.922,34617.883,40580.717,39.05751247,16.95181093,154.7693384,361.7077833,322,16289.59478,17230.766,31390.069,35384.057,17725.48739,18908.043,32483.769,37887.216,45.04330125,18.20391017,149.7726561,359.1152189,160,16771.47329,19479.852,31533.57,37298.504,18775.32016,20566.795,33605.725,38683.296,20.77971678,13.24811857,67.76314333,129.0167552,796,15697.94599,17095.951,31517.41,37288.224,17417.30373,19093.17,33824.132,38987.182,40.87846363,18.01348418,164.0729555,338.7859089,633,16417.83844,18263.984,31585.906,36860.167,18034.67057,19138.172,33660.547,39185.363,40.71658688,16.96713283,156.6339768,361.73475,171,17042.29847,17803.239,31787.83,37061.741,18622.35726,19959.556,34617.883,41313.272,46.75185771,21.90806229,216.2419767,347.7284238
s2-95-user,fifo+first_fit+none,17,3.26961096,0.8498028923,1.44689188,0.05825002659,0.8419023136,0.07276384722,2000,1600,0,20374.9791,15772.942,42885.974,44027.543,23184.74747,22027.219,45366.679,52051.804,28.75484052,11.77524612,109.246287,282.7199029,28.75484052,56258.72288,372,20175.31345,42688.203,0.8416040866,0.8271444127,0.2452927517,0.9417499734,328.2620267,0,0,328.2618966,0.0001300606061,0,0,0,0,0.9272361528,1.852121988,0.1580976864,0.8419023136,778,257931.164,0,0,3842,628,21019.11062,20439.433,42918.222,44065.99,24024.62336,23126.042,45363.197,51304.507,26.17181273,10.4355064,94.95964226,260.8443708,486,19525.34998,15516.355,42989.967,44084.715,22820.29851,18605.214,46172.202,54350.578,23.78354162,9.177568039,74.91138146,320.1605548,340,20318.12554,15710.854,42371.257,43759.689,22194.0599,20616.335,43897.046,54703.105,43.00816482,18.18559559,142.6350795,415.1185321,146,20564.9474,15446.827,42237.334,43906.846,23092.37698,19713.296,45313.283,49973.801,23.22102168,11.24265591,106.851958,187.0933726,822,20263.14423,15710.854,42989.967,43997.765,23034.96975,21496.237,45439.842,50642.208,28.20698617,11.49076086,110.3335695,282.7199029,617,20398.21598,15715.228,42819.096,43999.345,23276.41385,21671.85,45473.371,54350.578,27.39250632,11.13587824,94.78171514,255.3859727,161,20856.91148,21813.885,42522.131,44283.199,23598.15819,25898.805,44643.213,46172.202,36.77283103,13.97141381,154.0832298,424.5120217
s2-95-user,fifo+first_fit+none,18,2.917689149,0.8453934112,1.01360617,0.03739424994,0.9583858764,0.06290944216,2000,1600,0,21016.4399,23151.721,30043.356,31421.242,25003.76191,25721.956,39059.622,56595.904,29.17639131,13.9606825,108.6794268,220.215739,29.17639131,53885.51813,356,21671.26217,30666.925,0.7762430677,0.9172490286,0.2621751156,0.9626057501,248.7942311,0,0,248.794112,0.0001191515152,0,0,0,0,0.9370905578,2.050223133,0.04161412358,0.9583858764,793,372386.228,0,0,3858,654,20910.44036,23151.721,29867.889,31417.285,27355.05831,27160.119,45961.116,70422.207,18.81642394,7.830944075,77.54093985,144.6139708,489,20956.31173,22939.207,29909.45,31427.234,23537.25418,24711.315,33794.951,41989.374,38.57786764,18.92532273,142.8939022,362.4401833,318,21131.62749,23245.385,30392.615,31752.551,22549.05102,24506.794,32032.683,34998.203,36.70961478,22.21991875,120.1900904,215.827539,139,21463.17894,23403.093,30455.166,31345.166,24715.79429,25590.201,35923.191,43297.529,27.611871,14.9207191,112.0207414,174.0431632,807,20797.54754,22955.705,29978.073,31417.285,24405.64951,25141.359,37605.26,48936.526,31.28626924,14.48149407,115.2024636,225.1508114,633,21307.74919,23470.742,30188.791,31475.399,25845.62237,26240.084,41032.624,64527.933,28.03266569,13.05632451,102.0161715,208.7580836,160,20967.98591,22920.877,29498.692,30955.074,24689.88091,25095.701,35373.887,70926.915,23.05955899,12.25142044,85.40975652,139.4354447
s2-95-user,fifo+first_fit+none,19,1.21817469,0.4114254076,0.3161183347,0.02763782675,0.3814681107,0.08152501069,2000,1600,0,5002.953646,5081.921,9369.769,10345.552,7592.240956,6991.097,14878.013,31785.66,12.61081681,4.922884192,52.89073333,110.1915752,12.61081681,25960.39044,338,5364.196,9797.871,0.8286243943,0.775214444,0.2246805983,0.9723621733,129.6733689,0,0,129.6732941,7.482828285e-05,0,0,0,0,0.9184749893,2.549572648,0.6185318893,0.3814681107,831,259924.809,0,0,3680,656,4793.316108,4913.326,9437.462,10236.165,8533.598322,7244.087,18208.845,43585.999,7.008202243,3.411898006,25.34384208,48.54083166,468,5124.747927,5202.725,9520.445,10693.193,6768.382432,6766.112,12793.396,18042.179,16.17190538,8.237613447,61.82494315,116.8023082,316,5321.323864,5366.197,9251.468,10324.437,7406.51687,7288.91,13428.451,25210.323,17.86792075,5.113074228,83.69156667,122.72625,160,4877.438094,4950.602,9105.368,10142.287,6509.267006,6053.281,14037.486,17016.765,14.78257221,5.507214569,57.15774432,110.1915752,769,5127.662388,5246.202,9516.055,10476.129,7651.090506,7111.764,14625.582,29993.164,12.38053032,4.730125235,48.54083166,116.8023082,662,4828.233941,4912.536,9169.975,10213.481,7484.720488,6818.518,15388.693,32282.239,12.54631924,4.981454837,52.89073333,98.61470675,169,5119.89697,5001.909,9155.571,10142.287,7745.632941,7468.395,17007.775,27094.338,13.9113358,5.113074228,53.4247045,110.1915752
s2-95-user,fifo+first_fit+none,20,2.623923294,0.8500016615,1.000551476,0.04287017318,0.5691158157,0.1613841667,2000,1600,0,11367.24942,7272.42,29656.414,30283.09,14472.08869,11201.613,33224.526,44965.883,22.78316679,4.662932977,109.2718397,322.4097412,22.78316679,45841.01053,353,11925.56414,29835.499,0.8204612237,0.8264967773,0.2389372208,0.9571298268,235.7378467,0,0,235.737742,0.0001046464647,0,0,0,0,0.8386158333,2.952690242,0.4308841843,0.5691158157,803,259461.649,0,0,3717,645,11575.31927,7575.096,29694.905,30516.58,16721.34498,14454.859,36953.578,53958.165,14.82537937,3.11184805,68.845735,193.480373,467,11639.63187,7933.821,29537.67,30173.596,12957.74614,10037.934,30744.248,32434.009,37.2252147,8.195404296,202.4433562,454.5304667,310,11125.14721,3611.362,29797.163,30283.09,13559.45944,9670.006,32084.537,37337.307,12.60721974,4.13735719,53.23806728,112.1948855,178,10320.30575,2816.565,29499.435,31356.101,11884.12654,6557.254,31794.884,38395.754,31.45103249,7.468050214,166.5410005,396.8209775,797,11223.40291,7279.399,29649.817,30629.015,14275.00821,11333.237,33224.526,46018.437,21.76009181,4.892945442,110.599448,269.9470966,621,11362.62005,6692.853,29574.819,30283.09,14683.288,11292.25,33236.474,47062.558,24.04311287,4.517819468,107.6399385,396.8209775,182,12012.96649,7653.308,29752.277,30248.249,14614.49734,10968.099,32513.784,36851.29,22.96428896,4.739946525,92.76047498,322.4097412
s2-95-user,shortest_estimate+topology_aware+conservative,1,0.1610072033,0.02167349766,0.06284169076,0.04105075399,0.03201970443,0.00342155648,2000,1600,0,444.9613694,0,1862.632,7628.783,3651.48242,1448.909,11371.818,46679.924,1.377327768,1,2.786233333,8.043916242,1.377327768,2641.258577,370,1733.696219,6949.61,0.8460413828,0.3259328295,0.166676295,0.958949246,239.8849844,0,0,239.8848863,9.810101015e-05,0,0,0,0,0.9965784435,1.149770651,0.9679802956,0.03201970443,812,288796.147,383,124,3326,647,543.9627218,0,2364.558,12546.318,2851.852938,1700.113,9523.233,17698.707,1.487532746,1,3.420759354,8.435866972,468,200.2088526,0,1194.068,4471.994,1809.782838,1055.451,6446.356,9573.79,1.293764756,1,2.10241486,8.387148752,333,561.4587117,0,2705.459,8082.487,7881.88036,1534.051,46679.924,86400,1.31028992,1,2.951644224,5.541938033,152,521.9132632,0,1628.032,7344.095,3457.753243,2015.778,10750.48,19921.009,1.312383505,1,1.949344059,7.195310035,788,379.3528706,0,1664.688,7344.095,3563.169124,1574.775,10781.289,48633.587,1.386158852,1,2.476372825,7.195310035,648,507.2187099,0,1983.705,7787.621,3656.762406,1388.135,13300.814,45347.927,1.350921711,1,2.894625695,8.435866972,164,514.2097866,0,1835.001,12546.318,4054.954652,1323.259,12772.561,67241.783,1.439231613,1,3.473756613,9.648663484
s2-95-user,shortest_estimate+topology_aware+conservative,2,0.2405031788,0.02150518705,0.1094190465,0.06393609288,0.03594351733,0.009699335067,2000,1600,0,817.2125081,0,3243.188,12035.249,4077.761009,1752.486,14372.739,32412.392,1.411192175,1,2.764596188,9.521316562,1.411192175,2775.749283,332,3498.406867,10705.052,0.868976023,0.4955748955,0.2140661179,0.9360639071,399.2640311,0,0,399.2639249,0.0001062222223,0,0,0,0,0.9903006649,1.256640503,0.9640564827,0.03594351733,779,279208.364,430,153,3665,636,822.0293994,0,3723.617,10705.052,5433.744016,2378.189,20808.878,35930.973,1.365705925,1,2.764596188,8.003916615,502,690.3475339,0,2682.783,10267.594,3216.017271,1628.413,9792.323,22770.415,1.33637698,1,2.587691105,9.113945336,311,1106.366254,0,3022.805,15518.113,2877.074881,1278.043,8062.771,19406.989,1.666329233,1,4.99038514,13.63380982,151,623.145351,0,3857.114,12406.512,3704.274583,1722.892,13312.748,28889.504,1.32601904,1,2.29272963,5.899806194,821,925.4194324,0,3580.382,13296.904,4306.763101,1873.317,15035.59,34187.161,1.465605853,1,2.764596188,12.14059731,635,755.699463,0,2943.091,12035.249,3913.917557,1748.231,13943.95,30054.485,1.35232071,1,2.857120692,9.113945336,144,471.5381944,0,3182.502,8328.487,3494.635132,1601.846,13775.162,27939.411,1.360565436,1,2.515074132,9.127868724
s2-95-user,shortest_estimate+topology_aware+conservative,3,0.2937781061,0.03201507166,0.160319233,0.03970438457,0.06080206986,0.0009373469729,2000,1600,0,1396.001289,0,4751.873,27826.182,4017.651234,1510.075,14452.118,41305.995,1.576697849,1,4.115692873,10.06774419,1.576697849,3105.876697,377,4731.061215,20273.572,0.9116138447,0.6151624061,0.2609292632,0.9602956154,185.9044889,0,0,185.9043931,9.579797982e-05,0,0,0,0,0.999062653,1.075160569,0.9391979301,0.06080206986,773,215572.262,638,225,3932,639,1895.363545,0,7220.984,38414.886,5685.878324,2203.891,21344.466,62924.165,1.523709315,1,3.612648604,8.131957484,481,919.0164449,0,3916.604,20190.467,2560.712069,1136.77,7908.776,36529.69,1.638232173,1,4.973774125,11.2527543,318,1514.821597,0,5136.879,43529.968,3745.176336,1450.224,12063.366,46461.233,1.561005228,1,4.063997259,8.207026416,162,609.2875309,0,3493.104,11622.777,2298.130525,1159.478,8363.691,16241.497,1.633808447,1,5.020967094,9.476281764,827,1188.499802,0,4751.873,21922.362,3876.320602,1566.977,14308.797,40153.135,1.547887052,1,3.99853163,8.815794779,629,1403.056402,0,4625.348,29287.708,3842.622359,1486.989,14452.118,37634.087,1.602234899,1,4.767544072,11.02094503,144,2556.876736,0,5109.543,96148.638,5593.85675,1413.067,20953.214,110675.949,1.630612602,1,2.631434141,19.41368409
s2-95-user,shortest_estimate+topology_aware+conservative,4,0.2698526123,0.02570847895,0.1528251544,0.03986350137,0.05033112583,0.001124351683,2000,1600,0,1000.649359,0,4529.748,16982.97,3605.387179,1686.785,12392.884,29650.049,1.425041837,1,3.304949766,7.867997673,1.425041837,2891.983171,354,3627.470986,15246.006,0.908642342,0.4592336752,0.2279462981,0.9601364986,190.7869333,0,0,190.7868419,9.147474751e-05,0,0,0,0,0.9988756483,1.078959941,0.9496688742,0.05033112583,755,193224.491,600,203,3879,615,738.5548163,0,3892.087,11853.276,2717.877224,1020.006,11379.846,21342.715,1.471298898,1,3.662909828,7.715519217,495,1623.837521,0,7625.887,37597.636,5261.318412,2577.11,18509.208,65682.799,1.390932508,1,2.758505803,7.869898019,334,743.7636018,0,4969.24,15657.053,3089.606117,1756.183,10818.226,19890.18,1.367075967,1,3.297235784,6.370796201,156,606.4817115,0,3355.515,10986.409,2954.127801,1833.267,9122.27,15331.426,1.475020205,1,3.536231731,9.461519593,845,862.7944888,0,4575.5,13645.759,3588.221417,1738.181,12703.706,29394.341,1.398419849,1,3.453129194,6.515505786,608,1233.025906,0,4662.2,18652.42,3717.156979,1660.392,12042.352,30250.171,1.478155277,1,3.297235784,9.953915161,147,831.9583741,0,2759.685,27061.923,3241.77515,1460.737,11432.916,41131.41,1.358392913,1,2.847732469,6.935191757
s2-95-user,shortest_estimate+topology_aware+conservative,5,0.1681725027,0.01866444763,0.05306016806,0.04437350754,0.02785145889,0.02422292054,2000,1600,0,361.7245212,0,1572.707,7886.977,2545.400483,1565.201,8009.62,14712.033,1.262404286,1,2.399405346,4.901916667,1.262404286,2492.514264,334,1539.309257,7886.977,0.8815629754,0.3567588592,0.1868751265,0.9556264925,167.4453489,0,0,167.4452637,8.51717172e-05,0,0,0,0,0.9757770795,1.450882796,0.9721485411,0.02785145889,754,181294.702,438,158,3556,639,411.5051064,0,1609.528,8261.584,2545.696433,1452.845,8446.341,15910.596,1.242317229,1,2.788473907,4.81517188,486,375.0626214,0,1734.926,7663.785,2196.399372,1391.315,6289.937,13016.14,1.220846054,1,2.4400929,4.915293867,322,286.7536491,0,1066.029,7952.102,3048.261258,2266.119,8468.789,13808.236,1.163037377,1,1.844278405,4.700306044,153,269.2311242,0,1781.5,3224.57,2594.447922,1768.422,8059.987,14712.033,1.687430921,1,2.691232128,19.10931667,846,414.4885887,0,1664.705,7886.977,2639.434358,1543.269,8457.185,15386.477,1.237931649,1,2.405320889,5.080742021,602,302.6637542,0,1325.348,7952.102,2403.358849,1581.591,7213.36,12754.754,1.301504997,1,2.293728232,4.851099239,152,301.9625526,0,1734.926,5213.671,2584.587362,1680.597,8603.651,14738.915,1.243754439,1,2.4400929,4.015075821
s2-95-user,shortest_estimate+topology_aware+conservative,6,0.3653795343,0.03767691182,0.1667423964,0.05160085134,0.06188118812,0.04747818665,2000,1600,0,1652.587492,0,4942.256,49100.487,3581.193563,1314.718,12238.314,55883.531,1.75994893,1,4.84354991,15.02781693,1.75994893,3430.720529,388,5138.051106,38370.464,0.8993002608,0.5622531544,0.2175741971,0.9483991487,184.9955444,0,0,184.9954334,0.0001110303031,0,0,0,0,0.9525218133,1.712487967,0.9381188119,0.06188118812,808,171298.582,616,170,3915,647,1549.915757,0,4555.082,43066.186,3611.385666,1393.787,12240.184,53507.739,1.699346827,1,4.689782225,14.73078858,472,1215.533288,0,3427.674,40069.2,3015.107525,1244.432,8733.503,47262.023,1.716855986,1,4.715795493,15.02781693,318,734.5223616,0,2476.757,17621.133,1996.857623,1085.22,5380.975,21122.755,1.517385597,1,3.784003683,9.167415388,163,5116.777117,0,43402.149,73176.429,8191.482816,1577.864,57125.381,74536.746,2.598504577,1,9.967560347,21.28624173,792,1547.915573,0,4139.869,49214.776,3562.08702,1341.401,11296.938,62746.38,1.695855412,1,4.767132157,14.73078858,644,1724.598102,0,6274.313,43066.186,3535.168252,1252.302,12573.911,53507.739,1.913921433,1,5.664330457,17.9904933,164,1875.302902,0,4245.767,56568.541,3854.197726,1219.013,12238.314,71047.11,1.464849998,1,3.457293456,11.08221364
s2-95-user,shortest_estimate+topology_aware+conservative,7,0.2149252118,0.02671653213,0.1040113329,0.03703609905,0.04466501241,0.002496235316,2000,1600,0,776.3568825,0,3082.903,16170.708,4590.171011,1673.256,18423.62,49482.788,1.444339226,1,3.434539895,9.135805761,1.444339226,2756.776547,369,3027.886843,15633.471,0.8834574641,0.4304602851,0.2081217281,0.962963901,257.80124,0,0,257.8011363,0.0001037171718,0,0,0,0,0.9975037647,1.136920093,0.9553349876,0.04466501241,806,339574.561,482,152,3486,632,709.2919399,0,2600.688,17398.072,4040.175525,1640.851,15087.857,35556.718,1.405921459,1,3.041530308,9.135805761,504,992.0915357,0,4219.275,18771.316,6656.353919,1967.405,36764.033,82957.345,1.440710925,1,3.157368685,10.18400977,308,585.5181526,0,1993.564,13179.036,3069.862766,1250.934,12223.467,26312.353,1.451066618,1,3.526988785,6.649109792,156,727.8511603,0,3424.096,12634.345,3144.631917,1542.608,12482.877,26799.708,1.598420356,1,4.27920573,14.85951108,794,797.213602,0,3424.096,17398.072,4763.774708,1723.215,18467.926,63329.967,1.407491548,1,3.203976597,8.498895778,644,703.3252174,0,2467.368,14025.992,4422.491781,1621.421,17122.406,55903.55,1.44958471,1,3.381938291,8.530892828,162,964.4566173,0,3006.98,24687.911,4405.875265,1677.94,20350.551,37186.47,1.604085924,1,4.271369315,13.74642484
s2-95-user,shortest_estimate+topology_aware+conservative,8,0.1369227382,0.02191456449,0.04765130736,0.03850070523,0.0275,0.001356161123,2000,1600,0,303.3794125,0,1412.388,4965.826,1831.107632,830.666,6429.174,14006.852,1.339216084,1,2.817223645,6.985687386,1.339216084,2598.284959,390,1053.18389,4388.362,0.8555069921,0.4724300452,0.17690228,0.9614992948,103.1902044,0,0,103.1901116,9.284848488e-05,0,0,0,0,0.9986438389,1.103350279,0.9725,0.0275,800,124122.986,456,114,3600,674,268.0499822,0,1424.85,5105.324,1474.892718,726.317,5603.351,11139.827,1.395780097,1,3.156008488,8.668904905,490,242.6448122,0,1222.015,4938.782,1615.45002,759.337,4782.318,19375.901,1.308071279,1,2.639938087,6.952080953,303,434.5665512,0,1300.098,7397.084,2659.812974,1283.422,8001.7,26173.256,1.296319999,1,2.616211419,5.521688224,133,407.3063835,0,1886.354,4862.343,2542.862241,1221.132,11138.25,15973.828,1.265038061,1,2.154719795,6.315316029,800,230.271415,0,1227.79,4388.362,1780.086884,820.938,6155.791,13651.835,1.338250471,1,2.65793655,6.315316029,629,374.7018665,0,1531.124,6264.203,1901.005634,848.138,6451.737,15672.924,1.352934393,1,3.34262718,7.473052512,171,383.0552865,0,2819.936,7017.469,1812.690994,806.378,8077.605,12944.605,1.293272655,1,2.616211419,4.302500494
s2-95-user,shortest_estimate+topology_aware+conservative,9,0.1675173575,0.02058047417,0.06994207928,0.03809055788,0.03400503778,0.004899208413,2000,1600,0,616.7497006,0,2073.088,18340.509,3040.060744,1343.668,10406.415,27486.191,1.35385965,1,2.645719858,8.21294935,1.35385965,2810.203126,346,2406.941176,15769.154,0.8894492086,0.4276716396,0.2113519604,0.9619094421,173.0772489,0,0,173.0771522,9.672727274e-05,0,0,0,0,0.9951007916,1.208785886,0.9659949622,0.03400503778,794,197563.279,493,113,3776,645,631.9541922,0,2008.958,18882.212,3048.099016,1398.639,9142.035,28623.208,1.402812245,1,2.879878753,9.025302736,474,602.9290865,0,1972.621,18972.878,2980.315523,1291.774,10972.605,23854.997,1.357696377,1,2.767142962,8.21294935,330,797.3442364,0,2824.023,20867.136,3546.273806,1561.97,11664.523,35369.842,1.341139189,1,2.813614109,5.347029786,151,200.5104768,0,1074.172,3245.574,2086.976232,982.489,9549.511,13910.721,1.160513422,1,1.721580482,3.774286528,806,640.3926749,0,1971.628,17139.873,3131.660818,1356.468,11162.545,27486.191,1.360066463,1,2.696499239,7.940089641,627,630.4223174,0,2247.657,20867.136,3061.322139,1386.021,9489.766,35080.495,1.357702745,1,2.565874208,9.046386834,167,451.3067784,0,1793.682,17510.985,2518.141257,1214.152,8409.476,22816.157,1.30947455,1,2.821102077,8.319130976
s2-95-user,shortest_estimate+topology_aware+conservative,10,1.367569739,0.05769404675,1.09531779,0.04871274189,0.1482444733,0.01760068649,2000,1600,0,4936.675971,0,32465.294,82175.391,7789.105937,1667.214,41354.66,95062.764,2.232981665,1,7.416849775,20.84440945,2.232981665,4192.670327,352,9814.718304,66632.255,0.919084026,0.4401276762,0.211005891,0.9512872581,303.2553822,0,0,303.2552872,9.498989902e-05,0,0,0,0,0.9823993135,1.463205832,0.8517555267,0.1482444733,769,259677.131,717,282,3967,626,5352.927257,0,32465.294,86080.321,8134.588727,1800.801,36145.221,112911.12,2.497541902,1,9.434648791,25.3682052,484,6383.470184,0,40540.504,105655.261,10209.65221,1653.477,61652.525,117886.452,2.073079825,1,6.25716953,14.37517869,343,3669.739213,0,25576.074,66790.712,5891.960878,1723.457,29207.288,78179.672,2.201238815,1,8.012979893,24.80989947,147,1356.659673,0,3817.112,56828.382,2774.84834,1218.714,7987.616,58745.802,1.706897176,1,3.80967715,15.03649853,831,4137.211332,0,26998.856,69767.959,6898.687857,1653.477,38376.553,86210.595,2.058283702,1,6.908315498,16.74567473,627,5639.426711,0,32615.668,97829.963,8593.335094,1681.672,39742.272,116979.637,2.401830733,1,8.683729694,26.15304222,142,6512.242176,0,56828.382,109380.894,9448.86469,1685.137,67679.651,119021.28,2.50978196,1,11.42650221,21.66348788
s2-95-user,shortest_estimate+topology_aware+conservative,11,0.2307091031,0.02158631965,0.1312707843,0.03200218379,0.04562268804,0.0002271272934,2000,1600,0,1027.928068,0,3890.875,22740.325,3825.405497,1618.009,14891.475,40434.393,1.404371979,1,2.775026178,7.899954671,1.404371979,2768.408522,333,3400.905757,17626.24,0.8871045208,0.4326212383,0.1868595662,0.9679978162,149.5626956,0,0,149.5625927,0.0001028282829,0,0,0,0,0.9997728727,1.04073488,0.954377312,0.04562268804,811,234204.101,509,146,3765,640,1257.720253,0,5572.065,29894.651,4546.191447,1784.207,16264.671,49972.778,1.383475098,1,2.727687504,6.918536906,470,950.9409702,0,3320.566,18428.071,3092.597772,1525.418,9866.243,26506.47,1.43983079,1,2.598486532,9.437217753,327,712.8130031,0,2832.863,17626.24,3252.46867,1385.928,12351.325,27588.768,1.398177007,1,3.122301647,8.247884897,163,979.8272331,0,4484.029,15223.854,4257.718166,1890.485,15707.187,39517.46,1.396605835,1,3.131884934,7.516471589,789,1255.74197,0,5245.61,29894.651,4145.811138,1646.44,15664.865,47802.758,1.46154339,1,3.081661534,9.281218907,653,583.4243599,0,3045.222,10075.625,3101.330452,1501.174,11434.214,21776.646,1.293963343,1,2.434525316,6.327735197,158,1727.394861,0,12055.231,38703.845,5217.943177,2073.15,23494.601,45756.919,1.575185884,1,3.271200901,8.16277101
s2-95-user,shortest_estimate+topology_aware+conservative,12,0.1790964433,0.02035055249,0.08786052658,0.03624844339,0.0340218712,0.0006150496127,2000,1600,0,425.2309419,0,2604.192,9072.95,2941.771584,1508.927,11009.546,20606.385,1.347157201,1,2.616162311,8.167173338,1.347157201,2663.613919,349,1763.190513,8777.288,0.8826562768,0.4946029898,0.2382592285,0.9637515566,147.6107467,0,0,147.6106351,0.0001115555556,0,0,0,0,0.9993849504,1.068602194,0.9659781288,0.0340218712,823,200346.294,471,105,3818,597,312.5077739,0,1136.227,6853.637,1801.00738,1021.1,6321.481,15171.694,1.354818907,1,2.715385082,8.588952727,519,419.2097746,0,2604.192,9072.95,4138.740867,1895.546,17165.912,25827.393,1.337725721,1,2.239824668,8.687259547,324,620.915784,0,4034.628,9268.775,3414.728343,2168.697,10352.249,17783.852,1.317931623,1,2.816456999,4.612041512,160,469.0986187,0,1842.386,12108.646,2357.841469,1414.106,7826.793,17286.455,1.408344624,1,2.582553731,8.925790727,777,396.6685418,0,2604.192,7890.242,2895.595928,1516.639,11335.827,20534.186,1.363773033,1,2.582553731,8.722920019,660,473.1519818,0,2756.797,9268.775,2970.375152,1566.922,10235.011,20529.804,1.335777147,1,2.715385082,8.167173338,163,367.3481104,0,1574.529,10199.592,3046.066859,1333.732,9134.131,28508.739,1.31403042,1,2.382096778,8.019974725
s2-95-user,shortest_estimate+topology_aware+conservative,13,0.2020724609,0.02078513297,0.0922709078,0.04183405579,0.0405904059,0.006591958427,2000,1600,0,733.9453606,0,2734.916,14840.558,2845.389874,1524.852,8826.867,24849.093,1.399731298,1,2.67202974,7.720980052,1.399731298,2721.181403,351,2851.888011,14539.425,0.9146607473,0.4225342094,0.2216722865,0.9581659442,160.5328956,0,0,160.5328265,6.901010105e-05,0,0,0,0,0.9934080416,1.211927135,0.9594095941,0.0405904059,813,163381.169,600,151,3796,628,701.4182866,0,3212.252,7753.108,2830.043006,1698.828,8463.265,16277.524,1.380496563,1,2.663562728,5.611070114,479,483.3009395,0,1606.338,14840.558,2425.119833,1211.344,7978.461,26789.277,1.354558059,1,2.67202974,8.486200921,328,693.3784177,0,1910.961,8297.566,2532.900601,1335.645,7075.146,26931.097,1.380843569,1,2.995050987,6.386608217,165,1666.015891,0,4957.258,42102.829,4745.048442,2121.795,14648.973,51864.832,1.641625668,1,3.016807918,18.91841448,787,619.2280025,0,2714.174,7753.108,2729.291573,1526.584,8340.979,17911.232,1.333864403,1,2.453882762,6.386608217,643,856.879325,0,2789.147,20060.388,2923.326138,1559.504,8758.074,27071.456,1.475991271,1,2.932491767,8.928880755,170,800.0396059,0,2929.209,20510.802,3088.074253,1465.03,9919.375,26931.097,1.416214146,1,3.450489992,7.720980052
s2-95-user,shortest_estimate+topology_aware+conservative,14,0.2592108453,0.03157569464,0.113220286,0.05826526487,0.0465408805,0.009608719255,2000,1600,0,804.85423,0,3355.857,14829.874,2803.141149,1213.18,10458.278,25809.39,1.543851734,1,4.059208824,8.907063285,1.543851734,2943.849345,378,3040.286553,13955.334,0.9113241399,0.4814252974,0.2398675213,0.9417347351,226.7647022,0,0,226.7645835,0.0001187070708,0,0,0,0,0.9903912807,1.323850644,0.9534591195,0.0465408805,795,166311.518,619,168,3837,594,531.1587626,0,2622.827,12607.256,1939.372189,788.816,8340.717,16310.314,1.689361079,1,4.350872645,13.22511335,514,1127.532706,0,6201.72,19391.501,3504.681541,1709.548,11258.983,31233.76,1.500070607,1,3.964588951,7.362716171,336,696.0266458,0,2910.05,12366.845,2318.301652,1048.073,7759.764,20396.765,1.477901661,1,4.812693106,7.700324153,156,1018.216019,0,3247.058,31079.777,4824.891615,1739.31,18541.001,36470.179,1.276096429,1,2.625998983,6.538914551,805,800.6521739,0,2833.327,14829.874,2813.247127,1252.632,10218.637,21076.536,1.531777708,1,3.85157146,8.621683906,635,776.8110252,0,3318.058,13383.822,2690.044605,1205.539,10604.344,26180.926,1.569093284,1,4.350872645,9.075249638,160,937.2922937,0,4703.804,17802.375,3201.147362,1178.15,11569.365,33025.582,1.504421775,1,3.960601504,8.907063285
s2-95-user,shortest_estimate+topology_aware+conservative,15,0.4311430682,0.03558258707,0.2571269725,0.05746115988,0.07089552239,0.0100768264,2000,1600,0,2466.559132,0,7621.261,65047.351,5565.660086,1876.629,18225.137,74792.829,1.72370589,1,4.574314297,12.93154121,1.72370589,3260.116345,357,8022.522958,54732.046,0.8984993757,0.5459414549,0.2255481163,0.9425388401,340.1242333,0,0,340.124127,0.0001063434344,0,0,0,0,0.9899231736,1.300493901,0.9291044776,0.07089552239,804,269938.892,645,174,3918,654,2558.807324,0,8294.817,71164.979,5142.497683,1684.453,16885.814,72989.154,1.782483359,1,4.72622734,15.36030052,498,3573.582934,0,12872.365,84129.473,7800.97446,2821.001,24931.618,107849.401,1.809380062,1,4.768083454,19.10168586,299,749.620311,0,3540.119,11456.303,2725.522475,1142.856,8938.753,44004.392,1.618093661,1,5.261827083,11.00642415,149,1807.072799,0,10066.318,44039.409,5651.31645,2178.196,21671.274,58144.6,1.391302228,1,2.713782432,6.232164372,796,2752.6168,0,6864.341,75357.029,6112.453236,1955.013,20195.298,80544.058,1.796770134,1,4.526843249,15.36030052,652,2133.576018,0,8638.35,52062.372,5127.253632,1912.911,17401.832,67640.826,1.653058354,1,5.261827083,14.19841959,152,2396.842592,0,5723.199,83597.601,4582.723638,1465.708,10336.865,108530.648,1.644120728,1,4.574314297,9.804896818
s2-95-user,shortest_estimate+topology_aware+conservative,16,0.54218204,0.04433123193,0.3551772192,0.05447393384,0.08333333333,0.004866321698,2000,1600,0,2150.599594,0,10527.477,51881.475,3809.153046,937.412,16249.319,60391.484,1.87935133,1,5.698995063,15.83432321,1.87935133,3561.37736,364,5220.266429,33881.204,0.9113169056,0.503851609,0.2173306724,0.9455260662,196.5315578,0,0,196.5314516,0.0001062222222,0,0,0,0,0.9951336783,1.195115324,0.9166666667,0.08333333333,804,146226.037,670,282,3883,625,2040.741395,0,8053.487,52413.779,3466.661493,756.681,13787.098,63333.783,1.927577816,1,5.698995063,17.48642495,493,2843.071822,0,24245.035,57721.443,4834.663154,1012.97,27095.42,70316.267,1.958853347,1,6.194794174,14.69917092,322,1320.697627,0,5868.977,28885.33,2749.661006,880.832,9690.358,34421.076,1.639049645,1,4.92877249,9.101136412,160,2116.230844,0,12596.938,63942.502,4119.385388,1493.773,15451.005,70221.226,1.929608167,1,4.726933868,27.76852623,796,2063.33669,0,10196.728,46048.045,3776.761835,925.371,16759.182,53313.02,1.757980943,1,5.491625072,13.29996919,633,2314.639142,0,12743.677,55694.826,3926.240701,990.34,16552.075,58411.469,2.076362753,1,6.217965203,20.53693991,171,1949.571749,0,9148.209,57721.443,3526.503444,820.149,14937.844,63708.932,1.715039029,1,5.60610684,13.66816514
s2-95-user,shortest_estimate+topology_aware+conservative,17,0.210835133,0.02107015939,0.09945624889,0.05269309309,0.03341902314,0.00419660846,2000,1600,0,970.6866313,0,2947.89,10896.154,3774.375958,1817.658,12301.033,25480.636,1.357989816,1,2.70867127,6.698459281,1.357989816,2675.610324,372,3610.976148,9846.844,0.9016403977,0.4769155462,0.2310702656,0.9473069069,295.2046022,0,0,295.2044901,0.0001121616162,0,0,0,0,0.9958033915,1.200038687,0.9665809769,0.03341902314,778,245182.441,599,167,3822,628,1377.458354,0,3082.232,17828.359,4384.299908,2144.016,13450.171,28412.094,1.42165062,1,3.065302317,7.296142566,486,990.144607,0,3585.807,11424.793,4276.132379,2194.722,13336.983,34188.541,1.340899256,1,2.592915037,6.980701129,340,455.0512147,0,1914.056,3616.703,2324.390129,958.935,6465.064,21893.824,1.3392593,1,2.958802761,6.784139166,146,357.0347397,0,2058.995,4365.138,2857.316514,1916.431,9335.135,14479.244,1.184670657,1,2.158978773,3.111830111,822,1081.792791,0,3016.389,11424.793,3853.320906,1747.609,12336.979,25480.636,1.36082342,1,2.948180751,6.323025937,617,828.3106661,0,3014.518,9502.721,3694.29837,1907.255,12428.059,23429.67,1.335169977,1,2.687749966,6.980701129,161,949.0512733,0,2596.618,14205.469,3678.196609,1713.148,12043.396,26300.076,1.430975023,1,2.692936487,12.98495993
s2-95-user,shortest_estimate+topology_aware+conservative,18,0.162560168,0.02097633019,0.06700028443,0.03444873002,0.0315258512,0.008608972118,2000,1600,0,436.6431113,0,1985.893,8244.244,4420.480099,1788.645,17876.58,36305.223,1.328255973,1,2.696609072,6.630296524,1.328255973,2588.363571,356,1691.775135,8173.31,0.8636918275,0.2486897381,0.1589689967,0.96555127,228.4976867,0,0,228.497591,9.567676771e-05,0,0,0,0,0.9913910279,1.279105437,0.9684741488,0.0315258512,793,341322.11,381,82,3256,654,494.9340367,0,2079.018,9311.247,6936.477972,3173.033,24928.206,52110.989,1.188619877,1,2.018427303,5.785097803,489,428.0308998,0,2267.493,8100.285,3002.50816,1275.638,11692.156,19658.729,1.520370147,1,3.443823239,9.359435271,318,354.2054906,0,2513.777,6164.338,1770.927003,1055.266,5864.83,12145.741,1.349570315,1,3.793158632,6.968841674,139,381.2781439,0,1810.717,10054.31,3632.591993,1788.645,15008.808,17876.58,1.260631625,1,2.726380196,7.020644659,807,407.5928216,0,2186.641,6998.087,4009.154344,1688.858,16631.465,27937.843,1.402352337,1,2.979529968,7.089287706,633,525.3031422,0,1911.763,13659.007,5060.542051,1815.763,21023.821,39079.836,1.279081895,1,2.732350982,6.01796374,160,232.4042625,0,1447.132,4089.142,3962.859275,2000.791,12140.43,46925.048,1.149077385,1,1.768877854,3.820002517
s2-95-user,shortest_estimate+topology_aware+conservative,19,0.1403250985,0.02477803708,0.06192344051,0.02576666816,0.01805054152,0.009806411252,2000,1600,0,345.685055,0,1835.415,6740.127,2931.637701,1254.524,10422.386,28179.783,1.424938072,1,3.185336947,9.950037228,1.424938072,2755.066806,338,1422.164592,6740.127,0.8549826519,0.4067340037,0.1670896661,0.9742333318,120.6619222,0,0,120.6618672,5.498989901e-05,0,0,0,0,0.9901935887,1.315041867,0.9819494585,0.01805054152,831,239834.109,376,143,3410,656,451.9362454,0,2778.017,8282.484,4192.345843,1822.871,13829.571,42543.581,1.351335361,1,2.771173337,8.9531633,468,232.2435577,0,1104.673,4993.979,1867.836083,757.227,7347.169,15923.809,1.610319848,1,3.628220254,12.86659118,316,324.8030918,0,2145.391,5299.939,2405.324386,1195.424,7984.065,17476.555,1.404648779,1,3.609300129,7.702766864,160,283.1134312,0,891.126,6401.126,1913.82285,926.504,8643.29,16426.456,1.224538844,1,2.522114779,5.658461988,769,362.6937659,0,1792.569,7978.988,2879.10309,1344.272,9320.482,29715.524,1.416459474,1,2.965384588,9.504943565,662,338.8369502,0,2445.33,6228.767,2993.333991,1207.197,10596.089,28158.885,1.424255413,1,2.985124917,12.78381667,169,295.1155089,0,1072.193,5034.234,2929.011503,1183.149,10955.622,32399.105,1.466192286,1,3.723120627,16.31752219
s2-95-user,shortest_estimate+topology_aware+conservative,20,0.1782455401,0.02380466584,0.07457125217,0.03584574657,0.03735990037,0.006663975164,2000,1600,0,641.6914075,0,2210.297,12711.578,3737.467903,1665.576,13985.587,33863.018,1.395595449,1,3.060205349,8.646048192,1.395595449,2695.861201,353,2651.315966,11195.973,0.8753371752,0.3198524226,0.1719992726,0.9641542534,195.6753111,0,0,195.6752143,9.684848487e-05,0,0,0,0,0.9933360248,1.247515366,0.9626400996,0.03735990037,803,233422.003,407,147,3574,645,1078.471688,0,2741.522,24755.539,6211.403671,3190.11,20766.676,48451.438,1.428891901,1,3.193984345,8.646048192,467,331.1018351,0,1866.813,5572.67,1644.174099,995.083,5522.002,10641.341,1.480913977,1,3.36892609,10.46565244,310,351.0580226,0,1878.491,9238.446,2772.855748,1735.855,8397.799,17923.627,1.18709077,1,2.138251698,3.188472836,178,379.9970169,0,1333.818,11031.519,1944.824101,791.584,7830.646,15794.518,1.414227398,1,2.698514785,17.89692227,797,772.3154567,0,2110.311,16671.166,3820.18237,1613.364,14074.982,37060.204,1.345737333,1,2.84649654,8.646048192,621,554.4437407,0,2187.185,13218.007,3859.713612,1730.519,14516.759,34970.178,1.429953003,1,3.150735955,8.516492761,182,367.3696154,0,2267.827,7106.402,2958.138143,1666.621,9003.985,26503.318,1.496699174,1,2.961326138,20.79367979
s2-95-user,shortest_estimate+topology_aware+easy,1,0.1927904409,0.02437969463,0.08517757054,0.03961552446,0.04064039409,0.002977257176,2000,1600,0,688.91352,0,2524.669,17981.089,3890.630607,1427.784,14907.43,54203.464,1.51209614,1,3.134128091,11.4140873,1.51209614,2848.29285,370,2825.213843,16520,0.8380436769,0.3568953041,0.1696582334,0.9603844755,231.1520911,0,0,231.1519884,0.0001027474748,0,0,0,0,0.9970227428,1.156380755,0.9593596059,0.04064039409,812,288796.147,189,63,3432,647,800.3150093,0,3321.525,18918.249,3110.27557,1699.161,10263.426,25366.29,1.495517721,1,3.507325453,10.70856972,468,375.6385491,0,1353.532,14729.74,1985.181624,1030.213,6946.16,19046.593,1.605187361,1,2.459102594,13.13354158,333,782.1975045,0,2623.951,17981.089,8069.052796,1425.626,46679.924,86400,1.388113174,1,2.536425896,9.894719851,152,974.9158618,0,3356.404,21263.806,3925.007211,2060.7,11371.818,28237.336,1.567661093,1,3.667233287,13.30507395,788,641.3764302,0,2250.101,18918.249,3829.659911,1535.814,12069.113,54203.464,1.531966759,1,2.661269897,11.35186581,648,715.898966,0,2648.579,16520,3847.231653,1352.63,15033.631,55659.943,1.440336223,1,3.227537332,11.64996201,164,810.6980183,0,3321.525,25011.872,4355.066159,1323.259,15199.784,67241.783,1.700159422,1,5.681652583,13.53012541
s2-95-user,shortest_estimate+topology_aware+easy,2,0.2340281473,0.02296836877,0.1054116333,0.06062720852,0.03979460847,0.00522632826,2000,1600,0,886.5173137,0,3124.408,17213.046,4143.267595,1729.765,16221.983,34187.161,1.417416116,1,2.9526953,10.28381157,1.417416116,2756.107903,332,4138.752822,17213.046,0.8582122508,0.5363997288,0.2148536938,0.9393727915,377.2673222,0,0,377.2672212,0.0001010101011,0,0,0,0,0.9947736717,1.214477832,0.9602053915,0.03979460847,779,296579.51,235,75,3709,636,1142.45094,0,4943.612,29195.38,5749.766747,2214.296,23675.095,46893.908,1.410531776,1,2.806316301,10.28381157,502,507.6033406,0,2702.63,12483.117,3029.987313,1640.135,9838.907,22770.415,1.318217627,1,2.608880127,7.920642606,311,1105.182338,0,2792.662,18325.747,2876.102862,1278.043,8159.619,19420.362,1.600946087,1,4.383303966,15.4960533,151,617.8829139,0,2636.23,16168.328,3687.780662,1812.5,13273.918,34142.899,1.398199299,1,2.910592568,11.56649926,821,960.4103203,0,3045.31,19359.666,4339.541069,1763.103,16311.726,34404.219,1.455657161,1,2.779332537,13.07090571,635,841.4084457,0,3219.637,16168.328,3993.160534,1748.231,15745.777,35098.783,1.361410663,1,2.958133843,7.199319924,144,664.142125,0,3096.604,12543.488,3686.166632,1601.846,15004.926,27939.411,1.446357537,1,5.139409349,9.847485486
s2-95-user,shortest_estimate+topology_aware+easy,3,0.2723415501,0.0320371742,0.149741592,0.0346667361,0.05304010349,0.002855944307,2000,1600,0,1269.068815,0,4438.351,24852.08,3887.494184,1495.902,13517.107,38184.559,1.644177266,1,4.118534261,14.18970985,1.644177266,3147.057216,377,5153.980191,19148.833,0.9128225237,0.4960991848,0.258309796,0.9653332639,161.4700711,0,0,161.4699776,9.34949495e-05,0,0,0,0,0.9971440557,1.133109608,0.9469598965,0.05304010349,773,214241.886,323,105,3936,639,1794.93674,0,5834.589,41681.671,5580.088014,2120.195,21374.197,70480.704,1.584726892,1,3.441077436,10.28491309,481,650.1766279,0,2895.135,9834.584,2292.862351,1144.9,7287.113,14991.7,1.757163842,1,5.402954692,16.6935908,318,1446.226912,0,5209.467,33829.037,3670.682814,1486.989,12161.789,43292.47,1.550744808,1,4.083680284,8.632643128,162,684.6321667,0,2545.457,16703.096,2371.423012,1150.921,8272.702,19499.088,1.726607933,1,4.499269529,11.56583262,827,997.3170605,0,4341.01,19017.533,3680.423617,1537.422,13508.904,33024.689,1.587517279,1,4.118534261,11.56583262,629,1420.483229,0,4438.351,30942.577,3860.587715,1482.465,12812.276,38184.559,1.730278013,1,4.580326142,15.16827513,144,2168.367667,0,5135.197,94982.445,5194.24091,1402.609,17721.921,109509.756,1.593485875,1,2.834251796,8.257383496
s2-95-user,shortest_estimate+topology_aware+easy,4,0.2028709173,0.02420152264,0.08480223402,0.0413041138,0.04503311258,0.007529934285,2000,1600,0,892.8009944,0,2513.544,18415.62,3496.179482,1680.757,11379.846,30532.218,1.464582512,1,3.111223216,10.48989331,1.464582512,3015.337352,354,3866.689003,17393.425,0.8925880477,0.5636669514,0.2602431377,0.9586958862,197.9787644,0,0,197.9786703,9.414141417e-05,0,0,0,0,0.9924700657,1.272603462,0.9549668874,0.04503311258,755,196861.244,290,122,3907,615,502.0972341,0,1974.712,8272.108,2479.785242,1063.978,9584.044,15354.736,1.625301616,1,4.185141515,11.87449634,495,1718.490121,0,4874.973,66440.171,5357.745374,2503.696,17045.224,86400,1.39786376,1,2.806012262,13.25048971,334,563.6030539,0,2001.319,12410.746,2904.584338,1689.258,9424.73,20079.358,1.277146939,1,2.511681795,6.374557481,156,517.9215513,0,1557.025,16509.079,2862.84691,1850.618,8867.384,18156.106,1.443986452,1,2.427865262,10.48989331,845,699.7451669,0,2547.628,13614.428,3427.593006,1738.791,12075.48,30532.218,1.462362104,1,3.196830375,10.42684537,608,1086.307595,0,2513.544,19139.671,3564.157641,1617.9,11022.309,25463.545,1.489251678,1,3.060944967,13.25048971,147,1202.189844,0,2060.057,54902.367,3609.273707,1465.754,10687.558,62467.691,1.375313073,1,2.688990401,8.257107164
s2-95-user,shortest_estimate+topology_aware+easy,5,0.1312615891,0.01812899003,0.04914992065,0.03255406498,0.03050397878,0.000924634696,2000,1600,0,360.9762688,0,1456.807,7784.845,2539.965008,1553.047,8059.987,14738.915,1.219281978,1,2.330569672,4.851099239,1.219281978,2433.632341,334,1619.291425,7784.845,0.8705692986,0.3851721639,0.177019623,0.967445935,121.3433644,0,0,121.3433024,6.206060608e-05,0,0,0,0,0.9990753653,1.07493515,0.9694960212,0.03050397878,754,181119.95,210,72,3620,639,431.0261095,0,2381.724,8377.006,2561.836066,1452.845,9084.938,15910.596,1.235292485,1,2.720575489,5.062213869,486,378.1619938,0,1412.192,8468.116,2190.693595,1380.714,6379.474,12506.148,1.237384321,1,2.59337048,4.968572915,322,296.7170745,0,1114.545,7721.28,3053.662438,2260.208,8548.838,13621.894,1.151430005,1,1.846772757,4.232049037,153,149.0635229,0,1142.155,2911.01,2476.956699,1678.952,7528.295,14317.204,1.237712585,1,1.78897724,3.903642811,846,394.6421655,0,1482.078,7689.618,2616.747788,1515.714,8470.405,15386.477,1.232005252,1,2.364090413,4.968572915,602,335.3419651,0,1412.192,8389.96,2428.828764,1567.304,7320.907,14549.959,1.214588394,1,2.252539984,4.851099239,152,275.1243092,0,1699.338,7742.363,2552.766237,1660.407,8781.494,14738.915,1.167055976,1,2.330569672,3.903642811
s2-95-user,shortest_estimate+topology_aware+easy,6,0.3940341367,0.04713381426,0.1855427917,0.0525342789,0.05693069307,0.05189255873,2000,1600,0,1831.729993,0,5499.501,56009.538,3763.412673,1289.529,12753.486,60988.311,1.987566664,1,6.059280625,23.51106283,1.987566664,3813.949835,388,7452.475093,46133.605,0.8874389176,0.5218108984,0.2226565485,0.9474657211,188.5275511,0,0,188.5274453,0.0001058181819,0,0,0,0,0.9481074413,1.846700383,0.9430693069,0.05693069307,808,151981.877,266,83,3923,647,1850.265535,0,4759.592,56110.356,3920.026451,1360.087,12031.621,66793.811,1.961875907,1,5.994969819,25.95931226,472,1377.459394,0,5628.608,44779.175,3174.635742,1275.644,10344.091,51971.998,1.975820481,1,5.458362009,24.1888388,318,883.7846006,0,2093.751,22380.203,2147.065579,1042.025,5228.839,24358.791,1.580236614,1,5.211665126,12.69830729,163,4922.956135,0,43107.788,80446.262,8000.05054,1539.386,48553.366,94924.831,2.918223559,1,10.40336667,58.37061435,792,1775.260699,0,4759.592,56009.538,3794.626245,1299.801,14044.602,60988.311,2.074053885,1,6.199891763,25.52299696,644,1998.393646,0,6637.298,59119.009,3809.204724,1278.586,11475.919,66392.66,2.038196015,1,6.262224365,23.51106283,164,1449.975646,0,3505.387,55254.836,3432.85639,1221.974,11486.325,61137.537,1.371083848,1,3.245965291,10.29778173
s2-95-user,shortest_estimate+topology_aware+easy,7,0.2403679297,0.02706831481,0.1173932522,0.04041313694,0.04962779156,0.005865434258,2000,1600,0,776.195,0,3479.544,13396.281,4592.924856,1710.859,17647.833,52075.241,1.582783711,1,3.479763267,12.75823699,1.582783711,2978.4607,369,3013.924366,12961.785,0.8896203617,0.3623725861,0.1930757894,0.9595868631,282.2981556,0,0,282.2980528,0.0001027474748,0,0,0,0,0.9941345657,1.232744514,0.9503722084,0.04962779156,806,339574.561,278,100,3552,632,780.2735316,0,4058.802,13956.768,4115.562897,1670.869,14881.654,35556.718,1.636821555,1,3.997507607,15.60725455,504,880.5516349,0,3479.544,14232.079,6547.030681,2028.68,35086.488,80161.901,1.423304613,1,3.017181271,6.962603762,308,641.0499156,0,2214.985,12358.134,3126.583925,1280.11,10787.355,26406.358,1.754570953,1,3.291742171,17.7258298,156,689.3444231,0,4354.918,8301.799,3108.671192,1533.11,12164.437,19964.148,1.539931639,1,3.916775253,13.2068035,794,723.3480327,0,3489.732,12961.785,4694.702846,1776.96,17489.938,59456.682,1.463585859,1,3.186860941,10.7739756,644,813.8011366,0,3302.195,13035.018,4534.479148,1633.269,17122.406,61656.117,1.697880655,1,3.485233333,16.05573032,162,885.7143827,0,4175.461,22023.78,4326.426778,1813.887,18887.613,31055.043,1.709454464,1,6.526166922,15.90361259
s2-95-user,shortest_estimate+topology_aware+easy,8,0.1388792745,0.02397622377,0.04629533882,0.03942535665,0.02625,0.00293235527,2000,1600,0,276.1704931,0,1372.197,4561.345,1803.972381,855.973,6405.715,14006.852,1.354569432,1,3.082259953,6.381933194,1.354569432,2605.502156,390,1042.732756,3999.807,0.8655607016,0.4491561501,0.1673441411,0.9605746433,105.7701867,0,0,105.7700916,9.511111114e-05,0,0,0,0,0.9970676447,1.143957083,0.97375,0.02625,800,124122.986,267,68,3549,674,252.3337211,0,1511.254,3999.807,1458.635059,725.952,5373.781,11361.128,1.444916153,1,3.692254747,11.04921862,490,225.6834224,0,1110.363,4333.844,1599.370073,767.736,4945.526,18582.467,1.275201521,1,2.789455641,6.00664231,303,426.2154785,0,1626.091,7587.332,2649.68731,1300.202,8006.925,23706.694,1.322107007,1,3.000211427,5.33400799,133,241.1405564,0,1081.515,3250.509,2381.121722,1256.642,9994.052,15941.74,1.263085979,1,2.916441322,4.636198094,800,245.71746,0,1250.393,4561.345,1796.875203,828.546,6405.715,14385.244,1.35764027,1,3.207464146,6.00664231,629,312.6610175,0,1384.532,4333.844,1838.681056,871.251,6098.446,14700.107,1.373464429,1,3.100379904,10.10641981,171,284.4154444,0,1753.436,5065.66,1709.504468,885.522,6782.995,9648.489,1.270700283,1,2.79133486,4.916319897
s2-95-user,shortest_estimate+topology_aware+easy,9,0.1641393392,0.02228303207,0.067599001,0.03446402869,0.03274559194,0.007047685484,2000,1600,0,750.874495,0,2003.639,20814.819,3172.851244,1356.468,10858.367,30643.612,1.427495152,1,2.864591942,9.766593132,1.427495152,2928.256652,346,3341.484494,20580.144,0.8895351127,0.4851297474,0.2263681721,0.9655359713,156.0107133,0,0,156.0106249,8.840404042e-05,0,0,0,0,0.9929523145,1.254883743,0.9672544081,0.03274559194,794,198689.509,251,65,3766,645,783.8805566,0,2071.856,22540.392,3194.571267,1420.497,9363.945,38470.784,1.489952378,1,3.134386631,10.80562766,474,665.0201245,0,1536.078,18061.36,3044.968015,1226.521,11127.086,22850.087,1.40596653,1,2.339894022,6.487438473,330,972.0910879,0,1882.33,35304.604,3721.242039,1527.393,11946.49,49530.962,1.446239529,1,3.264841407,12.51876582,151,395.9379801,0,2431.523,7213.261,2283.03849,927.779,11162.545,19574.867,1.187323039,1,2.330308247,4.3343266,806,837.073103,0,2306.761,20994.764,3325.602294,1333.355,11312.755,33289.767,1.484929782,1,2.889589715,10.80562766,627,739.4163892,0,1880.393,20814.819,3170.854053,1398.639,10330.817,38142.593,1.395442853,1,2.822024276,9.766593132,167,377.8694311,0,934.431,11523.448,2443.120066,1197.678,8678.042,18986.932,1.270635742,1,2.472914179,7.279665387
s2-95-user,shortest_estimate+topology_aware+easy,10,0.2639440353,0.02811087569,0.1281616822,0.05226141985,0.04681404421,0.008596013409,2000,1600,0,1768.367968,0,3798.721,45169.442,4624.375157,1516.319,15063.872,50369.519,1.501537601,1,3.613789529,11.66243735,1.501537601,3164.415197,352,7832.369409,41890.573,0.8942709718,0.5510298312,0.2291778094,0.9477385802,326.5654733,0,0,326.5653697,0.0001036767677,0,0,0,0,0.9914039866,1.273957983,0.9531859558,0.04681404421,769,258123.226,264,109,3969,626,1629.684206,0,4365.185,46509.063,4411.649637,1690.496,15594.196,53548.168,1.551375658,1,4.027774366,12.84019374,484,2843.26175,0,5410.34,114665.879,6667.772275,1426.105,20725.971,124306.265,1.507901443,1,3.613789529,12.71443435,343,1114.58593,0,3295.074,21519.963,3355.952294,1655.079,8690.377,40909.892,1.523218407,1,3.832365158,8.785403262,147,345.3385986,0,1172.397,10035.697,1762.001095,1136.243,5173.843,13362.019,1.217760459,1,2.224605415,4.017055174,831,1487.754897,0,4390.559,36229.523,4257.313295,1536.187,15964.508,47334.642,1.499180975,1,3.699181211,10.33594392,627,2093.813971,0,3798.721,71760.716,5045.317708,1509.707,13565.475,90719.564,1.484018699,1,3.483521358,12.71443435,142,1973.542739,0,3303.712,64215.244,4913.793669,1477.061,14509.893,70891.26,1.592683429,1,3.232059235,12.89432446
s2-95-user,shortest_estimate+topology_aware+easy,11,0.1861536276,0.02347906013,0.08869939105,0.03949200566,0.03329223181,0.001190938985,2000,1600,0,888.2609781,0,2629.056,25163.555,3690.181081,1613.019,13244.856,34082.797,1.413168683,1,3.018347154,9.083261318,1.413168683,2712.057676,333,4045.093841,25163.555,0.8847408787,0.4697866703,0.2003367048,0.9605079943,186.0057,0,0,186.0055883,0.0001116767677,0,0,0,0,0.998809061,1.088072594,0.9667077682,0.03329223181,811,233424.487,248,93,3802,640,1087.296578,0,3483.674,28288.618,4383.622705,1772.743,15726.647,46008.492,1.373192564,1,3.070855343,8.813614453,470,848.7101681,0,2492.203,28735.028,2990.340696,1502.936,8571.713,34082.797,1.434800151,1,2.86857947,16.2253472,327,526.0774128,0,1721.145,11260.244,3070.424575,1368.808,11654.645,26359.758,1.484608649,1,3.029506986,9.083261318,163,947.4028344,0,3779.303,26455.385,4228.725368,1857.837,14958.55,39517.46,1.36443897,1,2.697930452,9.207639267,789,1097.7432,0,3185.886,29845.504,3990.029905,1695.8,13483.413,46454.577,1.515223742,1,3.21756056,13.1726658,653,600.7440398,0,1804.502,11810.861,3122.314349,1476.859,11434.214,28718.9,1.318245099,1,2.428732177,8.234828837,158,1030.457734,0,3104.378,27454.269,4539.77762,1910.046,23020.909,36089.04,1.295850066,1,2.308190431,8.13777326
s2-95-user,shortest_estimate+topology_aware+easy,12,0.1447262836,0.0197998988,0.05958667126,0.03635404233,0.02794653706,0.001039134166,2000,1600,0,353.4243425,0,1766.153,7694.07,2869.718742,1497.199,10607.492,20392.72,1.323845427,1,2.545373105,8.265842543,1.323845427,2659.156036,349,1527.635132,7515.506,0.8786432987,0.5318461874,0.2352837828,0.9636459577,148.0569889,0,0,148.0568865,0.0001023434344,0,0,0,0,0.9989608658,1.079694511,0.9720534629,0.02794653706,823,200341.006,287,70,3836,597,252.1994188,0,1152.271,6330.545,1741.077348,976.744,5988.438,13921.38,1.350907467,1,3.290431814,9.15567663,519,372.9854605,0,1835.449,8652.035,4089.234131,1850.034,17133.852,26110.8,1.290608881,1,2.174921112,8.533861728,324,463.2691944,0,2993.764,7980.388,3258.357707,2149.925,9603.622,16022.503,1.292841929,1,2.411283119,5.610076177,160,445.2326375,0,2011.005,6815.95,2338.164994,1414.106,8205.302,16502.828,1.393463324,1,3.339585924,8.265842543,777,349.3115933,0,1889.625,7980.388,2847.682781,1508.927,11010.101,20534.186,1.319684989,1,2.658158579,8.265842543,660,375.3890712,0,1766.153,8652.035,2873.305609,1553.979,9971.017,18378.971,1.33131331,1,2.545373105,8.533861728,163,284.0923497,0,1425.936,6330.545,2960.237816,1299.458,9134.131,29007.935,1.313439647,1,2.202269678,11.35251667
s2-95-user,shortest_estimate+topology_aware+easy,13,0.1964584642,0.02102989591,0.08722442818,0.0450270801,0.036900369,0.006276690993,2000,1600,0,714.6483381,0,2585.338,15367.688,2828.384072,1471.485,8777.866,26151.708,1.401789279,1,2.703495204,7.573674479,1.401789279,2739.753935,351,3109.569154,14731.177,0.9150737188,0.4053465867,0.2197206505,0.9549729199,173.3634444,0,0,173.3633697,7.478787883e-05,0,0,0,0,0.993723309,1.230046845,0.963099631,0.036900369,813,166542.159,312,89,3782,628,615.596836,0,2789.147,8283.603,2744.773167,1614.388,8455.744,15068.406,1.331286168,1,2.419441035,5.960459407,479,468.8614217,0,1669.304,14731.177,2411.682695,1200.599,8117.921,26826.092,1.39082792,1,3.185399093,9.997034251,328,669.5522012,0,2094.317,10363.425,2515.478256,1318.667,6212.62,26931.097,1.434188234,1,2.703495204,6.314326656,165,1894.816879,0,9180.305,43806.697,4978.327806,2107.444,17584.985,52250.708,1.637544351,1,3.350248963,18.57085161,787,630.250197,0,2358.389,10058.745,2741.03338,1476.949,8777.866,24619.676,1.327736988,1,2.467096944,7.315007429,643,791.14586,0,2789.147,22525.332,2864.050117,1502.465,8247.645,26826.092,1.445895871,1,2.987830422,7.788043553,170,816.0214588,0,2763.817,22098.205,3097.864829,1415.416,11922.263,26931.097,1.577781127,1,4.078000382,9.997034251
s2-95-user,shortest_estimate+topology_aware+easy,14,0.2034432225,0.02733646477,0.0736411261,0.05589723377,0.03773584906,0.008832548836,2000,1600,0,691.3517113,0,2182.728,9787.154,2688.249851,1173.892,9228.156,22017.999,1.46657749,1,3.514235246,9.957664865,1.46657749,2803.67822,378,2805.953212,9244.755,0.8936559861,0.5455249673,0.2482875999,0.9441027662,217.0028133,0,0,217.0026996,0.0001137777778,0,0,0,0,0.9911674512,1.295778269,0.9622641509,0.03773584906,795,166720.14,304,93,3837,594,421.8218384,0,2182.728,7363.731,1829.963394,736.363,6527.74,14323.807,1.628452405,1,4.122973418,16.10484071,514,1029.149403,0,2402.381,19445.517,3403.346074,1624.038,9492.075,25804.244,1.381063906,1,2.750045584,10.7215823,336,566.4774137,0,1692.131,7341.756,2187.313908,1010.136,6967.783,18247.876,1.408647163,1,3.854901588,6.870970771,156,873.5984744,0,1388.344,38063.148,4679.129167,1739.31,18517.874,43453.55,1.256736931,1,2.164655519,7.177275428,805,767.347564,0,2231.044,11823.48,2777.599675,1176.3,9090.071,20205.605,1.453524338,1,3.441290313,7.733324049,635,632.1396299,0,2100.682,9787.154,2544.843981,1179.94,9228.156,19505.185,1.493291984,1,3.932273309,10.7215823,160,543.995525,0,2244.421,8586.614,2807.850594,1129.954,9485.683,33025.582,1.426228015,1,2.876872595,9.957664865
s2-95-user,shortest_estimate+topology_aware+easy,15,0.3096250849,0.0346170536,0.1535415158,0.05510465289,0.05348258706,0.01287927552,2000,1600,0,2032.869301,0,4550.981,59255.055,5131.313324,1838.887,16218.07,67197,1.704457023,1,4.450190282,16.21230496,1.704457023,3183.176148,357,8928.729734,57383.848,0.8931041265,0.63969746,0.2644072404,0.9448953471,325.3621311,0,0,325.3620364,9.466666676e-05,0,0,0,0,0.9871207245,1.359923807,0.9465174129,0.05348258706,804,271712.972,279,78,3920,654,2238.170376,0,6286.372,74227.738,4821.259127,1644.989,15410.619,76051.913,1.786672099,1,4.387556285,17.4189258,498,2847.140528,0,8361.774,87449.562,7069.473084,2735.227,22695.664,109623.481,1.74263508,1,4.535015777,19.21419541,299,611.0910769,0,2223.206,14685.623,2600.343318,1138.372,8938.753,30282.437,1.655714899,1,4.868287762,15.27230887,149,1263.323758,0,2735.319,42480.222,5093.272497,2098.226,22765.562,54106.326,1.313803089,1,2.515980668,6.628471984,796,2355.509876,0,6286.372,74227.738,5708.426671,1906.393,17258.941,76051.913,1.791880697,1,4.44163426,18.66931685,652,1502.813796,0,2671.152,43971.918,4504.238012,1860.363,15537.052,54106.326,1.555860994,1,4.250192503,14.26703851,152,2616.910691,0,8145.517,87449.562,4798.884901,1481.773,11587.273,112382.609,1.884031807,1,6.452516867,15.27230887
s2-95-user,shortest_estimate+topology_aware+easy,16,0.4500954187,0.04633303632,0.2726049058,0.05339937977,0.06592039801,0.01183769883,2000,1600,0,1806.366034,0,8080.028,48630.043,3464.469516,959.706,12909.856,51854.066,2.041160594,1,5.956336734,21.66998863,2.041160594,3816.483551,364,7722.410555,46275.906,0.9141968425,0.4939830646,0.244536046,0.9466006202,192.4360756,0,0,192.4359693,0.0001063030303,0,0,0,0,0.9881623012,1.349649389,0.934079602,0.06592039801,804,141810.237,319,141,3904,625,1647.858805,0,4497.805,48630.043,3075.34261,772.694,11345.589,51854.066,2.094894267,1,5.151700293,28.66312265,493,2380.076343,0,12962.711,50328.418,4365.761639,1038.219,18813.597,52319.647,2.214143621,1,8.226883949,22.6384931,322,1432.576444,0,3418.924,37083.912,2859.291031,860.923,8712.226,41212.796,1.640532452,1,4.399459781,12.04938533,160,1410.041563,0,8502.985,37438.063,3425.311837,1493.773,12087.662,42151.833,2.104523616,1,3.207759323,30.07232686,796,1697.01183,0,4692.244,48630.043,3408.651726,958.92,12907.671,52310.435,1.887176265,1,5.801462419,18.93383047,633,2135.810562,0,10986.118,54929.148,3749.015148,983.721,14517.84,56110.655,2.338602605,1,6.86539335,28.79786476,171,1095.88393,0,3184.824,17101.979,2670.981649,845.103,10512.549,22799.444,1.656895871,1,4.818762213,12.88216172
s2-95-user,shortest_estimate+topology_aware+easy,17,0.1906668432,0.02249271302,0.08888505189,0.0418738507,0.03341902314,0.003996204441,2000,1600,0,896.801985,0,2634.559,16787.233,3692.110479,1721.947,12457.653,28224.448,1.320057331,1,2.891547445,6.604039932,1.320057331,2582.983602,372,3731.368868,14464.496,0.8896031863,0.5056418159,0.2229002222,0.9581261493,231.9425044,0,0,231.942406,9.846464649e-05,0,0,0,0,0.9960037956,1.185555698,0.9665809769,0.03341902314,778,250716.667,302,88,3830,628,1204.935449,0,4693.241,25616.554,4199.348215,2028.177,15212.747,35806.679,1.384622179,1,3.29183084,8.228685368,486,957.459749,0,2335.485,16733.351,4234.782782,2194.722,13343.249,33715.767,1.268994676,1,2.456201353,5.996105527,340,518.4484529,0,1632.682,6125.028,2387.126562,1004.701,6784.677,21302.621,1.339125737,1,2.978680548,6.802468556,146,250.5876849,0,1478.517,4008.898,2742.867295,1883.202,9466.934,14270.495,1.167909851,1,1.863638594,3.580703774,822,1053.923338,0,2996.682,18207.455,3812.256918,1729.615,12539.428,28224.448,1.342958874,1,3.051018951,6.802468556,617,789.8460924,0,2542.892,16787.233,3651.217096,1728.213,12612.664,33715.767,1.279170316,1,2.533446457,4.969014463,161,504.4916335,0,1543.951,8535.37,3235.407652,1579.954,11209.629,26300.076,1.359822673,1,2.332584526,8.810046617
s2-95-user,shortest_estimate+topology_aware+easy,18,0.1844166608,0.02152068148,0.082446369,0.03367648972,0.03026481715,0.01650830347,2000,1600,0,528.2650244,0,2443.716,13750.796,4510.709002,1750.033,18021.565,36946.107,1.406489442,1,2.766588072,9.16221563,1.406489442,2728.433568,356,2226.94043,12981.459,0.862391197,0.3964901967,0.2074051224,0.9663235103,223.1969222,0,0,223.1968304,9.183838386e-05,0,0,0,0,0.9834916965,1.397392376,0.9697351828,0.03026481715,793,341322.11,214,51,3433,654,619.5015183,0,2884.472,15113.646,7059.980454,3200.576,25492.51,53704.882,1.220033953,1,2.12336978,5.657945015,489,492.8483906,0,3166.484,9302.095,3068.653335,1282.105,11750.513,17890.939,1.704866145,1,4.291936678,12.37941382,318,396.5340597,0,1511.813,5512.589,1809.008349,1055.266,5724.133,10464.267,1.367846413,1,3.292838883,10.12572655,139,524.9593669,0,2195.534,20985.101,3770.295324,1749.312,17124.92,23576.039,1.322490626,1,3.111017204,7.467281438,807,544.0041648,0,2536.099,13817.304,4143.990731,1614.77,16893.504,34132.782,1.48667872,1,3.003110547,9.480303987,633,577.8674234,0,2710.927,13974.482,5113.307935,1796.033,21192.595,43339.155,1.357973056,1,2.983512081,9.086901003,160,252.6412438,0,1382.051,5498.907,3976.31225,2074.239,11886.021,46925.048,1.193977718,1,1.689826287,4.074460764
s2-95-user,shortest_estimate+topology_aware+easy,19,0.1278208808,0.02036071415,0.05557942677,0.02542828271,0.01564380265,0.0108086545,2000,1600,0,253.4439225,0,1647.378,4900.438,2838.879755,1237.261,10019.401,25409.318,1.393899256,1,2.617468641,9.5175,1.393899256,2723.860325,338,1018.460941,4860.183,0.86153905,0.3473281801,0.170778997,0.9745717173,119.0359622,0,0,119.0359067,5.551515154e-05,0,0,0,0,0.9891913455,1.284475115,0.9843561974,0.01564380265,831,249060.341,217,78,3377,656,301.3273384,0,2014.698,5918.368,4036.740654,1773.582,13723.414,42543.581,1.274900606,1,2.357440606,6.04267562,468,188.4545321,0,1329.566,3080.642,1828.802479,711.338,7042.073,15893.134,1.554570624,1,3.088342002,11.95920463,316,264.0441044,0,1805.659,4988.781,2345.938054,1197.023,7984.065,17476.555,1.49595142,1,3.360364371,9.636932482,160,226.280525,0,1358.867,5593.229,1855.685962,919.733,7827.013,16426.456,1.21027695,1,2.119635846,5.318178317,769,258.5651079,0,1647.378,5398.72,2777.736796,1309.306,8776.869,25409.318,1.364750878,1,2.428942107,8.915483051,662,251.1419018,0,1867.318,4556.826,2903.148876,1130.021,10556.027,28158.885,1.434941279,1,2.948258733,11.16058121,169,239.1583964,0,1554.392,6647.24,2865.345893,1157.601,13386.771,27094.338,1.365764839,1,2.294863329,5.706942276
s2-95-user,shortest_estimate+topology_aware+easy,20,0.2125088127,0.02757562944,0.0926973913,0.03952663546,0.04358655044,0.009122606089,2000,1600,0,859.3697906,0,2747.557,20446.717,3961.671415,1664.422,14930.993,39676.774,1.534393535,1,3.544981025,13.7085976,1.534393535,2900.723825,353,3796.075059,19539.277,0.8684823513,0.434018888,0.1906742854,0.9604733645,216.5955089,0,0,216.5954212,8.767676771e-05,0,0,0,0,0.9908773939,1.297456894,0.9564134496,0.04358655044,803,237208.113,246,109,3615,645,1235.290374,0,3922.086,30370.137,6383.35405,3207.948,20766.676,48440.784,1.558967184,1,3.681259628,15.72460798,467,601.1682998,0,3010.59,16089.971,1913.6006,1015.041,6177.518,18884.959,1.651961757,1,4.363750252,9.280463618,310,628.1580903,0,1614.267,17660.688,3052.616055,1727.86,9305.918,21257.378,1.273230552,1,2.239942029,8.190324464,178,577.2739888,0,1308.585,29304.208,2142.968792,770.574,8717.12,37261.384,1.591731521,1,3.050534219,22.76498814,797,990.6243902,0,2535.201,29304.208,4038.292724,1612.969,14388.559,43306.384,1.492149355,1,3.045277758,10.4569503,621,809.1751562,0,3245.886,19087.015,4128.969689,1724.106,17954.063,38188.694,1.584310132,1,3.857160573,15.68473308,182,455.8585385,0,3374.696,10400.901,3055.301022,1640.08,10917.845,26503.318,1.549066089,1,2.806696887,8.823311523
s2-95-user,shortest_estimate+topology_aware+easy_oracle,1,0.2075829916,0.02273831474,0.08425506929,0.05672136361,0.04187192118,0.00199632276,2000,1600,0,652.1880319,0,2497.326,10707.565,3877.767539,1446.504,13300.814,56899.755,1.459354946,1,2.923120739,8.243905147,1.459354946,2801.969384,370,2552.024078,10469.034,0.8492698698,0.3998603641,0.1875060658,0.9432786364,336.9645489,0,0,336.9644342,0.0001146666667,0,0,0,0,0.9980036772,1.099658927,0.9581280788,0.04187192118,812,288796.147,258,74,3560,647,762.7340943,0,3067.078,13058.258,3080.546849,1713.532,9961.174,21023.915,1.526924439,1,2.797883258,7.314507401,468,311.5658889,0,1577.766,6403.777,1915.455323,1055.451,6960.308,14754.843,1.39698916,1,2.922687132,8.243905147,333,807.3705135,0,4662.079,12139.058,8211.002474,1458.774,48650.222,86400,1.388543666,1,3.393408336,8.196557707,152,890.4254934,0,4616.793,9833.105,3819.850895,2060.7,11371.818,19921.009,1.518893641,1,3.922319029,11.06811408,788,612.369401,0,2434.328,11723.766,3798.705591,1528.331,11771.847,57115.391,1.497592392,1,2.734096435,10.34615315,648,651.1280895,0,2212.25,10687.873,3841.74102,1374.578,14721.67,56899.755,1.380581945,1,2.923120739,7.27099769,164,847.6997622,0,4573.702,15830.485,4399.999238,1525.975,15199.784,67214.689,1.586878097,1,3.447596332,11.84712625
s2-95-user,shortest_estimate+topology_aware+easy_oracle,2,0.1708331218,0.01894815428,0.06469371079,0.05885757729,0.02567394095,0.002659738481,2000,1600,0,627.0086244,0,1917.526,12445.416,3881.268165,1725.536,13775.162,32412.392,1.268350876,1,2.435877213,7.168497767,1.268350876,2550.453568,332,2851.860548,12445.416,0.8587372704,0.4245664721,0.1917716861,0.9411424227,365.5666978,0,0,365.5665981,9.971717177e-05,0,0,0,0,0.9973402615,1.129797023,0.9743260591,0.02567394095,779,296160.9,227,62,3455,636,735.5092767,0,2432.67,15426.601,5342.738201,2172.296,19552.055,37370.864,1.231358685,1,2.331778546,6.303942031,502,466.9541713,0,1691.82,9707.289,2985.155157,1640.135,8917,20869.384,1.225849411,1,2.132301404,5.437686378,311,670.6798264,0,1757.932,8954.105,2438.945395,1218.737,6914.097,17518.666,1.384961015,1,2.706897991,8.538048135,151,612.1687351,0,1972.217,18624.431,3675.414974,1752.486,12581.251,34142.899,1.325284756,1,2.29287975,9.664628198,821,781.6069184,0,2082.226,15970.882,4158.964379,1777.338,14940.573,34142.899,1.28567461,1,2.496661091,7.543758099,635,453.9218299,0,1588.09,6937.97,3600.191674,1722.892,12581.251,26702.734,1.218949936,1,2.168578705,4.90149897,144,508.8483125,0,2359.597,9707.289,3537.483306,1608.374,14185.973,27939.411,1.387425955,1,3.039860439,11.05767573
s2-95-user,shortest_estimate+topology_aware+easy_oracle,3,0.2406727091,0.026693086,0.1280958591,0.042849914,0.04010349288,0.00293035708,2000,1600,0,1304.250268,0,3796.77,29710.502,3928.917564,1394.358,13460.181,42955.68,1.488677923,1,3.431525782,8.612656301,1.488677923,2925.597736,377,5337.011748,26983.138,0.903881342,0.5061485593,0.2510707155,0.957150086,201.2918844,0,0,201.2917882,9.62828283e-05,0,0,0,0,0.9970696429,1.154764925,0.9598965071,0.04010349288,773,218939.821,316,84,3933,639,2037.111556,0,6098.33,59139.445,5836.641595,2111.129,22582.366,72797,1.540206951,1,3.744815775,8.612656301,481,461.2443368,0,1472.939,8756.663,2102.71668,1027.566,7579.602,12919.166,1.396830014,1,3.252187263,7.879354514,318,1439.290525,0,4376.113,31686.838,3668.034233,1372.397,12063.366,42955.68,1.46072179,1,3.676411339,8.433674792,162,651.4397037,0,2124.708,21005.259,2338.348852,1047.139,8514.233,23801.251,1.613010306,1,3.191118075,15.05809691,827,1030.201591,0,3845.088,26184.39,3726.438094,1416.987,13527.589,39525.534,1.450210853,1,3.412867964,8.222957238,629,1461.846054,0,3321.592,48482.133,3900.404609,1392.626,12063.366,54275.718,1.516376065,1,3.734224065,9.368244015,144,2189.739896,0,3673.01,99501.853,5216.314576,1304.018,20868.836,114029.164,1.588609428,1,2.861481844,8.612656301
s2-95-user,shortest_estimate+topology_aware+easy_oracle,4,0.2294380154,0.02611305386,0.1039371765,0.04650675889,0.05033112583,0.002549900307,2000,1600,0,1018.089377,0,3080.705,25981.031,3626.947292,1675.454,11794.169,32712.912,1.457689554,1,3.356959835,9.353073727,1.457689554,2913.659494,354,4471.517605,23934.529,0.8984099588,0.5418521355,0.2522117575,0.9534932411,224.1323889,0,0,224.1322918,9.709090912e-05,0,0,0,0,0.9974500997,1.152582645,0.9496688742,0.05033112583,755,199689.319,308,84,3920,615,621.7491545,0,2359.536,13497.239,2602.636093,1107.901,9760.051,18567.471,1.554723419,1,3.894407492,10.71879439,495,1751.775451,0,4201.492,65691.059,5403.311141,2533.068,17650.978,80337.077,1.348904068,1,2.760693051,8.042305893,334,827.98,0,3911.078,18973.007,3173.025293,1681.266,11017.396,22104.613,1.437332738,1,3.356959835,9.48412328,156,659.5711923,0,3138.516,13240.961,3000.416718,1819.543,9731.302,18906.02,1.463921383,1,3.253395521,9.152866867,845,862.5655917,0,3002.106,23934.529,3589.905807,1710.355,12237.494,32712.912,1.455756722,1,3.402550854,9.152866867,608,1122.56739,0,3438.704,22900.963,3613.140801,1675.454,11772.171,29610.258,1.414263201,1,3.023464655,9.353073727,147,1479.959905,0,4110.574,50106.514,3896.977238,1481.399,11202.311,57671.838,1.648413808,1,5.194526009,10.68205002
s2-95-user,shortest_estimate+topology_aware+easy_oracle,5,0.1382231451,0.01723685099,0.05007117359,0.04072488841,0.02519893899,0.004991293074,2000,1600,0,342.1528175,0,1484.113,7475.731,2524.247517,1579.072,7847.868,14317.204,1.209174218,1,2.215880868,4.480184804,1.209174218,2412.05985,334,1472.982743,7475.731,0.8753865545,0.3421841118,0.1775403313,0.9592751116,153.0926133,0,0,153.0925408,7.25656566e-05,0,0,0,0,0.9950087069,1.211119916,0.974801061,0.02519893899,754,181119.95,237,65,3511,639,447.6583114,0,2279.882,8273.319,2581.865232,1482.035,8205.958,15910.596,1.246866874,1,2.818640067,4.95645369,486,324.0088004,0,1266.815,7272.05,2138.638498,1378.11,6248.221,12410.112,1.181011713,1,2.044672179,4.423709239,322,219.0198416,0,754.848,6900.884,2980.752935,2246.104,8283.976,13621.894,1.111684655,1,1.415057792,3.947320822,153,218.2887647,0,1158.087,3672.524,2547.734569,1678.952,8234.715,14317.204,1.346383427,1,2.215880868,13.56216667,846,411.4053097,0,1611.563,7629.104,2632.687041,1562.9,8292.281,15386.477,1.232065009,1,2.3553,5.159970323,602,262.5789153,0,1219.558,7129.718,2364.507743,1555.872,7206.135,12923.036,1.187575516,1,2.196198178,4.197553833,152,271.8625592,0,1835.792,4322.467,2553.349533,1681.416,7508.455,14738.915,1.167311118,1,2.380629861,3.294318103
s2-95-user,shortest_estimate+topology_aware+easy_oracle,6,0.2496148134,0.03294834322,0.09008788313,0.05333284669,0.03712871287,0.03611702751,2000,1600,0,1134.425923,0,2670.211,31306.384,3065.976202,1286.287,9458.698,34996.663,1.634985797,1,4.235669462,11.85434264,1.634985797,3196.655381,388,4515.967384,27317.888,0.9191929906,0.4457224358,0.2411314422,0.9466671533,191.5547889,0,0,191.5546765,0.0001123636364,0,0,0,0,0.9638829725,1.554613269,0.9628712871,0.03712871287,808,151981.877,317,88,3923,647,1000.992212,0,2781.376,26383.945,3071.497243,1335.396,9833.387,29398.884,1.536203267,1,4.154943805,9.34366454,472,900.7142013,0,2292.437,31306.384,2694.308006,1243.408,7909.77,34996.663,1.625714658,1,3.377664252,19.53923866,318,647.4127327,0,1907.393,19537.747,1912.378475,1080.591,4801.903,21516.335,1.495823428,1,4.085610744,9.534614109,163,3290.95192,0,25666.6,74290.069,6370.880202,1602.393,34758.768,75650.386,2.325426949,1,8.831683333,30.48049644,792,1078.493559,0,2356.744,31700.542,3098.871636,1309.132,9907.88,35610.638,1.661670326,1,4.672419364,15.3912669,644,1171.884033,0,2781.376,31306.384,2981.687241,1238.046,9386.747,34996.663,1.681112067,1,4.436407448,11.85434264,164,1257.446707,0,2652.243,51718.205,3238.103683,1221.974,8977.987,57600.906,1.324989056,1,2.490151939,8.889767398
s2-95-user,shortest_estimate+topology_aware+easy_oracle,7,0.1879274583,0.02326436363,0.09155282578,0.03706745619,0.03349875931,0.002544053375,2000,1600,0,791.6253331,0,2713.632,21135.118,4604.738694,1642.915,17122.406,61790.765,1.363613153,1,2.990746877,7.053462287,1.363613153,2620.1936,369,3263.341179,20753.375,0.8801679741,0.4844872439,0.2086187667,0.9629325438,258.0279133,0,0,258.0278131,0.0001002828284,0,0,0,0,0.9974559466,1.137588815,0.9665012407,0.03349875931,806,339574.561,286,78,3572,632,750.1739921,0,2199.515,21135.118,4081.212109,1534.541,15087.857,36719.609,1.321189704,1,2.90792371,6.325066165,504,975.7879405,0,3682.127,21809.937,6632.667284,2015.211,37494.879,86400,1.366507037,1,2.669272147,7.040265517,308,694.3942792,0,2239.754,10060.829,3186.671399,1189.316,13097.72,27545.06,1.478369075,1,4.283396102,8.883929331,156,556.5385256,0,2713.632,8347.318,2973.697147,1527.246,12164.437,20786.382,1.299563652,1,2.709954779,6.233615806,794,758.0735101,0,2504.685,21334.844,4729.459414,1778.16,19815.931,62489.468,1.350926153,1,2.653318354,7.542332904,644,821.6516972,0,2867.11,20753.375,4533.184248,1530.165,17034.91,62975.319,1.366202783,1,3.181060589,6.021333225,162,836.7066235,0,2855.676,24987.35,4277.904191,1528.192,16972.264,37186.47,1.415500536,1,3.361300981,9.237852628
s2-95-user,shortest_estimate+topology_aware+easy_oracle,8,0.1195556145,0.02188597731,0.03484887393,0.03824797859,0.0225,0.00207278465,2000,1600,0,290.5462863,0,1032.923,5819.972,1817.96291,836.239,6451.737,17405.672,1.317476449,1,2.813548625,6.796661863,1.317476449,2556.181648,390,1119.227997,5009.465,0.858835937,0.4314348804,0.1776658905,0.9617520214,102.4859044,0,0,102.4858075,9.6969697e-05,0,0,0,0,0.9979272153,1.133731607,0.9775,0.0225,800,124122.986,280,81,3539,674,282.5393576,0,1455.196,5819.972,1486.801175,710.845,5817.323,11892.942,1.393619348,1,3.143527368,8.766842371,490,197.8901694,0,779.957,4502.474,1570.173561,736.949,4782.318,19375.901,1.229232157,1,2.171534503,5.55022935,303,427.8257591,0,1353.779,7543.371,2658.71896,1271.441,7934.927,25499.456,1.287583766,1,2.31667311,5.19817708,133,359.7379173,0,2132.204,5083.339,2493.682511,1221.132,9994.052,15941.74,1.324821352,1,3.697400922,6.018200304,800,202.0404275,0,926.766,3916.346,1754.372585,807.935,6332.236,15941.74,1.283056451,1,2.581378404,6.357586338,629,402.4171097,0,1044.612,7543.371,1925.766601,882.933,6684.795,18211.858,1.378563845,1,3.189620367,9.297012958,171,293.1073333,0,1292.627,7184.708,1718.920444,848.387,6782.995,11863.98,1.253804088,1,2.753182475,5.148982317
s2-95-user,shortest_estimate+topology_aware+easy_oracle,9,0.1661715473,0.02201767515,0.07334143044,0.04038444846,0.02896725441,0.001460738867,2000,1600,0,667.7182081,0,2173.845,21084.357,3094.101693,1362.228,10835.648,29699.107,1.400929367,1,2.830479021,10.16534262,1.400929367,2814.141598,346,2965.182523,20295.762,0.895328874,0.4047706311,0.2180406249,0.9596155515,183.9389556,0,0,183.9388562,9.935353538e-05,0,0,0,0,0.9985392611,1.105839455,0.9710327456,0.02896725441,794,196640.688,276,57,3756,645,757.1098248,0,2200.325,25849.991,3173.073857,1398.639,9321.079,38752.622,1.463021724,1,3.015810821,10.70941954,474,565.4225105,0,1965.561,18394.207,2945.275234,1243.869,10972.605,22220.175,1.349352145,1,2.725175044,8.182327666,330,788.3691364,0,1839.123,23719.062,3551.162045,1550.835,12059.696,37235.102,1.389310874,1,2.897179363,7.261008628,151,343.3192781,0,1720.235,3769.548,2225.073742,1023.209,9877.923,24931.251,1.322996496,1,2.541226465,10.19189521,806,736.4820682,0,2407.212,21619.312,3230.020269,1345.72,11378.759,30372.153,1.399965792,1,2.818105372,8.361730534,627,669.5103349,0,2128.772,20295.762,3107.083581,1448.745,10330.817,37235.102,1.41994928,1,2.897179363,10.70941954,167,329.1114132,0,1095.398,7195.117,2389.37106,1195.701,8321,18986.932,1.334169825,1,2.219273948,11.52133587
s2-95-user,shortest_estimate+topology_aware+easy_oracle,10,0.2011392109,0.02421281062,0.08402062314,0.05545040147,0.03250975293,0.004945622757,2000,1600,0,1542.016764,0,2490.377,33991.312,4400.865889,1558.591,13025.342,43646.995,1.406782243,1,3.112674341,8.021002591,1.406782243,2849.567478,352,6791.213466,33737.104,0.9078553727,0.4807325172,0.2252713795,0.9445495985,347.66226,0,0,347.6621522,0.0001077575758,0,0,0,0,0.9950543772,1.221968774,0.9674902471,0.03250975293,769,263762.029,317,83,3963,626,1184.432915,0,2631.329,31980.854,3970.354276,1725.149,12440.127,36974.287,1.378870804,1,2.972846768,8.474127612,484,2742.193519,0,4742.671,105148.171,6565.822407,1497.815,19944.689,114788.557,1.509593611,1,3.532046414,11.90704988,343,1020.716592,0,1962.161,14214.965,3269.437219,1601.483,7831.503,38542.273,1.386106586,1,2.894883268,6.05048366,147,329.5534966,0,1158.268,8047.29,1746.045129,1198.632,4552.787,11373.612,1.235378222,1,2.38271341,4.647994941,831,1386.215232,0,2490.377,33737.104,4156.359255,1594.436,13535.57,40994.785,1.424810163,1,3.396770605,7.878698578,627,1752.701581,0,2602.8,35679.381,4710.6813,1510.055,12191.81,46152.789,1.395549162,1,2.765173097,7.404582579,142,1523.507563,0,1733.93,67137.603,4463.758493,1592.865,13374.493,73813.619,1.350880416,1,2.726063388,11.05653716
s2-95-user,shortest_estimate+topology_aware+easy_oracle,11,0.1629988636,0.01948621541,0.06997993345,0.04136842406,0.03082614057,0.001338150156,2000,1600,0,827.2834731,0,2074.21,22464.527,3630.396294,1576.853,12927.831,34294.94,1.34757204,1,2.505047583,8.122658579,1.34757204,2601.848442,333,3801.680324,22464.527,0.887328734,0.4394087561,0.2030101787,0.9586315759,195.2249378,0,0,195.2248264,0.0001113939394,0,0,0,0,0.9986618498,1.093982071,0.9691738594,0.03082614057,811,245555.335,285,64,3743,640,1027.180809,0,2218.938,28395.734,4324.653723,1741.093,14902.69,46008.492,1.324728843,1,2.272920426,6.550467568,470,667.5580553,0,1744.411,23623.681,2814.77176,1476.859,8365.61,29494.622,1.329857608,1,2.327943606,7.341913073,327,695.1212752,0,1754.279,13786.395,3236.505911,1365.597,11761.423,26474.038,1.43542037,1,3.295072861,8.959598826,163,768.1036564,0,3089.799,22101.017,4046.475626,1845.545,15081.713,39529.504,1.312105936,1,2.414403423,11.43933256,789,949.8541926,0,2887.578,28395.734,3842.751165,1625.127,13156.163,43513.496,1.410415556,1,2.889657872,9.901373897,653,508.1865896,0,966.816,8789.214,3034.540243,1476.859,9902.402,29494.622,1.227164848,1,1.821852227,6.051575184,158,1534.004785,0,5669.31,51684.201,5032.586215,2010.327,22373.026,58737.275,1.531384455,1,3.10715509,11.62980028
s2-95-user,shortest_estimate+topology_aware+easy_oracle,12,0.1223222279,0.01776612404,0.04848757399,0.0310139559,0.02430133657,0.0007532373924,2000,1600,0,340.5507631,0,1437.175,7558.604,2854.671341,1497.005,10493.374,20529.804,1.280112357,1,2.283921488,6.482209243,1.280112357,2577.868915,349,1468.67686,7524.49,0.8781109808,0.4748800644,0.2221012163,0.9689860441,125.6126422,0,0,125.612539,0.0001031919192,0,0,0,0,0.9992467626,1.078877358,0.9756986634,0.02430133657,823,200341.006,288,68,3730,597,285.1021876,0,1076.649,7524.49,1772.683975,968.634,6449.366,14714.501,1.313641768,1,2.678010089,6.624585002,519,377.7843545,0,1666.443,8887.295,4096.430171,1853.659,16271.11,28560.892,1.260318409,1,2.093606603,8.813340378,324,393.7348549,0,2126.454,6212.647,3180.743799,2096.294,9208.534,14918.121,1.280908267,1,2.34430087,5.931848937,160,318.9690125,0,902.238,7865.83,2203.584769,1414.106,6706.995,15444.069,1.217600646,1,2.01927208,4.924203269,777,367.1441647,0,1437.175,8529.47,2864.747232,1526.003,11051.453,20912.821,1.310596096,1,2.329746534,6.718748745,660,338.785047,0,1512.425,8463.22,2834.096789,1513.947,9883.917,18503.24,1.255175686,1,2.363977365,6.482209243,163,220.9329693,0,1171.245,3839.651,2889.948871,1259.28,9134.131,28655.908,1.235770872,1,2.047382583,4.382263406
s2-95-user,shortest_estimate+topology_aware+easy_oracle,13,0.17540038,0.02192285273,0.06483810992,0.0441140839,0.0356703567,0.008854976772,2000,1600,0,670.1510444,0,1921.806,13339.649,2782.610246,1498.135,8231.667,26318.923,1.380222427,1,2.818289138,7.271148396,1.380222427,2687.211531,351,2865.805578,11282.632,0.9187237423,0.4463054016,0.2373959519,0.9558859161,169.6859956,0,0,169.6859212,7.438383843e-05,0,0,0,0,0.9911450232,1.240051463,0.9643296433,0.0356703567,813,166491.11,348,89,3774,628,602.7170908,0,1989.092,7374.759,2732.711002,1658.154,7572.941,17161.419,1.339865466,1,2.586758271,5.590200135,479,406.4927244,0,1608.455,6564.157,2350.110985,1200.599,7620.876,22627.332,1.367057855,1,3.13787474,6.962490974,328,577.7860945,0,1638.07,5508.574,2419.560527,1308.462,6186.003,26931.097,1.337003953,1,2.693724657,5.962748091,165,1875.827176,0,7093.547,43562.502,4949.787091,2080.66,17449.271,50727.558,1.657953708,1,3.706686694,19.00854192,787,609.100061,0,1779.607,10567.509,2719.340624,1490.199,7728.115,22627.332,1.334319718,1,2.431232813,7.751455973,643,715.1494541,0,1987.475,14061.051,2785.710484,1549.029,8247.645,26318.923,1.408566059,1,2.838475448,6.848198394,170,782.5813176,0,2234.172,30085.721,3063.785188,1471.914,9795.1,34139.224,1.485519353,1,3.833892297,7.854490927
s2-95-user,shortest_estimate+topology_aware+easy_oracle,14,0.1850985506,0.02471886595,0.06647420602,0.05155058429,0.03899371069,0.003361183652,2000,1600,0,671.8864575,0,1970.3,16669.071,2665.649287,1167.304,9554.612,26647.501,1.40346404,1,3.177730211,8.493609688,1.40346404,2717.097386,378,2714.445915,14721.258,0.903985394,0.5330212949,0.2512106021,0.9484494157,199.2111933,0,0,199.2110843,0.0001090505051,0,0,0,0,0.9966388163,1.1726231,0.9610062893,0.03899371069,795,162102.609,335,104,3836,594,413.6230556,0,1589.029,12886.439,1818.554699,747.238,6825.018,16327.997,1.475448103,1,3.585011255,9.715316667,514,1035.282961,0,3515.903,26142.851,3407.094648,1610.967,11265.203,32382.379,1.402822653,1,3.269915889,6.135733997,336,459.3932619,0,1553.023,6778.106,2077.323619,1010.136,6509.498,16059.618,1.344610418,1,2.355371855,7.743678704,156,915.6067885,0,1590.874,32502.495,4715.32041,1611.775,20803.973,37892.897,1.25824581,1,2.157669674,6.569820991,805,668.1387043,0,1687.814,15239.239,2673.967937,1162.415,8740.303,21782.473,1.367083049,1,2.815066664,8.637648941,635,689.5790976,0,2027.388,16981.911,2599.949054,1205.539,9805.222,26647.501,1.474687667,1,3.868873306,8.787123454,160,620.524675,0,3259.309,17481.282,2884.543888,1063.426,11165.94,31701.712,1.303837132,1,2.568005363,5.400875425
s2-95-user,shortest_estimate+topology_aware+easy_oracle,15,0.2654609143,0.02681474963,0.1451453475,0.04599540882,0.04104477612,0.006460632218,2000,1600,0,1501.509108,0,4302.118,38677.49,4594.000939,1856.199,15368.484,48038.874,1.51459288,1,3.447166232,10.85711941,1.51459288,2898.896859,357,6261.940549,38369.693,0.9138939429,0.4799892486,0.2507340929,0.9540045912,268.9840089,0,0,268.9839143,9.45454546e-05,0,0,0,0,0.9935393678,1.250273697,0.9589552239,0.04104477612,804,266674.678,338,96,3919,654,1433.642671,0,5136.354,21073.683,4014.616061,1751.439,13863.059,40948.202,1.470666471,1,3.541110319,9.675187048,498,2351.99888,0,6487.451,78120.202,6556.012076,2755.786,16898.766,101590.243,1.664294401,1,3.793809843,20.23507363,299,443.3053512,0,1645.616,7960.673,2431.978508,1112.416,8938.753,23798.264,1.452754716,1,3.242005831,9.808020546,149,1080.325664,0,3088.201,38677.49,4918.033631,2281.747,19014.711,50303.594,1.331144056,1,2.738037732,4.662409178,796,1685.738734,0,4645.826,47013.134,5029.786943,2010.6,16225.298,58440.232,1.521158998,1,3.675489897,10.67844082,652,1155.682824,0,3836.728,37961.652,4154.534788,1860.363,13536.529,44377.961,1.449600438,1,2.954196836,12.82009734,152,2020.140395,0,4302.118,78120.202,4196.936934,1434.055,9169.64,103053.249,1.758990528,1,4.871938539,20.29131884
s2-95-user,shortest_estimate+topology_aware+easy_oracle,16,0.1832741653,0.02288232991,0.06053282293,0.06142739271,0.03606965174,0.002361968001,2000,1600,0,957.7548869,0,1794.197,20520.636,2620.368636,883.05,7707.315,35103.83,1.390485168,1,2.941634588,8.621372402,1.390485168,2768.576646,364,4079.441473,17214.965,0.8950137703,0.542831862,0.2267255825,0.9385726073,223.26018,0,0,223.2600749,0.0001051313132,0,0,0,0,0.997638032,1.144827202,0.9639303483,0.03606965174,804,142568.727,317,79,3867,625,1100.892549,0,1694.336,46963.095,2529.040106,722.306,6762.196,52541.255,1.389634191,1,3.036761756,8.621372402,493,1173.80068,0,2378.352,40706.5,3171.875955,990.34,10257.388,49103.85,1.455175665,1,3.076656317,9.004450479,322,586.2148261,0,1311.968,11010.726,2017.274084,845.029,6367.297,12738.211,1.352420123,1,2.641661977,7.783244152,160,480.6566687,0,1596.701,16853.158,2491.516569,1299.743,6743.184,24308.022,1.271087604,1,1.92342671,8.704606882,796,855.7273166,0,1741.096,39362.095,2571.351575,865.939,8569.889,45965.113,1.35120868,1,2.801602944,7.460715884,633,1110.992539,0,2086.228,30599.209,2730.145267,952.719,7235.852,39594.511,1.440583413,1,3.092751809,9.9161,171,865.4420936,0,1286.849,19156.269,2442.175497,811.927,6969.526,22799.444,1.387864668,1,3.388680606,9.994089442
s2-95-user,shortest_estimate+topology_aware+easy_oracle,17,0.1949556897,0.02152651281,0.09618517005,0.0509098454,0.02442159383,0.001912567616,2000,1600,0,945.9961512,0,2850.935,16804.631,3748.474876,1713.148,12428.059,28387.833,1.300923688,1,2.767337719,6.752001753,1.300923688,2567.695875,372,3903.591148,15477.706,0.8931989102,0.5513104728,0.2352404033,0.9490901546,284.6783533,0,0,284.678237,0.0001163232324,0,0,0,0,0.9980874324,1.123240117,0.9755784062,0.02442159383,778,247617.343,318,85,3818,628,1300.768545,0,3532.662,25157.093,4304.477922,2026.387,13853.584,41391.226,1.329490255,1,3.006448788,6.312127276,486,1014.324428,0,3736.962,17302.453,4297.372119,2121.082,13822.507,33715.767,1.299775427,1,2.789553801,6.950424734,340,471.8466029,0,1677.825,4654.686,2345.242288,968.124,6465.064,21302.621,1.300172181,1,2.782459965,5.206097723,146,296.7238288,0,1400.816,4776.527,2797.550952,1836.305,8019.079,20608.055,1.183620701,1,2.236427332,3.196550747,822,1082.990698,0,3712.407,17302.453,3849.116768,1716.873,12473.954,28387.833,1.334489565,1,3.053758289,6.771774124,617,818.1586305,0,2850.935,14918.561,3686.286911,1727.262,12612.664,33715.767,1.252892797,1,2.517526418,5.209558108,161,736.469646,0,998.393,4654.686,3472.96146,1578.167,10812.492,26300.076,1.313618778,1,2.248440689,10.689836
s2-95-user,shortest_estimate+topology_aware+easy_oracle,18,0.1947721824,0.02314577734,0.09736040351,0.02810955214,0.03909205549,0.007064393881,2000,1600,0,527.6507669,0,2885.769,9400.385,4503.971746,1810.101,17910.766,38060.982,1.325735969,1,2.975502034,7.341472625,1.325735969,2580.518062,356,2233.373014,9349.832,0.8584934986,0.482181744,0.2316464325,0.9718904479,185.2339311,0,0,185.2338411,8.9979798e-05,0,0,0,0,0.9929356061,1.23722295,0.9609079445,0.03909205549,793,341322.11,245,61,3434,654,734.153844,0,3986.516,17815.823,7157.763177,3312.098,26237.255,52110.989,1.232219948,1,2.424283439,6.211607273,489,427.4647137,0,2335.23,8583.748,3003.84272,1282.105,11228.586,23066.301,1.465566818,1,4.287910759,8.496788057,318,329.9024874,0,2450.56,5588.799,1746.155484,1057.513,5725.944,10152.008,1.364746749,1,3.644677275,8.955025807,139,360.9019928,0,2743.771,5019.788,3604.46864,1787.295,15008.808,17876.58,1.184561617,1,2.388494312,3.388339744,807,477.3479926,0,3217.065,8583.748,4070.050138,1697.225,16431.804,34118.962,1.35515424,1,2.983597995,8.105286588,633,643.9819716,0,2940.089,14630.09,5171.866385,1860.763,21589.496,45192.477,1.295614899,1,3.004113867,6.487318818,160,321.1300562,0,2453.343,5936.252,4050.205688,2084.01,12140.43,46925.048,1.296524048,1,2.488288837,6.211607273
s2-95-user,shortest_estimate+topology_aware+easy_oracle,19,0.105772316,0.01854603894,0.04597583888,0.01935152082,0.01444043321,0.007458484136,2000,1600,0,232.1497963,0,1362.727,4984.728,2816.137999,1183.149,9811.662,26388.86,1.296793911,1,2.384183333,6.592732822,1.296793911,2571.721716,338,949.5373018,4984.728,0.8549014428,0.393004681,0.1772188002,0.9806484792,90.02781333,0,0,90.02776291,5.042424244e-05,0,0,0,0,0.9925415159,1.223582062,0.9855595668,0.01444043321,831,238891.044,231,60,3388,656,279.4614634,0,1552.466,5265.421,4012.792732,1675.302,13723.414,42543.581,1.196366711,1,2.101117092,4.921507079,468,154.8871944,0,1063.772,2171.042,1794.445526,706.082,7042.073,15923.809,1.42896807,1,2.674132042,10.6930687,316,263.4435411,0,1371.53,7061.469,2344.708785,1092.404,7984.065,17486.526,1.374808938,1,3.037473522,9.185871567,160,202.359925,0,630.817,5115.674,1829.376781,869.661,7537.533,16426.456,1.167856342,1,1.763232869,4.346445222,769,251.0372913,0,1368.921,5265.421,2770.830109,1254.524,8776.869,26388.86,1.300488949,1,2.525228148,6.433785995,662,192.9738248,0,1230.365,3759.555,2841.539127,1092.404,10349.06,28158.885,1.245620595,1,2.101117092,5.16715,169,299.664645,0,1556.191,7916.515,2922.80203,1183.745,13386.771,27094.338,1.480434454,1,3.203259929,9.895945675
s2-95-user,shortest_estimate+topology_aware+easy_oracle,20,0.1868934122,0.02410633814,0.08217204439,0.03312301697,0.03860523039,0.008886782361,2000,1600,0,697.5127631,0,2435.585,13334.106,3790.544678,1666.621,14230.447,35276.313,1.428479358,1,3.098986787,8.662104253,1.428479358,2753.00229,353,2938.755507,13053.295,0.8689447989,0.4104505746,0.1925772286,0.966876983,180.3032644,0,0,180.3031796,8.484848486e-05,0,0,0,0,0.9911132176,1.304777674,0.9613947696,0.03860523039,803,234755.083,258,67,3571,645,1100.665784,0,3872.426,31648.319,6228.554605,3201.567,20280.661,48440.784,1.427620993,1,3.098986787,10.81518509,467,387.1952784,0,1827.082,6970.703,1701.346137,1030.589,5879.729,12909.234,1.493484396,1,3.769109546,8.775681788,310,441.7634097,0,1309.425,9459.076,2859.343397,1809.02,8397.799,18144.257,1.230601559,1,2.223981923,3.916392667,178,496.2030225,0,1471.07,19217.434,2059.149803,778.502,7684.097,22000.702,1.605661439,1,4.221684244,18.97520094,797,831.0813237,0,2541.388,17187.138,3872.723314,1613.364,14074.982,38771.797,1.384562334,1,3.107618122,6.758183333,621,610.4264316,0,2229.095,13334.106,3916.57776,1705.264,15702.421,38188.694,1.497738156,1,3.153478596,13.69095152,182,409.7461099,0,3331.864,8107.128,3000.638538,1666.621,10023.868,26544.861,1.384480207,1,2.780960931,8.775681788
s2-95-user,shortest_estimate+topology_aware+easy_predicted,1,0.216932583,0.02649505468,0.09326618216,0.05182994433,0.04064039409,0.004701007758,2000,1600,0,587.7630294,0,2764.416,9285.777,3806.35993,1509.61,12321.838,54203.464,1.515408171,1,3.406067894,10.21422325,1.515408171,2863.495797,370,2386.882011,8713.585,0.851835642,0.3464461788,0.1769783598,0.9481700557,306.3176733,0,0,306.3175623,0.0001110707071,0,0,0,0,0.9952989922,1.176628584,0.9593596059,0.04064039409,812,288796.147,230,141,3490,647,754.4402581,0,3576.57,13155.3,3069.676232,1746.485,9642.944,18154.358,1.650736099,1,3.81060651,11.62750544,468,310.848453,0,1905.72,6555.499,1911.159167,1059.219,6946.16,11515.472,1.43634188,1,3.406067894,9.520022229,333,560.0639009,0,2764.416,11392.137,7934.729333,1488.757,46679.924,86400,1.414931988,1,2.965565687,8.831111383,152,791.5766118,0,3947.201,9285.777,3732.947421,1964.066,10836.636,19921.009,1.402937275,1,3.181095114,10.21422325,788,522.3458046,0,2423.027,8775.956,3707.378189,1589.229,10836.636,54203.464,1.55210181,1,3.132689898,10.21422325,648,613.4319753,0,2644.015,9490.475,3788.19966,1406.557,13669.316,56438.768,1.451301555,1,3.697630275,11.4637327,164,800.6611768,0,4359.46,13155.3,4353.710335,1448.257,11515.472,67214.689,1.592399022,1,4.35683839,10.05632371
s2-95-user,shortest_estimate+topology_aware+easy_predicted,2,0.1851900517,0.02006905897,0.07433262249,0.05805209596,0.026957638,0.005778636245,2000,1600,0,703.6730538,0,2203.224,11172.943,3958.107404,1744.687,13974.544,32412.392,1.322464322,1,2.579974952,8.38148045,1.322464322,2582.25831,332,3133.267795,11172.943,0.8623985635,0.4284677746,0.1850590356,0.941947904,360.2554956,0,0,360.2553945,0.0001010909091,0,0,0,0,0.9942213638,1.197689213,0.973042362,0.026957638,779,278024.915,253,150,3495,636,772.4643255,0,3696.686,12834.44,5378.05928,2264.896,19552.055,35218.841,1.274487634,1,2.393248351,6.75878505,502,501.3872331,0,1759.57,8098.649,3022.848546,1640.135,8917,20616.547,1.266529109,1,2.204422192,6.187098572,311,1003.484868,0,1898.757,18264.171,2766.272814,1278.043,7305.529,22153.047,1.516908252,1,3.791547186,12.98095563,151,468.9363576,0,2082.226,10919.393,3541.359801,1860.524,13150.249,32773.582,1.310017885,1,3.161195617,3.95730466,821,839.4714166,0,2428.724,12882.042,4215.277906,1789.502,14810.448,33047.421,1.350828581,1,2.829445126,8.72930646,635,583.9055024,0,1874.216,8805.506,3733.261076,1768.206,13515.254,28092.181,1.294197579,1,2.384360872,5.437686378,144,457.5754097,0,4492.607,7667.603,3483.388215,1594.564,14710.942,27939.411,1.285397137,1,3.030731062,7.732326331
s2-95-user,shortest_estimate+topology_aware+easy_predicted,3,0.311447228,0.03761161244,0.167598501,0.04998213513,0.05174644243,0.004508537014,2000,1600,0,1705.249836,0,4967.631,54176.292,4335.044792,1481.28,14694.807,61418.274,1.748889667,1,4.835155357,16.02288368,1.748889667,3362.90545,377,7040.25448,39452.347,0.9049848273,0.5141261658,0.2614323736,0.9500178649,236.5589511,0,0,236.5588436,0.0001075555556,0,0,0,0,0.995491463,1.163141346,0.9482535576,0.05174644243,773,220627.23,329,190,3932,639,2284.610737,0,8650.754,67998.515,6094.389534,2137.505,23684.013,81010.737,1.695392434,1,4.587552958,13.45776692,481,731.3802453,0,1659.973,19347.033,2373.190861,1089.457,6904.651,25260.031,1.652877569,1,4.294449907,17.80255631,318,2499.113453,0,8661.189,76352.235,4730.84327,1509.666,14162.11,81210.592,1.92253024,1,5.662783927,16.83308748,162,753.2191358,0,4253.082,17092.809,2443.480191,1159.478,8514.233,20982.642,1.90412947,1,5.239791858,16.02288368,827,1409.221822,0,5634.795,35128.743,4111.794736,1491.25,14988.661,46958.035,1.671829616,1,4.96205077,13.59019181,629,1966.945812,0,4733.817,61186.934,4407.926404,1476.261,13790.85,70161.941,1.860139889,1,4.690155753,18.7200646,144,2262.252597,0,5549.885,102210.357,5298.831333,1312.914,20953.214,116737.668,1.705502663,1,4.832123397,12.70356638
s2-95-user,shortest_estimate+topology_aware+easy_predicted,4,0.2357591466,0.02634318606,0.1102152997,0.04585510366,0.04768211921,0.005663437923,2000,1600,0,1225.06283,0,3266.789,21035.973,3833.087902,1668.57,11847.22,32980.826,1.512666791,1,3.386544446,10.41642622,1.512666791,3090.786062,354,5371.031768,20382.298,0.8918131152,0.6086507793,0.262318359,0.9541448963,220.8409022,0,0,220.8408091,9.309090914e-05,0,0,0,0,0.9943365621,1.207545208,0.9523178808,0.04768211921,755,199787.898,293,169,3922,615,907.0168602,0,2370.63,10635.231,2891.464138,1055.999,10237.227,17800.183,1.674671894,1,4.025481444,12.96547903,495,1887.988265,0,6913.589,72266.248,5528.547608,2385.688,17045.224,86912.266,1.386839916,1,2.948136689,8.349553833,334,1069.561856,0,3936.911,21035.973,3417.530841,1658.886,9427.011,22726.264,1.413743964,1,3.289140504,8.455555851,156,708.3160769,0,3416.625,16681.906,3055.152769,1961.558,10389.43,18328.933,1.485047493,1,3.991602143,10.41642622,845,1252.208266,0,4055.331,20382.298,3980.746053,1701.204,12931.338,32980.826,1.469194343,1,3.27654361,12.08103526,608,1176.011985,0,2755.367,23276.894,3662.707872,1605.244,11146.836,26398.981,1.573540445,1,3.238147636,10.21852981,147,1271.899701,0,2291.943,55601.756,3689.005735,1645.999,11075.578,63167.08,1.510782687,1,4.570354758,8.349553833
s2-95-user,shortest_estimate+topology_aware+easy_predicted,5,0.1560619777,0.01940864559,0.06300764855,0.04526795344,0.02519893899,0.003178791089,2000,1600,0,431.8426338,0,1867.551,8486.543,2616.640713,1581.591,7949.663,15386.477,1.259381233,1,2.495075606,6.492012391,1.259381233,2527.642511,334,1915.663183,8486.543,0.8837524397,0.4919473616,0.230002125,0.9547320466,170.9806133,0,0,170.9805234,8.993939398e-05,0,0,0,0,0.9968212089,1.154975137,0.974801061,0.02519893899,754,181119.95,249,141,3705,639,573.5669875,0,2181.324,11357.463,2710.356379,1483.969,9253.069,16699.944,1.318724897,1,3.169440676,6.683009007,486,425.8295473,0,2349.014,8268.296,2248.358827,1380.714,6602.164,13870.558,1.243311535,1,2.247164911,7.021072283,322,240.2036025,0,1178.645,4571.346,2998.339863,2257.736,8191.277,13426.747,1.141777735,1,1.688628817,3.283422587,153,262.3541765,0,1928.798,3710.577,2591.76202,1734.507,7416.405,14317.204,1.310084494,1,2.533353361,7.23,846,502.1359409,0,2291.306,8486.543,2728.066721,1599.651,8905.479,15695.159,1.279736758,1,2.888965579,5.884005202,602,383.0351346,0,1486.249,9394.077,2486.586487,1568.491,7213.36,14691.261,1.247680684,1,2.2121237,6.494373471,152,233.9082697,0,1751.098,4571.346,2511.550197,1599.507,6896.15,14738.915,1.192427004,1,2.347263687,5.445188718
s2-95-user,shortest_estimate+topology_aware+easy_predicted,6,0.282777786,0.03422457634,0.1121486961,0.0432351468,0.0495049505,0.04366441625,2000,1600,0,1350.911019,0,3324.095,41369.083,3278.494904,1261.182,10133.279,48715.645,1.765061057,1,4.399735425,14.75816667,1.765061057,3395.742514,388,5445.135626,39519.832,0.9023468882,0.4956500224,0.2289985375,0.9567648532,153.6481311,0,0,153.6480331,9.7979798e-05,0,0,0,0,0.9563355838,1.646007374,0.9504950495,0.0495049505,808,151981.877,294,158,3924,647,1216.632363,0,3528.315,38732.332,3286.535983,1368.387,10522.979,44070.318,1.624872134,1,4.303181497,11.27090435,472,1109.590532,0,2918.301,39519.832,2903.439394,1243.215,8757.862,42946.04,1.809619524,1,4.745183146,23.18410674,318,866.5791006,0,1798.72,31174.59,2125.757726,1042.025,4801.903,33828.242,1.566887695,1,3.264724806,11.88616781,163,3527.592675,0,31619.289,76303.517,6581.525859,1538.612,35818.796,77663.834,2.5791087,1,8.130075875,57.09245272,792,1318.703244,0,2969.238,40160.222,3331.446352,1300.968,10133.279,48861.41,1.785499881,1,4.24360768,15.78265213,644,1407.631357,0,4427.014,44899.259,3213.877742,1235.257,10585.192,48715.645,1.839967138,1,5.8993,15.93476253,164,1283.719921,0,2137.048,54340.134,3276.51872,1216.969,8133.936,60222.835,1.372213102,1,3.022750117,10.23727621
s2-95-user,shortest_estimate+topology_aware+easy_predicted,7,0.2138474874,0.02430809862,0.1321068148,0.02130553127,0.03598014888,0.0001468938529,2000,1600,0,841.5949619,0,3915.655,20533.643,4642.797267,1621.421,18862.181,50839.761,1.414101675,1,3.124924076,8.798097467,1.414101675,2703.429004,369,3533.379339,18724.235,0.862250579,0.5005780479,0.2037124406,0.9786944687,145.9200622,0,0,145.9199682,9.397979802e-05,0,0,0,0,0.9998531061,1.031917423,0.9640198511,0.03598014888,806,339574.561,233,132,3591,632,862.1039082,0,3858.822,20634.598,4189.533829,1536.316,14881.654,38703.235,1.419967108,1,3.050247811,8.376749219,504,1002.203296,0,4598.863,23574.949,6625.986399,1975.19,36919.72,73347.309,1.389831758,1,2.887033213,9.932517009,308,600.6351948,0,1860.493,9452.026,3092.310357,1196.258,12223.467,26956.113,1.434191607,1,3.170911881,7.271791367,156,715.3600513,0,4300.42,16529.414,3133.086615,1526.697,11066.174,28191.763,1.429084913,1,3.174406466,11.17184715,794,779.4402116,0,3158.592,22743.201,4726.346632,1675.371,18657.083,53175.557,1.338404067,1,2.887033213,8.190240807,644,850.6938012,0,3942.949,20079.664,4562.596781,1576.177,17122.406,62975.319,1.502855006,1,3.302867275,11.17184715,162,1110.059278,0,5985.778,28129.706,4552.123914,1459.76,22065.313,37186.47,1.432291522,1,3.415579898,9.796070723
s2-95-user,shortest_estimate+topology_aware+easy_predicted,8,0.1282665625,0.02426629119,0.04567395024,0.03042132575,0.025,0.002904995299,2000,1600,0,307.4802469,0,1353.779,6052.149,1831.996881,841.067,6451.737,14778.638,1.373718493,1,3.119549528,8.295407791,1.373718493,2660.533493,390,1195.426741,5335.687,0.8541697718,0.4533617676,0.1786313558,0.9695786742,80.85629556,0,0,80.85621721,7.834343436e-05,0,0,0,0,0.9970950047,1.165424437,0.975,0.025,800,124122.986,257,154,3583,674,292.4999614,0,1522.783,5646.323,1496.756542,715.848,6049.245,11139.827,1.462739406,1,3.561400706,11.34469474,490,205.4340367,0,839.233,3951.13,1575.637116,729.167,4782.318,19375.901,1.255113038,1,2.532958885,6.982138747,303,468.744967,0,2011.018,7551.395,2687.528333,1279.983,7934.927,25650.047,1.371694111,1,2.544807164,9.750876239,133,391.9625414,0,1819.932,7031.806,2526.299466,1256.642,9994.052,15941.74,1.364169359,1,3.883234159,7.060533333,800,225.5797975,0,1174.028,4001.638,1774.787415,820.229,6332.236,14778.638,1.362867899,1,2.797428239,8.295407791,629,419.6308983,0,1487.133,7441.425,1938.431312,865.287,7129.06,18211.858,1.404736191,1,3.383430432,9.750876239,171,278.1094854,0,2096.12,6737.592,1708.139082,849.383,6782.995,10616.811,1.310387167,1,3.119549528,5.061681694
s2-95-user,shortest_estimate+topology_aware+easy_predicted,9,0.1584945243,0.02323921961,0.06797659798,0.03806627063,0.02644836272,0.002764073386,2000,1600,0,471.4741444,0,2014.831,8148.38,2896.203397,1391.648,9244.929,21931.596,1.316340146,1,2.987514491,6.70444913,1.316340146,2724.747383,346,2112.417543,7813.83,0.8793564584,0.4936835638,0.2270249703,0.9619337294,172.9625244,0,0,172.9624251,9.939393941e-05,0,0,0,0,0.9972359266,1.138870999,0.9735516373,0.02644836272,794,196286.945,245,125,3779,645,504.0751798,0,2309.316,9507.009,2919.063806,1457.868,8771.385,28623.208,1.391394797,1,3.235403743,8.706498127,474,386.4498523,0,1685.098,3804.261,2767.730821,1253.89,9385.77,14205.932,1.221731695,1,2.274170502,5.736150472,330,652.5537909,0,2253.482,16928.768,3405.545967,1550.835,11761.823,34098.242,1.337401049,1,3.539539514,5.552971915,151,203.3785364,0,1047.295,3617.855,2088.706642,1097.367,8462.002,13637.962,1.246698144,1,2.427317597,3.90038247,806,499.7966402,0,1990.441,6653.075,2994.935398,1391.648,9820.481,20279.027,1.293802204,1,2.987514491,5.833540451,627,473.4670526,0,2283.22,9039.779,2903.599352,1420.497,9239.063,26486.639,1.333245549,1,2.628628962,9.723390659,167,327.2975868,0,1753.853,3865.535,2391.920425,1195.701,8321,18986.932,1.361644895,1,3.731084649,8.706498127
s2-95-user,shortest_estimate+topology_aware+easy_predicted,10,0.2660333817,0.03026989953,0.1364528574,0.04212075152,0.05071521456,0.006474658633,2000,1600,0,1654.212448,0,4044.472,40749.962,4501.096003,1573.897,15562.572,47673.719,1.599813349,1,3.891342524,12.29768304,1.599813349,3321.323828,352,7234.700156,38423.732,0.8981127136,0.5169772842,0.2250917374,0.9578792485,260.4131844,0,0,260.4131062,7.826262627e-05,0,0,0,0,0.9935253414,1.250881036,0.9492847854,0.05071521456,769,267185.623,290,188,3967,626,1652.583757,0,5003.437,43748.573,4423.695043,1762.827,15650.717,46802.458,1.68755704,1,5.272589806,12.78384367,484,2325.623876,0,3912.379,69129.951,6150.856957,1534.718,20582.704,91793.676,1.556951284,1,3.550405664,11.94804803,343,1185.6,0,3961.867,20158.987,3402.29558,1646.64,10644.1,39334.267,1.607607291,1,4.339785526,12.29768304,147,543.9437347,0,1619.327,13221.265,1962.709912,1161.501,5711.995,16547.587,1.349094752,1,2.720975516,5.371291056,831,1514.019166,0,4747.161,36327.829,4270.873153,1610.549,15931.801,47673.719,1.590243179,1,4.13287085,12.17549744,627,1781.807478,0,4059.314,38423.732,4731.015174,1510.055,13510.552,46802.458,1.586901061,1,3.316438103,12.78384367,142,1911.244373,0,1740.653,64325.679,4833.179585,1670.011,13374.493,71001.695,1.712833174,1,3.831775899,17.64806146
s2-95-user,shortest_estimate+topology_aware+easy_predicted,11,0.174534402,0.02217263365,0.09292006285,0.03582743922,0.02342786683,0.0001863994952,2000,1600,0,828.0740413,0,2754.157,20047.992,3628.173565,1587.73,12927.831,33097.672,1.378018326,1,2.850399688,8.888143403,1.378018326,2656.863648,333,3848.022532,20047.992,0.8828941752,0.5054949213,0.2060749845,0.9641725608,168.1043867,0,0,168.10428,0.0001066666667,0,0,0,0,0.9998136005,1.039000698,0.9765721332,0.02342786683,811,246302.011,264,160,3717,640,946.9289969,0,3121.923,25508.379,4241.668084,1813.434,14891.475,43550.127,1.373347283,1,2.854113124,9.690101895,470,766.8463574,0,1775.032,20047.992,2907.017094,1481.409,8622.261,25918.933,1.401000236,1,2.54998751,9.523386221,327,703.3662538,0,1611.915,16100.096,3245.480459,1359.327,11884.883,26474.038,1.36888659,1,3.059979491,7.620336648,163,788.1310123,0,5374.715,18784.776,4066.502982,1898.063,14804.503,39583.256,1.348411255,1,2.058204684,10.7645796,789,1026.689805,0,4123.033,29399.073,3916.78615,1648.194,13419.286,43550.127,1.467798684,1,3.280473986,11.05980964,653,582.5811746,0,1512.469,9963.386,3104.988508,1474.037,10649.327,25918.933,1.301865887,1,2.652099702,7.478839543,158,850.8525506,0,1039.965,20195.904,4349.214785,1910.056,20828.52,33097.672,1.244416051,1,1.844766098,8.314718944
s2-95-user,shortest_estimate+topology_aware+easy_predicted,12,0.1725439197,0.02237983176,0.06988846942,0.03690386392,0.03645200486,0.006919749718,2000,1600,0,578.5893462,0,2071.499,12224.948,3096.022989,1533.369,11339.366,23590.014,1.400994934,1,2.877036012,8.491700445,1.400994934,2738.614327,349,2555.174226,12118.596,0.8741028649,0.6396223171,0.2487226441,0.9630961361,150.3820178,0,0,150.3819075,0.0001103030303,0,0,0,0,0.9930802503,1.206076374,0.9635479951,0.03645200486,823,200341.006,288,160,3946,597,451.2908241,0,1586.178,16778.277,1937.53091,1006.835,6657.923,19640.711,1.499414679,1,3.895964473,10.00847087,519,503.6225607,0,2202.261,12118.596,4226.364879,1895.546,18221.317,28299.982,1.302839321,1,2.247149463,10.223868,324,743.6527716,0,3515.039,12224.948,3541.773852,2126.738,11559.401,20731.945,1.296525611,1,2.929535365,5.619151417,160,962.4920312,0,1895.252,10037.202,2849.454556,1416.374,7587.037,15444.069,1.563708908,1,3.101665991,7.104169568,777,512.7537825,0,1895.252,15600.663,3014.920932,1551.306,11339.366,23933.212,1.346661982,1,3.074314522,7.790208382,660,696.8099121,0,2416.581,15285.43,3193.084912,1554.539,12040.666,21390.79,1.474080715,1,2.679043909,10.223868,163,413.7344969,0,2372.001,10938.768,3089.614577,1299.458,9134.131,28479.054,1.364062957,1,3.006441145,7.667381564
s2-95-user,shortest_estimate+topology_aware+easy_predicted,13,0.182742909,0.02323970587,0.07394318344,0.04134236361,0.036900369,0.007317287085,2000,1600,0,781.6944462,0,2191.681,19289.806,2893.725141,1487.052,8790.996,28238.401,1.415297093,1,2.987577002,9.058350518,1.415297093,2757.139105,351,3427.561199,16430.741,0.9042456347,0.5170042923,0.2271650332,0.9586576364,158.56472,0,0,158.5646414,7.862626267e-05,0,0,0,0,0.9926827129,1.237450746,0.963099631,0.036900369,813,168114.45,321,177,3808,628,687.232086,0,2576.248,12884.602,2815.178772,1626.112,8343.782,17992.31,1.354626201,1,2.477416216,5.741904303,479,502.297096,0,1749.01,10896.416,2445.160054,1192.394,8281.709,27308.626,1.389767227,1,3.337322366,8.71220633,328,726.5248293,0,2279.262,10815.089,2567.28003,1320.394,7034.593,26931.097,1.437453854,1,3.118949702,10.0046122,165,2061.9934,0,12188.506,45521.783,5143.808733,2080.66,20708.851,52970.258,1.676283203,1,4.708758684,20.10296089,787,706.6146366,0,2033.978,15723.607,2818.272474,1477.568,8374.38,28719.2,1.372625736,1,2.571213321,9.913076748,643,828.9437512,0,2330.135,23228.532,2899.949841,1542.219,8515.215,27834.238,1.456943026,1,3.129447356,9.666869821,170,950.5562529,0,2862.427,32664.548,3219.482594,1377.587,9977.931,36718.051,1.455320757,1,3.607542296,9.058350518
s2-95-user,shortest_estimate+topology_aware+easy_predicted,14,0.2297159592,0.02824202576,0.08272899318,0.06151610642,0.0427672956,0.01446153828,2000,1600,0,861.2562644,0,2452.093,15161.061,2861.192671,1179.94,9823.515,27942.375,1.545164263,1,3.630649507,9.956045369,1.545164263,2966.279509,378,3551.38654,12105.354,0.8912794755,0.5799935546,0.2498273403,0.9384838936,240.2460933,0,0,240.2459859,0.0001074343435,0,0,0,0,0.9855384617,1.391283559,0.9572327044,0.0427672956,795,168196.505,310,176,3843,594,602.0274108,0,2562.417,11224.233,2012.504608,770.945,7670.575,16940.371,1.730254379,1,4.407632235,14.56062354,514,1427.195407,0,4098.995,52915.201,3809.403502,1638.747,10321.545,59273.928,1.521196296,1,3.110580511,13.2830247,336,528.501,0,1972.602,11284.278,2150.766708,979.319,7738.686,17677.708,1.394610573,1,3.07644131,8.923720973,156,700.3267051,0,1816.874,11383.555,4498.650782,1717.651,18190.113,33025.582,1.243638917,1,2.151898262,5.397471005,805,948.8625168,0,2551.456,18961.102,2961.617909,1188.828,9245.9,27942.375,1.571369393,1,3.786685308,9.558079764,635,829.1409969,0,2427.242,16614.102,2744.995504,1179.94,10458.278,29835.524,1.554586014,1,3.630649507,14.79744565,160,547.944775,0,2452.093,10724.654,2817.085694,1136.419,10902.686,25809.39,1.375927133,1,3.506260391,7.829547099
s2-95-user,shortest_estimate+topology_aware+easy_predicted,15,0.3461198067,0.03503864803,0.1961860196,0.04970358305,0.05348258706,0.01170896895,2000,1600,0,2167.039857,0,5814.967,64589.175,5262.627462,1902.561,16790.204,67408.547,1.759578897,1,4.504388292,15.12636439,1.759578897,3291.950547,357,9389.382535,60445.178,0.8951225375,0.5934515247,0.2609541285,0.950296417,291.8038711,0,0,291.8037731,9.802020213e-05,0,0,0,0,0.9882910311,1.337180306,0.9465174129,0.05348258706,804,270644.178,268,150,3919,654,2307.302393,0,6171.356,73090.756,4892.45606,1614.485,15613.023,74914.931,1.81152359,1,4.399739098,16.17468593,498,3203.289544,0,11024.301,98737.349,7415.58188,2821.704,22168.564,115405.141,1.86760543,1,5.108975355,18.05217594,299,592.433612,0,2371.047,7951.111,2573.71789,1157.72,8581.372,23798.264,1.646882361,1,4.331052554,13.17164395,149,1247.732638,0,3738.268,42437.975,5087.491617,2162.09,21748.16,54064.079,1.396674347,1,4.097192241,7.666554878,796,2548.263283,0,6171.356,89764.101,5895.868497,2016.883,18775.461,102566.35,1.831254653,1,4.795537248,16.17468593,652,1608.389244,0,4686.527,46373.134,4608.27209,1912.911,15410.619,56864.86,1.68034223,1,4.056748305,15.10482856,152,2566.950072,0,6752.777,87375.078,4753.284289,1333.493,9464.112,112308.125,1.724107881,1,4.162241814,12.9076645
s2-95-user,shortest_estimate+topology_aware+easy_predicted,16,0.2792240398,0.03194469922,0.1420205572,0.05421005637,0.04975124378,0.001297483266,2000,1600,0,1425.479789,0,4209.499,44979.72,3084.212317,880.957,10483.917,52510.231,1.692060935,1,4.106646154,16.95508554,1.692060935,3336.168883,364,6163.35669,39221.447,0.8835085648,0.5297469085,0.2060791183,0.9457899436,195.5249711,0,0,195.5248692,0.000101939394,0,0,0,0,0.9987025167,1.102983626,0.9502487562,0.04975124378,804,144112.25,286,182,3902,625,1456.637125,0,3878.073,49281.219,2883.5462,709.746,10383.483,65417.048,1.697159792,1,3.909267271,13.97397555,493,1788.824945,0,6736.053,51623.344,3778.59302,972.415,14313.476,53883.943,1.749000419,1,4.904342812,17.2176166,322,1102.987224,0,4127.46,33051.508,2532.915022,853.914,7807.632,34616.257,1.585699349,1,3.881073507,13.32877356,160,833.2304688,0,2314.821,22661.152,2837.9896,1337.971,8309.58,27369.951,1.710751428,1,2.628050477,25.36897331,796,1313.670364,0,3682.024,47185.525,3024.903151,854.79,10520.208,52669.069,1.567705262,1,3.723744362,12.25841026,633,1681.736983,0,5575.136,49281.219,3295.588065,946.034,10548.233,62184.18,1.867791951,1,5.283100328,23.72768956,171,997.3481988,0,2736.595,20315.389,2577.833649,802.454,6992.733,25318.466,1.620419897,1,3.093759795,16.57517615
s2-95-user,shortest_estimate+topology_aware+easy_predicted,17,0.1929346984,0.01990869155,0.0843426197,0.05111048581,0.03084832905,0.006724572278,2000,1600,0,1062.597895,0,2499.921,28341.945,3865.656707,1689.859,12677.414,39640.421,1.343224251,1,2.559358942,7.415217961,1.343224251,2626.568707,372,4460.344586,26116.772,0.8826846394,0.5200254434,0.2198685422,0.9488895142,285.8607289,0,0,285.8606037,0.0001252121212,0,0,0,0,0.9932754277,1.257183595,0.969151671,0.03084832905,778,250498.873,275,158,3814,628,1528.153611,0,3433.083,36680.975,4532.413619,1995.034,14465.173,50839.753,1.429517138,1,2.899146494,10.4254988,486,1122.165504,0,3619.424,26116.772,4409.098253,2151.541,13822.507,42297.327,1.34063295,1,2.521391217,8.60552154,340,452.4898235,0,1596.711,4805.926,2321.479603,958.935,6836.082,21302.621,1.276061418,1,2.607075414,4.528410341,146,282.5834863,0,1385.579,3561.276,2784.727144,1836.305,8019.079,20608.055,1.137079058,1,1.888312642,3.28325227,822,1186.850828,0,2867.775,30451.336,3954.371901,1703.747,12900.606,39640.421,1.331951733,1,2.863054313,6.704930384,617,976.4473712,0,2397.738,27208.889,3843.39637,1727.262,13343.249,42297.327,1.343080056,1,2.196957022,7.415217961,161,758.3678447,0,1231.775,4967.896,3498.021547,1562.131,10812.492,26300.076,1.4013297,1,2.276778863,13.40720595
s2-95-user,shortest_estimate+topology_aware+easy_predicted,18,0.2047577686,0.02148304876,0.1114457287,0.02820352046,0.04035308953,0.003272381162,2000,1600,0,590.2531637,0,3303.259,11789.597,4569.22861,1805.151,17996.905,38060.982,1.400821885,1,2.761750204,10.00741979,1.400821885,2737.39551,356,2537.706183,11727.877,0.8579380785,0.5182848474,0.229535642,0.9717964795,185.8711267,0,0,185.8710451,8.161616164e-05,0,0,0,0,0.9967276188,1.159030772,0.9596469105,0.04035308953,793,341322.11,234,118,3522,654,773.5604954,0,5194.707,13456.3,7205.787989,3338.331,25771.115,52110.989,1.34219457,1,2.594585233,7.991337961,489,506.1789039,0,2573.158,11643.986,3077.834832,1264.201,11750.513,22060.116,1.518741263,1,3.68401037,14.69661303,318,423.0105535,0,1977.51,10451.448,1837.898428,1055.266,6832.543,14423.069,1.37961008,1,3.170981519,9.260453892,139,406.1702014,0,3020.953,8197.919,3659.478403,1787.295,15016.448,17876.58,1.310354565,1,2.633329435,10.72238034,807,526.0954684,0,3382.402,10206.751,4122.964964,1688.858,16965.428,27937.843,1.437677071,1,2.993832359,10.1302601,633,702.5646904,0,3303.259,13456.3,5232.28275,1845.881,21405.817,49250.606,1.39798611,1,3.025927145,9.927167243,160,469.5160625,0,3121.117,11727.877,4196.862931,2033.321,12317.851,46925.048,1.226152578,1,2.46483847,4.189929679
s2-95-user,shortest_estimate+topology_aware+easy_predicted,19,0.1356003037,0.0219277804,0.05081820291,0.02494064917,0.02286401925,0.01504965194,2000,1600,0,318.9897619,0,1506.255,5752.585,2904.730256,1237.84,9881.442,28158.885,1.411760335,1,2.818922615,8.470625194,1.411760335,2720.636479,338,1352.470166,5752.585,0.8537781027,0.461066212,0.1765121229,0.9750593508,116.6948422,0,0,116.694777,6.521212124e-05,0,0,0,0,0.9849503481,1.395676482,0.9771359807,0.02286401925,831,239643.569,273,174,3491,656,430.8181296,0,2225.894,7505.008,4170.651963,1818.214,13751.872,44030.586,1.318872199,1,2.451223259,8.470625194,468,218.9267949,0,1112.064,3002.645,1853.531419,720.48,7278.02,16062.37,1.45550429,1,3.343720446,8.553523504,316,277.2210127,0,1616.794,5021.775,2358.862184,1265.88,7984.065,17476.555,1.654423144,1,3.68657832,9.91965422,160,235.6709125,0,1125.239,5593.229,1867.2973,986.164,7827.013,16426.456,1.185391575,1,2.091778747,3.233181709,769,312.4807035,0,1506.255,6585.289,2831.166789,1321.814,8881.324,27410,1.364495991,1,2.818922615,7.256518435,662,315.0110242,0,1436.534,5593.229,2966.121544,1133.728,10422.386,28613.334,1.483007907,1,2.726695201,9.91965422,169,364.1932544,0,1838.553,5390.105,2998.986314,1195.424,13386.771,30165.792,1.347738961,1,3.076100578,6.799862132
s2-95-user,shortest_estimate+topology_aware+easy_predicted,20,0.1986562458,0.02462949499,0.08595327726,0.03904819515,0.04234122042,0.006684057945,2000,1600,0,682.3995706,0,2547.661,13672.885,3781.974925,1652.554,14230.447,34970.178,1.462737901,1,3.16624114,10.28436931,1.462737901,2801.32544,353,2891.422385,13575.281,0.8776446615,0.3630471887,0.174084006,0.9609518048,213.8672489,0,0,213.8671504,9.850505055e-05,0,0,0,0,0.9933159421,1.26193043,0.9576587796,0.04234122042,803,232986.054,249,155,3562,645,1049.303377,0,2816.844,26247.771,6189.154437,3190.11,20280.661,48440.784,1.454862138,1,2.945976245,10.77940429,467,440.6029358,0,2404.042,10912.817,1758.975103,1049.087,6139.926,15779.776,1.609477754,1,4.104392885,11.86806769,310,431.8635419,0,2426.096,11594.46,2850.998119,1763.113,9451.281,18254.585,1.275409259,1,2.189349624,6.570847826,178,423.5919438,0,1623.113,16543.205,1988.227404,767.175,7133.69,19326.473,1.43253697,1,2.386173507,15.05128301,797,799.2382911,0,2426.096,15379.942,3851.919415,1612.969,14050.634,42247.528,1.419975741,1,3.017512169,9.576412586,621,581.9967375,0,2403.514,14372.855,3892.31523,1705.082,15226.895,35554.858,1.492811249,1,3.390733333,14.51442601,182,513.3319835,0,3544.089,9569.404,3099.188725,1626.312,10100.195,26503.318,1.547385658,1,3.09067987,17.71695099
s2-95-user,shortest_estimate+topology_aware+none,1,0.6258120546,0.05212317735,0.3897604055,0.03822407366,0.1354679803,0.01023641781,2000,1600,0,2265.154844,137.865,11552.525,30700.811,5462.123419,1890.061,22530.966,59905.899,2.241770588,1.097155459,6.70068747,17.58542705,2.241770588,4228.031265,370,2677.620778,11661.018,0.8190968956,0.6250525656,0.2110763816,0.9617759263,222.71046,0,0,222.7103355,0.0001245252526,0,0,0,0,0.9897635822,1.326890531,0.8645320197,0.1354679803,812,292101.646,0,0,3541,647,2365.024924,224.169,11624.032,29086.957,4677.22855,2326.409,17532.457,35627.559,2.403741144,1.124909124,7.516066667,18.7840657,468,1492.412126,25.596,6723.69,26943.384,3094.799513,1226.115,11331.627,33605.434,2.140854576,1.045627447,6.284823972,17.58542705,333,3063.547655,169.014,20245.891,34599.873,10335.6198,1985.461,58299.669,92491.669,2.265271577,1.065317745,5.3545092,24.64472542,152,2470.173553,294.948,14459.536,36248.12,5415.151539,2941.243,24714.435,44662.16,1.811559498,1.212357908,4.788104075,8.92127498,788,2256.46474,93.214,11886.791,31863.94,5445.281773,1997.524,21985.488,61233.806,2.159775459,1.069123606,6.223016436,17.24930267,648,2463.37709,162.529,13061.276,32497.622,5579.985764,1738.772,24853.339,59905.899,2.352332497,1.123873217,7.623225665,19.42704563,164,1523.690128,149.934,6704.043,26054.78,5077.345482,1795.48,15199.784,72525.983,2.198892807,1.099233214,5.002335144,21.80150979
s2-95-user,shortest_estimate+topology_aware+none,2,0.4692910179,0.0394572367,0.266766289,0.06144763587,0.09884467266,0.002775183615,2000,1600,0,1986.148156,52.632,7906.971,30851.006,5242.549036,2174.568,18437.228,46106.466,1.788608851,1.036773216,5.072419315,10.08762113,1.788608851,3538.503029,332,3253.49634,10418.104,0.8519965754,0.6018931652,0.2120471397,0.9385523641,382.7068756,0,0,382.7067705,0.0001050101011,0,0,0,0,0.9972248164,1.153564228,0.9011553273,0.09884467266,779,277292.248,0,0,3586,636,2619.567962,151.402,12180.438,39093.68,7232.152201,2851.288,28601.329,63063.226,1.768755936,1.07422714,4.919072997,9.562778384,502,1553.402763,12.383,6091.566,18646.658,4069.066532,2078.017,13449.06,25822.829,1.698699648,1.013287435,4.506729647,8.676270105,311,1552.969717,0,5012.996,20300.345,3320.73709,1525.75,9920.58,23370.277,1.959559148,1,6.591029082,13.09702756,151,1649.073219,315.561,7449.43,16623.265,4721.914066,2204.057,17562.164,29772.752,1.819041509,1.169534667,5.613245848,8.941164798,821,2174.110035,51.482,7607.019,39093.68,5554.341133,2188.041,18325.688,57878.143,1.813656664,1.035996935,4.919072997,9.562778384,635,1845.368069,85.83,8578.135,20510.887,4995.932494,2245.604,18504.467,45762.277,1.812542964,1.047768149,5.645209287,11.3054553,144,1535.305458,11.002,7501.409,20300.345,4552.411486,1734.453,22026.025,36656.138,1.540258743,1.013377414,3.969258868,5.507353076
s2-95-user,shortest_estimate+topology_aware+none,3,0.7481277591,0.05714174205,0.5137930486,0.0377640799,0.1345407503,0.004888138314,2000,1600,0,3846.394277,334.611,15228.861,79260.583,6463.224061,1919.852,24614.948,89745.244,2.338187926,1.250332429,7.345848324,17.32526322,2.338187926,4566.004975,377,5102.81656,25244.578,0.8768930678,0.7532562271,0.2667284038,0.9622359201,176.4630156,0,0,176.4629151,0.0001004848485,0,0,0,0,0.9951118617,1.201561488,0.8654592497,0.1345407503,773,220469.963,0,0,3917,639,5444.888455,568.738,27842.564,115636.678,9223.246421,2914.318,37308.112,136527.597,2.291910907,1.310943264,6.801599208,17.32526322,481,2812.557721,130.523,7638.624,79260.583,4452.523541,1524.235,11762.366,87547.581,2.449894372,1.179226955,7.568528928,19.41524233,318,3485.665651,315.747,14188.604,72664.696,5720.725852,1783.736,23739.84,83292.891,2.414668195,1.274798642,8.536127967,19.5700741,162,1318.920864,263.098,5301.258,13519.757,3004.00858,1454.708,10555.046,16802.215,2.038925512,1.218359637,4.861910951,13.89254364,827,3959.800249,315.78,15329.886,90934.1,6642.793722,1850.573,23707.413,107657.664,2.357602982,1.240469298,7.086663223,19.41524233,629,3421.857219,346.252,13392.633,68912.111,5858.367854,1983.764,22772.678,80015.024,2.275182912,1.286268422,7.474421494,13.89254364,144,5049.498938,341.411,19161.748,110434.716,8073.991035,1954.988,32167.233,114956.287,2.501895576,1.206419297,8.285904003,25.42397034
s2-95-user,shortest_estimate+topology_aware+none,4,0.9605841122,0.05964140783,0.6985084805,0.0450752325,0.1523178808,0.005041110603,2000,1600,0,4289.151999,257.703,20703.839,90254.14,6894.706647,2113.611,29394.676,97311.545,2.377503199,1.194213989,7.667192494,17.07083175,2.377503199,4617.100929,354,4336.84852,20863.052,0.8812864139,0.6970497636,0.2613722397,0.9549247675,216.9077067,0,0,216.9076037,0.000102949495,0,0,0,0,0.9949588894,1.211849247,0.8476821192,0.1523178808,755,273449.99,0,0,3902,615,3487.851169,136.457,18857.737,78679.295,5467.889185,1311.151,27489.192,86102.507,2.503818465,1.168969268,8.231291155,22.58685178,495,6117.262323,576.339,28344.774,102499.612,9762.366729,3154.714,39234.972,111468.203,2.428902685,1.26306119,7.598531306,20.44814528,334,3459.02526,224.14,18877.787,84104.339,5803.446045,2095.432,22613.66,91385.483,2.06611381,1.141362627,6.578056601,14.11635569,156,3424.714372,264.573,14992.659,75466.866,5756.771006,2061.182,17754.539,81955.603,2.383127695,1.170931255,12.63043995,15.9989391,845,4532.468161,308.111,20666.65,102499.612,7259.420251,2239.84,29478.769,107569.099,2.432935067,1.206016233,7.320631576,22.25972595,608,4086.924918,224.451,22481.871,84995.02,6571.018395,1993.093,28721.542,94265.191,2.288913615,1.175687524,8.049156435,16.30447009,147,3726.920082,217.887,21287.701,71002.827,6137.015918,1992.684,30901.013,77159.098,2.425275571,1.216368263,7.606219544,17.07083175
s2-95-user,shortest_estimate+topology_aware+none,5,0.3550319639,0.03187126758,0.1946261041,0.04401601137,0.08090185676,0.003616724084,2000,1600,0,1110.57818,62.935,5768.731,11261.493,3293.424139,1993.98,10223.758,19177.65,1.623743875,1.047265903,4.097206161,8.680238608,1.623743875,3140.61445,334,1522.591763,7490.856,0.8651363518,0.5824422885,0.2379059426,0.9559839886,166.0342089,0,0,166.0341126,9.632323236e-05,0,0,0,0,0.9963832759,1.182275119,0.9190981432,0.08090185676,754,189328.139,0,0,3616,639,1216.192377,50.205,6734.232,13562.521,3349.337834,1821.589,11262.793,22390.468,1.627972162,1.046121141,4.16367642,8.126694043,486,1037.267212,56.632,5483.223,11099.129,2854.942368,1708.632,8811.576,19656.025,1.631829265,1.037572083,4.10361625,8.811669518,322,1013.530022,84.748,5327.549,9723.579,3775.038807,2702.607,10958.091,15021.742,1.520511176,1.041949695,3.679850168,7.066993201,153,1106.598869,127.638,5531.834,8403.247,3439.132412,2056.702,11890.676,20476.011,1.797662531,1.116698944,5.183680413,15.05385,846,1186.294878,72.557,6117.033,12828.007,3410.681203,1908.302,11425.424,23128.148,1.635417771,1.051442634,4.157431653,9.814520893,602,1055.909164,56.374,5512.355,11261.493,3155.045076,1993.98,9485.873,16417.375,1.644551386,1.041069279,4.129395281,7.864858137,152,905.6730526,43.139,5173.168,7247.477,3188.849921,2143.608,9617.164,16116.377,1.476360733,1.030425469,3.755826001,5.384576526
s2-95-user,shortest_estimate+topology_aware+none,6,1.336291283,0.07682087072,1.054168796,0.04697145427,0.1485148515,0.0098153104,2000,1600,0,4338.402184,330.299,31245.635,75198.215,6264.714458,1663.053,36161.694,87462.272,2.779130294,1.315061675,9.875695842,22.97002984,2.779130294,5471.783034,388,5076.237639,37997.555,0.8539667449,0.7751442165,0.239586585,0.9530285457,167.5805667,0,0,167.58046,0.0001066262626,0,0,0,0,0.9901846896,1.31615499,0.8514851485,0.1485148515,808,178324.227,0,0,3906,647,4527.976957,327.378,33642.072,83704.709,6591.319872,1834.547,36957.074,87462.272,2.809026066,1.313340296,11.15908502,22.09876029,472,4427.001936,299.791,32077.979,86625.466,6219.633892,1640.479,37481.087,99935.141,2.934601014,1.296528909,11.12318571,30.502713,318,2082.362808,289.349,6153.708,46010.887,3340.323025,1390.855,8675.708,49490.021,2.336073655,1.311336952,7.227315002,14.80056158,163,7730.712374,603.804,52648.849,95862.967,10804.10587,2125.277,65920.914,122444.163,3.074634998,1.439306556,12.28533691,19.16880923,792,4750.599139,357.714,32077.979,102672.034,6766.433485,1713.094,37481.087,108089.955,2.986807458,1.332585635,11.71769355,30.502713,644,4023.153446,296.094,33621.404,58966.422,5825.229444,1615.854,35288.997,65747.241,2.638500627,1.295639489,8.993683333,23.27632883,164,3585.720476,330.299,22420.678,54686.381,5567.561287,1820.564,27274.623,69164.95,2.328430242,1.33464584,7.309493737,15.66733866
s2-95-user,shortest_estimate+topology_aware+none,7,0.9303981899,0.07618761828,0.6334309312,0.0414852188,0.1786600496,0.0006343719893,2000,1600,0,3615.935464,274.391,18774.936,44612.02,7435.012885,2510.523,33644.917,73788.934,2.715179827,1.14388023,9.794288168,19.09649112,2.715179827,4986.31767,369,4106.071203,18550.118,0.8203840556,0.7227199313,0.2238341773,0.9585147812,290.1110978,0,0,290.1109756,0.0001222222223,0,0,0,0,0.999365628,1.073544221,0.8213399504,0.1786600496,806,361376.605,0,0,3651,632,3622.933479,229.417,18211.374,45516.547,6962.005358,2549.072,31092.45,56763.469,2.730781956,1.124575524,10.11827658,20.03283593,504,4845.845103,528.738,28631.93,48333.061,10507.57544,3061.38,46232.378,103730.551,2.714493841,1.193948291,8.934871557,18.22696698,308,1882.536536,91.837,8305.062,27422.076,4382.181753,1694.385,19166.02,34865.713,2.629652785,1.126287131,10.15115598,24.74135256,156,3036.382038,233.511,18306.632,38935.516,5451.943782,2346.192,26213.428,46490.501,2.823048551,1.115423111,10.57851289,17.95433802,794,3901.494829,269.474,22325.337,47997.329,7878.715292,2696.995,36216.881,87804.143,2.743243918,1.151961078,9.56821287,18.17725122,644,3126.039807,304.458,15449.187,36220.732,6844.991216,2280.608,26385.123,66469.923,2.669235707,1.14388023,10.11827658,20.03283593,162,4163.828469,224.063,23737.568,45516.547,7605.841549,2343.158,39776.649,62897.519,2.760273193,1.111211739,11.1138845,20.9491117
s2-95-user,shortest_estimate+topology_aware+none,8,0.2970090385,0.04010466169,0.1370635173,0.04182999746,0.0775,0.00051086206,2000,1600,0,1179.325135,64.296,4062.572,24201.019,2708.366948,1025.787,9528.017,32298.949,1.866824619,1.077947772,5.155648941,11.45967688,1.866824619,3626.666774,390,1123.913582,4485.344,0.8352668176,0.6203286835,0.2028181358,0.9581700025,112.50298,0,0,112.5028756,0.0001044444445,0,0,0,0,0.9994891379,1.0553001,0.9225,0.0775,800,154866.377,0,0,3694,674,919.0040668,11.071,3168.751,14864.957,2129.472365,860.032,7588.464,19922.289,1.891486949,1.018974097,5.311016648,12.72447109,490,1122.57911,63.085,4264.256,16575.022,2496.08189,1006.253,8207.097,32298.949,1.882376774,1.05586392,5.57926179,10.79707092,303,1722.188426,132.919,5593.02,26899.888,3945.713488,1559.21,11628.162,37020.776,1.819496768,1.111929725,4.572323326,11.85566449,133,1470.861789,256.549,5660.957,32072.996,3605.198714,1381.468,16083.322,36658.717,1.792368776,1.307709539,4.0661,7.994101037,800,1237.525979,57.667,4062.572,31892.855,2788.267562,956.632,8549.947,34652.918,1.902774969,1.082623605,5.644261064,12.55511849,629,1088.884124,72.354,3897.328,19641.801,2616.879455,1137.151,10343.336,30323.361,1.843220894,1.077734675,4.977211995,11.33674007,171,1239.715316,72.473,6542.307,37715.098,2671.08707,982.651,10107.445,41473.748,1.785458911,1.066007914,4.577662816,11.03421388
s2-95-user,shortest_estimate+topology_aware+none,9,0.4549949066,0.04260155101,0.2667774901,0.03789278756,0.1057934509,0.001929627063,2000,1600,0,2048.859628,288.548,7907.303,28836.743,4472.509303,1927.993,15501.873,47059.644,1.969246882,1.220667137,5.476636183,10.36699137,1.969246882,3836.447286,346,2561.14074,8773.042,0.850434273,0.7108290585,0.2329509918,0.9621072124,172.14322,0,0,172.1431265,9.353535356e-05,0,0,0,0,0.9980703729,1.132748415,0.8942065491,0.1057934509,794,220326.754,0,0,3872,645,2007.234284,329.98,7273.83,29660.899,4416.121898,2000.999,13820.624,53777.778,1.962110599,1.252561652,5.476636183,9.776662669,474,2184.779698,316.001,8875.706,28435.312,4568.737243,1984.503,16795.425,35315.49,2.076274562,1.214168305,5.557507417,12.39169784,330,2161.469491,253.045,10805.639,34313.191,4921.219718,1965.084,20920.196,52092.457,1.832952962,1.208300583,5.192193997,9.648005181,151,1553.899219,75.799,6997.506,14320.083,3430.67749,1293.451,14700.93,22121.067,1.961622883,1.083341213,4.923321075,13.99764346,806,2263.42465,394.632,8057.334,38442.784,4750.95032,1956.339,15622.083,52092.457,2.015691181,1.269980052,5.688509503,9.620780893,627,1865.913735,228.48,7273.83,21913.672,4305.84577,1875.887,14944.835,34239.895,1.950763939,1.172201776,5.192193997,11.40357041,167,1700.163018,220.106,8866.143,16028.783,3754.392988,1825.38,16149.561,29836.002,1.814484612,1.199701757,4.702764575,10.8785211
s2-95-user,shortest_estimate+topology_aware+none,10,2.316190294,0.09848959342,1.925613518,0.05205619532,0.2184655397,0.02156544733,2000,1600,0,9126.423455,144.938,57075.316,150864.492,11980.02629,1877.43,66654.483,161369.609,3.173306257,1.120253151,12.66131533,31.68304547,3.173306257,5957.294099,352,10767.21172,69308.102,0.8887761038,0.6806095417,0.2288299178,0.9479438047,325.2126667,0,0,325.2125594,0.0001072323232,0,0,0,0,0.9784345527,1.519172331,0.7815344603,0.2184655397,769,287730.218,0,0,3952,626,9599.656906,228.363,59980.912,157567.69,12387.9601,2047.835,67237.181,165780.361,3.559551989,1.173336007,14.08236107,39.17663914,484,11863.54101,240.28,72870.974,177298.529,15685.95687,2000.958,89688.421,200064.033,2.904869852,1.199537094,11.18258954,22.33781944,343,7030.424198,85.72,41094.845,114218.892,9251.342679,1886.657,46656.123,117988.538,3.202973063,1.070845406,14.89817769,31.29963344,147,2989.81602,0,8418.596,89157.24,4407.927694,1300.907,11401.328,93511.936,2.343086375,1,6.084325664,30.41495708,831,8350.700645,130.37,49275.854,150864.492,11113.7698,1866.331,60581.369,160906.359,2.99580116,1.112416998,12.21794815,31.68304547,627,9914.592573,173.406,64771.013,153433.18,12871.34548,1931.788,78190.427,168382.169,3.358773867,1.144535822,13.02817204,33.1104119,142,10185.88556,197.476,72662.569,138403.396,13113.84319,1811.064,87784.273,145638.1,3.393155158,1.110476443,17.18171002,26.3794095
s2-95-user,shortest_estimate+topology_aware+none,11,0.8345739312,0.04466102915,0.6133097224,0.03705986175,0.1294697904,0.0100735275,2000,1600,0,3310.087873,145.547,18178.542,66638.834,6109.753319,1932.42,26307.827,75220.306,1.991447611,1.090847017,5.741392095,15.93440651,1.991447611,3795.136689,333,3727.660012,15748.52,0.8567604468,0.6404223338,0.2139515022,0.9629401382,174.1095333,0,0,174.1094195,0.0001138585859,0,0,0,0,0.9899264725,1.298755855,0.8705302096,0.1294697904,811,238464.497,0,0,3779,640,4109.159847,245.569,26675.134,70453.56,7401.750077,2123.163,36283.882,82966.732,1.986830374,1.138819149,5.640759259,13.2898195,470,2820.509726,115.228,18428.071,55436.07,4964.56627,1767.024,23705.15,58560.671,1.965626813,1.070782672,5.741392095,15.93440651,327,1734.693367,36.967,9242.902,23117.677,4275.01481,1708.317,20793.483,43963.432,1.839438052,1.022853738,5.008012443,12.38468134,163,4744.748417,370.852,23337.505,91666.307,8019.688785,2374.139,33719.134,97028.503,2.38898094,1.18401807,6.172632884,24.08832497,789,3424.244266,160.947,19155.995,61225.629,6313.301816,2076.29,29897.593,75220.306,1.970481463,1.100000527,5.793363844,16.13616263,653,2881.476542,120.923,12786.009,72790.238,5405.690868,1786.252,20206.869,82179.303,1.934093659,1.081660356,5.423440098,15.73980501,158,4511.441063,208.09,28882.168,78110.294,8003.126842,2207.48,46196.811,80125.723,2.333184455,1.080304566,7.361365259,30.80299674
s2-95-user,shortest_estimate+topology_aware+none,12,0.4771803181,0.04008464057,0.2822497892,0.03506375719,0.1178614824,0.001920648807,2000,1600,0,1822.836603,206.824,8365.903,22999.749,4337.378359,1887.778,16249.436,37619.722,1.914089885,1.127527077,5.153075129,10.96669605,1.914089885,3665.165905,349,2588.424504,9664.561,0.8494604861,0.739004329,0.2516421443,0.9649362428,142.6111689,0,0,142.611054,0.0001148686869,0,0,0,0,0.9980793512,1.112507458,0.8821385176,0.1178614824,823,221824.594,0,0,3891,597,1050.564911,28.748,5609.202,10794.23,2536.018817,1240.425,9718.214,17112.17,2.033151234,1.019524227,5.918324883,13.13396736,519,2536.23883,366.832,11943.57,35948.089,6247.75368,2590.96,26440.885,61142.838,1.850862565,1.179377196,5.076433008,9.839267662,324,2366.373012,509.284,10129.636,26234.803,5168.759154,2914.864,17734.391,29147.904,1.82753942,1.275080786,4.366673389,9.144876359,160,1289.615644,97.909,5833.992,14672.733,3178.375088,1828.532,8881.318,23130.318,1.850200541,1.093383771,4.840132691,9.62871507,777,1931.488656,221.541,9510.96,25465.901,4428.678203,1887.778,17656.027,38819.895,1.937384767,1.124346539,5.153075129,11.23723002,660,1772.381808,176.758,7294.979,24295.612,4267.569383,1929.56,15781.652,37619.722,1.825713492,1.123049838,4.698025552,10.31929814,163,1509.201748,314.485,7203.411,13697.802,4184.825871,1703.541,14641.269,38655.022,2.16088925,1.280623745,7.591690858,11.44965161
s2-95-user,shortest_estimate+topology_aware+none,13,0.4618834261,0.03921742607,0.2563329122,0.0409801205,0.1131611316,0.01219183567,2000,1600,0,2452.072033,190.384,7597.725,60486.239,4561.993727,1821.601,15202.049,66165.106,1.983968403,1.137384688,5.041590494,15.47886388,1.983968403,3844.386833,351,2360.547954,6587.015,0.8871481342,0.696090549,0.2409586661,0.9590198795,157.1160022,0,0,157.115929,7.325252529e-05,0,0,0,0,0.9878081643,1.33491042,0.8868388684,0.1131611316,813,178429.466,0,0,3812,628,2345.628381,216.371,7632.023,62841.159,4472.824803,2030.511,13723.445,65797.023,1.988915458,1.142660614,4.933811617,15.47886388,479,2116.799403,163.412,5866.943,60486.239,4060.62118,1474.912,12416.376,63878.879,1.825727745,1.154122606,4.265359366,14.36434418,328,1867.169768,95.795,6138.588,40008.133,3708.354274,1556.89,10681.029,47497.042,1.977596811,1.086446578,6.044106351,14.30816667,165,4993.22443,576.936,23475.206,79952.586,8053.807521,2597.705,34149.585,83753.33,2.43718299,1.269178378,8.047796012,22.03603558,787,2329.378255,186.144,7632.023,56156.459,4436.185145,1840.502,13043.459,71500.771,1.875659697,1.121269922,4.518029085,13.5760706,643,2390.335608,202.606,6810.216,60486.239,4459.556162,1739.744,13894.677,63878.879,2.040484532,1.164510189,4.932512275,18.05849916,170,3253.580994,191.447,11091.032,95502.601,5531.868488,1783.814,19944.142,99976.57,2.271610054,1.160889571,7.494207122,22.03603558
s2-95-user,shortest_estimate+topology_aware+none,14,0.6510165364,0.05391965955,0.4113457134,0.04846363566,0.134591195,0.002696332755,2000,1600,0,2390.382117,269.142,12192.315,32515.393,4381.448461,1569.915,18675.023,41860.519,2.323041343,1.270738097,6.931633978,16.37277918,2.323041343,4265.312747,378,2922.545206,12038.358,0.873156404,0.7170977306,0.2613029475,0.9515363643,186.6744667,0,0,186.6743488,0.0001178989899,0,0,0,0,0.9973036672,1.158657033,0.865408805,0.134591195,795,169083.377,0,0,3824,594,1552.086855,217.231,9314.047,21698.289,2961.483069,1097.229,14386.306,26745.657,2.443640302,1.265889184,7.446888246,16.5156,514,3067.844132,388.837,16790.772,40970.408,5434.721625,2227.798,23405.788,50328.646,2.28260975,1.274758258,7.113654292,16.37277918,336,2022.28986,182.262,10560.05,34665.332,3628.369432,1356.559,14332.791,39928.837,2.271053589,1.20541772,6.795028834,17.53925208,156,4143.016147,449.398,26161.585,39121.98,7939.85609,2187.446,40412.655,58932.341,2.109028154,1.358781206,6.324828328,13.24465945,805,2329.198831,320.008,11593.434,32031.086,4336.6878,1609.554,17391.024,39928.837,2.361645288,1.274758258,6.916385816,16.5156,635,2419.41091,209.923,12747.276,32028.319,4318.870786,1462.492,21037.655,40535.895,2.305709533,1.250011038,7.113654292,16.963803,160,2583.002506,370.684,12902.81,38041.285,4855.005681,1733.075,21733.724,55297.896,2.197600871,1.322902092,7.314219274,12.60996667
s2-95-user,shortest_estimate+topology_aware+none,15,1.116479456,0.05899455168,0.8351318166,0.0594565477,0.1554726368,0.007423902886,2000,1600,0,5430.468916,275.421,24753.364,132382.974,8528.988662,2194.286,34313.881,148517.253,2.291607809,1.13944726,7.584035995,18.9824682,2.291607809,4230.978014,357,6862.815473,48215.007,0.8714036191,0.7098827491,0.2486637092,0.9405434523,352.6819778,0,0,352.6818789,9.890909104e-05,0,0,0,0,0.9925760971,1.240850718,0.8445273632,0.1554726368,804,295897.966,0,0,3909,654,4190.935219,223.288,19420.687,120922.65,6781.392898,2049.098,23902.837,135061.717,2.262117276,1.111571249,7.793733333,18.71465835,498,8826.987753,361.719,63709.597,140210.075,13047.59229,3370.61,69099.151,157241.236,2.530084079,1.179147154,9.85910423,22.82284206,299,2486.184301,69.031,9392.849,59620.287,4461.086204,1284.818,16627.823,72752.643,2.084803311,1.044651468,6.665735035,16.58583333,149,5427.312919,479.946,20574.86,129566.558,9260.303161,2670.497,36264.566,156761.871,2.038991509,1.258108476,5.655364792,11.69418326,796,6113.586413,282.517,31946.991,140210.075,9465.70526,2274.568,42579.32,155488.943,2.263077004,1.164917657,7.403289885,16.58583333,652,4986.236247,279.574,21423.484,127093.126,7989.44988,2194.286,30008.578,145532.238,2.32001855,1.127202685,8.253562798,20.72023652,152,3758.614783,135.301,12686.362,80931.279,5937.889151,1804.386,20539.027,105864.326,2.319152006,1.094517296,7.200925445,23.13685648
s2-95-user,shortest_estimate+topology_aware+none,16,1.182334851,0.0856353932,0.8793461211,0.04786215261,0.1604477612,0.00904342309,2000,1600,0,4464.963304,158.052,26063.879,71020.231,6118.692642,1182.798,29732.527,79175.376,3.055697768,1.229418027,11.0088455,28.3913709,3.055697768,5720.765041,364,5687.598799,35558.305,0.8757905827,0.6968803376,0.2276586916,0.9521378474,171.4784156,0,0,171.478316,9.959595962e-05,0,0,0,0,0.9909565769,1.272818772,0.8395522388,0.1604477612,804,151222.623,0,0,3877,625,3704.579744,125.003,20401.596,72573.468,5123.490262,968.877,26059.221,79169.373,2.842253226,1.190958764,10.2534516,21.98031365,493,5835.287645,211.904,39370.077,76306.924,7821.250653,1381.461,47625.855,80136.228,3.220770969,1.288985221,11.298434,34.06119614,322,3412.912599,101.659,23473.65,55030.284,4836.555385,1126.033,24739.799,59207.125,2.938013515,1.123852662,10.15516581,23.03748463,160,5330.151756,263.862,31019.931,83676.247,7340.496294,1649.353,36375.081,89867.486,3.617673261,1.25000219,14.56064957,41.74767246,796,4810.581446,171.179,29959.986,79631.64,6516.62974,1166.79,36203.434,88117.013,3.030138639,1.25000219,10.50678333,27.60212686,633,4127.86412,145.428,23493.394,65654.7,5740.328867,1204.705,28495.789,72029.912,3.089140078,1.18943909,11.34016409,31.45590808,171,4103.979345,155.944,18868.853,79120.816,5666.916848,1143.739,20930.714,82705.399,3.050879547,1.234393703,11.32872076,39.99992607
s2-95-user,shortest_estimate+topology_aware+none,17,1.061952749,0.05163418984,0.822175976,0.05688573438,0.1221079692,0.009148879332,2000,1600,0,5040.907298,229.141,24369.352,107812.772,7847.148743,2151.541,31482.843,124914.894,2.279617042,1.149091148,6.637825753,19.67197142,2.279617042,4272.371767,372,5404.120081,24714.942,0.8747484629,0.6901633836,0.2501040307,0.9431142656,320.1099622,0,0,320.1098309,0.0001312727273,0,0,0,0,0.9908511207,1.312314548,0.8778920308,0.1221079692,778,276003.605,0,0,3827,628,5310.82282,266.334,24714.942,108688.438,8324.045314,2445.031,28522.371,127881.413,2.317314242,1.153143777,7.577177961,16.99444628,486,6528.92273,334.198,43417.783,127507.107,9809.798103,2652.873,57157.169,153807.183,2.501999696,1.156852307,7.107437698,29.25971742,340,2326.117753,105.039,5012.256,63482.898,4202.3765,1267.688,9690.5,75619.083,1.906554872,1.111853934,4.804829331,12.1915747,146,5248.756596,136.663,24450.818,101993.707,7750.463315,2103.857,40909.896,107258.994,2.245982289,1.119529014,7.197880553,19.67197142,822,4724.681504,212.099,23727.612,101993.707,7499.613327,2217.642,31060.314,110951.337,2.218187931,1.123131437,6.527046304,18.32463972,617,5091.509465,313.19,24369.352,107812.772,7956.07865,2134.426,35745.372,132257.749,2.262333757,1.192764405,6.33651253,20.55130414,161,6461.503981,105.368,63482.898,116745.922,9204.07023,1843.168,74485.392,129021.667,2.659483605,1.090741052,10.51029221,33.24549089
s2-95-user,shortest_estimate+topology_aware+none,18,1.073908381,0.06969801428,0.7497405151,0.03131568387,0.2118537201,0.01130044794,2000,1600,0,4269.440791,633.826,22222.36,58659.061,8249.813227,3065.192,32798.37,75824.217,2.743817435,1.315653004,8.960018071,20.54941195,2.743817435,5246.556862,356,4674.419278,23158.87,0.8368613083,0.7808277064,0.2520648234,0.9686843161,207.0444356,0,0,207.0443444,9.119191922e-05,0,0,0,0,0.9886995521,1.319948188,0.7881462799,0.2118537201,793,363225.531,0,0,3836,654,6429.840656,1295.477,29602.811,66821.597,12862.896,5394.962,60499.805,92954.601,2.57486465,1.396379979,8.323150513,16.83063458,489,2924.111278,406.437,14982.111,29581.299,5501.091041,2251.429,26265.206,47752.141,3.160290554,1.257613964,11.06396037,34.83942147,318,1721.999113,180.51,9121.592,14047.225,3137.51139,1609.867,11482.219,22397.32,2.603657542,1.173011625,8.932218764,16.6645077,139,4665.491683,577.585,18222.948,63507.284,7910.82764,2599.591,32223.261,70635.931,2.394253489,1.242796103,8.837018558,11.41105469,807,4157.213493,729.537,19722.257,54893.619,7756.688648,3018.229,30860.271,74994.883,2.976607588,1.363768824,10.42968672,23.79052618,633,4317.662379,445.784,24032.67,55846.111,8845.409126,2919.022,36915.664,77721.605,2.508124041,1.269634771,7.699934318,17.80104598,160,4644.710569,742.579,23053.594,63507.284,8380.68405,3594.857,32798.37,70635.931,2.502144086,1.308817279,8.767370331,10.74963368
s2-95-user,shortest_estimate+topology_aware+none,19,0.3421180327,0.04749808147,0.1957835913,0.02370646585,0.06738868833,0.007741205739,2000,1600,0,1153.157543,19.685,5803.039,16126.037,3737.781249,1587.993,12864.03,32762.995,1.993037241,1.013119544,6.106108943,12.78381667,1.993037241,3733.362779,338,1758.580778,7579.847,0.8377783755,0.5658266195,0.1849484324,0.9762935341,110.78,0,0,110.7799531,4.690909093e-05,0,0,0,0,0.9922587943,1.245931855,0.9326113117,0.06738868833,831,255852.609,0,0,3494,656,1446.240393,29.902,7827.38,19297.81,5183.809549,2358.772,19719.75,50254.825,1.836774892,1.015923935,4.987881278,11.43004887,468,986.6602949,47.066,4872.333,11135.475,2624.198904,978.995,10116.778,24495.651,2.288496349,1.024142218,7.570297784,14.71662744,316,869.3704304,0,4550.378,6471.159,2946.573231,1483.5,10150.253,22656.691,1.8777177,1,4.80637347,14.62150739,160,999.0018562,0,4724.393,11128.804,2628.929419,1256.76,9092.488,16426.456,1.997251075,1,4.989855117,11.6163556,769,1251.457346,59.27,6159.429,17063.268,3771.098599,1723.443,12804.552,35526.333,2.008933797,1.031178563,6.333311317,11.96191537,662,1115.823115,0,5019.107,17520.313,3763.977012,1491.637,13797.718,34914.854,2.036443744,1,6.426390756,14.71662744,169,852.1092781,7.82,4724.393,8932.111,3483.564462,1226.892,12782.402,27094.338,1.750673004,1.006714261,4.574720837,9.717173731
s2-95-user,shortest_estimate+topology_aware+none,20,0.5041826278,0.04331512751,0.3034051386,0.03702693783,0.1145703611,0.005865062676,2000,1600,0,2292.289414,52.354,8992.949,46334.574,5387.607484,2006.188,19510.608,60097.424,1.881683085,1.042738681,5.568369906,10.49953433,1.881683085,3606.152889,353,2966.259425,9013.879,0.8422460789,0.6672400992,0.2233469133,0.9629730622,202.3711422,0,0,202.3710435,9.874747478e-05,0,0,0,0,0.9941349373,1.21819309,0.8854296389,0.1145703611,803,261618.77,0,0,3601,645,3946.625112,412.734,16649.427,85115.212,9076.409876,3997.435,33337.879,105377.839,1.964378108,1.128381172,5.716233029,10.49953433,467,1230.43951,0,4274.849,19171.288,2543.240807,1202.73,8056.077,22650.489,1.92816326,1,6.1278,13.45668333,310,1118.294445,4.459,5957.887,10231.264,3544.792448,2130.714,10957.336,19224.503,1.612534273,1.008590744,4.23353529,7.43529333,178,1128.108629,0,8543.252,15567.857,2692.74432,1037.522,10604.932,28703.469,1.928826905,1,6.657803294,12.60725539,797,2645.892961,132.042,9882.157,76286.799,5685.894174,1912.993,19962.534,90685.548,1.950999482,1.072391913,6.295303478,10.05952131,621,2128.699488,0.971,7274.437,46334.574,5444.878976,1986.652,20148.822,55265.769,1.759824753,1.005625882,4.653926244,11.67787429,182,1301.999945,128.071,6081.984,13271.235,3885.958648,2198.203,12638.09,27147.759,1.993929546,1.060825783,5.692403053,15.71989693
